L_markov,T_markov,activity_late_markov,alpha_async,autocorr_late_markov,bias_mean_late_markov,block_fraction_markov,coherence_late_markov,config_id_markov,corr_A_late_markov,corr_B_late_markov,dephase_markov,diagonal_ablation,entropy_late_markov,eta_intrinsic_markov,eta_weight,formalism_markov,gamma,geometry,imprint_duration_markov,imprint_start_markov,imprint_strength_markov,interface_density_late_markov,intrinsic_bias_limit_markov,intrinsic_enabled,intrinsic_target_activity_markov,lesion_fraction_markov,lesion_time_markov,memory_mean_late_markov,memory_strength,metric_stride_markov,neighbor_pattern_entropy_late_markov,orientation_anisotropy_late_markov,p0_markov,plasticity,profile_markov,repair_reference_corr_markov,save_dense_markov,schedule,second_imprint_duration_markov,second_imprint_start_markov,second_lesion_time_markov,seed,sensitivity_point_markov,sequential_events_per_sweep_markov,sigma_birth,sigma_survive,snapshot_every_markov,spectral_peak_fraction_late_markov,structural_additions_total_markov,structural_enabled,structural_interval_markov,structural_link_fraction_late_markov,structural_min_degree_markov,structural_removals_total_markov,structural_rewire_probability_markov,structural_swap_tolerance_markov,structural_target_fraction_markov,structural_utility_tau_markov,task,tau_memory_markov,theta_input_markov,theta_memory_markov,theta_phase_markov,weight_decay_markov,weight_sum_markov,L_ql,T_ql,activity_late_ql,autocorr_late_ql,bias_mean_late_ql,block_fraction_ql,coherence_late_ql,config_id_ql,corr_A_late_ql,corr_B_late_ql,dephase_ql,entropy_late_ql,eta_intrinsic_ql,formalism_ql,imprint_duration_ql,imprint_start_ql,imprint_strength_ql,interface_density_late_ql,intrinsic_bias_limit_ql,intrinsic_target_activity_ql,lesion_fraction_ql,lesion_time_ql,memory_mean_late_ql,metric_stride_ql,neighbor_pattern_entropy_late_ql,orientation_anisotropy_late_ql,p0_ql,profile_ql,repair_reference_corr_ql,save_dense_ql,second_imprint_duration_ql,second_imprint_start_ql,second_lesion_time_ql,sensitivity_point_ql,sequential_events_per_sweep_ql,snapshot_every_ql,spectral_peak_fraction_late_ql,structural_additions_total_ql,structural_interval_ql,structural_link_fraction_late_ql,structural_min_degree_ql,structural_removals_total_ql,structural_rewire_probability_ql,structural_swap_tolerance_ql,structural_target_fraction_ql,structural_utility_tau_ql,tau_memory_ql,theta_input_ql,theta_memory_ql,theta_phase_ql,weight_decay_ql,weight_sum_ql,d_activity_late,d_entropy_late,d_repair_reference_corr,d_neighbor_pattern_entropy_late,divergence_score
44,220,0.4605641897712551,0.5,-0.0814619043851963,0.0,0.125,0.0,extended_hex_r2__markov__plastic__intr0__struct0__alpha_async__baseline__s1__e303731955,-0.0232930842915765,-0.0150112758340845,0.25,False,0.917948135258368,0.002,0.006,markov,0.58,extended_hex_r2,30,70,0.9,0.1854226848404738,0.3,0,0.42,0.08,140,0.439491381863146,0.2,10,0.637630081847345,3.905841109848796e-18,0.2,plastic,calibration,,False,alpha_async,30,130,180,1,-1,1.0,0.6,0.6,60,0.0123830505326821,0,0,40,1.0,2,0,0.25,0.01,0.75,50.0,baseline,30.0,0.45,0.2,0.1,0.002,8.0,44,220,0.4305049839488162,-0.0895526572972787,0.0,0.125,0.137297894783388,extended_hex_r2__ql__plastic__intr0__struct0__alpha_async__baseline__s1__d5a7a4e4b4,0.0005336712512227,-0.001216992158759,0.25,0.9000592164852211,0.002,ql,30,70,0.9,0.1937449810300532,0.3,0.42,0.08,140,0.4411032414390476,10,0.2625280758560575,3.821788883595035e-18,0.2,calibration,,False,30,130,180,-1,1.0,60,0.0122494032373322,0,40,1.0,2,0,0.25,0.01,0.75,50.0,30.0,0.45,0.2,0.1,0.002,8.0,0.030059205822438873,0.01788891877314691,0.0,0.37510200599128757,0.42305013058687335
44,220,0.4608193547464804,0.5,-0.0800671711754477,0.0,0.125,0.0,extended_hex_r2__markov__plastic__intr0__struct0__alpha_async__baseline__s1__572bb73b1e,-0.02185204105136,-0.0121078207370523,0.25,False,0.918315600884698,0.002,0.01,markov,0.58,extended_hex_r2,30,70,0.9,0.1846997197794493,0.3,0,0.42,0.08,140,0.4389519901659642,0.2,10,0.6357680098121024,4.922748491677015e-18,0.2,plastic,calibration,,False,alpha_async,30,130,180,1,-1,1.0,0.6,0.6,60,0.010534124039059,0,0,40,1.0,2,0,0.25,0.01,0.75,50.0,baseline,30.0,0.45,0.2,0.1,0.002,8.0,44,220,0.4298725548117358,-0.0876265440903686,0.0,0.125,0.1370083754297164,extended_hex_r2__ql__plastic__intr0__struct0__alpha_async__baseline__s1__4e847abec2,0.0020752699495623,-0.0006293326735371,0.25,0.9004926602434831,0.002,ql,30,70,0.9,0.1926960324034912,0.3,0.42,0.08,140,0.4404562404273041,10,0.2624501696780372,4.417885064965541e-18,0.2,calibration,,False,30,130,180,-1,1.0,60,0.0112637819840075,0,40,1.0,2,0,0.25,0.01,0.75,50.0,30.0,0.45,0.2,0.1,0.002,8.0,0.030946799934744584,0.017822940641214924,0.0,0.37331784013406516,0.42208758071002467
44,220,0.4602706583781294,0.5,-0.0792753901768199,0.0,0.125,0.0,extended_hex_r2__markov__plastic__intr0__struct0__alpha_async__baseline__s1__d5c2e1d5f2,-0.0190199383562514,-0.0105104643408333,0.25,False,0.9180360989142344,0.002,0.016,markov,0.58,extended_hex_r2,30,70,0.9,0.1844542365963291,0.3,0,0.42,0.08,140,0.4381746266412777,0.2,10,0.632633456316514,3.7748063454679065e-18,0.2,plastic,calibration,,False,alpha_async,30,130,180,1,-1,1.0,0.6,0.6,60,0.0089431994417926,0,0,40,1.0,2,0,0.25,0.01,0.75,50.0,baseline,30.0,0.45,0.2,0.1,0.002,8.0,44,220,0.4288949412643377,-0.0858505074487147,0.0,0.125,0.1368652733135358,extended_hex_r2__ql__plastic__intr0__struct0__alpha_async__baseline__s1__627a0d53fa,0.0045405663994248,0.0002852542012112,0.25,0.9008004101163908,0.002,ql,30,70,0.9,0.1917308038166771,0.3,0.42,0.08,140,0.4394999794860841,10,0.2612142527749267,4.443808866551779e-18,0.2,calibration,,False,30,130,180,-1,1.0,60,0.0110379228058574,0,40,1.0,2,0,0.25,0.01,0.75,50.0,30.0,0.45,0.2,0.1,0.002,8.0,0.03137571711379172,0.01723568879784365,0.0,0.3714192035415873,0.4200306094532227
44,220,0.4602251911833255,0.5,-0.0817333885947915,0.0,0.125,0.0,extended_hex_r2__markov__plastic__intr0__struct0__alpha_async__baseline__s1__0188cdcc5b,-0.0219508875346029,-0.0146010991124926,0.25,False,0.9176612830212264,0.002,0.006,markov,0.58,extended_hex_r2,30,70,0.9,0.1856565257527715,0.3,0,0.42,0.08,140,0.4392390317686704,0.3,10,0.6339476908288733,4.0152292961596566e-18,0.2,plastic,calibration,,False,alpha_async,30,130,180,1,-1,1.0,0.6,0.6,60,0.0117881739705413,0,0,40,1.0,2,0,0.25,0.01,0.75,50.0,baseline,30.0,0.45,0.2,0.1,0.002,8.0,44,220,0.4303292363922022,-0.0896649441196985,0.0,0.125,0.1377305587372814,extended_hex_r2__ql__plastic__intr0__struct0__alpha_async__baseline__s1__f575d65dfe,-0.0006741610633409,-0.0008488408678694,0.25,0.8997508289928937,0.002,ql,30,70,0.9,0.1941027801855491,0.3,0.42,0.08,140,0.440899842423043,10,0.2630704479759134,3.860600180686143e-18,0.2,calibration,,False,30,130,180,-1,1.0,60,0.0125573692047899,0,40,1.0,2,0,0.25,0.01,0.75,50.0,30.0,0.45,0.2,0.1,0.002,8.0,0.02989595479112328,0.01791045402833269,0.0,0.37087724285295987,0.41868365167241584
44,220,0.4602604437974367,0.5,-0.0797978050284386,0.0,0.125,0.0,extended_hex_r2__markov__plastic__intr0__struct0__alpha_async__baseline__s1__c14dbe339f,-0.0240683210803741,-0.0139874739773189,0.25,False,0.9180607591009684,0.002,0.01,markov,0.58,extended_hex_r2,30,70,0.9,0.1849821469498074,0.3,0,0.42,0.08,140,0.4387190887792054,0.3,10,0.6314637713540399,4.651125456280172e-18,0.2,plastic,calibration,,False,alpha_async,30,130,180,1,-1,1.0,0.6,0.6,60,0.0108326474643659,0,0,40,1.0,2,0,0.25,0.01,0.75,50.0,baseline,30.0,0.45,0.2,0.1,0.002,8.0,44,220,0.4295868515434729,-0.0879906441204527,0.0,0.125,0.1374958622605044,extended_hex_r2__ql__plastic__intr0__struct0__alpha_async__baseline__s1__1a3960272e,0.0013063399247285,8.634807267562461e-05,0.25,0.9000311552660835,0.002,ql,30,70,0.9,0.1932653223384323,0.3,0.42,0.08,140,0.4402041883449545,10,0.2619842540070939,3.767467944412002e-18,0.2,calibration,,False,30,130,180,-1,1.0,60,0.011883249751566,0,40,1.0,2,0,0.25,0.01,0.75,50.0,30.0,0.45,0.2,0.1,0.002,8.0,0.030673592253963766,0.018029603834884944,0.0,0.36947951734694595,0.41818271343579466
44,220,0.4600066758259927,0.5,-0.0794014134118776,0.0,0.125,0.0,extended_hex_r2__markov__plastic__intr0__struct0__alpha_async__baseline__s1__62a55591a9,-0.0216267937782971,-0.011583277649338,0.25,False,0.9180780678673522,0.002,0.016,markov,0.58,extended_hex_r2,30,70,0.9,0.1844495151726686,0.3,0,0.42,0.08,140,0.4379368628613301,0.3,10,0.6266664203685536,3.713557202928421e-18,0.2,plastic,calibration,,False,alpha_async,30,130,180,1,-1,1.0,0.6,0.6,60,0.0091546264781767,0,0,40,1.0,2,0,0.25,0.01,0.75,50.0,baseline,30.0,0.45,0.2,0.1,0.002,8.0,44,220,0.4286790679877722,-0.0862825179812322,0.0,0.125,0.1372872907193914,extended_hex_r2__ql__plastic__intr0__struct0__alpha_async__baseline__s1__33f52ee070,0.0032591485249737,0.0008710538411993,0.25,0.9004507873885967,0.002,ql,30,70,0.9,0.1921063215970909,0.3,0.42,0.08,140,0.4392861985649903,10,0.2618216800740432,3.9261384451889166e-18,0.2,calibration,,False,30,130,180,-1,1.0,60,0.0116372785902683,0,40,1.0,2,0,0.25,0.01,0.75,50.0,30.0,0.45,0.2,0.1,0.002,8.0,0.03132760783822047,0.017627280478755503,0.0,0.36484474029451036,0.41379962861148634
44,220,0.4598490567949676,0.5,-0.0824397778525945,0.0,0.125,0.0,extended_hex_r2__markov__plastic__intr0__struct0__alpha_async__baseline__s1__3425d77333,-0.0224210363772405,-0.0146191966948093,0.25,False,0.917273646855651,0.002,0.006,markov,0.58,extended_hex_r2,30,70,0.9,0.1860366375891956,0.3,0,0.42,0.08,140,0.4389814315824749,0.4,10,0.6294175359321452,4.224388071825865e-18,0.2,plastic,calibration,,False,alpha_async,30,130,180,1,-1,1.0,0.6,0.6,60,0.0119945186113425,0,0,40,1.0,2,0,0.25,0.01,0.75,50.0,baseline,30.0,0.45,0.2,0.1,0.002,8.0,44,220,0.4397332748708162,-0.094481131647426,0.0,0.125,0.1431563645168498,extended_hex_r2__ql__plastic__intr0__struct0__alpha_async__baseline__s1__2dd3704770,-0.0178287918667795,-0.0270193725918843,0.25,0.9080667412849106,0.002,ql,30,70,0.9,0.1917003777645603,0.3,0.42,0.08,140,0.4387968520609376,10,0.4173962048277798,3.688521177219756e-18,0.2,calibration,,False,30,130,180,-1,1.0,60,0.0199093273191079,0,40,1.0,2,0,0.25,0.01,0.75,50.0,30.0,0.45,0.2,0.1,0.002,8.0,0.02011578192415142,0.009206905570740442,0.0,0.21202133110436544,0.2413440185992573
44,220,0.4598634615684975,0.5,-0.0804585184555014,0.0,0.125,0.0,extended_hex_r2__markov__plastic__intr0__struct0__alpha_async__baseline__s1__eb1779a3e8,-0.0248489061602654,-0.0145189076032679,0.25,False,0.9176032095770952,0.002,0.01,markov,0.58,extended_hex_r2,30,70,0.9,0.1855226468786584,0.3,0,0.42,0.08,140,0.4384569607486471,0.4,10,0.6294308591498379,3.7855821694435665e-18,0.2,plastic,calibration,,False,alpha_async,30,130,180,1,-1,1.0,0.6,0.6,60,0.0110617265728613,0,0,40,1.0,2,0,0.25,0.01,0.75,50.0,baseline,30.0,0.45,0.2,0.1,0.002,8.0,44,220,0.4402367368278357,-0.0732892022703843,0.0,0.125,0.1403965842963209,extended_hex_r2__ql__plastic__intr0__struct0__alpha_async__baseline__s1__8345729328,-0.0192417184874399,-0.0304961226668262,0.25,0.9129001234357744,0.002,ql,30,70,0.9,0.1835187602252743,0.3,0.42,0.08,140,0.4383751090706369,10,0.4370954962543418,3.8083028608100455e-18,0.2,calibration,,False,30,130,180,-1,1.0,60,0.0138651263751955,0,40,1.0,2,0,0.25,0.01,0.75,50.0,30.0,0.45,0.2,0.1,0.002,8.0,0.019626724740661794,0.004703086141320756,0.0,0.19233536289549608,0.21666517377747863
44,220,0.4597421526340511,0.5,-0.0799278622687939,0.0,0.125,0.0,extended_hex_r2__markov__plastic__intr0__struct0__alpha_async__baseline__s1__52f0bb2881,-0.0225545014488874,-0.0122257662452377,0.25,False,0.917735788639064,0.002,0.016,markov,0.58,extended_hex_r2,30,70,0.9,0.1849445880264961,0.3,0,0.42,0.08,140,0.4376770341752752,0.4,10,0.6237563745538591,4.081404651910072e-18,0.2,plastic,calibration,,False,alpha_async,30,130,180,1,-1,1.0,0.6,0.6,60,0.0094714450521515,0,0,40,1.0,2,0,0.25,0.01,0.75,50.0,baseline,30.0,0.45,0.2,0.1,0.002,8.0,44,220,0.429064756683348,-0.0866528404557752,0.0,0.125,0.1381616770215403,extended_hex_r2__ql__plastic__intr0__struct0__alpha_async__baseline__s1__b3ce332f00,-0.0015760211172046,8.947279603659531e-05,0.25,0.9007350717663216,0.002,ql,30,70,0.9,0.1917918597075315,0.3,0.42,0.08,140,0.4387352265338335,10,0.2606723317990234,4.273985803850253e-18,0.2,calibration,,False,30,130,180,-1,1.0,60,0.0106312743707909,0,40,1.0,2,0,0.25,0.01,0.75,50.0,30.0,0.45,0.2,0.1,0.002,8.0,0.030677395950703124,0.017000716872742405,0.0,0.36308404275483575,0.4107621555782813
44,220,0.4480751945152727,0.5,-0.014780609239841,0.0,0.125,0.0,extended_hex_r2__markov__plastic__intr0__struct0__alpha_async__baseline__s1__4fc300b843,-0.020555284364712,-0.0406891166979231,0.25,False,0.8903235000865126,0.002,0.006,markov,0.62,extended_hex_r2,30,70,0.9,0.2067785061767217,0.3,0,0.42,0.08,140,0.4425945387587956,0.2,10,0.7024394369883422,3.941541415973507e-18,0.2,plastic,calibration,,False,alpha_async,30,130,180,1,-1,1.0,0.6,0.6,60,0.0238620744175863,0,0,40,1.0,2,0,0.25,0.01,0.75,50.0,baseline,30.0,0.45,0.2,0.1,0.002,8.0,44,220,0.4274207124386482,-0.0689354714654169,0.0,0.125,0.1350096128501066,extended_hex_r2__ql__plastic__intr0__struct0__alpha_async__baseline__s1__e208e9658e,0.0021434452012943,-0.0024619256275017,0.25,0.8678329543666543,0.002,ql,30,70,0.9,0.2209079769099099,0.3,0.42,0.08,140,0.4429381346257563,10,0.2776137565078719,4.1371897271261944e-18,0.2,calibration,,False,30,130,180,-1,1.0,60,0.0065317229679218,0,40,1.0,2,0,0.25,0.01,0.75,50.0,30.0,0.45,0.2,0.1,0.002,8.0,0.020654482076624514,0.022490545719858313,0.0,0.4248256804804703,0.46797070827695314
44,220,0.4504137533037262,0.5,-0.013118675252228,0.0,0.125,0.0,extended_hex_r2__markov__plastic__intr0__struct0__alpha_async__baseline__s1__6f6ad9390b,-0.0238941223036763,-0.0450630939027891,0.25,False,0.890723584956284,0.002,0.01,markov,0.62,extended_hex_r2,30,70,0.9,0.2071176408128952,0.3,0,0.42,0.08,140,0.4420692648293351,0.2,10,0.719200398539126,4.3116380789362835e-18,0.2,plastic,calibration,,False,alpha_async,30,130,180,1,-1,1.0,0.6,0.6,60,0.0245175571085269,0,0,40,1.0,2,0,0.25,0.01,0.75,50.0,baseline,30.0,0.45,0.2,0.1,0.002,8.0,44,220,0.4271020116015819,-0.0684460105391438,0.0,0.125,0.1351093823142208,extended_hex_r2__ql__plastic__intr0__struct0__alpha_async__baseline__s1__620c2dfbeb,0.0032923618591099,-0.0014838217192335,0.25,0.8680845064876388,0.002,ql,30,70,0.9,0.2204666241267102,0.3,0.42,0.08,140,0.4422790159094794,10,0.278700165306312,4.596847024119983e-18,0.2,calibration,,False,30,130,180,-1,1.0,60,0.0064414980255141,0,40,1.0,2,0,0.25,0.01,0.75,50.0,30.0,0.45,0.2,0.1,0.002,8.0,0.023311741702144284,0.022639078468645213,0.0,0.440500233232814,0.4864510534036035
44,220,0.4492143545783175,0.5,-0.0120717041137327,0.0,0.125,0.0,extended_hex_r2__markov__plastic__intr0__struct0__alpha_async__baseline__s1__a0a05bb60b,-0.0237157324780114,-0.0442234217105572,0.25,False,0.8921975711978813,0.002,0.016,markov,0.62,extended_hex_r2,30,70,0.9,0.2052770009923885,0.3,0,0.42,0.08,140,0.4411687018057353,0.2,10,0.706667155116192,4.1870762363800456e-18,0.2,plastic,calibration,,False,alpha_async,30,130,180,1,-1,1.0,0.6,0.6,60,0.0249509411454773,0,0,40,1.0,2,0,0.25,0.01,0.75,50.0,baseline,30.0,0.45,0.2,0.1,0.002,8.0,44,220,0.4643211388370145,-0.0592018363840229,0.0,0.125,0.1280836956236298,extended_hex_r2__ql__plastic__intr0__struct0__alpha_async__baseline__s1__159139badc,-0.002876624609482,0.0107283597918235,0.25,0.8879587662509993,0.002,ql,30,70,0.9,0.214224964098659,0.3,0.42,0.08,140,0.4369069300482829,10,0.7353284874870859,3.823606210628754e-18,0.2,calibration,,False,30,130,180,-1,1.0,60,0.0062514935657477,0,40,1.0,2,0,0.25,0.01,0.75,50.0,30.0,0.45,0.2,0.1,0.002,8.0,0.015106784258696992,0.004238804946882002,0.0,0.028661332370893855,0.04800692157647285
44,220,0.4657886727848634,0.5,-0.0565165932754036,0.0,0.125,0.0,extended_hex_r2__markov__plastic__intr0__struct0__alpha_async__baseline__s1__7966c3fb74,-0.0307962659116656,-0.023067686106195,0.25,False,0.889003766958586,0.002,0.006,markov,0.62,extended_hex_r2,30,70,0.9,0.2140641810099365,0.3,0,0.42,0.08,140,0.4406250652426657,0.3,10,0.7366156488809085,3.676845483667783e-18,0.2,plastic,calibration,,False,alpha_async,30,130,180,1,-1,1.0,0.6,0.6,60,0.0068517346621384,0,0,40,1.0,2,0,0.25,0.01,0.75,50.0,baseline,30.0,0.45,0.2,0.1,0.002,8.0,44,220,0.427158979291763,-0.068923580832779,0.0,0.125,0.135346645283985,extended_hex_r2__ql__plastic__intr0__struct0__alpha_async__baseline__s1__7bba837903,0.0016809029889914,-0.0030235732888498,0.25,0.8673703363759584,0.002,ql,30,70,0.9,0.2212242000929224,0.3,0.42,0.08,140,0.4427605053968281,10,0.2775574521278505,4.245758269428449e-18,0.2,calibration,,False,30,130,180,-1,1.0,60,0.0064708463553901,0,40,1.0,2,0,0.25,0.01,0.75,50.0,30.0,0.45,0.2,0.1,0.002,8.0,0.038629693493100414,0.021633430582627566,0.0,0.459058196753058,0.5193213208287859
44,220,0.4689796381428963,0.5,-0.0647919820073424,0.0,0.125,0.0,extended_hex_r2__markov__plastic__intr0__struct0__alpha_async__baseline__s1__3335ea6460,-0.005425642051812,-0.0012876982135817,0.25,False,0.8856771082291613,0.002,0.01,markov,0.62,extended_hex_r2,30,70,0.9,0.2179475658300452,0.3,0,0.42,0.08,140,0.4400601809798086,0.3,10,0.7490766748901093,4.138494117952836e-18,0.2,plastic,calibration,,False,alpha_async,30,130,180,1,-1,1.0,0.6,0.6,60,0.0062507189803381,0,0,40,1.0,2,0,0.25,0.01,0.75,50.0,baseline,30.0,0.45,0.2,0.1,0.002,8.0,44,220,0.4268339310567228,-0.0684054259258578,0.0,0.125,0.1354018291584442,extended_hex_r2__ql__plastic__intr0__struct0__alpha_async__baseline__s1__5a6e91c628,0.002620445272873,-0.0019509263618637,0.25,0.8677395660894871,0.002,ql,30,70,0.9,0.2206771681550602,0.3,0.42,0.08,140,0.442148732905559,10,0.2788365944509844,5.01089525507245e-18,0.2,calibration,,False,30,130,180,-1,1.0,60,0.0063920453658975,0,40,1.0,2,0,0.25,0.01,0.75,50.0,30.0,0.45,0.2,0.1,0.002,8.0,0.04214570708617349,0.017937542139674245,0.0,0.4702400804391249,0.5303233296649726
44,220,0.470117386982547,0.5,-0.0642815638818356,0.0,0.125,0.0,extended_hex_r2__markov__plastic__intr0__struct0__alpha_async__baseline__s1__12e203d41b,0.0050212284602194,0.0082225773304296,0.25,False,0.8831898653748448,0.002,0.016,markov,0.62,extended_hex_r2,30,70,0.9,0.2207212573777129,0.3,0,0.42,0.08,140,0.4396007424323521,0.3,10,0.7541555233161615,4.243350842271653e-18,0.2,plastic,calibration,,False,alpha_async,30,130,180,1,-1,1.0,0.6,0.6,60,0.0061436678744373,0,0,40,1.0,2,0,0.25,0.01,0.75,50.0,baseline,30.0,0.45,0.2,0.1,0.002,8.0,44,220,0.4263435802810432,-0.0678910964989147,0.0,0.125,0.1355865671960034,extended_hex_r2__ql__plastic__intr0__struct0__alpha_async__baseline__s1__33b1ec0f15,0.0038056364517766,-0.0013733593528488,0.25,0.8680078270908316,0.002,ql,30,70,0.9,0.2202439637522719,0.3,0.42,0.08,140,0.4412397804464993,10,0.275876931630197,4.388180296146363e-18,0.2,calibration,,False,30,130,180,-1,1.0,60,0.0064445774601469,0,40,1.0,2,0,0.25,0.01,0.75,50.0,30.0,0.45,0.2,0.1,0.002,8.0,0.043773806701503826,0.01518203828401321,0.0,0.47827859168596454,0.5372344366714816
44,220,0.4687854552198318,0.5,-0.0652721837642469,0.0,0.125,0.0,extended_hex_r2__markov__plastic__intr0__struct0__alpha_async__baseline__s1__ec90ea6351,-0.0111706772154073,-0.0036701740821379,0.25,False,0.8849850295442635,0.002,0.006,markov,0.62,extended_hex_r2,30,70,0.9,0.2188952042062333,0.3,0,0.42,0.08,140,0.4402313505035893,0.4,10,0.7481653822826618,4.506802332275851e-18,0.2,plastic,calibration,,False,alpha_async,30,130,180,1,-1,1.0,0.6,0.6,60,0.0061630189853621,0,0,40,1.0,2,0,0.25,0.01,0.75,50.0,baseline,30.0,0.45,0.2,0.1,0.002,8.0,44,220,0.4270256550266575,-0.0691400402713743,0.0,0.125,0.1357901633760999,extended_hex_r2__ql__plastic__intr0__struct0__alpha_async__baseline__s1__f2f91100c8,0.0013119298391579,-0.0031505993864593,0.25,0.8670546741815439,0.002,ql,30,70,0.9,0.221479607157239,0.3,0.42,0.08,140,0.442552867445498,10,0.2766877020999231,4.611614398839773e-18,0.2,calibration,,False,30,130,180,-1,1.0,60,0.0065310901997252,0,40,1.0,2,0,0.25,0.01,0.75,50.0,30.0,0.45,0.2,0.1,0.002,8.0,0.04175980019317427,0.017930355362719586,0.0,0.4714776801827387,0.5311678357386326
44,220,0.4685731123177319,0.5,-0.0638658012427366,0.0,0.125,0.0,extended_hex_r2__markov__plastic__intr0__struct0__alpha_async__baseline__s1__21319ccbb3,-0.0098077396185055,-0.0003468421023881,0.25,False,0.8852295686520182,0.002,0.01,markov,0.62,extended_hex_r2,30,70,0.9,0.2184193887636591,0.3,0,0.42,0.08,140,0.4397486434235649,0.4,10,0.7476070939001015,4.482710945471495e-18,0.2,plastic,calibration,,False,alpha_async,30,130,180,1,-1,1.0,0.6,0.6,60,0.0060963206634697,0,0,40,1.0,2,0,0.25,0.01,0.75,50.0,baseline,30.0,0.45,0.2,0.1,0.002,8.0,44,220,0.4265678032588551,-0.0684245871438214,0.0,0.125,0.1357614313517028,extended_hex_r2__ql__plastic__intr0__struct0__alpha_async__baseline__s1__e7afa3bca6,0.0021386646543101,-0.0027287667515965,0.25,0.8672161681363899,0.002,ql,30,70,0.9,0.221014591020636,0.3,0.42,0.08,140,0.441940876076092,10,0.2758808125622163,4.450276034342977e-18,0.2,calibration,,False,30,130,180,-1,1.0,60,0.0062938244394612,0,40,1.0,2,0,0.25,0.01,0.75,50.0,30.0,0.45,0.2,0.1,0.002,8.0,0.04200530905887678,0.018013400515628275,0.0,0.4717262813378852,0.5317449909123902
44,220,0.4687631876679898,0.5,-0.0642180943034776,0.0,0.125,0.0,extended_hex_r2__markov__plastic__intr0__struct0__alpha_async__baseline__s1__10c345913d,0.0003504247061135,0.0023620188997468,0.25,False,0.8851075291636029,0.002,0.016,markov,0.62,extended_hex_r2,30,70,0.9,0.2186052775931153,0.3,0,0.42,0.08,140,0.4390858813581323,0.4,10,0.7486615854865971,4.432177237429866e-18,0.2,plastic,calibration,,False,alpha_async,30,130,180,1,-1,1.0,0.6,0.6,60,0.0063479027309911,0,0,40,1.0,2,0,0.25,0.01,0.75,50.0,baseline,30.0,0.45,0.2,0.1,0.002,8.0,44,220,0.4261126898596969,-0.0680946481502982,0.0,0.125,0.1359952455586797,extended_hex_r2__ql__plastic__intr0__struct0__alpha_async__baseline__s1__739513ed67,0.0031531414798382,-0.0016518143498407,0.25,0.8677927935676802,0.002,ql,30,70,0.9,0.2203026310891111,0.3,0.42,0.08,140,0.4409496489339408,10,0.2749879378275957,4.5839110819191374e-18,0.2,calibration,,False,30,130,180,-1,1.0,60,0.0062940544220465,0,40,1.0,2,0,0.25,0.01,0.75,50.0,30.0,0.45,0.2,0.1,0.002,8.0,0.042650497808292887,0.01731473559592267,0.0,0.47367364765900144,0.533638881063217
44,220,0.4240571048502397,0.5,-0.0526756053103572,0.0,0.125,0.0,extended_hex_r2__markov__plastic__intr0__struct0__alpha_async__baseline__s1__e33edb817e,-0.0005083227066521,-0.0030854526140642,0.25,False,0.8230625483735963,0.002,0.006,markov,0.68,extended_hex_r2,30,70,0.9,0.2523839648145897,0.3,0,0.42,0.08,140,0.4451949295515325,0.2,10,0.2850647417681254,4.035358947261768e-18,0.2,plastic,calibration,,False,alpha_async,30,130,180,1,-1,1.0,0.6,0.6,60,0.004989273342046,0,0,40,1.0,2,0,0.25,0.01,0.75,50.0,baseline,30.0,0.45,0.2,0.1,0.002,8.0,44,220,0.4222792405837086,-0.0523172366235715,0.0,0.125,0.1357243868302027,extended_hex_r2__ql__plastic__intr0__struct0__alpha_async__baseline__s1__713df7c4a4,-0.0015453169549472,-0.0032155568896937,0.25,0.8215786863460107,0.002,ql,30,70,0.9,0.2529021873271876,0.3,0.42,0.08,140,0.4436684728549588,10,0.2820497076684587,4.1136954983163095e-18,0.2,calibration,,False,30,130,180,-1,1.0,60,0.0048871739657837,0,40,1.0,2,0,0.25,0.01,0.75,50.0,30.0,0.45,0.2,0.1,0.002,8.0,0.0017778642665310929,0.0014838620275855474,0.0,0.0030150340996666913,0.006276760393783332
44,220,0.4237420822904096,0.5,-0.0520962865844354,0.0,0.125,0.0,extended_hex_r2__markov__plastic__intr0__struct0__alpha_async__baseline__s1__f72d6e8f2a,0.0002163114522952,-0.0028099104597705,0.25,False,0.8233748335209155,0.002,0.01,markov,0.68,extended_hex_r2,30,70,0.9,0.2518758759795906,0.3,0,0.42,0.08,140,0.4447001885127864,0.2,10,0.2881285978579777,4.757214265307559e-18,0.2,plastic,calibration,,False,alpha_async,30,130,180,1,-1,1.0,0.6,0.6,60,0.0050029357430026,0,0,40,1.0,2,0,0.25,0.01,0.75,50.0,baseline,30.0,0.45,0.2,0.1,0.002,8.0,44,220,0.4218108711756511,-0.0518873669540088,0.0,0.125,0.1357356393931124,extended_hex_r2__ql__plastic__intr0__struct0__alpha_async__baseline__s1__2246f4ab88,-0.001283208218218,-0.0040156282655436,0.25,0.8218745499071437,0.002,ql,30,70,0.9,0.2524090491898559,0.3,0.42,0.08,140,0.4430889177804829,10,0.2820623050613737,4.114666374494612e-18,0.2,calibration,,False,30,130,180,-1,1.0,60,0.0048750389294235,0,40,1.0,2,0,0.25,0.01,0.75,50.0,30.0,0.45,0.2,0.1,0.002,8.0,0.0019312111147585242,0.0015002836137717468,0.0,0.006066292796603978,0.00949778752513425
44,220,0.4235668885208451,0.5,-0.051592591643448,0.0,0.125,0.0,extended_hex_r2__markov__plastic__intr0__struct0__alpha_async__baseline__s1__60cffa10b0,0.0015087717290252,-0.000866147423423,0.25,False,0.8244547696627521,0.002,0.016,markov,0.68,extended_hex_r2,30,70,0.9,0.2509668832863108,0.3,0,0.42,0.08,140,0.4438499045263071,0.2,10,0.2981414444221816,4.184220143968e-18,0.2,plastic,calibration,,False,alpha_async,30,130,180,1,-1,1.0,0.6,0.6,60,0.0050224159894798,0,0,40,1.0,2,0,0.25,0.01,0.75,50.0,baseline,30.0,0.45,0.2,0.1,0.002,8.0,44,220,0.4449339734829126,0.0075990659607351,0.0,0.125,0.1309403376324964,extended_hex_r2__ql__plastic__intr0__struct0__alpha_async__baseline__s1__4c3dc5f3b6,0.0501574061069566,0.0353608349565452,0.25,0.8468965341422766,0.002,ql,30,70,0.9,0.2406463401836965,0.3,0.42,0.08,140,0.4393971958844367,10,0.7559714744879562,4.068644777950381e-18,0.2,calibration,,False,30,130,180,-1,1.0,60,0.0239058055924461,0,40,1.0,2,0,0.25,0.01,0.75,50.0,30.0,0.45,0.2,0.1,0.002,8.0,0.021367084962067462,0.022441764479524506,0.0,0.4578300300657746,0.5016388795073665
44,220,0.4238779224799282,0.5,-0.0527332814305791,0.0,0.125,0.0,extended_hex_r2__markov__plastic__intr0__struct0__alpha_async__baseline__s1__fa897f3a0e,-0.0009208826238152,-0.003281675193808,0.25,False,0.8228336041514129,0.002,0.006,markov,0.68,extended_hex_r2,30,70,0.9,0.2525338048854715,0.3,0,0.42,0.08,140,0.445069121749263,0.3,10,0.2843178333652994,4.699438274527465e-18,0.2,plastic,calibration,,False,alpha_async,30,130,180,1,-1,1.0,0.6,0.6,60,0.00490566524829,0,0,40,1.0,2,0,0.25,0.01,0.75,50.0,baseline,30.0,0.45,0.2,0.1,0.002,8.0,44,220,0.4406244023830548,0.0054171559904566,0.0,0.125,0.1303024364551812,extended_hex_r2__ql__plastic__intr0__struct0__alpha_async__baseline__s1__2c4cc80ccd,0.0331764065879658,0.043348199846785,0.25,0.8440542182526722,0.002,ql,30,70,0.9,0.2426609543580851,0.3,0.42,0.08,140,0.4405917414224161,10,0.7448852311237957,3.3136459644069466e-18,0.2,calibration,,False,30,130,180,-1,1.0,60,0.0233218933594328,0,40,1.0,2,0,0.25,0.01,0.75,50.0,30.0,0.45,0.2,0.1,0.002,8.0,0.016746479903126554,0.021220614101259305,0.0,0.46056739775849626,0.4985344917628821
44,220,0.4235469058361472,0.5,-0.0522822289649304,0.0,0.125,0.0,extended_hex_r2__markov__plastic__intr0__struct0__alpha_async__baseline__s1__f5243577d8,1.1233063879695186e-05,-0.003395349044393,0.25,False,0.8231632795302174,0.002,0.01,markov,0.68,extended_hex_r2,30,70,0.9,0.2520114541744685,0.3,0,0.42,0.08,140,0.444538174738361,0.3,10,0.284245170282538,5.533249617314828e-18,0.2,plastic,calibration,,False,alpha_async,30,130,180,1,-1,1.0,0.6,0.6,60,0.004902869255815,0,0,40,1.0,2,0,0.25,0.01,0.75,50.0,baseline,30.0,0.45,0.2,0.1,0.002,8.0,44,220,0.4735577192363305,-0.0451575246078213,0.0,0.125,0.126585686517117,extended_hex_r2__ql__plastic__intr0__struct0__alpha_async__baseline__s1__03b56f2e6a,0.005774430832096,0.0063550664558066,0.25,0.8394229104819594,0.002,ql,30,70,0.9,0.2533182961876509,0.3,0.42,0.08,140,0.4387386977566601,10,0.7661346846661152,4.385309762427484e-18,0.2,calibration,,False,30,130,180,-1,1.0,60,0.0052022934087967,0,40,1.0,2,0,0.25,0.01,0.75,50.0,30.0,0.45,0.2,0.1,0.002,8.0,0.05001081340018332,0.016259630951741988,0.0,0.48188951438357724,0.5481599587355026
44,220,0.4233603648052454,0.5,-0.0519933340278549,0.0,0.125,0.0,extended_hex_r2__markov__plastic__intr0__struct0__alpha_async__baseline__s1__350a2b4ad6,0.000747531831371,-0.0038536545352579,0.25,False,0.8244498399067379,0.002,0.016,markov,0.68,extended_hex_r2,30,70,0.9,0.2509301100872977,0.3,0,0.42,0.08,140,0.4437279003546818,0.3,10,0.2874600003680185,4.4859755904004355e-18,0.2,plastic,calibration,,False,alpha_async,30,130,180,1,-1,1.0,0.6,0.6,60,0.004922156549595,0,0,40,1.0,2,0,0.25,0.01,0.75,50.0,baseline,30.0,0.45,0.2,0.1,0.002,8.0,44,220,0.4219516925505219,-0.0508422688136849,0.0,0.125,0.1363002140431042,extended_hex_r2__ql__plastic__intr0__struct0__alpha_async__baseline__s1__8fb3273ac4,0.0035208405055408,0.0005868471863668,0.25,0.8232340956515861,0.002,ql,30,70,0.9,0.2513389203507984,0.3,0.42,0.08,140,0.4419573196449765,10,0.2849599328299917,4.383823707762293e-18,0.2,calibration,,False,30,130,180,-1,1.0,60,0.0048201075649926,0,40,1.0,2,0,0.25,0.01,0.75,50.0,30.0,0.45,0.2,0.1,0.002,8.0,0.0014086722547235198,0.0012157442551518072,0.0,0.0025000675380267845,0.005124484047902111
44,220,0.4574759500160243,0.5,0.0042291467220374,0.0,0.125,0.0,extended_hex_r2__markov__plastic__intr0__struct0__alpha_async__baseline__s1__688a2b1a2e,-0.0037044221173324,-0.0246559496316667,0.25,False,0.8504669851131688,0.002,0.006,markov,0.68,extended_hex_r2,30,70,0.9,0.2418409411260015,0.3,0,0.42,0.08,140,0.4422482719918679,0.4,10,0.8520973301958334,4.5666863179014134e-18,0.2,plastic,calibration,,False,alpha_async,30,130,180,1,-1,1.0,0.6,0.6,60,0.020563261131261,0,0,40,1.0,2,0,0.25,0.01,0.75,50.0,baseline,30.0,0.45,0.2,0.1,0.002,8.0,44,220,0.4760010316106567,-0.0490042756820107,0.0,0.125,0.126546515214308,extended_hex_r2__ql__plastic__intr0__struct0__alpha_async__baseline__s1__ad63453114,0.0037467927431346,0.0043984652493144,0.25,0.8368739126009132,0.002,ql,30,70,0.9,0.2561827183858124,0.3,0.42,0.08,140,0.4394478176195608,10,0.7608344398930655,4.5923515037291744e-18,0.2,calibration,,False,30,130,180,-1,1.0,60,0.0051593550680874,0,40,1.0,2,0,0.25,0.01,0.75,50.0,30.0,0.45,0.2,0.1,0.002,8.0,0.018525081594632398,0.01359307251225561,0.0,0.09126289030276791,0.12338104440965592
44,220,0.4770696657311566,0.5,-0.0490834206112397,0.0,0.125,0.0,extended_hex_r2__markov__plastic__intr0__struct0__alpha_async__baseline__s1__d45abc6026,0.0051754902949404,0.0058105841376358,0.25,False,0.8386970086253839,0.002,0.01,markov,0.68,extended_hex_r2,30,70,0.9,0.2551676129074144,0.3,0,0.42,0.08,140,0.4403447926600949,0.4,10,0.7567690126405534,4.3758702604760915e-18,0.2,plastic,calibration,,False,alpha_async,30,130,180,1,-1,1.0,0.6,0.6,60,0.0050857044172769,0,0,40,1.0,2,0,0.25,0.01,0.75,50.0,baseline,30.0,0.45,0.2,0.1,0.002,8.0,44,220,0.4751899716210471,-0.0486062238383167,0.0,0.125,0.1264229063951689,extended_hex_r2__ql__plastic__intr0__struct0__alpha_async__baseline__s1__d76801a42f,0.003674293057429,0.0041086974137005,0.25,0.837559012582652,0.002,ql,30,70,0.9,0.2554954047313921,0.3,0.42,0.08,140,0.4388587126517887,10,0.7613035636770481,3.923173757051508e-18,0.2,calibration,,False,30,130,180,-1,1.0,60,0.0050451234350378,0,40,1.0,2,0,0.25,0.01,0.75,50.0,30.0,0.45,0.2,0.1,0.002,8.0,0.00187969411010952,0.0011379960427319036,0.0,0.004534551036494694,0.007552241189336117
44,220,0.476007179548887,0.5,-0.04848351901213,0.0,0.125,0.0,extended_hex_r2__markov__plastic__intr0__struct0__alpha_async__baseline__s1__93cd24447f,0.0067838571332346,0.0073285945690603,0.25,False,0.8393733709719664,0.002,0.016,markov,0.68,extended_hex_r2,30,70,0.9,0.2543194702330773,0.3,0,0.42,0.08,140,0.4398152903372888,0.4,10,0.7572578363092555,4.1121248171771195e-18,0.2,plastic,calibration,,False,alpha_async,30,130,180,1,-1,1.0,0.6,0.6,60,0.0050392159156945,0,0,40,1.0,2,0,0.25,0.01,0.75,50.0,baseline,30.0,0.45,0.2,0.1,0.002,8.0,44,220,0.4722101946338199,-0.0458882724307525,0.0,0.125,0.1269576734311747,extended_hex_r2__ql__plastic__intr0__struct0__alpha_async__baseline__s1__73457738f1,0.0046761851264971,0.0053929797525181,0.25,0.8406329687461291,0.002,ql,30,70,0.9,0.2523689042843484,0.3,0.42,0.08,140,0.4376190852431021,10,0.7682781356898203,4.875156964568624e-18,0.2,calibration,,False,30,130,180,-1,1.0,60,0.0052769186920973,0,40,1.0,2,0,0.25,0.01,0.75,50.0,30.0,0.45,0.2,0.1,0.002,8.0,0.003796984915067081,0.001259597774162735,0.0,0.011020299380564813,0.01607688206979463
44,220,0.4317340560545272,0.5,0.049240666831044,0.0,0.125,0.0,extended_hex_r2__markov__plastic__intr0__struct0__alpha_async__lesion__s1__082366edf9,0.0366812019187672,0.0494843085663268,0.25,False,0.8985777185636814,0.002,0.006,markov,0.58,extended_hex_r2,30,70,0.9,0.1747177446393892,0.3,0,0.42,0.08,140,0.3408223519438708,0.2,10,0.5307584170726605,4.632411600175971e-18,0.2,plastic,calibration,-0.0598745446048536,False,alpha_async,30,130,180,1,-1,1.0,0.6,0.6,60,0.0182467483810903,0,0,40,1.0,2,0,0.25,0.01,0.75,50.0,lesion,30.0,0.45,0.2,0.1,0.002,8.0,44,220,0.4317480629593186,-0.0814266647884498,0.0,0.125,0.1718868007750036,extended_hex_r2__ql__plastic__intr0__struct0__alpha_async__lesion__s1__8aab5f9ec5,0.0055861047769408,-0.0052157354177305,0.25,0.904338757283414,0.002,ql,30,70,0.9,0.1882028672001419,0.3,0.42,0.08,140,0.3921158860809769,10,0.2741562978847958,4.384795098473371e-18,0.2,calibration,0.0230595759619523,False,30,130,180,-1,1.0,60,0.0104040067118045,0,40,1.0,2,0,0.25,0.01,0.75,50.0,30.0,0.45,0.2,0.1,0.002,8.0,1.4006904791419306e-05,0.0057610387197325474,0.08293412056680591,0.2566021191878647,0.34531128537919453
44,220,0.4296182203561108,0.5,0.0447398425966195,0.0,0.125,0.0,extended_hex_r2__markov__plastic__intr0__struct0__alpha_async__lesion__s1__b286b5c8e3,0.0360695334016277,0.0408441009893407,0.25,False,0.8955531737463384,0.002,0.01,markov,0.58,extended_hex_r2,30,70,0.9,0.1752005833170579,0.3,0,0.42,0.08,140,0.3381776543254435,0.2,10,0.4912752834009409,3.919880284599508e-18,0.2,plastic,calibration,-0.0794727302046756,False,alpha_async,30,130,180,1,-1,1.0,0.6,0.6,60,0.0189228016433574,0,0,40,1.0,2,0,0.25,0.01,0.75,50.0,lesion,30.0,0.45,0.2,0.1,0.002,8.0,44,220,0.4314594820735458,-0.0792065172948749,0.0,0.125,0.1721609028624603,extended_hex_r2__ql__plastic__intr0__struct0__alpha_async__lesion__s1__e10c030d17,0.0074774396384485,-0.0052149480408775,0.25,0.905188876019962,0.002,ql,30,70,0.9,0.186872809395551,0.3,0.42,0.08,140,0.3913593909807593,10,0.2787876216062744,3.868918299589819e-18,0.2,calibration,0.027863826406281,False,30,130,180,-1,1.0,60,0.0104257599357775,0,40,1.0,2,0,0.25,0.01,0.75,50.0,30.0,0.45,0.2,0.1,0.002,8.0,0.0018412617174349832,0.009635702273623648,0.1073365566109566,0.2124876617946665,0.3313011823966817
44,220,0.4274371643406517,0.5,0.0635355909174101,0.0,0.125,0.0,extended_hex_r2__markov__plastic__intr0__struct0__alpha_async__lesion__s1__74160cd542,0.0330849285091697,0.0359666324730337,0.25,False,0.8911635071708168,0.002,0.016,markov,0.58,extended_hex_r2,30,70,0.9,0.1750831343458939,0.3,0,0.42,0.08,140,0.3343517791341698,0.2,10,0.5048646009996336,3.835771854045714e-18,0.2,plastic,calibration,-0.0846926536966076,False,alpha_async,30,130,180,1,-1,1.0,0.6,0.6,60,0.0181667247727074,0,0,40,1.0,2,0,0.25,0.01,0.75,50.0,lesion,30.0,0.45,0.2,0.1,0.002,8.0,44,220,0.4338856976823194,-0.0774189112765676,0.0,0.125,0.1736156239823023,extended_hex_r2__ql__plastic__intr0__struct0__alpha_async__lesion__s1__9173291843,0.0159748545997405,-0.0086338196520452,0.25,0.908105748372657,0.002,ql,30,70,0.9,0.1861728979704423,0.3,0.42,0.08,140,0.3895077377138606,10,0.3476873816348876,3.840528745574591e-18,0.2,calibration,0.0247821667069957,False,30,130,180,-1,1.0,60,0.0104574801933614,0,40,1.0,2,0,0.25,0.01,0.75,50.0,30.0,0.45,0.2,0.1,0.002,8.0,0.006448533341667673,0.01694224120184018,0.10947482040360329,0.157177219364746,0.29004281431185713
44,220,0.4313559880751497,0.5,0.0480854914399717,0.0,0.125,0.0,extended_hex_r2__markov__plastic__intr0__struct0__alpha_async__lesion__s1__9732d00786,0.0409455422497207,0.0454613449766954,0.25,False,0.8935767708309237,0.002,0.006,markov,0.58,extended_hex_r2,30,70,0.9,0.1784290857398127,0.3,0,0.42,0.08,140,0.3391098377428237,0.3,10,0.5376885779945418,3.655217903897642e-18,0.2,plastic,calibration,-0.029205056891368,False,alpha_async,30,130,180,1,-1,1.0,0.6,0.6,60,0.0174158835197741,0,0,40,1.0,2,0,0.25,0.01,0.75,50.0,lesion,30.0,0.45,0.2,0.1,0.002,8.0,44,220,0.4330035420370328,-0.0806602341494608,0.0,0.125,0.173395717182588,extended_hex_r2__ql__plastic__intr0__struct0__alpha_async__lesion__s1__c7ad06e32f,0.0109655301441855,-0.009020703740987,0.25,0.9073525512619488,0.002,ql,30,70,0.9,0.1853535706463785,0.3,0.42,0.08,140,0.3910468039725921,10,0.2878801619506851,4.222764150579597e-18,0.2,calibration,0.027795419846878,False,30,130,180,-1,1.0,60,0.0114726738716274,0,40,1.0,2,0,0.25,0.01,0.75,50.0,30.0,0.45,0.2,0.1,0.002,8.0,0.001647553961883097,0.01377578043102512,0.057000476738246,0.24980841604385673,0.32223222717501093
44,220,0.4300144618387864,0.5,0.0588662005728463,0.0,0.125,0.0,extended_hex_r2__markov__plastic__intr0__struct0__alpha_async__lesion__s1__385d7366ec,0.0384334145708379,0.0439141786340999,0.25,False,0.8915599291600024,0.002,0.01,markov,0.58,extended_hex_r2,30,70,0.9,0.1770808823151989,0.3,0,0.42,0.08,140,0.3360839053668918,0.3,10,0.5362831682597538,4.80757787666129e-18,0.2,plastic,calibration,-0.0802856377102123,False,alpha_async,30,130,180,1,-1,1.0,0.6,0.6,60,0.017854179133196,0,0,40,1.0,2,0,0.25,0.01,0.75,50.0,lesion,30.0,0.45,0.2,0.1,0.002,8.0,44,220,0.4360331944717414,-0.0701151128566264,0.0,0.125,0.1737546284660742,extended_hex_r2__ql__plastic__intr0__struct0__alpha_async__lesion__s1__2755c31cfd,0.021717070659229,-0.0062909987865774,0.25,0.9106040410812384,0.002,ql,30,70,0.9,0.1837630881179194,0.3,0.42,0.08,140,0.3898634348818134,10,0.381390300404241,4.8751989513298804e-18,0.2,calibration,0.0367910480391938,False,30,130,180,-1,1.0,60,0.0108168148580908,0,40,1.0,2,0,0.25,0.01,0.75,50.0,30.0,0.45,0.2,0.1,0.002,8.0,0.006018732632954993,0.019044111921236007,0.1170766857494061,0.15489286785551276,0.29703239815910987
44,220,0.4230853875715196,0.5,0.074103619533088,0.0,0.125,0.0,extended_hex_r2__markov__plastic__intr0__struct0__alpha_async__lesion__s1__9e256c6458,0.032455955522246,0.0312269135856646,0.25,False,0.8830434715482511,0.002,0.016,markov,0.58,extended_hex_r2,30,70,0.9,0.1782178850416452,0.3,0,0.42,0.08,140,0.3316493891391192,0.3,10,0.4892411105394781,3.817067329621876e-18,0.2,plastic,calibration,-0.0806841283493024,False,alpha_async,30,130,180,1,-1,1.0,0.6,0.6,60,0.0173917215864474,0,0,40,1.0,2,0,0.25,0.01,0.75,50.0,lesion,30.0,0.45,0.2,0.1,0.002,8.0,44,220,0.4353409803102366,-0.075932352258227,0.0,0.125,0.1746069042282886,extended_hex_r2__ql__plastic__intr0__struct0__alpha_async__lesion__s1__c959056199,0.0129592809027489,-0.0105120149109436,0.25,0.9099750109637064,0.002,ql,30,70,0.9,0.1855983912042408,0.3,0.42,0.08,140,0.3882375550572463,10,0.3809821458103398,4.169424899825278e-18,0.2,calibration,0.0122294730632553,False,30,130,180,-1,1.0,60,0.0124451944854755,0,40,1.0,2,0,0.25,0.01,0.75,50.0,30.0,0.45,0.2,0.1,0.002,8.0,0.012255592738717014,0.02693153941545523,0.0929136014125577,0.10825896472913832,0.24035969829586826
44,220,0.4303287998052985,0.5,0.0574804226527791,0.0,0.125,0.0,extended_hex_r2__markov__plastic__intr0__struct0__alpha_async__lesion__s1__28c93e5930,0.0414425060351538,0.0496041229933401,0.25,False,0.8908996241290358,0.002,0.006,markov,0.58,extended_hex_r2,30,70,0.9,0.17857182788727,0.3,0,0.42,0.08,140,0.3364042746232673,0.4,10,0.5565966468143133,4.159171794198081e-18,0.2,plastic,calibration,-0.0718315270351521,False,alpha_async,30,130,180,1,-1,1.0,0.6,0.6,60,0.0204006566384246,0,0,40,1.0,2,0,0.25,0.01,0.75,50.0,lesion,30.0,0.45,0.2,0.1,0.002,8.0,44,220,0.4359461596916599,-0.0833317536121381,0.0,0.125,0.175129200524234,extended_hex_r2__ql__plastic__intr0__struct0__alpha_async__lesion__s1__12c8d70986,0.0205867453074504,-0.0081765573734856,0.25,0.908113926312742,0.002,ql,30,70,0.9,0.1868734873836918,0.3,0.42,0.08,140,0.389986967919721,10,0.338542561834819,4.5964482712224495e-18,0.2,calibration,0.017297702388801,False,30,130,180,-1,1.0,60,0.0118261608269112,0,40,1.0,2,0,0.25,0.01,0.75,50.0,30.0,0.45,0.2,0.1,0.002,8.0,0.005617359886361417,0.01721430218370623,0.0891292294239531,0.2180540849794943,0.3300149764735151
44,220,0.4270637285854527,0.5,0.0698749991022184,0.0,0.125,0.0,extended_hex_r2__markov__plastic__intr0__struct0__alpha_async__lesion__s1__d8da147138,0.0405779389132355,0.0459021231582262,0.25,False,0.8872250477690001,0.002,0.01,markov,0.58,extended_hex_r2,30,70,0.9,0.1772574058114131,0.3,0,0.42,0.08,140,0.3336674978898934,0.4,10,0.5376165111984627,4.69946632941282e-18,0.2,plastic,calibration,-0.0754669010423116,False,alpha_async,30,130,180,1,-1,1.0,0.6,0.6,60,0.0209666785092172,0,0,40,1.0,2,0,0.25,0.01,0.75,50.0,lesion,30.0,0.45,0.2,0.1,0.002,8.0,44,220,0.4347667283570297,-0.082435424639702,0.0,0.125,0.1752165105206076,extended_hex_r2__ql__plastic__intr0__struct0__alpha_async__lesion__s1__08897a656e,0.0216732370483928,-0.005854754933176,0.25,0.9078608788353658,0.002,ql,30,70,0.9,0.1867678446256457,0.3,0.42,0.08,140,0.3891914720172535,10,0.3378992481400215,3.9387134731482695e-18,0.2,calibration,0.0182288300634412,False,30,130,180,-1,1.0,60,0.0115619752758094,0,40,1.0,2,0,0.25,0.01,0.75,50.0,30.0,0.45,0.2,0.1,0.002,8.0,0.007702999771576957,0.020635831066365684,0.0936957311057528,0.19971726305844117,0.3217518250021366
44,220,0.4215793854583852,0.5,0.079523000926113,0.0,0.125,0.0,extended_hex_r2__markov__plastic__intr0__struct0__alpha_async__lesion__s2__ce084820f3,0.0073355964090193,0.0008650056923275,0.25,False,0.8735014653739188,0.002,0.016,markov,0.58,extended_hex_r2,30,70,0.9,0.1836083246815645,0.3,0,0.42,0.08,140,0.3278542900477401,0.4,10,0.5690066350303453,4.027840817048788e-18,0.2,plastic,calibration,-0.0153724883784496,False,alpha_async,30,130,180,2,-1,1.0,0.6,0.6,60,0.0183294285242802,0,0,40,1.0,2,0,0.25,0.01,0.75,50.0,lesion,30.0,0.45,0.2,0.1,0.002,8.0,44,220,0.4615180201424413,-0.0871468427500474,0.0,0.125,0.169638340077408,extended_hex_r2__ql__plastic__intr0__struct0__alpha_async__lesion__s2__6192d682a4,0.002144890958459,-0.006890599323354,0.25,0.9110660955717,0.002,ql,30,70,0.9,0.1929755854877701,0.3,0.42,0.08,140,0.386451836393935,10,0.6571882636216638,4.2420559024397005e-18,0.2,calibration,0.0110224461237439,False,30,130,180,-1,1.0,60,0.0122512222167212,0,40,1.0,2,0,0.25,0.01,0.75,50.0,30.0,0.45,0.2,0.1,0.002,8.0,0.03993863468405612,0.037564630197781224,0.0263949345021935,0.0881816285913185,0.19207982797534934
44,220,0.4497612481836687,0.5,0.03977859580083,0.0,0.125,0.0,extended_hex_r2__markov__plastic__intr0__struct0__alpha_async__lesion__s2__4c9b9909b3,-0.0416227687469567,-0.0170424311584071,0.25,False,0.883817634901223,0.002,0.006,markov,0.62,extended_hex_r2,30,70,0.9,0.2007701863094462,0.3,0,0.42,0.08,140,0.3470810464728078,0.2,10,0.8167586282052249,4.166005018130362e-18,0.2,plastic,calibration,-0.0058769177497144,False,alpha_async,30,130,180,2,-1,1.0,0.6,0.6,60,0.0128544648416624,0,0,40,1.0,2,0,0.25,0.01,0.75,50.0,lesion,30.0,0.45,0.2,0.1,0.002,8.0,44,220,0.455908783491068,-0.025113129369294,0.0,0.125,0.1650772184140884,extended_hex_r2__ql__plastic__intr0__struct0__alpha_async__lesion__s2__bb8d5aba34,-0.0143106418231059,-0.0088644623080029,0.25,0.893061934357335,0.002,ql,30,70,0.9,0.2068300277997522,0.3,0.42,0.08,140,0.3927358733732978,10,0.754370911929647,4.4205491496499895e-18,0.2,calibration,-0.0320793822091159,False,30,130,180,-1,1.0,60,0.0131185318442674,0,40,1.0,2,0,0.25,0.01,0.75,50.0,30.0,0.45,0.2,0.1,0.002,8.0,0.00614753530739931,0.009244299456112048,0.0262024644594015,0.06238771627557793,0.10398201549849079
44,220,0.4319746269870615,0.5,0.0421509402602591,0.0,0.125,0.0,extended_hex_r2__markov__plastic__intr0__struct0__alpha_async__lesion__s1__5fb61dbb1d,0.0444202446587526,0.0486797933726248,0.25,False,0.8755645408632651,0.002,0.01,markov,0.62,extended_hex_r2,30,70,0.9,0.2016763197361748,0.3,0,0.42,0.08,140,0.3443890747664264,0.2,10,0.6381720641273019,4.65776572637996e-18,0.2,plastic,calibration,-0.0336066815341182,False,alpha_async,30,130,180,1,-1,1.0,0.6,0.6,60,0.0193875871227637,0,0,40,1.0,2,0,0.25,0.01,0.75,50.0,lesion,30.0,0.45,0.2,0.1,0.002,8.0,44,220,0.4256376019480151,-0.0669826664397627,0.0,0.125,0.1691368519753393,extended_hex_r2__ql__plastic__intr0__struct0__alpha_async__lesion__s1__ea126e5ac4,0.0089626878655651,-0.0017617816502433,0.25,0.8659701392268107,0.002,ql,30,70,0.9,0.2214610532532324,0.3,0.42,0.08,140,0.3950819408693554,10,0.2738760310757716,4.190796807524426e-18,0.2,calibration,0.0249965583306665,False,30,130,180,-1,1.0,60,0.0062271931555475,0,40,1.0,2,0,0.25,0.01,0.75,50.0,30.0,0.45,0.2,0.1,0.002,8.0,0.006337025039046429,0.00959440163645442,0.058603239864784704,0.3642960330515303,0.43883069959181586
44,220,0.4446000353874498,0.5,0.0619332800201717,0.0,0.125,0.0,extended_hex_r2__markov__plastic__intr0__struct0__alpha_async__lesion__s2__eb5b296215,-0.0276392341752858,-0.0209724068173327,0.25,False,0.8758539779011206,0.002,0.016,markov,0.62,extended_hex_r2,30,70,0.9,0.2013868422216271,0.3,0,0.42,0.08,140,0.3396809830819931,0.2,10,0.8113121079918426,4.239487928571877e-18,0.2,plastic,calibration,-0.0028057848832342,False,alpha_async,30,130,180,2,-1,1.0,0.6,0.6,60,0.014674999393829,0,0,40,0.9999426078971534,2,0,0.25,0.01,0.75,50.0,lesion,30.0,0.45,0.2,0.1,0.002,8.0,44,220,0.4552368633752949,-0.0335073411742622,0.0,0.125,0.1645592569203847,extended_hex_r2__ql__plastic__intr0__struct0__alpha_async__lesion__s2__1ff0a2fd55,-0.0094170583329273,-0.0152522519465114,0.25,0.8912667327243311,0.002,ql,30,70,0.9,0.2076651731956517,0.3,0.42,0.08,140,0.3909827545181225,10,0.7105678730888042,4.76998880934562e-18,0.2,calibration,-0.016622982197715,False,30,130,180,-1,1.0,60,0.0083608151810384,0,40,1.0,2,0,0.25,0.01,0.75,50.0,30.0,0.45,0.2,0.1,0.002,8.0,0.010636827987845099,0.015412754823210473,0.013817197314480799,0.10074423490303841,0.1406110150285748
44,220,0.4323785949913025,0.5,0.0267633369296815,0.0,0.125,0.0,extended_hex_r2__markov__plastic__intr0__struct0__alpha_async__lesion__s1__e66b1583e0,0.0360065684021251,0.0270625062180191,0.25,False,0.8728989668607269,0.002,0.006,markov,0.62,extended_hex_r2,30,70,0.9,0.2055866165434113,0.3,0,0.42,0.08,140,0.3458832890826868,0.3,10,0.6104521483364178,4.799762832463377e-18,0.2,plastic,calibration,-0.0037754653008031,False,alpha_async,30,130,180,1,-1,1.0,0.6,0.6,60,0.0109472997804211,0,0,40,1.0,2,0,0.25,0.01,0.75,50.0,lesion,30.0,0.45,0.2,0.1,0.002,8.0,44,220,0.4257199598519537,-0.0681510338763365,0.0,0.125,0.1698626775322368,extended_hex_r2__ql__plastic__intr0__struct0__alpha_async__lesion__s1__094011ed1d,0.0078247684775574,-0.0034364183312168,0.25,0.8650036209885883,0.002,ql,30,70,0.9,0.2226482774119896,0.3,0.42,0.08,140,0.3951087206623228,10,0.2727885198066938,4.37913217417631e-18,0.2,calibration,0.024331578971177,False,30,130,180,-1,1.0,60,0.0061807732078747,0,40,1.0,2,0,0.25,0.01,0.75,50.0,30.0,0.45,0.2,0.1,0.002,8.0,0.006658635139348779,0.007895345872138582,0.0281070442719801,0.33766362852972404,0.38032465381319147
44,220,0.4352081460507981,0.5,0.0590515059216643,0.0,0.125,0.0,extended_hex_r2__markov__plastic__intr0__struct0__alpha_async__lesion__s1__e0eecac2ec,0.0494516547601791,0.060171132526089,0.25,False,0.8711837639939276,0.002,0.01,markov,0.62,extended_hex_r2,30,70,0.9,0.2041878136481885,0.3,0,0.42,0.08,140,0.3415364842288843,0.3,10,0.7428731649989073,4.779635834651758e-18,0.2,plastic,calibration,-0.0465121723151453,False,alpha_async,30,130,180,1,-1,1.0,0.6,0.6,60,0.0243316014799541,0,0,40,1.0,2,0,0.25,0.01,0.75,50.0,lesion,30.0,0.45,0.2,0.1,0.002,8.0,44,220,0.4409328032602309,-0.0360047053233365,0.0,0.125,0.1701775207643481,extended_hex_r2__ql__plastic__intr0__struct0__alpha_async__lesion__s1__e889807dbe,0.0113467959215146,-0.0104636733832762,0.25,0.8873202264807688,0.002,ql,30,70,0.9,0.206742344315104,0.3,0.42,0.08,140,0.3931377104750591,10,0.5357470377936038,3.9022362506482915e-18,0.2,calibration,0.045918445305737,False,30,130,180,-1,1.0,60,0.0096249188125389,0,40,1.0,2,0,0.25,0.01,0.75,50.0,30.0,0.45,0.2,0.1,0.002,8.0,0.005724657209432771,0.016136462486841197,0.09243061762088231,0.20712612720530355,0.3214178645224598
44,220,0.4410775075957912,0.5,0.0747633407851679,0.0,0.125,0.0,extended_hex_r2__markov__plastic__intr0__struct0__alpha_async__lesion__s2__eb19e1592b,-0.0231813554717163,-0.0163493039603632,0.25,False,0.8718715094367093,0.002,0.016,markov,0.62,extended_hex_r2,30,70,0.9,0.2009135067399561,0.3,0,0.42,0.08,140,0.337702394141833,0.3,10,0.8199754459419677,4.398256961866266e-18,0.2,plastic,calibration,-0.0066131796193398,False,alpha_async,30,130,180,2,-1,1.0,0.6,0.6,60,0.020364568417365,0,0,40,0.9999426078971534,2,0,0.25,0.01,0.75,50.0,lesion,30.0,0.45,0.2,0.1,0.002,8.0,44,220,0.4611609900034286,-0.0410627580485621,0.0,0.125,0.1647345970275761,extended_hex_r2__ql__plastic__intr0__struct0__alpha_async__lesion__s2__6d98af3422,-0.0055038977355669,-0.0147226086014905,0.25,0.8896887294356614,0.002,ql,30,70,0.9,0.2103730757132833,0.3,0.42,0.08,140,0.390374781683377,10,0.7347657676319547,4.2279393147359706e-18,0.2,calibration,-0.0043875866242552,False,30,130,180,-1,1.0,60,0.0064598297183618,0,40,1.0,2,0,0.25,0.01,0.75,50.0,30.0,0.45,0.2,0.1,0.002,8.0,0.02008348240763741,0.017817219998952027,0.0022255929950846,0.08520967831001303,0.12533597371168706
44,220,0.430310358812942,0.5,0.0512442544364573,0.0,0.125,0.0,extended_hex_r2__markov__plastic__intr0__struct0__alpha_async__lesion__s1__d34bdb3c9b,0.0460465657119599,0.041884373072828,0.25,False,0.8708621214359236,0.002,0.006,markov,0.62,extended_hex_r2,30,70,0.9,0.2034716470922491,0.3,0,0.42,0.08,140,0.3428643322635764,0.4,10,0.6679511822995798,4.7635737776959e-18,0.2,plastic,calibration,-0.0294196985259806,False,alpha_async,30,130,180,1,-1,1.0,0.6,0.6,60,0.0194696205609889,0,0,40,1.0,2,0,0.25,0.01,0.75,50.0,lesion,30.0,0.45,0.2,0.1,0.002,8.0,44,220,0.4254800462625907,-0.0677887192483211,0.0,0.125,0.1706035119970141,extended_hex_r2__ql__plastic__intr0__struct0__alpha_async__lesion__s1__f0688194de,0.0082048634484153,-0.0021013358770248,0.25,0.8647621310138475,0.002,ql,30,70,0.9,0.2226502446343418,0.3,0.42,0.08,140,0.3945877143611616,10,0.271778586559301,4.150938058911624e-18,0.2,calibration,0.024362580960254,False,30,130,180,-1,1.0,60,0.0062898139880003,0,40,1.0,2,0,0.25,0.01,0.75,50.0,30.0,0.45,0.2,0.1,0.002,8.0,0.004830312550351268,0.006099990422076096,0.0537822794862346,0.39617259574027885,0.4608851781989408
44,220,0.4322603650694029,0.5,0.0657050147124845,0.0,0.125,0.0,extended_hex_r2__markov__plastic__intr0__struct0__alpha_async__lesion__s1__c703047174,0.0451660228683979,0.0556647570437651,0.25,False,0.8670079405716845,0.002,0.01,markov,0.62,extended_hex_r2,30,70,0.9,0.2046946120165613,0.3,0,0.42,0.08,140,0.3392417173891254,0.4,10,0.7265093440347968,4.240851254582579e-18,0.2,plastic,calibration,-0.0549282429842539,False,alpha_async,30,130,180,1,-1,1.0,0.6,0.6,60,0.0257715979148552,0,0,40,1.0,2,0,0.25,0.01,0.75,50.0,lesion,30.0,0.45,0.2,0.1,0.002,8.0,44,220,0.4338414444259733,-0.0565576493321477,0.0,0.125,0.1719079349243522,extended_hex_r2__ql__plastic__intr0__struct0__alpha_async__lesion__s1__dbad242582,0.0019524817064761,-0.0149440963314221,0.25,0.8786105558997528,0.002,ql,30,70,0.9,0.2124129209986002,0.3,0.42,0.08,140,0.39316516226743,10,0.3888361673702161,5.3316597375804334e-18,0.2,calibration,0.0285605090925701,False,30,130,180,-1,1.0,60,0.0089848281108805,0,40,1.0,2,0,0.25,0.01,0.75,50.0,30.0,0.45,0.2,0.1,0.002,8.0,0.0015810793565703696,0.011602615328068278,0.083488752076824,0.33767317666458074,0.4343456234260434
44,220,0.4373438711889583,0.5,0.0970862582647068,0.0,0.125,0.0,extended_hex_r2__markov__plastic__intr0__struct0__alpha_async__lesion__s2__a54e309552,-0.0285878139262303,-0.0191868947004208,0.25,False,0.8659857116027054,0.002,0.016,markov,0.62,extended_hex_r2,30,70,0.9,0.2008815642705227,0.3,0,0.42,0.08,140,0.3357240621168735,0.4,10,0.8359819288968282,4.941892114922036e-18,0.2,plastic,calibration,0.0164258651089012,False,alpha_async,30,130,180,2,-1,1.0,0.6,0.6,60,0.0295688807471651,0,0,40,0.9999426078971534,2,0,0.25,0.01,0.75,50.0,lesion,30.0,0.45,0.2,0.1,0.002,8.0,44,220,0.4641878487577846,-0.0576424246272379,0.0,0.125,0.1650703337606929,extended_hex_r2__ql__plastic__intr0__struct0__alpha_async__lesion__s2__8ae4635b14,-0.011126311124288,-0.0179598727566606,0.25,0.885217405632312,0.002,ql,30,70,0.9,0.2162730893722155,0.3,0.42,0.08,140,0.3893841651825875,10,0.7235161031603174,4.294811607594362e-18,0.2,calibration,0.0093918420023772,False,30,130,180,-1,1.0,60,0.0063699448990629,0,40,1.0,2,0,0.25,0.01,0.75,50.0,30.0,0.45,0.2,0.1,0.002,8.0,0.026843977568826338,0.01923169402960656,0.007034023106523998,0.11246582573651076,0.16557552044146767
44,220,0.4335425688478519,0.5,0.0071302893477047,0.0,0.125,0.0,extended_hex_r2__markov__plastic__intr0__struct0__alpha_async__lesion__s2__b1082a702c,-0.0365133010120772,-0.0129950291973138,0.25,False,0.8406188925841085,0.002,0.006,markov,0.68,extended_hex_r2,30,70,0.9,0.238763561472682,0.3,0,0.42,0.08,140,0.3566350156803354,0.2,10,0.6608629401089929,3.677838354353749e-18,0.2,plastic,calibration,-0.0640164648970773,False,alpha_async,30,130,180,2,-1,1.0,0.6,0.6,60,0.008977565050242,0,0,40,1.0,2,0,0.25,0.01,0.75,50.0,lesion,30.0,0.45,0.2,0.1,0.002,8.0,44,220,0.4177433330218102,-0.0487181327264343,0.0,0.125,0.1682140415008367,extended_hex_r2__ql__plastic__intr0__struct0__alpha_async__lesion__s2__8b4a6f3418,0.0075732219257386,0.0061235888570103,0.25,0.8233813188937147,0.002,ql,30,70,0.9,0.2496381193615517,0.3,0.42,0.08,140,0.3975632246297382,10,0.3240195531215465,4.6838515093906425e-18,0.2,calibration,-0.004489741008834,False,30,130,180,-1,1.0,60,0.0044655153426096,0,40,1.0,2,0,0.25,0.01,0.75,50.0,30.0,0.45,0.2,0.1,0.002,8.0,0.015799235826041702,0.017237573690393804,0.059526723888243295,0.3368433869874464,0.42940692039212525
44,220,0.446238884497509,0.5,0.0308245216166145,0.0,0.125,0.0,extended_hex_r2__markov__plastic__intr0__struct0__alpha_async__lesion__s2__f9fb1469ed,-0.0454571630592188,-0.0304202657276652,0.25,False,0.8449834203938642,0.002,0.01,markov,0.68,extended_hex_r2,30,70,0.9,0.2374111911669715,0.3,0,0.42,0.08,140,0.3529108550020521,0.2,10,0.8406450490977841,4.458775067875509e-18,0.2,plastic,calibration,0.000576939593235,False,alpha_async,30,130,180,2,-1,1.0,0.6,0.6,60,0.0244144191462821,0,0,40,1.0,2,0,0.25,0.01,0.75,50.0,lesion,30.0,0.45,0.2,0.1,0.002,8.0,44,220,0.4161586365888114,-0.0483155727136357,0.0,0.125,0.1681551921182354,extended_hex_r2__ql__plastic__intr0__struct0__alpha_async__lesion__s2__e14a97d841,-0.0081747628598904,0.0061165189951052,0.25,0.8220912247094526,0.002,ql,30,70,0.9,0.2495178123512813,0.3,0.42,0.08,140,0.3970223572482794,10,0.303406991020548,3.874012089800456e-18,0.2,calibration,-0.0061682273148224,False,30,130,180,-1,1.0,60,0.0044560328321153,0,40,1.0,2,0,0.25,0.01,0.75,50.0,30.0,0.45,0.2,0.1,0.002,8.0,0.030080247908697566,0.022892195684411587,0.0067451669080574005,0.5372380580772361,0.5969556685784027
44,220,0.4560645166491575,0.5,0.0286509284766838,0.0,0.125,0.0,extended_hex_r2__markov__plastic__intr0__struct0__alpha_async__lesion__s2__0c3b427e60,-0.0193377929496028,-0.0082122315138195,0.25,False,0.8421977277750885,0.002,0.016,markov,0.68,extended_hex_r2,30,70,0.9,0.2393670945804966,0.3,0,0.42,0.08,140,0.3465581424301983,0.2,10,0.905189133853874,3.896415908491152e-18,0.2,plastic,calibration,-0.0252967236899591,False,alpha_async,30,130,180,2,-1,1.0,0.6,0.6,60,0.0098596217962864,0,0,40,0.9999426078971534,2,0,0.25,0.01,0.75,50.0,lesion,30.0,0.45,0.2,0.1,0.002,8.0,44,220,0.4306664257873627,-0.0181608822845729,0.0,0.125,0.1670686447526879,extended_hex_r2__ql__plastic__intr0__struct0__alpha_async__lesion__s2__3ec647e926,-0.0235591449502646,-0.0032411664748267,0.25,0.8417769306471677,0.002,ql,30,70,0.9,0.2397889597786231,0.3,0.42,0.08,140,0.395728234817721,10,0.5677553146134813,4.160278931296571e-18,0.2,calibration,0.0025217362053288,False,30,130,180,-1,1.0,60,0.0070789554663056,0,40,1.0,2,0,0.25,0.01,0.75,50.0,30.0,0.45,0.2,0.1,0.002,8.0,0.025398090861794786,0.00042079712792075785,0.0278184598952879,0.33743381924039273,0.3910711671253962
44,220,0.4184997169607781,0.5,-0.0234159955319499,0.0,0.125,0.0,extended_hex_r2__markov__plastic__intr0__struct0__alpha_async__lesion__s2__a57561fb58,-0.0104164502142157,0.0084982389184915,0.25,False,0.8196652523404199,0.002,0.006,markov,0.68,extended_hex_r2,30,70,0.9,0.2473965368305238,0.3,0,0.42,0.08,140,0.3542738122680231,0.3,10,0.4126493993934772,4.130731499338362e-18,0.2,plastic,calibration,-0.0043695811783113,False,alpha_async,30,130,180,2,-1,1.0,0.6,0.6,60,0.0049877012692311,0,0,40,1.0,2,0,0.25,0.01,0.75,50.0,lesion,30.0,0.45,0.2,0.1,0.002,8.0,44,220,0.4239454183068797,-0.02491518380296,0.0,0.125,0.1676404142724832,extended_hex_r2__ql__plastic__intr0__struct0__alpha_async__lesion__s2__7714e0d2c0,0.0169917353407112,-0.0095789216371987,0.25,0.8334339783213518,0.002,ql,30,70,0.9,0.2439275251293534,0.3,0.42,0.08,140,0.3967042512461088,10,0.4728575996027244,4.2931051826183095e-18,0.2,calibration,0.0083515247837352,False,30,130,180,-1,1.0,60,0.0058731284796751,0,40,1.0,2,0,0.25,0.01,0.75,50.0,30.0,0.45,0.2,0.1,0.002,8.0,0.005445701346101617,0.013768725980931928,0.012721105962046501,0.060208200209247165,0.09214373349832722
44,220,0.4374919586425539,0.5,0.0345954124033066,0.0,0.125,0.0,extended_hex_r2__markov__plastic__intr0__struct0__alpha_async__lesion__s2__258470e39f,-0.0233759409754397,-0.019571472117764,0.25,False,0.8434199762520316,0.002,0.01,markov,0.68,extended_hex_r2,30,70,0.9,0.2335268278661091,0.3,0,0.42,0.08,140,0.3501283738699613,0.3,10,0.7817483440090756,4.261452757891815e-18,0.2,plastic,calibration,-0.0718349484435963,False,alpha_async,30,130,180,2,-1,1.0,0.6,0.6,60,0.0120543879870028,0,0,40,1.0,2,0,0.25,0.01,0.75,50.0,lesion,30.0,0.45,0.2,0.1,0.002,8.0,44,220,0.4160448932051878,-0.0492337141585218,0.0,0.125,0.1689784908231112,extended_hex_r2__ql__plastic__intr0__struct0__alpha_async__lesion__s2__ec2001cd10,-0.006898783074435,0.0069383720681278,0.25,0.8218467884715266,0.002,ql,30,70,0.9,0.2497729603302065,0.3,0.42,0.08,140,0.3963695461875235,10,0.3086854438852801,3.7386841448313625e-18,0.2,calibration,-0.0061242164433121,False,30,130,180,-1,1.0,60,0.0045645461738381,0,40,1.0,2,0,0.25,0.01,0.75,50.0,30.0,0.45,0.2,0.1,0.002,8.0,0.02144706543736613,0.021573187780504988,0.0657107320002842,0.4730629001237955,0.5817938853419508
44,220,0.4509728743767156,0.5,0.0496904794804681,0.0,0.125,0.0,extended_hex_r2__markov__plastic__intr0__struct0__alpha_async__lesion__s2__881b033959,-0.0291937291917192,-0.0331035297598566,0.25,False,0.8388548566801979,0.002,0.016,markov,0.68,extended_hex_r2,30,70,0.9,0.237790750990686,0.3,0,0.42,0.08,140,0.3439813805091542,0.3,10,0.9213347069927778,4.059441400352349e-18,0.2,plastic,calibration,-0.0035138528124524,False,alpha_async,30,130,180,2,-1,1.0,0.6,0.6,60,0.0140051168170541,0,0,40,0.9999426078971534,2,0,0.25,0.01,0.75,50.0,lesion,30.0,0.45,0.2,0.1,0.002,8.0,44,220,0.4257767460121907,-0.0218076407492604,0.0,0.125,0.1683357540660215,extended_hex_r2__ql__plastic__intr0__struct0__alpha_async__lesion__s2__48fc6dc379,-0.0214931688350088,0.0031735087355136,0.25,0.8388355364309572,0.002,ql,30,70,0.9,0.2399385245687805,0.3,0.42,0.08,140,0.3953255263586496,10,0.4951364775536926,4.2523026454467914e-18,0.2,calibration,0.0054016552558636,False,30,130,180,-1,1.0,60,0.0052279140464658,0,40,1.0,2,0,0.25,0.01,0.75,50.0,30.0,0.45,0.2,0.1,0.002,8.0,0.02519612836452495,1.9320249240672993e-05,0.008915508068316001,0.42619822943908514,0.46032918612116674
44,220,0.43639806869554,0.5,0.0353308122199225,0.0,0.125,0.0,extended_hex_r2__markov__plastic__intr0__struct0__alpha_async__lesion__s2__3b7664f10c,-0.0352513302964844,-0.0017177121469401,0.25,False,0.8400100967987855,0.002,0.006,markov,0.68,extended_hex_r2,30,70,0.9,0.2359702327130208,0.3,0,0.42,0.08,140,0.3507919030374983,0.4,10,0.7697032698233458,4.093980154647088e-18,0.2,plastic,calibration,-0.0448415468544342,False,alpha_async,30,130,180,2,-1,1.0,0.6,0.6,60,0.0144224118909246,0,0,40,1.0,2,0,0.25,0.01,0.75,50.0,lesion,30.0,0.45,0.2,0.1,0.002,8.0,44,220,0.425472351714229,-0.015641873836151,0.0,0.125,0.1682189514042461,extended_hex_r2__ql__plastic__intr0__struct0__alpha_async__lesion__s2__1003c08147,0.0160669840288808,-0.0080895296922854,0.25,0.833980776596308,0.002,ql,30,70,0.9,0.2437197709816744,0.3,0.42,0.08,140,0.3958688263590433,10,0.5274222008234835,4.662341477232152e-18,0.2,calibration,0.0155613823469577,False,30,130,180,-1,1.0,60,0.0067277737991954,0,40,1.0,2,0,0.25,0.01,0.75,50.0,30.0,0.45,0.2,0.1,0.002,8.0,0.010925716981311007,0.006029320202477484,0.0604029292013919,0.24228106899986235,0.31963903538504274
44,220,0.4575941227259926,0.5,0.0361137581278628,0.0,0.125,0.0,extended_hex_r2__markov__plastic__intr0__struct0__alpha_async__lesion__s2__838699d217,-0.0005524520853295,-0.0122986001105083,0.25,False,0.8372724099591711,0.002,0.01,markov,0.68,extended_hex_r2,30,70,0.9,0.2420814304143059,0.3,0,0.42,0.08,140,0.3462946739436371,0.4,10,0.9139709925716208,4.273321347647673e-18,0.2,plastic,calibration,-0.0337431918255896,False,alpha_async,30,130,180,2,-1,1.0,0.6,0.6,60,0.0104996761759072,0,0,40,1.0,2,0,0.25,0.01,0.75,50.0,lesion,30.0,0.45,0.2,0.1,0.002,8.0,44,220,0.4230902550158141,-0.0286767989017218,0.0,0.125,0.1692800352028338,extended_hex_r2__ql__plastic__intr0__struct0__alpha_async__lesion__s2__89334ed5ac,-0.0173568100343901,0.0030708085997263,0.25,0.8325100427071885,0.002,ql,30,70,0.9,0.2448086468474712,0.3,0.42,0.08,140,0.395396440568066,10,0.4690930570344699,4.308413015438375e-18,0.2,calibration,0.0092257010788337,False,30,130,180,-1,1.0,60,0.0047921219152891,0,40,1.0,2,0,0.25,0.01,0.75,50.0,30.0,0.45,0.2,0.1,0.002,8.0,0.03450386771017849,0.0047623672519825355,0.0429688929044233,0.44487793553715094,0.5271130634037353
44,220,0.4492274616876632,0.5,0.0615510908148832,0.0,0.125,0.0,extended_hex_r2__markov__plastic__intr0__struct0__alpha_async__lesion__s2__3cb2ead7d6,-0.0276443336274427,-0.0266681605772643,0.25,False,0.8352217940951894,0.002,0.016,markov,0.68,extended_hex_r2,30,70,0.9,0.237504744516578,0.3,0,0.42,0.08,140,0.3413709113916642,0.4,10,0.9423859376614512,4.4235077503543234e-18,0.2,plastic,calibration,-0.0066723072488278,False,alpha_async,30,130,180,2,-1,1.0,0.6,0.6,60,0.0144545527401631,0,0,40,0.9999426078971534,2,0,0.25,0.01,0.75,50.0,lesion,30.0,0.45,0.2,0.1,0.002,8.0,44,220,0.4544260849538134,0.0059618283645981,0.0,0.125,0.1666263440695161,extended_hex_r2__ql__plastic__intr0__struct0__alpha_async__lesion__s2__515f0476ea,-0.0383919957899113,-0.0083833729654608,0.25,0.8566399880908824,0.002,ql,30,70,0.9,0.2356486156854337,0.3,0.42,0.08,140,0.3926145345906975,10,0.8326331942174459,4.18528194214159e-18,0.2,calibration,-0.0047309023758775,False,30,130,180,-1,1.0,60,0.0233215752564179,0,40,1.0,2,0,0.25,0.01,0.75,50.0,30.0,0.45,0.2,0.1,0.002,8.0,0.005198623266150226,0.021418193995693002,0.0019414048729503005,0.10975274344400532,0.13831096557879885
44,220,0.4289874810291854,0.5,-0.275080710633801,0.0,0.125,0.0,extended_moore_r2__markov__plastic__intr0__struct0__alpha_async__baseline__s2__63b8a0849b,0.0177767367744907,0.0071291249093235,0.25,False,0.6688739420381717,0.002,0.006,markov,0.58,extended_moore_r2,30,70,0.9,0.400603935718503,0.3,0,0.42,0.08,140,0.4247960990459084,0.2,10,0.794230395366628,3.2042216039401466e-18,0.2,plastic,calibration,,False,alpha_async,30,130,180,2,-1,1.0,0.6,0.6,60,0.1110822298142997,0,0,40,1.0,2,0,0.25,0.01,0.75,50.0,baseline,30.0,0.45,0.2,0.1,0.002,8.0,44,220,0.4253074732904425,-0.2829588622363838,0.0,0.125,0.2224510302090194,extended_moore_r2__ql__plastic__intr0__struct0__alpha_async__baseline__s2__296c04bc8b,-0.0211853259214659,0.0230351393155009,0.25,0.5883115675246102,0.002,ql,30,70,0.9,0.4469774017120838,0.3,0.42,0.08,140,0.4208381928543426,10,0.8612256885449672,2.512937103615872e-18,0.2,calibration,,False,30,130,180,-1,1.0,60,0.2475747550608028,0,40,1.0,2,0,0.25,0.01,0.75,50.0,30.0,0.45,0.2,0.1,0.002,8.0,0.0036800077387428853,0.08056237451356152,0.0,0.06699529317833919,0.1512376754306436
44,220,0.4222126738854395,0.5,-0.2698257842411471,0.0,0.125,0.0,extended_moore_r2__markov__plastic__intr0__struct0__alpha_async__baseline__s2__1751b6f0e0,-0.0210603384168641,0.0038510079753176,0.25,False,0.7487050324989223,0.002,0.01,markov,0.58,extended_moore_r2,30,70,0.9,0.3430135174414996,0.3,0,0.42,0.08,140,0.417838781915914,0.2,10,0.6460362961642445,5.312173292457014e-18,0.2,plastic,calibration,,False,alpha_async,30,130,180,2,-1,1.0,0.6,0.6,60,0.1299045031713319,0,0,40,0.999956955922865,2,0,0.25,0.01,0.75,50.0,baseline,30.0,0.45,0.2,0.1,0.002,8.0,44,220,0.4164191314714561,-0.2726863148014989,0.0,0.125,0.1972520197749374,extended_moore_r2__ql__plastic__intr0__struct0__alpha_async__baseline__s2__f424b2868e,-0.0373119309235515,0.0168037543568839,0.25,0.72247261841981,0.002,ql,30,70,0.9,0.360135786004282,0.3,0.42,0.08,140,0.412924374559682,10,0.6659806972014228,3.9408911148729776e-18,0.2,calibration,,False,30,130,180,-1,1.0,60,0.1300454758148232,0,40,0.9992252066115702,2,0,0.25,0.01,0.75,50.0,30.0,0.45,0.2,0.1,0.002,8.0,0.005793542413983388,0.026232414079112254,0.0,0.019944401037178316,0.05197035753027396
44,220,0.4176161830319089,0.5,-0.2315789281368847,0.0,0.125,0.0,extended_moore_r2__markov__plastic__intr0__struct0__alpha_async__baseline__s1__62e7e13339,-0.0080446651167681,0.0141804126322009,0.25,False,0.817060566325015,0.002,0.016,markov,0.58,extended_moore_r2,30,70,0.9,0.2811014574962586,0.3,0,0.42,0.08,140,0.4130276155730041,0.2,10,0.4718617914651,3.440354721778947e-18,0.2,plastic,calibration,,False,alpha_async,30,130,180,1,-1,1.0,0.6,0.6,60,0.0546142261676538,0,0,40,0.9928546831955924,2,0,0.25,0.01,0.75,50.0,baseline,30.0,0.45,0.2,0.1,0.002,8.0,44,220,0.4014877959550273,-0.2279703749443148,0.0,0.125,0.1817437401815587,extended_moore_r2__ql__plastic__intr0__struct0__alpha_async__baseline__s1__757e8597cf,-0.000263472015312,0.0140352052207022,0.25,0.7962982145000754,0.002,ql,30,70,0.9,0.2883426100199678,0.3,0.42,0.08,140,0.4006151267756132,10,0.3423410558725278,4.0690951465689005e-18,0.2,calibration,,False,30,130,180,-1,1.0,60,0.0556786589813096,0,40,0.9805440771349864,2,0,0.25,0.01,0.75,50.0,30.0,0.45,0.2,0.1,0.002,8.0,0.01612838707688158,0.020762351824939573,0.0,0.1295207355925722,0.16641147449439336
44,220,0.4283041474678399,0.5,-0.2780155158198133,0.0,0.125,0.0,extended_moore_r2__markov__plastic__intr0__struct0__alpha_async__baseline__s2__337e3e26cf,-0.0021968256026427,0.0041439595202537,0.25,False,0.6497093106172966,0.002,0.006,markov,0.58,extended_moore_r2,30,70,0.9,0.4114563691722865,0.3,0,0.42,0.08,140,0.4237062650266902,0.3,10,0.8198305043156568,4.069460396615608e-18,0.2,plastic,calibration,,False,alpha_async,30,130,180,2,-1,1.0,0.6,0.6,60,0.1589284090764654,0,0,40,1.0,2,0,0.25,0.01,0.75,50.0,baseline,30.0,0.45,0.2,0.1,0.002,8.0,44,220,0.4239657608203425,-0.2827939337502345,0.0,0.125,0.2226364496261982,extended_moore_r2__ql__plastic__intr0__struct0__alpha_async__baseline__s2__28d4e0f540,-0.0205695958195807,0.0124300944118419,0.25,0.5847640987228984,0.002,ql,30,70,0.9,0.4480475268303591,0.3,0.42,0.08,140,0.4201412080364822,10,0.8551346159599105,2.37520939563854e-18,0.2,calibration,,False,30,130,180,-1,1.0,60,0.2335961747694109,0,40,1.0,2,0,0.25,0.01,0.75,50.0,30.0,0.45,0.2,0.1,0.002,8.0,0.004338386647497416,0.06494521189439828,0.0,0.03530411164425362,0.10458771018614932
44,220,0.4214434818250561,0.5,-0.266646887228083,0.0,0.125,0.0,extended_moore_r2__markov__plastic__intr0__struct0__alpha_async__baseline__s2__29b0a0f2d7,0.0199053178883231,0.005376753808063,0.25,False,0.7531206076595476,0.002,0.01,markov,0.58,extended_moore_r2,30,70,0.9,0.3397536300543181,0.3,0,0.42,0.08,140,0.4169123360976615,0.3,10,0.6301927680731687,4.292145385074304e-18,0.2,plastic,calibration,,False,alpha_async,30,130,180,2,-1,1.0,0.6,0.6,60,0.0643939182461216,0,0,40,0.999870867768595,2,0,0.25,0.01,0.75,50.0,baseline,30.0,0.45,0.2,0.1,0.002,8.0,44,220,0.4148050547491001,-0.2677115264098781,0.0,0.125,0.196365305332704,extended_moore_r2__ql__plastic__intr0__struct0__alpha_async__baseline__s2__7f8d19c3c2,-0.0368240258777421,0.0157852406092924,0.25,0.7271347275604061,0.002,ql,30,70,0.9,0.3547528469351528,0.3,0.42,0.08,140,0.4122076317793791,10,0.621041777567127,3.7789271730069354e-18,0.2,calibration,,False,30,130,180,-1,1.0,60,0.1032989588009348,0,40,0.9992682506887052,2,0,0.25,0.01,0.75,50.0,30.0,0.45,0.2,0.1,0.002,8.0,0.006638427075955966,0.02598588009914149,0.0,0.009150990506041734,0.04177529768113919
44,220,0.4078910779285845,0.5,-0.2127822917459504,0.0,0.125,0.0,extended_moore_r2__markov__plastic__intr0__struct0__alpha_async__baseline__s2__fbb8879d6b,0.0026707857085373,-0.0003273997471562,0.25,False,0.8270299929348877,0.002,0.016,markov,0.58,extended_moore_r2,30,70,0.9,0.2641663989397654,0.3,0,0.42,0.08,140,0.4079881884295721,0.3,10,0.3468819991499435,4.094208120781702e-18,0.2,plastic,calibration,,False,alpha_async,30,130,180,2,-1,1.0,0.6,0.6,60,0.0560269184383501,0,0,40,0.9856663223140496,2,0,0.25,0.01,0.75,50.0,baseline,30.0,0.45,0.2,0.1,0.002,8.0,44,220,0.3948715132753311,-0.2364742088179224,0.0,0.125,0.1821507791691117,extended_moore_r2__ql__plastic__intr0__struct0__alpha_async__baseline__s2__2a5299458e,-0.0124319607970438,0.0020615456367904,0.25,0.7832073005553559,0.002,ql,30,70,0.9,0.2969741477314399,0.3,0.42,0.08,140,0.3987729150209739,10,0.3428072952440746,4.4246657841331164e-18,0.2,calibration,,False,30,130,180,-1,1.0,60,0.0693815592470912,0,40,0.9750990013774103,2,0,0.25,0.01,0.75,50.0,30.0,0.45,0.2,0.1,0.002,8.0,0.01301956465325338,0.043822692379531736,0.0,0.004074703905868893,0.06091696093865401
44,220,0.426298527822242,0.5,-0.2805838830798836,0.0,0.125,0.0,extended_moore_r2__markov__plastic__intr0__struct0__alpha_async__baseline__s1__3b99b041bd,-0.0142660004539174,0.0004055020703466,0.25,False,0.6204117509195857,0.002,0.006,markov,0.58,extended_moore_r2,30,70,0.9,0.4295691527990428,0.3,0,0.42,0.08,140,0.4222620922149009,0.4,10,0.8279757932222118,5.9415970119876674e-18,0.2,plastic,calibration,,False,alpha_async,30,130,180,1,-1,1.0,0.6,0.6,60,0.1844481796334295,0,0,40,1.0,2,0,0.25,0.01,0.75,50.0,baseline,30.0,0.45,0.2,0.1,0.002,8.0,44,220,0.4230188034224911,-0.2808995195119589,0.0,0.125,0.2198853412440862,extended_moore_r2__ql__plastic__intr0__struct0__alpha_async__baseline__s1__563b7c1ef3,0.0361265428432777,-0.0071580084684763,0.25,0.600469136453278,0.002,ql,30,70,0.9,0.4415333671183271,0.3,0.42,0.08,140,0.4196929651464181,10,0.8435124682216979,5.961491220374261e-18,0.2,calibration,,False,30,130,180,-1,1.0,60,0.1229696559766296,0,40,1.0,2,0,0.25,0.01,0.75,50.0,30.0,0.45,0.2,0.1,0.002,8.0,0.003279724399750883,0.01994261446630763,0.0,0.015536674999486078,0.03875901386554459
44,220,0.4191706298627787,0.5,-0.2684663271898866,0.0,0.125,0.0,extended_moore_r2__markov__plastic__intr0__struct0__alpha_async__baseline__s2__45fbf3d71f,-0.0395986021404489,0.0084173750239014,0.25,False,0.73380089718776,0.002,0.01,markov,0.58,extended_moore_r2,30,70,0.9,0.3517434635271955,0.3,0,0.42,0.08,140,0.4160928048714989,0.4,10,0.6371424588822545,4.796022699588834e-18,0.2,plastic,calibration,,False,alpha_async,30,130,180,2,-1,1.0,0.6,0.6,60,0.0817682380405923,0,0,40,0.9996771694214877,2,0,0.25,0.01,0.75,50.0,baseline,30.0,0.45,0.2,0.1,0.002,8.0,44,220,0.4153530577083925,-0.269288457901129,0.0,0.125,0.1998595067177858,extended_moore_r2__ql__plastic__intr0__struct0__alpha_async__baseline__s2__cb83c126d9,-7.61694887853881e-05,-9.156758335067404e-05,0.25,0.7118274575376238,0.002,ql,30,70,0.9,0.3668196767985365,0.3,0.42,0.08,140,0.412041282892596,10,0.665822439957704,4.9441946179300914e-18,0.2,calibration,,False,30,130,180,-1,1.0,60,0.0856387641635284,0,40,0.9986656336088154,2,0,0.25,0.01,0.75,50.0,30.0,0.45,0.2,0.1,0.002,8.0,0.0038175721543862173,0.021973439650136206,0.0,0.028679981075449446,0.05447099287997187
44,220,0.410524652646988,0.5,-0.2056953793753677,0.0,0.125,0.0,extended_moore_r2__markov__plastic__intr0__struct0__alpha_async__baseline__s2__039f89ebd9,-0.0025530987181291,-0.0051998361283762,0.25,False,0.8220939895603875,0.002,0.016,markov,0.58,extended_moore_r2,30,70,0.9,0.2661528847940054,0.3,0,0.42,0.08,140,0.4109143300733711,0.4,10,0.395181266748946,4.461443228400115e-18,0.2,plastic,calibration,,False,alpha_async,30,130,180,2,-1,1.0,0.6,0.6,60,0.0757351683474201,0,0,40,0.9862689393939394,2,0,0.25,0.01,0.75,50.0,baseline,30.0,0.45,0.2,0.1,0.002,8.0,44,220,0.3924711980665563,-0.2319855835571806,0.0,0.125,0.1843622628562314,extended_moore_r2__ql__plastic__intr0__struct0__alpha_async__baseline__s2__2fa56178a0,0.0570462750766515,-0.0169892544041117,0.25,0.7705095040325639,0.002,ql,30,70,0.9,0.3028092342764056,0.3,0.42,0.08,140,0.3972491994120967,10,0.3633379665030097,4.0140343658362015e-18,0.2,calibration,,False,30,130,180,-1,1.0,60,0.0427874501454273,0,40,0.9752711776859504,2,0,0.25,0.01,0.75,50.0,30.0,0.45,0.2,0.1,0.002,8.0,0.018053454580431727,0.051584485527823576,0.0,0.03184330024593629,0.10148124035419159
44,220,0.4282819273042106,0.5,-0.2778749198129924,0.0,0.125,0.0,extended_moore_r2__markov__plastic__intr0__struct0__alpha_async__baseline__s2__b8183bfd52,-0.0050609130721958,-0.0155138303124977,0.25,False,0.6330710293184245,0.002,0.006,markov,0.62,extended_moore_r2,30,70,0.9,0.4215121121322931,0.3,0,0.42,0.08,140,0.4234597061355187,0.2,10,0.8360216073228113,3.860278291362345e-18,0.2,plastic,calibration,,False,alpha_async,30,130,180,2,-1,1.0,0.6,0.6,60,0.1449248450297726,0,0,40,1.0,2,0,0.25,0.01,0.75,50.0,baseline,30.0,0.45,0.2,0.1,0.002,8.0,44,220,0.4251346467578443,-0.2823672679252528,0.0,0.125,0.2189216683994596,extended_moore_r2__ql__plastic__intr0__struct0__alpha_async__baseline__s2__d30f240fbe,-0.0428859080780567,0.0097268555710673,0.25,0.6049744438813305,0.002,ql,30,70,0.9,0.4382363078617589,0.3,0.42,0.08,140,0.4217038099328483,10,0.8527023115757528,2.314089531790261e-18,0.2,calibration,,False,30,130,180,-1,1.0,60,0.2327960629200506,0,40,1.0,2,0,0.25,0.01,0.75,50.0,30.0,0.45,0.2,0.1,0.002,8.0,0.0031472805463663156,0.028096585437094035,0.0,0.016680704252941547,0.0479245702364019
44,220,0.4270239043097059,0.5,-0.2664441133278328,0.0,0.125,0.0,extended_moore_r2__markov__plastic__intr0__struct0__alpha_async__baseline__s1__dfee588952,-0.052626273481836,0.0040709308967736,0.25,False,0.7161670560438089,0.002,0.01,markov,0.62,extended_moore_r2,30,70,0.9,0.3694611453918135,0.3,0,0.42,0.08,140,0.4201962265359293,0.2,10,0.7655463203145905,3.2113003051717733e-18,0.2,plastic,calibration,,False,alpha_async,30,130,180,1,-1,1.0,0.6,0.6,60,0.192279848832508,0,0,40,1.0,2,0,0.25,0.01,0.75,50.0,baseline,30.0,0.45,0.2,0.1,0.002,8.0,44,220,0.4235440777833216,-0.245664607304809,0.0,0.125,0.1879362306815261,extended_moore_r2__ql__plastic__intr0__struct0__alpha_async__baseline__s1__b92b9f9068,0.0073243045772312,0.0044381513274964,0.25,0.7448325829491222,0.002,ql,30,70,0.9,0.3440331669462776,0.3,0.42,0.08,140,0.4152834015336832,10,0.666185380145028,5.677231657459165e-18,0.2,calibration,,False,30,130,180,-1,1.0,60,0.0882396597659277,0,40,0.99956955922865,2,0,0.25,0.01,0.75,50.0,30.0,0.45,0.2,0.1,0.002,8.0,0.0034798265263842887,0.02866552690531332,0.0,0.09936094016956243,0.13150629360126004
44,220,0.4314598841617749,0.5,-0.1939018414034077,0.0,0.125,0.0,extended_moore_r2__markov__plastic__intr0__struct0__alpha_async__baseline__s2__3273bae7bb,0.0070220582006237,0.0039433524544115,0.25,False,0.797152752491475,0.002,0.016,markov,0.62,extended_moore_r2,30,70,0.9,0.2972305150183885,0.3,0,0.42,0.08,140,0.4161260957267951,0.2,10,0.6386978372151473,4.1458755816244594e-18,0.2,plastic,calibration,,False,alpha_async,30,130,180,2,-1,1.0,0.6,0.6,60,0.1108595151752049,0,0,40,0.9946410123966942,2,0,0.25,0.01,0.75,50.0,baseline,30.0,0.45,0.2,0.1,0.002,8.0,44,220,0.4120050339373555,-0.1683398697986381,0.0,0.125,0.1733208358849668,extended_moore_r2__ql__plastic__intr0__struct0__alpha_async__baseline__s2__976dda4390,5.201366469913694e-05,0.0053377560082483,0.25,0.8087778623252262,0.002,ql,30,70,0.9,0.274804386087092,0.3,0.42,0.08,140,0.414473552024211,10,0.3973666228405477,3.610134415112508e-18,0.2,calibration,,False,30,130,180,-1,1.0,60,0.0716807086955821,0,40,0.9876248278236914,2,0,0.25,0.01,0.75,50.0,30.0,0.45,0.2,0.1,0.002,8.0,0.019454850224419395,0.011625109833751202,0.0,0.2413312143745996,0.2724111744327702
44,220,0.4276830343487641,0.5,-0.278272971878947,0.0,0.125,0.0,extended_moore_r2__markov__plastic__intr0__struct0__alpha_async__baseline__s1__80e9b34a96,-0.0111727453692367,0.0105552125162867,0.25,False,0.642253880534018,0.002,0.006,markov,0.62,extended_moore_r2,30,70,0.9,0.415788092278272,0.3,0,0.42,0.08,140,0.4240918993715372,0.3,10,0.8112620347628868,4.855519455764568e-18,0.2,plastic,calibration,,False,alpha_async,30,130,180,1,-1,1.0,0.6,0.6,60,0.1285501066170465,0,0,40,1.0,2,0,0.25,0.01,0.75,50.0,baseline,30.0,0.45,0.2,0.1,0.002,8.0,44,220,0.422743374640899,-0.2813604424510595,0.0,0.125,0.2201778729394934,extended_moore_r2__ql__plastic__intr0__struct0__alpha_async__baseline__s1__82f9e5682d,0.0252486197989834,-0.0016625709378087,0.25,0.6051977804001037,0.002,ql,30,70,0.9,0.4376531955328371,0.3,0.42,0.08,140,0.4193485387255013,10,0.8303428348278313,7.00939019715949e-18,0.2,calibration,,False,30,130,180,-1,1.0,60,0.2464029482334994,0,40,1.0,2,0,0.25,0.01,0.75,50.0,30.0,0.45,0.2,0.1,0.002,8.0,0.004939659707865085,0.03705610013391425,0.0,0.019080800064944503,0.06107655990672384
44,220,0.4226319738850276,0.5,-0.2672234403510811,0.0,0.125,0.0,extended_moore_r2__markov__plastic__intr0__struct0__alpha_async__baseline__s2__8d73056fad,-0.0008513733425171,-0.0103370753507345,0.25,False,0.7032031349567229,0.002,0.01,markov,0.62,extended_moore_r2,30,70,0.9,0.3748901654249513,0.3,0,0.42,0.08,140,0.4185150501601847,0.3,10,0.7451468066771667,3.314423079356776e-18,0.2,plastic,calibration,,False,alpha_async,30,130,180,2,-1,1.0,0.6,0.6,60,0.1669567356977329,0,0,40,0.999956955922865,2,0,0.25,0.01,0.75,50.0,baseline,30.0,0.45,0.2,0.1,0.002,8.0,44,220,0.4184399534569245,-0.2669371490568906,0.0,0.125,0.1967921553120334,extended_moore_r2__ql__plastic__intr0__struct0__alpha_async__baseline__s2__f8907a6b78,0.0047297295577723,-0.0043833283198182,0.25,0.7004209287567325,0.002,ql,30,70,0.9,0.3757125664503964,0.3,0.42,0.08,140,0.4144621163379984,10,0.7059138840287154,4.065679212703376e-18,0.2,calibration,,False,30,130,180,-1,1.0,60,0.1415180376851829,0,40,0.9995265151515152,2,0,0.25,0.01,0.75,50.0,30.0,0.45,0.2,0.1,0.002,8.0,0.004192020428103127,0.002782206199990478,0.0,0.03923292264845135,0.046207149276544957
44,220,0.4262783974026378,0.5,-0.20612296619721,0.0,0.125,0.0,extended_moore_r2__markov__plastic__intr0__struct0__alpha_async__baseline__s2__98764a45cd,0.0098479775796426,0.0059000336678867,0.25,False,0.7892374022894137,0.002,0.016,markov,0.62,extended_moore_r2,30,70,0.9,0.3046842375550607,0.3,0,0.42,0.08,140,0.4141989027258005,0.3,10,0.5953028196776415,4.311931360432192e-18,0.2,plastic,calibration,,False,alpha_async,30,130,180,2,-1,1.0,0.6,0.6,60,0.0499831231710293,0,0,40,0.993586432506887,2,0,0.25,0.01,0.75,50.0,baseline,30.0,0.45,0.2,0.1,0.002,8.0,44,220,0.4017291749876012,-0.2093961314399472,0.0,0.125,0.1829924239372288,extended_moore_r2__ql__plastic__intr0__struct0__alpha_async__baseline__s2__25ba31ba12,0.0194382756329073,-0.0024356978936851,0.25,0.7666514486745948,0.002,ql,30,70,0.9,0.3098840473014383,0.3,0.42,0.08,140,0.4045815621400844,10,0.4653585809114307,4.2696771391128135e-18,0.2,calibration,,False,30,130,180,-1,1.0,60,0.0784422313911319,0,40,0.9831912878787878,2,0,0.25,0.01,0.75,50.0,30.0,0.45,0.2,0.1,0.002,8.0,0.024549222415036598,0.022585953614818965,0.0,0.12994423876621086,0.17707941479606643
44,220,0.4257551571898064,0.5,-0.2733082120355937,0.0,0.125,0.0,extended_moore_r2__markov__plastic__intr0__struct0__alpha_async__baseline__s2__b39d74387a,-0.0176731689787438,-0.0050829479030691,0.25,False,0.6484979525854604,0.002,0.006,markov,0.62,extended_moore_r2,30,70,0.9,0.4098923684049558,0.3,0,0.42,0.08,140,0.4222956212419361,0.4,10,0.7932589334811914,3.097015100837195e-18,0.2,plastic,calibration,,False,alpha_async,30,130,180,2,-1,1.0,0.6,0.6,60,0.1703921838776893,0,0,40,1.0,2,0,0.25,0.01,0.75,50.0,baseline,30.0,0.45,0.2,0.1,0.002,8.0,44,220,0.4246530771646777,-0.2843096660901048,0.0,0.125,0.2248341564563964,extended_moore_r2__ql__plastic__intr0__struct0__alpha_async__baseline__s2__3f359947df,0.0365874512067612,-0.0049233242059778,0.25,0.5667109427168446,0.002,ql,30,70,0.9,0.4579408716271935,0.3,0.42,0.08,140,0.4208432941382513,10,0.8768962737718994,2.709832328950892e-18,0.2,calibration,,False,30,130,180,-1,1.0,60,0.3409632791862799,0,40,1.0,2,0,0.25,0.01,0.75,50.0,30.0,0.45,0.2,0.1,0.002,8.0,0.0011020800251286822,0.08178700986861576,0.0,0.08363734029070802,0.16652643018445246
44,220,0.4220961508117245,0.5,-0.2782103513556502,0.0,0.125,0.0,extended_moore_r2__markov__plastic__intr0__struct0__alpha_async__baseline__s2__31a8bea79f,-0.0060795177832401,-0.0035061256937737,0.25,False,0.6826073793555534,0.002,0.01,markov,0.62,extended_moore_r2,30,70,0.9,0.3920814817408073,0.3,0,0.42,0.08,140,0.4171315137362992,0.4,10,0.7714736629790753,3.7991319244989415e-18,0.2,plastic,calibration,,False,alpha_async,30,130,180,2,-1,1.0,0.6,0.6,60,0.2352938759033086,0,0,40,0.9999354338842976,2,0,0.25,0.01,0.75,50.0,baseline,30.0,0.45,0.2,0.1,0.002,8.0,44,220,0.4166792697671955,-0.2653091782994478,0.0,0.125,0.1961676083359126,extended_moore_r2__ql__plastic__intr0__struct0__alpha_async__baseline__s2__f578f731d2,-0.0288428900699664,0.0039986014542676,0.25,0.7076832219879289,0.002,ql,30,70,0.9,0.3695589768931968,0.3,0.42,0.08,140,0.4133022146241687,10,0.6827319500442712,5.0455365608708445e-18,0.2,calibration,,False,30,130,180,-1,1.0,60,0.1623574313201691,0,40,0.9992467286501376,2,0,0.25,0.01,0.75,50.0,30.0,0.45,0.2,0.1,0.002,8.0,0.005416881044529032,0.0250758426323755,0.0,0.08874171293480404,0.11923443661170857
44,220,0.4298552062259725,0.5,-0.1990529878424358,0.0,0.125,0.0,extended_moore_r2__markov__plastic__intr0__struct0__alpha_async__baseline__s1__171768a885,0.0242176617652347,0.0025110296516309,0.25,False,0.7914713070227959,0.002,0.016,markov,0.62,extended_moore_r2,30,70,0.9,0.3035512857067515,0.3,0,0.42,0.08,140,0.4151543865852032,0.4,10,0.6432561918967148,4.131196940282572e-18,0.2,plastic,calibration,,False,alpha_async,30,130,180,1,-1,1.0,0.6,0.6,60,0.0538515824259007,0,0,40,0.993758608815427,2,0,0.25,0.01,0.75,50.0,baseline,30.0,0.45,0.2,0.1,0.002,8.0,44,220,0.409353844150854,-0.2070172442240739,0.0,0.125,0.1733768665006627,extended_moore_r2__ql__plastic__intr0__struct0__alpha_async__baseline__s1__1079e8b780,0.0142716386882269,0.0016329314905891,0.25,0.7793440207557689,0.002,ql,30,70,0.9,0.3034379308439152,0.3,0.42,0.08,140,0.4152540234630785,10,0.4882809082629123,4.9753622159473546e-18,0.2,calibration,,False,30,130,180,-1,1.0,60,0.0852314421098114,0,40,0.9932420798898072,2,0,0.25,0.01,0.75,50.0,30.0,0.45,0.2,0.1,0.002,8.0,0.02050136207511849,0.012127286267026971,0.0,0.15497528363380247,0.18760393197594794
44,220,0.4482596434955658,0.5,-0.0516311222285894,0.0,0.125,0.0,extended_moore_r2__markov__plastic__intr0__struct0__alpha_async__baseline__s1__7521704433,0.0089818033025922,0.0166171234984184,0.25,False,0.8089646029053563,0.002,0.006,markov,0.68,extended_moore_r2,30,70,0.9,0.2794786159947323,0.3,0,0.42,0.08,140,0.4384042386361315,0.2,10,0.8668377084416414,4.0566477834618994e-18,0.2,plastic,calibration,,False,alpha_async,30,130,180,1,-1,1.0,0.6,0.6,60,0.0276857576188542,0,0,40,1.0,2,0,0.25,0.01,0.75,50.0,baseline,30.0,0.45,0.2,0.1,0.002,8.0,44,220,0.4412110779464839,-0.0932586083707073,0.0,0.125,0.1549495322355464,extended_moore_r2__ql__plastic__intr0__struct0__alpha_async__baseline__s1__3a8f7ae019,0.0125874620410184,0.0162658449822299,0.25,0.7902225397520903,0.002,ql,30,70,0.9,0.2962439529182462,0.3,0.42,0.08,140,0.4353786506532348,10,0.8267195566205743,4.4576180007806485e-18,0.2,calibration,,False,30,130,180,-1,1.0,60,0.0478068793262826,0,40,1.0,2,0,0.25,0.01,0.75,50.0,30.0,0.45,0.2,0.1,0.002,8.0,0.007048565549081898,0.018742063153265986,0.0,0.04011815182106715,0.06590878052341503
44,220,0.4507136873711942,0.5,-0.0039955333184801,0.0,0.125,0.0,extended_moore_r2__markov__plastic__intr0__struct0__alpha_async__baseline__s1__528ca3961b,0.0099204804074327,0.0243400224296678,0.25,False,0.8285059976596589,0.002,0.01,markov,0.68,extended_moore_r2,30,70,0.9,0.2599605177859238,0.3,0,0.42,0.08,140,0.438780440909857,0.2,10,0.8673658041573543,4.81837646294881e-18,0.2,plastic,calibration,,False,alpha_async,30,130,180,1,-1,1.0,0.6,0.6,60,0.0308883216290745,0,0,40,1.0,2,0,0.25,0.01,0.75,50.0,baseline,30.0,0.45,0.2,0.1,0.002,8.0,44,220,0.4407558048856358,-0.0402712770416242,0.0,0.125,0.1415691950932905,extended_moore_r2__ql__plastic__intr0__struct0__alpha_async__baseline__s1__d4c1a32e2b,0.0222005504868727,0.0303080859988089,0.25,0.8171635423031068,0.002,ql,30,70,0.9,0.2700051118999688,0.3,0.42,0.08,140,0.4357969421409049,10,0.7930495703851275,3.726413728490267e-18,0.2,calibration,,False,30,130,180,-1,1.0,60,0.0254042927902303,0,40,1.0,2,0,0.25,0.01,0.75,50.0,30.0,0.45,0.2,0.1,0.002,8.0,0.0099578824855584,0.011342455356552095,0.0,0.07431623377222685,0.09561657161433734
44,220,0.4787705857796676,0.5,-0.0455405190470664,0.0,0.125,0.0,extended_moore_r2__markov__plastic__intr0__struct0__alpha_async__baseline__s1__d6a8d84629,-0.0108704780381109,0.0054958448767067,0.25,False,0.8291691361783751,0.002,0.016,markov,0.68,extended_moore_r2,30,70,0.9,0.2607086071890053,0.3,0,0.42,0.08,140,0.4405261470687645,0.2,10,0.721386576443402,4.819678152885532e-18,0.2,plastic,calibration,,False,alpha_async,30,130,180,1,-1,1.0,0.6,0.6,60,0.0054505067189279,0,0,40,1.0,2,0,0.25,0.01,0.75,50.0,baseline,30.0,0.45,0.2,0.1,0.002,8.0,44,220,0.441116903681188,-0.0063322989049849,0.0,0.125,0.1356256107659195,extended_moore_r2__ql__plastic__intr0__struct0__alpha_async__baseline__s1__8f3ecc533c,0.0321815607538754,0.0385835962571354,0.25,0.8304673208853692,0.002,ql,30,70,0.9,0.2550956794853861,0.3,0.42,0.08,140,0.4354244731246074,10,0.7820139728611583,4.7649273782048124e-18,0.2,calibration,,False,30,130,180,-1,1.0,60,0.022473993561159,0,40,1.0,2,0,0.25,0.01,0.75,50.0,30.0,0.45,0.2,0.1,0.002,8.0,0.03765368209847958,0.0012981847069941654,0.0,0.060627396417756274,0.09957926322323002
44,220,0.4801682774291497,0.5,-0.0476897706659664,0.0,0.125,0.0,extended_moore_r2__markov__plastic__intr0__struct0__alpha_async__baseline__s1__113cfda95f,-0.0095186213466624,0.0054954425777028,0.25,False,0.8268719546992738,0.002,0.006,markov,0.68,extended_moore_r2,30,70,0.9,0.2627645703843845,0.3,0,0.42,0.08,140,0.4413669492319897,0.3,10,0.7133129325509525,4.609503188907381e-18,0.2,plastic,calibration,,False,alpha_async,30,130,180,1,-1,1.0,0.6,0.6,60,0.0050189348274381,0,0,40,1.0,2,0,0.25,0.01,0.75,50.0,baseline,30.0,0.45,0.2,0.1,0.002,8.0,44,220,0.4403875750677575,-0.0942596115714477,0.0,0.125,0.1545644572677865,extended_moore_r2__ql__plastic__intr0__struct0__alpha_async__baseline__s1__c8fcf63fc6,0.0124080422587746,0.0168222898129692,0.25,0.7895577570163765,0.002,ql,30,70,0.9,0.2961402408831433,0.3,0.42,0.08,140,0.4342952944365273,10,0.8168591030807772,3.9906923719512925e-18,0.2,calibration,,False,30,130,180,-1,1.0,60,0.0460400661029062,0,40,1.0,2,0,0.25,0.01,0.75,50.0,30.0,0.45,0.2,0.1,0.002,8.0,0.039780702361392195,0.03731419768289723,0.0,0.10354617052982473,0.18064107057411416
44,220,0.478995957092225,0.5,-0.0474561240790187,0.0,0.125,0.0,extended_moore_r2__markov__plastic__intr0__struct0__alpha_async__baseline__s1__0283a84845,-0.0093638126727119,0.0062039910089961,0.25,False,0.8277097731548166,0.002,0.01,markov,0.68,extended_moore_r2,30,70,0.9,0.2622036351424078,0.3,0,0.42,0.08,140,0.440938135890789,0.3,10,0.7181070732283417,4.763730959998316e-18,0.2,plastic,calibration,,False,alpha_async,30,130,180,1,-1,1.0,0.6,0.6,60,0.0052943833845978,0,0,40,1.0,2,0,0.25,0.01,0.75,50.0,baseline,30.0,0.45,0.2,0.1,0.002,8.0,44,220,0.4428179070684539,-0.0298065517895651,0.0,0.125,0.1408180015377836,extended_moore_r2__ql__plastic__intr0__struct0__alpha_async__baseline__s1__ede18692a3,0.0300019242862066,0.037943037932514,0.25,0.8215490710491002,0.002,ql,30,70,0.9,0.2657160383128076,0.3,0.42,0.08,140,0.4356788840395225,10,0.8102053770992013,4.096960486242272e-18,0.2,calibration,,False,30,130,180,-1,1.0,60,0.0254021686384305,0,40,1.0,2,0,0.25,0.01,0.75,50.0,30.0,0.45,0.2,0.1,0.002,8.0,0.03617805002377106,0.006160702105716398,0.0,0.0920983038708596,0.13443705600034705
44,220,0.4775694808281383,0.5,-0.0467617439704034,0.0,0.125,0.0,extended_moore_r2__markov__plastic__intr0__struct0__alpha_async__baseline__s1__a90c63936a,-0.0098646909728836,0.0059850554500126,0.25,False,0.82917253504645,0.002,0.016,markov,0.68,extended_moore_r2,30,70,0.9,0.2612055571607819,0.3,0,0.42,0.08,140,0.4399390963072764,0.3,10,0.7290509035807898,4.891597874291733e-18,0.2,plastic,calibration,,False,alpha_async,30,130,180,1,-1,1.0,0.6,0.6,60,0.0054696662156457,0,0,40,1.0,2,0,0.25,0.01,0.75,50.0,baseline,30.0,0.45,0.2,0.1,0.002,8.0,44,220,0.4407769567171495,-0.0073330864942544,0.0,0.125,0.136544606787116,extended_moore_r2__ql__plastic__intr0__struct0__alpha_async__baseline__s1__fb0ac21957,0.0314503747979643,0.0369595075897555,0.25,0.8293404797543373,0.002,ql,30,70,0.9,0.2558652008562844,0.3,0.42,0.08,140,0.4349393398437467,10,0.7817244370865367,4.185695017375347e-18,0.2,calibration,,False,30,130,180,-1,1.0,60,0.0224412929951618,0,40,1.0,2,0,0.25,0.01,0.75,50.0,30.0,0.45,0.2,0.1,0.002,8.0,0.03679252411098882,0.00016794470788727978,0.0,0.05267353350574688,0.08963400232462299
44,220,0.455134881799203,0.5,-0.1424385595762909,0.0,0.125,0.0,extended_moore_r2__markov__plastic__intr0__struct0__alpha_async__baseline__s1__5f8ee0a42a,-0.0026190507081142,0.0217310821608766,0.25,False,0.7733776166190541,0.002,0.006,markov,0.68,extended_moore_r2,30,70,0.9,0.3143017796387267,0.3,0,0.42,0.08,140,0.4350301898497007,0.4,10,0.838874217795405,3.764728866418334e-18,0.2,plastic,calibration,,False,alpha_async,30,130,180,1,-1,1.0,0.6,0.6,60,0.0484305968711153,0,0,40,1.0,2,0,0.25,0.01,0.75,50.0,baseline,30.0,0.45,0.2,0.1,0.002,8.0,44,220,0.4787962564157853,-0.0439326770763159,0.0,0.125,0.1290239690910653,extended_moore_r2__ql__plastic__intr0__struct0__alpha_async__baseline__s1__61c7009dca,-0.010656924767656,0.0068153211316488,0.25,0.826343283323774,0.002,ql,30,70,0.9,0.2616297179554046,0.3,0.42,0.08,140,0.4380477796194471,10,0.7187026071670706,4.8155401894279435e-18,0.2,calibration,,False,30,130,180,-1,1.0,60,0.0055893578029601,0,40,1.0,2,0,0.25,0.01,0.75,50.0,30.0,0.45,0.2,0.1,0.002,8.0,0.023661374616582354,0.052965666704719916,0.0,0.12017161062833448,0.19679865194963675
44,220,0.4529042708337976,0.5,-0.0246110622724587,0.0,0.125,0.0,extended_moore_r2__markov__plastic__intr0__struct0__alpha_async__baseline__s1__c7a93ae558,0.0014115694910273,0.01616272929177,0.25,False,0.8256085456392077,0.002,0.01,markov,0.68,extended_moore_r2,30,70,0.9,0.2655419465350681,0.3,0,0.42,0.08,140,0.4371802388761346,0.4,10,0.8755850426498197,5.0180456520630775e-18,0.2,plastic,calibration,,False,alpha_async,30,130,180,1,-1,1.0,0.6,0.6,60,0.0279402421480247,0,0,40,1.0,2,0,0.25,0.01,0.75,50.0,baseline,30.0,0.45,0.2,0.1,0.002,8.0,44,220,0.4781166364265635,-0.0430139680194695,0.0,0.125,0.1256166448604112,extended_moore_r2__ql__plastic__intr0__struct0__alpha_async__baseline__s1__68faf62318,-0.0080261277442966,0.0069870208724985,0.25,0.8271407438979889,0.002,ql,30,70,0.9,0.2609705563113113,0.3,0.42,0.08,140,0.4385672208715109,10,0.7256187774346097,4.6988747635744404e-18,0.2,calibration,,False,30,130,180,-1,1.0,60,0.0050795486486454,0,40,1.0,2,0,0.25,0.01,0.75,50.0,30.0,0.45,0.2,0.1,0.002,8.0,0.025212365592765906,0.0015321982587811478,0.0,0.14996626521521006,0.1767108290667571
44,220,0.4458843050561817,0.5,-0.0124098240743033,0.0,0.125,0.0,extended_moore_r2__markov__plastic__intr0__struct0__alpha_async__baseline__s1__1daefedf93,-0.0077575094604857,0.0094613429250919,0.25,False,0.8288250305464707,0.002,0.016,markov,0.68,extended_moore_r2,30,70,0.9,0.259760360299931,0.3,0,0.42,0.08,140,0.4367709078381379,0.4,10,0.8190420602329568,4.540189014340244e-18,0.2,plastic,calibration,,False,alpha_async,30,130,180,1,-1,1.0,0.6,0.6,60,0.0288771179232726,0,0,40,0.9999784779614324,2,0,0.25,0.01,0.75,50.0,baseline,30.0,0.45,0.2,0.1,0.002,8.0,44,220,0.4411534915519827,-0.0083703385484165,0.0,0.125,0.1372821894933291,extended_moore_r2__ql__plastic__intr0__struct0__alpha_async__baseline__s1__11b5c98d5d,0.0293965787362959,0.0396261351119078,0.25,0.8286490758234845,0.002,ql,30,70,0.9,0.2567593628672794,0.3,0.42,0.08,140,0.4342533031391004,10,0.7869698966474168,4.3622287432287354e-18,0.2,calibration,,False,30,130,180,-1,1.0,60,0.0232224762308192,0,40,0.999956955922865,2,0,0.25,0.01,0.75,50.0,30.0,0.45,0.2,0.1,0.002,8.0,0.004730813504199016,0.00017595472298626014,0.0,0.03207216358553999,0.03697893181272527
44,220,0.3991847828256773,0.5,-0.1137455186376363,0.0,0.125,0.0,extended_moore_r2__markov__plastic__intr0__struct0__alpha_async__lesion__s2__1a7a0a63bf,0.0112076801298124,0.0330838668267379,0.25,False,0.589361131359236,0.002,0.006,markov,0.58,extended_moore_r2,30,70,0.9,0.3833920629919495,0.3,0,0.42,0.08,140,0.3023144672230912,0.2,10,1.1458779223611233,4.350801544586178e-18,0.2,plastic,calibration,-0.0223030880565591,False,alpha_async,30,130,180,2,-1,1.0,0.6,0.6,60,0.1769112552993977,0,0,40,1.0,2,0,0.25,0.01,0.75,50.0,lesion,30.0,0.45,0.2,0.1,0.002,8.0,44,220,0.4254502825132675,-0.2870119687152097,0.0,0.125,0.2330014709208786,extended_moore_r2__ql__plastic__intr0__struct0__alpha_async__lesion__s2__da2ee58615,0.0105208786609054,3.642355540979568e-05,0.25,0.614452788886968,0.002,ql,30,70,0.9,0.4372671305723368,0.3,0.42,0.08,140,0.3732167427414807,10,0.8535156726469266,3.357674563952259e-18,0.2,calibration,-0.0014135848343113,False,30,130,180,-1,1.0,60,0.3011402581452824,0,40,1.0,2,0,0.25,0.01,0.75,50.0,30.0,0.45,0.2,0.1,0.002,8.0,0.026265499687590177,0.025091657527732014,0.0208895032222478,0.29236224971419666,0.36460891015176666
44,220,0.3908490773978103,0.5,-0.0711604889014577,0.0,0.125,0.0,extended_moore_r2__markov__plastic__intr0__struct0__alpha_async__lesion__s1__50954513ea,0.0146986043390927,0.0275492626583208,0.25,False,0.6385843580894837,0.002,0.01,markov,0.58,extended_moore_r2,30,70,0.9,0.347768306574944,0.3,0,0.42,0.08,140,0.2943015054371697,0.2,10,1.1297746210636408,7.20801374515111e-18,0.2,plastic,calibration,-0.0176419849911842,False,alpha_async,30,130,180,1,-1,1.0,0.6,0.6,60,0.1898064319829664,0,0,40,0.9993328168044076,2,0,0.25,0.01,0.75,50.0,lesion,30.0,0.45,0.2,0.1,0.002,8.0,44,220,0.4203197406103183,-0.2831444167822984,0.0,0.125,0.2215274881633541,extended_moore_r2__ql__plastic__intr0__struct0__alpha_async__lesion__s1__d48869ef45,-0.0045316657418327,-0.003973353927359,0.25,0.6589660428928732,0.002,ql,30,70,0.9,0.409331337362868,0.3,0.42,0.08,140,0.370025756897081,10,0.7905494684809508,5.622016151711101e-18,0.2,calibration,-0.005027085160398,False,30,130,180,-1,1.0,60,0.2050288636729802,0,40,0.9995265151515152,2,0,0.25,0.01,0.75,50.0,30.0,0.45,0.2,0.1,0.002,8.0,0.02947066321250802,0.020381684803389533,0.012614899830786199,0.33922515258269004,0.4016924004293738
44,220,0.3792765744125275,0.5,0.0040847021771817,0.0,0.125,0.0,extended_moore_r2__markov__plastic__intr0__struct0__alpha_async__lesion__s1__6db781696b,0.0365307981788991,0.0397279630720374,0.25,False,0.6763609761159428,0.002,0.016,markov,0.58,extended_moore_r2,30,70,0.9,0.3032067821036596,0.3,0,0.42,0.08,140,0.2843710590697352,0.2,10,1.059963199858269,6.108290098768288e-18,0.2,plastic,calibration,0.0091075613149633,False,alpha_async,30,130,180,1,-1,1.0,0.6,0.6,60,0.1193053249773801,0,0,40,0.9928331611570248,2,0,0.25,0.01,0.75,50.0,lesion,30.0,0.45,0.2,0.1,0.002,8.0,44,220,0.4125099178972681,-0.2697871446038951,0.0,0.125,0.212931735642898,extended_moore_r2__ql__plastic__intr0__struct0__alpha_async__lesion__s1__6dffb2549d,-0.0045234043484876,-0.0251202689330253,0.25,0.7264385285221793,0.002,ql,30,70,0.9,0.3589168643828799,0.3,0.42,0.08,140,0.3620083877976564,10,0.6296559749755881,4.209342815647379e-18,0.2,calibration,-0.0053662564867484,False,30,130,180,-1,1.0,60,0.1039715203644896,0,40,0.9928116391184572,2,0,0.25,0.01,0.75,50.0,30.0,0.45,0.2,0.1,0.002,8.0,0.03323334348474061,0.05007755240623646,0.0144738178017117,0.4303072248826809,0.5280919385753697
44,220,0.3923679663673675,0.5,-0.0892912773916824,0.0,0.125,0.0,extended_moore_r2__markov__plastic__intr0__struct0__alpha_async__lesion__s2__acdc7d54e6,0.0173638423994773,0.0373547342886418,0.25,False,0.5755889526015261,0.002,0.006,markov,0.58,extended_moore_r2,30,70,0.9,0.3794178373795784,0.3,0,0.42,0.08,140,0.2967208272890136,0.3,10,1.1851862141646132,4.292609642837138e-18,0.2,plastic,calibration,-0.0182447464959148,False,alpha_async,30,130,180,2,-1,1.0,0.6,0.6,60,0.1750049869979887,0,0,40,1.0,2,0,0.25,0.01,0.75,50.0,lesion,30.0,0.45,0.2,0.1,0.002,8.0,44,220,0.4249245545452583,-0.2865938509928969,0.0,0.125,0.2330759826895134,extended_moore_r2__ql__plastic__intr0__struct0__alpha_async__lesion__s2__82b612705a,0.0152381933433861,0.0031161848453743,0.25,0.6122949041741113,0.002,ql,30,70,0.9,0.4375763615609186,0.3,0.42,0.08,140,0.3720785317952697,10,0.85675344055798,3.0888391326648484e-18,0.2,calibration,0.0049817790012865,False,30,130,180,-1,1.0,60,0.2977703247239417,0,40,1.0,2,0,0.25,0.01,0.75,50.0,30.0,0.45,0.2,0.1,0.002,8.0,0.03255658817789081,0.03670595157258516,0.023226525497201302,0.32843277360663325,0.42092183885431056
44,220,0.382820444392402,0.5,-0.040668582663636,0.0,0.125,0.0,extended_moore_r2__markov__plastic__intr0__struct0__alpha_async__lesion__s1__1f9b387ce6,0.0223039175836002,0.0390924632505712,0.25,False,0.6238204231720301,0.002,0.01,markov,0.58,extended_moore_r2,30,70,0.9,0.3427246899031966,0.3,0,0.42,0.08,140,0.2886056849040891,0.3,10,1.1625591214279112,7.50288173777062e-18,0.2,plastic,calibration,-0.0106826770334611,False,alpha_async,30,130,180,1,-1,1.0,0.6,0.6,60,0.1692260961974648,0,0,40,0.9994619490358126,2,0,0.25,0.01,0.75,50.0,lesion,30.0,0.45,0.2,0.1,0.002,8.0,44,220,0.4205338912654267,-0.283538494816482,0.0,0.125,0.2230850398564297,extended_moore_r2__ql__plastic__intr0__struct0__alpha_async__lesion__s1__f6bba3b533,-0.0020071823861524,-0.0050612248050274,0.25,0.653424973040232,0.002,ql,30,70,0.9,0.4136444302018729,0.3,0.42,0.08,140,0.3692197136007213,10,0.8066311528311662,6.1467539517491136e-18,0.2,calibration,-0.0017374351129007,False,30,130,180,-1,1.0,60,0.1996394228626527,0,40,0.9995910812672176,2,0,0.25,0.01,0.75,50.0,30.0,0.45,0.2,0.1,0.002,8.0,0.03771344687302469,0.029604549868201824,0.0089452419205604,0.355927968596745,0.43219120725853194
44,220,0.369705170222573,0.5,0.0380983777807593,0.0,0.125,0.0,extended_moore_r2__markov__plastic__intr0__struct0__alpha_async__lesion__s1__e74d4b4fdb,0.039182539451595,0.0403064645022127,0.25,False,0.6516062085663348,0.002,0.016,markov,0.58,extended_moore_r2,30,70,0.9,0.3040659082784926,0.3,0,0.42,0.08,140,0.2785952591800625,0.3,10,1.0936527745267737,5.257112612908775e-18,0.2,plastic,calibration,0.0168833830822514,False,alpha_async,30,130,180,1,-1,1.0,0.6,0.6,60,0.1091915555733254,0,0,40,0.99227358815427,2,0,0.25,0.01,0.75,50.0,lesion,30.0,0.45,0.2,0.1,0.002,8.0,44,220,0.4130922244466086,-0.2712791024345793,0.0,0.125,0.2140025659212021,extended_moore_r2__ql__plastic__intr0__struct0__alpha_async__lesion__s1__4956a2c229,-0.0071328055581924,-0.026270438675413,0.25,0.719210733009522,0.002,ql,30,70,0.9,0.3637992333322247,0.3,0.42,0.08,140,0.3618129580717826,10,0.6379017124125128,4.482623703443301e-18,0.2,calibration,-0.0087870608267735,False,30,130,180,-1,1.0,60,0.0977238041134984,0,40,0.9927901170798898,2,0,0.25,0.01,0.75,50.0,30.0,0.45,0.2,0.1,0.002,8.0,0.043387054224035604,0.06760452444318721,0.025670443909024898,0.45575106211426086,0.5924130846905086
44,220,0.3852307147806175,0.5,-0.060442946767264,0.0,0.125,0.0,extended_moore_r2__markov__plastic__intr0__struct0__alpha_async__lesion__s2__884186d698,0.0244081668655307,0.0414430395767965,0.25,False,0.5623259589589701,0.002,0.006,markov,0.58,extended_moore_r2,30,70,0.9,0.3735440918502961,0.3,0,0.42,0.08,140,0.2910392996354144,0.4,10,1.2338383185684756,4.415998850677042e-18,0.2,plastic,calibration,-0.0117304854208539,False,alpha_async,30,130,180,2,-1,1.0,0.6,0.6,60,0.1743380955844706,0,0,40,1.0,2,0,0.25,0.01,0.75,50.0,lesion,30.0,0.45,0.2,0.1,0.002,8.0,44,220,0.4244611289003092,-0.2869014237094154,0.0,0.125,0.2341251596135645,extended_moore_r2__ql__plastic__intr0__struct0__alpha_async__lesion__s2__551fe7def3,0.012357613067724,0.0075312411265557,0.25,0.6083249044958976,0.002,ql,30,70,0.9,0.4387499784497796,0.3,0.42,0.08,140,0.3711569529472036,10,0.8506855911841574,2.971160237170076e-18,0.2,calibration,0.0015848934104529,False,30,130,180,-1,1.0,60,0.3119962824600364,0,40,1.0,2,0,0.25,0.01,0.75,50.0,30.0,0.45,0.2,0.1,0.002,8.0,0.03923041411969169,0.045998945536927516,0.013315378831306799,0.38315272738431816,0.48169746587224416
44,220,0.3717235695219479,0.5,-0.0051427366396546,0.0,0.125,0.0,extended_moore_r2__markov__plastic__intr0__struct0__alpha_async__lesion__s2__32caab10e2,0.0259638945298254,0.0592318471890946,0.25,False,0.6054376217132605,0.002,0.01,markov,0.58,extended_moore_r2,30,70,0.9,0.3361893856002317,0.3,0,0.42,0.08,140,0.2821677563037165,0.4,10,1.18889568493638,5.233000679641722e-18,0.2,plastic,calibration,-0.0002356020627419,False,alpha_async,30,130,180,2,-1,1.0,0.6,0.6,60,0.0762087438963763,0,0,40,0.99965564738292,2,0,0.25,0.01,0.75,50.0,lesion,30.0,0.45,0.2,0.1,0.002,8.0,44,220,0.4189286113163472,-0.2836943127965201,0.0,0.125,0.2248246059695269,extended_moore_r2__ql__plastic__intr0__struct0__alpha_async__lesion__s2__cc2d6a961b,-0.0093953037889677,-0.009326981693553,0.25,0.6329273344265549,0.002,ql,30,70,0.9,0.422840974780762,0.3,0.42,0.08,140,0.3667851527054868,10,0.8092668406575458,3.719672035799258e-18,0.2,calibration,-0.0114391367881299,False,30,130,180,-1,1.0,60,0.215374599225405,0,40,0.9991606404958676,2,0,0.25,0.01,0.75,50.0,30.0,0.45,0.2,0.1,0.002,8.0,0.04720504179439927,0.027489712713294367,0.011203534725388,0.37962884427883425,0.4655271335119159
44,220,0.3667776417310171,0.5,0.0704166981307419,0.0,0.125,0.0,extended_moore_r2__markov__plastic__intr0__struct0__alpha_async__lesion__s1__78f5f850a9,0.0375182625322023,0.0371368777688961,0.25,False,0.6562033501796809,0.002,0.016,markov,0.58,extended_moore_r2,30,70,0.9,0.2917718230449648,0.3,0,0.42,0.08,140,0.2756728315015329,0.4,10,1.0922849599181776,4.8686837029338944e-18,0.2,plastic,calibration,0.0134506348988161,False,alpha_async,30,130,180,1,-1,1.0,0.6,0.6,60,0.06114161264365,0,0,40,0.9935649104683196,2,0,0.25,0.01,0.75,50.0,lesion,30.0,0.45,0.2,0.1,0.002,8.0,44,220,0.411174859066719,-0.2665156645365656,0.0,0.125,0.2152231863596418,extended_moore_r2__ql__plastic__intr0__struct0__alpha_async__lesion__s1__e62ce3fc09,-0.0092390741384934,-0.021706042128562,0.25,0.7281402654988668,0.002,ql,30,70,0.9,0.3562940285532857,0.3,0.42,0.08,140,0.3608789097913323,10,0.6028517091942023,3.998208444523097e-18,0.2,calibration,-0.0140022069208508,False,30,130,180,-1,1.0,60,0.118436264667896,0,40,0.9928116391184572,2,0,0.25,0.01,0.75,50.0,30.0,0.45,0.2,0.1,0.002,8.0,0.0443972173357019,0.07193691531918589,0.0274528418196669,0.48943325072397537,0.63322022519853
44,220,0.408595762359954,0.5,-0.1594130705363285,0.0,0.125,0.0,extended_moore_r2__markov__plastic__intr0__struct0__alpha_async__lesion__s2__2f5bd92305,0.0008749480137614,0.0226766345067077,0.25,False,0.5986499300900285,0.002,0.006,markov,0.62,extended_moore_r2,30,70,0.9,0.3966522119757078,0.3,0,0.42,0.08,140,0.3122829144888234,0.2,10,1.090170680584973,4.459813534435535e-18,0.2,plastic,calibration,-0.0261927166054466,False,alpha_async,30,130,180,2,-1,1.0,0.6,0.6,60,0.2153522868193142,0,0,40,1.0,2,0,0.25,0.01,0.75,50.0,lesion,30.0,0.45,0.2,0.1,0.002,8.0,44,220,0.4282352824031658,-0.2850775453511001,0.0,0.125,0.2269956612574875,extended_moore_r2__ql__plastic__intr0__struct0__alpha_async__lesion__s2__c434a57474,-0.0015294589117149,-0.0202029995907081,0.25,0.6192336918407257,0.002,ql,30,70,0.9,0.4345975887774244,0.3,0.42,0.08,140,0.3781097835921177,10,0.8537946198332187,2.7226606384111842e-18,0.2,calibration,-0.0146748007254094,False,30,130,180,-1,1.0,60,0.2536206807243,0,40,1.0,2,0,0.25,0.01,0.75,50.0,30.0,0.45,0.2,0.1,0.002,8.0,0.01963952004321179,0.020583761750697205,0.011517915880037201,0.2363760607517542,0.2881172584257004
44,220,0.4035112652761196,0.5,-0.1217357161684481,0.0,0.125,0.0,extended_moore_r2__markov__plastic__intr0__struct0__alpha_async__lesion__s2__91ee245180,0.0117487164101211,0.0129767576753412,0.25,False,0.6535824023668892,0.002,0.01,markov,0.62,extended_moore_r2,30,70,0.9,0.3584716543091847,0.3,0,0.42,0.08,140,0.3068984751336147,0.2,10,1.0527738461350011,4.024269687845763e-18,0.2,plastic,calibration,-0.0105753666336192,False,alpha_async,30,130,180,2,-1,1.0,0.6,0.6,60,0.1201578690999897,0,0,40,0.9998063016528924,2,0,0.25,0.01,0.75,50.0,lesion,30.0,0.45,0.2,0.1,0.002,8.0,44,220,0.4264899080556654,-0.2748280871606664,0.0,0.125,0.2154984069098936,extended_moore_r2__ql__plastic__intr0__struct0__alpha_async__lesion__s2__266b0a9295,-2.604977324425508e-05,-0.0334883232179947,0.25,0.6724384480911774,0.002,ql,30,70,0.9,0.4003049411305412,0.3,0.42,0.08,140,0.3740101866842065,10,0.8103490149198255,2.8945055701234462e-18,0.2,calibration,0.0013579268448516,False,30,130,180,-1,1.0,60,0.161908036692255,0,40,0.9996341253443526,2,0,0.25,0.01,0.75,50.0,30.0,0.45,0.2,0.1,0.002,8.0,0.02297864277954581,0.018856045724288117,0.0119332934784708,0.24242483121517566,0.29619281319748036
44,220,0.3993930102597018,0.5,-0.007867767168952,0.0,0.125,0.0,extended_moore_r2__markov__plastic__intr0__struct0__alpha_async__lesion__s2__7805c845b8,0.0260749793574665,0.0434619728957409,0.25,False,0.7226340290889751,0.002,0.016,markov,0.62,extended_moore_r2,30,70,0.9,0.2913175749317142,0.3,0,0.42,0.08,140,0.2966742570886585,0.2,10,0.981821822760931,4.751283641350773e-18,0.2,plastic,calibration,-0.015934523082653,False,alpha_async,30,130,180,2,-1,1.0,0.6,0.6,60,0.0726111773016949,0,0,40,0.994232093663912,2,0,0.25,0.01,0.75,50.0,lesion,30.0,0.45,0.2,0.1,0.002,8.0,44,220,0.4403256113388491,-0.1981804012185695,0.0,0.125,0.1940003419507297,extended_moore_r2__ql__plastic__intr0__struct0__alpha_async__lesion__s2__0997609e8e,-0.0134226519802427,-0.0448139102208222,0.25,0.7957996481701792,0.002,ql,30,70,0.9,0.3036589304896245,0.3,0.42,0.08,140,0.372798068814536,10,0.7373978258675689,3.0949465075692668e-18,0.2,calibration,0.0156932748561519,False,30,130,180,-1,1.0,60,0.1354833193340984,0,40,0.9938231749311296,2,0,0.25,0.01,0.75,50.0,30.0,0.45,0.2,0.1,0.002,8.0,0.04093260107914731,0.07316561908120411,0.0316277979388049,0.24442399689336214,0.39015001499251845
44,220,0.4028539557625227,0.5,-0.1439277796815859,0.0,0.125,0.0,extended_moore_r2__markov__plastic__intr0__struct0__alpha_async__lesion__s2__b427d61ec6,0.0070584341249657,0.0251544772965842,0.25,False,0.5859534873102066,0.002,0.006,markov,0.62,extended_moore_r2,30,70,0.9,0.3943547274793837,0.3,0,0.42,0.08,140,0.3078834737841147,0.3,10,1.1126384042168225,3.5794871811313365e-18,0.2,plastic,calibration,-0.0261641801752261,False,alpha_async,30,130,180,2,-1,1.0,0.6,0.6,60,0.2240302026489436,0,0,40,1.0,2,0,0.25,0.01,0.75,50.0,lesion,30.0,0.45,0.2,0.1,0.002,8.0,44,220,0.4275317570740327,-0.2859248582774285,0.0,0.125,0.2282691613425486,extended_moore_r2__ql__plastic__intr0__struct0__alpha_async__lesion__s2__f0c1357c09,0.0005879016991203,-0.0191452991445868,0.25,0.6093146045683275,0.002,ql,30,70,0.9,0.4390994926576438,0.3,0.42,0.08,140,0.3770786249410087,10,0.8591146018561302,2.767333254352228e-18,0.2,calibration,-0.0131708734453774,False,30,130,180,-1,1.0,60,0.2847231971332896,0,40,1.0,2,0,0.25,0.01,0.75,50.0,30.0,0.45,0.2,0.1,0.002,8.0,0.024677801311509984,0.023361117258120956,0.0129933067298487,0.2535238023606923,0.31455602766017193
44,220,0.3994179377849337,0.5,-0.0829020967207192,0.0,0.125,0.0,extended_moore_r2__markov__plastic__intr0__struct0__alpha_async__lesion__s2__c7e2b09997,0.0208985234492131,0.0170492643114001,0.25,False,0.6597069345312926,0.002,0.01,markov,0.62,extended_moore_r2,30,70,0.9,0.3412205184640871,0.3,0,0.42,0.08,140,0.3027597023231078,0.3,10,1.0627721793605214,3.684924433566545e-18,0.2,plastic,calibration,-0.0067917379775958,False,alpha_async,30,130,180,2,-1,1.0,0.6,0.6,60,0.1362385483874626,0,0,40,0.9997632575757576,2,0,0.25,0.01,0.75,50.0,lesion,30.0,0.45,0.2,0.1,0.002,8.0,44,220,0.4233058057910798,-0.2784860069991288,0.0,0.125,0.2177071514229718,extended_moore_r2__ql__plastic__intr0__struct0__alpha_async__lesion__s2__1d7a64293e,0.0036911621723023,-0.0305953567487067,0.25,0.6551883550006221,0.002,ql,30,70,0.9,0.4106995015882524,0.3,0.42,0.08,140,0.3727179968377052,10,0.8112781900982274,2.6841985357827456e-18,0.2,calibration,0.0026083790304425,False,30,130,180,-1,1.0,60,0.1840514774269456,0,40,0.9996126033057852,2,0,0.25,0.01,0.75,50.0,30.0,0.45,0.2,0.1,0.002,8.0,0.023887868006146118,0.004518579530670475,0.0094001170080383,0.25149398926229394,0.2893005538071488
44,220,0.3861206196640709,0.5,0.017591991197052,0.0,0.125,0.0,extended_moore_r2__markov__plastic__intr0__struct0__alpha_async__lesion__s2__bf2b9c8d25,0.0320662628088685,0.0487615144902444,0.25,False,0.6978961954374813,0.002,0.016,markov,0.62,extended_moore_r2,30,70,0.9,0.2931518359915034,0.3,0,0.42,0.08,140,0.289131455259481,0.3,10,1.0391840458858737,4.588946369570944e-18,0.2,plastic,calibration,-0.0084936048739688,False,alpha_async,30,130,180,2,-1,1.0,0.6,0.6,60,0.0798414144155417,0,0,40,0.993801652892562,2,0,0.25,0.01,0.75,50.0,lesion,30.0,0.45,0.2,0.1,0.002,8.0,44,220,0.4406589998015915,-0.1937723393298566,0.0,0.125,0.1939564852901077,extended_moore_r2__ql__plastic__intr0__struct0__alpha_async__lesion__s2__b8b949b044,-0.0118139243369677,-0.0418302400254079,0.25,0.7957180859551695,0.002,ql,30,70,0.9,0.3018427923805684,0.3,0.42,0.08,140,0.3718819679903712,10,0.7392284410465659,3.7641539601515585e-18,0.2,calibration,-0.0042433378169705,False,30,130,180,-1,1.0,60,0.1235367877615198,0,40,0.993887741046832,2,0,0.25,0.01,0.75,50.0,30.0,0.45,0.2,0.1,0.002,8.0,0.0545383801375206,0.09782189051768819,0.0042502670569983005,0.2999556048393077,0.45656614255151484
44,220,0.3997918214307733,0.5,-0.1297556596307924,0.0,0.125,0.0,extended_moore_r2__markov__plastic__intr0__struct0__alpha_async__lesion__s2__5371db0014,0.0085464068566476,0.0289961308848766,0.25,False,0.5771699386989648,0.002,0.006,markov,0.62,extended_moore_r2,30,70,0.9,0.3926826259531011,0.3,0,0.42,0.08,140,0.3039506639691724,0.4,10,1.1284509679136654,4.061632545920091e-18,0.2,plastic,calibration,-0.024958179161852,False,alpha_async,30,130,180,2,-1,1.0,0.6,0.6,60,0.196877376429142,0,0,40,1.0,2,0,0.25,0.01,0.75,50.0,lesion,30.0,0.45,0.2,0.1,0.002,8.0,44,220,0.4276107115066616,-0.2857516765797546,0.0,0.125,0.229061703787059,extended_moore_r2__ql__plastic__intr0__struct0__alpha_async__lesion__s2__7922baa6be,0.0080044053755442,-0.0198106461532659,0.25,0.6038652271678013,0.002,ql,30,70,0.9,0.4415227005407507,0.3,0.42,0.08,140,0.3763507951526229,10,0.8622977584183815,2.6822157078439133e-18,0.2,calibration,-0.0049860464718864,False,30,130,180,-1,1.0,60,0.3140273523235543,0,40,1.0,2,0,0.25,0.01,0.75,50.0,30.0,0.45,0.2,0.1,0.002,8.0,0.02781889007588828,0.02669528846883651,0.019972132689965602,0.26615320949528387,0.3406395207299743
44,220,0.3981791697682669,0.5,-0.0679640226362698,0.0,0.125,0.0,extended_moore_r2__markov__plastic__intr0__struct0__alpha_async__lesion__s2__a83c34215c,0.0213829359677176,0.0155515925788129,0.25,False,0.6533939918334547,0.002,0.01,markov,0.62,extended_moore_r2,30,70,0.9,0.3391986124196807,0.3,0,0.42,0.08,140,0.2995237264442697,0.4,10,1.0859410558137133,3.886624129196716e-18,0.2,plastic,calibration,-0.00678499789585,False,alpha_async,30,130,180,2,-1,1.0,0.6,0.6,60,0.1386293161411432,0,0,40,0.9996771694214877,2,0,0.25,0.01,0.75,50.0,lesion,30.0,0.45,0.2,0.1,0.002,8.0,44,220,0.4240283805733028,-0.2764999878691591,0.0,0.125,0.217917368224917,extended_moore_r2__ql__plastic__intr0__struct0__alpha_async__lesion__s2__a962e18f97,0.0040179202711434,-0.029748366136923,0.25,0.6568882234347082,0.002,ql,30,70,0.9,0.4084880205397641,0.3,0.42,0.08,140,0.3719696124715667,10,0.8137138618303175,3.128897191540059e-18,0.2,calibration,0.002676683367718,False,30,130,180,-1,1.0,60,0.1954153663897846,0,40,0.9995480371900828,2,0,0.25,0.01,0.75,50.0,30.0,0.45,0.2,0.1,0.002,8.0,0.025849210805035883,0.0034942316012535057,0.009461681263568,0.2722271939833958,0.3110323176532532
44,220,0.3743511471122996,0.5,0.011860108085921,0.0,0.125,0.0,extended_moore_r2__markov__plastic__intr0__struct0__alpha_async__lesion__s2__028a6e8ceb,0.046851869904852,0.0542834170008867,0.25,False,0.6543969927373834,0.002,0.016,markov,0.62,extended_moore_r2,30,70,0.9,0.3112821380514924,0.3,0,0.42,0.08,140,0.2816521958431133,0.4,10,1.1146749668932,3.637010765320831e-18,0.2,plastic,calibration,0.0141844811242584,False,alpha_async,30,130,180,2,-1,1.0,0.6,0.6,60,0.0845276276280514,0,0,40,0.9932636019283748,2,0,0.25,0.01,0.75,50.0,lesion,30.0,0.45,0.2,0.1,0.002,8.0,44,220,0.4386773526669553,-0.1981805859157809,0.0,0.125,0.1961591560271192,extended_moore_r2__ql__plastic__intr0__struct0__alpha_async__lesion__s2__68872d6077,-0.0121786371566677,-0.0396826121910549,0.25,0.7901784269511827,0.002,ql,30,70,0.9,0.3060506407442854,0.3,0.42,0.08,140,0.370315633652174,10,0.7384559700461374,3.4470538179304043e-18,0.2,calibration,-0.0049217230933297,False,30,130,180,-1,1.0,60,0.1141530750674087,0,40,0.9934142561983472,2,0,0.25,0.01,0.75,50.0,30.0,0.45,0.2,0.1,0.002,8.0,0.06432620555465568,0.1357814342137993,0.0191062042175881,0.3762189968470625,0.5954328408331055
44,220,0.4125080055428086,0.5,0.0189094367499429,0.0,0.125,0.0,extended_moore_r2__markov__plastic__intr0__struct0__alpha_async__lesion__s1__2b45fa3438,0.0208420288201799,0.0042590508061484,0.25,False,0.7890357178010208,0.002,0.006,markov,0.68,extended_moore_r2,30,70,0.9,0.2533216492618919,0.3,0,0.42,0.08,140,0.3344302894661832,0.2,10,0.4058575601192684,4.962884211745433e-18,0.2,plastic,calibration,0.0278077422711696,False,alpha_async,30,130,180,1,-1,1.0,0.6,0.6,60,0.0076475061774842,0,0,40,1.0,2,0,0.25,0.01,0.75,50.0,lesion,30.0,0.45,0.2,0.1,0.002,8.0,44,220,0.4177723958568818,-0.0457686369444537,0.0,0.125,0.1697158357653846,extended_moore_r2__ql__plastic__intr0__struct0__alpha_async__lesion__s1__3fece211e6,0.0118040507628032,-0.0038794105797974,0.25,0.8054416312285182,0.002,ql,30,70,0.9,0.2606523900173524,0.3,0.42,0.08,140,0.3944746634378526,10,0.2529223512709543,4.636673154591141e-18,0.2,calibration,0.0284224270886955,False,30,130,180,-1,1.0,60,0.0045932306959939,0,40,1.0,2,0,0.25,0.01,0.75,50.0,30.0,0.45,0.2,0.1,0.002,8.0,0.0052643903140732196,0.01640591342749742,0.0006146848175258984,0.15293520884831407,0.17522019740741063
44,220,0.4628647453057149,0.5,0.0809976544126208,0.0,0.125,0.0,extended_moore_r2__markov__plastic__intr0__struct0__alpha_async__lesion__s2__f4eb4bc09c,0.0195229591095141,0.0153258889994827,0.25,False,0.7969640013841168,0.002,0.01,markov,0.68,extended_moore_r2,30,70,0.9,0.2532697304333193,0.3,0,0.42,0.08,140,0.3269040211609393,0.2,10,0.8691439442858788,5.704688537209513e-18,0.2,plastic,calibration,-0.0062415612018686,False,alpha_async,30,130,180,2,-1,1.0,0.6,0.6,60,0.0146971498255393,0,0,40,1.0,2,0,0.25,0.01,0.75,50.0,lesion,30.0,0.45,0.2,0.1,0.002,8.0,44,220,0.4828394133959041,-0.0428658614276869,0.0,0.125,0.1610546355700923,extended_moore_r2__ql__plastic__intr0__struct0__alpha_async__lesion__s2__c4b16fe66f,-0.0019192807513684,-0.0081740500601707,0.25,0.8303080920778123,0.002,ql,30,70,0.9,0.2585783696535885,0.3,0.42,0.08,140,0.3907342395852299,10,0.7089574809697132,4.741071173496229e-18,0.2,calibration,-0.0068504617535828,False,30,130,180,-1,1.0,60,0.0045185633549406,0,40,1.0,2,0,0.25,0.01,0.75,50.0,30.0,0.45,0.2,0.1,0.002,8.0,0.019974668090189163,0.03334409069369548,0.0006089005517142003,0.1601864633161656,0.21411412265176444
44,220,0.4534211569477062,0.5,0.1329897726348922,0.0,0.125,0.0,extended_moore_r2__markov__plastic__intr0__struct0__alpha_async__lesion__s2__a0fe51cdfa,0.0253588632593586,0.0213747554106732,0.25,False,0.7853228427462381,0.002,0.016,markov,0.68,extended_moore_r2,30,70,0.9,0.248204493343399,0.3,0,0.42,0.08,140,0.3190315717243187,0.2,10,0.9322094764932904,5.6104632566448745e-18,0.2,plastic,calibration,-0.0048425827316542,False,alpha_async,30,130,180,2,-1,1.0,0.6,0.6,60,0.0201735869203936,0,0,40,0.9991175964187328,2,0,0.25,0.01,0.75,50.0,lesion,30.0,0.45,0.2,0.1,0.002,8.0,44,220,0.4814545234892668,-0.040659746109152,0.0,0.125,0.1625696140452104,extended_moore_r2__ql__plastic__intr0__struct0__alpha_async__lesion__s2__7fc7bb2d26,-0.0038996329696678,-0.0103566569460967,0.25,0.831255306427175,0.002,ql,30,70,0.9,0.2576881411035899,0.3,0.42,0.08,140,0.3885555206400581,10,0.7174359553692187,4.604974987805772e-18,0.2,calibration,-0.0056664295842885,False,30,130,180,-1,1.0,60,0.004443859390899,0,40,0.9988593319559228,2,0,0.25,0.01,0.75,50.0,30.0,0.45,0.2,0.1,0.002,8.0,0.028033366541560634,0.04593246368093695,0.0008238468526343004,0.21477352112407178,0.2895631981992037
44,220,0.4091278812475426,0.5,0.0354058732950917,0.0,0.125,0.0,extended_moore_r2__markov__plastic__intr0__struct0__alpha_async__lesion__s1__0420d3fefb,0.0242709983467495,0.0080017288432743,0.25,False,0.7825342671936582,0.002,0.006,markov,0.68,extended_moore_r2,30,70,0.9,0.2513319071246719,0.3,0,0.42,0.08,140,0.3303729353615087,0.3,10,0.4318596730088082,4.9214020525891615e-18,0.2,plastic,calibration,0.0266533000982336,False,alpha_async,30,130,180,1,-1,1.0,0.6,0.6,60,0.0084637469675241,0,0,40,1.0,2,0,0.25,0.01,0.75,50.0,lesion,30.0,0.45,0.2,0.1,0.002,8.0,44,220,0.4173717669287882,-0.0458172442030229,0.0,0.125,0.1709025615629767,extended_moore_r2__ql__plastic__intr0__struct0__alpha_async__lesion__s1__211aee1661,0.0126494370352979,-0.0036056550915418,0.25,0.8052210749857386,0.002,ql,30,70,0.9,0.260709062418368,0.3,0.42,0.08,140,0.3934601169630745,10,0.2528495168021356,5.089764557329936e-18,0.2,calibration,0.0277100690137,False,30,130,180,-1,1.0,60,0.0045933788819837,0,40,1.0,2,0,0.25,0.01,0.75,50.0,30.0,0.45,0.2,0.1,0.002,8.0,0.008243885681245566,0.022686807792080432,0.0010567689154664002,0.1790101562066726,0.210997618595465
44,220,0.4558305865706221,0.5,0.1174941547066967,0.0,0.125,0.0,extended_moore_r2__markov__plastic__intr0__struct0__alpha_async__lesion__s2__5f275cf490,0.0264622415563128,0.0222482984776329,0.25,False,0.7866306274249375,0.002,0.01,markov,0.68,extended_moore_r2,30,70,0.9,0.2511529494820865,0.3,0,0.42,0.08,140,0.3218262876985338,0.3,10,0.9171402452953228,5.4793603692735895e-18,0.2,plastic,calibration,-0.0061574226693152,False,alpha_async,30,130,180,2,-1,1.0,0.6,0.6,60,0.018588812696013,0,0,40,1.0,2,0,0.25,0.01,0.75,50.0,lesion,30.0,0.45,0.2,0.1,0.002,8.0,44,220,0.4823805909234506,-0.0431146975468447,0.0,0.125,0.1624192293282506,extended_moore_r2__ql__plastic__intr0__struct0__alpha_async__lesion__s2__36c1ba597c,-0.0015965318187228,-0.0084440892990184,0.25,0.8303942256579671,0.002,ql,30,70,0.9,0.2585154321085249,0.3,0.42,0.08,140,0.3895191716076335,10,0.7120679039245261,4.8137648422363684e-18,0.2,calibration,-0.0069337535289514,False,30,130,180,-1,1.0,60,0.0045964007250693,0,40,1.0,2,0,0.25,0.01,0.75,50.0,30.0,0.45,0.2,0.1,0.002,8.0,0.026550004352828505,0.043763598233029555,0.0007763308596362003,0.20507234137079666,0.2761622748162909
44,220,0.4003907013686084,0.5,0.0735709339301162,0.0,0.125,0.0,extended_moore_r2__markov__plastic__intr0__struct0__alpha_async__lesion__s1__ebdd630269,0.0350055106802295,0.0130781304916266,0.25,False,0.7655568462662568,0.002,0.016,markov,0.68,extended_moore_r2,30,70,0.9,0.2472066910685895,0.3,0,0.42,0.08,140,0.319101986310858,0.3,10,0.5411319243229924,5.032569587888162e-18,0.2,plastic,calibration,0.026169127746908,False,alpha_async,30,130,180,1,-1,1.0,0.6,0.6,60,0.0134918672655131,0,0,40,0.9996341253443526,2,0,0.25,0.01,0.75,50.0,lesion,30.0,0.45,0.2,0.1,0.002,8.0,44,220,0.4155764823733524,-0.0449418005686991,0.0,0.125,0.1722807376455429,extended_moore_r2__ql__plastic__intr0__struct0__alpha_async__lesion__s1__d847c82e6b,0.017215674433032,-0.0048928150075273,0.25,0.8064708238083031,0.002,ql,30,70,0.9,0.2587522028300568,0.3,0.42,0.08,140,0.3899546740377294,10,0.2560466121323053,4.3725976383197615e-18,0.2,calibration,0.0275354684078542,False,30,130,180,-1,1.0,60,0.0050691840317204,0,40,0.997460399449036,2,0,0.25,0.01,0.75,50.0,30.0,0.45,0.2,0.1,0.002,8.0,0.015185781004743992,0.0409139775420464,0.0013663406609461977,0.2850853121906871,0.3425514113984237
44,220,0.4052754191222323,0.5,0.0546794674070859,0.0,0.125,0.0,extended_moore_r2__markov__plastic__intr0__struct0__alpha_async__lesion__s1__c312ee38c2,0.0290015251045026,0.0112542994871046,0.25,False,0.7734557533246557,0.002,0.006,markov,0.68,extended_moore_r2,30,70,0.9,0.2500175020257966,0.3,0,0.42,0.08,140,0.3259761865156466,0.4,10,0.4773322594212503,4.490750092934209e-18,0.2,plastic,calibration,0.0288502676065284,False,alpha_async,30,130,180,1,-1,1.0,0.6,0.6,60,0.0105297454820894,0,0,40,1.0,2,0,0.25,0.01,0.75,50.0,lesion,30.0,0.45,0.2,0.1,0.002,8.0,44,220,0.417067989351191,-0.0459092010810522,0.0,0.125,0.1719566928692504,extended_moore_r2__ql__plastic__intr0__struct0__alpha_async__lesion__s1__3a1edb0c82,0.0158281070829436,-0.0035215322254483,0.25,0.8049565991568182,0.002,ql,30,70,0.9,0.2608387680618235,0.3,0.42,0.08,140,0.3928603976823532,10,0.2548063736093443,4.018774807058593e-18,0.2,calibration,0.0317239079380031,False,30,130,180,-1,1.0,60,0.0045475713405525,0,40,1.0,2,0,0.25,0.01,0.75,50.0,30.0,0.45,0.2,0.1,0.002,8.0,0.011792570228958688,0.031500845832162505,0.002873640331474702,0.22252588581190597,0.26869294220450185
44,220,0.3996752797166369,0.5,0.0770573084297451,0.0,0.125,0.0,extended_moore_r2__markov__plastic__intr0__struct0__alpha_async__lesion__s1__98ecb60ff2,0.0350701998401476,0.0164570115342604,0.25,False,0.7634899818118976,0.002,0.01,markov,0.68,extended_moore_r2,30,70,0.9,0.2469659492436176,0.3,0,0.42,0.08,140,0.320004558048268,0.4,10,0.5345628474233729,5.5177284616366775e-18,0.2,plastic,calibration,0.0279100982504248,False,alpha_async,30,130,180,1,-1,1.0,0.6,0.6,60,0.0138342704937878,0,0,40,1.0,2,0,0.25,0.01,0.75,50.0,lesion,30.0,0.45,0.2,0.1,0.002,8.0,44,220,0.4162328858734599,-0.0450548181027556,0.0,0.125,0.1724962816316986,extended_moore_r2__ql__plastic__intr0__struct0__alpha_async__lesion__s1__67f5dc03af,0.0155990211873752,-0.0032313911961316,0.25,0.8049893185127852,0.002,ql,30,70,0.9,0.2602413447472326,0.3,0.42,0.08,140,0.3910964420331784,10,0.2562422783509033,4.750512927086541e-18,0.2,calibration,0.0293912758690902,False,30,130,180,-1,1.0,60,0.0044905665079397,0,40,0.999956955922865,2,0,0.25,0.01,0.75,50.0,30.0,0.45,0.2,0.1,0.002,8.0,0.016557606156823,0.04149933670088757,0.0014811776186654003,0.2783205690724696,0.33785868954884557
44,220,0.442494934526879,0.5,0.1724099231223817,0.0,0.125,0.0,extended_moore_r2__markov__plastic__intr0__struct0__alpha_async__lesion__s2__df5b012bee,0.034995024643527,0.0306789464090477,0.25,False,0.7695554888158391,0.002,0.016,markov,0.68,extended_moore_r2,30,70,0.9,0.2454951440360219,0.3,0,0.42,0.08,140,0.3108303044821848,0.4,10,0.9847701678322818,5.646365220908746e-18,0.2,plastic,calibration,-0.0068988370992986,False,alpha_async,30,130,180,2,-1,1.0,0.6,0.6,60,0.0257235911048039,0,0,40,0.9990745523415978,2,0,0.25,0.01,0.75,50.0,lesion,30.0,0.45,0.2,0.1,0.002,8.0,44,220,0.4804715183081658,-0.0411141778409582,0.0,0.125,0.1648327934908129,extended_moore_r2__ql__plastic__intr0__struct0__alpha_async__lesion__s2__57bb9f9ee6,-0.00469202787452,-0.0111261895574968,0.25,0.8312456128303184,0.002,ql,30,70,0.9,0.2576168330822088,0.3,0.42,0.08,140,0.3864751632669599,10,0.724441020457322,4.2387819268684014e-18,0.2,calibration,-0.0059565453848906,False,30,130,180,-1,1.0,60,0.0045360860090578,0,40,0.9986225895316804,2,0,0.25,0.01,0.75,50.0,30.0,0.45,0.2,0.1,0.002,8.0,0.03797658378128682,0.061690124014479264,0.0009422917144080003,0.2603291473749598,0.3609381468851339
44,220,0.4325732247921502,0.5,-0.3960874655701697,0.0,0.125,0.0,hex_cells__markov__plastic__intr0__struct0__alpha_async__baseline__s2__c4e8799a80,-0.0161913442524095,-0.0012661144143494,0.25,False,0.5432447353253176,0.002,0.006,markov,0.58,hex_cells,30,70,0.9,0.5076782131774767,0.3,0,0.42,0.08,140,0.428490835169434,0.2,10,1.375853402696824,2.9279872117942783e-18,0.2,plastic,calibration,,False,alpha_async,30,130,180,2,-1,1.0,0.6,0.6,60,0.0332233699523363,0,0,40,1.0,2,0,0.25,0.01,0.75,50.0,baseline,30.0,0.45,0.2,0.1,0.002,8.0,44,220,0.4291273291182839,-0.3873626834045165,0.0,0.125,0.2841237890518113,hex_cells__ql__plastic__intr0__struct0__alpha_async__baseline__s2__5b3cb91da3,-0.0043826776549008,0.0006411582526314,0.25,0.5792507476533901,0.002,ql,30,70,0.9,0.4924666917648268,0.3,0.42,0.08,140,0.4257447454361097,10,1.3692078164186734,3.464749810403113e-18,0.2,calibration,,False,30,130,180,-1,1.0,60,0.0175510723644571,0,40,1.0,2,0,0.25,0.01,0.75,50.0,30.0,0.45,0.2,0.1,0.002,8.0,0.0034458956738663282,0.036006012328072545,0.0,0.006645586278150706,0.04609749428008958
44,220,0.4307722236993835,0.5,-0.3744659854349245,0.0,0.125,0.0,hex_cells__markov__plastic__intr0__struct0__alpha_async__baseline__s2__5f6702aab6,0.0025927685118057,-0.0023692628257886,0.25,False,0.5397897984400846,0.002,0.01,markov,0.58,hex_cells,30,70,0.9,0.4995966224019086,0.3,0,0.42,0.08,140,0.4244534780176079,0.2,10,1.3641177176229933,4.3011100754733156e-18,0.2,plastic,calibration,,False,alpha_async,30,130,180,2,-1,1.0,0.6,0.6,60,0.013195093469609,0,0,40,1.0,2,0,0.25,0.01,0.75,50.0,baseline,30.0,0.45,0.2,0.1,0.002,8.0,44,220,0.4273571104567676,-0.3716487719120804,0.0,0.125,0.2863513619575887,hex_cells__ql__plastic__intr0__struct0__alpha_async__baseline__s2__752a6c789a,0.0043335052822215,0.005317051774895,0.25,0.5735714750161764,0.002,ql,30,70,0.9,0.4866171734044536,0.3,0.42,0.08,140,0.421036840479187,10,1.3351700814243368,4.728633154663369e-18,0.2,calibration,,False,30,130,180,-1,1.0,60,0.0101449554933149,0,40,1.0,2,0,0.25,0.01,0.75,50.0,30.0,0.45,0.2,0.1,0.002,8.0,0.003415113242615897,0.03378167657609188,0.0,0.02894763619865648,0.06614442601736426
44,220,0.4238000415201702,0.5,-0.3731353622506778,0.0,0.125,0.0,hex_cells__markov__plastic__intr0__struct0__alpha_async__baseline__s1__2fd85f454d,0.0063151706104338,0.0113450407599007,0.25,False,0.5929235843445307,0.002,0.016,markov,0.58,hex_cells,30,70,0.9,0.4700137969259313,0.3,0,0.42,0.08,140,0.4204334494963893,0.2,10,1.300226919749571,3.8882134672776015e-18,0.2,plastic,calibration,,False,alpha_async,30,130,180,1,-1,1.0,0.6,0.6,60,0.0212686006356275,0,0,40,1.0,2,0,0.25,0.01,0.75,50.0,baseline,30.0,0.45,0.2,0.1,0.002,8.0,44,220,0.4228276138877506,-0.3601350750650193,0.0,0.125,0.2778158959531961,hex_cells__ql__plastic__intr0__struct0__alpha_async__baseline__s1__5c90ab9b97,0.0136804569687097,0.0256921693486109,0.25,0.6175223555932227,0.002,ql,30,70,0.9,0.4568131650854445,0.3,0.42,0.08,140,0.4178592396828193,10,1.2593460508971634,3.578217149797476e-18,0.2,calibration,,False,30,130,180,-1,1.0,60,0.0144529097017111,0,40,1.0,2,0,0.25,0.01,0.75,50.0,30.0,0.45,0.2,0.1,0.002,8.0,0.0009724276324196146,0.02459877124869192,0.0,0.040880868852407604,0.06645206773351914
44,220,0.4307473968489975,0.5,-0.3952821318842533,0.0,0.125,0.0,hex_cells__markov__plastic__intr0__struct0__alpha_async__baseline__s2__60d6fe42d0,0.0051291040682597,0.0082124585026216,0.25,False,0.5288329399503298,0.002,0.006,markov,0.58,hex_cells,30,70,0.9,0.5153317486923819,0.3,0,0.42,0.08,140,0.4273921351782814,0.3,10,1.400917031119857,4.7102371303242144e-18,0.2,plastic,calibration,,False,alpha_async,30,130,180,2,-1,1.0,0.6,0.6,60,0.0264210182310662,0,0,40,1.0,2,0,0.25,0.01,0.75,50.0,baseline,30.0,0.45,0.2,0.1,0.002,8.0,44,220,0.4302421044647869,-0.3860016525251202,0.0,0.125,0.2835368329394632,hex_cells__ql__plastic__intr0__struct0__alpha_async__baseline__s2__59f8af7607,-0.014653488383952,0.0011380037852771,0.25,0.5742939699038968,0.002,ql,30,70,0.9,0.4940971141870035,0.3,0.42,0.08,140,0.4260242262863641,10,1.3475146488971266,4.881038158448219e-18,0.2,calibration,,False,30,130,180,-1,1.0,60,0.0178650381956212,0,40,1.0,2,0,0.25,0.01,0.75,50.0,30.0,0.45,0.2,0.1,0.002,8.0,0.0005052923842105983,0.045461029953567045,0.0,0.05340238222273053,0.09936870456050817
44,220,0.4301991290935669,0.5,-0.37842715556712,0.0,0.125,0.0,hex_cells__markov__plastic__intr0__struct0__alpha_async__baseline__s1__44dff017c1,-0.0068157778452782,0.0048268349119903,0.25,False,0.5618860077219849,0.002,0.01,markov,0.58,hex_cells,30,70,0.9,0.489250993587641,0.3,0,0.42,0.08,140,0.4243615177905672,0.3,10,1.3605501895185457,3.3933721917990508e-18,0.2,plastic,calibration,,False,alpha_async,30,130,180,1,-1,1.0,0.6,0.6,60,0.0184502578212216,0,0,40,1.0,2,0,0.25,0.01,0.75,50.0,baseline,30.0,0.45,0.2,0.1,0.002,8.0,44,220,0.4268344655199574,-0.373023663356171,0.0,0.125,0.286543933175969,hex_cells__ql__plastic__intr0__struct0__alpha_async__baseline__s1__ae536d9937,0.0103362417382271,-0.0049607015381506,0.25,0.6015980198648394,0.002,ql,30,70,0.9,0.4716045622406578,0.3,0.42,0.08,140,0.4203890784852346,10,1.319940761463381,3.658553168873244e-18,0.2,calibration,,False,30,130,180,-1,1.0,60,0.0141401762472863,0,40,1.0,2,0,0.25,0.01,0.75,50.0,30.0,0.45,0.2,0.1,0.002,8.0,0.003364663573609483,0.03971201214285447,0.0,0.040609428055164765,0.08368610377162872
44,220,0.4223965245043643,0.5,-0.3621883138196852,0.0,0.125,0.0,hex_cells__markov__plastic__intr0__struct0__alpha_async__baseline__s2__060d09285f,-0.0001223340103175,0.00162190500105,0.25,False,0.5887280692521142,0.002,0.016,markov,0.58,hex_cells,30,70,0.9,0.4680031722454905,0.3,0,0.42,0.08,140,0.4193057775769691,0.3,10,1.2981615852426147,3.810621425126353e-18,0.2,plastic,calibration,,False,alpha_async,30,130,180,2,-1,1.0,0.6,0.6,60,0.0134980925526552,0,0,40,1.0,2,0,0.25,0.01,0.75,50.0,baseline,30.0,0.45,0.2,0.1,0.002,8.0,44,220,0.4224303005120835,-0.3625335631125466,0.0,0.125,0.280088242941412,hex_cells__ql__plastic__intr0__struct0__alpha_async__baseline__s2__5816748d21,-0.0012641619571599,0.0086176978975146,0.25,0.6205519192885143,0.002,ql,30,70,0.9,0.4561115878789274,0.3,0.42,0.08,140,0.4173514680555995,10,1.2584623641673722,4.0750934166729886e-18,0.2,calibration,,False,30,130,180,-1,1.0,60,0.0179936085716614,0,40,1.0,2,0,0.25,0.01,0.75,50.0,30.0,0.45,0.2,0.1,0.002,8.0,3.377600771919953e-05,0.03182385003640009,0.0,0.039699221075242486,0.07155684711936178
44,220,0.4326218672067699,0.5,-0.3936295668629621,0.0,0.125,0.0,hex_cells__markov__plastic__intr0__struct0__alpha_async__baseline__s2__62217a048f,-0.0058510270822458,0.0042978281932697,0.25,False,0.5447788283593408,0.002,0.006,markov,0.58,hex_cells,30,70,0.9,0.506239884127114,0.3,0,0.42,0.08,140,0.4276161005316816,0.4,10,1.3798029369860698,2.5585742568257082e-18,0.2,plastic,calibration,,False,alpha_async,30,130,180,2,-1,1.0,0.6,0.6,60,0.0343654146561588,0,0,40,1.0,2,0,0.25,0.01,0.75,50.0,baseline,30.0,0.45,0.2,0.1,0.002,8.0,44,220,0.4286268226371231,-0.3870730899953469,0.0,0.125,0.2822793839456874,hex_cells__ql__plastic__intr0__struct0__alpha_async__baseline__s2__2c82872f1e,-0.0107009446882585,0.0008734126826161,0.25,0.5706133786236975,0.002,ql,30,70,0.9,0.4969130292170671,0.3,0.42,0.08,140,0.4261906552433773,10,1.37044790275298,2.4919043702370784e-18,0.2,calibration,,False,30,130,180,-1,1.0,60,0.0256004598292779,0,40,1.0,2,0,0.25,0.01,0.75,50.0,30.0,0.45,0.2,0.1,0.002,8.0,0.003995044569646777,0.02583455026435677,0.0,0.00935503423308992,0.03918462906709347
44,220,0.4249693839798096,0.5,-0.3753394855334287,0.0,0.125,0.0,hex_cells__markov__plastic__intr0__struct0__alpha_async__baseline__s2__4848721b7e,-0.0199243244890182,0.0020718594651327,0.25,False,0.5613928449488366,0.002,0.01,markov,0.58,hex_cells,30,70,0.9,0.4856686062198249,0.3,0,0.42,0.08,140,0.4223929040164328,0.4,10,1.3525211014902845,3.963929046459469e-18,0.2,plastic,calibration,,False,alpha_async,30,130,180,2,-1,1.0,0.6,0.6,60,0.0209766177545489,0,0,40,1.0,2,0,0.25,0.01,0.75,50.0,baseline,30.0,0.45,0.2,0.1,0.002,8.0,44,220,0.4286560233769558,-0.3743385432291614,0.0,0.125,0.2879460284898256,hex_cells__ql__plastic__intr0__struct0__alpha_async__baseline__s2__6dcf4edd0a,-0.0006494735910233,-0.007559264242328,0.25,0.584629653215575,0.002,ql,30,70,0.9,0.4829036387219756,0.3,0.42,0.08,140,0.4221856309778478,10,1.3080495842414115,3.897889731132407e-18,0.2,calibration,,False,30,130,180,-1,1.0,60,0.0233691142740084,0,40,1.0,2,0,0.25,0.01,0.75,50.0,30.0,0.45,0.2,0.1,0.002,8.0,0.0036866393971461964,0.023236808266738462,0.0,0.044471517248872994,0.07139496491275765
44,220,0.4218395420498016,0.5,-0.3612559212875275,0.0,0.125,0.0,hex_cells__markov__plastic__intr0__struct0__alpha_async__baseline__s2__be13f721bb,-0.008514120737474,0.0041042658825787,0.25,False,0.5874853676286698,0.002,0.016,markov,0.58,hex_cells,30,70,0.9,0.4675256945125003,0.3,0,0.42,0.08,140,0.4189433197415026,0.4,10,1.315118503260401,5.037941312716059e-18,0.2,plastic,calibration,,False,alpha_async,30,130,180,2,-1,1.0,0.6,0.6,60,0.0179469810773623,0,0,40,1.0,2,0,0.25,0.01,0.75,50.0,baseline,30.0,0.45,0.2,0.1,0.002,8.0,44,220,0.4227701011564668,-0.3594764987799025,0.0,0.125,0.2809169225523066,hex_cells__ql__plastic__intr0__struct0__alpha_async__baseline__s2__caf1674fff,0.0045057450535385,-0.0036833847993934,0.25,0.6075441704683378,0.002,ql,30,70,0.9,0.460661501396853,0.3,0.42,0.08,140,0.4171342092020672,10,1.2836290935406875,4.573715066169709e-18,0.2,calibration,,False,30,130,180,-1,1.0,60,0.0115921080288747,0,40,1.0,2,0,0.25,0.01,0.75,50.0,30.0,0.45,0.2,0.1,0.002,8.0,0.0009305591066651742,0.02005880283966799,0.0,0.03148940971971337,0.05247877166604653
44,220,0.4321171943061503,0.5,-0.3918010945949737,0.0,0.125,0.0,hex_cells__markov__plastic__intr0__struct0__alpha_async__baseline__s2__a49f5e257b,0.0066422300524105,-0.0052986542294117,0.25,False,0.5529511073999429,0.002,0.006,markov,0.62,hex_cells,30,70,0.9,0.5017045129761211,0.3,0,0.42,0.08,140,0.4282154910054308,0.2,10,1.3681990656344565,4.187610960751444e-18,0.2,plastic,calibration,,False,alpha_async,30,130,180,2,-1,1.0,0.6,0.6,60,0.0275903043647612,0,0,40,1.0,2,0,0.25,0.01,0.75,50.0,baseline,30.0,0.45,0.2,0.1,0.002,8.0,44,220,0.4322932530758209,-0.3889110333593159,0.0,0.125,0.2793169065898855,hex_cells__ql__plastic__intr0__struct0__alpha_async__baseline__s2__364f3886d7,0.0103543284840759,0.0047349814223055,0.25,0.5843491627519557,0.002,ql,30,70,0.9,0.4928989265003448,0.3,0.42,0.08,140,0.4299305760434523,10,1.3536695744761764,2.7171181013637765e-18,0.2,calibration,,False,30,130,180,-1,1.0,60,0.0333720927398493,0,40,1.0,2,0,0.25,0.01,0.75,50.0,30.0,0.45,0.2,0.1,0.002,8.0,0.00017605876967058398,0.03139805535201279,0.0,0.014529491158280061,0.04610360527996343
44,220,0.4291994102952163,0.5,-0.3710974804823369,0.0,0.125,0.0,hex_cells__markov__plastic__intr0__struct0__alpha_async__baseline__s1__4dac2a2b3e,-0.0011324568693076,-0.007306843133546,0.25,False,0.5647749907301459,0.002,0.01,markov,0.62,hex_cells,30,70,0.9,0.485288122898392,0.3,0,0.42,0.08,140,0.4226064367091315,0.2,10,1.341895898312823,3.0089927741323198e-18,0.2,plastic,calibration,,False,alpha_async,30,130,180,1,-1,1.0,0.6,0.6,60,0.0266644655848925,0,0,40,1.0,2,0,0.25,0.01,0.75,50.0,baseline,30.0,0.45,0.2,0.1,0.002,8.0,44,220,0.4272182722516508,-0.3662194588021802,0.0,0.125,0.2831526618910309,hex_cells__ql__plastic__intr0__struct0__alpha_async__baseline__s1__b3800a0678,0.0064551920437423,-0.0165595906408311,0.25,0.5856853556467158,0.002,ql,30,70,0.9,0.4777205537905591,0.3,0.42,0.08,140,0.4216788583736406,10,1.3186722677959444,4.719188897396697e-18,0.2,calibration,,False,30,130,180,-1,1.0,60,0.0128857523130096,0,40,1.0,2,0,0.25,0.01,0.75,50.0,30.0,0.45,0.2,0.1,0.002,8.0,0.001981138043565478,0.020910364916569835,0.0,0.0232236305168787,0.046115133477014014
44,220,0.427482234639,0.5,-0.3582618998259971,0.0,0.125,0.0,hex_cells__markov__plastic__intr0__struct0__alpha_async__baseline__s2__e27ef7943b,0.0229290020617777,-0.0125710133136986,0.25,False,0.5947426008457924,0.002,0.016,markov,0.62,hex_cells,30,70,0.9,0.4664921102594905,0.3,0,0.42,0.08,140,0.4222025375415036,0.2,10,1.286919390640897,4.2394977503590584e-18,0.2,plastic,calibration,,False,alpha_async,30,130,180,2,-1,1.0,0.6,0.6,60,0.0165566494388041,0,0,40,1.0,2,0,0.25,0.01,0.75,50.0,baseline,30.0,0.45,0.2,0.1,0.002,8.0,44,220,0.4244321118660537,-0.3572353706086512,0.0,0.125,0.2738959377098389,hex_cells__ql__plastic__intr0__struct0__alpha_async__baseline__s2__e5644a1036,-0.0158738402194791,-0.0082365594074751,0.25,0.6208517153848474,0.002,ql,30,70,0.9,0.4545994595173392,0.3,0.42,0.08,140,0.4187478623089205,10,1.2697859686973014,3.2156662034368423e-18,0.2,calibration,,False,30,130,180,-1,1.0,60,0.0174554752652303,0,40,1.0,2,0,0.25,0.01,0.75,50.0,30.0,0.45,0.2,0.1,0.002,8.0,0.0030501227729463065,0.026109114539054956,0.0,0.017133421943595684,0.046292659255596946
44,220,0.4337547650566334,0.5,-0.3892228812013857,0.0,0.125,0.0,hex_cells__markov__plastic__intr0__struct0__alpha_async__baseline__s2__465c960747,8.882178118232748e-05,-0.0133646099358326,0.25,False,0.5553809520732389,0.002,0.006,markov,0.62,hex_cells,30,70,0.9,0.4995015021361541,0.3,0,0.42,0.08,140,0.429512962225761,0.3,10,1.3595570024419978,3.324566081090109e-18,0.2,plastic,calibration,,False,alpha_async,30,130,180,2,-1,1.0,0.6,0.6,60,0.0229505175202532,0,0,40,1.0,2,0,0.25,0.01,0.75,50.0,baseline,30.0,0.45,0.2,0.1,0.002,8.0,44,220,0.4305949180630765,-0.3902239547713966,0.0,0.125,0.2784692873425053,hex_cells__ql__plastic__intr0__struct0__alpha_async__baseline__s2__1b945a11e1,0.0100186400197293,0.0052330270139039,0.25,0.5835139979031477,0.002,ql,30,70,0.9,0.4924470223915062,0.3,0.42,0.08,140,0.427798347654401,10,1.3462688278453514,4.0592816944930324e-18,0.2,calibration,,False,30,130,180,-1,1.0,60,0.0343990936312373,0,40,1.0,2,0,0.25,0.01,0.75,50.0,30.0,0.45,0.2,0.1,0.002,8.0,0.003159846993556925,0.02813304582990883,0.0,0.01328817459664644,0.0445810674201122
44,220,0.4320613805231283,0.5,-0.3719892885534257,0.0,0.125,0.0,hex_cells__markov__plastic__intr0__struct0__alpha_async__baseline__s2__d60fb498b4,0.0079260384113822,-0.0074786645686397,0.25,False,0.5515733734878687,0.002,0.01,markov,0.62,hex_cells,30,70,0.9,0.4925132787503538,0.3,0,0.42,0.08,140,0.4256358366381234,0.3,10,1.334659651221134,4.942065265388612e-18,0.2,plastic,calibration,,False,alpha_async,30,130,180,2,-1,1.0,0.6,0.6,60,0.018123760714779,0,0,40,1.0,2,0,0.25,0.01,0.75,50.0,baseline,30.0,0.45,0.2,0.1,0.002,8.0,44,220,0.4279800195851162,-0.3693485552666846,0.0,0.125,0.2827854364099738,hex_cells__ql__plastic__intr0__struct0__alpha_async__baseline__s2__d41d9b5dd1,0.0123377263490113,-0.0050098847688206,0.25,0.5799461583432689,0.002,ql,30,70,0.9,0.4829430104170373,0.3,0.42,0.08,140,0.4233736687822571,10,1.3209820511552557,3.633492625651323e-18,0.2,calibration,,False,30,130,180,-1,1.0,60,0.0167604823608465,0,40,1.0,2,0,0.25,0.01,0.75,50.0,30.0,0.45,0.2,0.1,0.002,8.0,0.004081360938012091,0.02837278485540018,0.0,0.01367760006587826,0.04613174585929053
44,220,0.4228491375163328,0.5,-0.3542599182406862,0.0,0.125,0.0,hex_cells__markov__plastic__intr0__struct0__alpha_async__baseline__s2__76ead6cceb,0.0020465581655358,0.0051392173172375,0.25,False,0.5734476104708752,0.002,0.016,markov,0.62,hex_cells,30,70,0.9,0.4731682547596607,0.3,0,0.42,0.08,140,0.4200384720028249,0.3,10,1.3341754164756168,4.632461386090468e-18,0.2,plastic,calibration,,False,alpha_async,30,130,180,2,-1,1.0,0.6,0.6,60,0.0126868412144294,0,0,40,1.0,2,0,0.25,0.01,0.75,50.0,baseline,30.0,0.45,0.2,0.1,0.002,8.0,44,220,0.422416788438811,-0.353049292920579,0.0,0.125,0.2732201724852889,hex_cells__ql__plastic__intr0__struct0__alpha_async__baseline__s2__8ee6700375,0.0079559380434206,0.0043553769154637,0.25,0.6094434867330081,0.002,ql,30,70,0.9,0.4582816368391462,0.3,0.42,0.08,140,0.4182581894010733,10,1.2992168561297686,4.3810871300135586e-18,0.2,calibration,,False,30,130,180,-1,1.0,60,0.0150991055255772,0,40,1.0,2,0,0.25,0.01,0.75,50.0,30.0,0.45,0.2,0.1,0.002,8.0,0.00043234907752182083,0.03599587626213285,0.0,0.03495856034584821,0.07138678568550288
44,220,0.4289841891695464,0.5,-0.3922543323876615,0.0,0.125,0.0,hex_cells__markov__plastic__intr0__struct0__alpha_async__baseline__s1__78953d6358,0.0065315887943724,0.0041367866383302,0.25,False,0.5514792713785159,0.002,0.006,markov,0.62,hex_cells,30,70,0.9,0.5024545382496176,0.3,0,0.42,0.08,140,0.4281211162856623,0.4,10,1.384707177825415,3.002533434854538e-18,0.2,plastic,calibration,,False,alpha_async,30,130,180,1,-1,1.0,0.6,0.6,60,0.0440271413787077,0,0,40,1.0,2,0,0.25,0.01,0.75,50.0,baseline,30.0,0.45,0.2,0.1,0.002,8.0,44,220,0.4295390752932606,-0.3803889072395383,0.0,0.125,0.2814741291343732,hex_cells__ql__plastic__intr0__struct0__alpha_async__baseline__s1__0e360f36ec,-0.0163706335391113,-1.9744644541748457e-06,0.25,0.5810958175105457,0.002,ql,30,70,0.9,0.4893493828610654,0.3,0.42,0.08,140,0.4262245932608313,10,1.3510231498252638,3.3574647815106293e-18,0.2,calibration,,False,30,130,180,-1,1.0,60,0.0239970347274411,0,40,1.0,2,0,0.25,0.01,0.75,50.0,30.0,0.45,0.2,0.1,0.002,8.0,0.0005548861237141822,0.029616546132029797,0.0,0.033684028000151134,0.06385546025589511
44,220,0.4289474032421032,0.5,-0.3703858874196222,0.0,0.125,0.0,hex_cells__markov__plastic__intr0__struct0__alpha_async__baseline__s2__ccee63028d,0.0003266152358556,-0.016103786452505,0.25,False,0.556813821022903,0.002,0.01,markov,0.62,hex_cells,30,70,0.9,0.48797788614041,0.3,0,0.42,0.08,140,0.4230608587274604,0.4,10,1.3463834947607018,2.945218484544777e-18,0.2,plastic,calibration,,False,alpha_async,30,130,180,2,-1,1.0,0.6,0.6,60,0.0166441298415269,0,0,40,1.0,2,0,0.25,0.01,0.75,50.0,baseline,30.0,0.45,0.2,0.1,0.002,8.0,44,220,0.4277315087481784,-0.3653574792463944,0.0,0.125,0.2841160145448906,hex_cells__ql__plastic__intr0__struct0__alpha_async__baseline__s2__fe405f3b76,0.0055794521616367,0.0037566400689434,0.25,0.5795233489448549,0.002,ql,30,70,0.9,0.4804573503617719,0.3,0.42,0.08,140,0.4223547663119494,10,1.3142134433976311,3.974875623198978e-18,0.2,calibration,,False,30,130,180,-1,1.0,60,0.0161861510582669,0,40,1.0,2,0,0.25,0.01,0.75,50.0,30.0,0.45,0.2,0.1,0.002,8.0,0.001215894493924785,0.02270952792195191,0.0,0.03217005136307072,0.05609547377894741
44,220,0.4298885968913558,0.5,-0.3625355791424727,0.0,0.125,0.0,hex_cells__markov__plastic__intr0__struct0__alpha_async__baseline__s2__099f33b794,0.0053377418535204,0.0144801598540751,0.25,False,0.5752235839634818,0.002,0.016,markov,0.62,hex_cells,30,70,0.9,0.4781031512333659,0.3,0,0.42,0.08,140,0.4218573522881827,0.4,10,1.304212492156403,2.614189121022928e-18,0.2,plastic,calibration,,False,alpha_async,30,130,180,2,-1,1.0,0.6,0.6,60,0.0317807666964337,0,0,40,1.0,2,0,0.25,0.01,0.75,50.0,baseline,30.0,0.45,0.2,0.1,0.002,8.0,44,220,0.4227660261754688,-0.3558606414892585,0.0,0.125,0.2787007415156037,hex_cells__ql__plastic__intr0__struct0__alpha_async__baseline__s2__46cab30ef6,-0.0086410723958677,0.0004913449913594,0.25,0.600199314795351,0.002,ql,30,70,0.9,0.4661925177789678,0.3,0.42,0.08,140,0.4177172303110693,10,1.3025214599657144,3.3821871620179466e-18,0.2,calibration,,False,30,130,180,-1,1.0,60,0.0154255003485878,0,40,1.0,2,0,0.25,0.01,0.75,50.0,30.0,0.45,0.2,0.1,0.002,8.0,0.0071225707158869556,0.024975730831869214,0.0,0.0016910321906884462,0.033789333738444616
44,220,0.4354385559823787,0.5,-0.3918186906799134,0.0,0.125,0.0,hex_cells__markov__plastic__intr0__struct0__alpha_async__baseline__s1__76f1e9c927,0.0067766603997306,0.0028863999417907,0.25,False,0.5616389530637946,0.002,0.006,markov,0.68,hex_cells,30,70,0.9,0.49959551285341,0.3,0,0.42,0.08,140,0.4303689379480863,0.2,10,1.3695279370921454,3.927388976485831e-18,0.2,plastic,calibration,,False,alpha_async,30,130,180,1,-1,1.0,0.6,0.6,60,0.0302209229677593,0,0,40,1.0,2,0,0.25,0.01,0.75,50.0,baseline,30.0,0.45,0.2,0.1,0.002,8.0,44,220,0.4345293504195421,-0.3803983862265302,0.0,0.125,0.2736318800553222,hex_cells__ql__plastic__intr0__struct0__alpha_async__baseline__s1__22339e8501,-0.0064119638661542,-0.0053393079418514,0.25,0.5941641395693638,0.002,ql,30,70,0.9,0.4844205056916052,0.3,0.42,0.08,140,0.4292721504952441,10,1.3188095634639894,3.0859708745950087e-18,0.2,calibration,,False,30,130,180,-1,1.0,60,0.0769403504863016,0,40,1.0,2,0,0.25,0.01,0.75,50.0,30.0,0.45,0.2,0.1,0.002,8.0,0.0009092055628365792,0.032525186505569126,0.0,0.05071837362815601,0.08415276569656172
44,220,0.4341576928732026,0.5,-0.3642553068764863,0.0,0.125,0.0,hex_cells__markov__plastic__intr0__struct0__alpha_async__baseline__s1__7eb5863cae,-0.0038747912315243,-0.0030518854111158,0.25,False,0.5794961709976088,0.002,0.01,markov,0.68,hex_cells,30,70,0.9,0.4786408195567289,0.3,0,0.42,0.08,140,0.4276778577603359,0.2,10,1.3233170670887329,3.65155190453485e-18,0.2,plastic,calibration,,False,alpha_async,30,130,180,1,-1,1.0,0.6,0.6,60,0.0185265753698356,0,0,40,1.0,2,0,0.25,0.01,0.75,50.0,baseline,30.0,0.45,0.2,0.1,0.002,8.0,44,220,0.4309128260499472,-0.3577252973130004,0.0,0.125,0.2739850282037904,hex_cells__ql__plastic__intr0__struct0__alpha_async__baseline__s1__ca627d7904,0.014014806689287,-0.0125611687622048,0.25,0.6104246551463938,0.002,ql,30,70,0.9,0.4637945202820935,0.3,0.42,0.08,140,0.4235669427787007,10,1.3025288152705214,4.073759896053521e-18,0.2,calibration,,False,30,130,180,-1,1.0,60,0.03632451528433,0,40,1.0,2,0,0.25,0.01,0.75,50.0,30.0,0.45,0.2,0.1,0.002,8.0,0.003244866823255421,0.030928484148785018,0.0,0.020788251818211423,0.05496160279025186
44,220,0.4299933591538263,0.5,-0.3514183879815344,0.0,0.125,0.0,hex_cells__markov__plastic__intr0__struct0__alpha_async__baseline__s1__05c9dfc2de,0.0055985845618448,0.0009546861491715,0.25,False,0.588680189298979,0.002,0.016,markov,0.68,hex_cells,30,70,0.9,0.46864080391199,0.3,0,0.42,0.08,140,0.425219359056013,0.2,10,1.327620955570176,3.453501665867373e-18,0.2,plastic,calibration,,False,alpha_async,30,130,180,1,-1,1.0,0.6,0.6,60,0.019039301201233,0,0,40,1.0,2,0,0.25,0.01,0.75,50.0,baseline,30.0,0.45,0.2,0.1,0.002,8.0,44,220,0.4288282929479493,-0.3400214198852756,0.0,0.125,0.2684299113345676,hex_cells__ql__plastic__intr0__struct0__alpha_async__baseline__s1__a6240e4416,-0.030138132548587,-0.0143524494262377,0.25,0.6189947980363183,0.002,ql,30,70,0.9,0.4530206993287424,0.3,0.42,0.08,140,0.4215495294457399,10,1.2599435803538552,3.846728425593717e-18,0.2,calibration,,False,30,130,180,-1,1.0,60,0.0096699293712495,0,40,1.0,2,0,0.25,0.01,0.75,50.0,30.0,0.45,0.2,0.1,0.002,8.0,0.00116506620587703,0.030314608737339266,0.0,0.06767737521632067,0.09915705015953696
44,220,0.4321298397303167,0.5,-0.386759697733778,0.0,0.125,0.0,hex_cells__markov__plastic__intr0__struct0__alpha_async__baseline__s1__16af6ebaa6,-0.0022595961919888,-0.0066559800151626,0.25,False,0.5635371682606529,0.002,0.006,markov,0.68,hex_cells,30,70,0.9,0.4948306892560912,0.3,0,0.42,0.08,140,0.4303976504747241,0.3,10,1.3769227567601212,3.114106415046829e-18,0.2,plastic,calibration,,False,alpha_async,30,130,180,1,-1,1.0,0.6,0.6,60,0.0396026358248953,0,0,40,1.0,2,0,0.25,0.01,0.75,50.0,baseline,30.0,0.45,0.2,0.1,0.002,8.0,44,220,0.4306744657576598,-0.379131991324717,0.0,0.125,0.2732725205761618,hex_cells__ql__plastic__intr0__struct0__alpha_async__baseline__s1__8e7c07489d,-0.0052410987064207,0.0002037590285677,0.25,0.5896378226288437,0.002,ql,30,70,0.9,0.4855609761454058,0.3,0.42,0.08,140,0.4280980595608935,10,1.3433520406321393,3.762468307342928e-18,0.2,calibration,,False,30,130,180,-1,1.0,60,0.0527363495197128,0,40,1.0,2,0,0.25,0.01,0.75,50.0,30.0,0.45,0.2,0.1,0.002,8.0,0.001455373972656937,0.026100654368190757,0.0,0.0335707161279819,0.0611267444688296
44,220,0.4376794904740233,0.5,-0.3673938741632617,0.0,0.125,0.0,hex_cells__markov__plastic__intr0__struct0__alpha_async__baseline__s2__04a8533291,-0.0035163896367374,0.0053157937049871,0.25,False,0.5702348699235484,0.002,0.01,markov,0.68,hex_cells,30,70,0.9,0.4849956659922889,0.3,0,0.42,0.08,140,0.4296593034362311,0.3,10,1.3126788353020966,3.656024160703228e-18,0.2,plastic,calibration,,False,alpha_async,30,130,180,2,-1,1.0,0.6,0.6,60,0.0160911437000227,0,0,40,1.0,2,0,0.25,0.01,0.75,50.0,baseline,30.0,0.45,0.2,0.1,0.002,8.0,44,220,0.4308617896188926,-0.3629790038242453,0.0,0.125,0.2793052685899336,hex_cells__ql__plastic__intr0__struct0__alpha_async__baseline__s2__810ee614aa,-0.0137729100927604,-0.0047046914203978,0.25,0.6071366031268257,0.002,ql,30,70,0.9,0.4676756194048061,0.3,0.42,0.08,140,0.4244601833938427,10,1.3151951602027818,4.331582338277012e-18,0.2,calibration,,False,30,130,180,-1,1.0,60,0.0151676481525032,0,40,1.0,2,0,0.25,0.01,0.75,50.0,30.0,0.45,0.2,0.1,0.002,8.0,0.006817700855130726,0.036901733203277276,0.0,0.0025163249006852073,0.04623575895909321
44,220,0.4300783455873828,0.5,-0.3490860359035111,0.0,0.125,0.0,hex_cells__markov__plastic__intr0__struct0__alpha_async__baseline__s1__22d48799ac,-0.0058776709748678,-0.0047084887590526,0.25,False,0.5883276191033421,0.002,0.016,markov,0.68,hex_cells,30,70,0.9,0.4678749607579857,0.3,0,0.42,0.08,140,0.4237607590976687,0.3,10,1.298851836445036,4.3769160966143535e-18,0.2,plastic,calibration,,False,alpha_async,30,130,180,1,-1,1.0,0.6,0.6,60,0.0201339526254885,0,0,40,1.0,2,0,0.25,0.01,0.75,50.0,baseline,30.0,0.45,0.2,0.1,0.002,8.0,44,220,0.4338378612192675,-0.3421773546517634,0.0,0.125,0.2759152360718861,hex_cells__ql__plastic__intr0__struct0__alpha_async__baseline__s1__ef58f7e69b,0.0146066901435034,0.0053938471356591,0.25,0.6185625497336135,0.002,ql,30,70,0.9,0.4544914300231731,0.3,0.42,0.08,140,0.423412093316504,10,1.2792028403543343,3.3213732847259797e-18,0.2,calibration,,False,30,130,180,-1,1.0,60,0.0195010987363899,0,40,1.0,2,0,0.25,0.01,0.75,50.0,30.0,0.45,0.2,0.1,0.002,8.0,0.0037595156318847023,0.030234930630271384,0.0,0.01964899609070181,0.053643442352857895
44,220,0.4309834944741874,0.5,-0.3845168929154268,0.0,0.125,0.0,hex_cells__markov__plastic__intr0__struct0__alpha_async__baseline__s2__045628981b,0.0120249647437979,-0.0148907691502812,0.25,False,0.5532770091326888,0.002,0.006,markov,0.68,hex_cells,30,70,0.9,0.500157112409856,0.3,0,0.42,0.08,140,0.4303507338071094,0.4,10,1.3767160319033709,3.300035392689348e-18,0.2,plastic,calibration,,False,alpha_async,30,130,180,2,-1,1.0,0.6,0.6,60,0.0285438942668054,0,0,40,1.0,2,0,0.25,0.01,0.75,50.0,baseline,30.0,0.45,0.2,0.1,0.002,8.0,44,220,0.4333916250313748,-0.3793789301784398,0.0,0.125,0.2716370684763301,hex_cells__ql__plastic__intr0__struct0__alpha_async__baseline__s2__7260246b83,-0.0009502143296682,0.0036082949606962,0.25,0.5937137777500361,0.002,ql,30,70,0.9,0.4838454437530622,0.3,0.42,0.08,140,0.4291710968164013,10,1.3258242791576431,2.7148479890048317e-18,0.2,calibration,,False,30,130,180,-1,1.0,60,0.0315889492925153,0,40,1.0,2,0,0.25,0.01,0.75,50.0,30.0,0.45,0.2,0.1,0.002,8.0,0.0024081305571874156,0.04043676861734724,0.0,0.05089175274572777,0.09373665192026243
44,220,0.4290134752578676,0.5,-0.3608311361185125,0.0,0.125,0.0,hex_cells__markov__plastic__intr0__struct0__alpha_async__baseline__s1__41894dd0e2,0.0062523395286628,-0.0076256500845452,0.25,False,0.5562206406560939,0.002,0.01,markov,0.68,hex_cells,30,70,0.9,0.4884206498273161,0.3,0,0.42,0.08,140,0.4264009220903495,0.4,10,1.3453908897672695,3.019237283987411e-18,0.2,plastic,calibration,,False,alpha_async,30,130,180,1,-1,1.0,0.6,0.6,60,0.0237886607556693,0,0,40,1.0,2,0,0.25,0.01,0.75,50.0,baseline,30.0,0.45,0.2,0.1,0.002,8.0,44,220,0.4288514198545696,-0.3604544633628297,0.0,0.125,0.2800741880071562,hex_cells__ql__plastic__intr0__struct0__alpha_async__baseline__s1__84fd9ca3c0,0.0066386736318066,0.001277983348553,0.25,0.596501116229823,0.002,ql,30,70,0.9,0.472317704288862,0.3,0.42,0.08,140,0.4240229113564592,10,1.3260455433097234,3.807419898258839e-18,0.2,calibration,,False,30,130,180,-1,1.0,60,0.0225494255322955,0,40,1.0,2,0,0.25,0.01,0.75,50.0,30.0,0.45,0.2,0.1,0.002,8.0,0.0001620554032980004,0.04028047557372916,0.0,0.019345346457546153,0.05978787743457331
44,220,0.434545959788456,0.5,-0.3466652802872669,0.0,0.125,0.0,hex_cells__markov__plastic__intr0__struct0__alpha_async__baseline__s2__e094694726,-0.0083686810598638,0.0129024832205485,0.25,False,0.5845717526985762,0.002,0.016,markov,0.68,hex_cells,30,70,0.9,0.4706665361699428,0.3,0,0.42,0.08,140,0.4250154505698752,0.4,10,1.2772735721564108,4.439899540685612e-18,0.2,plastic,calibration,,False,alpha_async,30,130,180,2,-1,1.0,0.6,0.6,60,0.0146152106952732,0,0,40,1.0,2,0,0.25,0.01,0.75,50.0,baseline,30.0,0.45,0.2,0.1,0.002,8.0,44,220,0.4223576795094789,-0.3448369950624835,0.0,0.125,0.2672063433964319,hex_cells__ql__plastic__intr0__struct0__alpha_async__baseline__s2__2da77f93b3,0.0081622410020004,-0.0125809783155518,0.25,0.6058090892807824,0.002,ql,30,70,0.9,0.4593681847595888,0.3,0.42,0.08,140,0.4196703574353015,10,1.2946208706117432,3.459772547271536e-18,0.2,calibration,,False,30,130,180,-1,1.0,60,0.0214482473619994,0,40,1.0,2,0,0.25,0.01,0.75,50.0,30.0,0.45,0.2,0.1,0.002,8.0,0.012188280278977115,0.021237336582206168,0.0,0.01734729845533245,0.05077291531651573
44,220,0.3482936431307199,0.5,-0.0160179574241729,0.0,0.125,0.0,hex_cells__markov__plastic__intr0__struct0__alpha_async__lesion__s1__86f1c3e820,0.0719352211073837,0.0706657531221984,0.25,False,0.4686831739471657,0.002,0.006,markov,0.58,hex_cells,30,70,0.9,0.3795256607311107,0.3,0,0.42,0.08,140,0.2670046212884623,0.2,10,1.5354432214701292,3.322814825876749e-18,0.2,plastic,calibration,0.0232359495493242,False,alpha_async,30,130,180,1,-1,1.0,0.6,0.6,60,0.0523945098232734,0,0,40,1.0,2,0,0.25,0.01,0.75,50.0,lesion,30.0,0.45,0.2,0.1,0.002,8.0,44,220,0.4368554176025795,-0.3805179790334052,0.0,0.125,0.3013207135145375,hex_cells__ql__plastic__intr0__struct0__alpha_async__lesion__s1__e4fb794345,-0.0077460549403488,-0.0027345390259409,0.25,0.6042603139515242,0.002,ql,30,70,0.9,0.4806989470683258,0.3,0.42,0.08,140,0.3593634803367072,10,1.2799723822412352,3.2799461464381485e-18,0.2,calibration,-0.0107649581934652,False,30,130,180,-1,1.0,60,0.0285315141682961,0,40,1.0,2,0,0.25,0.01,0.75,50.0,30.0,0.45,0.2,0.1,0.002,8.0,0.08856177447185959,0.13557714000435855,0.034000907742789396,0.255470839228894,0.5136106614479016
44,220,0.3260865555478467,0.5,0.0370314184281844,0.0,0.125,0.0,hex_cells__markov__plastic__intr0__struct0__alpha_async__lesion__s1__69cc432ef9,0.0782990416470938,0.0752749562902726,0.25,False,0.4539281519635855,0.002,0.01,markov,0.58,hex_cells,30,70,0.9,0.3529055340407692,0.3,0,0.42,0.08,140,0.2522396036176941,0.2,10,1.5429717679357555,4.52871578803175e-18,0.2,plastic,calibration,0.0373638677686734,False,alpha_async,30,130,180,1,-1,1.0,0.6,0.6,60,0.0538020213703562,0,0,40,1.0,2,0,0.25,0.01,0.75,50.0,lesion,30.0,0.45,0.2,0.1,0.002,8.0,44,220,0.4347402868865762,-0.3768656814967354,0.0,0.125,0.2992312976515882,hex_cells__ql__plastic__intr0__struct0__alpha_async__lesion__s1__890b7b517f,0.0013458543886823,-0.0074025509446271,0.25,0.6013763931479724,0.002,ql,30,70,0.9,0.4780874027824728,0.3,0.42,0.08,140,0.3574400002230125,10,1.2950882755400437,4.226887965906509e-18,0.2,calibration,0.0017964554317098,False,30,130,180,-1,1.0,60,0.021721777848242,0,40,1.0,2,0,0.25,0.01,0.75,50.0,30.0,0.45,0.2,0.1,0.002,8.0,0.10865373133872946,0.14744824118438693,0.035567412336963596,0.24788349239571184,0.5395528772557918
44,220,0.3279219475540561,0.5,0.0331553021957669,0.0,0.125,0.0,hex_cells__markov__plastic__intr0__struct0__alpha_async__lesion__s2__341106573d,0.0756241217792625,0.0539577124464324,0.25,False,0.4501565310701989,0.002,0.016,markov,0.58,hex_cells,30,70,0.9,0.3558267203161717,0.3,0,0.42,0.08,140,0.2534168222780458,0.2,10,1.5587950823283687,4.616141416765648e-18,0.2,plastic,calibration,0.0308942843222961,False,alpha_async,30,130,180,2,-1,1.0,0.6,0.6,60,0.0552309459597914,0,0,40,1.0,2,0,0.25,0.01,0.75,50.0,lesion,30.0,0.45,0.2,0.1,0.002,8.0,44,220,0.4265835458988556,-0.3603464452854559,0.0,0.125,0.2988172703619964,hex_cells__ql__plastic__intr0__struct0__alpha_async__lesion__s2__23feee8152,0.0004823132893314,-0.0066961565764664,0.25,0.6124593571528621,0.002,ql,30,70,0.9,0.4634967470958303,0.3,0.42,0.08,140,0.3530119072128354,10,1.3138691763982306,3.3653732044691693e-18,0.2,calibration,0.0011724741635828,False,30,130,180,-1,1.0,60,0.0251923866646829,0,40,1.0,2,0,0.25,0.01,0.75,50.0,30.0,0.45,0.2,0.1,0.002,8.0,0.09866159834479948,0.16230282608266328,0.0297218101587133,0.24492590593013808,0.5356121405163141
44,220,0.3425575167439814,0.5,0.0051239226680805,0.0,0.125,0.0,hex_cells__markov__plastic__intr0__struct0__alpha_async__lesion__s1__1bc18eec38,0.0747216234623621,0.0729000887372282,0.25,False,0.4493260732360408,0.002,0.006,markov,0.58,hex_cells,30,70,0.9,0.374910303720051,0.3,0,0.42,0.08,140,0.2629620700840619,0.3,10,1.555660303722177,2.763456634293629e-18,0.2,plastic,calibration,0.0335254866555406,False,alpha_async,30,130,180,1,-1,1.0,0.6,0.6,60,0.0521963350510985,0,0,40,1.0,2,0,0.25,0.01,0.75,50.0,lesion,30.0,0.45,0.2,0.1,0.002,8.0,44,220,0.4381437839688271,-0.381405768008721,0.0,0.125,0.3021217138591323,hex_cells__ql__plastic__intr0__struct0__alpha_async__lesion__s1__a5dab095d0,-0.0186524332514549,-0.0126804174588797,0.25,0.6021323971438669,0.002,ql,30,70,0.9,0.4816105195558625,0.3,0.42,0.08,140,0.3603444477879351,10,1.268624563408392,3.929272923136351e-18,0.2,calibration,-0.0263099449251631,False,30,130,180,-1,1.0,60,0.0275723612282178,0,40,1.0,2,0,0.25,0.01,0.75,50.0,30.0,0.45,0.2,0.1,0.002,8.0,0.0955862672248457,0.1528063239078261,0.0598354315807037,0.2870357403137851,0.5952637630271607
44,220,0.3349346609433289,0.5,0.0176636930727745,0.0,0.125,0.0,hex_cells__markov__plastic__intr0__struct0__alpha_async__lesion__s2__d5f2c03c42,0.0794889748075808,0.0604527888384673,0.25,False,0.4433155446611296,0.002,0.01,markov,0.58,hex_cells,30,70,0.9,0.3680620933072212,0.3,0,0.42,0.08,140,0.2599701693049311,0.3,10,1.5548366091855286,3.6481184218481865e-18,0.2,plastic,calibration,0.0475828374919909,False,alpha_async,30,130,180,2,-1,1.0,0.6,0.6,60,0.0557520947005389,0,0,40,1.0,2,0,0.25,0.01,0.75,50.0,lesion,30.0,0.45,0.2,0.1,0.002,8.0,44,220,0.4319733690844993,-0.3677761490283714,0.0,0.125,0.2986392686874706,hex_cells__ql__plastic__intr0__struct0__alpha_async__lesion__s2__0c6a390b00,0.0014925450043231,-0.004094091809696,0.25,0.5995449526156034,0.002,ql,30,70,0.9,0.4741872505348178,0.3,0.42,0.08,140,0.3561352422097457,10,1.2857957112872382,3.2938109938641934e-18,0.2,calibration,0.0061070020307175,False,30,130,180,-1,1.0,60,0.0225273774269423,0,40,1.0,2,0,0.25,0.01,0.75,50.0,30.0,0.45,0.2,0.1,0.002,8.0,0.09703870814117038,0.15622940795447376,0.041475835461273404,0.26904089789829033,0.5637848494552079
44,220,0.3233976049949041,0.5,0.0526968177498355,0.0,0.125,0.0,hex_cells__markov__plastic__intr0__struct0__alpha_async__lesion__s2__20269c8709,0.0848084543683359,0.0720270283292916,0.25,False,0.4511331557422006,0.002,0.016,markov,0.58,hex_cells,30,70,0.9,0.3472705746744924,0.3,0,0.42,0.08,140,0.2509119365073669,0.3,10,1.5496418828847347,4.002194928175983e-18,0.2,plastic,calibration,0.0435454813268569,False,alpha_async,30,130,180,2,-1,1.0,0.6,0.6,60,0.0686543927203298,0,0,40,1.0,2,0,0.25,0.01,0.75,50.0,lesion,30.0,0.45,0.2,0.1,0.002,8.0,44,220,0.422845132867054,-0.3551571838797048,0.0,0.125,0.2973546519697602,hex_cells__ql__plastic__intr0__struct0__alpha_async__lesion__s2__ab91df81c4,-0.0082564194113637,-0.004820457738293,0.25,0.6047515452371078,0.002,ql,30,70,0.9,0.4629378945937241,0.3,0.42,0.08,140,0.3492506383125197,10,1.3068941785739625,3.741033884830157e-18,0.2,calibration,-0.013121215905116,False,30,130,180,-1,1.0,60,0.0221934978459351,0,40,1.0,2,0,0.25,0.01,0.75,50.0,30.0,0.45,0.2,0.1,0.002,8.0,0.09944752787214989,0.15361838949490725,0.0566666972319729,0.2427477043107722,0.5524803189098022
44,220,0.3210118370545577,0.5,0.0521505037464343,0.0,0.125,0.0,hex_cells__markov__plastic__intr0__struct0__alpha_async__lesion__s1__fa7e21971d,0.0998052271991317,0.0959864878266425,0.25,False,0.4228388551209237,0.002,0.006,markov,0.58,hex_cells,30,70,0.9,0.3542989660530101,0.3,0,0.42,0.08,140,0.2496995610934668,0.4,10,1.5505955799443338,3.9687261918396014e-18,0.2,plastic,calibration,0.0559279634936382,False,alpha_async,30,130,180,1,-1,1.0,0.6,0.6,60,0.0583052078518976,0,0,40,1.0,2,0,0.25,0.01,0.75,50.0,lesion,30.0,0.45,0.2,0.1,0.002,8.0,44,220,0.436124382316596,-0.3733547767920003,0.0,0.125,0.3023559966164772,hex_cells__ql__plastic__intr0__struct0__alpha_async__lesion__s1__4af9e6d818,0.0015668979591509,-0.0223977096929776,0.25,0.594509337261365,0.002,ql,30,70,0.9,0.4833658435830598,0.3,0.42,0.08,140,0.3579138126620276,10,1.2803862093708838,3.978261167631563e-18,0.2,calibration,-0.0085272662251746,False,30,130,180,-1,1.0,60,0.0305238749361248,0,40,1.0,2,0,0.25,0.01,0.75,50.0,30.0,0.45,0.2,0.1,0.002,8.0,0.11511254526203829,0.17167048214044134,0.06445522971881279,0.27020937057345007,0.6214476276947425
44,220,0.3304036816708353,0.5,0.0268779775020188,0.0,0.125,0.0,hex_cells__markov__plastic__intr0__struct0__alpha_async__lesion__s2__07e7283c4e,0.0830069316830539,0.0617315564858687,0.25,False,0.436914776244189,0.002,0.01,markov,0.58,hex_cells,30,70,0.9,0.363522207633102,0.3,0,0.42,0.08,140,0.2554861575392217,0.4,10,1.5620680145649797,4.130937714623791e-18,0.2,plastic,calibration,0.0470260894602774,False,alpha_async,30,130,180,2,-1,1.0,0.6,0.6,60,0.057860262975413,0,0,40,1.0,2,0,0.25,0.01,0.75,50.0,lesion,30.0,0.45,0.2,0.1,0.002,8.0,44,220,0.4294500509771453,-0.3624389321175397,0.0,0.125,0.3008034052036529,hex_cells__ql__plastic__intr0__struct0__alpha_async__lesion__s2__de78b322b2,0.0121531431158573,-0.0083265981486104,0.25,0.5943444787955354,0.002,ql,30,70,0.9,0.4751989256234185,0.3,0.42,0.08,140,0.3543272503023142,10,1.2903036245301522,3.637649576545213e-18,0.2,calibration,0.0018901592761909,False,30,130,180,-1,1.0,60,0.0222785282448162,0,40,1.0,2,0,0.25,0.01,0.75,50.0,30.0,0.45,0.2,0.1,0.002,8.0,0.09904636930631,0.15742970255134642,0.0451359301840865,0.27176439003482744,0.5733763920765704
44,220,0.3104377121996806,0.5,0.0887881852229805,0.0,0.125,0.0,hex_cells__markov__plastic__intr0__struct0__alpha_async__lesion__s1__d2530da798,0.0857047038016576,0.0759814778036143,0.25,False,0.4384069026439863,0.002,0.016,markov,0.58,hex_cells,30,70,0.9,0.3316429442913875,0.3,0,0.42,0.08,140,0.2398451598102192,0.4,10,1.538746623496708,3.7010322682376574e-18,0.2,plastic,calibration,0.0499043403685292,False,alpha_async,30,130,180,1,-1,1.0,0.6,0.6,60,0.0561733032890654,0,0,40,1.0,2,0,0.25,0.01,0.75,50.0,lesion,30.0,0.45,0.2,0.1,0.002,8.0,44,220,0.4232836885305526,-0.3609677437348195,0.0,0.125,0.3015624822030994,hex_cells__ql__plastic__intr0__struct0__alpha_async__lesion__s1__f2c59a7e3c,0.0026224927279598,-0.0030455975390497,0.25,0.6105259472941399,0.002,ql,30,70,0.9,0.4632877874207409,0.3,0.42,0.08,140,0.3490632711029084,10,1.3123754706026896,3.713715627675181e-18,0.2,calibration,-0.0092246462298615,False,30,130,180,-1,1.0,60,0.0359080294527088,0,40,1.0,2,0,0.25,0.01,0.75,50.0,30.0,0.45,0.2,0.1,0.002,8.0,0.11284597633087201,0.1721190446501536,0.0591289865983907,0.22637115289401843,0.5704651604734348
44,220,0.3652983457065175,0.5,-0.0687862742202076,0.0,0.125,0.0,hex_cells__markov__plastic__intr0__struct0__alpha_async__lesion__s2__a834a46d57,0.0556883426719518,0.0565665329930526,0.25,False,0.4716002200087138,0.002,0.006,markov,0.62,hex_cells,30,70,0.9,0.4045857575801191,0.3,0,0.42,0.08,140,0.2788112661136943,0.2,10,1.5333585812906576,3.7514704745920816e-18,0.2,plastic,calibration,0.0295535461259783,False,alpha_async,30,130,180,2,-1,1.0,0.6,0.6,60,0.0564266736854587,0,0,40,1.0,2,0,0.25,0.01,0.75,50.0,lesion,30.0,0.45,0.2,0.1,0.002,8.0,44,220,0.4434727535950608,-0.3932008665976803,0.0,0.125,0.2945647039947748,hex_cells__ql__plastic__intr0__struct0__alpha_async__lesion__s2__3649527fde,0.0002329070497984,-0.0136916909296033,0.25,0.5884611611925005,0.002,ql,30,70,0.9,0.4958341342279703,0.3,0.42,0.08,140,0.3672755792071799,10,1.2666748570881656,3.927721816254207e-18,0.2,calibration,-0.0063789975286889,False,30,130,180,-1,1.0,60,0.0553652250939496,0,40,1.0,2,0,0.25,0.01,0.75,50.0,30.0,0.45,0.2,0.1,0.002,8.0,0.0781744078885433,0.11686094118378665,0.0359325436546672,0.266683724202492,0.4976516169294891
44,220,0.3489145638841186,0.5,-0.0101635400596995,0.0,0.125,0.0,hex_cells__markov__plastic__intr0__struct0__alpha_async__lesion__s2__6415675cde,0.0791565588207663,0.0643637327429736,0.25,False,0.4645935418210578,0.002,0.01,markov,0.62,hex_cells,30,70,0.9,0.3792398587880129,0.3,0,0.42,0.08,140,0.2678892821198359,0.2,10,1.5535530922313756,4.255599174535262e-18,0.2,plastic,calibration,0.0453806714182948,False,alpha_async,30,130,180,2,-1,1.0,0.6,0.6,60,0.0483928389169884,0,0,40,1.0,2,0,0.25,0.01,0.75,50.0,lesion,30.0,0.45,0.2,0.1,0.002,8.0,44,220,0.4342738529045897,-0.3766585546129183,0.0,0.125,0.2934424150699859,hex_cells__ql__plastic__intr0__struct0__alpha_async__lesion__s2__0d118ed001,0.0006429038515666,-0.0093650893473332,0.25,0.5996992758907151,0.002,ql,30,70,0.9,0.4792105909386435,0.3,0.42,0.08,140,0.3601620088569374,10,1.2780602389342977,3.2065647114927373e-18,0.2,calibration,0.0019763729947262,False,30,130,180,-1,1.0,60,0.025516925396571,0,40,1.0,2,0,0.25,0.01,0.75,50.0,30.0,0.45,0.2,0.1,0.002,8.0,0.08535928902047107,0.13510573406965737,0.0434042984235686,0.27549285329707796,0.539362174810775
44,220,0.3288061011956127,0.5,0.0343361520533079,0.0,0.125,0.0,hex_cells__markov__plastic__intr0__struct0__alpha_async__lesion__s2__2f72270628,0.0854353723749361,0.0637631678110437,0.25,False,0.4616909883503177,0.002,0.016,markov,0.62,hex_cells,30,70,0.9,0.3540829337810754,0.3,0,0.42,0.08,140,0.2540755422675017,0.2,10,1.5412320645022357,5.3664540200659914e-18,0.2,plastic,calibration,0.0589419343299411,False,alpha_async,30,130,180,2,-1,1.0,0.6,0.6,60,0.0560924189375411,0,0,40,1.0,2,0,0.25,0.01,0.75,50.0,lesion,30.0,0.45,0.2,0.1,0.002,8.0,44,220,0.4249345424481004,-0.3678602869926154,0.0,0.125,0.2924610041945092,hex_cells__ql__plastic__intr0__struct0__alpha_async__lesion__s2__4a9e9536ef,-0.0071634371338356,-0.0069148811540392,0.25,0.6104022288134181,0.002,ql,30,70,0.9,0.4670060346803232,0.3,0.42,0.08,140,0.3563047179396791,10,1.3187828089573674,3.51374221792899e-18,0.2,calibration,-0.0136710719339224,False,30,130,180,-1,1.0,60,0.0231403946610684,0,40,1.0,2,0,0.25,0.01,0.75,50.0,30.0,0.45,0.2,0.1,0.002,8.0,0.0961284412524877,0.1487112404631004,0.0726130062638635,0.22244925554486827,0.5399019435243199
44,220,0.35871493472751,0.5,-0.042325108055896,0.0,0.125,0.0,hex_cells__markov__plastic__intr0__struct0__alpha_async__lesion__s2__51fb38884d,0.0654082856360136,0.0558047188602147,0.25,False,0.4637408573442231,0.002,0.006,markov,0.62,hex_cells,30,70,0.9,0.394828888233402,0.3,0,0.42,0.08,140,0.2741472589738604,0.3,10,1.558467619615948,3.8611664585593225e-18,0.2,plastic,calibration,0.0264268689639738,False,alpha_async,30,130,180,2,-1,1.0,0.6,0.6,60,0.0569931108884085,0,0,40,1.0,2,0,0.25,0.01,0.75,50.0,lesion,30.0,0.45,0.2,0.1,0.002,8.0,44,220,0.4432830995014252,-0.3860179415235495,0.0,0.125,0.2965122577448483,hex_cells__ql__plastic__intr0__struct0__alpha_async__lesion__s2__48df29f13b,0.0052828879106846,-0.0099427841779455,0.25,0.5842376346498059,0.002,ql,30,70,0.9,0.4952012726625294,0.3,0.42,0.08,140,0.3651293697113934,10,1.2466837329274842,2.9321312072586843e-18,0.2,calibration,-0.004616137871926,False,30,130,180,-1,1.0,60,0.0291070431220239,0,40,1.0,2,0,0.25,0.01,0.75,50.0,30.0,0.45,0.2,0.1,0.002,8.0,0.08456816477391521,0.12049677730558284,0.0310430068358998,0.3117838866884637,0.5478918356038616
44,220,0.342566751515393,0.5,0.004890596969138,0.0,0.125,0.0,hex_cells__markov__plastic__intr0__struct0__alpha_async__lesion__s2__dc9d4008ff,0.0828685845743582,0.0763220039388623,0.25,False,0.4586802595324389,0.002,0.01,markov,0.62,hex_cells,30,70,0.9,0.3709392118592091,0.3,0,0.42,0.08,140,0.2621158260782912,0.3,10,1.5357429390409114,3.758020550489273e-18,0.2,plastic,calibration,0.0377291546111512,False,alpha_async,30,130,180,2,-1,1.0,0.6,0.6,60,0.0492781042677366,0,0,40,1.0,2,0,0.25,0.01,0.75,50.0,lesion,30.0,0.45,0.2,0.1,0.002,8.0,44,220,0.4331182104886261,-0.3719973307688107,0.0,0.125,0.2951868718366833,hex_cells__ql__plastic__intr0__struct0__alpha_async__lesion__s2__78df4415c9,-0.0030731988708172,-0.0133942429740584,0.25,0.5947926231935223,0.002,ql,30,70,0.9,0.4798246136595545,0.3,0.42,0.08,140,0.3595830510129214,10,1.304415130319344,3.497144461921014e-18,0.2,calibration,-0.0108611251509691,False,30,130,180,-1,1.0,60,0.0243537135165285,0,40,1.0,2,0,0.25,0.01,0.75,50.0,30.0,0.45,0.2,0.1,0.002,8.0,0.09055145897323308,0.13611236366108342,0.0485902797621203,0.23132780872156733,0.5065819111180041
44,220,0.3311818611419347,0.5,0.0200802730196482,0.0,0.125,0.0,hex_cells__markov__plastic__intr0__struct0__alpha_async__lesion__s2__3ac58507cd,0.0817946066789852,0.0499952241379937,0.25,False,0.4662248729175865,0.002,0.016,markov,0.62,hex_cells,30,70,0.9,0.3580176357449012,0.3,0,0.42,0.08,140,0.2571436801782227,0.3,10,1.5352733757380157,4.19815188519606e-18,0.2,plastic,calibration,0.0417293181725213,False,alpha_async,30,130,180,2,-1,1.0,0.6,0.6,60,0.0472407624605704,0,0,40,1.0,2,0,0.25,0.01,0.75,50.0,lesion,30.0,0.45,0.2,0.1,0.002,8.0,44,220,0.4284109323980376,-0.366618699215621,0.0,0.125,0.2941602620279741,hex_cells__ql__plastic__intr0__struct0__alpha_async__lesion__s2__f5dd31ade5,-0.0029779342604038,0.0013185050050628,0.25,0.6047476419188635,0.002,ql,30,70,0.9,0.4704590864489317,0.3,0.42,0.08,140,0.3562169930788325,10,1.3090106494017857,4.0747833363349776e-18,0.2,calibration,-0.0086771471034963,False,30,130,180,-1,1.0,60,0.0403033328336714,0,40,1.0,2,0,0.25,0.01,0.75,50.0,30.0,0.45,0.2,0.1,0.002,8.0,0.09722907125610292,0.13852276900127702,0.050406465276017595,0.22626272633623,0.5124210318696276
44,220,0.3510610835754362,0.5,-0.0313147308894725,0.0,0.125,0.0,hex_cells__markov__plastic__intr0__struct0__alpha_async__lesion__s2__4cdd962e81,0.0897907138458239,0.056016408216171,0.25,False,0.4391921006835322,0.002,0.006,markov,0.62,hex_cells,30,70,0.9,0.3967518120760858,0.3,0,0.42,0.08,140,0.2707817456697717,0.4,10,1.573142543399122,2.614152526334388e-18,0.2,plastic,calibration,0.0639829400486678,False,alpha_async,30,130,180,2,-1,1.0,0.6,0.6,60,0.0505278939023591,0,0,40,1.0,2,0,0.25,0.01,0.75,50.0,lesion,30.0,0.45,0.2,0.1,0.002,8.0,44,220,0.4401340030583505,-0.3853487589179333,0.0,0.125,0.2990350156737197,hex_cells__ql__plastic__intr0__struct0__alpha_async__lesion__s2__a2215ec0a6,0.0042078144080269,-0.0161558857623186,0.25,0.5824676799096058,0.002,ql,30,70,0.9,0.494895094702411,0.3,0.42,0.08,140,0.3630874788841451,10,1.2886453073970534,3.324317095177249e-18,0.2,calibration,0.0008681749064447,False,30,130,180,-1,1.0,60,0.0336511993132786,0,40,1.0,2,0,0.25,0.01,0.75,50.0,30.0,0.45,0.2,0.1,0.002,8.0,0.08907291948291429,0.1432755792260736,0.0631147651422231,0.28449723600206855,0.5799604998532795
44,220,0.3487253316678666,0.5,-0.0230097058599821,0.0,0.125,0.0,hex_cells__markov__plastic__intr0__struct0__alpha_async__lesion__s2__5fcb1ab5ce,0.0659895997898575,0.0507180593696951,0.25,False,0.4558906171670979,0.002,0.01,markov,0.62,hex_cells,30,70,0.9,0.3855516342557012,0.3,0,0.42,0.08,140,0.2668365209303553,0.4,10,1.5514197131339986,3.970714158841284e-18,0.2,plastic,calibration,0.0368744028450848,False,alpha_async,30,130,180,2,-1,1.0,0.6,0.6,60,0.0450695337182369,0,0,40,1.0,2,0,0.25,0.01,0.75,50.0,lesion,30.0,0.45,0.2,0.1,0.002,8.0,44,220,0.4328662426164251,-0.3702699675984032,0.0,0.125,0.2965258895270022,hex_cells__ql__plastic__intr0__struct0__alpha_async__lesion__s2__9f96c0614a,-0.0026892188930291,-0.0170393574125909,0.25,0.5977840536105988,0.002,ql,30,70,0.9,0.477478426482251,0.3,0.42,0.08,140,0.3586035045168637,10,1.2920129486154903,3.356709819074651e-18,0.2,calibration,-0.0048430525996122,False,30,130,180,-1,1.0,60,0.0300058119788767,0,40,1.0,2,0,0.25,0.01,0.75,50.0,30.0,0.45,0.2,0.1,0.002,8.0,0.08414091094855847,0.14189343644350094,0.041717455444697,0.2594067645185083,0.5271585673552648
44,220,0.3405640791439512,0.5,-0.0015272160845696,0.0,0.125,0.0,hex_cells__markov__plastic__intr0__struct0__alpha_async__lesion__s2__3fe36fb1c2,0.065792916589688,0.0725127863734132,0.25,False,0.4606636934551688,0.002,0.016,markov,0.62,hex_cells,30,70,0.9,0.3719969057481078,0.3,0,0.42,0.08,140,0.2622547559598828,0.4,10,1.543108368327179,3.3919628870667546e-18,0.2,plastic,calibration,0.0302790075426525,False,alpha_async,30,130,180,2,-1,1.0,0.6,0.6,60,0.0535731599711494,0,0,40,1.0,2,0,0.25,0.01,0.75,50.0,lesion,30.0,0.45,0.2,0.1,0.002,8.0,44,220,0.4250622807464673,-0.3508622318756247,0.0,0.125,0.2963350890477251,hex_cells__ql__plastic__intr0__struct0__alpha_async__lesion__s2__181523857c,0.0206666579539867,-0.0188649662354843,0.25,0.6104950673921467,0.002,ql,30,70,0.9,0.4605051173467882,0.3,0.42,0.08,140,0.3532239487156959,10,1.2906041220467095,4.353022526622747e-18,0.2,calibration,0.0103211496075129,False,30,130,180,-1,1.0,60,0.0222166196091576,0,40,1.0,2,0,0.25,0.01,0.75,50.0,30.0,0.45,0.2,0.1,0.002,8.0,0.08449820160251609,0.14983137393697787,0.0199578579351396,0.2525042462804694,0.506791679755103
44,220,0.3776792559203609,0.5,-0.1042955055055945,0.0,0.125,0.0,hex_cells__markov__plastic__intr0__struct0__alpha_async__lesion__s2__5d4e4c2922,0.0642757785106949,0.042425295275205,0.25,False,0.4823989188825979,0.002,0.006,markov,0.68,hex_cells,30,70,0.9,0.4187540125484664,0.3,0,0.42,0.08,140,0.2868167818891186,0.2,10,1.524094129704862,3.139701744081777e-18,0.2,plastic,calibration,0.0383347302034749,False,alpha_async,30,130,180,2,-1,1.0,0.6,0.6,60,0.0376961105494821,0,0,40,1.0,2,0,0.25,0.01,0.75,50.0,lesion,30.0,0.45,0.2,0.1,0.002,8.0,44,220,0.446860187478939,-0.3894802441199457,0.0,0.125,0.2896471796517662,hex_cells__ql__plastic__intr0__struct0__alpha_async__lesion__s2__d6f25bcf45,-0.001612136016161,-0.0197066093771522,0.25,0.5851420361704922,0.002,ql,30,70,0.9,0.4978917011659903,0.3,0.42,0.08,140,0.3742878486436806,10,1.2790305608567631,4.156584325093672e-18,0.2,calibration,-0.0010316477738651,False,30,130,180,-1,1.0,60,0.0175592150055838,0,40,1.0,2,0,0.25,0.01,0.75,50.0,30.0,0.45,0.2,0.1,0.002,8.0,0.06918093155857813,0.10274311728789431,0.03936637797734,0.24506356884809888,0.4563539956719113
44,220,0.3774754290531762,0.5,-0.0978094166531771,0.0,0.125,0.0,hex_cells__markov__plastic__intr0__struct0__alpha_async__lesion__s2__bff02e6694,0.0710213199643862,0.0478553491101782,0.25,False,0.4978300042638648,0.002,0.01,markov,0.68,hex_cells,30,70,0.9,0.4096735838793426,0.3,0,0.42,0.08,140,0.2876061606051432,0.2,10,1.5130165892303309,4.8202352693400746e-18,0.2,plastic,calibration,0.0440278116452041,False,alpha_async,30,130,180,2,-1,1.0,0.6,0.6,60,0.0424152541951096,0,0,40,1.0,2,0,0.25,0.01,0.75,50.0,lesion,30.0,0.45,0.2,0.1,0.002,8.0,44,220,0.4386725294951595,-0.3753417920733364,0.0,0.125,0.2884420220507514,hex_cells__ql__plastic__intr0__struct0__alpha_async__lesion__s2__e1cd5a8766,-0.0051111821445903,-0.0100783056222107,0.25,0.594740552620694,0.002,ql,30,70,0.9,0.4839993731459839,0.3,0.42,0.08,140,0.3687763701991433,10,1.2796675358085825,3.0677316752081262e-18,0.2,calibration,-0.0109092229157846,False,30,130,180,-1,1.0,60,0.0182442525834051,0,40,1.0,2,0,0.25,0.01,0.75,50.0,30.0,0.45,0.2,0.1,0.002,8.0,0.06119710044198329,0.09691054835682922,0.054937034560988696,0.2333490534217484,0.4463937367815496
44,220,0.3550498603562236,0.5,-0.0433416641871174,0.0,0.125,0.0,hex_cells__markov__plastic__intr0__struct0__alpha_async__lesion__s2__d4c254f874,0.0586401073094639,0.0541956708932165,0.25,False,0.4967946771932394,0.002,0.016,markov,0.68,hex_cells,30,70,0.9,0.3820677708640836,0.3,0,0.42,0.08,140,0.2742785802522666,0.2,10,1.520776695158841,3.918403751441395e-18,0.2,plastic,calibration,0.0344859537469743,False,alpha_async,30,130,180,2,-1,1.0,0.6,0.6,60,0.0436711817715142,0,0,40,1.0,2,0,0.25,0.01,0.75,50.0,lesion,30.0,0.45,0.2,0.1,0.002,8.0,44,220,0.4299523407320541,-0.3589614600740395,0.0,0.125,0.285613410398203,hex_cells__ql__plastic__intr0__struct0__alpha_async__lesion__s2__8e0dca26f5,-0.0052234817267676,-0.0096882205495532,0.25,0.6103191002705689,0.002,ql,30,70,0.9,0.4657320638920221,0.3,0.42,0.08,140,0.361174139212703,10,1.2781225080300107,2.6303017191566376e-18,0.2,calibration,-0.0014219107797475,False,30,130,180,-1,1.0,60,0.0320629061727619,0,40,1.0,2,0,0.25,0.01,0.75,50.0,30.0,0.45,0.2,0.1,0.002,8.0,0.07490248037583047,0.11352442307732952,0.0359078645267218,0.24265418712883036,0.46698895510871213
44,220,0.3804289401959609,0.5,-0.1098385797533708,0.0,0.125,0.0,hex_cells__markov__plastic__intr0__struct0__alpha_async__lesion__s2__9a98817a5f,0.055058782704749,0.0555994717865857,0.25,False,0.4880066578366653,0.002,0.006,markov,0.68,hex_cells,30,70,0.9,0.4203943062285,0.3,0,0.42,0.08,140,0.2891112871351341,0.3,10,1.535323193653905,2.6428329910691493e-18,0.2,plastic,calibration,0.0305211513177952,False,alpha_async,30,130,180,2,-1,1.0,0.6,0.6,60,0.0454129247600883,0,0,40,1.0,2,0,0.25,0.01,0.75,50.0,lesion,30.0,0.45,0.2,0.1,0.002,8.0,44,220,0.4432557043029688,-0.3835203292637424,0.0,0.125,0.2908482021369016,hex_cells__ql__plastic__intr0__struct0__alpha_async__lesion__s2__babe72668d,0.0031500240192894,-0.0083898997296931,0.25,0.5928915686529612,0.002,ql,30,70,0.9,0.4901460414169093,0.3,0.42,0.08,140,0.3715241865983861,10,1.2909407870461278,2.614173313259913e-18,0.2,calibration,0.0050993940090788,False,30,130,180,-1,1.0,60,0.0375987559292233,0,40,1.0,2,0,0.25,0.01,0.75,50.0,30.0,0.45,0.2,0.1,0.002,8.0,0.06282676410700788,0.10488491081629592,0.0254217573087164,0.2443824066077771,0.4375158388397973
44,220,0.3698337789245574,0.5,-0.0842020553718033,0.0,0.125,0.0,hex_cells__markov__plastic__intr0__struct0__alpha_async__lesion__s2__17186de637,0.0593063007721362,0.0545359717245199,0.25,False,0.4839889848458359,0.002,0.01,markov,0.68,hex_cells,30,70,0.9,0.407825700165236,0.3,0,0.42,0.08,140,0.2812210523571367,0.3,10,1.5421414476500546,3.7066720918840495e-18,0.2,plastic,calibration,0.0276337907254304,False,alpha_async,30,130,180,2,-1,1.0,0.6,0.6,60,0.0393335169579518,0,0,40,1.0,2,0,0.25,0.01,0.75,50.0,lesion,30.0,0.45,0.2,0.1,0.002,8.0,44,220,0.4368259910064852,-0.3724376693423014,0.0,0.125,0.2861442552829367,hex_cells__ql__plastic__intr0__struct0__alpha_async__lesion__s2__b4cb281494,-0.0007258847985577,-0.0048395135451258,0.25,0.5933966166721242,0.002,ql,30,70,0.9,0.4836025821598424,0.3,0.42,0.08,140,0.3679925695615782,10,1.2863136896363556,4.11199125147345e-18,0.2,calibration,0.012773522701694,False,30,130,180,-1,1.0,60,0.0197034510241674,0,40,1.0,2,0,0.25,0.01,0.75,50.0,30.0,0.45,0.2,0.1,0.002,8.0,0.06699221208192785,0.10940763182628827,0.014860268023736401,0.25582775801369895,0.4470878699456515
44,220,0.3501347049288047,0.5,-0.0268705891158843,0.0,0.125,0.0,hex_cells__markov__plastic__intr0__struct0__alpha_async__lesion__s2__b0147b0028,0.0729097470359163,0.0679343064029416,0.25,False,0.4836111580894707,0.002,0.016,markov,0.68,hex_cells,30,70,0.9,0.3776311347825825,0.3,0,0.42,0.08,140,0.2687417042634523,0.3,10,1.5275014160398843,5.317562915321069e-18,0.2,plastic,calibration,0.0535412438061964,False,alpha_async,30,130,180,2,-1,1.0,0.6,0.6,60,0.0459352661937572,0,0,40,1.0,2,0,0.25,0.01,0.75,50.0,lesion,30.0,0.45,0.2,0.1,0.002,8.0,44,220,0.4319065470458655,-0.3569173663775084,0.0,0.125,0.286479067937553,hex_cells__ql__plastic__intr0__struct0__alpha_async__lesion__s2__56ee04386f,0.0062671479746611,-0.0099171023752222,0.25,0.6017581185128404,0.002,ql,30,70,0.9,0.4701898597510699,0.3,0.42,0.08,140,0.3606076183444495,10,1.2922468169460803,3.317745014168768e-18,0.2,calibration,0.0145869802756825,False,30,130,180,-1,1.0,60,0.014809489378522,0,40,1.0,2,0,0.25,0.01,0.75,50.0,30.0,0.45,0.2,0.1,0.002,8.0,0.08177184211706079,0.11814696042336975,0.0389542635305139,0.23525459909380397,0.4741276651647484
44,220,0.3732616934371888,0.5,-0.0816039844072405,0.0,0.125,0.0,hex_cells__markov__plastic__intr0__struct0__alpha_async__lesion__s2__ffbbda8599,0.0648342930575293,0.0565756001075621,0.25,False,0.4790776701602731,0.002,0.006,markov,0.68,hex_cells,30,70,0.9,0.4104163536775533,0.3,0,0.42,0.08,140,0.2838279140243491,0.4,10,1.556984895740205,2.7498008834226405e-18,0.2,plastic,calibration,0.0307265589460727,False,alpha_async,30,130,180,2,-1,1.0,0.6,0.6,60,0.0486603435583722,0,0,40,1.0,2,0,0.25,0.01,0.75,50.0,lesion,30.0,0.45,0.2,0.1,0.002,8.0,44,220,0.4423125662367445,-0.3817296952632513,0.0,0.125,0.2893043628793791,hex_cells__ql__plastic__intr0__struct0__alpha_async__lesion__s2__076cfe9d39,0.002214408331016,-0.0129866139044322,0.25,0.5792530237693458,0.002,ql,30,70,0.9,0.4975189021520894,0.3,0.42,0.08,140,0.3707118810588602,10,1.268095286165651,4.233837520224291e-18,0.2,calibration,0.0013262421823352,False,30,130,180,-1,1.0,60,0.0201086624279564,0,40,1.0,2,0,0.25,0.01,0.75,50.0,30.0,0.45,0.2,0.1,0.002,8.0,0.06905087279955568,0.10017535360907276,0.0294003167637375,0.2888896095745541,0.48751615274692006
44,220,0.3661736213481501,0.5,-0.0688240111528543,0.0,0.125,0.0,hex_cells__markov__plastic__intr0__struct0__alpha_async__lesion__s2__21e81331e9,0.0576555595277699,0.0574822916347711,0.25,False,0.4799684342882288,0.002,0.01,markov,0.68,hex_cells,30,70,0.9,0.4016216159641683,0.3,0,0.42,0.08,140,0.2777965773763174,0.4,10,1.545599281627012,3.617842908793461e-18,0.2,plastic,calibration,0.0306113375542968,False,alpha_async,30,130,180,2,-1,1.0,0.6,0.6,60,0.0385324756554746,0,0,40,1.0,2,0,0.25,0.01,0.75,50.0,lesion,30.0,0.45,0.2,0.1,0.002,8.0,44,220,0.4360694334883812,-0.36802790382597,0.0,0.125,0.2881770650429304,hex_cells__ql__plastic__intr0__struct0__alpha_async__lesion__s2__f03bc2fae5,0.0041187005035206,-0.0019531686992287,0.25,0.593183192021914,0.002,ql,30,70,0.9,0.4819126428204696,0.3,0.42,0.08,140,0.3657413485288441,10,1.2780083918001868,4.4741435489635944e-18,0.2,calibration,0.0110308207411659,False,30,130,180,-1,1.0,60,0.0236651939412672,0,40,1.0,2,0,0.25,0.01,0.75,50.0,30.0,0.45,0.2,0.1,0.002,8.0,0.06989581214023105,0.11321475773368528,0.0195805168131309,0.26759088982682533,0.47028197651387255
44,220,0.350391975547218,0.5,-0.0342165532817691,0.0,0.125,0.0,hex_cells__markov__plastic__intr0__struct0__alpha_async__lesion__s1__1d9f969ab2,0.0545405920910753,0.0442372730747048,0.25,False,0.4883247731787071,0.002,0.016,markov,0.68,hex_cells,30,70,0.9,0.3793799995306153,0.3,0,0.42,0.08,140,0.2723878896642964,0.4,10,1.524096621224763,3.4778285500954855e-18,0.2,plastic,calibration,0.0443298904126888,False,alpha_async,30,130,180,1,-1,1.0,0.6,0.6,60,0.0435780765708185,0,0,40,1.0,2,0,0.25,0.01,0.75,50.0,lesion,30.0,0.45,0.2,0.1,0.002,8.0,44,220,0.4307419343065295,-0.3598688993033359,0.0,0.125,0.2863175113355476,hex_cells__ql__plastic__intr0__struct0__alpha_async__lesion__s1__b60cb81304,-0.0029649351514062,0.0023590976572849,0.25,0.6106355980641461,0.002,ql,30,70,0.9,0.4670637718942486,0.3,0.42,0.08,140,0.360277376210914,10,1.2807880473516131,3.8333070535076724e-18,0.2,calibration,0.0061494027959982,False,30,130,180,-1,1.0,60,0.026085388035101,0,40,1.0,2,0,0.25,0.01,0.75,50.0,30.0,0.45,0.2,0.1,0.002,8.0,0.0803499587593115,0.12231082488543904,0.0381804876166906,0.24330857387314997,0.48414984513459114
44,220,0.407242096493345,0.5,-0.2598820450082235,0.0,0.125,0.0,honeycomb__markov__plastic__intr0__struct0__alpha_async__baseline__s2__98b263176d,0.0075156730808757,0.0061463387565458,0.25,False,0.7394010549827147,0.002,0.006,markov,0.58,honeycomb,30,70,0.9,0.3473829155829654,0.3,0,0.42,0.08,140,0.3994920095097256,0.2,10,1.4865717511474654,2.6699496770272997e-18,0.2,plastic,calibration,,False,alpha_async,30,130,180,2,-1,1.0,0.6,0.6,60,0.0063140295634186,0,0,40,1.0,2,0,0.25,0.01,0.75,50.0,baseline,30.0,0.45,0.2,0.1,0.002,8.0,44,220,0.4013201871112068,-0.2350654323099563,0.0,0.125,0.2696906385114578,honeycomb__ql__plastic__intr0__struct0__alpha_async__baseline__s2__190b59c5a3,0.0097638407083153,-0.0043049872410461,0.25,0.7468699575657741,0.002,ql,30,70,0.9,0.3350454946444675,0.3,0.42,0.08,140,0.3958686349174944,10,1.472917038135809,3.82661744973408e-18,0.2,calibration,,False,30,130,180,-1,1.0,60,0.006564401341197,0,40,1.0,2,0,0.25,0.01,0.75,50.0,30.0,0.45,0.2,0.1,0.002,8.0,0.005921909382138157,0.0074689025830594336,0.0,0.013654713011656439,0.02704552497685403
44,220,0.4059510829480088,0.5,-0.2609675296737281,0.0,0.125,0.0,honeycomb__markov__plastic__intr0__struct0__alpha_async__baseline__s1__046cf3b7be,-0.0028777240108431,-0.0149286091899016,0.25,False,0.7473245562009134,0.002,0.01,markov,0.58,honeycomb,30,70,0.9,0.3421385560745188,0.3,0,0.42,0.08,140,0.3967948251507199,0.2,10,1.4850714596836925,2.2279576253408076e-18,0.2,plastic,calibration,,False,alpha_async,30,130,180,1,-1,1.0,0.6,0.6,60,0.0072819007626322,0,0,40,1.0,2,0,0.25,0.01,0.75,50.0,baseline,30.0,0.45,0.2,0.1,0.002,8.0,44,220,0.4007515048981803,-0.2586163377719143,0.0,0.125,0.2707589672139209,honeycomb__ql__plastic__intr0__struct0__alpha_async__baseline__s1__5b075fe72e,-0.001160787662928,-0.0065732018053214,0.25,0.7402465481836631,0.002,ql,30,70,0.9,0.3433182210400575,0.3,0.42,0.08,140,0.3964736687942223,10,1.4882563265447697,3.808125584145322e-18,0.2,calibration,,False,30,130,180,-1,1.0,60,0.0076209729273054,0,40,1.0,2,0,0.25,0.01,0.75,50.0,30.0,0.45,0.2,0.1,0.002,8.0,0.005199578049828513,0.007078008017250337,0.0,0.003184866861077218,0.015462452928156067
44,220,0.403585769091154,0.5,-0.2538618523803416,0.0,0.125,0.0,honeycomb__markov__plastic__intr0__struct0__alpha_async__baseline__s1__4d908486b5,-0.0044033954118744,0.0043504673756607,0.25,False,0.7393690894886655,0.002,0.016,markov,0.58,honeycomb,30,70,0.9,0.3437593329037754,0.3,0,0.42,0.08,140,0.3995161608302841,0.2,10,1.5026154562006877,2.806418346277381e-18,0.2,plastic,calibration,,False,alpha_async,30,130,180,1,-1,1.0,0.6,0.6,60,0.0059220861120121,0,0,40,1.0,2,0,0.25,0.01,0.75,50.0,baseline,30.0,0.45,0.2,0.1,0.002,8.0,44,220,0.3970935175534783,-0.2436532408207364,0.0,0.125,0.2672581313289016,honeycomb__ql__plastic__intr0__struct0__alpha_async__baseline__s1__7dfdf6c76d,-0.0010130710783285,-0.0215079098489491,0.25,0.7476182971037102,0.002,ql,30,70,0.9,0.334118209731821,0.3,0.42,0.08,140,0.3951893384815371,10,1.447046115958198,5.1752560656399954e-18,0.2,calibration,,False,30,130,180,-1,1.0,60,0.0056317023805381,0,40,1.0,2,0,0.25,0.01,0.75,50.0,30.0,0.45,0.2,0.1,0.002,8.0,0.006492251537675686,0.008249207615044662,0.0,0.05556934024248972,0.07031079939521007
44,220,0.4073681290355129,0.5,-0.2478705204391787,0.0,0.125,0.0,honeycomb__markov__plastic__intr0__struct0__alpha_async__baseline__s1__6b2e4ab586,0.0160782041902685,0.0093581958322699,0.25,False,0.7497406901865824,0.002,0.006,markov,0.58,honeycomb,30,70,0.9,0.3377453653539409,0.3,0,0.42,0.08,140,0.3973644157207971,0.3,10,1.4854475367293958,3.1376050080970845e-18,0.2,plastic,calibration,,False,alpha_async,30,130,180,1,-1,1.0,0.6,0.6,60,0.0059503222763302,0,0,40,1.0,2,0,0.25,0.01,0.75,50.0,baseline,30.0,0.45,0.2,0.1,0.002,8.0,44,220,0.3970998247257278,-0.2288063198658274,0.0,0.125,0.2700315423790118,honeycomb__ql__plastic__intr0__struct0__alpha_async__baseline__s1__f7dd312e10,0.0007897005683946,-0.0115020560100193,0.25,0.7479454940486239,0.002,ql,30,70,0.9,0.3305015085983401,0.3,0.42,0.08,140,0.3944113711402026,10,1.4553627156314684,3.765222586385813e-18,0.2,calibration,,False,30,130,180,-1,1.0,60,0.0065460703645176,0,40,1.0,2,0,0.25,0.01,0.75,50.0,30.0,0.45,0.2,0.1,0.002,8.0,0.010268304309785092,0.0017951961379585324,0.0,0.030084821097927428,0.04214832154567105
44,220,0.4052324099014679,0.5,-0.2665674190128683,0.0,0.125,0.0,honeycomb__markov__plastic__intr0__struct0__alpha_async__baseline__s1__a2a11bb035,-0.0004798112371219,-0.0009904188745452,0.25,False,0.7426678571954706,0.002,0.01,markov,0.58,honeycomb,30,70,0.9,0.3456421859614484,0.3,0,0.42,0.08,140,0.3983959647970626,0.3,10,1.5054572571461344,3.4537090954292693e-18,0.2,plastic,calibration,,False,alpha_async,30,130,180,1,-1,1.0,0.6,0.6,60,0.0063797057273524,0,0,40,1.0,2,0,0.25,0.01,0.75,50.0,baseline,30.0,0.45,0.2,0.1,0.002,8.0,44,220,0.4004469137682082,-0.2340821613050929,0.0,0.125,0.2679827497025552,honeycomb__ql__plastic__intr0__struct0__alpha_async__baseline__s1__41f4281987,-0.0117003644068793,-0.0031632933060462,0.25,0.7477336413890951,0.002,ql,30,70,0.9,0.3333360623989045,0.3,0.42,0.08,140,0.3949983118221798,10,1.448257463069225,3.0566000652857753e-18,0.2,calibration,,False,30,130,180,-1,1.0,60,0.0058749327552482,0,40,1.0,2,0,0.25,0.01,0.75,50.0,30.0,0.45,0.2,0.1,0.002,8.0,0.004785496133259737,0.0050657841936245784,0.0,0.05719979407690934,0.06705107440379365
44,220,0.4069438481709405,0.5,-0.2601702815779032,0.0,0.125,0.0,honeycomb__markov__plastic__intr0__struct0__alpha_async__baseline__s2__0a1b6c5255,0.0091888230589357,-0.0040042187338205,0.25,False,0.743189073344342,0.002,0.016,markov,0.58,honeycomb,30,70,0.9,0.3443568332134185,0.3,0,0.42,0.08,140,0.3977103871218622,0.3,10,1.498087961270268,1.554938263570494e-18,0.2,plastic,calibration,,False,alpha_async,30,130,180,2,-1,1.0,0.6,0.6,60,0.006483984933889,0,0,40,1.0,2,0,0.25,0.01,0.75,50.0,baseline,30.0,0.45,0.2,0.1,0.002,8.0,44,220,0.3981168101091273,-0.2268659892676427,0.0,0.125,0.2695752230550949,honeycomb__ql__plastic__intr0__struct0__alpha_async__baseline__s2__b09ff2523f,0.0169642145626378,0.0060655067390067,0.25,0.7490416763345776,0.002,ql,30,70,0.9,0.3298770556784754,0.3,0.42,0.08,140,0.394777083033644,10,1.4553511979805849,2.4021803172709085e-18,0.2,calibration,,False,30,130,180,-1,1.0,60,0.005664722462166,0,40,1.0,2,0,0.25,0.01,0.75,50.0,30.0,0.45,0.2,0.1,0.002,8.0,0.008827038061813175,0.0058526029902356,0.0,0.04273676328968312,0.0574164043417319
44,220,0.4028757972267482,0.5,-0.2434189263201608,0.0,0.125,0.0,honeycomb__markov__plastic__intr0__struct0__alpha_async__baseline__s2__65922df217,-0.0007240684784588,0.0124680505285776,0.25,False,0.7424937438951646,0.002,0.006,markov,0.58,honeycomb,30,70,0.9,0.3397332586497502,0.3,0,0.42,0.08,140,0.3972537755825864,0.4,10,1.4942271773462417,3.768818103896069e-18,0.2,plastic,calibration,,False,alpha_async,30,130,180,2,-1,1.0,0.6,0.6,60,0.0067663977190688,0,0,40,1.0,2,0,0.25,0.01,0.75,50.0,baseline,30.0,0.45,0.2,0.1,0.002,8.0,44,220,0.4032308522290352,-0.2464785025670857,0.0,0.125,0.2688525800024579,honeycomb__ql__plastic__intr0__struct0__alpha_async__baseline__s2__9040df9c87,-0.0013247475448766,-0.0050426939890299,0.25,0.7460810947318852,0.002,ql,30,70,0.9,0.3383548289566983,0.3,0.42,0.08,140,0.3952565686925558,10,1.4630567354386526,2.759643258275974e-18,0.2,calibration,,False,30,130,180,-1,1.0,60,0.0053061787185322,0,40,1.0,2,0,0.25,0.01,0.75,50.0,30.0,0.45,0.2,0.1,0.002,8.0,0.00035505500228699693,0.003587350836720571,0.0,0.031170441907589108,0.035112847746596676
44,220,0.4034917324698599,0.5,-0.2557948665086973,0.0,0.125,0.0,honeycomb__markov__plastic__intr0__struct0__alpha_async__baseline__s2__4cb3581879,-0.0177018775123698,-0.0108178346462238,0.25,False,0.743093644039042,0.002,0.01,markov,0.58,honeycomb,30,70,0.9,0.3435225502027808,0.3,0,0.42,0.08,140,0.3956456888522499,0.4,10,1.4851039829204458,2.7109872577893055e-18,0.2,plastic,calibration,,False,alpha_async,30,130,180,2,-1,1.0,0.6,0.6,60,0.0068847442874523,0,0,40,1.0,2,0,0.25,0.01,0.75,50.0,baseline,30.0,0.45,0.2,0.1,0.002,8.0,44,220,0.4041935030685312,-0.2484321029421897,0.0,0.125,0.2730198614642148,honeycomb__ql__plastic__intr0__struct0__alpha_async__baseline__s2__5cb607341e,0.0017026260347346,-0.0049700305029251,0.25,0.7518118677067244,0.002,ql,30,70,0.9,0.334531828463145,0.3,0.42,0.08,140,0.3951566140613669,10,1.4705344900254131,2.866218522256155e-18,0.2,calibration,,False,30,130,180,-1,1.0,60,0.0063456488012292,0,40,1.0,2,0,0.25,0.01,0.75,50.0,30.0,0.45,0.2,0.1,0.002,8.0,0.0007017705986712697,0.008718223667682379,0.0,0.01456949289503262,0.02398948716138627
44,220,0.4031042086057594,0.5,-0.2620742936595562,0.0,0.125,0.0,honeycomb__markov__plastic__intr0__struct0__alpha_async__baseline__s2__8978b6d5ff,0.0066535275946816,-0.0118858610460629,0.25,False,0.7379512555422476,0.002,0.016,markov,0.58,honeycomb,30,70,0.9,0.3464147087070755,0.3,0,0.42,0.08,140,0.3969576001994651,0.4,10,1.5067750341771768,3.4726440583195534e-18,0.2,plastic,calibration,,False,alpha_async,30,130,180,2,-1,1.0,0.6,0.6,60,0.0081665756622202,0,0,40,1.0,2,0,0.25,0.01,0.75,50.0,baseline,30.0,0.45,0.2,0.1,0.002,8.0,44,220,0.397258674933313,-0.2233175713534365,0.0,0.125,0.2733070535718555,honeycomb__ql__plastic__intr0__struct0__alpha_async__baseline__s2__59ca731e4f,-0.005896176697445,-0.0149905840044273,0.25,0.740195206180331,0.002,ql,30,70,0.9,0.3342681272380883,0.3,0.42,0.08,140,0.3950656342431913,10,1.4599367927719302,4.1922644108171315e-18,0.2,calibration,,False,30,130,180,-1,1.0,60,0.0062400564803067,0,40,1.0,2,0,0.25,0.01,0.75,50.0,30.0,0.45,0.2,0.1,0.002,8.0,0.00584553367244639,0.0022439506380833585,0.0,0.04683824140524662,0.054927725715776365
44,220,0.4032392614132392,0.5,-0.2309058660112694,0.0,0.125,0.0,honeycomb__markov__plastic__intr0__struct0__alpha_async__baseline__s2__b464c1896c,-0.0034123357601742,-0.0018196698448013,0.25,False,0.7333917557773302,0.002,0.006,markov,0.62,honeycomb,30,70,0.9,0.3441232775199206,0.3,0,0.42,0.08,140,0.396036341147436,0.2,10,1.5160590167904178,2.619377253174511e-18,0.2,plastic,calibration,,False,alpha_async,30,130,180,2,-1,1.0,0.6,0.6,60,0.0054138613027111,0,0,40,1.0,2,0,0.25,0.01,0.75,50.0,baseline,30.0,0.45,0.2,0.1,0.002,8.0,44,220,0.4001192155191634,-0.2123265362364051,0.0,0.125,0.2705696145212309,honeycomb__ql__plastic__intr0__struct0__alpha_async__baseline__s2__3649c865b0,0.0083372660103788,0.0105551119578531,0.25,0.7411165703689304,0.002,ql,30,70,0.9,0.3330241806305035,0.3,0.42,0.08,140,0.3932882352469625,10,1.4780376906529018,2.2537608166839e-18,0.2,calibration,,False,30,130,180,-1,1.0,60,0.0059221923176548,0,40,1.0,2,0,0.25,0.01,0.75,50.0,30.0,0.45,0.2,0.1,0.002,8.0,0.0031200458940757736,0.0077248145916002375,0.0,0.038021326137515965,0.048866186623191976
44,220,0.4021562709012498,0.5,-0.2087498738299687,0.0,0.125,0.0,honeycomb__markov__plastic__intr0__struct0__alpha_async__baseline__s1__3bc7f6b1bd,-0.0008692785825579,0.0077617917457456,0.25,False,0.7270857797304,0.002,0.01,markov,0.62,honeycomb,30,70,0.9,0.3433820315721756,0.3,0,0.42,0.08,140,0.3944865982474548,0.2,10,1.5053326301690773,3.8101169266922404e-18,0.2,plastic,calibration,,False,alpha_async,30,130,180,1,-1,1.0,0.6,0.6,60,0.0068125207598905,0,0,40,1.0,2,0,0.25,0.01,0.75,50.0,baseline,30.0,0.45,0.2,0.1,0.002,8.0,44,220,0.3995960215606499,-0.2196030870671763,0.0,0.125,0.2712613624977253,honeycomb__ql__plastic__intr0__struct0__alpha_async__baseline__s1__621730f184,-0.0027503642873382,0.0077589572126147,0.25,0.7356409876072975,0.002,ql,30,70,0.9,0.3391955572799272,0.3,0.42,0.08,140,0.3935493473298123,10,1.482411940208225,5.113207365597267e-18,0.2,calibration,,False,30,130,180,-1,1.0,60,0.0066618676097931,0,40,1.0,2,0,0.25,0.01,0.75,50.0,30.0,0.45,0.2,0.1,0.002,8.0,0.002560249340599896,0.008555207876897453,0.0,0.02292068996085228,0.03403614717834963
44,220,0.4047282641980007,0.5,-0.2500191296228351,0.0,0.125,0.0,honeycomb__markov__plastic__intr0__struct0__alpha_async__baseline__s1__31c0fd056d,0.0052315689722408,-0.0059583446888837,0.25,False,0.728088406123216,0.002,0.016,markov,0.62,honeycomb,30,70,0.9,0.3521409415996551,0.3,0,0.42,0.08,140,0.3974230152990718,0.2,10,1.5192126401469732,2.1001945328961856e-18,0.2,plastic,calibration,,False,alpha_async,30,130,180,1,-1,1.0,0.6,0.6,60,0.0066043619485935,0,0,40,1.0,2,0,0.25,0.01,0.75,50.0,baseline,30.0,0.45,0.2,0.1,0.002,8.0,44,220,0.4001792408307418,-0.2140634676015746,0.0,0.125,0.2691971185133028,honeycomb__ql__plastic__intr0__struct0__alpha_async__baseline__s1__0a250a798d,0.0041035720543172,0.0053709845932348,0.25,0.7433203390782072,0.002,ql,30,70,0.9,0.3322185008565088,0.3,0.42,0.08,140,0.3936169351130726,10,1.4705177732714052,3.339433878754036e-18,0.2,calibration,,False,30,130,180,-1,1.0,60,0.0057930348667808,0,40,1.0,2,0,0.25,0.01,0.75,50.0,30.0,0.45,0.2,0.1,0.002,8.0,0.004549023367258875,0.015231932954991145,0.0,0.04869486687556801,0.06847582319781803
44,220,0.4027123757932563,0.5,-0.2205484546061558,0.0,0.125,0.0,honeycomb__markov__plastic__intr0__struct0__alpha_async__baseline__s1__0fb02b7a4e,-0.0178758314563941,0.0080850337712099,0.25,False,0.7287373326937996,0.002,0.006,markov,0.62,honeycomb,30,70,0.9,0.3456696366731436,0.3,0,0.42,0.08,140,0.3961072950637494,0.3,10,1.510164868899997,3.916014544574729e-18,0.2,plastic,calibration,,False,alpha_async,30,130,180,1,-1,1.0,0.6,0.6,60,0.0060610903232082,0,0,40,1.0,2,0,0.25,0.01,0.75,50.0,baseline,30.0,0.45,0.2,0.1,0.002,8.0,44,220,0.4026054335339333,-0.2212321189406821,0.0,0.125,0.2735106137041643,honeycomb__ql__plastic__intr0__struct0__alpha_async__baseline__s1__49260a1df5,0.0047846765834783,0.011090971221879,0.25,0.7420300234606202,0.002,ql,30,70,0.9,0.3369941796380256,0.3,0.42,0.08,140,0.3936619288981154,10,1.4609098183306692,2.098416059191597e-18,0.2,calibration,,False,30,130,180,-1,1.0,60,0.006164834713802,0,40,1.0,2,0,0.25,0.01,0.75,50.0,30.0,0.45,0.2,0.1,0.002,8.0,0.00010694225932300627,0.013292690766820603,0.0,0.04925505056932766,0.06265468359547127
44,220,0.3987309409789236,0.5,-0.2411601777067449,0.0,0.125,0.0,honeycomb__markov__plastic__intr0__struct0__alpha_async__baseline__s2__4c1388c55e,-0.004423841313043,0.0085152215127338,0.25,False,0.7291252513584201,0.002,0.01,markov,0.62,honeycomb,30,70,0.9,0.3461436832216417,0.3,0,0.42,0.08,140,0.3964558052136044,0.3,10,1.53116092735352,2.475259492788611e-18,0.2,plastic,calibration,,False,alpha_async,30,130,180,2,-1,1.0,0.6,0.6,60,0.0065523322074945,0,0,40,1.0,2,0,0.25,0.01,0.75,50.0,baseline,30.0,0.45,0.2,0.1,0.002,8.0,44,220,0.3929958022819871,-0.2147278374238491,0.0,0.125,0.2757201102243085,honeycomb__ql__plastic__intr0__struct0__alpha_async__baseline__s2__61aae91357,0.0033612650020146,0.0093899573294845,0.25,0.7306392782956519,0.002,ql,30,70,0.9,0.3389729938466722,0.3,0.42,0.08,140,0.3923213806497268,10,1.4764124250470352,1.890487322593333e-18,0.2,calibration,,False,30,130,180,-1,1.0,60,0.0049923070287993,0,40,1.0,2,0,0.25,0.01,0.75,50.0,30.0,0.45,0.2,0.1,0.002,8.0,0.0057351386969364815,0.0015140269372317938,0.0,0.05474850230648487,0.061997667940653145
44,220,0.3997776128950507,0.5,-0.2210805073574102,0.0,0.125,0.0,honeycomb__markov__plastic__intr0__struct0__alpha_async__baseline__s1__ed73869418,-0.0112978171356025,-0.0071874976300266,0.25,False,0.7290817018906877,0.002,0.016,markov,0.62,honeycomb,30,70,0.9,0.3426962359610166,0.3,0,0.42,0.08,140,0.3954526358914926,0.3,10,1.519247756622293,3.309716680008567e-18,0.2,plastic,calibration,,False,alpha_async,30,130,180,1,-1,1.0,0.6,0.6,60,0.0069640882276162,0,0,40,1.0,2,0,0.25,0.01,0.75,50.0,baseline,30.0,0.45,0.2,0.1,0.002,8.0,44,220,0.3980537019092092,-0.2266694392175469,0.0,0.125,0.2702687625190847,honeycomb__ql__plastic__intr0__struct0__alpha_async__baseline__s1__1265c52d34,-0.0184865546268727,-0.0110483865151333,0.25,0.7365197912192235,0.002,ql,30,70,0.9,0.3398068437548909,0.3,0.42,0.08,140,0.3938300202119113,10,1.4887861361368917,3.3710221577601363e-18,0.2,calibration,,False,30,130,180,-1,1.0,60,0.0057295026726492,0,40,1.0,2,0,0.25,0.01,0.75,50.0,30.0,0.45,0.2,0.1,0.002,8.0,0.0017239109858415147,0.007438089328535846,0.0,0.030461620485401353,0.039623620799778714
44,220,0.4008725015839844,0.5,-0.2216840428645971,0.0,0.125,0.0,honeycomb__markov__plastic__intr0__struct0__alpha_async__baseline__s2__a8f6e62463,-0.0023937784532389,0.0147238137598815,0.25,False,0.7345357854368018,0.002,0.006,markov,0.62,honeycomb,30,70,0.9,0.3401551805240638,0.3,0,0.42,0.08,140,0.3951177267220545,0.4,10,1.4976584656222427,3.323954556249003e-18,0.2,plastic,calibration,,False,alpha_async,30,130,180,2,-1,1.0,0.6,0.6,60,0.0057713698328281,0,0,40,1.0,2,0,0.25,0.01,0.75,50.0,baseline,30.0,0.45,0.2,0.1,0.002,8.0,44,220,0.4024556136291271,-0.2194753390013189,0.0,0.125,0.2692678117432391,honeycomb__ql__plastic__intr0__struct0__alpha_async__baseline__s2__48a62a5e6b,-0.0042107869985952,-0.0038154121125867,0.25,0.7412256254906754,0.002,ql,30,70,0.9,0.3370948806331318,0.3,0.42,0.08,140,0.3942824419938313,10,1.459028012982457,3.4453604799732365e-18,0.2,calibration,,False,30,130,180,-1,1.0,60,0.0069062096467867,0,40,1.0,2,0,0.25,0.01,0.75,50.0,30.0,0.45,0.2,0.1,0.002,8.0,0.001583112045142665,0.00668984005387363,0.0,0.038630452639785595,0.04690340473880189
44,220,0.3978546485953065,0.5,-0.235928870309411,0.0,0.125,0.0,honeycomb__markov__plastic__intr0__struct0__alpha_async__baseline__s2__f4b2f33a8e,0.0020025109772816,0.0001953577194308,0.25,False,0.726098918350623,0.002,0.01,markov,0.62,honeycomb,30,70,0.9,0.3465607466197458,0.3,0,0.42,0.08,140,0.3951161700298382,0.4,10,1.5074949308198955,2.4751454228763736e-18,0.2,plastic,calibration,,False,alpha_async,30,130,180,2,-1,1.0,0.6,0.6,60,0.0065499186061319,0,0,40,1.0,2,0,0.25,0.01,0.75,50.0,baseline,30.0,0.45,0.2,0.1,0.002,8.0,44,220,0.3988676825782731,-0.2184220412760553,0.0,0.125,0.272670220365382,honeycomb__ql__plastic__intr0__struct0__alpha_async__baseline__s2__2dff7d3f0e,0.0050964407046901,0.0100062635529195,0.25,0.7411511651541677,0.002,ql,30,70,0.9,0.3350311229798683,0.3,0.42,0.08,140,0.392812941117493,10,1.4814403006398915,5.6120980530912585e-18,0.2,calibration,,False,30,130,180,-1,1.0,60,0.0054317849757751,0,40,1.0,2,0,0.25,0.01,0.75,50.0,30.0,0.45,0.2,0.1,0.002,8.0,0.0010130339829665935,0.015052246803544667,0.0,0.02605463018000398,0.04211991096651524
44,220,0.4015847236809592,0.5,-0.2256896900345013,0.0,0.125,0.0,honeycomb__markov__plastic__intr0__struct0__alpha_async__baseline__s1__0d40695f42,0.0203126754606097,0.0073844791390731,0.25,False,0.7291538000762223,0.002,0.016,markov,0.62,honeycomb,30,70,0.9,0.3453015550165195,0.3,0,0.42,0.08,140,0.393395681275325,0.4,10,1.5160799913707712,4.5566522655784756e-18,0.2,plastic,calibration,,False,alpha_async,30,130,180,1,-1,1.0,0.6,0.6,60,0.0055393097674449,0,0,40,1.0,2,0,0.25,0.01,0.75,50.0,baseline,30.0,0.45,0.2,0.1,0.002,8.0,44,220,0.3979578348301904,-0.2152557855669299,0.0,0.125,0.2741348779261991,honeycomb__ql__plastic__intr0__struct0__alpha_async__baseline__s1__414199b384,-0.0046300096202547,0.0069544241514196,0.25,0.7355389124966053,0.002,ql,30,70,0.9,0.3360618371277038,0.3,0.42,0.08,140,0.393385704222245,10,1.4742257375537475,4.194154561316395e-18,0.2,calibration,,False,30,130,180,-1,1.0,60,0.0052192878720131,0,40,1.0,2,0,0.25,0.01,0.75,50.0,30.0,0.45,0.2,0.1,0.002,8.0,0.0036268888507687835,0.006385112420382977,0.0,0.04185425381702368,0.05186625508817544
44,220,0.3945461010968836,0.5,-0.1905431346699148,0.0,0.125,0.0,honeycomb__markov__plastic__intr0__struct0__alpha_async__baseline__s2__df27fbbce2,-0.0052043684056946,0.007731562471904,0.25,False,0.7083605308094867,0.002,0.006,markov,0.68,honeycomb,30,70,0.9,0.3486550294254229,0.3,0,0.42,0.08,140,0.3914911614459945,0.2,10,1.54015369549139,2.4426403492594334e-18,0.2,plastic,calibration,,False,alpha_async,30,130,180,2,-1,1.0,0.6,0.6,60,0.0057629690113038,0,0,40,1.0,2,0,0.25,0.01,0.75,50.0,baseline,30.0,0.45,0.2,0.1,0.002,8.0,44,220,0.3935636509569605,-0.1769123770071076,0.0,0.125,0.2757210965037955,honeycomb__ql__plastic__intr0__struct0__alpha_async__baseline__s2__91b42ac286,0.0279937612168143,-0.0060897222089557,0.25,0.7159159263579036,0.002,ql,30,70,0.9,0.3423730439083952,0.3,0.42,0.08,140,0.3876208565375856,10,1.5124570822410672,2.512993609242152e-18,0.2,calibration,,False,30,130,180,-1,1.0,60,0.0044167014829194,0,40,1.0,2,0,0.25,0.01,0.75,50.0,30.0,0.45,0.2,0.1,0.002,8.0,0.0009824501399230967,0.007555395548416888,0.0,0.027696613250322688,0.03623445893866267
44,220,0.3998324772972473,0.5,-0.1959944286439758,0.0,0.125,0.0,honeycomb__markov__plastic__intr0__struct0__alpha_async__baseline__s1__76268af740,-0.0034304383863037,-0.0088833089341341,0.25,False,0.7079348927970442,0.002,0.01,markov,0.68,honeycomb,30,70,0.9,0.3527765503417231,0.3,0,0.42,0.08,140,0.3920321943565008,0.2,10,1.531796133169003,2.638236422401236e-18,0.2,plastic,calibration,,False,alpha_async,30,130,180,1,-1,1.0,0.6,0.6,60,0.0066998843488035,0,0,40,1.0,2,0,0.25,0.01,0.75,50.0,baseline,30.0,0.45,0.2,0.1,0.002,8.0,44,220,0.3912416062950181,-0.1696641763061332,0.0,0.125,0.2772856366375419,honeycomb__ql__plastic__intr0__struct0__alpha_async__baseline__s1__bd8e20c9dd,0.0081843745627699,0.004460495015409,0.25,0.7164721740098193,0.002,ql,30,70,0.9,0.3384720370533659,0.3,0.42,0.08,140,0.3884086516598429,10,1.507208960721392,2.8049565334856745e-18,0.2,calibration,,False,30,130,180,-1,1.0,60,0.0050621348938271,0,40,1.0,2,0,0.25,0.01,0.75,50.0,30.0,0.45,0.2,0.1,0.002,8.0,0.008590871002229217,0.008537281212775083,0.0,0.024587172447610994,0.041715324662615294
44,220,0.3956377511738363,0.5,-0.1860942930163187,0.0,0.125,0.0,honeycomb__markov__plastic__intr0__struct0__alpha_async__baseline__s1__fa927f4da5,0.0044739500123649,0.0073125146021903,0.25,False,0.7068037382065447,0.002,0.016,markov,0.68,honeycomb,30,70,0.9,0.3488153285588382,0.3,0,0.42,0.08,140,0.3919657822967661,0.2,10,1.5222240958660351,2.3417053582065252e-18,0.2,plastic,calibration,,False,alpha_async,30,130,180,1,-1,1.0,0.6,0.6,60,0.0061079463696558,0,0,40,1.0,2,0,0.25,0.01,0.75,50.0,baseline,30.0,0.45,0.2,0.1,0.002,8.0,44,220,0.3938419821907351,-0.1961958919622075,0.0,0.125,0.2783939985882695,honeycomb__ql__plastic__intr0__struct0__alpha_async__baseline__s1__37bd547242,0.0094945778622362,0.0110454307080176,0.25,0.7135195915075154,0.002,ql,30,70,0.9,0.3473018496898843,0.3,0.42,0.08,140,0.3883121984071093,10,1.5155677614577625,2.375632492474506e-18,0.2,calibration,,False,30,130,180,-1,1.0,60,0.0057949580663199,0,40,1.0,2,0,0.25,0.01,0.75,50.0,30.0,0.45,0.2,0.1,0.002,8.0,0.0017957689831012424,0.006715853300970687,0.0,0.006656334408272624,0.015167956692344553
44,220,0.3948342225857742,0.5,-0.1726360472963436,0.0,0.125,0.0,honeycomb__markov__plastic__intr0__struct0__alpha_async__baseline__s2__f41eb1a30a,0.0162734047943498,0.0205199794313272,0.25,False,0.708250867198472,0.002,0.006,markov,0.68,honeycomb,30,70,0.9,0.3451092619861031,0.3,0,0.42,0.08,140,0.393310251236734,0.3,10,1.5297604675337786,5.2489767655542945e-18,0.2,plastic,calibration,,False,alpha_async,30,130,180,2,-1,1.0,0.6,0.6,60,0.0047466688934024,0,0,40,1.0,2,0,0.25,0.01,0.75,50.0,baseline,30.0,0.45,0.2,0.1,0.002,8.0,44,220,0.3923070652556417,-0.176122420169986,0.0,0.125,0.2802000320971229,honeycomb__ql__plastic__intr0__struct0__alpha_async__baseline__s2__2086417987,0.001016900321724,0.0023384373245356,0.25,0.7121783859303521,0.002,ql,30,70,0.9,0.342335092384771,0.3,0.42,0.08,140,0.3885255164507504,10,1.5016059969581357,3.80872517973e-18,0.2,calibration,,False,30,130,180,-1,1.0,60,0.0053379562973413,0,40,1.0,2,0,0.25,0.01,0.75,50.0,30.0,0.45,0.2,0.1,0.002,8.0,0.0025271573301325345,0.003927518731880131,0.0,0.02815447057564291,0.034609146637655575
44,220,0.3963865342562251,0.5,-0.1864921632474641,0.0,0.125,0.0,honeycomb__markov__plastic__intr0__struct0__alpha_async__baseline__s2__b98af22fc9,0.01057115169627,0.0010439923905484,0.25,False,0.7073380250613821,0.002,0.01,markov,0.68,honeycomb,30,70,0.9,0.3488305480172057,0.3,0,0.42,0.08,140,0.3905687531846808,0.3,10,1.541998630570088,4.226415260561685e-18,0.2,plastic,calibration,,False,alpha_async,30,130,180,2,-1,1.0,0.6,0.6,60,0.0057085248143496,0,0,40,1.0,2,0,0.25,0.01,0.75,50.0,baseline,30.0,0.45,0.2,0.1,0.002,8.0,44,220,0.397863832528871,-0.1860271897653163,0.0,0.125,0.2781415639067089,honeycomb__ql__plastic__intr0__struct0__alpha_async__baseline__s2__4ff87cd009,0.0075587543936328,-0.0093355893869861,0.25,0.7161332987393842,0.002,ql,30,70,0.9,0.3451366917924572,0.3,0.42,0.08,140,0.3890106542761822,10,1.5107391128062506,2.6607509887422633e-18,0.2,calibration,,False,30,130,180,-1,1.0,60,0.0051573305777091,0,40,1.0,2,0,0.25,0.01,0.75,50.0,30.0,0.45,0.2,0.1,0.002,8.0,0.001477298272645866,0.008795273678002147,0.0,0.031259517763837286,0.0415320897144853
44,220,0.394274972423781,0.5,-0.1727464555944435,0.0,0.125,0.0,honeycomb__markov__plastic__intr0__struct0__alpha_async__baseline__s2__a8f9cd76b9,-0.0115272189032653,0.0012787758272148,0.25,False,0.7096885421458101,0.002,0.016,markov,0.68,honeycomb,30,70,0.9,0.3446229322763746,0.3,0,0.42,0.08,140,0.3893932581125766,0.3,10,1.5404937985941625,5.128693472496008e-18,0.2,plastic,calibration,,False,alpha_async,30,130,180,2,-1,1.0,0.6,0.6,60,0.0055878571433007,0,0,40,1.0,2,0,0.25,0.01,0.75,50.0,baseline,30.0,0.45,0.2,0.1,0.002,8.0,44,220,0.3967369565264234,-0.1801928300986141,0.0,0.125,0.2788487498571868,honeycomb__ql__plastic__intr0__struct0__alpha_async__baseline__s2__78be9b939d,0.0077683816767595,0.0222118309173423,0.25,0.721460333922852,0.002,ql,30,70,0.9,0.3409490916318421,0.3,0.42,0.08,140,0.3895674903639182,10,1.4911598527996517,1.9362545051885906e-18,0.2,calibration,,False,30,130,180,-1,1.0,60,0.0057150773527196,0,40,1.0,2,0,0.25,0.01,0.75,50.0,30.0,0.45,0.2,0.1,0.002,8.0,0.0024619841026423672,0.011771791777041907,0.0,0.04933394579451078,0.06356772167419505
44,220,0.3897213137560708,0.5,-0.1678095196142551,0.0,0.125,0.0,honeycomb__markov__plastic__intr0__struct0__alpha_async__baseline__s1__8fd68a6dcb,0.0025426356681483,0.0023086464238721,0.25,False,0.709339723916331,0.002,0.006,markov,0.68,honeycomb,30,70,0.9,0.3417355209459531,0.3,0,0.42,0.08,140,0.3887431734483318,0.4,10,1.513323059700019,2.772158313248968e-18,0.2,plastic,calibration,,False,alpha_async,30,130,180,1,-1,1.0,0.6,0.6,60,0.0055369387055599,0,0,40,1.0,2,0,0.25,0.01,0.75,50.0,baseline,30.0,0.45,0.2,0.1,0.002,8.0,44,220,0.3953771811086994,-0.1747404134051111,0.0,0.125,0.2766585785324874,honeycomb__ql__plastic__intr0__struct0__alpha_async__baseline__s1__09b674ba28,-0.0048952597746797,-0.0109118924356641,0.25,0.7184764145405198,0.002,ql,30,70,0.9,0.3403778159321936,0.3,0.42,0.08,140,0.3883353138409657,10,1.5008871212501336,2.7257819949534258e-18,0.2,calibration,,False,30,130,180,-1,1.0,60,0.0053892145896806,0,40,1.0,2,0,0.25,0.01,0.75,50.0,30.0,0.45,0.2,0.1,0.002,8.0,0.00565586735262863,0.009136690624188759,0.0,0.012435938449885331,0.02722849642670272
44,220,0.3940637410841027,0.5,-0.182181742988737,0.0,0.125,0.0,honeycomb__markov__plastic__intr0__struct0__alpha_async__baseline__s1__bac013f16f,-6.501073319769776e-05,0.012293612334599,0.25,False,0.7088647832843464,0.002,0.01,markov,0.68,honeycomb,30,70,0.9,0.3469530136130804,0.3,0,0.42,0.08,140,0.3911174490323684,0.4,10,1.544515176727606,2.965278657399704e-18,0.2,plastic,calibration,,False,alpha_async,30,130,180,1,-1,1.0,0.6,0.6,60,0.0068611937329918,0,0,40,1.0,2,0,0.25,0.01,0.75,50.0,baseline,30.0,0.45,0.2,0.1,0.002,8.0,44,220,0.3909506382518783,-0.1668836137523294,0.0,0.125,0.2834704309501551,honeycomb__ql__plastic__intr0__struct0__alpha_async__baseline__s1__84cd5b32e9,-0.0208039523398416,-0.003176283607066,0.25,0.7138221127556683,0.002,ql,30,70,0.9,0.3388534503152016,0.3,0.42,0.08,140,0.3862354208569963,10,1.5065457079750637,4.721790899291894e-18,0.2,calibration,,False,30,130,180,-1,1.0,60,0.0055602441564738,0,40,1.0,2,0,0.25,0.01,0.75,50.0,30.0,0.45,0.2,0.1,0.002,8.0,0.0031131028322243792,0.004957329471321881,0.0,0.03796946875254226,0.04603990105608852
44,220,0.3961677664884563,0.5,-0.1738843855918272,0.0,0.125,0.0,honeycomb__markov__plastic__intr0__struct0__alpha_async__baseline__s2__8d4fd4f4d0,0.016721253386057,-0.0046881331634972,0.25,False,0.708078267210036,0.002,0.016,markov,0.68,honeycomb,30,70,0.9,0.3471429390426543,0.3,0,0.42,0.08,140,0.3898459356589758,0.4,10,1.5429983280327653,3.2844526893035933e-18,0.2,plastic,calibration,,False,alpha_async,30,130,180,2,-1,1.0,0.6,0.6,60,0.0056826167066375,0,0,40,1.0,2,0,0.25,0.01,0.75,50.0,baseline,30.0,0.45,0.2,0.1,0.002,8.0,44,220,0.3959044582751083,-0.1811427517437961,0.0,0.125,0.2800967622380091,honeycomb__ql__plastic__intr0__struct0__alpha_async__baseline__s2__9163f05d28,-0.0057187686957478,-0.006563954865562,0.25,0.7216497353834713,0.002,ql,30,70,0.9,0.3402894541182276,0.3,0.42,0.08,140,0.3877517396104775,10,1.507404253214615,2.7696129770515872e-18,0.2,calibration,,False,30,130,180,-1,1.0,60,0.0051745280620113,0,40,1.0,2,0,0.25,0.01,0.75,50.0,30.0,0.45,0.2,0.1,0.002,8.0,0.00026330821334802357,0.013571468173435353,0.0,0.035594074818150245,0.04942885120493362
44,220,0.1091561160422164,0.5,0.543834700443282,0.0,0.125,0.0,honeycomb__markov__plastic__intr0__struct0__alpha_async__lesion__s2__e8b63e5829,0.3924348166089169,0.298947971794364,0.25,False,0.2036560072455289,0.002,0.006,markov,0.58,honeycomb,30,70,0.9,0.0947495266011797,0.3,0,0.42,0.08,140,0.1156389560591335,0.2,10,0.9665745599541936,7.512475345604351e-18,0.2,plastic,calibration,0.367371584377939,False,alpha_async,30,130,180,2,-1,1.0,0.6,0.6,60,0.1446238549893534,0,0,40,1.0,2,0,0.25,0.01,0.75,50.0,lesion,30.0,0.45,0.2,0.1,0.002,8.0,44,220,0.2958388725349383,0.187733067149869,0.0,0.125,0.399754825098961,honeycomb__ql__plastic__intr0__struct0__alpha_async__lesion__s2__1b5ef91595,0.1228240877818757,0.1046190945064939,0.25,0.6458636389763701,0.002,ql,30,70,0.9,0.2199673090683493,0.3,0.42,0.08,140,0.2560090814494188,10,1.5086066533426823,4.0957519159320044e-18,0.2,calibration,0.070166323209274,False,30,130,180,-1,1.0,60,0.1056227431271117,0,40,1.0,2,0,0.25,0.01,0.75,50.0,30.0,0.45,0.2,0.1,0.002,8.0,0.1866827564927219,0.4422076317308412,0.29720526116866497,0.5420320933884887,1.468127742780717
44,220,0.1177207525835791,0.5,0.5253152690679712,0.0,0.125,0.0,honeycomb__markov__plastic__intr0__struct0__alpha_async__lesion__s1__74ce62210e,0.3435106809217734,0.3180428971830015,0.25,False,0.2194916731506505,0.002,0.01,markov,0.58,honeycomb,30,70,0.9,0.1037182678920622,0.3,0,0.42,0.08,140,0.1190387204315127,0.2,10,1.0046535813512356,5.25725706792908e-18,0.2,plastic,calibration,0.3020071564779672,False,alpha_async,30,130,180,1,-1,1.0,0.6,0.6,60,0.1449607495237705,0,0,40,1.0,2,0,0.25,0.01,0.75,50.0,lesion,30.0,0.45,0.2,0.1,0.002,8.0,44,220,0.2790791959932214,0.2201986301447291,0.0,0.125,0.4142121858747069,honeycomb__ql__plastic__intr0__struct0__alpha_async__lesion__s1__8965115f50,0.1243089003096076,0.1319512868714565,0.25,0.6283168299764685,0.002,ql,30,70,0.9,0.2059636340146329,0.3,0.42,0.08,140,0.2390702037221319,10,1.473018100216547,2.613148962429857e-18,0.2,calibration,0.1101011045572989,False,30,130,180,-1,1.0,60,0.1149092670830603,0,40,1.0,2,0,0.25,0.01,0.75,50.0,30.0,0.45,0.2,0.1,0.002,8.0,0.16135844340964228,0.40882515682581805,0.1919060519206683,0.4683645188653114,1.23045417102144
44,220,0.1117462769194549,0.5,0.5423521127131088,0.0,0.125,0.0,honeycomb__markov__plastic__intr0__struct0__alpha_async__lesion__s1__e85d348f16,0.3474902075395241,0.3145137628256924,0.25,False,0.2098701475659443,0.002,0.016,markov,0.58,honeycomb,30,70,0.9,0.096399350691485,0.3,0,0.42,0.08,140,0.1157942135614544,0.2,10,0.979603980824484,7.875122272829682e-18,0.2,plastic,calibration,0.3089504617832841,False,alpha_async,30,130,180,1,-1,1.0,0.6,0.6,60,0.1401482988296268,0,0,40,1.0,2,0,0.25,0.01,0.75,50.0,lesion,30.0,0.45,0.2,0.1,0.002,8.0,44,220,0.2825674615649503,0.2121473269202275,0.0,0.125,0.4086131250654538,honeycomb__ql__plastic__intr0__struct0__alpha_async__lesion__s1__9ad5c53f1a,0.120812604617052,0.1191133741734942,0.25,0.6315370134903564,0.002,ql,30,70,0.9,0.2087049446339715,0.3,0.42,0.08,140,0.2436100616966682,10,1.4823374574574506,4.717988473393565e-18,0.2,calibration,0.091153481795552,False,30,130,180,-1,1.0,60,0.1250432013084294,0,40,1.0,2,0,0.25,0.01,0.75,50.0,30.0,0.45,0.2,0.1,0.002,8.0,0.17082118464549537,0.4216668659244121,0.21779697998773212,0.5027334766329666,1.3130185071906064
44,220,0.1213681216033948,0.5,0.5397677292282729,0.0,0.125,0.0,honeycomb__markov__plastic__intr0__struct0__alpha_async__lesion__s2__920f51203e,0.3144789214456762,0.295467805262767,0.25,False,0.2282660567321249,0.002,0.006,markov,0.58,honeycomb,30,70,0.9,0.1037364806681632,0.3,0,0.42,0.08,140,0.1228407698053995,0.3,10,1.0267990621730692,3.164702041261626e-18,0.2,plastic,calibration,0.2942365926145531,False,alpha_async,30,130,180,2,-1,1.0,0.6,0.6,60,0.1587744151558995,0,0,40,1.0,2,0,0.25,0.01,0.75,50.0,lesion,30.0,0.45,0.2,0.1,0.002,8.0,44,220,0.2899583908576421,0.1992437913732769,0.0,0.125,0.4082435477122292,honeycomb__ql__plastic__intr0__struct0__alpha_async__lesion__s2__061ef893c2,0.1169447608257002,0.1097693693263583,0.25,0.6421693630555811,0.002,ql,30,70,0.9,0.2143923080649331,0.3,0.42,0.08,140,0.2478190505136603,10,1.4970348655680048,2.5769882361277225e-18,0.2,calibration,0.0845203762633985,False,30,130,180,-1,1.0,60,0.1157091748026513,0,40,1.0,2,0,0.25,0.01,0.75,50.0,30.0,0.45,0.2,0.1,0.002,8.0,0.16859026925424728,0.41390330632345623,0.2097162163511546,0.47023580339493565,1.2624455953237939
44,220,0.1133822410759855,0.5,0.5375241293676735,0.0,0.125,0.0,honeycomb__markov__plastic__intr0__struct0__alpha_async__lesion__s2__79f448d050,0.354963186943033,0.289216595299634,0.25,False,0.2120576381116989,0.002,0.01,markov,0.58,honeycomb,30,70,0.9,0.097947232965945,0.3,0,0.42,0.08,140,0.1178801312990018,0.3,10,0.9814655936460104,5.265146457506901e-18,0.2,plastic,calibration,0.3619401060376768,False,alpha_async,30,130,180,2,-1,1.0,0.6,0.6,60,0.1472039417945715,0,0,40,1.0,2,0,0.25,0.01,0.75,50.0,lesion,30.0,0.45,0.2,0.1,0.002,8.0,44,220,0.3015220383473894,0.1869741891894785,0.0,0.125,0.3954284966589524,honeycomb__ql__plastic__intr0__struct0__alpha_async__lesion__s2__0ced1cfc49,0.1134709919800442,0.1159620290301696,0.25,0.6527899606446387,0.002,ql,30,70,0.9,0.2228897144667865,0.3,0.42,0.08,140,0.255572490431424,10,1.5060917731852783,6.067680083733785e-18,0.2,calibration,0.0728463365010527,False,30,130,180,-1,1.0,60,0.1038585298000912,0,40,1.0,2,0,0.25,0.01,0.75,50.0,30.0,0.45,0.2,0.1,0.002,8.0,0.1881397972714039,0.4407323225329398,0.2890937695366241,0.5246261795392679,1.4425920688802356
44,220,0.1158616809039623,0.5,0.5390202300102072,0.0,0.125,0.0,honeycomb__markov__plastic__intr0__struct0__alpha_async__lesion__s2__cc6d6f2b4e,0.3565651258654828,0.3088833200714313,0.25,False,0.2178572736108565,0.002,0.016,markov,0.58,honeycomb,30,70,0.9,0.0998800252440353,0.3,0,0.42,0.08,140,0.1197561109907159,0.3,10,0.9987816525259804,5.908626153618787e-18,0.2,plastic,calibration,0.3383679710264524,False,alpha_async,30,130,180,2,-1,1.0,0.6,0.6,60,0.1513524021147293,0,0,40,1.0,2,0,0.25,0.01,0.75,50.0,lesion,30.0,0.45,0.2,0.1,0.002,8.0,44,220,0.2888717013744335,0.1981976344472824,0.0,0.125,0.4057256160030759,honeycomb__ql__plastic__intr0__struct0__alpha_async__lesion__s2__9eed49f61e,0.1372705763748904,0.1145631222114154,0.25,0.6384936010446928,0.002,ql,30,70,0.9,0.2150244213548894,0.3,0.42,0.08,140,0.2505779717279911,10,1.491571878635782,4.644159217303229e-18,0.2,calibration,0.1083461468215628,False,30,130,180,-1,1.0,60,0.113258331679575,0,40,1.0,2,0,0.25,0.01,0.75,50.0,30.0,0.45,0.2,0.1,0.002,8.0,0.1730100204704712,0.4206363274338363,0.2300218242048896,0.4927902261098015,1.3164583982189986
44,220,0.1223958325846244,0.5,0.511574048722261,0.0,0.125,0.0,honeycomb__markov__plastic__intr0__struct0__alpha_async__lesion__s2__81b1544ec4,0.3323636425161486,0.319302185796726,0.25,False,0.2273707060325858,0.002,0.006,markov,0.58,honeycomb,30,70,0.9,0.1089456862310459,0.3,0,0.42,0.08,140,0.1234543373925491,0.4,10,1.030325623664705,5.3210159243420265e-18,0.2,plastic,calibration,0.2983045907142221,False,alpha_async,30,130,180,2,-1,1.0,0.6,0.6,60,0.1565524723878933,0,0,40,1.0,2,0,0.25,0.01,0.75,50.0,lesion,30.0,0.45,0.2,0.1,0.002,8.0,44,220,0.2836083409711881,0.2163516742404655,0.0,0.125,0.4054399260404598,honeycomb__ql__plastic__intr0__struct0__alpha_async__lesion__s2__6f38066907,0.1270264621772386,0.1034827823504178,0.25,0.6353711420826551,0.002,ql,30,70,0.9,0.2082420128897569,0.3,0.42,0.08,140,0.2466202213779726,10,1.467572255155682,4.165272357321176e-18,0.2,calibration,0.0918136188362205,False,30,130,180,-1,1.0,60,0.1230248981349828,0,40,1.0,2,0,0.25,0.01,0.75,50.0,30.0,0.45,0.2,0.1,0.002,8.0,0.1612125083865637,0.4080004360500693,0.2064909718780016,0.4372466314909771,1.2129505478056117
44,220,0.1211711588273435,0.5,0.5324692436712097,0.0,0.125,0.0,honeycomb__markov__plastic__intr0__struct0__alpha_async__lesion__s2__3562e661fe,0.3265046389984845,0.2995369840982575,0.25,False,0.2271923393376546,0.002,0.01,markov,0.58,honeycomb,30,70,0.9,0.1046243906692549,0.3,0,0.42,0.08,140,0.1228784074014236,0.4,10,1.0370803438531584,7.149762360954638e-18,0.2,plastic,calibration,0.313072952986774,False,alpha_async,30,130,180,2,-1,1.0,0.6,0.6,60,0.1526091081338571,0,0,40,1.0,2,0,0.25,0.01,0.75,50.0,lesion,30.0,0.45,0.2,0.1,0.002,8.0,44,220,0.297940694983437,0.1548669887932096,0.0,0.125,0.3908641288567693,honeycomb__ql__plastic__intr0__struct0__alpha_async__lesion__s2__94a87dfa5a,0.1184235995398316,0.0945046450162752,0.25,0.6467960878234049,0.002,ql,30,70,0.9,0.2298829203780005,0.3,0.42,0.08,140,0.2578771886249461,10,1.5018159351160865,2.404289380294399e-18,0.2,calibration,0.0792162504003491,False,30,130,180,-1,1.0,60,0.0930439095203128,0,40,1.0,2,0,0.25,0.01,0.75,50.0,30.0,0.45,0.2,0.1,0.002,8.0,0.1767695361560935,0.4196037484857503,0.2338567025864249,0.46473559126292807,1.2949655784911966
44,220,0.1182729434287965,0.5,0.5229631241631106,0.0,0.125,0.0,honeycomb__markov__plastic__intr0__struct0__alpha_async__lesion__s2__75925d61ee,0.3291809289413603,0.2369210336835814,0.25,False,0.2214638845879739,0.002,0.016,markov,0.58,honeycomb,30,70,0.9,0.1039985358753292,0.3,0,0.42,0.08,140,0.1201668165843726,0.4,10,1.003216530226159,5.619914123488899e-18,0.2,plastic,calibration,0.3046251294453369,False,alpha_async,30,130,180,2,-1,1.0,0.6,0.6,60,0.1451635384618837,0,0,40,1.0,2,0,0.25,0.01,0.75,50.0,lesion,30.0,0.45,0.2,0.1,0.002,8.0,44,220,0.2913310958069993,0.1761357045575469,0.0,0.125,0.3979736604607977,honeycomb__ql__plastic__intr0__struct0__alpha_async__lesion__s2__0e4d938604,0.1245179958289538,0.1142423125304917,0.25,0.6428029636814613,0.002,ql,30,70,0.9,0.2201229977539179,0.3,0.42,0.08,140,0.2508291069044666,10,1.4894616569794032,2.877547737481203e-18,0.2,calibration,0.1237885348898345,False,30,130,180,-1,1.0,60,0.1043011522424446,0,40,1.0,2,0,0.25,0.01,0.75,50.0,30.0,0.45,0.2,0.1,0.002,8.0,0.17305815237820277,0.4213390790934874,0.18083659455550238,0.48624512675324416,1.2614789527804366
44,220,0.108711970693668,0.5,0.5454977773554225,0.0,0.125,0.0,honeycomb__markov__plastic__intr0__struct0__alpha_async__lesion__s2__273e99444c,0.3545502080410838,0.2804110142286205,0.25,False,0.2032242241284361,0.002,0.006,markov,0.62,honeycomb,30,70,0.9,0.0943689500283797,0.3,0,0.42,0.08,140,0.114733383631268,0.2,10,0.9551434484824574,2.9747148115731152e-18,0.2,plastic,calibration,0.3164273393942386,False,alpha_async,30,130,180,2,-1,1.0,0.6,0.6,60,0.1345766634771241,0,0,40,1.0,2,0,0.25,0.01,0.75,50.0,lesion,30.0,0.45,0.2,0.1,0.002,8.0,44,220,0.3099955758516797,0.1358587255960828,0.0,0.125,0.383328153315533,honeycomb__ql__plastic__intr0__struct0__alpha_async__lesion__s2__72e306980e,0.0878671139151976,0.0938732320676612,0.25,0.6555169648286576,0.002,ql,30,70,0.9,0.240321046057297,0.3,0.42,0.08,140,0.2672941418314587,10,1.5287823842136157,2.5061138976780385e-18,0.2,calibration,0.0757745403824767,False,30,130,180,-1,1.0,60,0.0817312303839911,0,40,1.0,2,0,0.25,0.01,0.75,50.0,30.0,0.45,0.2,0.1,0.002,8.0,0.2012836051580117,0.4522927407002215,0.2406527990117619,0.5736389357311583,1.4678680806011535
44,220,0.1162101227852033,0.5,0.520054653053954,0.0,0.125,0.0,honeycomb__markov__plastic__intr0__struct0__alpha_async__lesion__s2__71a154bfba,0.3588615775781292,0.2950659078444998,0.25,False,0.2107667852041058,0.002,0.01,markov,0.62,honeycomb,30,70,0.9,0.1037287958944759,0.3,0,0.42,0.08,140,0.1186328247565285,0.2,10,1.00232268977004,6.380264140707205e-18,0.2,plastic,calibration,0.3282238377946176,False,alpha_async,30,130,180,2,-1,1.0,0.6,0.6,60,0.1511494947234079,0,0,40,1.0,2,0,0.25,0.01,0.75,50.0,lesion,30.0,0.45,0.2,0.1,0.002,8.0,44,220,0.2968607079305544,0.1711627103452311,0.0,0.125,0.394696908718108,honeycomb__ql__plastic__intr0__struct0__alpha_async__lesion__s2__9f03ddb330,0.1069155388098885,0.0989475545665291,0.25,0.6413596325800217,0.002,ql,30,70,0.9,0.2285920835081935,0.3,0.42,0.08,140,0.2600306404675827,10,1.4965107031918785,2.678312657340073e-18,0.2,calibration,0.108450347721294,False,30,130,180,-1,1.0,60,0.08606878246257,0,40,1.0,2,0,0.25,0.01,0.75,50.0,30.0,0.45,0.2,0.1,0.002,8.0,0.1806505851453511,0.4305928473759159,0.2197734900733236,0.4941880134218386,1.325204936016429
44,220,0.1085260501141905,0.5,0.5267198305982493,0.0,0.125,0.0,honeycomb__markov__plastic__intr0__struct0__alpha_async__lesion__s2__af715e634c,0.345142138702663,0.2968050045796064,0.25,False,0.199860349896521,0.002,0.016,markov,0.62,honeycomb,30,70,0.9,0.0965674709406995,0.3,0,0.42,0.08,140,0.1148025908759252,0.2,10,0.9574328065282802,2.8184253313548033e-18,0.2,plastic,calibration,0.291809787950361,False,alpha_async,30,130,180,2,-1,1.0,0.6,0.6,60,0.1468110626719092,0,0,40,1.0,2,0,0.25,0.01,0.75,50.0,lesion,30.0,0.45,0.2,0.1,0.002,8.0,44,220,0.3144189866454777,0.1179126108468431,0.0,0.125,0.3847077139917739,honeycomb__ql__plastic__intr0__struct0__alpha_async__lesion__s2__f4d8ae1f75,0.076618282079298,0.0783732032315102,0.25,0.6587813558453441,0.002,ql,30,70,0.9,0.2471005387029501,0.3,0.42,0.08,140,0.2659676059133957,10,1.5387636519777348,2.999239726590553e-18,0.2,calibration,0.0773675392348631,False,30,130,180,-1,1.0,60,0.0673067629967933,0,40,1.0,2,0,0.25,0.01,0.75,50.0,30.0,0.45,0.2,0.1,0.002,8.0,0.20589293653128718,0.4589210059488231,0.21444224871549789,0.5813308454494546,1.4605870366450628
44,220,0.1079371135145048,0.5,0.5286587090632856,0.0,0.125,0.0,honeycomb__markov__plastic__intr0__struct0__alpha_async__lesion__s1__96701f06fd,0.3672219755179441,0.2931973887161284,0.25,False,0.2038125786691727,0.002,0.006,markov,0.62,honeycomb,30,70,0.9,0.095896108196616,0.3,0,0.42,0.08,140,0.1126250561397156,0.3,10,0.950207848816322,7.250073672669212e-18,0.2,plastic,calibration,0.3763357018363654,False,alpha_async,30,130,180,1,-1,1.0,0.6,0.6,60,0.1262010453729897,0,0,40,1.0,2,0,0.25,0.01,0.75,50.0,lesion,30.0,0.45,0.2,0.1,0.002,8.0,44,220,0.3038951354387274,0.1709210216428536,0.0,0.125,0.3933806672299219,honeycomb__ql__plastic__intr0__struct0__alpha_async__lesion__s1__45d2887f82,0.1069248299420461,0.1048984488468022,0.25,0.6479675381743452,0.002,ql,30,70,0.9,0.2310857454427732,0.3,0.42,0.08,140,0.2567306786771743,10,1.525312097693987,5.453844271653618e-18,0.2,calibration,0.0629253413786899,False,30,130,180,-1,1.0,60,0.0837235422116099,0,40,1.0,2,0,0.25,0.01,0.75,50.0,30.0,0.45,0.2,0.1,0.002,8.0,0.19595802192422263,0.4441549595051725,0.3134103604576755,0.5751042488776649,1.5286275907647355
44,220,0.1137876496705324,0.5,0.5391063149082771,0.0,0.125,0.0,honeycomb__markov__plastic__intr0__struct0__alpha_async__lesion__s2__d5f4bd9c94,0.3366408983185348,0.2534602433732862,0.25,False,0.2154018084381145,0.002,0.01,markov,0.62,honeycomb,30,70,0.9,0.0980910318095965,0.3,0,0.42,0.08,140,0.118055612235523,0.3,10,0.9790831333158196,4.4250373977107986e-18,0.2,plastic,calibration,0.3225403554423919,False,alpha_async,30,130,180,2,-1,1.0,0.6,0.6,60,0.1449085429992779,0,0,40,1.0,2,0,0.25,0.01,0.75,50.0,lesion,30.0,0.45,0.2,0.1,0.002,8.0,44,220,0.3069584385103336,0.1461835821487097,0.0,0.125,0.3916043519384347,honeycomb__ql__plastic__intr0__struct0__alpha_async__lesion__s2__846d0a4286,0.1001346712682641,0.0954218313263145,0.25,0.6504410491475124,0.002,ql,30,70,0.9,0.2384962211105314,0.3,0.42,0.08,140,0.2591705219175436,10,1.5247991493938742,3.779195066477951e-18,0.2,calibration,0.0832821585970823,False,30,130,180,-1,1.0,60,0.0837163258954874,0,40,1.0,2,0,0.25,0.01,0.75,50.0,30.0,0.45,0.2,0.1,0.002,8.0,0.1931707888398012,0.4350392407093979,0.2392581968453096,0.5457160160780545,1.4131842424725631
44,220,0.0957867815097092,0.5,0.5436367044220236,0.0,0.125,0.0,honeycomb__markov__plastic__intr0__struct0__alpha_async__lesion__s2__77ba9508d2,0.3819113340978326,0.3006122318118644,0.25,False,0.1782085311905826,0.002,0.016,markov,0.62,honeycomb,30,70,0.9,0.0843319716731522,0.3,0,0.42,0.08,140,0.1053955196509544,0.3,10,0.8738568236880438,8.541210730265125e-18,0.2,plastic,calibration,0.3769888554496433,False,alpha_async,30,130,180,2,-1,1.0,0.6,0.6,60,0.1310031317928489,0,0,40,1.0,2,0,0.25,0.01,0.75,50.0,lesion,30.0,0.45,0.2,0.1,0.002,8.0,44,220,0.3124205675040735,0.1247400285568474,0.0,0.125,0.3827008219740495,honeycomb__ql__plastic__intr0__struct0__alpha_async__lesion__s2__cb54087288,0.0962644561986241,0.0892059593152451,0.25,0.6542860948463054,0.002,ql,30,70,0.9,0.2454403930077058,0.3,0.42,0.08,140,0.2626029361184361,10,1.5242950431553617,3.942322841976649e-18,0.2,calibration,0.0787847861967358,False,30,130,180,-1,1.0,60,0.0772512593456368,0,40,1.0,2,0,0.25,0.01,0.75,50.0,30.0,0.45,0.2,0.1,0.002,8.0,0.21663378599436428,0.4760775636557228,0.2982040692529075,0.6504382194673178,1.6413536383703122
44,220,0.1129965222544423,0.5,0.5421603368431555,0.0,0.125,0.0,honeycomb__markov__plastic__intr0__struct0__alpha_async__lesion__s2__7f1f3598db,0.3493424931881755,0.2767590335586957,0.25,False,0.2086971560342723,0.002,0.006,markov,0.62,honeycomb,30,70,0.9,0.0976832411050281,0.3,0,0.42,0.08,140,0.117038180742736,0.4,10,0.9782644064567054,4.080531199830529e-18,0.2,plastic,calibration,0.2990543957501142,False,alpha_async,30,130,180,2,-1,1.0,0.6,0.6,60,0.1465861718377088,0,0,40,1.0,2,0,0.25,0.01,0.75,50.0,lesion,30.0,0.45,0.2,0.1,0.002,8.0,44,220,0.3142181112296102,0.1271815029124821,0.0,0.125,0.3852203001808757,honeycomb__ql__plastic__intr0__struct0__alpha_async__lesion__s2__b4ffe810f6,0.0950194776073835,0.0937632476617326,0.25,0.6580751028597842,0.002,ql,30,70,0.9,0.2468684634170416,0.3,0.42,0.08,140,0.2683968659498776,10,1.527213316997517,2.308124157811315e-18,0.2,calibration,0.0750249888100925,False,30,130,180,-1,1.0,60,0.0738795868541093,0,40,1.0,2,0,0.25,0.01,0.75,50.0,30.0,0.45,0.2,0.1,0.002,8.0,0.2012215889751679,0.4493779468255119,0.2240294069400217,0.5489489105408116,1.423577853281513
44,220,0.1179354324754495,0.5,0.5241758645095788,0.0,0.125,0.0,honeycomb__markov__plastic__intr0__struct0__alpha_async__lesion__s1__053c07217c,0.3670717132763625,0.277956445707736,0.25,False,0.2201679358837889,0.002,0.01,markov,0.62,honeycomb,30,70,0.9,0.1039820102309708,0.3,0,0.42,0.08,140,0.1187931863917953,0.4,10,1.0000196071734797,3.547508653031796e-18,0.2,plastic,calibration,0.3520040697559343,False,alpha_async,30,130,180,1,-1,1.0,0.6,0.6,60,0.1479723094745915,0,0,40,1.0,2,0,0.25,0.01,0.75,50.0,lesion,30.0,0.45,0.2,0.1,0.002,8.0,44,220,0.286444661629347,0.1866476460412909,0.0,0.125,0.4065274283318819,honeycomb__ql__plastic__intr0__struct0__alpha_async__lesion__s1__1a1fb2b0e2,0.1356195736504801,0.1207108210428026,0.25,0.628723438704398,0.002,ql,30,70,0.9,0.2196283157213676,0.3,0.42,0.08,140,0.2452865308601923,10,1.4921994453007883,3.862305165190637e-18,0.2,calibration,0.1074366744003653,False,30,130,180,-1,1.0,60,0.1088684899440887,0,40,1.0,2,0,0.25,0.01,0.75,50.0,30.0,0.45,0.2,0.1,0.002,8.0,0.1685092291538975,0.40855550282060904,0.24456739535556898,0.4921798381273086,1.313811965457384
44,220,0.1149023973251218,0.5,0.5233851245706739,0.0,0.125,0.0,honeycomb__markov__plastic__intr0__struct0__alpha_async__lesion__s2__34a955d698,0.3299111353246914,0.2615558005231868,0.25,False,0.2157918433800037,0.002,0.016,markov,0.62,honeycomb,30,70,0.9,0.1014831710147718,0.3,0,0.42,0.08,140,0.1203606389710851,0.4,10,0.9907167239602568,3.841604130470308e-18,0.2,plastic,calibration,0.2999327261935704,False,alpha_async,30,130,180,2,-1,1.0,0.6,0.6,60,0.1579794914785981,0,0,40,1.0,2,0,0.25,0.01,0.75,50.0,lesion,30.0,0.45,0.2,0.1,0.002,8.0,44,220,0.2944752914566405,0.1813462534499082,0.0,0.125,0.3942182465177076,honeycomb__ql__plastic__intr0__struct0__alpha_async__lesion__s2__dd88fea039,0.1337699538329764,0.1034523515140561,0.25,0.6373330033474496,0.002,ql,30,70,0.9,0.2247205918436881,0.3,0.42,0.08,140,0.2551522539890474,10,1.5130619725726062,4.982943496135151e-18,0.2,calibration,0.1269164925731121,False,30,130,180,-1,1.0,60,0.1047711944648811,0,40,1.0,2,0,0.25,0.01,0.75,50.0,30.0,0.45,0.2,0.1,0.002,8.0,0.17957289413151867,0.4215411599674459,0.17301623362045832,0.5223452486123494,1.2964755363317724
44,220,0.1130627824392566,0.5,0.5266861781914954,0.0,0.125,0.0,honeycomb__markov__plastic__intr0__struct0__alpha_async__lesion__s2__1a1e9e53c5,0.3378261537902043,0.2732087482213795,0.25,False,0.2070618403123002,0.002,0.006,markov,0.68,honeycomb,30,70,0.9,0.1007543012411737,0.3,0,0.42,0.08,140,0.1170782222306747,0.2,10,0.9769779382755742,4.178108146546377e-18,0.2,plastic,calibration,0.3079965080635453,False,alpha_async,30,130,180,2,-1,1.0,0.6,0.6,60,0.1348431708173535,0,0,40,1.0,2,0,0.25,0.01,0.75,50.0,lesion,30.0,0.45,0.2,0.1,0.002,8.0,44,220,0.3426460978290283,0.0368024905303473,0.0,0.125,0.3623105972963357,honeycomb__ql__plastic__intr0__struct0__alpha_async__lesion__s2__c051a75719,0.0717869181120184,0.0661357739548329,0.25,0.6743700684819756,0.002,ql,30,70,0.9,0.2826207076016837,0.3,0.42,0.08,140,0.2831950044037457,10,1.5409475493130975,4.1028317081032735e-18,0.2,calibration,0.0418012602838327,False,30,130,180,-1,1.0,60,0.0276011028321988,0,40,1.0,2,0,0.25,0.01,0.75,50.0,30.0,0.45,0.2,0.1,0.002,8.0,0.22958331538977167,0.4673082281696753,0.2661952477797126,0.5639696110375233,1.5270564023766828
44,220,0.1052769509010768,0.5,0.5277673337643938,0.0,0.125,0.0,honeycomb__markov__plastic__intr0__struct0__alpha_async__lesion__s2__cf7187c970,0.3512488552261472,0.2834271718700899,0.25,False,0.1930757034947409,0.002,0.01,markov,0.68,honeycomb,30,70,0.9,0.0945880470234751,0.3,0,0.42,0.08,140,0.1125537260062491,0.2,10,0.932976277236876,4.635580410414148e-18,0.2,plastic,calibration,0.340997176574299,False,alpha_async,30,130,180,2,-1,1.0,0.6,0.6,60,0.1431160891214518,0,0,40,1.0,2,0,0.25,0.01,0.75,50.0,lesion,30.0,0.45,0.2,0.1,0.002,8.0,44,220,0.3361133424317206,0.0387242390863305,0.0,0.125,0.3667149469607171,honeycomb__ql__plastic__intr0__struct0__alpha_async__lesion__s2__22c8c3ffcf,0.0645060604190244,0.0404917341647971,0.25,0.6638294419595024,0.002,ql,30,70,0.9,0.2813253893105134,0.3,0.42,0.08,140,0.280112381896107,10,1.5567242876258751,4.1555694230448445e-18,0.2,calibration,0.0326833972218479,False,30,130,180,-1,1.0,60,0.0371729358459826,0,40,1.0,2,0,0.25,0.01,0.75,50.0,30.0,0.45,0.2,0.1,0.002,8.0,0.23083639153064378,0.47075373846476154,0.30831377935245113,0.6237480103889991,1.6336519197368555
44,220,0.1243619319515303,0.5,0.5000770228287854,0.0,0.125,0.0,honeycomb__markov__plastic__intr0__struct0__alpha_async__lesion__s2__0dd00f4002,0.3280836164502463,0.2855576589732382,0.25,False,0.2248253669425058,0.002,0.016,markov,0.68,honeycomb,30,70,0.9,0.1125568582621366,0.3,0,0.42,0.08,140,0.1220785478104706,0.2,10,1.0425035069433757,5.635891894165301e-18,0.2,plastic,calibration,0.2979562139285957,False,alpha_async,30,130,180,2,-1,1.0,0.6,0.6,60,0.1276440066377422,0,0,40,1.0,2,0,0.25,0.01,0.75,50.0,lesion,30.0,0.45,0.2,0.1,0.002,8.0,44,220,0.3329786971340653,0.0437234231723266,0.0,0.125,0.3731221389797279,honeycomb__ql__plastic__intr0__struct0__alpha_async__lesion__s2__5ff66a13cc,0.0718066838467556,0.0528861547182185,0.25,0.6676219733090889,0.002,ql,30,70,0.9,0.2756649765201893,0.3,0.42,0.08,140,0.2743416671775621,10,1.529773814097282,5.016211477118473e-18,0.2,calibration,0.0446848490057334,False,30,130,180,-1,1.0,60,0.0358435641030954,0,40,1.0,2,0,0.25,0.01,0.75,50.0,30.0,0.45,0.2,0.1,0.002,8.0,0.20861676518253502,0.44279660636658313,0.25327136492286234,0.4872703071539064,1.391955043625887
44,220,0.0926977252483065,0.5,0.5224516228875846,0.0,0.125,0.0,honeycomb__markov__plastic__intr0__struct0__alpha_async__lesion__s1__bdc3311c54,0.3826434538652251,0.2784742356856838,0.25,False,0.172317009670157,0.002,0.006,markov,0.68,honeycomb,30,70,0.9,0.0851070309699627,0.3,0,0.42,0.08,140,0.1026150359728835,0.3,10,0.8517164509316484,3.831259964599306e-18,0.2,plastic,calibration,0.3448810563268021,False,alpha_async,30,130,180,1,-1,1.0,0.6,0.6,60,0.1160867430261515,0,0,40,1.0,2,0,0.25,0.01,0.75,50.0,lesion,30.0,0.45,0.2,0.1,0.002,8.0,44,220,0.3256419721511253,0.0664353649406084,0.0,0.125,0.3775556536106703,honeycomb__ql__plastic__intr0__struct0__alpha_async__lesion__s1__5240a5d998,0.0858820282538805,0.0626964019381096,0.25,0.6528179076980918,0.002,ql,30,70,0.9,0.2710245817097327,0.3,0.42,0.08,140,0.2671374922662184,10,1.5515336745116048,2.84078670002274e-18,0.2,calibration,0.0812057975378543,False,30,130,180,-1,1.0,60,0.0484065928107643,0,40,1.0,2,0,0.25,0.01,0.75,50.0,30.0,0.45,0.2,0.1,0.002,8.0,0.23294424690281879,0.4805008980279348,0.2636752587889478,0.6998172235799565,1.6769376272996577
44,220,0.1080241010335507,0.5,0.5245422170542293,0.0,0.125,0.0,honeycomb__markov__plastic__intr0__struct0__alpha_async__lesion__s2__1f2263598c,0.363075985378493,0.2770028634489009,0.25,False,0.1953751416039365,0.002,0.01,markov,0.68,honeycomb,30,70,0.9,0.0973239853595309,0.3,0,0.42,0.08,140,0.1111137523904025,0.3,10,0.9500449423486927,3.1441482155703045e-18,0.2,plastic,calibration,0.3310547595745239,False,alpha_async,30,130,180,2,-1,1.0,0.6,0.6,60,0.1287942517762861,0,0,40,1.0,2,0,0.25,0.01,0.75,50.0,lesion,30.0,0.45,0.2,0.1,0.002,8.0,44,220,0.3267384265541343,0.0847046289939469,0.0,0.125,0.3750377065335541,honeycomb__ql__plastic__intr0__struct0__alpha_async__lesion__s2__05096dd3e7,0.0824890925715206,0.056099077111493,0.25,0.6570218509000832,0.002,ql,30,70,0.9,0.2670489704250215,0.3,0.42,0.08,140,0.2695603355630454,10,1.550403599945522,5.122955348005401e-18,0.2,calibration,0.0488371362770682,False,30,130,180,-1,1.0,60,0.0494742238940889,0,40,1.0,2,0,0.25,0.01,0.75,50.0,30.0,0.45,0.2,0.1,0.002,8.0,0.21871432552058362,0.46164670929614676,0.2822176232974557,0.6003586575968292,1.5629373157110154
44,220,0.1162560582270878,0.5,0.5239584015582017,0.0,0.125,0.0,honeycomb__markov__plastic__intr0__struct0__alpha_async__lesion__s1__7a7e063069,0.3628352800490483,0.303374980506394,0.25,False,0.2142846236596454,0.002,0.016,markov,0.68,honeycomb,30,70,0.9,0.103063591344374,0.3,0,0.42,0.08,140,0.1169999331391658,0.3,10,0.9987379795648356,8.606311581589979e-18,0.2,plastic,calibration,0.3388117539844441,False,alpha_async,30,130,180,1,-1,1.0,0.6,0.6,60,0.1467018881007884,0,0,40,1.0,2,0,0.25,0.01,0.75,50.0,lesion,30.0,0.45,0.2,0.1,0.002,8.0,44,220,0.3225629278251545,0.099805509759434,0.0,0.125,0.3776971136471134,honeycomb__ql__plastic__intr0__struct0__alpha_async__lesion__s1__3a53d7501c,0.0938333364135117,0.0702311515807156,0.25,0.6569986312443904,0.002,ql,30,70,0.9,0.2604568852231267,0.3,0.42,0.08,140,0.2681007430749467,10,1.539441111072581,5.309196829682966e-18,0.2,calibration,0.0729318816555432,False,30,130,180,-1,1.0,60,0.052878297248354,0,40,1.0,2,0,0.25,0.01,0.75,50.0,30.0,0.45,0.2,0.1,0.002,8.0,0.2063068695980667,0.442714007584745,0.26587987232890087,0.5407031315077454,1.4556038810194578
44,220,0.1054628677723825,0.5,0.520635052953674,0.0,0.125,0.0,honeycomb__markov__plastic__intr0__struct0__alpha_async__lesion__s2__ec5469eff1,0.3599157410322688,0.2944289999254411,0.25,False,0.194575759581396,0.002,0.006,markov,0.68,honeycomb,30,70,0.9,0.095613750814068,0.3,0,0.42,0.08,140,0.1124117425201732,0.4,10,0.9342561831403022,5.695365710266196e-18,0.2,plastic,calibration,0.3621922077591241,False,alpha_async,30,130,180,2,-1,1.0,0.6,0.6,60,0.1251598954891027,0,0,40,1.0,2,0,0.25,0.01,0.75,50.0,lesion,30.0,0.45,0.2,0.1,0.002,8.0,44,220,0.328008273712944,0.0965546902387277,0.0,0.125,0.3765745660494953,honeycomb__ql__plastic__intr0__struct0__alpha_async__lesion__s2__73e9f00952,0.0747475279371589,0.0599728455897124,0.25,0.6615509293673834,0.002,ql,30,70,0.9,0.2636341197039694,0.3,0.42,0.08,140,0.2699275091484825,10,1.5399492859122228,3.790716475104136e-18,0.2,calibration,0.0321503811803405,False,30,130,180,-1,1.0,60,0.0477694643932971,0,40,1.0,2,0,0.25,0.01,0.75,50.0,30.0,0.45,0.2,0.1,0.002,8.0,0.2225454059405615,0.46697516978598735,0.33004182657878356,0.6056931027719206,1.6252555050772528
44,220,0.1112889169057373,0.5,0.5330690902546675,0.0,0.125,0.0,honeycomb__markov__plastic__intr0__struct0__alpha_async__lesion__s2__811f9ffbde,0.3342914000992487,0.2781038505444063,0.25,False,0.205409562998264,0.002,0.01,markov,0.68,honeycomb,30,70,0.9,0.0981126724489184,0.3,0,0.42,0.08,140,0.1150362984532416,0.4,10,0.971543679663671,5.4815004579707954e-18,0.2,plastic,calibration,0.2934903633195219,False,alpha_async,30,130,180,2,-1,1.0,0.6,0.6,60,0.1356822116430899,0,0,40,1.0,2,0,0.25,0.01,0.75,50.0,lesion,30.0,0.45,0.2,0.1,0.002,8.0,44,220,0.330987469997281,0.0764166501600643,0.0,0.125,0.3750670403281137,honeycomb__ql__plastic__intr0__struct0__alpha_async__lesion__s2__6ccc805907,0.069817583856704,0.0727072990860423,0.25,0.657428314484178,0.002,ql,30,70,0.9,0.2707658705461094,0.3,0.42,0.08,140,0.2716735709239493,10,1.5547753060011762,3.1259090311265927e-18,0.2,calibration,0.0448711186675125,False,30,130,180,-1,1.0,60,0.0496735967980526,0,40,1.0,2,0,0.25,0.01,0.75,50.0,30.0,0.45,0.2,0.1,0.002,8.0,0.2196985530915437,0.4520187514859141,0.24861924465200938,0.5832316263375052,1.5035681755669725
44,220,0.1214418542752282,0.5,0.5023899674656122,0.0,0.125,0.0,honeycomb__markov__plastic__intr0__struct0__alpha_async__lesion__s2__b3f391d5ff,0.3253606972207556,0.3002232570579675,0.25,False,0.2236142847796229,0.002,0.016,markov,0.68,honeycomb,30,70,0.9,0.1101657061725882,0.3,0,0.42,0.08,140,0.12262023492085,0.4,10,1.023308018277052,4.3648780313666624e-18,0.2,plastic,calibration,0.3118613121919716,False,alpha_async,30,130,180,2,-1,1.0,0.6,0.6,60,0.1399412608370454,0,0,40,1.0,2,0,0.25,0.01,0.75,50.0,lesion,30.0,0.45,0.2,0.1,0.002,8.0,44,220,0.3366708129444721,0.0579160874566157,0.0,0.125,0.3686399439153897,honeycomb__ql__plastic__intr0__struct0__alpha_async__lesion__s2__c4cb057075,0.0629962909472013,0.0501705227343938,0.25,0.6691902481701779,0.002,ql,30,70,0.9,0.2755951199029668,0.3,0.42,0.08,140,0.2767826831704377,10,1.5422056644827709,2.536290114402618e-18,0.2,calibration,0.0485118504828885,False,30,130,180,-1,1.0,60,0.0357399436693813,0,40,1.0,2,0,0.25,0.01,0.75,50.0,30.0,0.45,0.2,0.1,0.002,8.0,0.2152289586692439,0.44557596339055505,0.26334946170908313,0.5188976462057189,1.4430520299746008
44,220,0.4196205599478442,0.5,-0.3933410084406061,0.0,0.125,0.0,square_moore__markov__plastic__intr0__struct0__alpha_async__baseline__s1__ba60de3f58,-0.009557964946486,-0.002444389742495,0.25,False,0.4857744616392233,0.002,0.006,markov,0.58,square_moore,30,70,0.9,0.5205404065496639,0.3,0,0.42,0.08,140,0.4133336066023952,0.2,10,1.5453727957706995,5.7794639321502274e-18,0.2,plastic,calibration,,False,alpha_async,30,130,180,1,-1,1.0,0.6,0.6,60,0.1119287786725178,0,0,40,1.0,2,0,0.25,0.01,0.75,50.0,baseline,30.0,0.45,0.2,0.1,0.002,8.0,44,220,0.4213734478004866,-0.389279181550489,0.0,0.125,0.3061275949037051,square_moore__ql__plastic__intr0__struct0__alpha_async__baseline__s1__7e5bcb653e,0.0043342224235109,0.0062670126077236,0.25,0.510269334867293,0.002,ql,30,70,0.9,0.5147144998069406,0.3,0.42,0.08,140,0.4125492252348339,10,1.5157614347546795,5.025474653282477e-18,0.2,calibration,,False,30,130,180,-1,1.0,60,0.1068062434010575,0,40,1.0,2,0,0.25,0.01,0.75,50.0,30.0,0.45,0.2,0.1,0.002,8.0,0.001752887852642382,0.024494873228069702,0.0,0.02961136101602002,0.055859122096732106
44,220,0.4125623610827839,0.5,-0.3966866698782613,0.0,0.125,0.0,square_moore__markov__plastic__intr0__struct0__alpha_async__baseline__s1__64cc19a9eb,0.0036621891451366,0.0033538743906435,0.25,False,0.497003425304143,0.002,0.01,markov,0.58,square_moore,30,70,0.9,0.5168112246162928,0.3,0,0.42,0.08,140,0.410864148289584,0.2,10,1.5555607866278385,6.67341497767287e-18,0.2,plastic,calibration,,False,alpha_async,30,130,180,1,-1,1.0,0.6,0.6,60,0.0665478187157035,0,0,40,1.0,2,0,0.25,0.01,0.75,50.0,baseline,30.0,0.45,0.2,0.1,0.002,8.0,44,220,0.4102576926928282,-0.3929896202349053,0.0,0.125,0.3005689493443601,square_moore__ql__plastic__intr0__struct0__alpha_async__baseline__s1__15bd60e29b,-0.0084257982453092,-0.0064143594525558,0.25,0.5342510561623351,0.002,ql,30,70,0.9,0.501486326817139,0.3,0.42,0.08,140,0.4085055407358644,10,1.5426661652921192,6.3024507471251836e-18,0.2,calibration,,False,30,130,180,-1,1.0,60,0.1367212509044535,0,40,1.0,2,0,0.25,0.01,0.75,50.0,30.0,0.45,0.2,0.1,0.002,8.0,0.0023046683899556886,0.03724763085819216,0.0,0.01289462133571928,0.05244692058386713
44,220,0.4119150969848018,0.5,-0.3670643505657407,0.0,0.125,0.0,square_moore__markov__plastic__intr0__struct0__alpha_async__baseline__s2__09b64270d0,-0.0119686433767038,-0.0044056771164167,0.25,False,0.5477102424413562,0.002,0.016,markov,0.58,square_moore,30,70,0.9,0.4858945854404756,0.3,0,0.42,0.08,140,0.4061574826344986,0.2,10,1.4920612125796358,4.9353419412068236e-18,0.2,plastic,calibration,,False,alpha_async,30,130,180,2,-1,1.0,0.6,0.6,60,0.0439810671274599,0,0,40,1.0,2,0,0.25,0.01,0.75,50.0,baseline,30.0,0.45,0.2,0.1,0.002,8.0,44,220,0.4096243428261504,-0.355454481973412,0.0,0.125,0.2921018043638799,square_moore__ql__plastic__intr0__struct0__alpha_async__baseline__s2__d28b336c10,-0.0054049493942202,0.0105659695728712,0.25,0.5829779077368671,0.002,ql,30,70,0.9,0.4668022729133717,0.3,0.42,0.08,140,0.4054113587365054,10,1.4593181787005645,5.903006078685291e-18,0.2,calibration,,False,30,130,180,-1,1.0,60,0.0274277168368594,0,40,1.0,2,0,0.25,0.01,0.75,50.0,30.0,0.45,0.2,0.1,0.002,8.0,0.0022907541586513758,0.03526766529551084,0.0,0.03274303387907129,0.07030145333323351
44,220,0.4196107339265584,0.5,-0.3898570352259753,0.0,0.125,0.0,square_moore__markov__plastic__intr0__struct0__alpha_async__baseline__s2__ac33a91ef1,0.0101555854237093,-0.003271474543198,0.25,False,0.4764689980641696,0.002,0.006,markov,0.58,square_moore,30,70,0.9,0.5214921078704536,0.3,0,0.42,0.08,140,0.4116672526849008,0.3,10,1.5511881927345392,4.192948130049236e-18,0.2,plastic,calibration,,False,alpha_async,30,130,180,2,-1,1.0,0.6,0.6,60,0.2325719635751544,0,0,40,1.0,2,0,0.25,0.01,0.75,50.0,baseline,30.0,0.45,0.2,0.1,0.002,8.0,44,220,0.4152526441118044,-0.3803557566439918,0.0,0.125,0.3094671028442478,square_moore__ql__plastic__intr0__struct0__alpha_async__baseline__s2__8acd382273,-0.0089387237802449,0.0004854993795609,0.25,0.5314018982978339,0.002,ql,30,70,0.9,0.4978372023245317,0.3,0.42,0.08,140,0.4103084870541039,10,1.52366371651966,5.461483500264282e-18,0.2,calibration,,False,30,130,180,-1,1.0,60,0.2099876245731837,0,40,1.0,2,0,0.25,0.01,0.75,50.0,30.0,0.45,0.2,0.1,0.002,8.0,0.004358089814753996,0.05493290023366432,0.0,0.02752447621487919,0.0868154662632975
44,220,0.4104472973295654,0.5,-0.402802323091868,0.0,0.125,0.0,square_moore__markov__plastic__intr0__struct0__alpha_async__baseline__s2__496a48d473,-0.0006726818190286,0.0078855763008974,0.25,False,0.483689723046988,0.002,0.01,markov,0.58,square_moore,30,70,0.9,0.5250315891443395,0.3,0,0.42,0.08,140,0.4074409282668615,0.3,10,1.5621545790466005,4.699215588615403e-18,0.2,plastic,calibration,,False,alpha_async,30,130,180,2,-1,1.0,0.6,0.6,60,0.2078879213136755,0,0,40,1.0,2,0,0.25,0.01,0.75,50.0,baseline,30.0,0.45,0.2,0.1,0.002,8.0,44,220,0.4083427282796628,-0.4052458950586671,0.0,0.125,0.2981508828315565,square_moore__ql__plastic__intr0__struct0__alpha_async__baseline__s2__3322195030,-0.0045658862975923,0.0122112305368034,0.25,0.5152930842228021,0.002,ql,30,70,0.9,0.5146122748195684,0.3,0.42,0.08,140,0.4084827544186263,10,1.559548463703461,5.455303024516688e-18,0.2,calibration,,False,30,130,180,-1,1.0,60,0.3624638733228291,0,40,1.0,2,0,0.25,0.01,0.75,50.0,30.0,0.45,0.2,0.1,0.002,8.0,0.002104569049902638,0.03160336117581408,0.0,0.0026061153431395923,0.03631404556885631
44,220,0.4137996605263774,0.5,-0.3563575118516367,0.0,0.125,0.0,square_moore__markov__plastic__intr0__struct0__alpha_async__baseline__s2__ba4a9fc652,0.008884292724954,0.002683597044616,0.25,False,0.5530546945484853,0.002,0.016,markov,0.58,square_moore,30,70,0.9,0.4801990728023591,0.3,0,0.42,0.08,140,0.4062481776264383,0.3,10,1.471421032153181,5.986266397950499e-18,0.2,plastic,calibration,,False,alpha_async,30,130,180,2,-1,1.0,0.6,0.6,60,0.0702424974471221,0,0,40,1.0,2,0,0.25,0.01,0.75,50.0,baseline,30.0,0.45,0.2,0.1,0.002,8.0,44,220,0.4110608693148165,-0.3517526230896818,0.0,0.125,0.2968544788412836,square_moore__ql__plastic__intr0__struct0__alpha_async__baseline__s2__12e8d610be,-0.0043962687121042,0.008557339492928,0.25,0.5942769127785765,0.002,ql,30,70,0.9,0.4588786450347039,0.3,0.42,0.08,140,0.4029583201138073,10,1.4531145722507015,5.815644219483591e-18,0.2,calibration,,False,30,130,180,-1,1.0,60,0.0897956647196462,0,40,1.0,2,0,0.25,0.01,0.75,50.0,30.0,0.45,0.2,0.1,0.002,8.0,0.002738791211560898,0.0412222182300912,0.0,0.018306459902479588,0.06226746934413169
44,220,0.4211116123477565,0.5,-0.3962352770979234,0.0,0.125,0.0,square_moore__markov__plastic__intr0__struct0__alpha_async__baseline__s2__5a0533e3af,0.0086309849793504,0.0036151323450699,0.25,False,0.4649579793483577,0.002,0.006,markov,0.58,square_moore,30,70,0.9,0.5313567025771027,0.3,0,0.42,0.08,140,0.4128590506050097,0.4,10,1.550112669291468,4.9776212047576095e-18,0.2,plastic,calibration,,False,alpha_async,30,130,180,2,-1,1.0,0.6,0.6,60,0.0902338071130935,0,0,40,1.0,2,0,0.25,0.01,0.75,50.0,baseline,30.0,0.45,0.2,0.1,0.002,8.0,44,220,0.4179337518996127,-0.3878283143311773,0.0,0.125,0.3088949645939489,square_moore__ql__plastic__intr0__struct0__alpha_async__baseline__s2__fe5279fa79,-0.0078096659087927,0.0006452480959671,0.25,0.5060358934184179,0.002,ql,30,70,0.9,0.5142238430138139,0.3,0.42,0.08,140,0.4112673865383189,10,1.5255920515748596,7.056362037456246e-18,0.2,calibration,,False,30,130,180,-1,1.0,60,0.1576117081294094,0,40,1.0,2,0,0.25,0.01,0.75,50.0,30.0,0.45,0.2,0.1,0.002,8.0,0.003177860448143832,0.04107791407006023,0.0,0.024520617716608406,0.06877639223481247
44,220,0.4119076750236384,0.5,-0.4041576428025126,0.0,0.125,0.0,square_moore__markov__plastic__intr0__struct0__alpha_async__baseline__s1__bf520bda3f,0.015695320081533,0.0007998472513939,0.25,False,0.4762907449228158,0.002,0.01,markov,0.58,square_moore,30,70,0.9,0.5267957731808913,0.3,0,0.42,0.08,140,0.4084086777823422,0.4,10,1.5642844358474657,5.5607485490799274e-18,0.2,plastic,calibration,,False,alpha_async,30,130,180,1,-1,1.0,0.6,0.6,60,0.0861033198108394,0,0,40,1.0,2,0,0.25,0.01,0.75,50.0,baseline,30.0,0.45,0.2,0.1,0.002,8.0,44,220,0.4089471688243294,-0.3866630177131805,0.0,0.125,0.3020726611059912,square_moore__ql__plastic__intr0__struct0__alpha_async__baseline__s1__57bcc64e54,-0.0014901792018479,-0.002870891805712,0.25,0.5305393307319205,0.002,ql,30,70,0.9,0.4994349841007114,0.3,0.42,0.08,140,0.4070246737657133,10,1.5453353966781145,6.011166432361592e-18,0.2,calibration,,False,30,130,180,-1,1.0,60,0.0962382507276284,0,40,1.0,2,0,0.25,0.01,0.75,50.0,30.0,0.45,0.2,0.1,0.002,8.0,0.0029605061993089876,0.05424858580910469,0.0,0.0189490391693512,0.07615813117776488
44,220,0.4076894439506823,0.5,-0.3659548983334645,0.0,0.125,0.0,square_moore__markov__plastic__intr0__struct0__alpha_async__baseline__s2__ea691bdfa3,-0.0019195444207243,-0.0047965126404253,0.25,False,0.5376964562414598,0.002,0.016,markov,0.58,square_moore,30,70,0.9,0.4871780431484829,0.3,0,0.42,0.08,140,0.4039916888242461,0.4,10,1.507713905493144,4.5101992427996845e-18,0.2,plastic,calibration,,False,alpha_async,30,130,180,2,-1,1.0,0.6,0.6,60,0.0285205852493807,0,0,40,1.0,2,0,0.25,0.01,0.75,50.0,baseline,30.0,0.45,0.2,0.1,0.002,8.0,44,220,0.4054629557292447,-0.3614274250584731,0.0,0.125,0.2924755801911112,square_moore__ql__plastic__intr0__struct0__alpha_async__baseline__s2__5eadd4e852,-0.0165504187825061,0.0131979304515005,0.25,0.5731622328085211,0.002,ql,30,70,0.9,0.4709316885962371,0.3,0.42,0.08,140,0.4014636170706482,10,1.494261383184738,6.346748452359292e-18,0.2,calibration,,False,30,130,180,-1,1.0,60,0.0814439675526909,0,40,1.0,2,0,0.25,0.01,0.75,50.0,30.0,0.45,0.2,0.1,0.002,8.0,0.002226488221437617,0.03546577656706129,0.0,0.0134525223084061,0.05114478709690501
44,220,0.4186460371662271,0.5,-0.3901662374430303,0.0,0.125,0.0,square_moore__markov__plastic__intr0__struct0__alpha_async__baseline__s2__c44486d972,-0.002284474829887,0.0073361727767141,0.25,False,0.4980403234833273,0.002,0.006,markov,0.62,square_moore,30,70,0.9,0.513173434949307,0.3,0,0.42,0.08,140,0.4105619218089173,0.2,10,1.5466206745930529,5.8144101286139454e-18,0.2,plastic,calibration,,False,alpha_async,30,130,180,2,-1,1.0,0.6,0.6,60,0.3628386266313056,0,0,40,1.0,2,0,0.25,0.01,0.75,50.0,baseline,30.0,0.45,0.2,0.1,0.002,8.0,44,220,0.4174826319027632,-0.3765292968705342,0.0,0.125,0.3046897748178897,square_moore__ql__plastic__intr0__struct0__alpha_async__baseline__s2__fd239ba14c,-0.0023807181681279,-0.0080815096843763,0.25,0.5295426988147315,0.002,ql,30,70,0.9,0.4973847746668812,0.3,0.42,0.08,140,0.4119914049254857,10,1.507169600063364,4.9200152228014325e-18,0.2,calibration,,False,30,130,180,-1,1.0,60,0.3426984441245221,0,40,1.0,2,0,0.25,0.01,0.75,50.0,30.0,0.45,0.2,0.1,0.002,8.0,0.0011634052634639236,0.03150237533140421,0.0,0.03945107452968877,0.0721168551245569
44,220,0.4122443851706524,0.5,-0.4177977155768034,0.0,0.125,0.0,square_moore__markov__plastic__intr0__struct0__alpha_async__baseline__s2__c3f44b27fb,0.0013055755802199,0.0034209165162308,0.25,False,0.4697863014572359,0.002,0.01,markov,0.62,square_moore,30,70,0.9,0.5347212060623769,0.3,0,0.42,0.08,140,0.4088274963032672,0.2,10,1.564438831027093,3.8369072090396654e-18,0.2,plastic,calibration,,False,alpha_async,30,130,180,2,-1,1.0,0.6,0.6,60,0.5228019822495608,0,0,40,1.0,2,0,0.25,0.01,0.75,50.0,baseline,30.0,0.45,0.2,0.1,0.002,8.0,44,220,0.4137551896880931,-0.4040367792961192,0.0,0.125,0.29619770477644,square_moore__ql__plastic__intr0__struct0__alpha_async__baseline__s2__e74ca68332,0.0050532110343503,0.0089521084309837,0.25,0.5184826986353315,0.002,ql,30,70,0.9,0.5156666809365692,0.3,0.42,0.08,140,0.4099202990308767,10,1.5476463560287708,5.8115543625977835e-18,0.2,calibration,,False,30,130,180,-1,1.0,60,0.2826596373480406,0,40,1.0,2,0,0.25,0.01,0.75,50.0,30.0,0.45,0.2,0.1,0.002,8.0,0.0015108045174406781,0.048696397178095596,0.0,0.01679247499832215,0.06699967669385842
44,220,0.4130951549716926,0.5,-0.3640011365576515,0.0,0.125,0.0,square_moore__markov__plastic__intr0__struct0__alpha_async__baseline__s1__e8eb64d365,-0.019851640628141,-0.0050650447245359,0.25,False,0.554297945452954,0.002,0.016,markov,0.62,square_moore,30,70,0.9,0.4811767351339547,0.3,0,0.42,0.08,140,0.4067376607704295,0.2,10,1.4875566875809991,6.077565474295077e-18,0.2,plastic,calibration,,False,alpha_async,30,130,180,1,-1,1.0,0.6,0.6,60,0.0507844660993156,0,0,40,1.0,2,0,0.25,0.01,0.75,50.0,baseline,30.0,0.45,0.2,0.1,0.002,8.0,44,220,0.4102261570849307,-0.3528515459780684,0.0,0.125,0.2871296720526629,square_moore__ql__plastic__intr0__struct0__alpha_async__baseline__s1__247800a134,-0.0172533065092631,-0.0044045182475215,0.25,0.5886699506031211,0.002,ql,30,70,0.9,0.462824303560993,0.3,0.42,0.08,140,0.4042781532725142,10,1.464996358313479,7.258381584898608e-18,0.2,calibration,,False,30,130,180,-1,1.0,60,0.0643842146569913,0,40,1.0,2,0,0.25,0.01,0.75,50.0,30.0,0.45,0.2,0.1,0.002,8.0,0.0028689978867618704,0.03437200515016714,0.0,0.022560329267520052,0.05980133230444906
44,220,0.4214108294487191,0.5,-0.3901288451233267,0.0,0.125,0.0,square_moore__markov__plastic__intr0__struct0__alpha_async__baseline__s2__7ae77f1f00,-0.0013221329602336,-0.006589101938932,0.25,False,0.4875714058109445,0.002,0.006,markov,0.62,square_moore,30,70,0.9,0.5178927882142368,0.3,0,0.42,0.08,140,0.4117761834052034,0.3,10,1.5412448145212434,6.0429743456308565e-18,0.2,plastic,calibration,,False,alpha_async,30,130,180,2,-1,1.0,0.6,0.6,60,0.2708227699300726,0,0,40,1.0,2,0,0.25,0.01,0.75,50.0,baseline,30.0,0.45,0.2,0.1,0.002,8.0,44,220,0.4176605634236025,-0.373268067267981,0.0,0.125,0.3048302566827118,square_moore__ql__plastic__intr0__struct0__alpha_async__baseline__s2__530f0c5c56,-0.0080142173539875,0.0013734461002974,0.25,0.526151085162036,0.002,ql,30,70,0.9,0.5008450597170652,0.3,0.42,0.08,140,0.4116859803932803,10,1.502706476971828,4.8619991583686975e-18,0.2,calibration,,False,30,130,180,-1,1.0,60,0.1740437898603007,0,40,1.0,2,0,0.25,0.01,0.75,50.0,30.0,0.45,0.2,0.1,0.002,8.0,0.0037502660251165776,0.03857967935109152,0.0,0.03853833754941549,0.08086828292562359
44,220,0.4120416027564905,0.5,-0.4231065185238404,0.0,0.125,0.0,square_moore__markov__plastic__intr0__struct0__alpha_async__baseline__s2__bc8030d740,0.0057627277823417,0.0026482301607237,0.25,False,0.4531909427698788,0.002,0.01,markov,0.62,square_moore,30,70,0.9,0.5453976834954863,0.3,0,0.42,0.08,140,0.4082709918139237,0.3,10,1.5606165410029438,4.99372294956276e-18,0.2,plastic,calibration,,False,alpha_async,30,130,180,2,-1,1.0,0.6,0.6,60,0.4780041324153178,0,0,40,1.0,2,0,0.25,0.01,0.75,50.0,baseline,30.0,0.45,0.2,0.1,0.002,8.0,44,220,0.4104311871292438,-0.4001879917950387,0.0,0.125,0.2973044815666516,square_moore__ql__plastic__intr0__struct0__alpha_async__baseline__s2__71ddeb8785,-0.0026904931873294,0.0036580591255672,0.25,0.5165507884188982,0.002,ql,30,70,0.9,0.5146949856440528,0.3,0.42,0.08,140,0.4087668051617619,10,1.5496700434705737,4.519107760019016e-18,0.2,calibration,,False,30,130,180,-1,1.0,60,0.1521486719385404,0,40,1.0,2,0,0.25,0.01,0.75,50.0,30.0,0.45,0.2,0.1,0.002,8.0,0.0016104156272466752,0.06335984564901942,0.0,0.010946497532370092,0.07591675880863619
44,220,0.4116769402494473,0.5,-0.3632101169487299,0.0,0.125,0.0,square_moore__markov__plastic__intr0__struct0__alpha_async__baseline__s2__f3eddc02a4,0.0005242069205324,-0.0013351801955671,0.25,False,0.5514001453476973,0.002,0.016,markov,0.62,square_moore,30,70,0.9,0.4815694498660478,0.3,0,0.42,0.08,140,0.4064228901121621,0.3,10,1.4830433876986706,4.0453323022789435e-18,0.2,plastic,calibration,,False,alpha_async,30,130,180,2,-1,1.0,0.6,0.6,60,0.0364489871075628,0,0,40,1.0,2,0,0.25,0.01,0.75,50.0,baseline,30.0,0.45,0.2,0.1,0.002,8.0,44,220,0.4103006784886498,-0.3442789743123018,0.0,0.125,0.2854280083886301,square_moore__ql__plastic__intr0__struct0__alpha_async__baseline__s2__a4c412eaf7,0.0050505261546559,-1.1673346195883018e-05,0.25,0.5878302063150296,0.002,ql,30,70,0.9,0.4597348199653112,0.3,0.42,0.08,140,0.4051052951818503,10,1.4360603492270438,5.559554315227099e-18,0.2,calibration,,False,30,130,180,-1,1.0,60,0.0636265059941681,0,40,1.0,2,0,0.25,0.01,0.75,50.0,30.0,0.45,0.2,0.1,0.002,8.0,0.0013762617607974703,0.036430060967332256,0.0,0.04698303847162677,0.0847893611997565
44,220,0.4197919650836306,0.5,-0.3948881720797623,0.0,0.125,0.0,square_moore__markov__plastic__intr0__struct0__alpha_async__baseline__s2__4c6b79ea25,0.0045853079469782,-0.0026887713768182,0.25,False,0.4681272422743139,0.002,0.006,markov,0.62,square_moore,30,70,0.9,0.5298479457202698,0.3,0,0.42,0.08,140,0.4107597304166808,0.4,10,1.5528676515705433,6.705503178806875e-18,0.2,plastic,calibration,,False,alpha_async,30,130,180,2,-1,1.0,0.6,0.6,60,0.1912678947793921,0,0,40,1.0,2,0,0.25,0.01,0.75,50.0,baseline,30.0,0.45,0.2,0.1,0.002,8.0,44,220,0.4191471293443934,-0.3843929695864694,0.0,0.125,0.3028052652847482,square_moore__ql__plastic__intr0__struct0__alpha_async__baseline__s2__37a833dd3d,-0.0013744791763665,-0.0032061990186507,0.25,0.5133170078738168,0.002,ql,30,70,0.9,0.5110120522032542,0.3,0.42,0.08,140,0.412130819553698,10,1.5202237808461985,5.615339619633073e-18,0.2,calibration,,False,30,130,180,-1,1.0,60,0.1078289588163119,0,40,1.0,2,0,0.25,0.01,0.75,50.0,30.0,0.45,0.2,0.1,0.002,8.0,0.0006448357392371817,0.04518976559950294,0.0,0.032643870724344826,0.07847847206308495
44,220,0.4097440413086972,0.5,-0.407211952957711,0.0,0.125,0.0,square_moore__markov__plastic__intr0__struct0__alpha_async__baseline__s2__c16a350bc7,0.0047830315245525,-0.0055166174456826,0.25,False,0.4747743311800189,0.002,0.01,markov,0.62,square_moore,30,70,0.9,0.5294354300410647,0.3,0,0.42,0.08,140,0.4087606842711476,0.4,10,1.5644879333369042,5.505124414687147e-18,0.2,plastic,calibration,,False,alpha_async,30,130,180,2,-1,1.0,0.6,0.6,60,0.2172268301242949,0,0,40,1.0,2,0,0.25,0.01,0.75,50.0,baseline,30.0,0.45,0.2,0.1,0.002,8.0,44,220,0.4114609463502771,-0.3930761479177145,0.0,0.125,0.2964298637060593,square_moore__ql__plastic__intr0__struct0__alpha_async__baseline__s2__095f4c464d,-0.0023077720357579,0.0061349706999265,0.25,0.5167919606222756,0.002,ql,30,70,0.9,0.5121108250436351,0.3,0.42,0.08,140,0.4087175146881422,10,1.5434199542975746,5.5555860768698335e-18,0.2,calibration,,False,30,130,180,-1,1.0,60,0.1634299496369895,0,40,1.0,2,0,0.25,0.01,0.75,50.0,30.0,0.45,0.2,0.1,0.002,8.0,0.001716905041579897,0.04201762944225673,0.0,0.021067979039329554,0.06480251352316618
44,220,0.4075696976915798,0.5,-0.3668581897765992,0.0,0.125,0.0,square_moore__markov__plastic__intr0__struct0__alpha_async__baseline__s1__8cc928eb86,0.0009020600069166,0.0013882856093298,0.25,False,0.5384697840902113,0.002,0.016,markov,0.62,square_moore,30,70,0.9,0.4880293086900666,0.3,0,0.42,0.08,140,0.4029369402569058,0.4,10,1.5145742137725515,5.8321400401075385e-18,0.2,plastic,calibration,,False,alpha_async,30,130,180,1,-1,1.0,0.6,0.6,60,0.0500941794970939,0,0,40,1.0,2,0,0.25,0.01,0.75,50.0,baseline,30.0,0.45,0.2,0.1,0.002,8.0,44,220,0.4074277551354117,-0.3625691346591163,0.0,0.125,0.2940159931088246,square_moore__ql__plastic__intr0__struct0__alpha_async__baseline__s1__d46c947bd4,0.0070902532732909,-0.0017833596485476,0.25,0.5791623147966495,0.002,ql,30,70,0.9,0.4676774884691244,0.3,0.42,0.08,140,0.4017425127802958,10,1.496790795211571,7.429978750684949e-18,0.2,calibration,,False,30,130,180,-1,1.0,60,0.0738993030863502,0,40,1.0,2,0,0.25,0.01,0.75,50.0,30.0,0.45,0.2,0.1,0.002,8.0,0.00014194255616811757,0.04069253070643819,0.0,0.017783418560980424,0.05861789182358673
44,220,0.4205067478423347,0.5,-0.3886718616027856,0.0,0.125,0.0,square_moore__markov__plastic__intr0__struct0__alpha_async__baseline__s2__ac04d38686,0.0095261273843463,0.0003109613908616,0.25,False,0.4775175714876665,0.002,0.006,markov,0.68,square_moore,30,70,0.9,0.5228240555769419,0.3,0,0.42,0.08,140,0.4132322016114886,0.2,10,1.5468624446696633,4.649068637949732e-18,0.2,plastic,calibration,,False,alpha_async,30,130,180,2,-1,1.0,0.6,0.6,60,0.2396575077591611,0,0,40,1.0,2,0,0.25,0.01,0.75,50.0,baseline,30.0,0.45,0.2,0.1,0.002,8.0,44,220,0.419878083809663,-0.3859146219813039,0.0,0.125,0.3001943597890745,square_moore__ql__plastic__intr0__struct0__alpha_async__baseline__s2__bb3909afed,0.0003108700005867,-0.0008917472203446,0.25,0.5122030182915869,0.002,ql,30,70,0.9,0.5128696327271174,0.3,0.42,0.08,140,0.4134271095904935,10,1.5198448117447665,5.55338495605081e-18,0.2,calibration,,False,30,130,180,-1,1.0,60,0.0611585700859026,0,40,1.0,2,0,0.25,0.01,0.75,50.0,30.0,0.45,0.2,0.1,0.002,8.0,0.0006286640326716997,0.03468544680392038,0.0,0.027017632924896784,0.06233174376148887
44,220,0.4132590065805798,0.5,-0.4065548757329428,0.0,0.125,0.0,square_moore__markov__plastic__intr0__struct0__alpha_async__baseline__s2__dfab78d5c8,-0.0016716433947123,0.0001158684724213,0.25,False,0.4846614819920714,0.002,0.01,markov,0.68,square_moore,30,70,0.9,0.5263250985605135,0.3,0,0.42,0.08,140,0.4091708284044637,0.2,10,1.559954980221457,4.615440563864096e-18,0.2,plastic,calibration,,False,alpha_async,30,130,180,2,-1,1.0,0.6,0.6,60,0.4090453991779201,0,0,40,1.0,2,0,0.25,0.01,0.75,50.0,baseline,30.0,0.45,0.2,0.1,0.002,8.0,44,220,0.4121446105597278,-0.3801527168004261,0.0,0.125,0.2942578201036579,square_moore__ql__plastic__intr0__struct0__alpha_async__baseline__s2__de56fada3b,0.0041438429109929,0.0066236275439163,0.25,0.5432504609196054,0.002,ql,30,70,0.9,0.4951869236542852,0.3,0.42,0.08,140,0.4105498486138564,10,1.517653580959633,5.9079065750915285e-18,0.2,calibration,,False,30,130,180,-1,1.0,60,0.0683522445117211,0,40,1.0,2,0,0.25,0.01,0.75,50.0,30.0,0.45,0.2,0.1,0.002,8.0,0.0011143960208520043,0.05858897892753401,0.0,0.04230139926182397,0.10200477421020998
44,220,0.4134438624788983,0.5,-0.3586251039712084,0.0,0.125,0.0,square_moore__markov__plastic__intr0__struct0__alpha_async__baseline__s2__4a7429ca9d,-0.0041176609548871,-0.0069092626753015,0.25,False,0.5542446698473253,0.002,0.016,markov,0.68,square_moore,30,70,0.9,0.4797520911184217,0.3,0,0.42,0.08,140,0.4077057135976308,0.2,10,1.4891793484115872,4.078629021279488e-18,0.2,plastic,calibration,,False,alpha_async,30,130,180,2,-1,1.0,0.6,0.6,60,0.0302758245227218,0,0,40,1.0,2,0,0.25,0.01,0.75,50.0,baseline,30.0,0.45,0.2,0.1,0.002,8.0,44,220,0.4121908749559653,-0.3489333586319095,0.0,0.125,0.2893470600430667,square_moore__ql__plastic__intr0__struct0__alpha_async__baseline__s2__f1a4690b09,0.0041693976935018,-0.0008344624229841,0.25,0.583880473129067,0.002,ql,30,70,0.9,0.4652674124094649,0.3,0.42,0.08,140,0.4064890177440908,10,1.4647658599470246,7.127396277212435e-18,0.2,calibration,,False,30,130,180,-1,1.0,60,0.0560467847118909,0,40,1.0,2,0,0.25,0.01,0.75,50.0,30.0,0.45,0.2,0.1,0.002,8.0,0.0012529875229330134,0.029635803281741646,0.0,0.024413488464562594,0.05530227926923725
44,220,0.4185587574949717,0.5,-0.3808293774034379,0.0,0.125,0.0,square_moore__markov__plastic__intr0__struct0__alpha_async__baseline__s1__26596943d6,-0.004312444914348,-0.0035908815171672,0.25,False,0.4843377550410752,0.002,0.006,markov,0.68,square_moore,30,70,0.9,0.5177688743008816,0.3,0,0.42,0.08,140,0.4131286311235909,0.3,10,1.5414983170217118,5.554906541821028e-18,0.2,plastic,calibration,,False,alpha_async,30,130,180,1,-1,1.0,0.6,0.6,60,0.1194970706004816,0,0,40,1.0,2,0,0.25,0.01,0.75,50.0,baseline,30.0,0.45,0.2,0.1,0.002,8.0,44,220,0.4222246183656767,-0.3820835336296087,0.0,0.125,0.3016787662026725,square_moore__ql__plastic__intr0__struct0__alpha_async__baseline__s1__40834d1e0c,-0.0097563860682425,0.0038256155937994,0.25,0.505916516155769,0.002,ql,30,70,0.9,0.5157516367175864,0.3,0.42,0.08,140,0.4137609566335047,10,1.5088624914879998,4.6088281980706634e-18,0.2,calibration,,False,30,130,180,-1,1.0,60,0.1216326775697743,0,40,1.0,2,0,0.25,0.01,0.75,50.0,30.0,0.45,0.2,0.1,0.002,8.0,0.003665860870705029,0.021578761114693867,0.0,0.032635825533712026,0.05788044751911092
44,220,0.4143294269455383,0.5,-0.3861162859120703,0.0,0.125,0.0,square_moore__markov__plastic__intr0__struct0__alpha_async__baseline__s1__ba7a63a0f0,-0.0072960723850163,-0.0042690679562271,0.25,False,0.504637714083656,0.002,0.01,markov,0.68,square_moore,30,70,0.9,0.5107397189919249,0.3,0,0.42,0.08,140,0.409138584233146,0.3,10,1.5460277446037811,5.869566262795164e-18,0.2,plastic,calibration,,False,alpha_async,30,130,180,1,-1,1.0,0.6,0.6,60,0.078881596595277,0,0,40,1.0,2,0,0.25,0.01,0.75,50.0,baseline,30.0,0.45,0.2,0.1,0.002,8.0,44,220,0.4126942703407601,-0.401284001069957,0.0,0.125,0.2940794684282162,square_moore__ql__plastic__intr0__struct0__alpha_async__baseline__s1__44594effeb,-0.0001132703769212,-0.0077736853286917,0.25,0.4996210441176981,0.002,ql,30,70,0.9,0.5242334342065174,0.3,0.42,0.08,140,0.4110279038352564,10,1.5576144806994214,6.474082591725223e-18,0.2,calibration,,False,30,130,180,-1,1.0,60,0.1048903398984648,0,40,1.0,2,0,0.25,0.01,0.75,50.0,30.0,0.45,0.2,0.1,0.002,8.0,0.0016351566047781985,0.005016669965957898,0.0,0.011586736095640315,0.018238562666376412
44,220,0.4127440701529683,0.5,-0.3607282951678641,0.0,0.125,0.0,square_moore__markov__plastic__intr0__struct0__alpha_async__baseline__s2__a210322659,-0.0011391417484842,0.0014107422283146,0.25,False,0.544188714582394,0.002,0.016,markov,0.68,square_moore,30,70,0.9,0.4855537098086966,0.3,0,0.42,0.08,140,0.406920558362619,0.3,10,1.501729605333605,3.9144171576153895e-18,0.2,plastic,calibration,,False,alpha_async,30,130,180,2,-1,1.0,0.6,0.6,60,0.0407272371164721,0,0,40,1.0,2,0,0.25,0.01,0.75,50.0,baseline,30.0,0.45,0.2,0.1,0.002,8.0,44,220,0.4050589383324325,-0.374370088007234,0.0,0.125,0.287113880912399,square_moore__ql__plastic__intr0__struct0__alpha_async__baseline__s2__8b971ce9fb,-0.0049697134894545,-0.0129294532309429,0.25,0.5448613859496927,0.002,ql,30,70,0.9,0.4902468660206743,0.3,0.42,0.08,140,0.4037314073330515,10,1.5376378400197006,7.323930767548801e-18,0.2,calibration,,False,30,130,180,-1,1.0,60,0.1165873417323281,0,40,1.0,2,0,0.25,0.01,0.75,50.0,30.0,0.45,0.2,0.1,0.002,8.0,0.007685131820535818,0.0006726713672986495,0.0,0.0359082346860955,0.044266037873929964
44,220,0.4176774208141885,0.5,-0.3724308350933536,0.0,0.125,0.0,square_moore__markov__plastic__intr0__struct0__alpha_async__baseline__s2__23fad26a83,0.0020873845457857,0.0059845733325399,0.25,False,0.5160876760519099,0.002,0.006,markov,0.68,square_moore,30,70,0.9,0.4981482120991323,0.3,0,0.42,0.08,140,0.4108863646608552,0.4,10,1.534546533069148,4.377785122031735e-18,0.2,plastic,calibration,,False,alpha_async,30,130,180,2,-1,1.0,0.6,0.6,60,0.4090492148985051,0,0,40,1.0,2,0,0.25,0.01,0.75,50.0,baseline,30.0,0.45,0.2,0.1,0.002,8.0,44,220,0.4222296600612867,-0.3857240946123049,0.0,0.125,0.3012499523890941,square_moore__ql__plastic__intr0__struct0__alpha_async__baseline__s2__cb7224a0a5,-0.0020607056264146,0.0076452459061548,0.25,0.5076149471091174,0.002,ql,30,70,0.9,0.5163599857329707,0.3,0.42,0.08,140,0.4142115513440848,10,1.512485332264157,4.424398579909489e-18,0.2,calibration,,False,30,130,180,-1,1.0,60,0.0612932423551221,0,40,1.0,2,0,0.25,0.01,0.75,50.0,30.0,0.45,0.2,0.1,0.002,8.0,0.004552239247098189,0.008472728942792496,0.0,0.022061200804990966,0.03508616899488165
44,220,0.4126851027685251,0.5,-0.402322097949801,0.0,0.125,0.0,square_moore__markov__plastic__intr0__struct0__alpha_async__baseline__s2__1dd6397892,0.002960769786654,-0.0009899882484326,0.25,False,0.4731337577380738,0.002,0.01,markov,0.68,square_moore,30,70,0.9,0.528843040014063,0.3,0,0.42,0.08,140,0.4095946035609021,0.4,10,1.5644512654149367,4.935928380979781e-18,0.2,plastic,calibration,,False,alpha_async,30,130,180,2,-1,1.0,0.6,0.6,60,0.1294350205860282,0,0,40,1.0,2,0,0.25,0.01,0.75,50.0,baseline,30.0,0.45,0.2,0.1,0.002,8.0,44,220,0.4153185850120429,-0.3936189556812859,0.0,0.125,0.2949626929167226,square_moore__ql__plastic__intr0__struct0__alpha_async__baseline__s2__553659c881,0.0023247510463099,0.0110444733287716,0.25,0.5105180082262508,0.002,ql,30,70,0.9,0.5165756744265926,0.3,0.42,0.08,140,0.4115968909468133,10,1.5413556284557637,5.1709526344671466e-18,0.2,calibration,,False,30,130,180,-1,1.0,60,0.0757172476319499,0,40,1.0,2,0,0.25,0.01,0.75,50.0,30.0,0.45,0.2,0.1,0.002,8.0,0.002633482243517782,0.03738425048817701,0.0,0.02309563695917305,0.06311336969086784
44,220,0.4136584048190628,0.5,-0.3610611964131595,0.0,0.125,0.0,square_moore__markov__plastic__intr0__struct0__alpha_async__baseline__s1__6cec31967d,-0.006888747666345,-0.0071090970973973,0.25,False,0.5576838018992933,0.002,0.016,markov,0.68,square_moore,30,70,0.9,0.4788397827859068,0.3,0,0.42,0.08,140,0.4065403214757406,0.4,10,1.4869437172529023,4.484931590055492e-18,0.2,plastic,calibration,,False,alpha_async,30,130,180,1,-1,1.0,0.6,0.6,60,0.0622457007543965,0,0,40,1.0,2,0,0.25,0.01,0.75,50.0,baseline,30.0,0.45,0.2,0.1,0.002,8.0,44,220,0.4082647558364687,-0.3723653277855438,0.0,0.125,0.2874468570413611,square_moore__ql__plastic__intr0__struct0__alpha_async__baseline__s1__7d8d12f304,-0.0063321720851622,0.0001118903719283,0.25,0.5687976697263083,0.002,ql,30,70,0.9,0.4786258316478731,0.3,0.42,0.08,140,0.4032636874317896,10,1.5058420272065107,4.701722800975776e-18,0.2,calibration,,False,30,130,180,-1,1.0,60,0.0340886957196146,0,40,1.0,2,0,0.25,0.01,0.75,50.0,30.0,0.45,0.2,0.1,0.002,8.0,0.00539364898259409,0.011113867827014956,0.0,0.018898309953608416,0.03540582676321746
44,220,0.2827235672162118,0.5,0.1225680565660953,0.0,0.125,0.0,square_moore__markov__plastic__intr0__struct0__alpha_async__lesion__s2__d4e948f3e4,0.1117825014344827,0.1118262084445424,0.25,False,0.4063159247866446,0.002,0.006,markov,0.58,square_moore,30,70,0.9,0.3055709194502581,0.3,0,0.42,0.08,140,0.2199425604025719,0.2,10,1.5295094301101786,7.880086529883279e-18,0.2,plastic,calibration,0.0752500624296857,False,alpha_async,30,130,180,2,-1,1.0,0.6,0.6,60,0.0628580366506657,0,0,40,1.0,2,0,0.25,0.01,0.75,50.0,lesion,30.0,0.45,0.2,0.1,0.002,8.0,44,220,0.4052088804368847,-0.300115509114415,0.0,0.125,0.3291958485443846,square_moore__ql__plastic__intr0__struct0__alpha_async__lesion__s2__0f713e9089,0.0118882791602953,0.0150428652477431,0.25,0.6239366901326684,0.002,ql,30,70,0.9,0.4245701788217186,0.3,0.42,0.08,140,0.3307352342505358,10,1.4284454677232383,6.298446239739086e-18,0.2,calibration,-0.0035234257773413,False,30,130,180,-1,1.0,60,0.1250585472424058,0,40,1.0,2,0,0.25,0.01,0.75,50.0,30.0,0.45,0.2,0.1,0.002,8.0,0.12248531322067291,0.21762076534602381,0.078773488207027,0.10106396238694026,0.519943529160664
44,220,0.2672408556695306,0.5,0.1296449323291761,0.0,0.125,0.0,square_moore__markov__plastic__intr0__struct0__alpha_async__lesion__s2__06a6f0cc05,0.1175778701583145,0.1133409598287676,0.25,False,0.3621801791248805,0.002,0.01,markov,0.58,square_moore,30,70,0.9,0.3004372905517092,0.3,0,0.42,0.08,140,0.2117558142426253,0.2,10,1.5069265572498929,5.5708317139297996e-18,0.2,plastic,calibration,0.0883543541469235,False,alpha_async,30,130,180,2,-1,1.0,0.6,0.6,60,0.0924477513156743,0,0,40,1.0,2,0,0.25,0.01,0.75,50.0,lesion,30.0,0.45,0.2,0.1,0.002,8.0,44,220,0.402685240484991,-0.3064590553201059,0.0,0.125,0.3274971572970127,square_moore__ql__plastic__intr0__struct0__alpha_async__lesion__s2__3ee9c2ccc8,0.0193565639252571,0.0065628077191604,0.25,0.6053927218813061,0.002,ql,30,70,0.9,0.433179012229972,0.3,0.42,0.08,140,0.331388218504531,10,1.4696634073365993,4.204414044824905e-18,0.2,calibration,0.0114319323237134,False,30,130,180,-1,1.0,60,0.1778612130686101,0,40,1.0,2,0,0.25,0.01,0.75,50.0,30.0,0.45,0.2,0.1,0.002,8.0,0.1354443848154604,0.24321254275642562,0.0769224218232101,0.0372631499132936,0.49284249930838975
44,220,0.2754684461062552,0.5,0.0954034449614654,0.0,0.125,0.0,square_moore__markov__plastic__intr0__struct0__alpha_async__lesion__s1__02b150fb71,0.1069437548762782,0.1060720161151096,0.25,False,0.3703347231445139,0.002,0.016,markov,0.58,square_moore,30,70,0.9,0.3151607470765211,0.3,0,0.42,0.08,140,0.2157379951787021,0.2,10,1.5135966972610329,7.815751439867325e-18,0.2,plastic,calibration,0.077951228790994,False,alpha_async,30,130,180,1,-1,1.0,0.6,0.6,60,0.0653191257457949,0,0,40,1.0,2,0,0.25,0.01,0.75,50.0,lesion,30.0,0.45,0.2,0.1,0.002,8.0,44,220,0.4035242427322291,-0.3302494216117851,0.0,0.125,0.3175418001369809,square_moore__ql__plastic__intr0__struct0__alpha_async__lesion__s1__7a0ef19f33,0.0108670494578998,0.0107243641192929,0.25,0.58503505831338,0.002,ql,30,70,0.9,0.4509033275378465,0.3,0.42,0.08,140,0.3317724018560894,10,1.5065169258915596,7.504248788536691e-18,0.2,calibration,-0.0024431608527571,False,30,130,180,-1,1.0,60,0.1440490456296522,0,40,1.0,2,0,0.25,0.01,0.75,50.0,30.0,0.45,0.2,0.1,0.002,8.0,0.12805579662597388,0.2147003351688661,0.0803943896437511,0.007079771369473242,0.43023029280806435
44,220,0.2798855847225844,0.5,0.1217201280504645,0.0,0.125,0.0,square_moore__markov__plastic__intr0__struct0__alpha_async__lesion__s1__9b7537c08a,0.123887038084686,0.1103250642847668,0.25,False,0.4088871692395509,0.002,0.006,markov,0.58,square_moore,30,70,0.9,0.3034869590687021,0.3,0,0.42,0.08,140,0.220405889292291,0.3,10,1.5280621181355354,8.870294779548665e-18,0.2,plastic,calibration,0.0863528331061285,False,alpha_async,30,130,180,1,-1,1.0,0.6,0.6,60,0.0856594175203299,0,0,40,1.0,2,0,0.25,0.01,0.75,50.0,lesion,30.0,0.45,0.2,0.1,0.002,8.0,44,220,0.4049313466647683,-0.2844844779255027,0.0,0.125,0.3294418505844745,square_moore__ql__plastic__intr0__struct0__alpha_async__lesion__s1__98388cc929,0.0107160807449688,0.0073074359970464,0.25,0.6297991571656236,0.002,ql,30,70,0.9,0.4158052695596559,0.3,0.42,0.08,140,0.3282167799129619,10,1.4166162058908365,6.2923886553873305e-18,0.2,calibration,0.0026155220138458,False,30,130,180,-1,1.0,60,0.0765135210292912,0,40,1.0,2,0,0.25,0.01,0.75,50.0,30.0,0.45,0.2,0.1,0.002,8.0,0.12504576194218392,0.22091198792607275,0.0837373110922827,0.11144591224469891,0.5411409732052384
44,220,0.2674057930226484,0.5,0.1154448706810548,0.0,0.125,0.0,square_moore__markov__plastic__intr0__struct0__alpha_async__lesion__s2__f5854400d5,0.1209073957571406,0.1133031299480733,0.25,False,0.3600227060132364,0.002,0.01,markov,0.58,square_moore,30,70,0.9,0.3060230301545731,0.3,0,0.42,0.08,140,0.2109631954502641,0.3,10,1.5029618336111832,7.156595828043109e-18,0.2,plastic,calibration,0.0862986523668317,False,alpha_async,30,130,180,2,-1,1.0,0.6,0.6,60,0.0779621815262147,0,0,40,1.0,2,0,0.25,0.01,0.75,50.0,lesion,30.0,0.45,0.2,0.1,0.002,8.0,44,220,0.4014815587799683,-0.2965256239473315,0.0,0.125,0.327239574731945,square_moore__ql__plastic__intr0__struct0__alpha_async__lesion__s2__d7c33370e9,0.0110419190434454,0.0101388658648512,0.25,0.600821584745663,0.002,ql,30,70,0.9,0.4331464513666057,0.3,0.42,0.08,140,0.3287572706626261,10,1.4620747257133098,6.2298779140652095e-18,0.2,calibration,0.0078190187224131,False,30,130,180,-1,1.0,60,0.0950631320768063,0,40,1.0,2,0,0.25,0.01,0.75,50.0,30.0,0.45,0.2,0.1,0.002,8.0,0.1340757657573199,0.24079887873242667,0.0784796336444186,0.04088710789787342,0.4942413860320386
44,220,0.2595215044119655,0.5,0.1265389051915266,0.0,0.125,0.0,square_moore__markov__plastic__intr0__struct0__alpha_async__lesion__s2__ea6aaae790,0.1186286267921788,0.1371354624449129,0.25,False,0.3523730461356174,0.002,0.016,markov,0.58,square_moore,30,70,0.9,0.2977040183883507,0.3,0,0.42,0.08,140,0.2047662234044573,0.3,10,1.479082321542509,5.816938841689963e-18,0.2,plastic,calibration,0.0746078141603397,False,alpha_async,30,130,180,2,-1,1.0,0.6,0.6,60,0.0827521072566538,0,0,40,1.0,2,0,0.25,0.01,0.75,50.0,lesion,30.0,0.45,0.2,0.1,0.002,8.0,44,220,0.4012703072554609,-0.3256754437061052,0.0,0.125,0.3199605495623236,square_moore__ql__plastic__intr0__struct0__alpha_async__lesion__s2__4e5342df9a,0.0131617584150856,0.0048384269489432,0.25,0.5737058289899659,0.002,ql,30,70,0.9,0.4552673130137949,0.3,0.42,0.08,140,0.3286002354882582,10,1.5189078083144834,5.599287236010784e-18,0.2,calibration,0.0020490087594201,False,30,130,180,-1,1.0,60,0.1876919018637072,0,40,1.0,2,0,0.25,0.01,0.75,50.0,30.0,0.45,0.2,0.1,0.002,8.0,0.14174880284349545,0.22133278285434854,0.0725588054009196,0.03982548677197428,0.47546587787073785
44,220,0.264642342760438,0.5,0.1668284745963323,0.0,0.125,0.0,square_moore__markov__plastic__intr0__struct0__alpha_async__lesion__s1__267092ccb0,0.138196858535689,0.1193272700290791,0.25,False,0.3863912489371371,0.002,0.006,markov,0.58,square_moore,30,70,0.9,0.2821746078997054,0.3,0,0.42,0.08,140,0.2096708281678324,0.4,10,1.5069227727376096,9.37378421713649e-18,0.2,plastic,calibration,0.0925836944882949,False,alpha_async,30,130,180,1,-1,1.0,0.6,0.6,60,0.0862657566525915,0,0,40,1.0,2,0,0.25,0.01,0.75,50.0,lesion,30.0,0.45,0.2,0.1,0.002,8.0,44,220,0.3957218559943743,-0.2674642621890105,0.0,0.125,0.3349980713921637,square_moore__ql__plastic__intr0__struct0__alpha_async__lesion__s1__8dc68fac52,0.0300196324729604,0.0226366665513976,0.25,0.6280083677630437,0.002,ql,30,70,0.9,0.4076481098375318,0.3,0.42,0.08,140,0.3239556007700065,10,1.453906375258587,5.807750207193422e-18,0.2,calibration,0.0193596190043241,False,30,130,180,-1,1.0,60,0.0869704462164333,0,40,1.0,2,0,0.25,0.01,0.75,50.0,30.0,0.45,0.2,0.1,0.002,8.0,0.1310795132339363,0.24161711882590658,0.0732240754839708,0.05301639747902254,0.4989371050228362
44,220,0.2596905826659392,0.5,0.1471457333914178,0.0,0.125,0.0,square_moore__markov__plastic__intr0__struct0__alpha_async__lesion__s2__4d97f42ae3,0.1208571832715439,0.107607903370967,0.25,False,0.3617114972072899,0.002,0.01,markov,0.58,square_moore,30,70,0.9,0.2899961745983742,0.3,0,0.42,0.08,140,0.2063379491548402,0.4,10,1.4917758587061851,7.366412852044527e-18,0.2,plastic,calibration,0.0807546270036339,False,alpha_async,30,130,180,2,-1,1.0,0.6,0.6,60,0.0750273372970218,0,0,40,1.0,2,0,0.25,0.01,0.75,50.0,lesion,30.0,0.45,0.2,0.1,0.002,8.0,44,220,0.4025881366993098,-0.2956792791537252,0.0,0.125,0.325472942805508,square_moore__ql__plastic__intr0__struct0__alpha_async__lesion__s2__e3b72b73be,0.0138476075350685,0.0085088039695855,0.25,0.6015824561030657,0.002,ql,30,70,0.9,0.4335148709402283,0.3,0.42,0.08,140,0.3280934196376784,10,1.4647582133724757,5.564634156243423e-18,0.2,calibration,0.0017458601098238,False,30,130,180,-1,1.0,60,0.0378759490617142,0,40,1.0,2,0,0.25,0.01,0.75,50.0,30.0,0.45,0.2,0.1,0.002,8.0,0.14289755403337062,0.2398709588957758,0.07900876689381009,0.027017645333709428,0.48879492515666595
44,220,0.2574092954658927,0.5,0.1238185745284504,0.0,0.125,0.0,square_moore__markov__plastic__intr0__struct0__alpha_async__lesion__s2__1b780be786,0.1267686417896765,0.1217789888483975,0.25,False,0.3433621962382004,0.002,0.016,markov,0.58,square_moore,30,70,0.9,0.2984388350687881,0.3,0,0.42,0.08,140,0.2055749415297746,0.4,10,1.4829961549511763,7.253421292735923e-18,0.2,plastic,calibration,0.074102932463164,False,alpha_async,30,130,180,2,-1,1.0,0.6,0.6,60,0.0911402476616048,0,0,40,1.0,2,0,0.25,0.01,0.75,50.0,lesion,30.0,0.45,0.2,0.1,0.002,8.0,44,220,0.3975755682570209,-0.3188672847741868,0.0,0.125,0.3229416876068627,square_moore__ql__plastic__intr0__struct0__alpha_async__lesion__s2__378f8b35b1,0.0122958356686568,0.0077232876275444,0.25,0.5738518283837913,0.002,ql,30,70,0.9,0.4519197933390955,0.3,0.42,0.08,140,0.3275770308461078,10,1.5223479543849547,7.506551704938966e-18,0.2,calibration,0.0068643197341506,False,30,130,180,-1,1.0,60,0.0823257368865305,0,40,1.0,2,0,0.25,0.01,0.75,50.0,30.0,0.45,0.2,0.1,0.002,8.0,0.1401662727911282,0.23048963214559093,0.06723861272901341,0.03935179943377842,0.47724631709951093
44,220,0.2980915057307962,0.5,0.0831310853875335,0.0,0.125,0.0,square_moore__markov__plastic__intr0__struct0__alpha_async__lesion__s2__5328eaa1b4,0.1054212932838642,0.0952186232298345,0.25,False,0.4269140520073424,0.002,0.006,markov,0.62,square_moore,30,70,0.9,0.3242901351780548,0.3,0,0.42,0.08,140,0.2307179440045894,0.2,10,1.5459791396424238,6.541142966301879e-18,0.2,plastic,calibration,0.0729615864790712,False,alpha_async,30,130,180,2,-1,1.0,0.6,0.6,60,0.0610850066841786,0,0,40,1.0,2,0,0.25,0.01,0.75,50.0,lesion,30.0,0.45,0.2,0.1,0.002,8.0,44,220,0.4106931350486906,-0.3193273666737878,0.0,0.125,0.3227434790219928,square_moore__ql__plastic__intr0__struct0__alpha_async__lesion__s2__1bda7a55d7,0.0046807728067142,0.0041495135030637,0.25,0.6144715606293256,0.002,ql,30,70,0.9,0.4397340056602391,0.3,0.42,0.08,140,0.3355226048457952,10,1.438361597894963,5.372627844581748e-18,0.2,calibration,-0.0032421957481405,False,30,130,180,-1,1.0,60,0.0455070546664228,0,40,1.0,2,0,0.25,0.01,0.75,50.0,30.0,0.45,0.2,0.1,0.002,8.0,0.11260162931789441,0.18755750862198323,0.07620378222721169,0.10761754174746074,0.4839804619145501
44,220,0.3055599386840496,0.5,0.0304601523567016,0.0,0.125,0.0,square_moore__markov__plastic__intr0__struct0__alpha_async__lesion__s2__d44089f2dc,0.0919811191797943,0.085938131385702,0.25,False,0.4053645657811512,0.002,0.01,markov,0.62,square_moore,30,70,0.9,0.3479971084685256,0.3,0,0.42,0.08,140,0.2346785998920048,0.2,10,1.5557388151584366,6.664755104215718e-18,0.2,plastic,calibration,0.0662397652561268,False,alpha_async,30,130,180,2,-1,1.0,0.6,0.6,60,0.0547036555656886,0,0,40,1.0,2,0,0.25,0.01,0.75,50.0,lesion,30.0,0.45,0.2,0.1,0.002,8.0,44,220,0.4139786600729466,-0.3318180695672382,0.0,0.125,0.3162844244368758,square_moore__ql__plastic__intr0__struct0__alpha_async__lesion__s2__c37e64bb3a,0.0133332876199823,0.0007173396663017,0.25,0.5873730875479641,0.002,ql,30,70,0.9,0.4551043481129892,0.3,0.42,0.08,140,0.3378767348227999,10,1.4603507902291588,6.082252319759653e-18,0.2,calibration,-0.0020669203568009,False,30,130,180,-1,1.0,60,0.0570085148115046,0,40,1.0,2,0,0.25,0.01,0.75,50.0,30.0,0.45,0.2,0.1,0.002,8.0,0.10841872138889697,0.18200852176681293,0.0683066856129277,0.09538802492927778,0.45412195369791536
44,220,0.2880089180454662,0.5,0.0701545701527972,0.0,0.125,0.0,square_moore__markov__plastic__intr0__struct0__alpha_async__lesion__s1__5764946fbb,0.1025940382705295,0.0929813607735612,0.25,False,0.390729430339376,0.002,0.016,markov,0.62,square_moore,30,70,0.9,0.3279407834451922,0.3,0,0.42,0.08,140,0.2241431434870704,0.2,10,1.5315693017503622,5.292532801420845e-18,0.2,plastic,calibration,0.0644533650876449,False,alpha_async,30,130,180,1,-1,1.0,0.6,0.6,60,0.0728195674919726,0,0,40,1.0,2,0,0.25,0.01,0.75,50.0,lesion,30.0,0.45,0.2,0.1,0.002,8.0,44,220,0.4085384987443108,-0.3462768520814813,0.0,0.125,0.3115045544710989,square_moore__ql__plastic__intr0__struct0__alpha_async__lesion__s1__e65ff45e08,0.0052618161967913,-0.0015463335036221,0.25,0.5812930789844166,0.002,ql,30,70,0.9,0.4620524058571665,0.3,0.42,0.08,140,0.338961746216869,10,1.5004441456530362,8.01896362068211e-18,0.2,calibration,-0.005844804615533,False,30,130,180,-1,1.0,60,0.1024259921571404,0,40,1.0,2,0,0.25,0.01,0.75,50.0,30.0,0.45,0.2,0.1,0.002,8.0,0.12052958069884462,0.1905636486450406,0.0702981697031779,0.031125156097326023,0.4125165551443891
44,220,0.2914039387577685,0.5,0.1044319876477746,0.0,0.125,0.0,square_moore__markov__plastic__intr0__struct0__alpha_async__lesion__s1__642517bd29,0.1101100258253668,0.0965701084339281,0.25,False,0.4249243444933754,0.002,0.006,markov,0.62,square_moore,30,70,0.9,0.3131447703641671,0.3,0,0.42,0.08,140,0.2282792176722723,0.3,10,1.5384910231024185,6.962254472372526e-18,0.2,plastic,calibration,0.0863980062273636,False,alpha_async,30,130,180,1,-1,1.0,0.6,0.6,60,0.0807267672912886,0,0,40,1.0,2,0,0.25,0.01,0.75,50.0,lesion,30.0,0.45,0.2,0.1,0.002,8.0,44,220,0.4083293948195785,-0.3092252625525468,0.0,0.125,0.3245092429168995,square_moore__ql__plastic__intr0__struct0__alpha_async__lesion__s1__862ca8a04b,0.0139739926999426,-0.0018695860497225,0.25,0.6271353688179122,0.002,ql,30,70,0.9,0.427274832651393,0.3,0.42,0.08,140,0.3355127965403963,10,1.424019325048096,6.431129784526317e-18,0.2,calibration,0.0193327362743557,False,30,130,180,-1,1.0,60,0.0975389834248011,0,40,1.0,2,0,0.25,0.01,0.75,50.0,30.0,0.45,0.2,0.1,0.002,8.0,0.11692545606180998,0.2022110243245368,0.0670652699530079,0.11447169805432256,0.5006734483936772
44,220,0.2940479410016311,0.5,0.0565488511831526,0.0,0.125,0.0,square_moore__markov__plastic__intr0__struct0__alpha_async__lesion__s1__05799eb410,0.1097196900153637,0.1057029422946572,0.25,False,0.4040636570069696,0.002,0.01,markov,0.62,square_moore,30,70,0.9,0.3327701922498615,0.3,0,0.42,0.08,140,0.2299595023974212,0.3,10,1.5410962681913627,6.24995399591217e-18,0.2,plastic,calibration,0.0827562483974719,False,alpha_async,30,130,180,1,-1,1.0,0.6,0.6,60,0.0877926850357943,0,0,40,1.0,2,0,0.25,0.01,0.75,50.0,lesion,30.0,0.45,0.2,0.1,0.002,8.0,44,220,0.406516774026356,-0.3164878171782699,0.0,0.125,0.3211946344344815,square_moore__ql__plastic__intr0__struct0__alpha_async__lesion__s1__b74bd4ee0a,0.0190629057434556,0.0058539118719052,0.25,0.6031261243539914,0.002,ql,30,70,0.9,0.4398456537858827,0.3,0.42,0.08,140,0.3357414746131765,10,1.4530208399583713,6.2253450762471504e-18,0.2,calibration,0.0172608397861386,False,30,130,180,-1,1.0,60,0.1052162362372277,0,40,1.0,2,0,0.25,0.01,0.75,50.0,30.0,0.45,0.2,0.1,0.002,8.0,0.11246883302472488,0.19906246734702177,0.0654954086113333,0.08807542823299142,0.46510213721607135
44,220,0.2873484837917234,0.5,0.0741622534085214,0.0,0.125,0.0,square_moore__markov__plastic__intr0__struct0__alpha_async__lesion__s1__6b6620928a,0.1000096837485832,0.0951254617674884,0.25,False,0.3967066988430776,0.002,0.016,markov,0.62,square_moore,30,70,0.9,0.3244944764182028,0.3,0,0.42,0.08,140,0.2230057568849331,0.3,10,1.530617512949668,5.465699603721371e-18,0.2,plastic,calibration,0.0631371602466468,False,alpha_async,30,130,180,1,-1,1.0,0.6,0.6,60,0.0799478111540765,0,0,40,1.0,2,0,0.25,0.01,0.75,50.0,lesion,30.0,0.45,0.2,0.1,0.002,8.0,44,220,0.4060591665623288,-0.3242754297311735,0.0,0.125,0.3180720018582217,square_moore__ql__plastic__intr0__struct0__alpha_async__lesion__s1__e58854b580,0.0178059177118684,-0.0001293681355717,0.25,0.5980690577621611,0.002,ql,30,70,0.9,0.4449742427133117,0.3,0.42,0.08,140,0.3340973968440068,10,1.487284828102747,7.079952772812667e-18,0.2,calibration,0.0119667527335688,False,30,130,180,-1,1.0,60,0.1128391933900775,0,40,1.0,2,0,0.25,0.01,0.75,50.0,30.0,0.45,0.2,0.1,0.002,8.0,0.11871068277060542,0.20136235891908355,0.051170407513078,0.04333268484692088,0.41457613404968785
44,220,0.285254590770104,0.5,0.1197967178214357,0.0,0.125,0.0,square_moore__markov__plastic__intr0__struct0__alpha_async__lesion__s1__8769d1b7eb,0.1149862582667219,0.0995776197976203,0.25,False,0.4159268396981898,0.002,0.006,markov,0.62,square_moore,30,70,0.9,0.3065321260734726,0.3,0,0.42,0.08,140,0.2239959955196196,0.4,10,1.5305361984725256,5.1512832121288084e-18,0.2,plastic,calibration,0.0860144715148118,False,alpha_async,30,130,180,1,-1,1.0,0.6,0.6,60,0.0858637914891872,0,0,40,1.0,2,0,0.25,0.01,0.75,50.0,lesion,30.0,0.45,0.2,0.1,0.002,8.0,44,220,0.4057667550652938,-0.2925271324248436,0.0,0.125,0.3279468057250465,square_moore__ql__plastic__intr0__struct0__alpha_async__lesion__s1__f8d3591ca8,0.0209886815977798,0.0016704751284963,0.25,0.6304093688584331,0.002,ql,30,70,0.9,0.4184749266692057,0.3,0.42,0.08,140,0.3323562480520879,10,1.4084273541390877,5.7145718920868875e-18,0.2,calibration,0.0196296764210981,False,30,130,180,-1,1.0,60,0.0874108179558588,0,40,1.0,2,0,0.25,0.01,0.75,50.0,30.0,0.45,0.2,0.1,0.002,8.0,0.1205121642951898,0.21448252916024335,0.0663847950937137,0.12210884433343794,0.5234883328825848
44,220,0.2878555061956462,0.5,0.0871345706778258,0.0,0.125,0.0,square_moore__markov__plastic__intr0__struct0__alpha_async__lesion__s1__aecb158f59,0.11135292985401,0.0955869310016756,0.25,False,0.4049529603337863,0.002,0.01,markov,0.62,square_moore,30,70,0.9,0.3195004421505107,0.3,0,0.42,0.08,140,0.2259237635836158,0.4,10,1.5295533474417589,8.054450812034341e-18,0.2,plastic,calibration,0.0877256248129109,False,alpha_async,30,130,180,1,-1,1.0,0.6,0.6,60,0.092295825864824,0,0,40,1.0,2,0,0.25,0.01,0.75,50.0,lesion,30.0,0.45,0.2,0.1,0.002,8.0,44,220,0.4048839894273253,-0.3160150325024195,0.0,0.125,0.3228717755895202,square_moore__ql__plastic__intr0__struct0__alpha_async__lesion__s1__e8e662a412,0.0249611138635016,0.0049628603964968,0.25,0.6028518410559649,0.002,ql,30,70,0.9,0.4393509551006174,0.3,0.42,0.08,140,0.3337246496865317,10,1.4750589427157488,5.322881124947432e-18,0.2,calibration,0.0270971257007104,False,30,130,180,-1,1.0,60,0.1177367116784466,0,40,1.0,2,0,0.25,0.01,0.75,50.0,30.0,0.45,0.2,0.1,0.002,8.0,0.11702848323167908,0.1978988807221786,0.060628499112200494,0.05449440472601008,0.43005026779206823
44,220,0.2716665574982088,0.5,0.0924917988897516,0.0,0.125,0.0,square_moore__markov__plastic__intr0__struct0__alpha_async__lesion__s1__0c4fdc6a21,0.1127253449678871,0.1186661727299326,0.25,False,0.3655609567608623,0.002,0.016,markov,0.62,square_moore,30,70,0.9,0.3140372949725789,0.3,0,0.42,0.08,140,0.2144301173797152,0.4,10,1.5036420419509562,6.533037713912005e-18,0.2,plastic,calibration,0.0744347288170898,False,alpha_async,30,130,180,1,-1,1.0,0.6,0.6,60,0.0753504289536288,0,0,40,1.0,2,0,0.25,0.01,0.75,50.0,lesion,30.0,0.45,0.2,0.1,0.002,8.0,44,220,0.4064320641175973,-0.3378599631415881,0.0,0.125,0.3162886982928266,square_moore__ql__plastic__intr0__struct0__alpha_async__lesion__s1__422cd6a5cf,0.0107402262879238,0.0027153398036076,0.25,0.5963781044852522,0.002,ql,30,70,0.9,0.4503271634789639,0.3,0.42,0.08,140,0.3340487828532743,10,1.4783440674252124,7.642418628389665e-18,0.2,calibration,0.0071168364161098,False,30,130,180,-1,1.0,60,0.1284526431918122,0,40,1.0,2,0,0.25,0.01,0.75,50.0,30.0,0.45,0.2,0.1,0.002,8.0,0.13476550661938852,0.23081714772438988,0.06731789240098,0.025297974525743783,0.4581985212705022
44,220,0.3238689473991018,0.5,0.0414102463634541,0.0,0.125,0.0,square_moore__markov__plastic__intr0__struct0__alpha_async__lesion__s2__66f826ca48,0.0917296773350446,0.0723142545892174,0.25,False,0.4716935651042376,0.002,0.006,markov,0.68,square_moore,30,70,0.9,0.3434439304643272,0.3,0,0.42,0.08,140,0.2478530109608825,0.2,10,1.5482608593675915,7.019079656740531e-18,0.2,plastic,calibration,0.057190880491479,False,alpha_async,30,130,180,2,-1,1.0,0.6,0.6,60,0.0996391878376224,0,0,40,1.0,2,0,0.25,0.01,0.75,50.0,lesion,30.0,0.45,0.2,0.1,0.002,8.0,44,220,0.4126958478255804,-0.3237263792959713,0.0,0.125,0.3129830073626714,square_moore__ql__plastic__intr0__struct0__alpha_async__lesion__s2__58c067b707,0.0153108329009492,-0.0057110087112108,0.25,0.6058618061517191,0.002,ql,30,70,0.9,0.4463442212550242,0.3,0.42,0.08,140,0.3457973007453018,10,1.4125401547647298,6.967970577323459e-18,0.2,calibration,0.0235073348485699,False,30,130,180,-1,1.0,60,0.0568197937372316,0,40,1.0,2,0,0.25,0.01,0.75,50.0,30.0,0.45,0.2,0.1,0.002,8.0,0.08882690042647856,0.13416824104748154,0.0336835456429091,0.13572070460286167,0.3923993917197309
44,220,0.3286695293639218,0.5,-0.0025006074235994,0.0,0.125,0.0,square_moore__markov__plastic__intr0__struct0__alpha_async__lesion__s1__6c70675861,0.0787043750757365,0.0764953354742788,0.25,False,0.4460280137913017,0.002,0.01,markov,0.68,square_moore,30,70,0.9,0.364514374914012,0.3,0,0.42,0.08,140,0.2513387073037597,0.2,10,1.5635424431142506,7.338834077429046e-18,0.2,plastic,calibration,0.0512993765458999,False,alpha_async,30,130,180,1,-1,1.0,0.6,0.6,60,0.0774777480557026,0,0,40,1.0,2,0,0.25,0.01,0.75,50.0,lesion,30.0,0.45,0.2,0.1,0.002,8.0,44,220,0.4157619058637463,-0.339700676744713,0.0,0.125,0.3125086337429207,square_moore__ql__plastic__intr0__struct0__alpha_async__lesion__s1__fac0309ecc,0.0020419952091923,0.0066430251965873,0.25,0.5728855170750546,0.002,ql,30,70,0.9,0.4685079012773114,0.3,0.42,0.08,140,0.3462422393817201,10,1.4526940888470654,3.781682941413376e-18,0.2,calibration,-0.0024939852132724,False,30,130,180,-1,1.0,60,0.0346256346609626,0,40,1.0,2,0,0.25,0.01,0.75,50.0,30.0,0.45,0.2,0.1,0.002,8.0,0.08709237649982449,0.12685750328375295,0.0537933617591723,0.1108483542671852,0.37859159580993496
44,220,0.3151061847055121,0.5,0.0014554370827058,0.0,0.125,0.0,square_moore__markov__plastic__intr0__struct0__alpha_async__lesion__s1__087f2ddcd1,0.0819887025804523,0.0688027774819143,0.25,False,0.4178903598674799,0.002,0.016,markov,0.68,square_moore,30,70,0.9,0.3634973893393846,0.3,0,0.42,0.08,140,0.2410509331134936,0.2,10,1.556019035775634,5.4195209401678186e-18,0.2,plastic,calibration,0.0315312351766943,False,alpha_async,30,130,180,1,-1,1.0,0.6,0.6,60,0.0418912675174333,0,0,40,1.0,2,0,0.25,0.01,0.75,50.0,lesion,30.0,0.45,0.2,0.1,0.002,8.0,44,220,0.4163942073041637,-0.364267520154108,0.0,0.125,0.3049202945077951,square_moore__ql__plastic__intr0__struct0__alpha_async__lesion__s1__5211f57157,0.0033919037606614,0.0001878403074194,0.25,0.5597772584937936,0.002,ql,30,70,0.9,0.4830249335046291,0.3,0.42,0.08,140,0.3461090598023311,10,1.4889424662043975,5.6064495146797764e-18,0.2,calibration,0.010629870217013,False,30,130,180,-1,1.0,60,0.0629443437150119,0,40,1.0,2,0,0.25,0.01,0.75,50.0,30.0,0.45,0.2,0.1,0.002,8.0,0.1012880225986516,0.14188689862631365,0.020901364959681305,0.06707656957123653,0.3311528557558831
44,220,0.3240914126166617,0.5,0.0185879950767077,0.0,0.125,0.0,square_moore__markov__plastic__intr0__struct0__alpha_async__lesion__s1__2581380943,0.0808885755582744,0.0760994670875112,0.25,False,0.4644927453998085,0.002,0.006,markov,0.68,square_moore,30,70,0.9,0.3532963323265365,0.3,0,0.42,0.08,140,0.2495362553055517,0.3,10,1.5575130537983544,6.47605293516474e-18,0.2,plastic,calibration,0.0674442458826066,False,alpha_async,30,130,180,1,-1,1.0,0.6,0.6,60,0.0645543114607681,0,0,40,1.0,2,0,0.25,0.01,0.75,50.0,lesion,30.0,0.45,0.2,0.1,0.002,8.0,44,220,0.413506775125209,-0.3289782248891604,0.0,0.125,0.316536042217652,square_moore__ql__plastic__intr0__struct0__alpha_async__lesion__s1__ebb247ec22,0.0242045443355877,0.0016102865552138,0.25,0.606021733122718,0.002,ql,30,70,0.9,0.448318723280505,0.3,0.42,0.08,140,0.3442109338376286,10,1.419031636171547,6.35333248906214e-18,0.2,calibration,0.0205365879637883,False,30,130,180,-1,1.0,60,0.0415849892659855,0,40,1.0,2,0,0.25,0.01,0.75,50.0,30.0,0.45,0.2,0.1,0.002,8.0,0.08941536250854731,0.1415289877229095,0.0469076579188183,0.13848141762680743,0.41633342577708254
44,220,0.3180256111935036,0.5,0.0441604353707245,0.0,0.125,0.0,square_moore__markov__plastic__intr0__struct0__alpha_async__lesion__s1__19b1c86217,0.0896369623734259,0.0871786586130314,0.25,False,0.4544398417430899,0.002,0.01,markov,0.68,square_moore,30,70,0.9,0.3421362008092586,0.3,0,0.42,0.08,140,0.2422173633739725,0.3,10,1.5555080396382404,6.518570721829427e-18,0.2,plastic,calibration,0.0672374487215528,False,alpha_async,30,130,180,1,-1,1.0,0.6,0.6,60,0.0627042013503641,0,0,40,1.0,2,0,0.25,0.01,0.75,50.0,lesion,30.0,0.45,0.2,0.1,0.002,8.0,44,220,0.4129251151675819,-0.3310541844115547,0.0,0.125,0.313056326047357,square_moore__ql__plastic__intr0__struct0__alpha_async__lesion__s1__ab9f895b8e,0.0237248295723806,-0.0026153424432203,0.25,0.5897953718538862,0.002,ql,30,70,0.9,0.4546370347356857,0.3,0.42,0.08,140,0.3434403703610059,10,1.4494540835525394,5.265008526985668e-18,0.2,calibration,0.0128162636882191,False,30,130,180,-1,1.0,60,0.0715374459120685,0,40,1.0,2,0,0.25,0.01,0.75,50.0,30.0,0.45,0.2,0.1,0.002,8.0,0.09489950397407831,0.13535553011079632,0.054421185033333694,0.106053956085701,0.39073017520390935
44,220,0.3198649633643036,0.5,-0.0221965455636372,0.0,0.125,0.0,square_moore__markov__plastic__intr0__struct0__alpha_async__lesion__s2__92c661bb63,0.0676188414013173,0.0658834527605644,0.25,False,0.4144956105461078,0.002,0.016,markov,0.68,square_moore,30,70,0.9,0.3732917190814371,0.3,0,0.42,0.08,140,0.2466000550765309,0.3,10,1.5624498709438794,6.84002451944921e-18,0.2,plastic,calibration,0.03081491513042,False,alpha_async,30,130,180,2,-1,1.0,0.6,0.6,60,0.0953496265196459,0,0,40,1.0,2,0,0.25,0.01,0.75,50.0,lesion,30.0,0.45,0.2,0.1,0.002,8.0,44,220,0.4091322502138373,-0.3531370887997548,0.0,0.125,0.3030109155690997,square_moore__ql__plastic__intr0__struct0__alpha_async__lesion__s2__9ec4e0cc01,0.0060310373819381,-0.0012246194898181,0.25,0.5595309306088802,0.002,ql,30,70,0.9,0.4779361092406474,0.3,0.42,0.08,140,0.3435723464560087,10,1.5082949477116232,5.797384251590627e-18,0.2,calibration,0.0039205908066934,False,30,130,180,-1,1.0,60,0.0703728041398012,0,40,1.0,2,0,0.25,0.01,0.75,50.0,30.0,0.45,0.2,0.1,0.002,8.0,0.08926728684953372,0.14503532006277237,0.0268943243237266,0.054154923232256236,0.31535185446828895
44,220,0.3094743024331552,0.5,0.0568490567119289,0.0,0.125,0.0,square_moore__markov__plastic__intr0__struct0__alpha_async__lesion__s2__7e6bc96e66,0.0982925366900782,0.080605141383734,0.25,False,0.4389546115600605,0.002,0.006,markov,0.68,square_moore,30,70,0.9,0.3371258478837156,0.3,0,0.42,0.08,140,0.2382953896925323,0.4,10,1.548288203987236,6.413378507005026e-18,0.2,plastic,calibration,0.0577178258996327,False,alpha_async,30,130,180,2,-1,1.0,0.6,0.6,60,0.0684274896369582,0,0,40,1.0,2,0,0.25,0.01,0.75,50.0,lesion,30.0,0.45,0.2,0.1,0.002,8.0,44,220,0.4135433988763501,-0.3288667982280328,0.0,0.125,0.3142985642886341,square_moore__ql__plastic__intr0__struct0__alpha_async__lesion__s2__33fa6a894f,0.0190049656220785,0.0070074807237174,0.25,0.6079277331261611,0.002,ql,30,70,0.9,0.4466389404592616,0.3,0.42,0.08,140,0.3417697327603758,10,1.4267845772826044,4.5614660457503376e-18,0.2,calibration,0.0016487005450237,False,30,130,180,-1,1.0,60,0.051372002103894,0,40,1.0,2,0,0.25,0.01,0.75,50.0,30.0,0.45,0.2,0.1,0.002,8.0,0.1040690964431949,0.16897312156610061,0.056069125354609,0.12150362670463166,0.4506149700685362
44,220,0.304985959784647,0.5,0.0358899827523454,0.0,0.125,0.0,square_moore__markov__plastic__intr0__struct0__alpha_async__lesion__s2__9ff8c901b6,0.0987747924003434,0.0819123943772868,0.25,False,0.400414834828743,0.002,0.01,markov,0.68,square_moore,30,70,0.9,0.3476021760914408,0.3,0,0.42,0.08,140,0.2366404084684701,0.4,10,1.5456279635228969,4.4129725922742895e-18,0.2,plastic,calibration,0.0688011905821976,False,alpha_async,30,130,180,2,-1,1.0,0.6,0.6,60,0.0469445216916151,0,0,40,1.0,2,0,0.25,0.01,0.75,50.0,lesion,30.0,0.45,0.2,0.1,0.002,8.0,44,220,0.4129246169030933,-0.3373392502480672,0.0,0.125,0.3079573811754342,square_moore__ql__plastic__intr0__struct0__alpha_async__lesion__s2__3a5a1b0dab,0.0174895431075557,-0.0040573506684218,0.25,0.5818055352089622,0.002,ql,30,70,0.9,0.4616063762745083,0.3,0.42,0.08,140,0.3425871025484863,10,1.4546829778497825,5.5502496262581235e-18,0.2,calibration,0.0131428020472864,False,30,130,180,-1,1.0,60,0.0543051933121177,0,40,1.0,2,0,0.25,0.01,0.75,50.0,30.0,0.45,0.2,0.1,0.002,8.0,0.1079386571184463,0.18139070038021915,0.055658388534911195,0.09094498567311438,0.435932731706691
44,220,0.3087549236818296,0.5,0.0149945421158456,0.0,0.125,0.0,square_moore__markov__plastic__intr0__struct0__alpha_async__lesion__s1__693d87e774,0.0894432412600858,0.0833070164676982,0.25,False,0.410712536052843,0.002,0.016,markov,0.68,square_moore,30,70,0.9,0.355520461152125,0.3,0,0.42,0.08,140,0.2366849885127639,0.4,10,1.5503715220023775,6.165286804589588e-18,0.2,plastic,calibration,0.0500294105194314,False,alpha_async,30,130,180,1,-1,1.0,0.6,0.6,60,0.0539229368486715,0,0,40,1.0,2,0,0.25,0.01,0.75,50.0,lesion,30.0,0.45,0.2,0.1,0.002,8.0,44,220,0.4099136592732914,-0.3524793768390638,0.0,0.125,0.3088391617095935,square_moore__ql__plastic__intr0__struct0__alpha_async__lesion__s1__d386140011,0.0061119369405544,-0.0026098980806856,0.25,0.5665079122883407,0.002,ql,30,70,0.9,0.4733225511071049,0.3,0.42,0.08,140,0.3408770170883864,10,1.494954147815164,6.150060128967097e-18,0.2,calibration,-0.0032834262307722,False,30,130,180,-1,1.0,60,0.0714687915739222,0,40,1.0,2,0,0.25,0.01,0.75,50.0,30.0,0.45,0.2,0.1,0.002,8.0,0.10115873559146177,0.15579537623549772,0.053312836750203596,0.055417374187213486,0.36568432276437657
