L_markov,T_markov,activity_late_markov,alpha_async,autocorr_late_markov,bias_mean_late_markov,block_fraction_markov,coherence_late_markov,config_id_markov,corr_A_late_markov,corr_B_late_markov,dephase_markov,diagonal_ablation,entropy_late_markov,eta_intrinsic_markov,eta_weight,formalism_markov,gamma,geometry,imprint_duration_markov,imprint_start_markov,imprint_strength_markov,interface_density_late_markov,intrinsic_bias_limit_markov,intrinsic_enabled,intrinsic_target_activity_markov,lesion_fraction_markov,lesion_time_markov,memory_mean_late_markov,memory_strength,metric_stride_markov,neighbor_pattern_entropy_late_markov,orientation_anisotropy_late_markov,p0_markov,plasticity,profile_markov,repair_reference_corr_markov,save_dense_markov,schedule,second_imprint_duration_markov,second_imprint_start_markov,second_lesion_time_markov,seed,sensitivity_point_markov,sequential_events_per_sweep_markov,sigma_birth,sigma_survive,snapshot_every_markov,spectral_peak_fraction_late_markov,structural_additions_total_markov,structural_enabled,structural_interval_markov,structural_link_fraction_late_markov,structural_min_degree_markov,structural_removals_total_markov,structural_rewire_probability_markov,structural_swap_tolerance_markov,structural_target_fraction_markov,structural_utility_tau_markov,task,tau_memory_markov,theta_input_markov,theta_memory_markov,theta_phase_markov,weight_decay_markov,weight_sum_markov,L_ql,T_ql,activity_late_ql,autocorr_late_ql,bias_mean_late_ql,block_fraction_ql,coherence_late_ql,config_id_ql,corr_A_late_ql,corr_B_late_ql,dephase_ql,entropy_late_ql,eta_intrinsic_ql,formalism_ql,imprint_duration_ql,imprint_start_ql,imprint_strength_ql,interface_density_late_ql,intrinsic_bias_limit_ql,intrinsic_target_activity_ql,lesion_fraction_ql,lesion_time_ql,memory_mean_late_ql,metric_stride_ql,neighbor_pattern_entropy_late_ql,orientation_anisotropy_late_ql,p0_ql,profile_ql,repair_reference_corr_ql,save_dense_ql,second_imprint_duration_ql,second_imprint_start_ql,second_lesion_time_ql,sensitivity_point_ql,sequential_events_per_sweep_ql,snapshot_every_ql,spectral_peak_fraction_late_ql,structural_additions_total_ql,structural_interval_ql,structural_link_fraction_late_ql,structural_min_degree_ql,structural_removals_total_ql,structural_rewire_probability_ql,structural_swap_tolerance_ql,structural_target_fraction_ql,structural_utility_tau_ql,tau_memory_ql,theta_input_ql,theta_memory_ql,theta_phase_ql,weight_decay_ql,weight_sum_ql,d_activity_late,d_entropy_late,d_repair_reference_corr,d_neighbor_pattern_entropy_late,divergence_score
52,260,0.4397129839329608,0.5,0.1155061013114083,0.0,0.125,0.0,extended_hex_r2__markov__plastic__intr0__struct0__alpha_async__lesion__s2__6a9c061b6d,0.029043719595333,0.0401424973313014,0.25,False,0.8772844017069389,0.002,0.006,markov,0.58,extended_hex_r2,40,80,0.9,0.1829258927458633,0.3,0,0.42,0.08,160,0.3485624693766399,0.2,20,0.7621242928564788,3.6719774813267375e-18,0.2,plastic,sensitivity,0.0009464552408638,False,alpha_async,40,150,210,2,-1,1.0,0.6,0.6,80,0.0246923427692091,0,0,40,1.0,2,0,0.25,0.01,0.75,50.0,lesion,30.0,0.45,0.2,0.1,0.002,8.0,52,260,0.4457391855080095,-0.0448580624812698,0.0,0.125,0.1634887104352053,extended_hex_r2__ql__plastic__intr0__struct0__alpha_async__lesion__s2__87fa5e322d,-0.0029477885718492,-0.0092611856894242,0.25,0.916681528920138,0.002,ql,40,80,0.9,0.1799942668758033,0.3,0.42,0.08,160,0.3964297885885633,20,0.5279514751097717,3.729316700051307e-18,0.2,sensitivity,-0.0079746396526209,False,40,150,210,-1,1.0,80,0.0121195188555545,0,40,1.0,2,0,0.25,0.01,0.75,50.0,30.0,0.45,0.2,0.1,0.002,8.0,0.006026201575048684,0.0393971272131991,0.0089210948934847,0.23417281774670706,0.28851724142843954
52,260,0.4278974047261954,0.5,0.1277411863585021,0.0,0.125,0.0,extended_hex_r2__markov__plastic__intr0__struct0__alpha_async__lesion__s2__03c8a19260,0.042987779085769,0.0347298216457966,0.25,False,0.879255551471417,0.002,0.01,markov,0.58,extended_hex_r2,40,80,0.9,0.1743049276843416,0.3,0,0.42,0.08,160,0.3452787409316932,0.2,20,0.6790749034881701,2.9967433738778964e-18,0.2,plastic,sensitivity,-0.0047493422601756,False,alpha_async,40,150,210,2,-1,1.0,0.6,0.6,80,0.0313491705491078,0,0,40,1.0,2,0,0.25,0.01,0.75,50.0,lesion,30.0,0.45,0.2,0.1,0.002,8.0,52,260,0.4415022996132846,-0.0427862797216396,0.0,0.125,0.1651060060586975,extended_hex_r2__ql__plastic__intr0__struct0__alpha_async__lesion__s2__1aaffd8967,-0.0057093888057149,-0.0091497602324658,0.25,0.9141329907628798,0.002,ql,40,80,0.9,0.1818949289855828,0.3,0.42,0.08,160,0.3954882996768638,20,0.5117247002610462,3.0513865587239596e-18,0.2,sensitivity,-0.0189507730816644,False,40,150,210,-1,1.0,80,0.0200810541957251,0,40,1.0,2,0,0.25,0.01,0.75,50.0,30.0,0.45,0.2,0.1,0.002,8.0,0.013604894887089158,0.03487743929146281,0.014201430821488802,0.1673502032271239,0.23003396822716468
52,260,0.4131250231961203,0.5,0.1252020322773273,0.0,0.125,0.0,extended_hex_r2__markov__plastic__intr0__struct0__alpha_async__lesion__s1__416b33b3f1,0.0156891362244517,0.0135916557986452,0.25,False,0.8536347773896747,0.002,0.016,markov,0.58,extended_hex_r2,40,80,0.9,0.1829447296040367,0.3,0,0.42,0.08,160,0.3393272554720953,0.2,20,0.593478513547013,3.722316612195516e-18,0.2,plastic,sensitivity,-0.0400773276511019,False,alpha_async,40,150,210,1,-1,1.0,0.6,0.6,80,0.0191786083219416,0,0,40,0.9996096318211702,2,0,0.25,0.01,0.75,50.0,lesion,30.0,0.45,0.2,0.1,0.002,8.0,52,260,0.4454052581113261,-0.0475593764704549,0.0,0.125,0.1676681274365445,extended_hex_r2__ql__plastic__intr0__struct0__alpha_async__lesion__s1__2af2923e0c,0.0164887017488307,-0.0057275640476308,0.25,0.9117298049709608,0.002,ql,40,80,0.9,0.1858772918589572,0.3,0.42,0.08,160,0.3943059519124024,20,0.5593495613778341,3.2893364621603698e-18,0.2,sensitivity,-0.0065117126811492,False,40,150,210,-1,1.0,80,0.0192589883782133,0,40,0.9994247205785668,2,0,0.25,0.01,0.75,50.0,30.0,0.45,0.2,0.1,0.002,8.0,0.03228023491520576,0.05809502758128604,0.033565614969952695,0.03412895216917888,0.15806982963562338
52,260,0.4361084002652144,0.5,0.1409930804313929,0.0,0.125,0.0,extended_hex_r2__markov__plastic__intr0__struct0__alpha_async__lesion__s2__da98574930,0.0321209388469963,0.0421104918523168,0.25,False,0.8708399806789077,0.002,0.006,markov,0.58,extended_hex_r2,40,80,0.9,0.181938987836617,0.3,0,0.42,0.08,160,0.3449586223817073,0.3,20,0.7809486315056969,4.498021977754336e-18,0.2,plastic,sensitivity,0.0007124448307119,False,alpha_async,40,150,210,2,-1,1.0,0.6,0.6,80,0.0290739028450397,0,0,40,1.0,2,0,0.25,0.01,0.75,50.0,lesion,30.0,0.45,0.2,0.1,0.002,8.0,52,260,0.4473158760232243,-0.0488000767489789,0.0,0.125,0.1651267738028122,extended_hex_r2__ql__plastic__intr0__struct0__alpha_async__lesion__s2__d175ffb181,-0.0044154405409506,-0.0157008308916736,0.25,0.9148611949736264,0.002,ql,40,80,0.9,0.1829416858055917,0.3,0.42,0.08,160,0.3953274690887,20,0.5571413613199908,2.784072565457953e-18,0.2,sensitivity,-0.0068162877413316,False,40,150,210,-1,1.0,80,0.0136486199733044,0,40,1.0,2,0,0.25,0.01,0.75,50.0,30.0,0.45,0.2,0.1,0.002,8.0,0.0112074757580099,0.044021214294718725,0.0075287325720435,0.22380727018570612,0.28656469281047825
52,260,0.43298270068958,0.5,0.1546179364058566,0.0,0.125,0.0,extended_hex_r2__markov__plastic__intr0__struct0__alpha_async__lesion__s2__8626e4cb20,0.033249243820142,0.0405693212215704,0.25,False,0.8638057067693067,0.002,0.01,markov,0.58,extended_hex_r2,40,80,0.9,0.1835423274558052,0.3,0,0.42,0.08,160,0.3413797272957817,0.3,20,0.7971487023822738,3.7591130606822054e-18,0.2,plastic,sensitivity,0.0070130007116525,False,alpha_async,40,150,210,2,-1,1.0,0.6,0.6,80,0.0308791747007752,0,0,40,1.0,2,0,0.25,0.01,0.75,50.0,lesion,30.0,0.45,0.2,0.1,0.002,8.0,52,260,0.4421675521580219,-0.0407292280167841,0.0,0.125,0.1662232301106559,extended_hex_r2__ql__plastic__intr0__struct0__alpha_async__lesion__s2__79c28dd01a,-0.0070947265222193,-0.0143808375826402,0.25,0.9132599100450404,0.002,ql,40,80,0.9,0.1830793617381348,0.3,0.42,0.08,160,0.3946507644833722,20,0.5356448555714307,3.57484874753641e-18,0.2,sensitivity,-0.0131801722504477,False,40,150,210,-1,1.0,80,0.021680706015982,0,40,1.0,2,0,0.25,0.01,0.75,50.0,30.0,0.45,0.2,0.1,0.002,8.0,0.00918485146844189,0.04945420327573369,0.0201931729621002,0.26150384681084304,0.34033607451711884
52,260,0.4088598451065937,0.5,0.155341589406744,0.0,0.125,0.0,extended_hex_r2__markov__plastic__intr0__struct0__alpha_async__lesion__s1__ea38a8fc69,0.020436860574184,0.0207343757653292,0.25,False,0.8436514087309295,0.002,0.016,markov,0.58,extended_hex_r2,40,80,0.9,0.1811210614508044,0.3,0,0.42,0.08,160,0.3342126971500405,0.3,20,0.6421655655051745,3.817194643596129e-18,0.2,plastic,sensitivity,-0.0394356661760903,False,alpha_async,40,150,210,1,-1,1.0,0.6,0.6,80,0.0238754771144433,0,0,40,0.9995890861275476,2,0,0.25,0.01,0.75,50.0,lesion,30.0,0.45,0.2,0.1,0.002,8.0,52,260,0.4452477225950884,-0.0405798570605825,0.0,0.125,0.1678702692888425,extended_hex_r2__ql__plastic__intr0__struct0__alpha_async__lesion__s1__2e1eca36f7,0.0200741341196702,0.0023312390646765,0.25,0.9133038701882568,0.002,ql,40,80,0.9,0.1832812890021538,0.3,0.42,0.08,160,0.3938747232414724,20,0.5597170856703083,2.894389894473577e-18,0.2,sensitivity,3.657338662481206e-05,False,40,150,210,-1,1.0,80,0.0199804882606946,0,40,0.9994452662721892,2,0,0.25,0.01,0.75,50.0,30.0,0.45,0.2,0.1,0.002,8.0,0.0363878774884947,0.06965246145732729,0.03947223956271512,0.08244847983486614,0.22796105834340324
52,260,0.432817807755774,0.5,0.1608826613980476,0.0,0.125,0.0,extended_hex_r2__markov__plastic__intr0__struct0__alpha_async__lesion__s2__534917c366,0.034680907249846,0.0434183940196027,0.25,False,0.8627099966404672,0.002,0.006,markov,0.58,extended_hex_r2,40,80,0.9,0.1831842313448038,0.3,0,0.42,0.08,160,0.3416706057663736,0.4,20,0.795088990772694,4.129480940987326e-18,0.2,plastic,sensitivity,-0.0003197764290574,False,alpha_async,40,150,210,2,-1,1.0,0.6,0.6,80,0.0323294990076854,0,0,40,1.0,2,0,0.25,0.01,0.75,50.0,lesion,30.0,0.45,0.2,0.1,0.002,8.0,52,260,0.4435583394647216,-0.0447880242513366,0.0,0.125,0.1669468957235908,extended_hex_r2__ql__plastic__intr0__struct0__alpha_async__lesion__s2__5915f7df3b,-0.0047068806578378,-0.0144430496582975,0.25,0.9117498999481252,0.002,ql,40,80,0.9,0.1859036542651017,0.3,0.42,0.08,160,0.394796807531153,20,0.5513095637240951,2.9816742365797445e-18,0.2,sensitivity,-0.0124008210398711,False,40,150,210,-1,1.0,80,0.0216470921023019,0,40,1.0,2,0,0.25,0.01,0.75,50.0,30.0,0.45,0.2,0.1,0.002,8.0,0.01074053170894762,0.04903990330765795,0.0120810446108137,0.2437794270485989,0.3156409066760182
52,260,0.4222314364459087,0.5,0.1730299309513084,0.0,0.125,0.0,extended_hex_r2__markov__plastic__intr0__struct0__alpha_async__lesion__s2__ee1ed86d00,0.0447231472875828,0.0350368216193216,0.25,False,0.8630338210094829,0.002,0.01,markov,0.58,extended_hex_r2,40,80,0.9,0.1750484654857591,0.3,0,0.42,0.08,160,0.3382492073165083,0.4,20,0.754045484173135,3.0069587776237896e-18,0.2,plastic,sensitivity,-0.0279704047751054,False,alpha_async,40,150,210,2,-1,1.0,0.6,0.6,80,0.0390709276441212,0,0,40,1.0,2,0,0.25,0.01,0.75,50.0,lesion,30.0,0.45,0.2,0.1,0.002,8.0,52,260,0.4413128096919134,-0.0413620028174167,0.0,0.125,0.1675000522671647,extended_hex_r2__ql__plastic__intr0__struct0__alpha_async__lesion__s2__f979421afe,-0.0076301514164963,-0.0168630877020631,0.25,0.9127643100492328,0.002,ql,40,80,0.9,0.1833940011635441,0.3,0.42,0.08,160,0.3935991388646154,20,0.5252575847710932,3.3944939746920385e-18,0.2,sensitivity,-0.0132059617438899,False,40,150,210,-1,1.0,80,0.0212833495914345,0,40,1.0,2,0,0.25,0.01,0.75,50.0,30.0,0.45,0.2,0.1,0.002,8.0,0.019081373246004674,0.04973048903974986,0.014764443031215501,0.2287878994020418,0.31236420471901183
52,260,0.4096523699405714,0.5,0.1937252023018824,0.0,0.125,0.0,extended_hex_r2__markov__plastic__intr0__struct0__alpha_async__lesion__s1__1d8a5169c1,0.0236161679319448,0.0285109741718138,0.25,False,0.8379959498604096,0.002,0.016,markov,0.58,extended_hex_r2,40,80,0.9,0.1785090807765584,0.3,0,0.42,0.08,160,0.3295929987574812,0.4,20,0.7151209485342381,3.324902203841002e-18,0.2,plastic,sensitivity,-0.0324809755820041,False,alpha_async,40,150,210,1,-1,1.0,0.6,0.6,80,0.0359969777733987,0,0,40,0.9995479947403024,2,0,0.25,0.01,0.75,50.0,lesion,30.0,0.45,0.2,0.1,0.002,8.0,52,260,0.4452822158496696,-0.0400114061547565,0.0,0.125,0.1688628630038169,extended_hex_r2__ql__plastic__intr0__struct0__alpha_async__lesion__s1__774234fb32,0.0204523961323785,0.0007589092317837,0.25,0.9133612023168908,0.002,ql,40,80,0.9,0.1832315067333499,0.3,0.42,0.08,160,0.3929116605760844,20,0.5517282747624542,3.167941572411735e-18,0.2,sensitivity,-0.0002913574596621,False,40,150,210,-1,1.0,80,0.0194803192163066,0,40,0.9994247205785668,2,0,0.25,0.01,0.75,50.0,30.0,0.45,0.2,0.1,0.002,8.0,0.03562984590909818,0.07536525245648118,0.032189618122342,0.1633926737717839,0.30657739025970526
52,260,0.454220019431827,0.5,0.0460328605171373,0.0,0.125,0.0,extended_hex_r2__markov__plastic__intr0__struct0__alpha_async__lesion__s2__1791f596ad,0.0152581015299275,0.0321684502102476,0.25,False,0.8638282817898055,0.002,0.006,markov,0.62,extended_hex_r2,40,80,0.9,0.2130113156374289,0.3,0,0.42,0.08,160,0.3582251704902773,0.2,20,0.7731912810672359,3.595143053800551e-18,0.2,plastic,sensitivity,0.0009145309267683,False,alpha_async,40,150,210,2,-1,1.0,0.6,0.6,80,0.0117267224904615,0,0,40,1.0,2,0,0.25,0.01,0.75,50.0,lesion,30.0,0.45,0.2,0.1,0.002,8.0,52,260,0.4563161626607573,-0.0331040327256769,0.0,0.125,0.1572669141022032,extended_hex_r2__ql__plastic__intr0__struct0__alpha_async__lesion__s2__c7043b4e35,-0.0174833860841532,-0.0146384085611676,0.25,0.8886095363332881,0.002,ql,40,80,0.9,0.2093961242335038,0.3,0.42,0.08,160,0.4006717726366869,20,0.6953353875190665,4.1413525245396534e-18,0.2,sensitivity,-0.0080234441435774,False,40,150,210,-1,1.0,80,0.0063862846456405,0,40,1.0,2,0,0.25,0.01,0.75,50.0,30.0,0.45,0.2,0.1,0.002,8.0,0.002096143228930314,0.024781254543482567,0.008937975070345699,0.07785589354816935,0.11367126639092794
52,260,0.4524162471193247,0.5,0.0577418477731639,0.0,0.125,0.0,extended_hex_r2__markov__plastic__intr0__struct0__alpha_async__lesion__s2__c82f161d1b,0.0155265805811862,0.0330455211560027,0.25,False,0.861176025745312,0.002,0.01,markov,0.62,extended_hex_r2,40,80,0.9,0.2119875463347613,0.3,0,0.42,0.08,160,0.3554868033684653,0.2,20,0.7836032769241598,3.897815966966803e-18,0.2,plastic,sensitivity,0.0063380263319064,False,alpha_async,40,150,210,2,-1,1.0,0.6,0.6,80,0.0129075127796581,0,0,40,1.0,2,0,0.25,0.01,0.75,50.0,lesion,30.0,0.45,0.2,0.1,0.002,8.0,52,260,0.4493047187089784,-0.0108899891607508,0.0,0.125,0.1589753525751445,extended_hex_r2__ql__plastic__intr0__struct0__alpha_async__lesion__s2__af96b9aa12,-0.0074986794038326,-0.0191462788267831,0.25,0.8892105390547753,0.002,ql,40,80,0.9,0.2074492625189535,0.3,0.42,0.08,160,0.4002043210909469,20,0.7055806260703501,3.458247321123089e-18,0.2,sensitivity,-0.0027978382601857,False,40,150,210,-1,1.0,80,0.020316862444874,0,40,1.0,2,0,0.25,0.01,0.75,50.0,30.0,0.45,0.2,0.1,0.002,8.0,0.003111528410346287,0.02803451330946327,0.0091358645920921,0.07802265085380966,0.11830455716571131
52,260,0.4184458836612433,0.5,0.0481293683437009,0.0,0.125,0.0,extended_hex_r2__markov__plastic__intr0__struct0__alpha_async__lesion__s1__d58d5d3812,0.0015138045720659,0.0036506185690127,0.25,False,0.845005024266697,0.002,0.016,markov,0.62,extended_hex_r2,40,80,0.9,0.2110356592459533,0.3,0,0.42,0.08,160,0.3517856801490427,0.2,20,0.5311158311390821,3.1447268820692353e-18,0.2,plastic,sensitivity,-0.0339483352241332,False,alpha_async,40,150,210,1,-1,1.0,0.6,0.6,80,0.0096538123316256,0,0,40,0.9996507232084156,2,0,0.25,0.01,0.75,50.0,lesion,30.0,0.45,0.2,0.1,0.002,8.0,52,260,0.4422255990507889,-0.0281889131305694,0.0,0.125,0.1638447481844515,extended_hex_r2__ql__plastic__intr0__struct0__alpha_async__lesion__s1__f14d11cc02,0.0321694068115846,0.0180478771414375,0.25,0.8857208112873618,0.002,ql,40,80,0.9,0.2088844596780624,0.3,0.42,0.08,160,0.4000901311732638,20,0.597688601916829,3.4012502847466687e-18,0.2,sensitivity,-0.0129744210251929,False,40,150,210,-1,1.0,80,0.008008171348899,0,40,0.9995479947403024,2,0,0.25,0.01,0.75,50.0,30.0,0.45,0.2,0.1,0.002,8.0,0.023779715389545597,0.040715787020664806,0.0209739141989403,0.06657277077774693,0.15204218738689762
52,260,0.4515634275296256,0.5,0.0616342190519375,0.0,0.125,0.0,extended_hex_r2__markov__plastic__intr0__struct0__alpha_async__lesion__s2__48eaaa2f6f,0.0186077913578466,0.0345246017225453,0.25,False,0.8583958937164341,0.002,0.006,markov,0.62,extended_hex_r2,40,80,0.9,0.2134276518013287,0.3,0,0.42,0.08,160,0.3552333489795312,0.3,20,0.7907638878846622,3.43988337781858e-18,0.2,plastic,sensitivity,0.0014282428423477,False,alpha_async,40,150,210,2,-1,1.0,0.6,0.6,80,0.0137408264847761,0,0,40,1.0,2,0,0.25,0.01,0.75,50.0,lesion,30.0,0.45,0.2,0.1,0.002,8.0,52,260,0.4538242665610418,-0.0150841903619887,0.0,0.125,0.15951493380829,extended_hex_r2__ql__plastic__intr0__struct0__alpha_async__lesion__s2__a89af884cc,-0.0158858857178378,-0.0186914233165753,0.25,0.8902329439108273,0.002,ql,40,80,0.9,0.2076537012762417,0.3,0.42,0.08,160,0.4002382467997018,20,0.731225402600947,3.0410531520088805e-18,0.2,sensitivity,-0.0037679055045554,False,40,150,210,-1,1.0,80,0.015922210642427,0,40,1.0,2,0,0.25,0.01,0.75,50.0,30.0,0.45,0.2,0.1,0.002,8.0,0.0022608390314162174,0.0318370501943932,0.005196148346903099,0.05953848528371519,0.09883252285642771
52,260,0.4187893908666116,0.5,0.0462715973204987,0.0,0.125,0.0,extended_hex_r2__markov__plastic__intr0__struct0__alpha_async__lesion__s1__639f986764,-0.0005142199802305,0.0038393734722738,0.25,False,0.843705106181828,0.002,0.01,markov,0.62,extended_hex_r2,40,80,0.9,0.2125321347956551,0.3,0,0.42,0.08,160,0.3533184494888108,0.3,20,0.5329239304267248,3.24375233513602e-18,0.2,plastic,sensitivity,-0.0295846234601526,False,alpha_async,40,150,210,1,-1,1.0,0.6,0.6,80,0.0096723022712646,0,0,40,1.0,2,0,0.25,0.01,0.75,50.0,lesion,30.0,0.45,0.2,0.1,0.002,8.0,52,260,0.4336944583835949,-0.0515533572406046,0.0,0.125,0.1642818394195982,extended_hex_r2__ql__plastic__intr0__struct0__alpha_async__lesion__s1__cd1278d6ea,0.0237598814817716,0.0189256919085218,0.25,0.8754880014258329,0.002,ql,40,80,0.9,0.2151293525648956,0.3,0.42,0.08,160,0.4009349449525889,20,0.4180608756724375,3.3156304667046133e-18,0.2,sensitivity,-0.0284623457892987,False,40,150,210,-1,1.0,80,0.0046391855584722,0,40,1.0,2,0,0.25,0.01,0.75,50.0,30.0,0.45,0.2,0.1,0.002,8.0,0.014905067516983284,0.031782895244004905,0.0011222776708539016,0.11486305475428732,0.1626732951861294
52,260,0.414708834589097,0.5,0.0727438574166767,0.0,0.125,0.0,extended_hex_r2__markov__plastic__intr0__struct0__alpha_async__lesion__s1__cc40076189,0.0057372960504412,0.0085687721239794,0.25,False,0.8361451959334513,0.002,0.016,markov,0.62,extended_hex_r2,40,80,0.9,0.2100409934972857,0.3,0,0.42,0.08,160,0.3473343164108151,0.3,20,0.5740687264987016,4.1747992673701874e-18,0.2,plastic,sensitivity,-0.0339840634235459,False,alpha_async,40,150,210,1,-1,1.0,0.6,0.6,80,0.011004730596628,0,0,40,0.9995890861275476,2,0,0.25,0.01,0.75,50.0,lesion,30.0,0.45,0.2,0.1,0.002,8.0,52,260,0.4468461844027185,-0.0116267052554911,0.0,0.125,0.1633653970476231,extended_hex_r2__ql__plastic__intr0__struct0__alpha_async__lesion__s1__a582050e82,0.0332817225603508,0.0228237976868924,0.25,0.8891256712803303,0.002,ql,40,80,0.9,0.2071022951333612,0.3,0.42,0.08,160,0.3980621408001173,20,0.6766950084941866,4.487775838567225e-18,0.2,sensitivity,0.0138112974183059,False,40,150,210,-1,1.0,80,0.0216632835698124,0,40,0.9994863576594346,2,0,0.25,0.01,0.75,50.0,30.0,0.45,0.2,0.1,0.002,8.0,0.032137349813621485,0.052980475346879,0.047795360841851806,0.10262628199548507,0.23553946799783737
52,260,0.4177153891551688,0.5,0.0466222035008228,0.0,0.125,0.0,extended_hex_r2__markov__plastic__intr0__struct0__alpha_async__lesion__s1__37770fecc6,0.0001748255837412,0.0044577813938823,0.25,False,0.8407010377559114,0.002,0.006,markov,0.62,extended_hex_r2,40,80,0.9,0.2139921376545736,0.3,0,0.42,0.08,160,0.3534875474698566,0.4,20,0.5396091772807713,2.8062620478842906e-18,0.2,plastic,sensitivity,-0.0301118924399802,False,alpha_async,40,150,210,1,-1,1.0,0.6,0.6,80,0.0097245133559647,0,0,40,1.0,2,0,0.25,0.01,0.75,50.0,lesion,30.0,0.45,0.2,0.1,0.002,8.0,52,260,0.4352646338330909,-0.0527243750311582,0.0,0.125,0.1651562195995732,extended_hex_r2__ql__plastic__intr0__struct0__alpha_async__lesion__s1__8b797be213,0.0175680885766819,0.0139101812849789,0.25,0.8758497072324256,0.002,ql,40,80,0.9,0.2160566287883706,0.3,0.42,0.08,160,0.4008835443042849,20,0.4420881711464802,3.868230908712741e-18,0.2,sensitivity,-0.0255261943477471,False,40,150,210,-1,1.0,80,0.0058557348947965,0,40,1.0,2,0,0.25,0.01,0.75,50.0,30.0,0.45,0.2,0.1,0.002,8.0,0.01754924467792207,0.03514866947651418,0.004585698092233099,0.0975210061342911,0.15480461838096043
52,260,0.4158707677721693,0.5,0.060422093231456,0.0,0.125,0.0,extended_hex_r2__markov__plastic__intr0__struct0__alpha_async__lesion__s1__b5a68d164c,0.0031932879078534,0.0062094264026805,0.25,False,0.8371396537456812,0.002,0.01,markov,0.62,extended_hex_r2,40,80,0.9,0.2125614793944231,0.3,0,0.42,0.08,160,0.3502759976063409,0.4,20,0.5607416977849421,4.211648685383872e-18,0.2,plastic,sensitivity,-0.0295193566823432,False,alpha_async,40,150,210,1,-1,1.0,0.6,0.6,80,0.0105537078020733,0,0,40,1.0,2,0,0.25,0.01,0.75,50.0,lesion,30.0,0.45,0.2,0.1,0.002,8.0,52,260,0.4303034827343648,-0.0548255356554117,0.0,0.125,0.1652011391203511,extended_hex_r2__ql__plastic__intr0__struct0__alpha_async__lesion__s1__bf5ace2b40,0.0063970544740927,0.0017211560389303,0.25,0.871858992748835,0.002,ql,40,80,0.9,0.2168876525696708,0.3,0.42,0.08,160,0.4001530143592612,20,0.3904159571555092,3.1765766167643462e-18,0.2,sensitivity,-0.0282284760876842,False,40,150,210,-1,1.0,80,0.0041340764542295,0,40,1.0,2,0,0.25,0.01,0.75,50.0,30.0,0.45,0.2,0.1,0.002,8.0,0.014432714962195503,0.034719339003153826,0.0012908805946590003,0.1703257406294329,0.2207686751894412
52,260,0.4223600383299976,0.5,0.1493507199416954,0.0,0.125,0.0,extended_hex_r2__markov__plastic__intr0__struct0__alpha_async__lesion__s2__d4eb6788d4,0.0236867534297621,0.0030246359930039,0.25,False,0.8463483021639385,0.002,0.016,markov,0.62,extended_hex_r2,40,80,0.9,0.1983112524282557,0.3,0,0.42,0.08,160,0.3424574061528003,0.4,20,0.8302424545081722,3.8522544999159946e-18,0.2,plastic,sensitivity,0.0010694989105886,False,alpha_async,40,150,210,2,-1,1.0,0.6,0.6,80,0.0278503235753994,0,0,40,0.9995069033530573,2,0,0.25,0.01,0.75,50.0,lesion,30.0,0.45,0.2,0.1,0.002,8.0,52,260,0.4415161336521944,-0.0075934744031284,0.0,0.125,0.1640688067605542,extended_hex_r2__ql__plastic__intr0__struct0__alpha_async__lesion__s2__14dd4d428c,-0.007242681441138,-0.0138520208074137,0.25,0.8869435564011274,0.002,ql,40,80,0.9,0.207167462753173,0.3,0.42,0.08,160,0.3966415779039936,20,0.6521143635697221,3.6838604226356885e-18,0.2,sensitivity,-0.0217669144960423,False,40,150,210,-1,1.0,80,0.0253749572437722,0,40,0.999465811965812,2,0,0.25,0.01,0.75,50.0,30.0,0.45,0.2,0.1,0.002,8.0,0.01915609532219681,0.040595254237188905,0.0228364134066309,0.17812809093845017,0.2607158539044668
52,260,0.4305847101855161,0.5,0.0116216685749934,0.0,0.125,0.0,extended_hex_r2__markov__plastic__intr0__struct0__alpha_async__lesion__s1__96e7ac9913,-0.0026310489872598,-0.001971553775875,0.25,False,0.829061431692428,0.002,0.006,markov,0.68,extended_hex_r2,40,80,0.9,0.2419477156282334,0.3,0,0.42,0.08,160,0.3680156470422055,0.2,20,0.6328117512082537,3.07171987202738e-18,0.2,plastic,sensitivity,-0.0422116818402987,False,alpha_async,40,150,210,1,-1,1.0,0.6,0.6,80,0.0062560218118507,0,0,40,1.0,2,0,0.25,0.01,0.75,50.0,lesion,30.0,0.45,0.2,0.1,0.002,8.0,52,260,0.423849220933449,-0.0451688338378705,0.0,0.125,0.1621233400658776,extended_hex_r2__ql__plastic__intr0__struct0__alpha_async__lesion__s1__56519bd396,-0.0153143051722608,-0.0072323512410251,0.25,0.8247802378173229,0.002,ql,40,80,0.9,0.2504291531970943,0.3,0.42,0.08,160,0.4056325327687902,20,0.3782596242510527,3.032006124076508e-18,0.2,sensitivity,-0.029197278816751,False,40,150,210,-1,1.0,80,0.0033284329776165,0,40,1.0,2,0,0.25,0.01,0.75,50.0,30.0,0.45,0.2,0.1,0.002,8.0,0.006735489252067073,0.0042811938751050604,0.0130144030235477,0.25455212695720103,0.2785832131079209
52,260,0.4249308779637397,0.5,0.0105291410820902,0.0,0.125,0.0,extended_hex_r2__markov__plastic__intr0__struct0__alpha_async__lesion__s1__e39693a88c,-0.0124319463084426,-0.0128353573516,0.25,False,0.8202707542505658,0.002,0.01,markov,0.68,extended_hex_r2,40,80,0.9,0.2441061925864133,0.3,0,0.42,0.08,160,0.3641239694391375,0.2,20,0.5764285621185257,3.845468900198524e-18,0.2,plastic,sensitivity,-0.0423809752621464,False,alpha_async,40,150,210,1,-1,1.0,0.6,0.6,80,0.0052108831508975,0,0,40,1.0,2,0,0.25,0.01,0.75,50.0,lesion,30.0,0.45,0.2,0.1,0.002,8.0,52,260,0.4234560423094931,-0.0452522862859782,0.0,0.125,0.162227193542423,extended_hex_r2__ql__plastic__intr0__struct0__alpha_async__lesion__s1__10443815fa,-0.0151696027511398,-0.0079728245817835,0.25,0.8246454316986248,0.002,ql,40,80,0.9,0.2503066615753671,0.3,0.42,0.08,160,0.4050454172179219,20,0.3801995965125118,3.4095935366403203e-18,0.2,sensitivity,-0.0297454274763072,False,40,150,210,-1,1.0,80,0.0033464375685837,0,40,1.0,2,0,0.25,0.01,0.75,50.0,30.0,0.45,0.2,0.1,0.002,8.0,0.001474835654246609,0.004374677448058972,0.012635547785839203,0.19622896560601388,0.21471402649415866
52,260,0.4270752343477266,0.5,0.0337369835216839,0.0,0.125,0.0,extended_hex_r2__markov__plastic__intr0__struct0__alpha_async__lesion__s1__fd93446048,-0.0160725380800164,-0.011195970194141,0.25,False,0.823608648750361,0.002,0.016,markov,0.68,extended_hex_r2,40,80,0.9,0.2392862275276318,0.3,0,0.42,0.08,160,0.3599455899923137,0.2,20,0.6888931671619071,3.751447028911802e-18,0.2,plastic,sensitivity,-0.0318387106297518,False,alpha_async,40,150,210,1,-1,1.0,0.6,0.6,80,0.0086051759334541,0,0,40,0.9994247205785668,2,0,0.25,0.01,0.75,50.0,lesion,30.0,0.45,0.2,0.1,0.002,8.0,52,260,0.4268748665297712,-0.0386879175637229,0.0,0.125,0.1626314898424001,extended_hex_r2__ql__plastic__intr0__struct0__alpha_async__lesion__s1__2d2459c261,-0.0152382628758871,-0.0130189687912124,0.25,0.8300055014478224,0.002,ql,40,80,0.9,0.247258444746818,0.3,0.42,0.08,160,0.4040771439983154,20,0.4414635994803725,3.0841486836573523e-18,0.2,sensitivity,-0.0302326733889326,False,40,150,210,-1,1.0,80,0.0033584287802371,0,40,0.9994452662721892,2,0,0.25,0.01,0.75,50.0,30.0,0.45,0.2,0.1,0.002,8.0,0.0002003678179554047,0.006396852697461375,0.001606037240819199,0.24742956768153457,0.25563282543777055
52,260,0.4607655626762811,0.5,0.0343710227767053,0.0,0.125,0.0,extended_hex_r2__markov__plastic__intr0__struct0__alpha_async__lesion__s2__1195e241f3,0.0049689616393747,0.029122692691253,0.25,False,0.8337401254733544,0.002,0.006,markov,0.68,extended_hex_r2,40,80,0.9,0.2428871536679743,0.3,0,0.42,0.08,160,0.3637141209630421,0.3,20,0.8275026250007741,3.07309622597038e-18,0.2,plastic,sensitivity,0.0299249695210773,False,alpha_async,40,150,210,2,-1,1.0,0.6,0.6,80,0.0083186987804406,0,0,40,1.0,2,0,0.25,0.01,0.75,50.0,lesion,30.0,0.45,0.2,0.1,0.002,8.0,52,260,0.465923299915534,-0.0383727714745157,0.0,0.125,0.1557221160361024,extended_hex_r2__ql__plastic__intr0__struct0__alpha_async__lesion__s2__237c1c442b,-0.0028097894854584,0.0116059951731216,0.25,0.8414651683439329,0.002,ql,40,80,0.9,0.2486861574106243,0.3,0.42,0.08,160,0.4023937127951113,20,0.6857531653055059,3.3859550785292322e-18,0.2,sensitivity,0.0082023179042524,False,40,150,210,-1,1.0,80,0.0037249960794164,0,40,1.0,2,0,0.25,0.01,0.75,50.0,30.0,0.45,0.2,0.1,0.002,8.0,0.005157737239252891,0.0077250428705785135,0.0217226516168249,0.1417494596952682,0.1763548914219245
52,260,0.423454295268461,0.5,0.0100406683435285,0.0,0.125,0.0,extended_hex_r2__markov__plastic__intr0__struct0__alpha_async__lesion__s1__05a9783bfd,-0.0144703889410404,-0.0067307003777176,0.25,False,0.8162502710205312,0.002,0.01,markov,0.68,extended_hex_r2,40,80,0.9,0.2446220937165818,0.3,0,0.42,0.08,160,0.3618665333036315,0.3,20,0.551631775042559,3.4430441637711988e-18,0.2,plastic,sensitivity,-0.0322459095626919,False,alpha_async,40,150,210,1,-1,1.0,0.6,0.6,80,0.0054628297019372,0,0,40,1.0,2,0,0.25,0.01,0.75,50.0,lesion,30.0,0.45,0.2,0.1,0.002,8.0,52,260,0.42527715535459,-0.0438153533649913,0.0,0.125,0.1633019399692741,extended_hex_r2__ql__plastic__intr0__struct0__alpha_async__lesion__s1__e5ad51f482,-0.0156376203313021,-0.0095306432936353,0.25,0.8274779704904921,0.002,ql,40,80,0.9,0.2490392277571219,0.3,0.42,0.08,160,0.4042117276496381,20,0.4040067770323554,3.885519319640159e-18,0.2,sensitivity,-0.030318646964397,False,40,150,210,-1,1.0,80,0.003529042671124,0,40,1.0,2,0,0.25,0.01,0.75,50.0,30.0,0.45,0.2,0.1,0.002,8.0,0.0018228600861289745,0.011227699469960939,0.0019272625982949022,0.14762499801020362,0.16260282016458844
52,260,0.4478922301925805,0.5,0.0552661257081778,0.0,0.125,0.0,extended_hex_r2__markov__plastic__intr0__struct0__alpha_async__lesion__s2__3010af509f,0.0107988861496469,0.0337684581311859,0.25,False,0.8347389348966262,0.002,0.016,markov,0.68,extended_hex_r2,40,80,0.9,0.2355997440529515,0.3,0,0.42,0.08,160,0.3572690246572224,0.3,20,0.8432588929739039,3.1285366237351963e-18,0.2,plastic,sensitivity,0.0115775220074349,False,alpha_async,40,150,210,2,-1,1.0,0.6,0.6,80,0.0120113129346029,0,0,40,0.9995274490466798,2,0,0.25,0.01,0.75,50.0,lesion,30.0,0.45,0.2,0.1,0.002,8.0,52,260,0.4621042511107323,-0.0367217265018472,0.0,0.125,0.1566405754250265,extended_hex_r2__ql__plastic__intr0__struct0__alpha_async__lesion__s2__a0efaccc7c,-0.0042025039809365,0.0143067480750657,0.25,0.8451454477816279,0.002,ql,40,80,0.9,0.2455927651458234,0.3,0.42,0.08,160,0.4006680418968604,20,0.6873165763183277,3.722255203412033e-18,0.2,sensitivity,0.0226940283903607,False,40,150,210,-1,1.0,80,0.0043683767817203,0,40,0.9993219921104536,2,0,0.25,0.01,0.75,50.0,30.0,0.45,0.2,0.1,0.002,8.0,0.014212020918151769,0.010406512885001717,0.0111165063829258,0.15594231665557623,0.19167735684165552
52,260,0.4224979547841748,0.5,0.0065509878457018,0.0,0.125,0.0,extended_hex_r2__markov__plastic__intr0__struct0__alpha_async__lesion__s1__592beeb424,-0.010625679193665,-0.0063151969001714,0.25,False,0.8147123437929383,0.002,0.006,markov,0.68,extended_hex_r2,40,80,0.9,0.2454442132108543,0.3,0,0.42,0.08,160,0.3627938362963786,0.4,20,0.5250327410939044,3.930903165516657e-18,0.2,plastic,sensitivity,-0.0291061838577816,False,alpha_async,40,150,210,1,-1,1.0,0.6,0.6,80,0.0055341668825908,0,0,40,1.0,2,0,0.25,0.01,0.75,50.0,lesion,30.0,0.45,0.2,0.1,0.002,8.0,52,260,0.4254237675276369,-0.0444078295052275,0.0,0.125,0.164049359598635,extended_hex_r2__ql__plastic__intr0__struct0__alpha_async__lesion__s1__a1b4118d16,-0.0128294303862176,-0.0091492978488625,0.25,0.8260501890218094,0.002,ql,40,80,0.9,0.2504251967661473,0.3,0.42,0.08,160,0.4042186275207778,20,0.4024249473027668,3.2010071650304365e-18,0.2,sensitivity,-0.0290058475820308,False,40,150,210,-1,1.0,80,0.0033895861916281,0,40,1.0,2,0,0.25,0.01,0.75,50.0,30.0,0.45,0.2,0.1,0.002,8.0,0.0029258127434620973,0.011337845228871046,0.00010033627575080015,0.12260779379113762,0.13697178803922155
52,260,0.4258707631144552,0.5,0.022183072452228,0.0,0.125,0.0,extended_hex_r2__markov__plastic__intr0__struct0__alpha_async__lesion__s1__5f54f659d0,-0.0178132896874268,-0.0101615852805185,0.25,False,0.8185721109969729,0.002,0.01,markov,0.68,extended_hex_r2,40,80,0.9,0.2420838756795111,0.3,0,0.42,0.08,160,0.3593937771630747,0.4,20,0.6157696648718094,3.726065909192854e-18,0.2,plastic,sensitivity,-0.0279428985456425,False,alpha_async,40,150,210,1,-1,1.0,0.6,0.6,80,0.0066254042557786,0,0,40,1.0,2,0,0.25,0.01,0.75,50.0,lesion,30.0,0.45,0.2,0.1,0.002,8.0,52,260,0.4250382371236824,-0.0432154051448206,0.0,0.125,0.1641470100255142,extended_hex_r2__ql__plastic__intr0__struct0__alpha_async__lesion__s1__e1764deddc,-0.0133422586253214,-0.0080300571757616,0.25,0.8263226641026438,0.002,ql,40,80,0.9,0.2497794612592926,0.3,0.42,0.08,160,0.4036294379452332,20,0.4050599613217649,4.0437240132748675e-18,0.2,sensitivity,-0.0302000071064157,False,40,150,210,-1,1.0,80,0.003491117325384,0,40,1.0,2,0,0.25,0.01,0.75,50.0,30.0,0.45,0.2,0.1,0.002,8.0,0.0008325259907728255,0.007750553105670854,0.0022571085607731994,0.21070970355004448,0.22154989120726137
52,260,0.4445621066779002,0.5,0.0629686018928696,0.0,0.125,0.0,extended_hex_r2__markov__plastic__intr0__struct0__alpha_async__lesion__s2__2244279010,0.0086028391114158,0.0260815297913934,0.25,False,0.8305111755502398,0.002,0.016,markov,0.68,extended_hex_r2,40,80,0.9,0.2352330314217519,0.3,0,0.42,0.08,160,0.3543874464443111,0.4,20,0.8272527214776947,3.636775037697203e-18,0.2,plastic,sensitivity,0.0171093825766401,False,alpha_async,40,150,210,2,-1,1.0,0.6,0.6,80,0.011625094825529,0,0,40,0.9995274490466798,2,0,0.25,0.01,0.75,50.0,lesion,30.0,0.45,0.2,0.1,0.002,8.0,52,260,0.4619503845425345,-0.0373005890478394,0.0,0.125,0.1576786164698745,extended_hex_r2__ql__plastic__intr0__struct0__alpha_async__lesion__s2__d458c2fb4b,-0.0036691667935303,0.0153732526097624,0.25,0.8446908636043532,0.002,ql,40,80,0.9,0.2457732085967371,0.3,0.42,0.08,160,0.3999474535168166,20,0.6859300313472612,3.5836478940026865e-18,0.2,sensitivity,0.0228289032304636,False,40,150,210,-1,1.0,80,0.0043939535915932,0,40,0.9993219921104536,2,0,0.25,0.01,0.75,50.0,30.0,0.45,0.2,0.1,0.002,8.0,0.017388277864634316,0.014179688054113404,0.005719520653823501,0.14132269013043353,0.17861017670300475
52,260,0.3894943769520428,0.5,-0.083018619158602,0.0,0.125,0.0,extended_moore_r2__markov__plastic__intr0__struct0__alpha_async__lesion__s2__8dd394396b,0.0109068686097656,0.0322812267242478,0.25,False,0.5894499615806351,0.002,0.006,markov,0.58,extended_moore_r2,40,80,0.9,0.3697948971803609,0.3,0,0.42,0.08,160,0.3100642913130217,0.2,20,1.1610019373066758,3.602882205681695e-18,0.2,plastic,sensitivity,-0.0105430443318145,False,alpha_async,40,150,210,2,-1,1.0,0.6,0.6,80,0.0958762263160686,0,0,40,1.0,2,0,0.25,0.01,0.75,50.0,lesion,30.0,0.45,0.2,0.1,0.002,8.0,52,260,0.4277211019276012,-0.2838886407330206,0.0,0.125,0.2311502841064424,extended_moore_r2__ql__plastic__intr0__struct0__alpha_async__lesion__s2__d9ef890e85,-0.0052498126734779,-0.0007017059406822,0.25,0.6216180629275166,0.002,ql,40,80,0.9,0.4322482430495105,0.3,0.42,0.08,160,0.37970271660936,20,0.8495960831636425,4.653968432077092e-18,0.2,sensitivity,-0.0005430021512209,False,40,150,210,-1,1.0,80,0.1281837904255923,0,40,0.9999845907297832,2,0,0.25,0.01,0.75,50.0,30.0,0.45,0.2,0.1,0.002,8.0,0.0382267249755584,0.03216810134688153,0.0100000421805936,0.31140585414303323,0.39180072264606675
52,260,0.380140644254728,0.5,-0.0390370210572612,0.0,0.125,0.0,extended_moore_r2__markov__plastic__intr0__struct0__alpha_async__lesion__s2__e8e156bec7,0.0490163874514344,0.0350311948729959,0.25,False,0.6162096446985319,0.002,0.01,markov,0.58,extended_moore_r2,40,80,0.9,0.3432519229154523,0.3,0,0.42,0.08,160,0.3015840779408202,0.2,20,1.1616870687012266,3.256257695815645e-18,0.2,plastic,sensitivity,0.0268674695731443,False,alpha_async,40,150,210,2,-1,1.0,0.6,0.6,80,0.0879886522762906,0,0,40,0.9982279339250492,2,0,0.25,0.01,0.75,50.0,lesion,30.0,0.45,0.2,0.1,0.002,8.0,52,260,0.4225329060333362,-0.2801533609178093,0.0,0.125,0.2169933966326857,extended_moore_r2__ql__plastic__intr0__struct0__alpha_async__lesion__s2__1a9f9f0bba,-0.0012017664133231,-0.0029746461161039,0.25,0.6752380318753893,0.002,ql,40,80,0.9,0.3992734379608757,0.3,0.42,0.08,160,0.3749829345964522,20,0.7769116182509531,5.0162840264702455e-18,0.2,sensitivity,-0.0045906618459458,False,40,150,210,-1,1.0,80,0.0936101548682891,0,40,0.998366617357002,2,0,0.25,0.01,0.75,50.0,30.0,0.45,0.2,0.1,0.002,8.0,0.04239226177860822,0.05902838717685743,0.0314581314190901,0.3847754504502735,0.5176542308248293
52,260,0.3669586633155721,0.5,0.049551439768547,0.0,0.125,0.0,extended_moore_r2__markov__plastic__intr0__struct0__alpha_async__lesion__s2__3078dfdf87,0.0469068972480825,0.0454602225153724,0.25,False,0.6711821005301326,0.002,0.016,markov,0.58,extended_moore_r2,40,80,0.9,0.2859865637991838,0.3,0,0.42,0.08,160,0.2897433788557331,0.2,20,1.0492687700253085,4.753221644253355e-18,0.2,plastic,sensitivity,0.0096527318692592,False,alpha_async,40,150,210,2,-1,1.0,0.6,0.6,80,0.0606051874865106,0,0,40,0.9887820512820512,2,0,0.25,0.01,0.75,50.0,lesion,30.0,0.45,0.2,0.1,0.002,8.0,52,260,0.4122978578816843,-0.2617263086139638,0.0,0.125,0.207815680874002,extended_moore_r2__ql__plastic__intr0__struct0__alpha_async__lesion__s2__df0c03ca8c,-0.0012845804025388,-0.0082009910531128,0.25,0.7372149640765621,0.002,ql,40,80,0.9,0.3495718011584738,0.3,0.42,0.08,160,0.367784709894577,20,0.6183168974056743,4.270996692494265e-18,0.2,sensitivity,-0.0040552628617956,False,40,150,210,-1,1.0,80,0.0588613290368455,0,40,0.987657174556213,2,0,0.25,0.01,0.75,50.0,30.0,0.45,0.2,0.1,0.002,8.0,0.04533919456611224,0.06603286354642945,0.013707994731054801,0.4309518726196342,0.5560319254632307
52,260,0.3822442343053325,0.5,-0.0523903853924328,0.0,0.125,0.0,extended_moore_r2__markov__plastic__intr0__struct0__alpha_async__lesion__s2__47cfdd8732,0.0161938345583806,0.0373122199210982,0.25,False,0.5750277698901873,0.002,0.006,markov,0.58,extended_moore_r2,40,80,0.9,0.3635258301034578,0.3,0,0.42,0.08,160,0.3032804403619014,0.3,20,1.2023818820300265,3.878060139916367e-18,0.2,plastic,sensitivity,-0.0069006889355308,False,alpha_async,40,150,210,2,-1,1.0,0.6,0.6,80,0.0922890969628865,0,0,40,1.0,2,0,0.25,0.01,0.75,50.0,lesion,30.0,0.45,0.2,0.1,0.002,8.0,52,260,0.4270875277437287,-0.283832265724685,0.0,0.125,0.2324346129552922,extended_moore_r2__ql__plastic__intr0__struct0__alpha_async__lesion__s2__fa74858217,-0.0057010509425088,-0.0006623820206028,0.25,0.6165910200525778,0.002,ql,40,80,0.9,0.4348110770576258,0.3,0.42,0.08,160,0.3785445014254597,20,0.8481509802316459,4.609092514058502e-18,0.2,sensitivity,5.432250637290686e-05,False,40,150,210,-1,1.0,80,0.1263599101328542,0,40,0.9999537721893492,2,0,0.25,0.01,0.75,50.0,30.0,0.45,0.2,0.1,0.002,8.0,0.044843293438396215,0.041563250162390486,0.006955011441903707,0.35423090179838057,0.44759245684107096
52,260,0.3723863781802124,0.5,-0.0100401591402488,0.0,0.125,0.0,extended_moore_r2__markov__plastic__intr0__struct0__alpha_async__lesion__s2__0671393b30,0.0563359621032815,0.0400186872673625,0.25,False,0.6098759462066634,0.002,0.01,markov,0.58,extended_moore_r2,40,80,0.9,0.3322575447937885,0.3,0,0.42,0.08,160,0.2942432061349097,0.3,20,1.193381445854644,2.798942952689747e-18,0.2,plastic,sensitivity,0.0316164696004705,False,alpha_async,40,150,210,2,-1,1.0,0.6,0.6,80,0.0885699743802233,0,0,40,0.9982279339250492,2,0,0.25,0.01,0.75,50.0,lesion,30.0,0.45,0.2,0.1,0.002,8.0,52,260,0.4218322572747119,-0.280472920634302,0.0,0.125,0.2183695421261622,extended_moore_r2__ql__plastic__intr0__struct0__alpha_async__lesion__s2__db6e44ad29,0.0007057870535407,-0.0036028353824874,0.25,0.6696243046413551,0.002,ql,40,80,0.9,0.4018110824719877,0.3,0.42,0.08,160,0.3739241871955148,20,0.7744587610888726,6.4502674165974134e-18,0.2,sensitivity,-0.0009416480685156,False,40,150,210,-1,1.0,80,0.1059135791471451,0,40,0.9982587524654832,2,0,0.25,0.01,0.75,50.0,30.0,0.45,0.2,0.1,0.002,8.0,0.04944587909449949,0.05974835843469173,0.0325581176689861,0.4189226847657713,0.5606750399639486
52,260,0.3553632758687379,0.5,0.1003412260178663,0.0,0.125,0.0,extended_moore_r2__markov__plastic__intr0__struct0__alpha_async__lesion__s2__dfb8b75dbd,0.0567563054497646,0.0471892189879214,0.25,False,0.6542029770779706,0.002,0.016,markov,0.58,extended_moore_r2,40,80,0.9,0.2758341022247371,0.3,0,0.42,0.08,160,0.2804418834804761,0.3,20,1.08578335629138,4.843335577645986e-18,0.2,plastic,sensitivity,0.0262471727189422,False,alpha_async,40,150,210,2,-1,1.0,0.6,0.6,80,0.0506786712688394,0,0,40,0.98888991617357,2,0,0.25,0.01,0.75,50.0,lesion,30.0,0.45,0.2,0.1,0.002,8.0,52,260,0.4114783542251483,-0.2610767270209785,0.0,0.125,0.2090416365306845,extended_moore_r2__ql__plastic__intr0__struct0__alpha_async__lesion__s2__1803d9a59e,-0.0029408045754913,-0.0043323359361104,0.25,0.7368276887765858,0.002,ql,40,80,0.9,0.3491338926846278,0.3,0.42,0.08,160,0.3662317653511567,20,0.6049256527362049,3.4294455867992584e-18,0.2,sensitivity,-0.0119794889367022,False,40,150,210,-1,1.0,80,0.0793927003044524,0,40,0.9876109467455622,2,0,0.25,0.01,0.75,50.0,30.0,0.45,0.2,0.1,0.002,8.0,0.056115078356410386,0.08262471169861518,0.0382266616556444,0.480857703555175,0.6578241552658449
52,260,0.3748467499824337,0.5,-0.0235398947649337,0.0,0.125,0.0,extended_moore_r2__markov__plastic__intr0__struct0__alpha_async__lesion__s2__8685768dc2,0.0212162582940475,0.0432155456103569,0.25,False,0.5659910786527064,0.002,0.006,markov,0.58,extended_moore_r2,40,80,0.9,0.3557896143767081,0.3,0,0.42,0.08,160,0.2968959701217599,0.4,20,1.2359408678417,3.992632820503739e-18,0.2,plastic,sensitivity,-0.0053531414647349,False,alpha_async,40,150,210,2,-1,1.0,0.6,0.6,80,0.0684931998885453,0,0,40,1.0,2,0,0.25,0.01,0.75,50.0,lesion,30.0,0.45,0.2,0.1,0.002,8.0,52,260,0.426148455786326,-0.2833397865088276,0.0,0.125,0.2336691806965151,extended_moore_r2__ql__plastic__intr0__struct0__alpha_async__lesion__s2__56742cf202,-0.0048170361809045,-0.001509412207671,0.25,0.6129326657285935,0.002,ql,40,80,0.9,0.4367118408501147,0.3,0.42,0.08,160,0.3772712165055585,20,0.8514068048477816,4.137180739012651e-18,0.2,sensitivity,0.0018941159656227,False,40,150,210,-1,1.0,80,0.1295618842193591,0,40,0.9999383629191322,2,0,0.25,0.01,0.75,50.0,30.0,0.45,0.2,0.1,0.002,8.0,0.05130170580389226,0.04694158707588714,0.0072472574303576,0.38453406299391846,0.49002461330405545
52,260,0.3630649308337939,0.5,0.0241722796708373,0.0,0.125,0.0,extended_moore_r2__markov__plastic__intr0__struct0__alpha_async__lesion__s2__9680cbba0b,0.0629725752475941,0.0461092572256796,0.25,False,0.5948661535052309,0.002,0.01,markov,0.58,extended_moore_r2,40,80,0.9,0.3248108903678114,0.3,0,0.42,0.08,160,0.286856195463361,0.4,20,1.212588584128018,3.815276099345943e-18,0.2,plastic,sensitivity,0.0375828967878185,False,alpha_async,40,150,210,2,-1,1.0,0.6,0.6,80,0.0889982407230403,0,0,40,0.9981046597633136,2,0,0.25,0.01,0.75,50.0,lesion,30.0,0.45,0.2,0.1,0.002,8.0,52,260,0.4208424534681889,-0.2803151584581252,0.0,0.125,0.2199828003145704,extended_moore_r2__ql__plastic__intr0__struct0__alpha_async__lesion__s2__6d28e73304,0.001094557687837,-0.0039510206771185,0.25,0.6646964283572746,0.002,ql,40,80,0.9,0.4039337694710343,0.3,0.42,0.08,160,0.3727226808638054,20,0.7739000529415829,5.823884714263796e-18,0.2,sensitivity,7.030520310427629e-05,False,40,150,210,-1,1.0,80,0.1047122495833556,0,40,0.9981817061143984,2,0,0.25,0.01,0.75,50.0,30.0,0.45,0.2,0.1,0.002,8.0,0.05777752263439501,0.06983027485204374,0.037512591584714226,0.438688531186435,0.603808920257588
52,260,0.345377742184543,0.5,0.114146735360497,0.0,0.125,0.0,extended_moore_r2__markov__plastic__intr0__struct0__alpha_async__lesion__s2__0ffcb8a443,0.0594089508194424,0.0501134899761199,0.25,False,0.6252686083357523,0.002,0.016,markov,0.58,extended_moore_r2,40,80,0.9,0.2782045456761765,0.3,0,0.42,0.08,160,0.2733055191746179,0.4,20,1.0981176531105323,4.981592616374589e-18,0.2,plastic,sensitivity,0.0228476573214746,False,alpha_async,40,150,210,2,-1,1.0,0.6,0.6,80,0.0444014419134626,0,0,40,0.9887820512820512,2,0,0.25,0.01,0.75,50.0,lesion,30.0,0.45,0.2,0.1,0.002,8.0,52,260,0.4084366635407901,-0.2601480962987381,0.0,0.125,0.2109809415917313,extended_moore_r2__ql__plastic__intr0__struct0__alpha_async__lesion__s2__d73d9c0bf9,0.0047999703531658,-0.0007942050213063,0.25,0.7285086591072983,0.002,ql,40,80,0.9,0.3534205435770554,0.3,0.42,0.08,160,0.3635998661981678,20,0.5910370761785746,4.033335275388141e-18,0.2,sensitivity,-0.0011073156725915,False,40,150,210,-1,1.0,80,0.0690668642253954,0,40,0.9865014792899408,2,0,0.25,0.01,0.75,50.0,30.0,0.45,0.2,0.1,0.002,8.0,0.06305892135624713,0.10324005077154608,0.0239549729940661,0.5070805769319577,0.6973345220538171
52,260,0.4009108508699776,0.5,-0.1228767997838842,0.0,0.125,0.0,extended_moore_r2__markov__plastic__intr0__struct0__alpha_async__lesion__s1__637b82fcc6,0.0126402141976511,0.0282230444254245,0.25,False,0.6028965984156484,0.002,0.006,markov,0.62,extended_moore_r2,40,80,0.9,0.3816406433913284,0.3,0,0.42,0.08,160,0.3202459308224894,0.2,20,1.1092330204372918,6.540604422988396e-18,0.2,plastic,sensitivity,-0.0084190169092417,False,alpha_async,40,150,210,1,-1,1.0,0.6,0.6,80,0.0887055033049239,0,0,40,1.0,2,0,0.25,0.01,0.75,50.0,lesion,30.0,0.45,0.2,0.1,0.002,8.0,52,260,0.426616670870301,-0.2820893110172326,0.0,0.125,0.225252063740196,extended_moore_r2__ql__plastic__intr0__struct0__alpha_async__lesion__s1__1db401d29f,-0.0097436060146047,-9.865742824789372e-05,0.25,0.6426693856473275,0.002,ql,40,80,0.9,0.4202281420455967,0.3,0.42,0.08,160,0.3824849076326774,20,0.8225979904948536,5.082852822351798e-18,0.2,sensitivity,-0.0155222090580754,False,40,150,210,-1,1.0,80,0.1564227822712355,0,40,1.0,2,0,0.25,0.01,0.75,50.0,30.0,0.45,0.2,0.1,0.002,8.0,0.0257058200003234,0.039772787231679096,0.0071031921488337,0.28663502994243817,0.35921682932327437
52,260,0.4036385031597507,0.5,-0.0005681161590471,0.0,0.125,0.0,extended_moore_r2__markov__plastic__intr0__struct0__alpha_async__lesion__s1__3749aca3bb,0.0338554376178523,0.0411813880222743,0.25,False,0.7048680705866645,0.002,0.01,markov,0.62,extended_moore_r2,40,80,0.9,0.2978588914429325,0.3,0,0.42,0.08,160,0.3154530717621387,0.2,20,1.065264991299936,4.497838698004345e-18,0.2,plastic,sensitivity,-0.0071966543454302,False,alpha_async,40,150,210,1,-1,1.0,0.6,0.6,80,0.0513021715655125,0,0,40,0.9995069033530573,2,0,0.25,0.01,0.75,50.0,lesion,30.0,0.45,0.2,0.1,0.002,8.0,52,260,0.4203558250966179,-0.2808865914022185,0.0,0.125,0.2129637842052734,extended_moore_r2__ql__plastic__intr0__struct0__alpha_async__lesion__s1__1d64dde5d3,0.0010922028004589,-0.0062914606085856,0.25,0.680506120270989,0.002,ql,40,80,0.9,0.3947146863782216,0.3,0.42,0.08,160,0.3783996300921108,20,0.7595740030938924,4.3703362764327855e-18,0.2,sensitivity,0.0019607084969038,False,40,150,210,-1,1.0,80,0.1864851622721794,0,40,0.9986748027613412,2,0,0.25,0.01,0.75,50.0,30.0,0.45,0.2,0.1,0.002,8.0,0.016717321936867202,0.02436195031567545,0.009157362842334,0.30569098820604346,0.3559276233009201
52,260,0.3833625340731322,0.5,0.0268321521643879,0.0,0.125,0.0,extended_moore_r2__markov__plastic__intr0__struct0__alpha_async__lesion__s1__68dd191655,0.0282999851817241,0.0179460167552897,0.25,False,0.7111979369158846,0.002,0.016,markov,0.62,extended_moore_r2,40,80,0.9,0.2772748537907865,0.3,0,0.42,0.08,160,0.3034759220741285,0.2,20,0.9530356361121513,4.9296473648499156e-18,0.2,plastic,sensitivity,-0.0234515427617067,False,alpha_async,40,150,210,1,-1,1.0,0.6,0.6,80,0.041699095251892,0,0,40,0.9904308431952664,2,0,0.25,0.01,0.75,50.0,lesion,30.0,0.45,0.2,0.1,0.002,8.0,52,260,0.416051585846799,-0.1967775922426594,0.0,0.125,0.1934285694165704,extended_moore_r2__ql__plastic__intr0__struct0__alpha_async__lesion__s1__e59ffdda7c,-0.0171636563531963,-0.0236857317266799,0.25,0.7861457820332647,0.002,ql,40,80,0.9,0.3026363942489125,0.3,0.42,0.08,160,0.3770978799104253,20,0.5829414992939085,3.4322057569321776e-18,0.2,sensitivity,-0.0299885079493531,False,40,150,210,-1,1.0,80,0.0411744348174312,0,40,0.9895833333333334,2,0,0.25,0.01,0.75,50.0,30.0,0.45,0.2,0.1,0.002,8.0,0.03268905177366682,0.07494784511738006,0.006536965187646401,0.37009413681824277,0.48426799889693606
52,260,0.3952769444997624,0.5,-0.1088339240871353,0.0,0.125,0.0,extended_moore_r2__markov__plastic__intr0__struct0__alpha_async__lesion__s1__8b53e0d488,0.0121242470472055,0.0264441208406537,0.25,False,0.5951122765539264,0.002,0.006,markov,0.62,extended_moore_r2,40,80,0.9,0.3782427975207857,0.3,0,0.42,0.08,160,0.3153576909734413,0.3,20,1.1136241786951295,4.2982739031946544e-18,0.2,plastic,sensitivity,-0.0200120545484598,False,alpha_async,40,150,210,1,-1,1.0,0.6,0.6,80,0.0772767467481637,0,0,40,1.0,2,0,0.25,0.01,0.75,50.0,lesion,30.0,0.45,0.2,0.1,0.002,8.0,52,260,0.4262720693068402,-0.2833473784273488,0.0,0.125,0.2269828543238075,extended_moore_r2__ql__plastic__intr0__struct0__alpha_async__lesion__s1__e1dbca35f1,-0.0085209834913277,0.0001412568275488,0.25,0.6272378067287822,0.002,ql,40,80,0.9,0.4282182762212256,0.3,0.42,0.08,160,0.3819521181029031,20,0.8317604459868986,4.638617460894762e-18,0.2,sensitivity,-0.0142756897158084,False,40,150,210,-1,1.0,80,0.1620579286554233,0,40,1.0,2,0,0.25,0.01,0.75,50.0,30.0,0.45,0.2,0.1,0.002,8.0,0.03099512480707778,0.032125530174855754,0.0057363648326514,0.28186373270823095,0.35072075252281587
52,260,0.3868368388018324,0.5,-0.0619523206035112,0.0,0.125,0.0,extended_moore_r2__markov__plastic__intr0__struct0__alpha_async__lesion__s1__a7073d299a,0.0154907878563006,0.0254528324005167,0.25,False,0.6370559661046035,0.002,0.01,markov,0.62,extended_moore_r2,40,80,0.9,0.3409551373766897,0.3,0,0.42,0.08,160,0.308402611869389,0.3,20,1.0861702480550604,6.4779318387929566e-18,0.2,plastic,sensitivity,-0.0128023118457358,False,alpha_async,40,150,210,1,-1,1.0,0.6,0.6,80,0.0826574255551402,0,0,40,0.9992911735700196,2,0,0.25,0.01,0.75,50.0,lesion,30.0,0.45,0.2,0.1,0.002,8.0,52,260,0.4186143633352431,-0.2725356053129122,0.0,0.125,0.2134932887705864,extended_moore_r2__ql__plastic__intr0__struct0__alpha_async__lesion__s1__b9da8fed64,0.0022613968499258,-0.00584849958876,0.25,0.6930878524282003,0.002,ql,40,80,0.9,0.3823939746452633,0.3,0.42,0.08,160,0.3780618698293062,20,0.7313901222392901,4.368723686126039e-18,0.2,sensitivity,0.0019465631497471,False,40,150,210,-1,1.0,80,0.1532902226600062,0,40,0.998751849112426,2,0,0.25,0.01,0.75,50.0,30.0,0.45,0.2,0.1,0.002,8.0,0.031777524533410706,0.05603188632359679,0.0147488749954829,0.35478012581577023,0.4573384116682606
52,260,0.3783719392848288,0.5,0.0835470321908187,0.0,0.125,0.0,extended_moore_r2__markov__plastic__intr0__struct0__alpha_async__lesion__s1__acc0b554ab,0.020301041905882,0.006872554819507,0.25,False,0.7134399343414136,0.002,0.016,markov,0.62,extended_moore_r2,40,80,0.9,0.2572929737081613,0.3,0,0.42,0.08,160,0.2996058980310092,0.3,20,0.9758431393541728,4.285513980417031e-18,0.2,plastic,sensitivity,-0.0238587711691533,False,alpha_async,40,150,210,1,-1,1.0,0.6,0.6,80,0.0336870318650065,0,0,40,0.9909855769230768,2,0,0.25,0.01,0.75,50.0,lesion,30.0,0.45,0.2,0.1,0.002,8.0,52,260,0.4231235722116609,-0.1804488575066132,0.0,0.125,0.190557626602381,extended_moore_r2__ql__plastic__intr0__struct0__alpha_async__lesion__s1__e804916ad9,-0.0112056169210941,-0.0240655974299806,0.25,0.8026875579782802,0.002,ql,40,80,0.9,0.2901125912531678,0.3,0.42,0.08,160,0.3803210192267628,20,0.611467265658555,4.0648582489285695e-18,0.2,sensitivity,-0.0337089747161073,False,40,150,210,-1,1.0,80,0.0480247588871668,0,40,0.990584935897436,2,0,0.25,0.01,0.75,50.0,30.0,0.45,0.2,0.1,0.002,8.0,0.0447516329268321,0.08924762363686656,0.009850203546954001,0.36437587369561775,0.5082253338062704
52,260,0.3898743508217014,0.5,-0.0856060717475856,0.0,0.125,0.0,extended_moore_r2__markov__plastic__intr0__struct0__alpha_async__lesion__s1__5ba06166ec,0.0215266127939303,0.0275269715780834,0.25,False,0.5770712266543794,0.002,0.006,markov,0.62,extended_moore_r2,40,80,0.9,0.3770208998764036,0.3,0,0.42,0.08,160,0.3100003281602664,0.4,20,1.1589244995707262,5.459710027193768e-18,0.2,plastic,sensitivity,-0.0156531018895879,False,alpha_async,40,150,210,1,-1,1.0,0.6,0.6,80,0.0844072128271031,0,0,40,1.0,2,0,0.25,0.01,0.75,50.0,lesion,30.0,0.45,0.2,0.1,0.002,8.0,52,260,0.4273320344336466,-0.2861111803167394,0.0,0.125,0.2283067327089511,extended_moore_r2__ql__plastic__intr0__struct0__alpha_async__lesion__s1__a2753d4a8a,0.0053109107696741,-0.0039062844290031,0.25,0.6087399272404664,0.002,ql,40,80,0.9,0.4388281784101415,0.3,0.42,0.08,160,0.3806829616232386,20,0.8550768923244095,2.9403952012601733e-18,0.2,sensitivity,0.0052723164709855,False,40,150,210,-1,1.0,80,0.2107168380171686,0,40,0.9999845907297832,2,0,0.25,0.01,0.75,50.0,30.0,0.45,0.2,0.1,0.002,8.0,0.03745768361194518,0.03166870058608706,0.0209254183605734,0.30384760724631665,0.39389940980492233
52,260,0.3787479527785612,0.5,-0.0300274603817736,0.0,0.125,0.0,extended_moore_r2__markov__plastic__intr0__struct0__alpha_async__lesion__s1__ab726e16cd,0.0324652726131961,0.0363892756246062,0.25,False,0.6325810591664611,0.002,0.01,markov,0.62,extended_moore_r2,40,80,0.9,0.3289398544526916,0.3,0,0.42,0.08,160,0.3007091664625336,0.4,20,1.1187536427352491,5.6004106960248346e-18,0.2,plastic,sensitivity,0.0006661307776241,False,alpha_async,40,150,210,1,-1,1.0,0.6,0.6,80,0.0522178264955724,0,0,40,0.9991062623274162,2,0,0.25,0.01,0.75,50.0,lesion,30.0,0.45,0.2,0.1,0.002,8.0,52,260,0.4238132089955417,-0.2742626494954223,0.0,0.125,0.2156066346406875,extended_moore_r2__ql__plastic__intr0__struct0__alpha_async__lesion__s1__8bfe928f8c,0.0056997309241599,-0.0028447781919512,0.25,0.6811759874276984,0.002,ql,40,80,0.9,0.3930560327222332,0.3,0.42,0.08,160,0.376274979558217,20,0.7813450393033374,4.112478274207691e-18,0.2,sensitivity,0.000431091108543,False,40,150,210,-1,1.0,80,0.1172762701721331,0,40,0.9988597140039448,2,0,0.25,0.01,0.75,50.0,30.0,0.45,0.2,0.1,0.002,8.0,0.04506525621698049,0.048594928261237236,0.00023503966908110002,0.3374086034319117,0.43130382757921054
52,260,0.3721754912582234,0.5,0.1529003384880174,0.0,0.125,0.0,extended_moore_r2__markov__plastic__intr0__struct0__alpha_async__lesion__s1__3304cfd5c2,0.0320942142978311,0.0325285594086982,0.25,False,0.708720746715343,0.002,0.016,markov,0.62,extended_moore_r2,40,80,0.9,0.2413532066927867,0.3,0,0.42,0.08,160,0.2948666597732026,0.4,20,0.995077530646424,4.7860546399323514e-18,0.2,plastic,sensitivity,-0.0057629570543557,False,alpha_async,40,150,210,1,-1,1.0,0.6,0.6,80,0.0335469271350501,0,0,40,0.9916635848126232,2,0,0.25,0.01,0.75,50.0,lesion,30.0,0.45,0.2,0.1,0.002,8.0,52,260,0.4205540564446171,-0.2052726859293658,0.0,0.125,0.1942281968792844,extended_moore_r2__ql__plastic__intr0__struct0__alpha_async__lesion__s1__2d6ef163bd,-0.0079372327398592,-0.0056908218742287,0.25,0.7882093756333286,0.002,ql,40,80,0.9,0.3023789131720204,0.3,0.42,0.08,160,0.3790047378283507,20,0.5839357794327057,4.639351125648336e-18,0.2,sensitivity,-0.041302809830353,False,40,150,210,-1,1.0,80,0.0693463590643596,0,40,0.989706607495069,2,0,0.25,0.01,0.75,50.0,30.0,0.45,0.2,0.1,0.002,8.0,0.04837856518639366,0.07948862891798558,0.0355398527759973,0.4111417512137183,0.5745487980940949
52,260,0.4420087011330599,0.5,0.1331479077908364,0.0,0.125,0.0,extended_moore_r2__markov__plastic__intr0__struct0__alpha_async__lesion__s2__4fd39d3bd7,0.0245919671500302,0.0359127462711568,0.25,False,0.785316669236551,0.002,0.006,markov,0.68,extended_moore_r2,40,80,0.9,0.2434532043885452,0.3,0,0.42,0.08,160,0.3389993417327413,0.2,20,0.8571513009147166,3.8188250073627225e-18,0.2,plastic,sensitivity,-0.0045067507531838,False,alpha_async,40,150,210,2,-1,1.0,0.6,0.6,80,0.019383724041929,0,0,40,1.0,2,0,0.25,0.01,0.75,50.0,lesion,30.0,0.45,0.2,0.1,0.002,8.0,52,260,0.4666064996126562,-0.0463311216804152,0.0,0.125,0.1594338992405135,extended_moore_r2__ql__plastic__intr0__struct0__alpha_async__lesion__s2__d40da48757,-0.0045019665850508,-0.002031117943048,0.25,0.828774256075354,0.002,ql,40,80,0.9,0.257228985639335,0.3,0.42,0.08,160,0.3980246396463148,20,0.6624482036427465,4.108561562882558e-18,0.2,sensitivity,-0.0037227094621048,False,40,150,210,-1,1.0,80,0.0105324397677595,0,40,1.0,2,0,0.25,0.01,0.75,50.0,30.0,0.45,0.2,0.1,0.002,8.0,0.02459779847959631,0.043457586838803075,0.0007840412910790004,0.1947030972719701,0.2635425238814485
52,260,0.4367248229522971,0.5,0.1556691753983549,0.0,0.125,0.0,extended_moore_r2__markov__plastic__intr0__struct0__alpha_async__lesion__s2__7d87388251,0.026985796056021,0.0387093086989735,0.25,False,0.7804043244732773,0.002,0.01,markov,0.68,extended_moore_r2,40,80,0.9,0.2398858107724201,0.3,0,0.42,0.08,160,0.3349422894472968,0.2,20,0.8838445139722083,4.817392747038443e-18,0.2,plastic,sensitivity,0.0051491879853927,False,alpha_async,40,150,210,2,-1,1.0,0.6,0.6,80,0.0230062357968725,0,0,40,1.0,2,0,0.25,0.01,0.75,50.0,lesion,30.0,0.45,0.2,0.1,0.002,8.0,52,260,0.4533483904794614,-0.0170828878357828,0.0,0.125,0.161069232101565,extended_moore_r2__ql__plastic__intr0__struct0__alpha_async__lesion__s2__766698ce66,0.009217381463641,-0.002932359572004,0.25,0.8361799507801244,0.002,ql,40,80,0.9,0.2502706736051833,0.3,0.42,0.08,160,0.3973221839435327,20,0.7261876374252977,3.286521486313362e-18,0.2,sensitivity,0.0049840815690371,False,40,150,210,-1,1.0,80,0.0119020092148733,0,40,0.999969181459566,2,0,0.25,0.01,0.75,50.0,30.0,0.45,0.2,0.1,0.002,8.0,0.016623567527164318,0.05577562630684707,0.0001651064163556001,0.15765687654691063,0.2302211767972776
52,260,0.4334800501820975,0.5,0.1725321798202424,0.0,0.125,0.0,extended_moore_r2__markov__plastic__intr0__struct0__alpha_async__lesion__s1__4e5978a65e,0.046387542496537,0.0400963369392251,0.25,False,0.7695922738348777,0.002,0.016,markov,0.68,extended_moore_r2,40,80,0.9,0.24183925661563,0.3,0,0.42,0.08,160,0.3294366658482615,0.2,20,0.9118970036718368,4.293949438625728e-18,0.2,plastic,sensitivity,0.0366170896811269,False,alpha_async,40,150,210,1,-1,1.0,0.6,0.6,80,0.0267919035419457,0,0,40,0.9949765779092702,2,0,0.25,0.01,0.75,50.0,lesion,30.0,0.45,0.2,0.1,0.002,8.0,52,260,0.4700504184282594,-0.0433366357735139,0.0,0.125,0.1593995534970791,extended_moore_r2__ql__plastic__intr0__struct0__alpha_async__lesion__s1__44dc3c7996,0.0082150294966616,-0.0005612166339171,0.25,0.829133747513839,0.002,ql,40,80,0.9,0.2585685139546106,0.3,0.42,0.08,160,0.3953894454319092,20,0.6641450831867816,3.760872024143404e-18,0.2,sensitivity,0.0400329381860528,False,40,150,210,-1,1.0,80,0.004007366325605,0,40,0.9941136587771204,2,0,0.25,0.01,0.75,50.0,30.0,0.45,0.2,0.1,0.002,8.0,0.03657036824616189,0.05954147367896123,0.003415848504925899,0.24775192048505523,0.3472796109151043
52,260,0.4355240083564828,0.5,0.1592220433356012,0.0,0.125,0.0,extended_moore_r2__markov__plastic__intr0__struct0__alpha_async__lesion__s2__ab41685adb,0.0299467654975008,0.0408935490516372,0.25,False,0.7762459877767487,0.002,0.006,markov,0.68,extended_moore_r2,40,80,0.9,0.2406246539306115,0.3,0,0.42,0.08,160,0.3345224505739608,0.3,20,0.8874360016267779,4.602547446786103e-18,0.2,plastic,sensitivity,-0.0045513409982156,False,alpha_async,40,150,210,2,-1,1.0,0.6,0.6,80,0.0241915488313409,0,0,40,1.0,2,0,0.25,0.01,0.75,50.0,lesion,30.0,0.45,0.2,0.1,0.002,8.0,52,260,0.4719879761571124,-0.0358943317132462,0.0,0.125,0.1577976160490782,extended_moore_r2__ql__plastic__intr0__struct0__alpha_async__lesion__s2__d45469fc12,-0.0039857918384437,0.0081656977225213,0.25,0.832949300515334,0.002,ql,40,80,0.9,0.2521119750890846,0.3,0.42,0.08,160,0.3981437296000428,20,0.6475263923841303,3.949366036591956e-18,0.2,sensitivity,-0.0037700300045188,False,40,150,210,-1,1.0,80,0.0033692204847989,0,40,1.0,2,0,0.25,0.01,0.75,50.0,30.0,0.45,0.2,0.1,0.002,8.0,0.036463967800629604,0.05670331273858531,0.0007813109936967997,0.2399096092426476,0.3338582007755593
52,260,0.4322172092590571,0.5,0.1709853243825504,0.0,0.125,0.0,extended_moore_r2__markov__plastic__intr0__struct0__alpha_async__lesion__s2__0c9ba7fbeb,0.0311407246078689,0.0421260151707292,0.25,False,0.7736876134318637,0.002,0.01,markov,0.68,extended_moore_r2,40,80,0.9,0.2383014457533592,0.3,0,0.42,0.08,160,0.3315089679398774,0.3,20,0.9021657140506264,4.425059907125487e-18,0.2,plastic,sensitivity,0.0055817414171655,False,alpha_async,40,150,210,2,-1,1.0,0.6,0.6,80,0.0257428922237647,0,0,40,1.0,2,0,0.25,0.01,0.75,50.0,lesion,30.0,0.45,0.2,0.1,0.002,8.0,52,260,0.4713119707467459,-0.0349156065130293,0.0,0.125,0.15786327809696,extended_moore_r2__ql__plastic__intr0__struct0__alpha_async__lesion__s2__65684d17b5,-0.0075497987657008,0.0077440008265729,0.25,0.8344668796339848,0.002,ql,40,80,0.9,0.2509419077020056,0.3,0.42,0.08,160,0.3972555207637002,20,0.6536691954095971,4.023034631641756e-18,0.2,sensitivity,0.0042506051069864,False,40,150,210,-1,1.0,80,0.003462535786152,0,40,1.0,2,0,0.25,0.01,0.75,50.0,30.0,0.45,0.2,0.1,0.002,8.0,0.03909476148768881,0.06077926620212115,0.0013311363101791004,0.24849651864102928,0.34970168264101836
52,260,0.4253859020410644,0.5,0.1965269007085036,0.0,0.125,0.0,extended_moore_r2__markov__plastic__intr0__struct0__alpha_async__lesion__s1__3ef447145b,0.0484308194625046,0.043247643738111,0.25,False,0.7584416271438371,0.002,0.016,markov,0.68,extended_moore_r2,40,80,0.9,0.2385122973532577,0.3,0,0.42,0.08,160,0.3234010257866386,0.3,20,0.9379017110743736,4.606443541870404e-18,0.2,plastic,sensitivity,0.0349951965155909,False,alpha_async,40,150,210,1,-1,1.0,0.6,0.6,80,0.0319911338154028,0,0,40,0.9957932692307692,2,0,0.25,0.01,0.75,50.0,lesion,30.0,0.45,0.2,0.1,0.002,8.0,52,260,0.4664376478148808,-0.0498252165306938,0.0,0.125,0.1625037709355657,extended_moore_r2__ql__plastic__intr0__struct0__alpha_async__lesion__s1__18c96eb5a7,-0.0157746523318856,-0.0165708332837081,0.25,0.8250434274680755,0.002,ql,40,80,0.9,0.2622257132812669,0.3,0.42,0.08,160,0.3930051003532528,20,0.6749046527006127,3.099523255308761e-18,0.2,sensitivity,0.0253922611935613,False,40,150,210,-1,1.0,80,0.006745465457585,0,40,0.9931582840236688,2,0,0.25,0.01,0.75,50.0,30.0,0.45,0.2,0.1,0.002,8.0,0.04105174577381637,0.06660180032423835,0.0096029353220296,0.26299705837376086,0.3802535397938452
52,260,0.4317843275853004,0.5,0.172850861597981,0.0,0.125,0.0,extended_moore_r2__markov__plastic__intr0__struct0__alpha_async__lesion__s2__b873e0deb1,0.0333367356817924,0.0438749421215871,0.25,False,0.7709536134610723,0.002,0.006,markov,0.68,extended_moore_r2,40,80,0.9,0.2390519958208444,0.3,0,0.42,0.08,160,0.3313439642680258,0.4,20,0.9037663387330735,4.6346159333350765e-18,0.2,plastic,sensitivity,-0.0043864289770325,False,alpha_async,40,150,210,2,-1,1.0,0.6,0.6,80,0.0266931039375602,0,0,40,1.0,2,0,0.25,0.01,0.75,50.0,lesion,30.0,0.45,0.2,0.1,0.002,8.0,52,260,0.4719030994056414,-0.0359437345081625,0.0,0.125,0.1584619667378504,extended_moore_r2__ql__plastic__intr0__struct0__alpha_async__lesion__s2__b998fb4f63,-0.0033727803312025,0.0080738138579641,0.25,0.8329071597466005,0.002,ql,40,80,0.9,0.2520645027530525,0.3,0.42,0.08,160,0.3974796413673752,20,0.6453954487977588,3.5783020773336564e-18,0.2,sensitivity,-0.0033772725801609,False,40,150,210,-1,1.0,80,0.0033520618529497,0,40,1.0,2,0,0.25,0.01,0.75,50.0,30.0,0.45,0.2,0.1,0.002,8.0,0.040118771820341015,0.06195354628552818,0.0010091563968716005,0.25837088993531476,0.36145236443805556
52,260,0.4267001656831117,0.5,0.1901522951687398,0.0,0.125,0.0,extended_moore_r2__markov__plastic__intr0__struct0__alpha_async__lesion__s2__fe4a2d3092,0.0357852731077594,0.0465862471482266,0.25,False,0.7655338108307541,0.002,0.01,markov,0.68,extended_moore_r2,40,80,0.9,0.2361233181571073,0.3,0,0.42,0.08,160,0.326935999099149,0.4,20,0.92188593057373,4.43625015320796e-18,0.2,plastic,sensitivity,0.0055945508655163,False,alpha_async,40,150,210,2,-1,1.0,0.6,0.6,80,0.0296619977664725,0,0,40,1.0,2,0,0.25,0.01,0.75,50.0,lesion,30.0,0.45,0.2,0.1,0.002,8.0,52,260,0.4708398812979767,-0.0352530198850438,0.0,0.125,0.1593721671467033,extended_moore_r2__ql__plastic__intr0__struct0__alpha_async__lesion__s2__c1aba46cb7,-0.0066172182663697,0.0084511607639745,0.25,0.8342253337684714,0.002,ql,40,80,0.9,0.2511680122285506,0.3,0.42,0.08,160,0.3960425642639024,20,0.6544535820066265,3.1785286043650197e-18,0.2,sensitivity,0.005263735123818,False,40,150,210,-1,1.0,80,0.0038565359689217,0,40,1.0,2,0,0.25,0.01,0.75,50.0,30.0,0.45,0.2,0.1,0.002,8.0,0.044139715614865016,0.0686915229377173,0.00033081574169829993,0.2674323485671035,0.38059440286138413
52,260,0.4222438584784361,0.5,0.2094172008759664,0.0,0.125,0.0,extended_moore_r2__markov__plastic__intr0__struct0__alpha_async__lesion__s1__040498e516,0.0565877063922562,0.0454654889577395,0.25,False,0.7516475442432,0.002,0.016,markov,0.68,extended_moore_r2,40,80,0.9,0.2374101673029129,0.3,0,0.42,0.08,160,0.319806064915116,0.4,20,0.9457101552478808,5.2455507348507874e-18,0.2,plastic,sensitivity,0.0321710591360971,False,alpha_async,40,150,210,1,-1,1.0,0.6,0.6,80,0.0344836289072476,0,0,40,0.9953309911242604,2,0,0.25,0.01,0.75,50.0,lesion,30.0,0.45,0.2,0.1,0.002,8.0,52,260,0.468639228505203,-0.0428293407494181,0.0,0.125,0.1619587103132168,extended_moore_r2__ql__plastic__intr0__struct0__alpha_async__lesion__s1__8136eea57b,0.0018875705657644,-0.0053681791207968,0.25,0.8283779261306651,0.002,ql,40,80,0.9,0.2587596342743594,0.3,0.42,0.08,160,0.3929718829675325,20,0.6703250877044719,4.133492661674122e-18,0.2,sensitivity,0.0342996448734481,False,40,150,210,-1,1.0,80,0.004040539285405,0,40,0.9940828402366864,2,0,0.25,0.01,0.75,50.0,30.0,0.45,0.2,0.1,0.002,8.0,0.04639537002676691,0.07673038188746506,0.002128585737351002,0.27538506754340897,0.40063940519499197
52,260,0.331016198301113,0.5,0.0139243706987419,0.0,0.125,0.0,hex_cells__markov__plastic__intr0__struct0__alpha_async__lesion__s1__36c2a6d86c,0.0977101959813808,0.0726516035744925,0.25,False,0.4225865323993889,0.002,0.006,markov,0.58,hex_cells,40,80,0.9,0.3723960502544239,0.3,0,0.42,0.08,160,0.267569419340261,0.2,20,1.567373262664159,2.2732403800310445e-18,0.2,plastic,sensitivity,0.0613369970444789,False,alpha_async,40,150,210,1,-1,1.0,0.6,0.6,80,0.0565234339257445,0,0,40,1.0,2,0,0.25,0.01,0.75,50.0,lesion,30.0,0.45,0.2,0.1,0.002,8.0,52,260,0.4335189568911937,-0.3558631994813399,0.0,0.125,0.2986357551789246,hex_cells__ql__plastic__intr0__struct0__alpha_async__lesion__s1__5abe53cfc2,0.0171519538443821,0.000603083852756,0.25,0.5882159765444838,0.002,ql,40,80,0.9,0.4802732536660682,0.3,0.42,0.08,160,0.3678348560270896,20,1.2984238677565765,2.6313277814067327e-18,0.2,sensitivity,-0.0009513160547977,False,40,150,210,-1,1.0,80,0.0251402155993579,0,40,1.0,2,0,0.25,0.01,0.75,50.0,30.0,0.45,0.2,0.1,0.002,8.0,0.10250275859008068,0.16562944414509484,0.0622883130992766,0.2689493949075825,0.5993699107420346
52,260,0.3263893821442716,0.5,0.0306992263330769,0.0,0.125,0.0,hex_cells__markov__plastic__intr0__struct0__alpha_async__lesion__s2__cbfefbb8ca,0.1047411858688144,0.0820619336424068,0.25,False,0.4255452601929008,0.002,0.01,markov,0.58,hex_cells,40,80,0.9,0.3624434249622486,0.3,0,0.42,0.08,160,0.2602457898832084,0.2,20,1.5582109281897063,2.9779227778073267e-18,0.2,plastic,sensitivity,0.0615884671116406,False,alpha_async,40,150,210,2,-1,1.0,0.6,0.6,80,0.05642039218986,0,0,40,1.0,2,0,0.25,0.01,0.75,50.0,lesion,30.0,0.45,0.2,0.1,0.002,8.0,52,260,0.4273450136284769,-0.3479420120334571,0.0,0.125,0.3002987675358928,hex_cells__ql__plastic__intr0__struct0__alpha_async__lesion__s2__8b4f36cc5d,0.0145046875489622,-0.0091295946900104,0.25,0.5986144515655353,0.002,ql,40,80,0.9,0.4670978198090815,0.3,0.42,0.08,160,0.3628309110988198,20,1.3247620421442583,3.6091903149883695e-18,0.2,sensitivity,0.0119883506744108,False,40,150,210,-1,1.0,80,0.0186042393385605,0,40,1.0,2,0,0.25,0.01,0.75,50.0,30.0,0.45,0.2,0.1,0.002,8.0,0.10095563148420528,0.1730691913726345,0.0496001164372298,0.233448886045448,0.5570738253395175
52,260,0.2881330305959484,0.5,0.1206800149930253,0.0,0.125,0.0,hex_cells__markov__plastic__intr0__struct0__alpha_async__lesion__s1__467eb35959,0.1270052424946078,0.0834325612815638,0.25,False,0.4072847394388252,0.002,0.016,markov,0.58,hex_cells,40,80,0.9,0.3125199485934877,0.3,0,0.42,0.08,160,0.237107165825634,0.2,20,1.5246291794421791,2.837274534292906e-18,0.2,plastic,sensitivity,0.0879025660719448,False,alpha_async,40,150,210,1,-1,1.0,0.6,0.6,80,0.0747423262352002,0,0,40,1.0,2,0,0.25,0.01,0.75,50.0,lesion,30.0,0.45,0.2,0.1,0.002,8.0,52,260,0.4205064070290203,-0.3378195497425355,0.0,0.125,0.2943555026834241,hex_cells__ql__plastic__intr0__struct0__alpha_async__lesion__s1__e3ac2739bd,0.0136212094403205,-0.0115748936202511,0.25,0.6098060472390099,0.002,ql,40,80,0.9,0.454420257037945,0.3,0.42,0.08,160,0.359126143832369,20,1.3340488003152249,3.3899188347209923e-18,0.2,sensitivity,-0.0012391158938146,False,40,150,210,-1,1.0,80,0.0235635036664408,0,40,1.0,2,0,0.25,0.01,0.75,50.0,30.0,0.45,0.2,0.1,0.002,8.0,0.1323733764330719,0.20252130780018468,0.0891416819657594,0.19058037912695425,0.6146167453259702
52,260,0.3241061823094345,0.5,0.0337655856212618,0.0,0.125,0.0,hex_cells__markov__plastic__intr0__struct0__alpha_async__lesion__s1__c947d8beeb,0.1184823890845155,0.0813545740627034,0.25,False,0.4085616590779179,0.002,0.006,markov,0.58,hex_cells,40,80,0.9,0.3658506040874396,0.3,0,0.42,0.08,160,0.2616040673695448,0.3,20,1.5813505575061002,3.251483787266503e-18,0.2,plastic,sensitivity,0.0778846704785072,False,alpha_async,40,150,210,1,-1,1.0,0.6,0.6,80,0.0623585243968511,0,0,40,1.0,2,0,0.25,0.01,0.75,50.0,lesion,30.0,0.45,0.2,0.1,0.002,8.0,52,260,0.431016472959188,-0.3455142875440634,0.0,0.125,0.2996577076698935,hex_cells__ql__plastic__intr0__struct0__alpha_async__lesion__s1__24a835b576,0.0236805013224767,0.0008996848817362,0.25,0.590128357455487,0.002,ql,40,80,0.9,0.4743487331185212,0.3,0.42,0.08,160,0.3648681040683543,20,1.2988611790875015,2.586781985828856e-18,0.2,sensitivity,0.0095257623616377,False,40,150,210,-1,1.0,80,0.0151799518987915,0,40,1.0,2,0,0.25,0.01,0.75,50.0,30.0,0.45,0.2,0.1,0.002,8.0,0.10691029064975349,0.18156669837756906,0.0683589081168695,0.28248937841859867,0.6393252755627907
52,260,0.3121334990872654,0.5,0.066822193203755,0.0,0.125,0.0,hex_cells__markov__plastic__intr0__struct0__alpha_async__lesion__s1__00a8a62e15,0.1051360000135874,0.0780134305964946,0.25,False,0.4095773383129145,0.002,0.01,markov,0.58,hex_cells,40,80,0.9,0.3462177004731658,0.3,0,0.42,0.08,160,0.2514304141574998,0.3,20,1.5672266736353866,2.554327426844386e-18,0.2,plastic,sensitivity,0.0648934179383317,False,alpha_async,40,150,210,1,-1,1.0,0.6,0.6,80,0.0616517222152478,0,0,40,1.0,2,0,0.25,0.01,0.75,50.0,lesion,30.0,0.45,0.2,0.1,0.002,8.0,52,260,0.4257694606211687,-0.3556455582134052,0.0,0.125,0.297767618273095,hex_cells__ql__plastic__intr0__struct0__alpha_async__lesion__s1__d7fb99eb99,0.014969225172428,-0.0111622617192495,0.25,0.5982298606400266,0.002,ql,40,80,0.9,0.4706763712726693,0.3,0.42,0.08,160,0.3628215927780087,20,1.3349387113628186,3.1039808672507933e-18,0.2,sensitivity,0.0045914356108705,False,40,150,210,-1,1.0,80,0.0211372343958932,0,40,1.0,2,0,0.25,0.01,0.75,50.0,30.0,0.45,0.2,0.1,0.002,8.0,0.11363596153390332,0.1886525223271121,0.0603019823274612,0.23228796227256798,0.5948784284610447
52,260,0.2923249649322949,0.5,0.1191550372338818,0.0,0.125,0.0,hex_cells__markov__plastic__intr0__struct0__alpha_async__lesion__s1__44ab32c639,0.1230857795319008,0.0884086288825862,0.25,False,0.4117215695517854,0.002,0.016,markov,0.58,hex_cells,40,80,0.9,0.3144896794073583,0.3,0,0.42,0.08,160,0.23669814705518,0.3,20,1.5312136991745433,3.1202024973765992e-18,0.2,plastic,sensitivity,0.0816449871888643,False,alpha_async,40,150,210,1,-1,1.0,0.6,0.6,80,0.072121858464722,0,0,40,1.0,2,0,0.25,0.01,0.75,50.0,lesion,30.0,0.45,0.2,0.1,0.002,8.0,52,260,0.4162722837200762,-0.3346069498626939,0.0,0.125,0.292992027971732,hex_cells__ql__plastic__intr0__struct0__alpha_async__lesion__s1__2b727fb2b7,0.0178402495946074,-0.0036812507019985,0.25,0.6145489389783475,0.002,ql,40,80,0.9,0.4496199643446045,0.3,0.42,0.08,160,0.3562375202201606,20,1.3320686672268025,2.234451202922294e-18,0.2,sensitivity,-0.0010370139138949,False,40,150,210,-1,1.0,80,0.0229969286395027,0,40,1.0,2,0,0.25,0.01,0.75,50.0,30.0,0.45,0.2,0.1,0.002,8.0,0.12394731878778131,0.2028273694265621,0.0826820011027592,0.1991450319477408,0.6086017212648434
52,260,0.3249210251371073,0.5,0.0454100182881497,0.0,0.125,0.0,hex_cells__markov__plastic__intr0__struct0__alpha_async__lesion__s1__f808d2f0e7,0.1141494741500358,0.0740739180969997,0.25,False,0.4097210656977065,0.002,0.006,markov,0.58,hex_cells,40,80,0.9,0.3630553341989551,0.3,0,0.42,0.08,160,0.2600026676287584,0.4,20,1.577661110874792,2.0557002522338473e-18,0.2,plastic,sensitivity,0.0687356477538586,False,alpha_async,40,150,210,1,-1,1.0,0.6,0.6,80,0.0678164245353605,0,0,40,1.0,2,0,0.25,0.01,0.75,50.0,lesion,30.0,0.45,0.2,0.1,0.002,8.0,52,260,0.4308536091308689,-0.3475157937071896,0.0,0.125,0.2992133595640097,hex_cells__ql__plastic__intr0__struct0__alpha_async__lesion__s1__e97e65e908,0.0147771465624017,-0.0108175215326462,0.25,0.5836001557593167,0.002,ql,40,80,0.9,0.4788523277837245,0.3,0.42,0.08,160,0.3661588661072328,20,1.3128312874936316,2.4233671447295397e-18,0.2,sensitivity,-0.0050946447387315,False,40,150,210,-1,1.0,80,0.0175800068802402,0,40,1.0,2,0,0.25,0.01,0.75,50.0,30.0,0.45,0.2,0.1,0.002,8.0,0.1059325839937616,0.17387909006161018,0.0738302924925901,0.26482982338116035,0.6184717899291222
52,260,0.2990804353107992,0.5,0.0989314064157192,0.0,0.125,0.0,hex_cells__markov__plastic__intr0__struct0__alpha_async__lesion__s1__51435d1196,0.1264754247642416,0.0821571930858966,0.25,False,0.3965152426383897,0.002,0.01,markov,0.58,hex_cells,40,80,0.9,0.3297663506985944,0.3,0,0.42,0.08,160,0.2420096700116418,0.4,20,1.5547282051526192,3.3943859760268623e-18,0.2,plastic,sensitivity,0.0840280748060073,False,alpha_async,40,150,210,1,-1,1.0,0.6,0.6,80,0.0721522519194245,0,0,40,1.0,2,0,0.25,0.01,0.75,50.0,lesion,30.0,0.45,0.2,0.1,0.002,8.0,52,260,0.4251019791841373,-0.3437006881214326,0.0,0.125,0.29977934780008,hex_cells__ql__plastic__intr0__struct0__alpha_async__lesion__s1__e5ed4b94cc,0.0119513797368426,0.0002333623217262,0.25,0.5916487075729192,0.002,ql,40,80,0.9,0.4697592428450488,0.3,0.42,0.08,160,0.3612205652338691,20,1.339876036076471,3.052216049569155e-18,0.2,sensitivity,-0.0053849195293507,False,40,150,210,-1,1.0,80,0.0193579673980907,0,40,1.0,2,0,0.25,0.01,0.75,50.0,30.0,0.45,0.2,0.1,0.002,8.0,0.12602154387333808,0.1951334649345295,0.089412994335358,0.21485216907614824,0.6254201722193737
52,260,0.2891904337030483,0.5,0.1188135539800437,0.0,0.125,0.0,hex_cells__markov__plastic__intr0__struct0__alpha_async__lesion__s1__b397d76f9f,0.1205979215561947,0.0895328766185598,0.25,False,0.3968397356696136,0.002,0.016,markov,0.58,hex_cells,40,80,0.9,0.317047737034858,0.3,0,0.42,0.08,160,0.2356864603688591,0.4,20,1.5359502408848895,3.796644141378483e-18,0.2,plastic,sensitivity,0.0700799934867045,False,alpha_async,40,150,210,1,-1,1.0,0.6,0.6,80,0.0739786417493389,0,0,40,1.0,2,0,0.25,0.01,0.75,50.0,lesion,30.0,0.45,0.2,0.1,0.002,8.0,52,260,0.4166355012903733,-0.3275060270013785,0.0,0.125,0.2962734785571658,hex_cells__ql__plastic__intr0__struct0__alpha_async__lesion__s1__5ff04ad4a5,0.0076381148055526,-0.0028392192654382,0.25,0.6051128266332193,0.002,ql,40,80,0.9,0.4516778745956977,0.3,0.42,0.08,160,0.3536356629766355,20,1.3627602736140867,3.0930456907480947e-18,0.2,sensitivity,-0.0041663299838875,False,40,150,210,-1,1.0,80,0.0197211699759193,0,40,1.0,2,0,0.25,0.01,0.75,50.0,30.0,0.45,0.2,0.1,0.002,8.0,0.127445067587325,0.2082730909636057,0.074246323470592,0.17318996727080282,0.5831544492923255
52,260,0.3534490049690308,0.5,-0.0331582124965326,0.0,0.125,0.0,hex_cells__markov__plastic__intr0__struct0__alpha_async__lesion__s1__43c5211832,0.0795329521092825,0.0586231632525155,0.25,False,0.440617934030058,0.002,0.006,markov,0.62,hex_cells,40,80,0.9,0.3954592028172701,0.3,0,0.42,0.08,160,0.2822094371967545,0.2,20,1.5613634235856295,3.306420572894684e-18,0.2,plastic,sensitivity,0.0409301904301549,False,alpha_async,40,150,210,1,-1,1.0,0.6,0.6,80,0.0447254088219951,0,0,40,1.0,2,0,0.25,0.01,0.75,50.0,lesion,30.0,0.45,0.2,0.1,0.002,8.0,52,260,0.4347240865269701,-0.3636503061348826,0.0,0.125,0.2930787245620455,hex_cells__ql__plastic__intr0__struct0__alpha_async__lesion__s1__df027d4f57,0.0140239547461934,0.003656790582191,0.25,0.5903251806311959,0.002,ql,40,80,0.9,0.4820953879268367,0.3,0.42,0.08,160,0.3721735154316947,20,1.309747006435663,4.126410272649271e-18,0.2,sensitivity,0.0065409892624501,False,40,150,210,-1,1.0,80,0.028217377821997,0,40,1.0,2,0,0.25,0.01,0.75,50.0,30.0,0.45,0.2,0.1,0.002,8.0,0.08127508155793928,0.14970724660113788,0.0343892011677048,0.2516164171499664,0.5169879464767484
52,260,0.3442070162897577,0.5,-0.0193135703793794,0.0,0.125,0.0,hex_cells__markov__plastic__intr0__struct0__alpha_async__lesion__s1__5ae970b20a,0.0764093500123285,0.055702885844671,0.25,False,0.4527385465940414,0.002,0.01,markov,0.62,hex_cells,40,80,0.9,0.3817908718587559,0.3,0,0.42,0.08,160,0.2757271778106149,0.2,20,1.5566479081774407,2.285392123091066e-18,0.2,plastic,sensitivity,0.0269774143919339,False,alpha_async,40,150,210,1,-1,1.0,0.6,0.6,80,0.0459018627654139,0,0,40,1.0,2,0,0.25,0.01,0.75,50.0,lesion,30.0,0.45,0.2,0.1,0.002,8.0,52,260,0.4308523232494856,-0.3554975721041091,0.0,0.125,0.2910597120337796,hex_cells__ql__plastic__intr0__struct0__alpha_async__lesion__s1__149edb7f9e,0.0125688227530076,-0.0040591862029371,0.25,0.5905624752683055,0.002,ql,40,80,0.9,0.4776853116762527,0.3,0.42,0.08,160,0.3688610117590745,20,1.3154788421693138,3.38107822483398e-18,0.2,sensitivity,-0.0049050447025048,False,40,150,210,-1,1.0,80,0.0219076131407579,0,40,1.0,2,0,0.25,0.01,0.75,50.0,30.0,0.45,0.2,0.1,0.002,8.0,0.08664530695972789,0.13782392867426413,0.0318824590944387,0.24116906600812693,0.49752076073655765
52,260,0.3281547780590619,0.5,0.0334189281692624,0.0,0.125,0.0,hex_cells__markov__plastic__intr0__struct0__alpha_async__lesion__s1__a0b953cab6,0.0872119707832908,0.0819371075567249,0.25,False,0.4542066998997576,0.002,0.016,markov,0.62,hex_cells,40,80,0.9,0.3526810380580316,0.3,0,0.42,0.08,160,0.2635204845629597,0.2,20,1.5326863143297993,2.8261597993164923e-18,0.2,plastic,sensitivity,0.0440662171158182,False,alpha_async,40,150,210,1,-1,1.0,0.6,0.6,80,0.049298606735678,0,0,40,1.0,2,0,0.25,0.01,0.75,50.0,lesion,30.0,0.45,0.2,0.1,0.002,8.0,52,260,0.4224219508900086,-0.3433404489859342,0.0,0.125,0.2915169565436886,hex_cells__ql__plastic__intr0__struct0__alpha_async__lesion__s1__f023974794,-0.0012432746751169,-0.0080496943593653,0.25,0.6093422190549879,0.002,ql,40,80,0.9,0.4574808151823707,0.3,0.42,0.08,160,0.362067815482684,20,1.3223992355570957,2.936018604687036e-18,0.2,sensitivity,-0.0135605240671842,False,40,150,210,-1,1.0,80,0.0173694740675678,0,40,1.0,2,0,0.25,0.01,0.75,50.0,30.0,0.45,0.2,0.1,0.002,8.0,0.09426717283094671,0.15513551915523027,0.0576267411830024,0.21028707877270358,0.517316511941883
52,260,0.3415283828637523,0.5,-0.0023951330685644,0.0,0.125,0.0,hex_cells__markov__plastic__intr0__struct0__alpha_async__lesion__s1__0b361a5555,0.1008273873365808,0.067422728823037,0.25,False,0.431350026307725,0.002,0.006,markov,0.62,hex_cells,40,80,0.9,0.3810637512720738,0.3,0,0.42,0.08,160,0.2734843414727329,0.3,20,1.5838017111987333,3.1039273424837598e-18,0.2,plastic,sensitivity,0.0705519013314413,False,alpha_async,40,150,210,1,-1,1.0,0.6,0.6,80,0.059585191006375,0,0,40,1.0,2,0,0.25,0.01,0.75,50.0,lesion,30.0,0.45,0.2,0.1,0.002,8.0,52,260,0.4370179001708171,-0.3618057726625325,0.0,0.125,0.2955244585394493,hex_cells__ql__plastic__intr0__struct0__alpha_async__lesion__s1__beba974f2f,0.0153047541662133,0.0044025078681723,0.25,0.5881217430748978,0.002,ql,40,80,0.9,0.4825661104716894,0.3,0.42,0.08,160,0.3718764952462078,20,1.2958099958182707,2.52572834511182e-18,0.2,sensitivity,0.00250339302448,False,40,150,210,-1,1.0,80,0.0279358304070398,0,40,1.0,2,0,0.25,0.01,0.75,50.0,30.0,0.45,0.2,0.1,0.002,8.0,0.09548951730706479,0.15677171676717283,0.06804850830696131,0.28799171538046253,0.6083014577616614
52,260,0.3314421226323558,0.5,0.0163758306990503,0.0,0.125,0.0,hex_cells__markov__plastic__intr0__struct0__alpha_async__lesion__s1__2a2949b4db,0.0859048121597268,0.0667870250181228,0.25,False,0.434818053832886,0.002,0.01,markov,0.62,hex_cells,40,80,0.9,0.3679007844213957,0.3,0,0.42,0.08,160,0.2662583719317999,0.3,20,1.5591469580371398,2.5931739587948527e-18,0.2,plastic,sensitivity,0.0452598713811253,False,alpha_async,40,150,210,1,-1,1.0,0.6,0.6,80,0.0511923516241117,0,0,40,1.0,2,0,0.25,0.01,0.75,50.0,lesion,30.0,0.45,0.2,0.1,0.002,8.0,52,260,0.4259735272197435,-0.3514606613193716,0.0,0.125,0.2932656577996598,hex_cells__ql__plastic__intr0__struct0__alpha_async__lesion__s1__09e5a3166f,0.0070205969808231,0.0013533401530569,0.25,0.5974031649896808,0.002,ql,40,80,0.9,0.4704638749164432,0.3,0.42,0.08,160,0.3667367889979436,20,1.3311892436620103,2.593385495625376e-18,0.2,sensitivity,-0.003582540349728,False,40,150,210,-1,1.0,80,0.0183170183389699,0,40,1.0,2,0,0.25,0.01,0.75,50.0,30.0,0.45,0.2,0.1,0.002,8.0,0.09453140458738774,0.1625851111567948,0.0488424117308533,0.22795771437512946,0.5339166418501653
52,260,0.2969263344255901,0.5,0.0950380569606973,0.0,0.125,0.0,hex_cells__markov__plastic__intr0__struct0__alpha_async__lesion__s1__d39bfb281b,0.1047610088783832,0.0926239384297703,0.25,False,0.4113679119916254,0.002,0.016,markov,0.62,hex_cells,40,80,0.9,0.3257687868234462,0.3,0,0.42,0.08,160,0.2418993924657463,0.3,20,1.5347869903008042,2.680194751294401e-18,0.2,plastic,sensitivity,0.0538858555973801,False,alpha_async,40,150,210,1,-1,1.0,0.6,0.6,80,0.0696062220389568,0,0,40,1.0,2,0,0.25,0.01,0.75,50.0,lesion,30.0,0.45,0.2,0.1,0.002,8.0,52,260,0.4240555745276728,-0.3426508950296309,0.0,0.125,0.290231586189822,hex_cells__ql__plastic__intr0__struct0__alpha_async__lesion__s1__9689f0b0c6,0.006758779248969,-0.0044745582066252,0.25,0.6154901277228152,0.002,ql,40,80,0.9,0.4554942442672947,0.3,0.42,0.08,160,0.3617771741387837,20,1.3176977190399566,2.8668263541119e-18,0.2,sensitivity,-0.0043354576953708,False,40,150,210,-1,1.0,80,0.0234771050071866,0,40,1.0,2,0,0.25,0.01,0.75,50.0,30.0,0.45,0.2,0.1,0.002,8.0,0.1271292401020827,0.20412221573118977,0.058221313292750904,0.21708927126084765,0.606562040386871
52,260,0.335966919379296,0.5,0.0182248745648912,0.0,0.125,0.0,hex_cells__markov__plastic__intr0__struct0__alpha_async__lesion__s1__97c221cd2e,0.114207576123709,0.0713746546913302,0.25,False,0.4288725842294667,0.002,0.006,markov,0.62,hex_cells,40,80,0.9,0.3716771858523842,0.3,0,0.42,0.08,160,0.2693656943253996,0.4,20,1.569697452118348,2.7633619486251904e-18,0.2,plastic,sensitivity,0.0813433610337763,False,alpha_async,40,150,210,1,-1,1.0,0.6,0.6,80,0.0558638251998316,0,0,40,1.0,2,0,0.25,0.01,0.75,50.0,lesion,30.0,0.45,0.2,0.1,0.002,8.0,52,260,0.4337043805012243,-0.3553226333965469,0.0,0.125,0.2958603784969782,hex_cells__ql__plastic__intr0__struct0__alpha_async__lesion__s1__5429747e1d,0.0184979270008336,0.0001850005711508,0.25,0.5916021024367982,0.002,ql,40,80,0.9,0.4772658107133456,0.3,0.42,0.08,160,0.3696599427901747,20,1.312759888233536,2.7396024371017534e-18,0.2,sensitivity,0.0041974235973492,False,40,150,210,-1,1.0,80,0.0450381280388777,0,40,1.0,2,0,0.25,0.01,0.75,50.0,30.0,0.45,0.2,0.1,0.002,8.0,0.09773746112192827,0.1627295182073315,0.0771459374364271,0.2569375638848119,0.5945504806504989
52,260,0.3226536180472323,0.5,0.0357761584968916,0.0,0.125,0.0,hex_cells__markov__plastic__intr0__struct0__alpha_async__lesion__s1__8abe02b212,0.0937885105335369,0.0735529117445145,0.25,False,0.4260317816714747,0.002,0.01,markov,0.62,hex_cells,40,80,0.9,0.3572978750548137,0.3,0,0.42,0.08,160,0.2599517559510554,0.4,20,1.5621550543277265,2.3738675431073344e-18,0.2,plastic,sensitivity,0.0591015278110239,False,alpha_async,40,150,210,1,-1,1.0,0.6,0.6,80,0.0595499936801519,0,0,40,1.0,2,0,0.25,0.01,0.75,50.0,lesion,30.0,0.45,0.2,0.1,0.002,8.0,52,260,0.4253577555116417,-0.3498277265522385,0.0,0.125,0.2916346844650938,hex_cells__ql__plastic__intr0__struct0__alpha_async__lesion__s1__d1cd834d40,0.011454025869918,-0.0084848893088546,0.25,0.6022623655348093,0.002,ql,40,80,0.9,0.4665102262281748,0.3,0.42,0.08,160,0.3651850410628946,20,1.31373035531547,2.7295667500631202e-18,0.2,sensitivity,0.0008549379475046,False,40,150,210,-1,1.0,80,0.020693096494019,0,40,1.0,2,0,0.25,0.01,0.75,50.0,30.0,0.45,0.2,0.1,0.002,8.0,0.10270413746440937,0.17623058386333457,0.0582465898635193,0.2484246990122565,0.5856060102035198
52,260,0.3112783555284961,0.5,0.0797933077314826,0.0,0.125,0.0,hex_cells__markov__plastic__intr0__struct0__alpha_async__lesion__s2__722ae7a70a,0.1004425488084723,0.0808635242664451,0.25,False,0.4382421427920855,0.002,0.016,markov,0.62,hex_cells,40,80,0.9,0.3332283378888586,0.3,0,0.42,0.08,160,0.2506521503012395,0.4,20,1.5335297141288873,2.354368403604236e-18,0.2,plastic,sensitivity,0.0568533626372008,False,alpha_async,40,150,210,2,-1,1.0,0.6,0.6,80,0.0618366824752321,0,0,40,1.0,2,0,0.25,0.01,0.75,50.0,lesion,30.0,0.45,0.2,0.1,0.002,8.0,52,260,0.4193387566607622,-0.3313134197968783,0.0,0.125,0.2894432551238109,hex_cells__ql__plastic__intr0__struct0__alpha_async__lesion__s2__74ea0ad2c9,0.020071298180576,-0.014814433982385,0.25,0.6195401118475645,0.002,ql,40,80,0.9,0.4467216512874086,0.3,0.42,0.08,160,0.3565568462179875,20,1.3190843690540424,3.8293780883326265e-18,0.2,sensitivity,0.0046140500275835,False,40,150,210,-1,1.0,80,0.0251365862430113,0,40,1.0,2,0,0.25,0.01,0.75,50.0,30.0,0.45,0.2,0.1,0.002,8.0,0.10806040113226612,0.181297969055479,0.0522393126096173,0.21444534507484492,0.5560430278722073
52,260,0.3733984482830628,0.5,-0.1000438356419897,0.0,0.125,0.0,hex_cells__markov__plastic__intr0__struct0__alpha_async__lesion__s1__23ddb3b2ab,0.053140768674693,0.0420761842568692,0.25,False,0.4698181140775534,0.002,0.006,markov,0.68,hex_cells,40,80,0.9,0.4192824085507415,0.3,0,0.42,0.08,160,0.2989391638572947,0.2,20,1.5535848192629167,2.61263118563605e-18,0.2,plastic,sensitivity,0.0142824379901792,False,alpha_async,40,150,210,1,-1,1.0,0.6,0.6,80,0.0400475222522291,0,0,40,1.0,2,0,0.25,0.01,0.75,50.0,lesion,30.0,0.45,0.2,0.1,0.002,8.0,52,260,0.4402383103789045,-0.3684186597476739,0.0,0.125,0.2874428605056615,hex_cells__ql__plastic__intr0__struct0__alpha_async__lesion__s1__a2c1da83a1,0.0033627681989124,-0.0066207944706477,0.25,0.5861046744514157,0.002,ql,40,80,0.9,0.4880394551253273,0.3,0.42,0.08,160,0.3779013586535579,20,1.2977119867887092,2.5493500389443506e-18,0.2,sensitivity,-0.0040691883914358,False,40,150,210,-1,1.0,80,0.016129387611066,0,40,1.0,2,0,0.25,0.01,0.75,50.0,30.0,0.45,0.2,0.1,0.002,8.0,0.0668398620958417,0.11628656037386226,0.018351626381615,0.25587283247420745,0.45735088132552637
52,260,0.3614589680015393,0.5,-0.0610167290126198,0.0,0.125,0.0,hex_cells__markov__plastic__intr0__struct0__alpha_async__lesion__s2__fb15a29f7c,0.0794602398269959,0.0442927654278958,0.25,False,0.479558095854848,0.002,0.01,markov,0.68,hex_cells,40,80,0.9,0.3961608831136076,0.3,0,0.42,0.08,160,0.2879772703434312,0.2,20,1.5234337058818317,2.851312973154656e-18,0.2,plastic,sensitivity,0.0375828245100706,False,alpha_async,40,150,210,2,-1,1.0,0.6,0.6,80,0.0405184820306635,0,0,40,1.0,2,0,0.25,0.01,0.75,50.0,lesion,30.0,0.45,0.2,0.1,0.002,8.0,52,260,0.434473412221777,-0.3694895134413356,0.0,0.125,0.2814341695219533,hex_cells__ql__plastic__intr0__struct0__alpha_async__lesion__s2__311e32729d,0.0089321568304386,-0.0126161938191804,0.25,0.599698490131288,0.002,ql,40,80,0.9,0.4781665111916727,0.3,0.42,0.08,160,0.3763560215365956,20,1.2922708205631306,2.400091352565147e-18,0.2,sensitivity,-0.0013679884702082,False,40,150,210,-1,1.0,80,0.025011604871665,0,40,1.0,2,0,0.25,0.01,0.75,50.0,30.0,0.45,0.2,0.1,0.002,8.0,0.07301444422023767,0.12014039427643997,0.0389508129802788,0.2311628853187011,0.46326853679565755
52,260,0.340374579818841,0.5,0.000577953723739,0.0,0.125,0.0,hex_cells__markov__plastic__intr0__struct0__alpha_async__lesion__s1__f5eb938a3c,0.0715505140889198,0.0577506303437824,0.25,False,0.4663855420140348,0.002,0.016,markov,0.68,hex_cells,40,80,0.9,0.3679605534429183,0.3,0,0.42,0.08,160,0.2727032460205518,0.2,20,1.5245486271422033,3.0990210870837397e-18,0.2,plastic,sensitivity,0.038300422412006,False,alpha_async,40,150,210,1,-1,1.0,0.6,0.6,80,0.0515603506548017,0,0,40,1.0,2,0,0.25,0.01,0.75,50.0,lesion,30.0,0.45,0.2,0.1,0.002,8.0,52,260,0.4294481261956848,-0.3424238380507598,0.0,0.125,0.281249669753251,hex_cells__ql__plastic__intr0__struct0__alpha_async__lesion__s1__31b131786b,-4.500011161661111e-05,-0.0025156316814224,0.25,0.6070541162506937,0.002,ql,40,80,0.9,0.4625068816570508,0.3,0.42,0.08,160,0.3698398380817906,20,1.2976806432459158,2.826426008002486e-18,0.2,sensitivity,0.0067724096479231,False,40,150,210,-1,1.0,80,0.0210656713434447,0,40,1.0,2,0,0.25,0.01,0.75,50.0,30.0,0.45,0.2,0.1,0.002,8.0,0.08907354637684378,0.1406685742366589,0.0315280127640829,0.22686798389628748,0.4881381172738731
52,260,0.3713259321095618,0.5,-0.0890356391287044,0.0,0.125,0.0,hex_cells__markov__plastic__intr0__struct0__alpha_async__lesion__s2__cdfa096ef6,0.0724737856008047,0.0533943808418849,0.25,False,0.4709970999130685,0.002,0.006,markov,0.68,hex_cells,40,80,0.9,0.4137643636570352,0.3,0,0.42,0.08,160,0.2958112134135188,0.3,20,1.539321518705907,3.178620925043395e-18,0.2,plastic,sensitivity,0.0288374048057746,False,alpha_async,40,150,210,2,-1,1.0,0.6,0.6,80,0.0395592134693428,0,0,40,1.0,2,0,0.25,0.01,0.75,50.0,lesion,30.0,0.45,0.2,0.1,0.002,8.0,52,260,0.4409741374030099,-0.3746438179064705,0.0,0.125,0.2871965665643959,hex_cells__ql__plastic__intr0__struct0__alpha_async__lesion__s2__f0c65a7455,0.0188643751065266,-0.0017070876454341,0.25,0.5840312768422686,0.002,ql,40,80,0.9,0.4907888921260169,0.3,0.42,0.08,160,0.3784523919553639,20,1.2768036075070766,1.3384925680336092e-18,0.2,sensitivity,0.0111317303886067,False,40,150,210,-1,1.0,80,0.0267245067852029,0,40,1.0,2,0,0.25,0.01,0.75,50.0,30.0,0.45,0.2,0.1,0.002,8.0,0.06964820529344812,0.11303417692920015,0.017705674417167902,0.2625179111988305,0.4629059678386467
52,260,0.3517235408489427,0.5,-0.0321438410105616,0.0,0.125,0.0,hex_cells__markov__plastic__intr0__struct0__alpha_async__lesion__s1__893d1291b0,0.0755856584172144,0.0620047843226588,0.25,False,0.4577350145251271,0.002,0.01,markov,0.68,hex_cells,40,80,0.9,0.3873583183771437,0.3,0,0.42,0.08,160,0.2801242861423063,0.3,20,1.5509367459695491,2.4178822904198013e-18,0.2,plastic,sensitivity,0.0208513303097165,False,alpha_async,40,150,210,1,-1,1.0,0.6,0.6,80,0.0474151705323259,0,0,40,1.0,2,0,0.25,0.01,0.75,50.0,lesion,30.0,0.45,0.2,0.1,0.002,8.0,52,260,0.4311361927897621,-0.3575210309918746,0.0,0.125,0.2861713668610454,hex_cells__ql__plastic__intr0__struct0__alpha_async__lesion__s1__23d6f79d37,0.0053038414238908,-0.0051301494155698,0.25,0.6025321983686404,0.002,ql,40,80,0.9,0.4708709851289769,0.3,0.42,0.08,160,0.3717018384741642,20,1.3059819978848228,2.7074148163291098e-18,0.2,sensitivity,0.0001736145799386,False,40,150,210,-1,1.0,80,0.022115115027048,0,40,1.0,2,0,0.25,0.01,0.75,50.0,30.0,0.45,0.2,0.1,0.002,8.0,0.07941265194081942,0.14479718384351326,0.0206777157297779,0.24495474808472628,0.48984229959883685
52,260,0.3354036586864763,0.5,0.0027014546961749,0.0,0.125,0.0,hex_cells__markov__plastic__intr0__struct0__alpha_async__lesion__s2__953dbb799c,0.0754437434854881,0.0703111778595443,0.25,False,0.4673825829704165,0.002,0.016,markov,0.68,hex_cells,40,80,0.9,0.3638481855221169,0.3,0,0.42,0.08,160,0.2696439183916979,0.3,20,1.5307735016193849,3.670359160263867e-18,0.2,plastic,sensitivity,0.0379307631363404,False,alpha_async,40,150,210,2,-1,1.0,0.6,0.6,80,0.045551345458694,0,0,40,1.0,2,0,0.25,0.01,0.75,50.0,lesion,30.0,0.45,0.2,0.1,0.002,8.0,52,260,0.4282434989982585,-0.3488962242069084,0.0,0.125,0.2798130077762216,hex_cells__ql__plastic__intr0__struct0__alpha_async__lesion__s2__9bae29e17f,0.0086637056702026,-0.0074146477786513,0.25,0.6233633585127175,0.002,ql,40,80,0.9,0.4544682524433361,0.3,0.42,0.08,160,0.3702272743210361,20,1.267752588408533,3.1885344846621983e-18,0.2,sensitivity,0.0123493935096968,False,40,150,210,-1,1.0,80,0.0130350777657233,0,40,1.0,2,0,0.25,0.01,0.75,50.0,30.0,0.45,0.2,0.1,0.002,8.0,0.09283984031178216,0.155980775542301,0.025581369626643598,0.26302091321085186,0.5374228986915786
52,260,0.357149039623639,0.5,-0.0423443623773385,0.0,0.125,0.0,hex_cells__markov__plastic__intr0__struct0__alpha_async__lesion__s2__2bd7897216,0.081724039580827,0.0605363760784638,0.25,False,0.4691036799449841,0.002,0.006,markov,0.68,hex_cells,40,80,0.9,0.3896228668095873,0.3,0,0.42,0.08,160,0.2839882178862648,0.4,20,1.5364683695382582,3.258126978489185e-18,0.2,plastic,sensitivity,0.0430887707630213,False,alpha_async,40,150,210,2,-1,1.0,0.6,0.6,80,0.0420174502302023,0,0,40,1.0,2,0,0.25,0.01,0.75,50.0,lesion,30.0,0.45,0.2,0.1,0.002,8.0,52,260,0.4419059817442135,-0.3744148315516828,0.0,0.125,0.2863946760680295,hex_cells__ql__plastic__intr0__struct0__alpha_async__lesion__s2__da041854a9,0.008965557233011,-0.0028337548597161,0.25,0.5872044628362812,0.002,ql,40,80,0.9,0.4893468190498763,0.3,0.42,0.08,160,0.3783001710662894,20,1.2884396153485875,2.245125394029122e-18,0.2,sensitivity,0.0012208080146886,False,40,150,210,-1,1.0,80,0.0158428673249616,0,40,1.0,2,0,0.25,0.01,0.75,50.0,30.0,0.45,0.2,0.1,0.002,8.0,0.08475694212057455,0.11810078289129716,0.041867962748332696,0.24802875418967063,0.49275444194987505
52,260,0.3443622379653019,0.5,-0.0173246090211759,0.0,0.125,0.0,hex_cells__markov__plastic__intr0__struct0__alpha_async__lesion__s1__94d001303b,0.0800187848732587,0.0594028965307726,0.25,False,0.4518998633211328,0.002,0.01,markov,0.68,hex_cells,40,80,0.9,0.3797257691272206,0.3,0,0.42,0.08,160,0.2755664762079225,0.4,20,1.537256309101733,3.0692242788141198e-18,0.2,plastic,sensitivity,0.0327334309910375,False,alpha_async,40,150,210,1,-1,1.0,0.6,0.6,80,0.0464439030330894,0,0,40,1.0,2,0,0.25,0.01,0.75,50.0,lesion,30.0,0.45,0.2,0.1,0.002,8.0,52,260,0.4322043859787794,-0.3583974090257411,0.0,0.125,0.2848766114025287,hex_cells__ql__plastic__intr0__struct0__alpha_async__lesion__s1__2611701302,0.0151771817569766,-9.131481272309054e-05,0.25,0.5958667912546031,0.002,ql,40,80,0.9,0.4751513328881855,0.3,0.42,0.08,160,0.3722472982818052,20,1.2998515313108634,2.4909824942667944e-18,0.2,sensitivity,-0.0046195707533527,False,40,150,210,-1,1.0,80,0.0216901034992023,0,40,1.0,2,0,0.25,0.01,0.75,50.0,30.0,0.45,0.2,0.1,0.002,8.0,0.0878421480134775,0.14396692793347027,0.0373530017443902,0.23740477779086966,0.5065668554822076
52,260,0.3442092059555698,0.5,-0.0051811714119818,0.0,0.125,0.0,hex_cells__markov__plastic__intr0__struct0__alpha_async__lesion__s2__9b993b1233,0.0750388922853802,0.0607028146714954,0.25,False,0.4732027054977805,0.002,0.016,markov,0.68,hex_cells,40,80,0.9,0.3697765513164806,0.3,0,0.42,0.08,160,0.2738925278947133,0.4,20,1.527543018503574,2.6090070169838327e-18,0.2,plastic,sensitivity,0.0416527471144448,False,alpha_async,40,150,210,2,-1,1.0,0.6,0.6,80,0.0479580337352509,0,0,40,1.0,2,0,0.25,0.01,0.75,50.0,lesion,30.0,0.45,0.2,0.1,0.002,8.0,52,260,0.428187734418348,-0.343986002719306,0.0,0.125,0.282216654003033,hex_cells__ql__plastic__intr0__struct0__alpha_async__lesion__s2__697db764e1,-0.0034352759812605,0.0062162649650831,0.25,0.6167721526392033,0.002,ql,40,80,0.9,0.4566485868275001,0.3,0.42,0.08,160,0.3667319293299101,20,1.290126580140603,3.0390512904615165e-18,0.2,sensitivity,-0.0071773737508197,False,40,150,210,-1,1.0,80,0.0200883247401133,0,40,1.0,2,0,0.25,0.01,0.75,50.0,30.0,0.45,0.2,0.1,0.002,8.0,0.0839785284627782,0.14356944714142278,0.0488301208652645,0.2374164383629711,0.5137945348324366
52,260,0.1082729227277258,0.5,0.5236697305643979,0.0,0.125,0.0,honeycomb__markov__plastic__intr0__struct0__alpha_async__lesion__s2__7eb288ee06,0.3735525639248064,0.3129309820690949,0.25,False,0.201110321056122,0.002,0.006,markov,0.58,honeycomb,40,80,0.9,0.0965026810160998,0.3,0,0.42,0.08,160,0.1073058425867669,0.2,20,0.9536841056349458,3.303763855042073e-18,0.2,plastic,sensitivity,0.3359137291958863,False,alpha_async,40,150,210,2,-1,1.0,0.6,0.6,80,0.1417812866606915,0,0,40,1.0,2,0,0.25,0.01,0.75,50.0,lesion,30.0,0.45,0.2,0.1,0.002,8.0,52,260,0.2952212997103698,0.1756710143662931,0.0,0.125,0.3958403312460614,honeycomb__ql__plastic__intr0__struct0__alpha_async__lesion__s2__c75ea42cab,0.1368522890955113,0.1146160673949178,0.25,0.6420370862706457,0.002,ql,40,80,0.9,0.2228898855970688,0.3,0.42,0.08,160,0.2546662974648618,20,1.512888921128364,1.3430879119922098e-18,0.2,sensitivity,0.0938966872624152,False,40,150,210,-1,1.0,80,0.1039892392672961,0,40,1.0,2,0,0.25,0.01,0.75,50.0,30.0,0.45,0.2,0.1,0.002,8.0,0.186948376982644,0.4409267652145237,0.24201704193347112,0.5592048154934183,1.4290969996240572
52,260,0.1160640459432048,0.5,0.546444560973463,0.0,0.125,0.0,honeycomb__markov__plastic__intr0__struct0__alpha_async__lesion__s1__9a2ad312b2,0.3680703294183576,0.3090159546175636,0.25,False,0.2169693758422336,0.002,0.01,markov,0.58,honeycomb,40,80,0.9,0.0989251832358211,0.3,0,0.42,0.08,160,0.1120333079794484,0.2,20,1.0014766195885296,4.873526918579492e-18,0.2,plastic,sensitivity,0.3298279027595727,False,alpha_async,40,150,210,1,-1,1.0,0.6,0.6,80,0.1360866994779096,0,0,40,1.0,2,0,0.25,0.01,0.75,50.0,lesion,30.0,0.45,0.2,0.1,0.002,8.0,52,260,0.2845835097930915,0.2144600456304269,0.0,0.125,0.4010581101228334,honeycomb__ql__plastic__intr0__struct0__alpha_async__lesion__s1__8839f72faf,0.1398937004321319,0.1129627302477127,0.25,0.636014589071578,0.002,ql,40,80,0.9,0.2084730905403122,0.3,0.42,0.08,160,0.2500260705956154,20,1.4805445803196389,3.0512325344933783e-18,0.2,sensitivity,0.1198916426274596,False,40,150,210,-1,1.0,80,0.1267879324590661,0,40,1.0,2,0,0.25,0.01,0.75,50.0,30.0,0.45,0.2,0.1,0.002,8.0,0.1685194638498867,0.4190452132293444,0.20993626013211308,0.47906796073110924,1.2765688979424534
52,260,0.1180147737408009,0.5,0.52915304541737,0.0,0.125,0.0,honeycomb__markov__plastic__intr0__struct0__alpha_async__lesion__s2__9f0033bdbb,0.3404981808250487,0.301251685195545,0.25,False,0.2194680351491355,0.002,0.016,markov,0.58,honeycomb,40,80,0.9,0.1028196522606706,0.3,0,0.42,0.08,160,0.1148135718820279,0.2,20,1.0088531177332625,2.3603997580559607e-18,0.2,plastic,sensitivity,0.3101172976539322,False,alpha_async,40,150,210,2,-1,1.0,0.6,0.6,80,0.147915805821165,0,0,40,1.0,2,0,0.25,0.01,0.75,50.0,lesion,30.0,0.45,0.2,0.1,0.002,8.0,52,260,0.307434608217553,0.1380072053788252,0.0,0.125,0.3798416164193018,honeycomb__ql__plastic__intr0__struct0__alpha_async__lesion__s2__72f3699870,0.1055344442132096,0.0958205201574105,0.25,0.6574939305435955,0.002,ql,40,80,0.9,0.2344315126792451,0.3,0.42,0.08,160,0.2658330915916715,20,1.5143566200667926,3.8216117567376554e-18,0.2,sensitivity,0.081319617367853,False,40,150,210,-1,1.0,80,0.0829035978952223,0,40,1.0,2,0,0.25,0.01,0.75,50.0,30.0,0.45,0.2,0.1,0.002,8.0,0.1894198344767521,0.43802589539446,0.22879768028607922,0.5055035023335301,1.3617469124908215
52,260,0.1087860097089436,0.5,0.5371846002385107,0.0,0.125,0.0,honeycomb__markov__plastic__intr0__struct0__alpha_async__lesion__s2__dc1d53cad6,0.3569054396521373,0.3076361037654633,0.25,False,0.203773382002921,0.002,0.006,markov,0.58,honeycomb,40,80,0.9,0.094463994798275,0.3,0,0.42,0.08,160,0.1091773668882757,0.3,20,0.9576470453149274,4.121374406976158e-18,0.2,plastic,sensitivity,0.3606554837691776,False,alpha_async,40,150,210,2,-1,1.0,0.6,0.6,80,0.1460618708606334,0,0,40,1.0,2,0,0.25,0.01,0.75,50.0,lesion,30.0,0.45,0.2,0.1,0.002,8.0,52,260,0.2874292175925766,0.2040276806668643,0.0,0.125,0.3970226862140115,honeycomb__ql__plastic__intr0__struct0__alpha_async__lesion__s2__b0cec03f82,0.1350611461254172,0.1167169125940118,0.25,0.6385218337281313,0.002,ql,40,80,0.9,0.2115316805780829,0.3,0.42,0.08,160,0.2523712087719706,20,1.479592373690265,2.8778177249387842e-18,0.2,sensitivity,0.1046804421711456,False,40,150,210,-1,1.0,80,0.1074181541199133,0,40,1.0,2,0,0.25,0.01,0.75,50.0,30.0,0.45,0.2,0.1,0.002,8.0,0.17864320788363303,0.4347484517252103,0.255975041598032,0.5219453283753376,1.3913120295822128
52,260,0.1069415069552653,0.5,0.5293749095158853,0.0,0.125,0.0,honeycomb__markov__plastic__intr0__struct0__alpha_async__lesion__s2__8e593ac91d,0.3625962907315517,0.3047609060355818,0.25,False,0.201437973853666,0.002,0.01,markov,0.58,honeycomb,40,80,0.9,0.0948741832948503,0.3,0,0.42,0.08,160,0.1085247868882693,0.3,20,0.9491904554069084,4.152028392218173e-18,0.2,plastic,sensitivity,0.3514133036007905,False,alpha_async,40,150,210,2,-1,1.0,0.6,0.6,80,0.1466070909055246,0,0,40,1.0,2,0,0.25,0.01,0.75,50.0,lesion,30.0,0.45,0.2,0.1,0.002,8.0,52,260,0.2824110140832483,0.2039339389569932,0.0,0.125,0.4013558838835699,honeycomb__ql__plastic__intr0__struct0__alpha_async__lesion__s2__b3e701726c,0.1431112485158726,0.1164432178849711,0.25,0.6306377712234577,0.002,ql,40,80,0.9,0.209919852586729,0.3,0.42,0.08,160,0.2481787530168723,20,1.465834342092587,4.061517316616762e-18,0.2,sensitivity,0.0982690361341502,False,40,150,210,-1,1.0,80,0.1040487925540516,0,40,1.0,2,0,0.25,0.01,0.75,50.0,30.0,0.45,0.2,0.1,0.002,8.0,0.175469507127983,0.42919979736979164,0.2531442674666403,0.5166438866856786,1.3744574586500935
52,260,0.1018235964947949,0.5,0.5483712514897039,0.0,0.125,0.0,honeycomb__markov__plastic__intr0__struct0__alpha_async__lesion__s2__9ac76cea15,0.3880125585688601,0.340853374586386,0.25,False,0.1918828493939539,0.002,0.016,markov,0.58,honeycomb,40,80,0.9,0.0880760694497067,0.3,0,0.42,0.08,160,0.1029276819371383,0.3,20,0.9167489145496512,3.0668129790874e-18,0.2,plastic,sensitivity,0.3566031463969141,False,alpha_async,40,150,210,2,-1,1.0,0.6,0.6,80,0.1353402176446998,0,0,40,1.0,2,0,0.25,0.01,0.75,50.0,lesion,30.0,0.45,0.2,0.1,0.002,8.0,52,260,0.2821117578061526,0.2151958228077579,0.0,0.125,0.4051686146976363,honeycomb__ql__plastic__intr0__struct0__alpha_async__lesion__s2__e4b02c2a5f,0.1299641788720452,0.1072458689038822,0.25,0.6303803845758859,0.002,ql,40,80,0.9,0.2072189803703273,0.3,0.42,0.08,160,0.2474299231750055,20,1.4770553447550625,3.1914351218132506e-18,0.2,sensitivity,0.1141886223018834,False,40,150,210,-1,1.0,80,0.1235406032091237,0,40,1.0,2,0,0.25,0.01,0.75,50.0,30.0,0.45,0.2,0.1,0.002,8.0,0.18028816131135772,0.43849753518193196,0.2424145240950307,0.5603064302054113,1.4215066507937317
52,260,0.0917560851888364,0.5,0.5383560108424034,0.0,0.125,0.0,honeycomb__markov__plastic__intr0__struct0__alpha_async__lesion__s2__e0223df0b1,0.4091422783448106,0.3113604026506531,0.25,False,0.1707703257189112,0.002,0.006,markov,0.58,honeycomb,40,80,0.9,0.0820442337420501,0.3,0,0.42,0.08,160,0.0964674245974567,0.4,20,0.8601421509946182,1.6266407522256031e-18,0.2,plastic,sensitivity,0.4004040021427901,False,alpha_async,40,150,210,2,-1,1.0,0.6,0.6,80,0.1299687827596157,0,0,40,1.0,2,0,0.25,0.01,0.75,50.0,lesion,30.0,0.45,0.2,0.1,0.002,8.0,52,260,0.2651916018900666,0.2459412757296295,0.0,0.125,0.4152333990488995,honeycomb__ql__plastic__intr0__struct0__alpha_async__lesion__s2__bd34343ce2,0.1639336508638307,0.1404077363044887,0.25,0.6121303139734012,0.002,ql,40,80,0.9,0.1915976731560244,0.3,0.42,0.08,160,0.2362143513302849,20,1.4385068610032985,2.164460596766421e-18,0.2,sensitivity,0.1464839642462486,False,40,150,210,-1,1.0,80,0.1415152671377234,0,40,1.0,2,0,0.25,0.01,0.75,50.0,30.0,0.45,0.2,0.1,0.002,8.0,0.17343551670123017,0.44135998825449,0.2539200378965415,0.5783647100086803,1.447080252860942
52,260,0.1072428404828058,0.5,0.5374578574945444,0.0,0.125,0.0,honeycomb__markov__plastic__intr0__struct0__alpha_async__lesion__s1__31799e6d21,0.3758058077438627,0.3324684799134687,0.25,False,0.1996144956177472,0.002,0.01,markov,0.58,honeycomb,40,80,0.9,0.0931361194675092,0.3,0,0.42,0.08,160,0.1079588909748493,0.4,20,0.951418174264297,6.135871671514396e-18,0.2,plastic,sensitivity,0.3468276381379249,False,alpha_async,40,150,210,1,-1,1.0,0.6,0.6,80,0.133832367306745,0,0,40,1.0,2,0,0.25,0.01,0.75,50.0,lesion,30.0,0.45,0.2,0.1,0.002,8.0,52,260,0.28421329653646,0.2057664016345122,0.0,0.125,0.4025419890861209,honeycomb__ql__plastic__intr0__struct0__alpha_async__lesion__s1__46f1601b7e,0.139225852044707,0.1090716833741674,0.25,0.6303113070103517,0.002,ql,40,80,0.9,0.2116603747647497,0.3,0.42,0.08,160,0.2512683853269779,20,1.4922979906275688,2.9725561588165167e-18,0.2,sensitivity,0.1102555089983934,False,40,150,210,-1,1.0,80,0.1142395365702343,0,40,1.0,2,0,0.25,0.01,0.75,50.0,30.0,0.45,0.2,0.1,0.002,8.0,0.1769704560536542,0.43069681139260446,0.2365721291395315,0.5408798163632719,1.385119212949062
52,260,0.1053857813337734,0.5,0.5442936963882645,0.0,0.125,0.0,honeycomb__markov__plastic__intr0__struct0__alpha_async__lesion__s1__60d52e394e,0.3731984495523434,0.3202960284824094,0.25,False,0.1991139162484098,0.002,0.016,markov,0.58,honeycomb,40,80,0.9,0.0911331899187111,0.3,0,0.42,0.08,160,0.1062558922375089,0.4,20,0.9313744035577542,5.643921324149846e-18,0.2,plastic,sensitivity,0.3625461062835436,False,alpha_async,40,150,210,1,-1,1.0,0.6,0.6,80,0.1360375745552412,0,0,40,1.0,2,0,0.25,0.01,0.75,50.0,lesion,30.0,0.45,0.2,0.1,0.002,8.0,52,260,0.2738897815128594,0.2326165741022988,0.0,0.125,0.4096625619532029,honeycomb__ql__plastic__intr0__struct0__alpha_async__lesion__s1__63ae70cf74,0.1527900834630932,0.1320515904190874,0.25,0.6231453208390677,0.002,ql,40,80,0.9,0.1996070649674723,0.3,0.42,0.08,160,0.2426644369595159,20,1.4506753217142254,3.7451819749927675e-18,0.2,sensitivity,0.1231550094394631,False,40,150,210,-1,1.0,80,0.1271336787191547,0,40,1.0,2,0,0.25,0.01,0.75,50.0,30.0,0.45,0.2,0.1,0.002,8.0,0.168504000179086,0.4240314045906579,0.2393910968440805,0.5193009181564712,1.3512274197702956
52,260,0.1159269667585677,0.5,0.5102716625398073,0.0,0.125,0.0,honeycomb__markov__plastic__intr0__struct0__alpha_async__lesion__s2__9ac2c86b4e,0.3494515960670377,0.302491796013929,0.25,False,0.2141801844886224,0.002,0.006,markov,0.62,honeycomb,40,80,0.9,0.1046039847178689,0.3,0,0.42,0.08,160,0.1126674487664378,0.2,20,0.9984871988248534,2.7610405817960887e-18,0.2,plastic,sensitivity,0.3158224677216665,False,alpha_async,40,150,210,2,-1,1.0,0.6,0.6,80,0.1343902740328695,0,0,40,1.0,2,0,0.25,0.01,0.75,50.0,lesion,30.0,0.45,0.2,0.1,0.002,8.0,52,260,0.3036349233322399,0.1673585289264393,0.0,0.125,0.3850075623247486,honeycomb__ql__plastic__intr0__struct0__alpha_async__lesion__s2__8e3c151853,0.0960853605993374,0.0909652823923686,0.25,0.6445024496715829,0.002,ql,40,80,0.9,0.2319069904522278,0.3,0.42,0.08,160,0.2614276536522892,20,1.52504150401987,2.715961817910849e-18,0.2,sensitivity,0.0709470218026274,False,40,150,210,-1,1.0,80,0.0870114569419793,0,40,1.0,2,0,0.25,0.01,0.75,50.0,30.0,0.45,0.2,0.1,0.002,8.0,0.1877079565736722,0.43032226518296046,0.2448754459190391,0.5265543051950166,1.3894599728706885
52,260,0.109336977939776,0.5,0.5490025302218412,0.0,0.125,0.0,honeycomb__markov__plastic__intr0__struct0__alpha_async__lesion__s1__61e6376ca5,0.3756077608054877,0.3286816881984301,0.25,False,0.2025364956054801,0.002,0.01,markov,0.62,honeycomb,40,80,0.9,0.0938413339856389,0.3,0,0.42,0.08,160,0.1073646505231185,0.2,20,0.9704152222929632,6.181161369475889e-18,0.2,plastic,sensitivity,0.3449454413094999,False,alpha_async,40,150,210,1,-1,1.0,0.6,0.6,80,0.1338492383363174,0,0,40,1.0,2,0,0.25,0.01,0.75,50.0,lesion,30.0,0.45,0.2,0.1,0.002,8.0,52,260,0.2873305484431498,0.1932500748283359,0.0,0.125,0.3944673526477031,honeycomb__ql__plastic__intr0__struct0__alpha_async__lesion__s1__85bfae5b87,0.1025572747748098,0.1117398522773443,0.25,0.6313529220833495,0.002,ql,40,80,0.9,0.2184698942166707,0.3,0.42,0.08,160,0.2540188822924329,20,1.4890880743740729,2.7721045254124883e-18,0.2,sensitivity,0.081842686491098,False,40,150,210,-1,1.0,80,0.1008691441770571,0,40,1.0,2,0,0.25,0.01,0.75,50.0,30.0,0.45,0.2,0.1,0.002,8.0,0.17799357050337383,0.4288164264778694,0.2631027548184019,0.5186728520811097,1.388585603880755
52,260,0.1119040771448197,0.5,0.5394750108708471,0.0,0.125,0.0,honeycomb__markov__plastic__intr0__struct0__alpha_async__lesion__s1__0a216163aa,0.3541198775144146,0.2882516947342626,0.25,False,0.2086527793761667,0.002,0.016,markov,0.62,honeycomb,40,80,0.9,0.0967867566620408,0.3,0,0.42,0.08,160,0.111959459956975,0.2,20,0.9825638570342718,7.746866721143937e-18,0.2,plastic,sensitivity,0.3289361167270798,False,alpha_async,40,150,210,1,-1,1.0,0.6,0.6,80,0.1412559335424789,0,0,40,1.0,2,0,0.25,0.01,0.75,50.0,lesion,30.0,0.45,0.2,0.1,0.002,8.0,52,260,0.2927070609929886,0.2115084814067331,0.0,0.125,0.3941945548843682,honeycomb__ql__plastic__intr0__struct0__alpha_async__lesion__s1__fe24bc34f4,0.125283461539017,0.1079121922988224,0.25,0.6367352809239641,0.002,ql,40,80,0.9,0.2154430245631178,0.3,0.42,0.08,160,0.2560357885960411,20,1.505686415852521,2.493803496963264e-18,0.2,sensitivity,0.0956216143968021,False,40,150,210,-1,1.0,80,0.1177910976884867,0,40,1.0,2,0,0.25,0.01,0.75,50.0,30.0,0.45,0.2,0.1,0.002,8.0,0.1808029838481689,0.4280825015477975,0.23331450233027767,0.5231225588182491,1.3653225465444931
52,260,0.1065146892422669,0.5,0.5403346243081449,0.0,0.125,0.0,honeycomb__markov__plastic__intr0__struct0__alpha_async__lesion__s1__928304720c,0.354049932857211,0.3191050586183612,0.25,False,0.199455508711434,0.002,0.006,markov,0.62,honeycomb,40,80,0.9,0.0928561989716661,0.3,0,0.42,0.08,160,0.1059943653520679,0.3,20,0.9390511446204174,4.330835034371017e-18,0.2,plastic,sensitivity,0.3356364592067667,False,alpha_async,40,150,210,1,-1,1.0,0.6,0.6,80,0.1300938967971468,0,0,40,1.0,2,0,0.25,0.01,0.75,50.0,lesion,30.0,0.45,0.2,0.1,0.002,8.0,52,260,0.291156463053293,0.1657955217111062,0.0,0.125,0.395443292127557,honeycomb__ql__plastic__intr0__struct0__alpha_async__lesion__s1__0997bead36,0.1213647543341033,0.1118389997210435,0.25,0.6332524871244116,0.002,ql,40,80,0.9,0.2249137437056939,0.3,0.42,0.08,160,0.2543359153342956,20,1.4931947178709697,1.333032199074726e-18,0.2,sensitivity,0.0881097278796746,False,40,150,210,-1,1.0,80,0.0929450070114762,0,40,1.0,2,0,0.25,0.01,0.75,50.0,30.0,0.45,0.2,0.1,0.002,8.0,0.18464177381102612,0.4337969784129776,0.24752673132709213,0.5541435732505523,1.4201090568016481
52,260,0.1173617654079184,0.5,0.5243986852808568,0.0,0.125,0.0,honeycomb__markov__plastic__intr0__struct0__alpha_async__lesion__s1__1e0b61fac4,0.3623532011428365,0.2693404727883108,0.25,False,0.2160653846733088,0.002,0.01,markov,0.62,honeycomb,40,80,0.9,0.103342699839177,0.3,0,0.42,0.08,160,0.1126764137337203,0.3,20,1.0100207728396369,2.676079181515125e-18,0.2,plastic,sensitivity,0.3505876886250725,False,alpha_async,40,150,210,1,-1,1.0,0.6,0.6,80,0.1413358824141641,0,0,40,1.0,2,0,0.25,0.01,0.75,50.0,lesion,30.0,0.45,0.2,0.1,0.002,8.0,52,260,0.2979780162174109,0.1491471206811896,0.0,0.125,0.3882525459082548,honeycomb__ql__plastic__intr0__struct0__alpha_async__lesion__s1__4cbd65102c,0.1027870387737693,0.0926935052215223,0.25,0.644187780932303,0.002,ql,40,80,0.9,0.2318697904254027,0.3,0.42,0.08,160,0.2615709490741307,20,1.48668845199201,3.533995578215384e-18,0.2,sensitivity,0.0704339290126624,False,40,150,210,-1,1.0,80,0.0836672322136793,0,40,1.0,2,0,0.25,0.01,0.75,50.0,30.0,0.45,0.2,0.1,0.002,8.0,0.18061625080949248,0.4281223962589942,0.28015375961241007,0.4766676791523732,1.36556008583327
52,260,0.1201513399144293,0.5,0.5492546755650526,0.0,0.125,0.0,honeycomb__markov__plastic__intr0__struct0__alpha_async__lesion__s1__70ff6e1dd8,0.325080072320783,0.3132100984778629,0.25,False,0.2217984408420237,0.002,0.016,markov,0.62,honeycomb,40,80,0.9,0.1010449654479015,0.3,0,0.42,0.08,160,0.1131761387382125,0.3,20,1.0085086417116174,3.872893553442179e-18,0.2,plastic,sensitivity,0.2795273987850455,False,alpha_async,40,150,210,1,-1,1.0,0.6,0.6,80,0.138747705110011,0,0,40,1.0,2,0,0.25,0.01,0.75,50.0,lesion,30.0,0.45,0.2,0.1,0.002,8.0,52,260,0.3159661648161203,0.1048115830275219,0.0,0.125,0.374576173975293,honeycomb__ql__plastic__intr0__struct0__alpha_async__lesion__s1__fcf29d1c39,0.0901941763267498,0.0671920340258751,0.25,0.6622765774404514,0.002,ql,40,80,0.9,0.2491014306555533,0.3,0.42,0.08,160,0.274644647173433,20,1.5192570876752989,1.7229831339786601e-18,0.2,sensitivity,0.0441910018088614,False,40,150,210,-1,1.0,80,0.0641020869273494,0,40,1.0,2,0,0.25,0.01,0.75,50.0,30.0,0.45,0.2,0.1,0.002,8.0,0.19581482490169097,0.4404781365984277,0.2353363969761841,0.5107484459636815,1.3823778044399844
52,260,0.097238476291123,0.5,0.5463751552308423,0.0,0.125,0.0,honeycomb__markov__plastic__intr0__struct0__alpha_async__lesion__s1__e63cda1d94,0.4024361135888787,0.3292749410742204,0.25,False,0.1799844749454595,0.002,0.006,markov,0.62,honeycomb,40,80,0.9,0.0855412835144965,0.3,0,0.42,0.08,160,0.0990014881500395,0.4,20,0.8934592253509134,6.47339866280221e-18,0.2,plastic,sensitivity,0.372938850582555,False,alpha_async,40,150,210,1,-1,1.0,0.6,0.6,80,0.1322119527642228,0,0,40,1.0,2,0,0.25,0.01,0.75,50.0,lesion,30.0,0.45,0.2,0.1,0.002,8.0,52,260,0.2965104166873784,0.1764499592940147,0.0,0.125,0.3931013935873965,honeycomb__ql__plastic__intr0__struct0__alpha_async__lesion__s1__9feb00565b,0.1262167136946662,0.1102837268044882,0.25,0.6390624975517333,0.002,ql,40,80,0.9,0.2272630900901786,0.3,0.42,0.08,160,0.2577499006788681,20,1.509197829536354,1.1358595804364065e-18,0.2,sensitivity,0.1050465843962448,False,40,150,210,-1,1.0,80,0.0884590159208913,0,40,1.0,2,0,0.25,0.01,0.75,50.0,30.0,0.45,0.2,0.1,0.002,8.0,0.19927194039625537,0.4590780226062738,0.2678922661863102,0.6157386041854406,1.54198083337428
52,260,0.1007486591661035,0.5,0.5416028803446887,0.0,0.125,0.0,honeycomb__markov__plastic__intr0__struct0__alpha_async__lesion__s1__866ecd07e6,0.3840735774589074,0.3038124037676112,0.25,False,0.1865520667134061,0.002,0.01,markov,0.62,honeycomb,40,80,0.9,0.0883885928788559,0.3,0,0.42,0.08,160,0.1023506116839172,0.4,20,0.9094244917177172,6.6931689023769096e-18,0.2,plastic,sensitivity,0.3650122286163232,False,alpha_async,40,150,210,1,-1,1.0,0.6,0.6,80,0.1293261853173151,0,0,40,1.0,2,0,0.25,0.01,0.75,50.0,lesion,30.0,0.45,0.2,0.1,0.002,8.0,52,260,0.2998663120105003,0.1846394313423373,0.0,0.125,0.3898193554070915,honeycomb__ql__plastic__intr0__struct0__alpha_async__lesion__s1__31075eff88,0.1352515308976613,0.1078807624030605,0.25,0.6432978889774449,0.002,ql,40,80,0.9,0.2256713187531702,0.3,0.42,0.08,160,0.2594508636081828,20,1.5134869721703694,3.097251044504769e-18,0.2,sensitivity,0.1007356352141059,False,40,150,210,-1,1.0,80,0.1024023164227395,0,40,1.0,2,0,0.25,0.01,0.75,50.0,30.0,0.45,0.2,0.1,0.002,8.0,0.1991176528443968,0.4567458222640388,0.2642765934022173,0.6040624804526522,1.524202548963305
52,260,0.1017250624131734,0.5,0.5574211861976855,0.0,0.125,0.0,honeycomb__markov__plastic__intr0__struct0__alpha_async__lesion__s2__7a2d94e954,0.3841820671509639,0.3152063301775075,0.25,False,0.1874202200394475,0.002,0.016,markov,0.62,honeycomb,40,80,0.9,0.0871861841484389,0.3,0,0.42,0.08,160,0.1011323304879958,0.4,20,0.9276224555896092,7.35563114575541e-18,0.2,plastic,sensitivity,0.3684867573557964,False,alpha_async,40,150,210,2,-1,1.0,0.6,0.6,80,0.1395360928201466,0,0,40,1.0,2,0,0.25,0.01,0.75,50.0,lesion,30.0,0.45,0.2,0.1,0.002,8.0,52,260,0.2918820671015157,0.1902597194435753,0.0,0.125,0.3982745100739643,honeycomb__ql__plastic__intr0__struct0__alpha_async__lesion__s2__d955db5e6d,0.1102351347567098,0.1196231646158972,0.25,0.6356526129176714,0.002,ql,40,80,0.9,0.2204088949763054,0.3,0.42,0.08,160,0.2512719866155674,20,1.4907242767152669,3.079221605954363e-18,0.2,sensitivity,0.0616698007117026,False,40,150,210,-1,1.0,80,0.1014757013680571,0,40,1.0,2,0,0.25,0.01,0.75,50.0,30.0,0.45,0.2,0.1,0.002,8.0,0.1901570046883423,0.4482323928782239,0.3068169566440938,0.5631018211256577,1.5083081753363177
52,260,0.1278194218306533,0.5,0.5070542408017208,0.0,0.125,0.0,honeycomb__markov__plastic__intr0__struct0__alpha_async__lesion__s1__d1f10641bd,0.3244939613297063,0.3031770973738824,0.25,False,0.2304166690910467,0.002,0.006,markov,0.68,honeycomb,40,80,0.9,0.1140101581401226,0.3,0,0.42,0.08,160,0.1199156715240933,0.2,20,1.0596063727210645,5.2066137987649286e-18,0.2,plastic,sensitivity,0.2867587136504552,False,alpha_async,40,150,210,1,-1,1.0,0.6,0.6,80,0.1491514367903275,0,0,40,1.0,2,0,0.25,0.01,0.75,50.0,lesion,30.0,0.45,0.2,0.1,0.002,8.0,52,260,0.352821575973675,0.0104763086750903,0.0,0.125,0.3487674848131505,honeycomb__ql__plastic__intr0__struct0__alpha_async__lesion__s1__5b17ecfa7f,0.0435064936809036,0.0512679884834854,0.25,0.6853910872702825,0.002,ql,40,80,0.9,0.2893181933260811,0.3,0.42,0.08,160,0.297670764064807,20,1.5444975756570667,2.295414330039518e-18,0.2,sensitivity,0.0072603553739435,False,40,150,210,-1,1.0,80,0.0251319899773362,0,40,1.0,2,0,0.25,0.01,0.75,50.0,30.0,0.45,0.2,0.1,0.002,8.0,0.22500215414302166,0.45497441817923584,0.2794983582765117,0.4848912029360022,1.4443661335347713
52,260,0.1131305035734315,0.5,0.5093313519663522,0.0,0.125,0.0,honeycomb__markov__plastic__intr0__struct0__alpha_async__lesion__s2__2cfaf722f6,0.3411187076813836,0.3018104653952842,0.25,False,0.2015593552390723,0.002,0.01,markov,0.68,honeycomb,40,80,0.9,0.1029589735170572,0.3,0,0.42,0.08,160,0.1100517715522063,0.2,20,0.9895693335109657,3.041122042656621e-18,0.2,plastic,sensitivity,0.309215581602995,False,alpha_async,40,150,210,2,-1,1.0,0.6,0.6,80,0.1379901979085562,0,0,40,1.0,2,0,0.25,0.01,0.75,50.0,lesion,30.0,0.45,0.2,0.1,0.002,8.0,52,260,0.3309811254528649,0.0569666783411422,0.0,0.125,0.360475991637991,honeycomb__ql__plastic__intr0__struct0__alpha_async__lesion__s2__550e4d3d9d,0.0535435141578973,0.0443205503464126,0.25,0.6606787491813281,0.002,ql,40,80,0.9,0.2727937299300625,0.3,0.42,0.08,160,0.282338868498125,20,1.536788116027649,2.992313414041415e-18,0.2,sensitivity,0.0352599398909073,False,40,150,210,-1,1.0,80,0.0419268302987798,0,40,1.0,2,0,0.25,0.01,0.75,50.0,30.0,0.45,0.2,0.1,0.002,8.0,0.21785062187943338,0.45911939394225576,0.2739556417120877,0.5472187825166834,1.4981444400504602
52,260,0.0994687984998,0.5,0.5388365088811998,0.0,0.125,0.0,honeycomb__markov__plastic__intr0__struct0__alpha_async__lesion__s2__542f985492,0.3820059443891435,0.2973702899927168,0.25,False,0.1848342596156975,0.002,0.016,markov,0.68,honeycomb,40,80,0.9,0.0876139034957901,0.3,0,0.42,0.08,160,0.1007198140274954,0.2,20,0.9033410061464155,6.276622649029518e-18,0.2,plastic,sensitivity,0.3794371127319125,False,alpha_async,40,150,210,2,-1,1.0,0.6,0.6,80,0.1269696022525931,0,0,40,1.0,2,0,0.25,0.01,0.75,50.0,lesion,30.0,0.45,0.2,0.1,0.002,8.0,52,260,0.3214815294955544,0.115144088368218,0.0,0.125,0.3719334361921106,honeycomb__ql__plastic__intr0__struct0__alpha_async__lesion__s2__2818f31c46,0.07661999705088,0.0520346450970201,0.25,0.6570570932667402,0.002,ql,40,80,0.9,0.2555058534033514,0.3,0.42,0.08,160,0.2750208524157833,20,1.5207318086440498,2.3750487978343942e-18,0.2,sensitivity,0.0438842693423237,False,40,150,210,-1,1.0,80,0.0513767423667809,0,40,1.0,2,0,0.25,0.01,0.75,50.0,30.0,0.45,0.2,0.1,0.002,8.0,0.22201273099575441,0.47222283365104273,0.3355528433895888,0.6173908024976342,1.6471792105340202
52,260,0.1097831125937012,0.5,0.5168736270058812,0.0,0.125,0.0,honeycomb__markov__plastic__intr0__struct0__alpha_async__lesion__s1__ee8fe9be9e,0.3491427986227614,0.3425768880107198,0.25,False,0.1996870686805953,0.002,0.006,markov,0.68,honeycomb,40,80,0.9,0.0993505282691435,0.3,0,0.42,0.08,160,0.1074745372986751,0.3,20,0.9697075839465148,3.372521029303556e-18,0.2,plastic,sensitivity,0.3130527630554726,False,alpha_async,40,150,210,1,-1,1.0,0.6,0.6,80,0.1258731638294592,0,0,40,1.0,2,0,0.25,0.01,0.75,50.0,lesion,30.0,0.45,0.2,0.1,0.002,8.0,52,260,0.3468533136335817,0.0252125751127162,0.0,0.125,0.3517857113475365,honeycomb__ql__plastic__intr0__struct0__alpha_async__lesion__s1__ec1d0e4b02,0.0543098643520212,0.0422865386102097,0.25,0.6827536890785512,0.002,ql,40,80,0.9,0.2825131657992619,0.3,0.42,0.08,160,0.2947206632997368,20,1.541181123462186,2.591835719950759e-18,0.2,sensitivity,0.0293768974855062,False,40,150,210,-1,1.0,80,0.0254814630176606,0,40,1.0,2,0,0.25,0.01,0.75,50.0,30.0,0.45,0.2,0.1,0.002,8.0,0.23707020103988047,0.4830666203979559,0.2836758655699664,0.5714735395156711,1.5752862265234737
52,260,0.1150600628641808,0.5,0.5071462266914589,0.0,0.125,0.0,honeycomb__markov__plastic__intr0__struct0__alpha_async__lesion__s1__e9827c37f6,0.3389429838244155,0.2809613873121001,0.25,False,0.2112880268458788,0.002,0.01,markov,0.68,honeycomb,40,80,0.9,0.1048614335418861,0.3,0,0.42,0.08,160,0.112607583870019,0.3,20,0.99557023529927,3.624991824836181e-18,0.2,plastic,sensitivity,0.299544920822195,False,alpha_async,40,150,210,1,-1,1.0,0.6,0.6,80,0.1339755601584662,0,0,40,1.0,2,0,0.25,0.01,0.75,50.0,lesion,30.0,0.45,0.2,0.1,0.002,8.0,52,260,0.3394257419728169,0.020292449529163,0.0,0.125,0.3571095439625015,honeycomb__ql__plastic__intr0__struct0__alpha_async__lesion__s1__b536cf21d6,0.0627215602734342,0.0649490826762023,0.25,0.6651026580545462,0.002,ql,40,80,0.9,0.2869973888681676,0.3,0.42,0.08,160,0.2903453911293833,20,1.5663367846724812,2.3843622357809418e-18,0.2,sensitivity,0.0233176806625617,False,40,150,210,-1,1.0,80,0.0401684853804734,0,40,1.0,2,0,0.25,0.01,0.75,50.0,30.0,0.45,0.2,0.1,0.002,8.0,0.22436567910863608,0.4538146312086674,0.27622724015963335,0.5707665493732111,1.525174099850148
52,260,0.1233427978776178,0.5,0.5132838648152437,0.0,0.125,0.0,honeycomb__markov__plastic__intr0__struct0__alpha_async__lesion__s1__ac29c25443,0.3264453212538631,0.2719699464672771,0.25,False,0.2249660943911993,0.002,0.016,markov,0.68,honeycomb,40,80,0.9,0.1099967820145827,0.3,0,0.42,0.08,160,0.1185889853111343,0.3,20,1.0387280805402157,4.4169619735031465e-18,0.2,plastic,sensitivity,0.3099664553846272,False,alpha_async,40,150,210,1,-1,1.0,0.6,0.6,80,0.1291434462511233,0,0,40,1.0,2,0,0.25,0.01,0.75,50.0,lesion,30.0,0.45,0.2,0.1,0.002,8.0,52,260,0.3452839241959793,0.0112807340464353,0.0,0.125,0.3514344320735263,honeycomb__ql__plastic__intr0__struct0__alpha_async__lesion__s1__a2f9972acc,0.0614248711078415,0.0436139866978951,0.25,0.673002778059559,0.002,ql,40,80,0.9,0.2897743499406975,0.3,0.42,0.08,160,0.2935536708413475,20,1.5404290124315232,1.874800029949696e-18,0.2,sensitivity,0.0425757459658426,False,40,150,210,-1,1.0,80,0.0220228723054768,0,40,1.0,2,0,0.25,0.01,0.75,50.0,30.0,0.45,0.2,0.1,0.002,8.0,0.2219411263183615,0.4480366836683597,0.2673907094187846,0.5017009318913075,1.4390694512968132
52,260,0.1038048302969786,0.5,0.5341528020106047,0.0,0.125,0.0,honeycomb__markov__plastic__intr0__struct0__alpha_async__lesion__s2__58772bf680,0.3941245662246003,0.3199548009421881,0.25,False,0.1875070257680365,0.002,0.006,markov,0.68,honeycomb,40,80,0.9,0.0929584958396585,0.3,0,0.42,0.08,160,0.1018487409994978,0.4,20,0.9325356162713176,2.815799668392545e-18,0.2,plastic,sensitivity,0.3776924912530088,False,alpha_async,40,150,210,2,-1,1.0,0.6,0.6,80,0.1231845389331234,0,0,40,1.0,2,0,0.25,0.01,0.75,50.0,lesion,30.0,0.45,0.2,0.1,0.002,8.0,52,260,0.3191534928454938,0.0863889550419376,0.0,0.125,0.3728805895562448,honeycomb__ql__plastic__intr0__struct0__alpha_async__lesion__s2__5767271e10,0.0734767001901661,0.0604907550908957,0.25,0.6517864092562368,0.002,ql,40,80,0.9,0.2624744314317644,0.3,0.42,0.08,160,0.2749327170117461,20,1.5377592345294422,3.732244251929742e-18,0.2,sensitivity,0.0469496248604248,False,40,150,210,-1,1.0,80,0.0504023858214928,0,40,1.0,2,0,0.25,0.01,0.75,50.0,30.0,0.45,0.2,0.1,0.002,8.0,0.21534866254851523,0.4642793834882003,0.330742866392584,0.6052236182581245,1.6155945306874242
52,260,0.1062635558394626,0.5,0.5158171257939912,0.0,0.125,0.0,honeycomb__markov__plastic__intr0__struct0__alpha_async__lesion__s1__617b285cfb,0.3559905737129805,0.3203423536512205,0.25,False,0.1914313987768416,0.002,0.01,markov,0.68,honeycomb,40,80,0.9,0.0964454050208153,0.3,0,0.42,0.08,160,0.105258111936848,0.4,20,0.9470582984542478,5.263216765620098e-18,0.2,plastic,sensitivity,0.3258645321999904,False,alpha_async,40,150,210,1,-1,1.0,0.6,0.6,80,0.1240301055162645,0,0,40,1.0,2,0,0.25,0.01,0.75,50.0,lesion,30.0,0.45,0.2,0.1,0.002,8.0,52,260,0.3305917526047008,0.0801275826347599,0.0,0.125,0.3648681763466055,honeycomb__ql__plastic__intr0__struct0__alpha_async__lesion__s1__16b1022878,0.0737899925773244,0.0661316319345591,0.25,0.6640080555777943,0.002,ql,40,80,0.9,0.2675119946002895,0.3,0.42,0.08,160,0.2820879275520003,20,1.5404911625201203,1.1635191083126961e-18,0.2,sensitivity,0.0524269025508341,False,40,150,210,-1,1.0,80,0.0440242611015766,0,40,1.0,2,0,0.25,0.01,0.75,50.0,30.0,0.45,0.2,0.1,0.002,8.0,0.22432819676523819,0.47257665680095273,0.2734376296491563,0.5934328640658725,1.5637753472812197
52,260,0.0994923054132241,0.5,0.5403271256727872,0.0,0.125,0.0,honeycomb__markov__plastic__intr0__struct0__alpha_async__lesion__s2__f1fe277f0f,0.3683582271846897,0.2894389651899716,0.25,False,0.1831450813589115,0.002,0.016,markov,0.68,honeycomb,40,80,0.9,0.0883809763876389,0.3,0,0.42,0.08,160,0.1000110325412919,0.4,20,0.9095233419831188,4.005243049134135e-18,0.2,plastic,sensitivity,0.36523765483985,False,alpha_async,40,150,210,2,-1,1.0,0.6,0.6,80,0.1214999801635436,0,0,40,1.0,2,0,0.25,0.01,0.75,50.0,lesion,30.0,0.45,0.2,0.1,0.002,8.0,52,260,0.3101362792780582,0.1231713720114653,0.0,0.125,0.3810780140869104,honeycomb__ql__plastic__intr0__struct0__alpha_async__lesion__s2__cee757aef1,0.0858674841252323,0.0609824636479474,0.25,0.6422480840208705,0.002,ql,40,80,0.9,0.2506004518401632,0.3,0.42,0.08,160,0.2672785398824969,20,1.522156072892482,3.0212582401165965e-18,0.2,sensitivity,0.0588632374017856,False,40,150,210,-1,1.0,80,0.0595247205772484,0,40,1.0,2,0,0.25,0.01,0.75,50.0,30.0,0.45,0.2,0.1,0.002,8.0,0.2106439738648341,0.459103002661959,0.3063744174380644,0.6126327309093631,1.5887541248742205
52,260,0.3534665871466271,0.5,-0.0266025649196014,0.0,0.125,0.0,honeycomb_nnn__markov__plastic__intr0__struct0__alpha_async__lesion__s1__076739f95d,0.0780035443055092,0.0568424432519709,0.25,False,0.4048104279148898,0.002,0.006,markov,0.58,honeycomb_nnn,40,80,0.9,0.4005744417546184,0.3,0,0.42,0.08,160,0.2830003138069227,0.2,20,1.4746391428067014,3.62693451873831e-18,0.2,plastic,sensitivity,0.0460305205964564,False,alpha_async,40,150,210,1,-1,1.0,0.6,0.6,80,0.0417705089797389,0,0,40,1.0,2,0,0.25,0.01,0.75,50.0,lesion,30.0,0.45,0.2,0.1,0.002,8.0,52,260,0.4313682642913012,-0.3135822871168787,0.0,0.125,0.2818795889365963,honeycomb_nnn__ql__plastic__intr0__struct0__alpha_async__lesion__s1__c9352b07ea,0.0055355677264627,-0.0070566670165465,0.25,0.4727566261741668,0.002,ql,40,80,0.9,0.5183820722612199,0.3,0.42,0.08,160,0.3716912867955749,20,1.207641042087759,3.775927993623455e-18,0.2,sensitivity,-3.379104779814435e-05,False,40,150,210,-1,1.0,80,0.0655557154956196,0,40,1.0,2,0,0.25,0.01,0.75,50.0,30.0,0.45,0.2,0.1,0.002,8.0,0.07790167714467411,0.067946198259277,0.04606431164425454,0.26699810071894237,0.45891028776714804
52,260,0.3275610958565213,0.5,0.0390415775864101,0.0,0.125,0.0,honeycomb_nnn__markov__plastic__intr0__struct0__alpha_async__lesion__s2__a4b6ae20f5,0.067334793207448,0.0766335686041075,0.25,False,0.410603945883518,0.002,0.01,markov,0.58,honeycomb_nnn,40,80,0.9,0.3641138315083821,0.3,0,0.42,0.08,160,0.2632116857238481,0.2,20,1.4952267595777222,3.1905376723956333e-18,0.2,plastic,sensitivity,0.03270122505296,False,alpha_async,40,150,210,2,-1,1.0,0.6,0.6,80,0.0422274355840397,0,0,40,1.0,2,0,0.25,0.01,0.75,50.0,lesion,30.0,0.45,0.2,0.1,0.002,8.0,52,260,0.4300110112776591,-0.2987378724105944,0.0,0.125,0.2767025757219752,honeycomb_nnn__ql__plastic__intr0__struct0__alpha_async__lesion__s2__fa00607d87,-0.0013784433235949,0.0013841652576983,0.25,0.5143753714192476,0.002,ql,40,80,0.9,0.4938618484281559,0.3,0.42,0.08,160,0.3683733199756567,20,1.1591507896747328,3.743899430757575e-18,0.2,sensitivity,-0.0030994353093286,False,40,150,210,-1,1.0,80,0.0524871795708679,0,40,1.0,2,0,0.25,0.01,0.75,50.0,30.0,0.45,0.2,0.1,0.002,8.0,0.1024499154211378,0.1037714255357296,0.0358006603622886,0.3360759699029894,0.5780979712221453
52,260,0.31687437380924,0.5,0.0659188263870395,0.0,0.125,0.0,honeycomb_nnn__markov__plastic__intr0__struct0__alpha_async__lesion__s2__294533e37f,0.0913495540569674,0.0700492240836042,0.25,False,0.4123369232235398,0.002,0.016,markov,0.58,honeycomb_nnn,40,80,0.9,0.3485981850391628,0.3,0,0.42,0.08,160,0.2560690093794169,0.2,20,1.493219281045245,2.813075352416999e-18,0.2,plastic,sensitivity,0.0484794059112378,False,alpha_async,40,150,210,2,-1,1.0,0.6,0.6,80,0.0547215288015525,0,0,40,1.0,2,0,0.25,0.01,0.75,50.0,lesion,30.0,0.45,0.2,0.1,0.002,8.0,52,260,0.4221012535686929,-0.2902392893631796,0.0,0.125,0.274588936189621,honeycomb_nnn__ql__plastic__intr0__struct0__alpha_async__lesion__s2__70c82b84e0,0.0082971272549708,0.0126686269647015,0.25,0.557853832075872,0.002,ql,40,80,0.9,0.4688844492568315,0.3,0.42,0.08,160,0.3618489626018652,20,1.1285611558876645,4.17775779390724e-18,0.2,sensitivity,0.0089185191312273,False,40,150,210,-1,1.0,80,0.0394826713845181,0,40,1.0,2,0,0.25,0.01,0.75,50.0,30.0,0.45,0.2,0.1,0.002,8.0,0.10522687975945288,0.1455169088523322,0.0395608867800105,0.36465812515758045,0.6549628005493761
52,260,0.3325308555781499,0.5,0.0237962301011353,0.0,0.125,0.0,honeycomb_nnn__markov__plastic__intr0__struct0__alpha_async__lesion__s1__a62fc147dd,0.094490183856145,0.0657068901391576,0.25,False,0.3836554646468963,0.002,0.006,markov,0.58,honeycomb_nnn,40,80,0.9,0.3771201172916205,0.3,0,0.42,0.08,160,0.2682764881610198,0.3,20,1.5028065884503852,4.650818821459796e-18,0.2,plastic,sensitivity,0.0590961347947883,False,alpha_async,40,150,210,1,-1,1.0,0.6,0.6,80,0.0463534868405553,0,0,40,1.0,2,0,0.25,0.01,0.75,50.0,lesion,30.0,0.45,0.2,0.1,0.002,8.0,52,260,0.4307429411968077,-0.3034766293418225,0.0,0.125,0.2800403570423591,honeycomb_nnn__ql__plastic__intr0__struct0__alpha_async__lesion__s1__2326f7aa9b,0.0003466639793111,-0.0023477703102746,0.25,0.4709900523076342,0.002,ql,40,80,0.9,0.5139917743264326,0.3,0.42,0.08,160,0.3708447263847862,20,1.1819340874884587,4.917055441757327e-18,0.2,sensitivity,-0.0087125104779782,False,40,150,210,-1,1.0,80,0.0531564720332104,0,40,1.0,2,0,0.25,0.01,0.75,50.0,30.0,0.45,0.2,0.1,0.002,8.0,0.09821208561865785,0.08733458766073787,0.0678086452727665,0.32087250096192643,0.5742278195140886
52,260,0.3242514157916978,0.5,0.0488637562695747,0.0,0.125,0.0,honeycomb_nnn__markov__plastic__intr0__struct0__alpha_async__lesion__s2__a985b5fce7,0.0821111057987882,0.0794234667055357,0.25,False,0.410660352690909,0.002,0.01,markov,0.58,honeycomb_nnn,40,80,0.9,0.3589488527049135,0.3,0,0.42,0.08,160,0.2606414644017093,0.3,20,1.496726257785614,4.0712833856359985e-18,0.2,plastic,sensitivity,0.051763321453556,False,alpha_async,40,150,210,2,-1,1.0,0.6,0.6,80,0.0456390536722989,0,0,40,1.0,2,0,0.25,0.01,0.75,50.0,lesion,30.0,0.45,0.2,0.1,0.002,8.0,52,260,0.4279718479613075,-0.2948422253266843,0.0,0.125,0.2764332305421433,honeycomb_nnn__ql__plastic__intr0__struct0__alpha_async__lesion__s2__0fdcfb100e,0.003350146804576,0.0107610452472497,0.25,0.5133409454703484,0.002,ql,40,80,0.9,0.4929490143158945,0.3,0.42,0.08,160,0.3670234891267933,20,1.1520117088558928,3.213153422081457e-18,0.2,sensitivity,-0.0021613112368203,False,40,150,210,-1,1.0,80,0.0489772078071949,0,40,1.0,2,0,0.25,0.01,0.75,50.0,30.0,0.45,0.2,0.1,0.002,8.0,0.10372043216960969,0.10268059277943936,0.0539246326903763,0.3447145489297212,0.6050402065691465
52,260,0.2949530198076477,0.5,0.1201380918113043,0.0,0.125,0.0,honeycomb_nnn__markov__plastic__intr0__struct0__alpha_async__lesion__s2__8e47496cc4,0.1108187245054176,0.0952997906107935,0.25,False,0.4013497965741159,0.002,0.016,markov,0.58,honeycomb_nnn,40,80,0.9,0.3195504465604094,0.3,0,0.42,0.08,160,0.2407859377534923,0.3,20,1.4966765455751765,4.565361855766109e-18,0.2,plastic,sensitivity,0.0704447032898449,False,alpha_async,40,150,210,2,-1,1.0,0.6,0.6,80,0.0679720012366225,0,0,40,0.9999589086127548,2,0,0.25,0.01,0.75,50.0,lesion,30.0,0.45,0.2,0.1,0.002,8.0,52,260,0.4187530745242683,-0.2859024406660009,0.0,0.125,0.2711470663272483,honeycomb_nnn__ql__plastic__intr0__struct0__alpha_async__lesion__s2__51ef7b7f98,0.0085876329986825,-0.0040063935179902,0.25,0.5590492572049482,0.002,ql,40,80,0.9,0.4665303317567699,0.3,0.42,0.08,160,0.3593842902570087,20,1.168545414758226,4.639804817550019e-18,0.2,sensitivity,0.0102763115368764,False,40,150,210,-1,1.0,80,0.0200454064698627,0,40,1.0,2,0,0.25,0.01,0.75,50.0,30.0,0.45,0.2,0.1,0.002,8.0,0.12380005471662059,0.15769946063083234,0.060168391752968495,0.32813113081695056,0.6697990379173719
52,260,0.3309674024264613,0.5,0.0263261738204011,0.0,0.125,0.0,honeycomb_nnn__markov__plastic__intr0__struct0__alpha_async__lesion__s1__9708d52a05,0.0901442761111055,0.0689776742656054,0.25,False,0.384264925267485,0.002,0.006,markov,0.58,honeycomb_nnn,40,80,0.9,0.3758520121199439,0.3,0,0.42,0.08,160,0.2666004514779204,0.4,20,1.507194510979173,4.800450290624791e-18,0.2,plastic,sensitivity,0.0556598276907033,False,alpha_async,40,150,210,1,-1,1.0,0.6,0.6,80,0.0495105792923465,0,0,40,1.0,2,0,0.25,0.01,0.75,50.0,lesion,30.0,0.45,0.2,0.1,0.002,8.0,52,260,0.4307504101333488,-0.301695146985717,0.0,0.125,0.2828873231331121,honeycomb_nnn__ql__plastic__intr0__struct0__alpha_async__lesion__s1__05af094bf8,0.0035939119966547,-0.0008156560338667,0.25,0.4718996706705569,0.002,ql,40,80,0.9,0.5131604889488783,0.3,0.42,0.08,160,0.3695859107033694,20,1.174884692370372,3.673108298499671e-18,0.2,sensitivity,-0.001731048577367,False,40,150,210,-1,1.0,80,0.0484124427527113,0,40,1.0,2,0,0.25,0.01,0.75,50.0,30.0,0.45,0.2,0.1,0.002,8.0,0.09978300770688753,0.08763474540307187,0.0573908762680703,0.33230981860880093,0.5771184479868307
52,260,0.3128829207705896,0.5,0.078061966429679,0.0,0.125,0.0,honeycomb_nnn__markov__plastic__intr0__struct0__alpha_async__lesion__s2__b832117a8f,0.0874558348911204,0.0910262688044258,0.25,False,0.3937871397672654,0.002,0.01,markov,0.58,honeycomb_nnn,40,80,0.9,0.3460790331027443,0.3,0,0.42,0.08,160,0.2513810809442318,0.4,20,1.50594665811308,5.783653069640445e-18,0.2,plastic,sensitivity,0.0431944656681027,False,alpha_async,40,150,210,2,-1,1.0,0.6,0.6,80,0.0530130205105547,0,0,40,1.0,2,0,0.25,0.01,0.75,50.0,lesion,30.0,0.45,0.2,0.1,0.002,8.0,52,260,0.4263051192055675,-0.292407802052886,0.0,0.125,0.2809700283406892,honeycomb_nnn__ql__plastic__intr0__struct0__alpha_async__lesion__s2__95d0491b76,0.0068048414390778,0.012128500596769,0.25,0.5124994755117277,0.002,ql,40,80,0.9,0.4920044945467722,0.3,0.42,0.08,160,0.3637804889386508,20,1.1809792533816776,3.1768688808488008e-18,0.2,sensitivity,1.4222668130787756e-05,False,40,150,210,-1,1.0,80,0.0767189889730165,0,40,1.0,2,0,0.25,0.01,0.75,50.0,30.0,0.45,0.2,0.1,0.002,8.0,0.11342219843497792,0.11871233574446227,0.04318024299997191,0.3249674047314024,0.6002821819108145
52,260,0.30293526639969,0.5,0.0963608583176828,0.0,0.125,0.0,honeycomb_nnn__markov__plastic__intr0__struct0__alpha_async__lesion__s2__943ca3d3b3,0.102008398381289,0.0965823700528502,0.25,False,0.4046555331103925,0.002,0.016,markov,0.58,honeycomb_nnn,40,80,0.9,0.330923786093267,0.3,0,0.42,0.08,160,0.2444346255198455,0.4,20,1.4906431899623367,3.5679393926491395e-18,0.2,plastic,sensitivity,0.0619596214705785,False,alpha_async,40,150,210,2,-1,1.0,0.6,0.6,80,0.0619396315820221,0,0,40,1.0,2,0,0.25,0.01,0.75,50.0,lesion,30.0,0.45,0.2,0.1,0.002,8.0,52,260,0.4199216778477721,-0.2817427666712174,0.0,0.125,0.2746165253767826,honeycomb_nnn__ql__plastic__intr0__struct0__alpha_async__lesion__s2__49764fc684,0.0022736419015063,0.0014216938913101,0.25,0.5625757322800933,0.002,ql,40,80,0.9,0.46237320622179,0.3,0.42,0.08,160,0.3577753549699362,20,1.1438840754974324,3.101786583577326e-18,0.2,sensitivity,-0.0031205437757738,False,40,150,210,-1,1.0,80,0.0274856146850076,0,40,1.0,2,0,0.25,0.01,0.75,50.0,30.0,0.45,0.2,0.1,0.002,8.0,0.11698641144808214,0.1579201991697008,0.0650801652463523,0.34675911446490426,0.6867458903290395
52,260,0.3692811342491223,0.5,-0.0835813358564351,0.0,0.125,0.0,honeycomb_nnn__markov__plastic__intr0__struct0__alpha_async__lesion__s1__2e6eac3c78,0.0392583962032866,0.0383443698752503,0.25,False,0.4091403296645857,0.002,0.006,markov,0.62,honeycomb_nnn,40,80,0.9,0.4280451183117356,0.3,0,0.42,0.08,160,0.2948350590662538,0.2,20,1.4531428705631264,3.9671727253719696e-18,0.2,plastic,sensitivity,0.0121555396168899,False,alpha_async,40,150,210,1,-1,1.0,0.6,0.6,80,0.0473020978441149,0,0,40,1.0,2,0,0.25,0.01,0.75,50.0,lesion,30.0,0.45,0.2,0.1,0.002,8.0,52,260,0.4363827807206911,-0.3136530875033493,0.0,0.125,0.2813133626672164,honeycomb_nnn__ql__plastic__intr0__struct0__alpha_async__lesion__s1__0eda636e1b,0.001169978013534,0.0072123177243444,0.25,0.4551683852911123,0.002,ql,40,80,0.9,0.5276438039534536,0.3,0.42,0.08,160,0.3792379419050947,20,1.15117553500353,4.217551948177419e-18,0.2,sensitivity,-0.0033716658801206,False,40,150,210,-1,1.0,80,0.0848396216924518,0,40,1.0,2,0,0.25,0.01,0.75,50.0,30.0,0.45,0.2,0.1,0.002,8.0,0.0671016464715688,0.04602805562652662,0.015527205497010501,0.30196733555959643,0.4306242431547024
52,260,0.3567226361586324,0.5,-0.0367061905153755,0.0,0.125,0.0,honeycomb_nnn__markov__plastic__intr0__struct0__alpha_async__lesion__s1__1a0ce4c45a,0.0528699922663913,0.0487255106796818,0.25,False,0.4342973977024573,0.002,0.01,markov,0.62,honeycomb_nnn,40,80,0.9,0.398197020950248,0.3,0,0.42,0.08,160,0.2848359150389723,0.2,20,1.4483279255451482,4.4776309855184415e-18,0.2,plastic,sensitivity,0.0200053184095647,False,alpha_async,40,150,210,1,-1,1.0,0.6,0.6,80,0.0473529887614515,0,0,40,1.0,2,0,0.25,0.01,0.75,50.0,lesion,30.0,0.45,0.2,0.1,0.002,8.0,52,260,0.427340756810339,-0.3043691205195825,0.0,0.125,0.2792450905943406,honeycomb_nnn__ql__plastic__intr0__struct0__alpha_async__lesion__s1__3f93dd859b,-0.0082233065193259,-0.0034919988057111,0.25,0.5133635254828708,0.002,ql,40,80,0.9,0.4961481919795681,0.3,0.42,0.08,160,0.371064858784802,20,1.1436139342297649,4.801905003781079e-18,0.2,sensitivity,-0.0095254945919036,False,40,150,210,-1,1.0,80,0.0390762951417596,0,40,1.0,2,0,0.25,0.01,0.75,50.0,30.0,0.45,0.2,0.1,0.002,8.0,0.07061812065170658,0.0790661277804135,0.0295308130014683,0.30471399131538335,0.48392905274897174
52,260,0.3152461172339455,0.5,0.0623504004255028,0.0,0.125,0.0,honeycomb_nnn__markov__plastic__intr0__struct0__alpha_async__lesion__s2__0940851810,0.0792074328837095,0.0813516378997941,0.25,False,0.4220261484680612,0.002,0.016,markov,0.62,honeycomb_nnn,40,80,0.9,0.3437877047174167,0.3,0,0.42,0.08,160,0.2521975552718771,0.2,20,1.476440056138819,4.799527294722077e-18,0.2,plastic,sensitivity,0.0280677228673239,False,alpha_async,40,150,210,2,-1,1.0,0.6,0.6,80,0.0470556963210413,0,0,40,1.0,2,0,0.25,0.01,0.75,50.0,lesion,30.0,0.45,0.2,0.1,0.002,8.0,52,260,0.4238489101120185,-0.2994424377099702,0.0,0.125,0.2721766970538083,honeycomb_nnn__ql__plastic__intr0__struct0__alpha_async__lesion__s2__f6a8906dde,-0.0018699527349631,-0.0046762784588256,0.25,0.5513010015647639,0.002,ql,40,80,0.9,0.4773644884759307,0.3,0.42,0.08,160,0.3670866117475847,20,1.1486729632719952,3.861720197125297e-18,0.2,sensitivity,-0.0030506109460317,False,40,150,210,-1,1.0,80,0.0339516945317463,0,40,1.0,2,0,0.25,0.01,0.75,50.0,30.0,0.45,0.2,0.1,0.002,8.0,0.10860279287807295,0.12927485309670272,0.0311183338133556,0.3277670928668237,0.596763072654955
52,260,0.3639880392974974,0.5,-0.0645686083540067,0.0,0.125,0.0,honeycomb_nnn__markov__plastic__intr0__struct0__alpha_async__lesion__s1__ee5dda0bbb,0.0445124004815146,0.0396710729219411,0.25,False,0.4061867679200394,0.002,0.006,markov,0.62,honeycomb_nnn,40,80,0.9,0.4178973296749765,0.3,0,0.42,0.08,160,0.290502041197531,0.3,20,1.452044990646886,4.185110536049996e-18,0.2,plastic,sensitivity,0.0132419456742934,False,alpha_async,40,150,210,1,-1,1.0,0.6,0.6,80,0.0525820863926502,0,0,40,1.0,2,0,0.25,0.01,0.75,50.0,lesion,30.0,0.45,0.2,0.1,0.002,8.0,52,260,0.4336755225893541,-0.3091904586978234,0.0,0.125,0.283257248862018,honeycomb_nnn__ql__plastic__intr0__struct0__alpha_async__lesion__s1__a9d4b65cc8,0.0042287041416405,0.0025961274510579,0.25,0.4631179298911331,0.002,ql,40,80,0.9,0.5212091497033151,0.3,0.42,0.08,160,0.3765160523106568,20,1.151028276662767,4.317457712150694e-18,0.2,sensitivity,0.0005048288672417,False,40,150,210,-1,1.0,80,0.0959173616810525,0,40,1.0,2,0,0.25,0.01,0.75,50.0,30.0,0.45,0.2,0.1,0.002,8.0,0.0696874832918567,0.05693116197109371,0.0127371168070517,0.3010167139841189,0.440372476054121
52,260,0.3414027717774521,0.5,-0.0118845604786482,0.0,0.125,0.0,honeycomb_nnn__markov__plastic__intr0__struct0__alpha_async__lesion__s1__cc7e3b39e0,0.0690800135304432,0.0647336237299424,0.25,False,0.4258422737896544,0.002,0.01,markov,0.62,honeycomb_nnn,40,80,0.9,0.3818523065302852,0.3,0,0.42,0.08,160,0.2740837265994829,0.3,20,1.4711952909181971,3.463060866828277e-18,0.2,plastic,sensitivity,0.0295777782495148,False,alpha_async,40,150,210,1,-1,1.0,0.6,0.6,80,0.0744101013669449,0,0,40,1.0,2,0,0.25,0.01,0.75,50.0,lesion,30.0,0.45,0.2,0.1,0.002,8.0,52,260,0.4259246400743342,-0.3025113880498529,0.0,0.125,0.2794595911718268,honeycomb_nnn__ql__plastic__intr0__struct0__alpha_async__lesion__s1__2d56f131c6,-0.0053809138385448,-0.0007614700322915,0.25,0.5120781033049763,0.002,ql,40,80,0.9,0.4952322516888883,0.3,0.42,0.08,160,0.3685428350978061,20,1.169841359055324,4.485287907409324e-18,0.2,sensitivity,-0.0069356250657943,False,40,150,210,-1,1.0,80,0.0402553282397151,0,40,1.0,2,0,0.25,0.01,0.75,50.0,30.0,0.45,0.2,0.1,0.002,8.0,0.08452186829688213,0.08623582951532188,0.0365134033153091,0.30135393186287307,0.5086250329903862
52,260,0.3228097123084628,0.5,0.0480271339494174,0.0,0.125,0.0,honeycomb_nnn__markov__plastic__intr0__struct0__alpha_async__lesion__s2__d0414af0b2,0.0902451785552105,0.0797564539213047,0.25,False,0.4158580531968629,0.002,0.016,markov,0.62,honeycomb_nnn,40,80,0.9,0.355856361635747,0.3,0,0.42,0.08,160,0.2582917730579231,0.3,20,1.4946251735102385,4.2617755050239465e-18,0.2,plastic,sensitivity,0.046471799707535,False,alpha_async,40,150,210,2,-1,1.0,0.6,0.6,80,0.0397467005925424,0,0,40,1.0,2,0,0.25,0.01,0.75,50.0,lesion,30.0,0.45,0.2,0.1,0.002,8.0,52,260,0.4238531476924589,-0.2995568682291025,0.0,0.125,0.2683576506187178,honeycomb_nnn__ql__plastic__intr0__struct0__alpha_async__lesion__s2__ae1a36dde2,0.0038743982061511,-0.0032882190308899,0.25,0.5583638039278495,0.002,ql,40,80,0.9,0.4734158304360096,0.3,0.42,0.08,160,0.3664303611969212,20,1.143355322008304,3.3293850083387992e-18,0.2,sensitivity,0.0064379461875347,False,40,150,210,-1,1.0,80,0.0490644088153467,0,40,1.0,2,0,0.25,0.01,0.75,50.0,30.0,0.45,0.2,0.1,0.002,8.0,0.10104343538399613,0.14250575073098654,0.040033853520000294,0.35126985150193457,0.6348528911369176
52,260,0.3584732883433144,0.5,-0.0513342608902669,0.0,0.125,0.0,honeycomb_nnn__markov__plastic__intr0__struct0__alpha_async__lesion__s2__94120ed4e9,0.0526658143514296,0.0505923063751777,0.25,False,0.397615511172974,0.002,0.006,markov,0.62,honeycomb_nnn,40,80,0.9,0.4128435484694391,0.3,0,0.42,0.08,160,0.2862151166521363,0.4,20,1.463736709219823,4.992155034002799e-18,0.2,plastic,sensitivity,0.023341960919393,False,alpha_async,40,150,210,2,-1,1.0,0.6,0.6,80,0.0315743332146487,0,0,40,1.0,2,0,0.25,0.01,0.75,50.0,lesion,30.0,0.45,0.2,0.1,0.002,8.0,52,260,0.4341197931878482,-0.3139406072181419,0.0,0.125,0.2761063299905643,honeycomb_nnn__ql__plastic__intr0__struct0__alpha_async__lesion__s2__46e2c63c7b,0.0028371583230522,-0.0010696333164468,0.25,0.4598565822661307,0.002,ql,40,80,0.9,0.5252145187077946,0.3,0.42,0.08,160,0.3767142076187131,20,1.189723352287403,3.0914311581272573e-18,0.2,sensitivity,0.0008164929988072,False,40,150,210,-1,1.0,80,0.0390852406289512,0,40,1.0,2,0,0.25,0.01,0.75,50.0,30.0,0.45,0.2,0.1,0.002,8.0,0.07564650484453384,0.062241071093156686,0.022525467920585802,0.2740133569324201,0.43442640079069644
52,260,0.3369878897565071,0.5,0.0166512032284222,0.0,0.125,0.0,honeycomb_nnn__markov__plastic__intr0__struct0__alpha_async__lesion__s2__f87e20f0cd,0.0699794658512626,0.0574589974911626,0.25,False,0.4296631045874357,0.002,0.01,markov,0.62,honeycomb_nnn,40,80,0.9,0.3715980530175924,0.3,0,0.42,0.08,160,0.2705712910563708,0.4,20,1.4697928363531163,3.105908494534602e-18,0.2,plastic,sensitivity,0.0356285730419732,False,alpha_async,40,150,210,2,-1,1.0,0.6,0.6,80,0.0396124545935267,0,0,40,1.0,2,0,0.25,0.01,0.75,50.0,lesion,30.0,0.45,0.2,0.1,0.002,8.0,52,260,0.427146118159769,-0.306436253405186,0.0,0.125,0.2741430763254346,honeycomb_nnn__ql__plastic__intr0__struct0__alpha_async__lesion__s2__e255c299b9,-0.0046370832174992,-0.0066895518893041,0.25,0.516434816981567,0.002,ql,40,80,0.9,0.4951256740024614,0.3,0.42,0.08,160,0.3697596299967495,20,1.1748876878275267,3.42483862689878e-18,0.2,sensitivity,-0.0066653533461052,False,40,150,210,-1,1.0,80,0.0291828636188698,0,40,1.0,2,0,0.25,0.01,0.75,50.0,30.0,0.45,0.2,0.1,0.002,8.0,0.09015822840326188,0.08677171239413134,0.0422939263880784,0.2949051485255896,0.5141290157110612
52,260,0.3196132189326832,0.5,0.0494871892607574,0.0,0.125,0.0,honeycomb_nnn__markov__plastic__intr0__struct0__alpha_async__lesion__s2__9fda3ba566,0.0818916352923342,0.0789522483849606,0.25,False,0.4058067054214824,0.002,0.016,markov,0.62,honeycomb_nnn,40,80,0.9,0.3562945387663528,0.3,0,0.42,0.08,160,0.2579485499975282,0.4,20,1.5049624109201385,3.468847394593165e-18,0.2,plastic,sensitivity,0.047107917960922,False,alpha_async,40,150,210,2,-1,1.0,0.6,0.6,80,0.0617823103397566,0,0,40,1.0,2,0,0.25,0.01,0.75,50.0,lesion,30.0,0.45,0.2,0.1,0.002,8.0,52,260,0.4198169681883699,-0.2943586333448585,0.0,0.125,0.2709179426463278,honeycomb_nnn__ql__plastic__intr0__struct0__alpha_async__lesion__s2__1374eec404,-0.0105433108974891,-0.0121695530530787,0.25,0.5540950513337276,0.002,ql,40,80,0.9,0.4730423822251929,0.3,0.42,0.08,160,0.3629493319496722,20,1.1555390716564766,3.779614004871438e-18,0.2,sensitivity,-0.0127229632840333,False,40,150,210,-1,1.0,80,0.0281283272446065,0,40,1.0,2,0,0.25,0.01,0.75,50.0,30.0,0.45,0.2,0.1,0.002,8.0,0.1002037492556867,0.1482883459122452,0.0598308812449553,0.34942333926366187,0.6577463156765491
52,260,0.3809976792056822,0.5,-0.1124190511944727,0.0,0.125,0.0,honeycomb_nnn__markov__plastic__intr0__struct0__alpha_async__lesion__s1__f8e5399ebe,0.0315989463414116,0.0312636049420756,0.25,False,0.4407337929930875,0.002,0.006,markov,0.68,honeycomb_nnn,40,80,0.9,0.4344904088822958,0.3,0,0.42,0.08,160,0.3048029270375443,0.2,20,1.3900646285615406,3.4215644274340165e-18,0.2,plastic,sensitivity,0.0007279794200832,False,alpha_async,40,150,210,1,-1,1.0,0.6,0.6,80,0.0377914400603632,0,0,40,1.0,2,0,0.25,0.01,0.75,50.0,lesion,30.0,0.45,0.2,0.1,0.002,8.0,52,260,0.4369469052610243,-0.3158828018762071,0.0,0.125,0.2796257814058446,honeycomb_nnn__ql__plastic__intr0__struct0__alpha_async__lesion__s1__2a0078e74e,-0.001863949346504,0.0070287095596206,0.25,0.4482171513122253,0.002,ql,40,80,0.9,0.532085956143325,0.3,0.42,0.08,160,0.3833328356289112,20,1.143312947451408,4.26285192370419e-18,0.2,sensitivity,-0.0059173477836616,False,40,150,210,-1,1.0,80,0.0651507836357831,0,40,1.0,2,0,0.25,0.01,0.75,50.0,30.0,0.45,0.2,0.1,0.002,8.0,0.05594922605534208,0.007483358319137767,0.0066453272037448,0.24675168111013246,0.3168295926883571
52,260,0.3831441027339892,0.5,-0.1179960197714478,0.0,0.125,0.0,honeycomb_nnn__markov__plastic__intr0__struct0__alpha_async__lesion__s1__e6f32a45a0,0.032107978775854,0.0304425576320954,0.25,False,0.4580140058429841,0.002,0.01,markov,0.68,honeycomb_nnn,40,80,0.9,0.4315020749795601,0.3,0,0.42,0.08,160,0.3036119123812704,0.2,20,1.371036256535045,4.7206012113454096e-18,0.2,plastic,sensitivity,0.0032152855357042,False,alpha_async,40,150,210,1,-1,1.0,0.6,0.6,80,0.0350345743214145,0,0,40,1.0,2,0,0.25,0.01,0.75,50.0,lesion,30.0,0.45,0.2,0.1,0.002,8.0,52,260,0.4290246230274019,-0.3110592030339395,0.0,0.125,0.2716282592211774,honeycomb_nnn__ql__plastic__intr0__struct0__alpha_async__lesion__s1__4491ee6953,0.0047316693092049,-0.0052766191104727,0.25,0.5115382030326757,0.002,ql,40,80,0.9,0.4995267872331985,0.3,0.42,0.08,160,0.375570225149829,20,1.151724902818657,4.3525161930780865e-18,0.2,sensitivity,0.0083110800156019,False,40,150,210,-1,1.0,80,0.082670617141556,0,40,1.0,2,0,0.25,0.01,0.75,50.0,30.0,0.45,0.2,0.1,0.002,8.0,0.04588052029341272,0.05352419718969165,0.0050957944798977,0.219311353716388,0.3238118656793901
52,260,0.3659218005826308,0.5,-0.0677643368265274,0.0,0.125,0.0,honeycomb_nnn__markov__plastic__intr0__struct0__alpha_async__lesion__s2__89cdb8f87f,0.0494064427033801,0.0406159898977456,0.25,False,0.4817903911954029,0.002,0.016,markov,0.68,honeycomb_nnn,40,80,0.9,0.400387160153891,0.3,0,0.42,0.08,160,0.2941445845154155,0.2,20,1.4050312682317856,3.3586446122630834e-18,0.2,plastic,sensitivity,0.0149912123447364,False,alpha_async,40,150,210,2,-1,1.0,0.6,0.6,80,0.0325130118913668,0,0,40,1.0,2,0,0.25,0.01,0.75,50.0,lesion,30.0,0.45,0.2,0.1,0.002,8.0,52,260,0.4211504179591507,-0.3023059924280807,0.0,0.125,0.2710805418849856,honeycomb_nnn__ql__plastic__intr0__struct0__alpha_async__lesion__s2__200f2debc6,-0.0064158023631414,-0.0023871828596993,0.25,0.5620478623069193,0.002,ql,40,80,0.9,0.4696518785726138,0.3,0.42,0.08,160,0.3685301137684011,20,1.1219274657667306,3.663295519502708e-18,0.2,sensitivity,-0.0118509392566822,False,40,150,210,-1,1.0,80,0.0659514093242829,0,40,1.0,2,0,0.25,0.01,0.75,50.0,30.0,0.45,0.2,0.1,0.002,8.0,0.055228617376519906,0.08025747111151638,0.026842151601418597,0.28310380246505495,0.44543204255450985
52,260,0.3782134210077094,0.5,-0.1068069031912557,0.0,0.125,0.0,honeycomb_nnn__markov__plastic__intr0__struct0__alpha_async__lesion__s1__7ca3c7a74c,0.0407397690566809,0.0429714653690034,0.25,False,0.4232329128076174,0.002,0.006,markov,0.68,honeycomb_nnn,40,80,0.9,0.43530505118635,0.3,0,0.42,0.08,160,0.3031569180530156,0.3,20,1.3982623067546909,4.194809561935187e-18,0.2,plastic,sensitivity,0.0109263043549114,False,alpha_async,40,150,210,1,-1,1.0,0.6,0.6,80,0.0439895887592123,0,0,40,1.0,2,0,0.25,0.01,0.75,50.0,lesion,30.0,0.45,0.2,0.1,0.002,8.0,52,260,0.4376258106013992,-0.3169232310341001,0.0,0.125,0.2794384496496924,honeycomb_nnn__ql__plastic__intr0__struct0__alpha_async__lesion__s1__9c8f6028c9,0.0011238793512712,0.0063440581022714,0.25,0.4471009915960088,0.002,ql,40,80,0.9,0.5329723251607877,0.3,0.42,0.08,160,0.3829031480907255,20,1.1468872332347777,4.312507786581722e-18,0.2,sensitivity,-0.0020773567047666,False,40,150,210,-1,1.0,80,0.0605523260488541,0,40,1.0,2,0,0.25,0.01,0.75,50.0,30.0,0.45,0.2,0.1,0.002,8.0,0.05941238959368983,0.023868078788391422,0.013003661059678,0.2513750735199132,0.3476592029616724
52,260,0.3713236611697501,0.5,-0.0847462628284225,0.0,0.125,0.0,honeycomb_nnn__markov__plastic__intr0__struct0__alpha_async__lesion__s1__7c68e17e6d,0.0312460161640715,0.0369249002452101,0.25,False,0.4505407403498626,0.002,0.01,markov,0.68,honeycomb_nnn,40,80,0.9,0.4164338395307019,0.3,0,0.42,0.08,160,0.2955295205172121,0.3,20,1.395803009153182,3.693533795419154e-18,0.2,plastic,sensitivity,0.0035055699710163,False,alpha_async,40,150,210,1,-1,1.0,0.6,0.6,80,0.0617394906762839,0,0,40,1.0,2,0,0.25,0.01,0.75,50.0,lesion,30.0,0.45,0.2,0.1,0.002,8.0,52,260,0.4288131059819016,-0.3077756122638196,0.0,0.125,0.2708113484085044,honeycomb_nnn__ql__plastic__intr0__struct0__alpha_async__lesion__s1__37e9b76b85,-0.0013415522564688,0.0018842307858771,0.25,0.5135856804273762,0.002,ql,40,80,0.9,0.4982470409571038,0.3,0.42,0.08,160,0.3760668296931638,20,1.1510421983109422,3.675084794434791e-18,0.2,sensitivity,-0.0059358126047325,False,40,150,210,-1,1.0,80,0.0432835482660264,0,40,1.0,2,0,0.25,0.01,0.75,50.0,30.0,0.45,0.2,0.1,0.002,8.0,0.05748944481215151,0.0630449400775136,0.0094413825757488,0.24476081084223966,0.3747365783076536
52,260,0.3631508218208459,0.5,-0.0566239028186358,0.0,0.125,0.0,honeycomb_nnn__markov__plastic__intr0__struct0__alpha_async__lesion__s2__49e06d2180,0.0457182226426797,0.0411248380803506,0.25,False,0.4713588158774774,0.002,0.016,markov,0.68,honeycomb_nnn,40,80,0.9,0.3978344250129351,0.3,0,0.42,0.08,160,0.2898455320641562,0.3,20,1.4135613884609597,3.99079634123509e-18,0.2,plastic,sensitivity,0.0166164413176408,False,alpha_async,40,150,210,2,-1,1.0,0.6,0.6,80,0.0315820480478402,0,0,40,0.9999589086127548,2,0,0.25,0.01,0.75,50.0,lesion,30.0,0.45,0.2,0.1,0.002,8.0,52,260,0.4234144746337008,-0.300154209183956,0.0,0.125,0.2681959246752016,honeycomb_nnn__ql__plastic__intr0__struct0__alpha_async__lesion__s2__71dba2e05e,0.005177832961896,0.0023384200722651,0.25,0.5611110912772839,0.002,ql,40,80,0.9,0.4716909211299269,0.3,0.42,0.08,160,0.3693569483792486,20,1.14941049812066,3.4932670424883654e-18,0.2,sensitivity,0.0039474495267659,False,40,150,210,-1,1.0,80,0.0392692471649131,0,40,1.0,2,0,0.25,0.01,0.75,50.0,30.0,0.45,0.2,0.1,0.002,8.0,0.060263652812854895,0.08975227539980646,0.012668991790874901,0.2641508903402996,0.4268358103438359
52,260,0.3705966531710516,0.5,-0.0937873993121884,0.0,0.125,0.0,honeycomb_nnn__markov__plastic__intr0__struct0__alpha_async__lesion__s1__233d860296,0.0373738580366062,0.0376160458547848,0.25,False,0.4049393889611191,0.002,0.006,markov,0.68,honeycomb_nnn,40,80,0.9,0.4317490138125653,0.3,0,0.42,0.08,160,0.2958528616350738,0.4,20,1.4443274459319415,4.8950873771790165e-18,0.2,plastic,sensitivity,0.0086779961216822,False,alpha_async,40,150,210,1,-1,1.0,0.6,0.6,80,0.0495881806278982,0,0,40,1.0,2,0,0.25,0.01,0.75,50.0,lesion,30.0,0.45,0.2,0.1,0.002,8.0,52,260,0.4362510544912348,-0.3148559212914283,0.0,0.125,0.2798000688457282,honeycomb_nnn__ql__plastic__intr0__struct0__alpha_async__lesion__s1__b49f00e956,0.0031910511244204,0.0036290970370927,0.25,0.4503155105949641,0.002,ql,40,80,0.9,0.5311780160412737,0.3,0.42,0.08,160,0.3804396821380528,20,1.152315737880261,3.2347228945780197e-18,0.2,sensitivity,0.0013404493618019,False,40,150,210,-1,1.0,80,0.0487418394984081,0,40,1.0,2,0,0.25,0.01,0.75,50.0,30.0,0.45,0.2,0.1,0.002,8.0,0.06565440132018319,0.045376121633845024,0.0073375467598803,0.2920117080516804,0.4103797777655889
52,260,0.3611889851822074,0.5,-0.0589278318755596,0.0,0.125,0.0,honeycomb_nnn__markov__plastic__intr0__struct0__alpha_async__lesion__s1__f9da3594d0,0.0484159453660714,0.0445739934430206,0.25,False,0.4423784290969467,0.002,0.01,markov,0.68,honeycomb_nnn,40,80,0.9,0.4051363634901235,0.3,0,0.42,0.08,160,0.2881817445858611,0.4,20,1.4412349745182855,4.3959290346583014e-18,0.2,plastic,sensitivity,0.0163065827311997,False,alpha_async,40,150,210,1,-1,1.0,0.6,0.6,80,0.0359414685244865,0,0,40,1.0,2,0,0.25,0.01,0.75,50.0,lesion,30.0,0.45,0.2,0.1,0.002,8.0,52,260,0.4283556050755217,-0.3069801405746535,0.0,0.125,0.2733730552987534,honeycomb_nnn__ql__plastic__intr0__struct0__alpha_async__lesion__s1__5125713b80,-0.0156051261312087,0.0044970795847016,0.25,0.5101253056296206,0.002,ql,40,80,0.9,0.4991146857330011,0.3,0.42,0.08,160,0.3744858269810918,20,1.1405275155909602,4.264239489632745e-18,0.2,sensitivity,-0.0141025809894223,False,40,150,210,-1,1.0,80,0.0505020789354366,0,40,1.0,2,0,0.25,0.01,0.75,50.0,30.0,0.45,0.2,0.1,0.002,8.0,0.0671666198933143,0.06774687653267386,0.030409163720622003,0.3007074589273253,0.46603011907393543
52,260,0.3426143154575957,0.5,0.0065383765485467,0.0,0.125,0.0,honeycomb_nnn__markov__plastic__intr0__struct0__alpha_async__lesion__s1__b28aaef4a5,0.0578646035020411,0.066110410058284,0.25,False,0.4617020182009326,0.002,0.016,markov,0.68,honeycomb_nnn,40,80,0.9,0.3692769529358667,0.3,0,0.42,0.08,160,0.2750457274372987,0.4,20,1.4378389299636567,3.980096945320447e-18,0.2,plastic,sensitivity,0.0162716776284799,False,alpha_async,40,150,210,1,-1,1.0,0.6,0.6,80,0.0388899092387959,0,0,40,0.9999589086127548,2,0,0.25,0.01,0.75,50.0,lesion,30.0,0.45,0.2,0.1,0.002,8.0,52,260,0.4201563893550467,-0.2990048747186687,0.0,0.125,0.26904319497507,honeycomb_nnn__ql__plastic__intr0__struct0__alpha_async__lesion__s1__e3f21f427c,-0.0060750938555842,-0.0097916915820006,0.25,0.5475950707299128,0.002,ql,40,80,0.9,0.4759958013315221,0.3,0.42,0.08,160,0.3659185760744205,20,1.137657941319264,4.006218763202738e-18,0.2,sensitivity,0.0044848290597661,False,40,150,210,-1,1.0,80,0.0460268433356446,0,40,0.9999589086127548,2,0,0.25,0.01,0.75,50.0,30.0,0.45,0.2,0.1,0.002,8.0,0.07754207389745099,0.08589305252898016,0.011786848568713797,0.3001809886443927,0.4754029636395376
52,260,0.2761395608653443,0.5,0.1069857310638926,0.0,0.125,0.0,square_moore__markov__plastic__intr0__struct0__alpha_async__lesion__s1__e0c92e1112,0.0970446019063187,0.0899239196155749,0.25,False,0.3803053691303741,0.002,0.006,markov,0.58,square_moore,40,80,0.9,0.3103701375036023,0.3,0,0.42,0.08,160,0.2234301250976023,0.2,20,1.5222911723872763,5.163039160257872e-18,0.2,plastic,sensitivity,0.0681313737601505,False,alpha_async,40,150,210,1,-1,1.0,0.6,0.6,80,0.0684750970070084,0,0,40,1.0,2,0,0.25,0.01,0.75,50.0,lesion,30.0,0.45,0.2,0.1,0.002,8.0,52,260,0.3968690722981456,-0.2676265008958242,0.0,0.125,0.3284236231669652,square_moore__ql__plastic__intr0__struct0__alpha_async__lesion__s1__d3c5e01b68,0.0209328779223345,0.0249874142206692,0.25,0.5971563403590091,0.002,ql,40,80,0.9,0.4258803770938133,0.3,0.42,0.08,160,0.3342000549877139,20,1.4803508095916955,4.312550133805885e-18,0.2,sensitivity,0.003789991412732,False,40,150,210,-1,1.0,80,0.0574453279879895,0,40,1.0,2,0,0.25,0.01,0.75,50.0,30.0,0.45,0.2,0.1,0.002,8.0,0.1207295114328013,0.216850971228635,0.0643413823474185,0.04194036279558078,0.44386222780443557
52,260,0.2788406550522925,0.5,0.0896379425358665,0.0,0.125,0.0,square_moore__markov__plastic__intr0__struct0__alpha_async__lesion__s1__ec82c8adf0,0.0986313054611679,0.0951729126371658,0.25,False,0.3765762905175268,0.002,0.01,markov,0.58,square_moore,40,80,0.9,0.3150085502797337,0.3,0,0.42,0.08,160,0.222952975590941,0.2,20,1.5111822995080866,3.6848886997589034e-18,0.2,plastic,sensitivity,0.0572542923436252,False,alpha_async,40,150,210,1,-1,1.0,0.6,0.6,80,0.1528390957497456,0,0,40,1.0,2,0,0.25,0.01,0.75,50.0,lesion,30.0,0.45,0.2,0.1,0.002,8.0,52,260,0.3944144642180118,-0.2707251520444352,0.0,0.125,0.3269879800716471,square_moore__ql__plastic__intr0__struct0__alpha_async__lesion__s1__cbc0f1ad93,0.0226500201811505,0.0182408093813367,0.25,0.5966000439963662,0.002,ql,40,80,0.9,0.422313706490746,0.3,0.42,0.08,160,0.3323937527231071,20,1.4890240137049948,5.380172389862074e-18,0.2,sensitivity,0.0050587334481247,False,40,150,210,-1,1.0,80,0.1270399993094783,0,40,1.0,2,0,0.25,0.01,0.75,50.0,30.0,0.45,0.2,0.1,0.002,8.0,0.1155738091657193,0.22002375347883946,0.0521955588955005,0.02215828580309176,0.409951407343151
52,260,0.2743027859476861,0.5,0.0802567957199909,0.0,0.125,0.0,square_moore__markov__plastic__intr0__struct0__alpha_async__lesion__s1__eb667ad0b6,0.097027234870223,0.0969520335254638,0.25,False,0.3706338036270654,0.002,0.016,markov,0.58,square_moore,40,80,0.9,0.3162949343605062,0.3,0,0.42,0.08,160,0.2194779817964254,0.2,20,1.4966175774123738,6.890122294583809e-18,0.2,plastic,sensitivity,0.0679168957899669,False,alpha_async,40,150,210,1,-1,1.0,0.6,0.6,80,0.1431942174084779,0,0,40,1.0,2,0,0.25,0.01,0.75,50.0,lesion,30.0,0.45,0.2,0.1,0.002,8.0,52,260,0.3965139073864172,-0.3027226244259112,0.0,0.125,0.3179342199954413,square_moore__ql__plastic__intr0__struct0__alpha_async__lesion__s1__ac8cf5ad5e,0.0097645566462678,0.0025688013262653,0.25,0.5858306112719971,0.002,ql,40,80,0.9,0.4407826001973189,0.3,0.42,0.08,160,0.33441302437827,20,1.516375447096444,3.6369459221079984e-18,0.2,sensitivity,-0.0053994419084394,False,40,150,210,-1,1.0,80,0.0813037239996429,0,40,1.0,2,0,0.25,0.01,0.75,50.0,30.0,0.45,0.2,0.1,0.002,8.0,0.12221112143873109,0.2151968076449317,0.0733163376984063,0.019757869684070117,0.4304821364661392
52,260,0.2742675970034043,0.5,0.1288137901771048,0.0,0.125,0.0,square_moore__markov__plastic__intr0__struct0__alpha_async__lesion__s1__c99f4b67fc,0.1119889055079584,0.1019508600498339,0.25,False,0.391913967188311,0.002,0.006,markov,0.58,square_moore,40,80,0.9,0.2988704083198399,0.3,0,0.42,0.08,160,0.2210861535483828,0.3,20,1.5179613526924836,4.449767533088891e-18,0.2,plastic,sensitivity,0.0759345840063913,False,alpha_async,40,150,210,1,-1,1.0,0.6,0.6,80,0.0807414194855726,0,0,40,1.0,2,0,0.25,0.01,0.75,50.0,lesion,30.0,0.45,0.2,0.1,0.002,8.0,52,260,0.3935535338924289,-0.2592191669415835,0.0,0.125,0.3303556237953935,square_moore__ql__plastic__intr0__struct0__alpha_async__lesion__s1__84be558303,0.025585222699865,0.0158528832274816,0.25,0.6048710374360944,0.002,ql,40,80,0.9,0.415935174494519,0.3,0.42,0.08,160,0.3330472546869965,20,1.4707881157977694,3.974086237868858e-18,0.2,sensitivity,0.0079798168646139,False,40,150,210,-1,1.0,80,0.0726123057910766,0,40,1.0,2,0,0.25,0.01,0.75,50.0,30.0,0.45,0.2,0.1,0.002,8.0,0.11928593688902461,0.21295707024778338,0.06795476714177741,0.0471732368947142,0.4473710111732996
52,260,0.2667342601876259,0.5,0.0953895939962979,0.0,0.125,0.0,square_moore__markov__plastic__intr0__struct0__alpha_async__lesion__s1__eecbf5099b,0.1140629850045317,0.1000242837892719,0.25,False,0.3464478929502663,0.002,0.01,markov,0.58,square_moore,40,80,0.9,0.3117515750890965,0.3,0,0.42,0.08,160,0.2157063526454012,0.3,20,1.4936343288404192,3.697370435101526e-18,0.2,plastic,sensitivity,0.0766568793251015,False,alpha_async,40,150,210,1,-1,1.0,0.6,0.6,80,0.1540500761150936,0,0,40,1.0,2,0,0.25,0.01,0.75,50.0,lesion,30.0,0.45,0.2,0.1,0.002,8.0,52,260,0.3939501550992521,-0.2736979288857907,0.0,0.125,0.3273071648113771,square_moore__ql__plastic__intr0__struct0__alpha_async__lesion__s1__2714323e4d,0.0208124931708808,0.0352936159389776,0.25,0.582961222607993,0.002,ql,40,80,0.9,0.4300589301012978,0.3,0.42,0.08,160,0.333111209930897,20,1.4977616070550972,5.535368498901974e-18,0.2,sensitivity,0.0054940870943253,False,40,150,210,-1,1.0,80,0.0701080054014381,0,40,1.0,2,0,0.25,0.01,0.75,50.0,30.0,0.45,0.2,0.1,0.002,8.0,0.12721589491162616,0.2365133296577267,0.07116279223077619,0.004127278214677954,0.439019295014807
52,260,0.2755538876222475,0.5,0.0577403066167408,0.0,0.125,0.0,square_moore__markov__plastic__intr0__struct0__alpha_async__lesion__s1__36f1aa43a4,0.0907201285977039,0.0965490166264718,0.25,False,0.3592121705002329,0.002,0.016,markov,0.58,square_moore,40,80,0.9,0.3269981047389157,0.3,0,0.42,0.08,160,0.2227432586795313,0.3,20,1.504614350843961,5.6717982422645014e-18,0.2,plastic,sensitivity,0.0537370921058238,False,alpha_async,40,150,210,1,-1,1.0,0.6,0.6,80,0.08986068151747,0,0,40,1.0,2,0,0.25,0.01,0.75,50.0,lesion,30.0,0.45,0.2,0.1,0.002,8.0,52,260,0.3903209634097079,-0.2866728818354312,0.0,0.125,0.3190567023792142,square_moore__ql__plastic__intr0__struct0__alpha_async__lesion__s1__8050e0d1bd,0.0058732057411678,0.0080982145036793,0.25,0.5680205794086725,0.002,ql,40,80,0.9,0.4404145641904544,0.3,0.42,0.08,160,0.3289466613868586,20,1.5381763695150383,4.901869122593492e-18,0.2,sensitivity,0.0014719274242265,False,40,150,210,-1,1.0,80,0.0432069208664609,0,40,1.0,2,0,0.25,0.01,0.75,50.0,30.0,0.45,0.2,0.1,0.002,8.0,0.11476707578746043,0.20880840890843955,0.0522651646815973,0.03356201867107744,0.4094026680485747
52,260,0.2596585559778297,0.5,0.143955851940785,0.0,0.125,0.0,square_moore__markov__plastic__intr0__struct0__alpha_async__lesion__s1__fe7bc438e3,0.111523941525967,0.119526709033115,0.25,False,0.3639706676961449,0.002,0.006,markov,0.58,square_moore,40,80,0.9,0.2887272136966736,0.3,0,0.42,0.08,160,0.2131115039736642,0.4,20,1.4934743732219762,6.4134787580541194e-18,0.2,plastic,sensitivity,0.0790453676659887,False,alpha_async,40,150,210,1,-1,1.0,0.6,0.6,80,0.0683836335625452,0,0,40,1.0,2,0,0.25,0.01,0.75,50.0,lesion,30.0,0.45,0.2,0.1,0.002,8.0,52,260,0.3919606175622641,-0.2527004181611985,0.0,0.125,0.3317242386801264,square_moore__ql__plastic__intr0__struct0__alpha_async__lesion__s1__ec91281901,0.0254191018506454,0.0062013234584498,0.25,0.6111815714971217,0.002,ql,40,80,0.9,0.4090950710671743,0.3,0.42,0.08,160,0.3313598563069555,20,1.4691530066197045,4.69247113470022e-18,0.2,sensitivity,0.014320624142918,False,40,150,210,-1,1.0,80,0.0794184853331528,0,40,1.0,2,0,0.25,0.01,0.75,50.0,30.0,0.45,0.2,0.1,0.002,8.0,0.13230206158443436,0.24721090380097682,0.0647247435230707,0.024321366602271688,0.4685590755107536
52,260,0.2754748247780154,0.5,0.0887265231011041,0.0,0.125,0.0,square_moore__markov__plastic__intr0__struct0__alpha_async__lesion__s1__f2a47ca4c8,0.1065391013765602,0.0982240093461468,0.25,False,0.3722892748984193,0.002,0.01,markov,0.58,square_moore,40,80,0.9,0.3160743224321184,0.3,0,0.42,0.08,160,0.2224745532025372,0.4,20,1.513017002280798,4.997202811685395e-18,0.2,plastic,sensitivity,0.0725285298949286,False,alpha_async,40,150,210,1,-1,1.0,0.6,0.6,80,0.1422330513079654,0,0,40,1.0,2,0,0.25,0.01,0.75,50.0,lesion,30.0,0.45,0.2,0.1,0.002,8.0,52,260,0.3913894896523438,-0.2697190227860724,0.0,0.125,0.3291167779611788,square_moore__ql__plastic__intr0__struct0__alpha_async__lesion__s1__3527ff168b,0.0184252194508003,0.0245311686144045,0.25,0.5915304552612178,0.002,ql,40,80,0.9,0.4241253697547627,0.3,0.42,0.08,160,0.3294123719329401,20,1.5052617032760998,4.710223832851396e-18,0.2,sensitivity,-0.001389899624089,False,40,150,210,-1,1.0,80,0.0896539866657945,0,40,1.0,2,0,0.25,0.01,0.75,50.0,30.0,0.45,0.2,0.1,0.002,8.0,0.11591466487432844,0.21924118036279855,0.0739184295190176,0.007755299004698291,0.4168295737608429
52,260,0.2567451002513955,0.5,0.0994511038223181,0.0,0.125,0.0,square_moore__markov__plastic__intr0__struct0__alpha_async__lesion__s1__3e89945c27,0.1075464125823869,0.0994490315403093,0.25,False,0.3339615291100115,0.002,0.016,markov,0.58,square_moore,40,80,0.9,0.3043238723296272,0.3,0,0.42,0.08,160,0.2076814848963649,0.4,20,1.4641105618404326,5.97626790891572e-18,0.2,plastic,sensitivity,0.0811411080421172,False,alpha_async,40,150,210,1,-1,1.0,0.6,0.6,80,0.1122494699613183,0,0,40,1.0,2,0,0.25,0.01,0.75,50.0,lesion,30.0,0.45,0.2,0.1,0.002,8.0,52,260,0.3935835004958667,-0.2691622634049775,0.0,0.125,0.3229134608395427,square_moore__ql__plastic__intr0__struct0__alpha_async__lesion__s1__9186f01c16,0.0091973287474925,0.0213052440567565,0.25,0.5866614440502934,0.002,ql,40,80,0.9,0.4273030422686732,0.3,0.42,0.08,160,0.3298295918108318,20,1.5042333042067533,3.552551010132488e-18,0.2,sensitivity,0.0062073959648629,False,40,150,210,-1,1.0,80,0.0349139104463657,0,40,1.0,2,0,0.25,0.01,0.75,50.0,30.0,0.45,0.2,0.1,0.002,8.0,0.1368384002444712,0.25269991494028193,0.0749337120772543,0.04012274236632063,0.504594769628328
52,260,0.2940550002486973,0.5,0.0793645098415241,0.0,0.125,0.0,square_moore__markov__plastic__intr0__struct0__alpha_async__lesion__s1__1ed087678a,0.0995806054271544,0.0808307157395457,0.25,False,0.4098965053937655,0.002,0.006,markov,0.62,square_moore,40,80,0.9,0.3236955652853499,0.3,0,0.42,0.08,160,0.234993545668101,0.2,20,1.53764050063765,4.9835836553603495e-18,0.2,plastic,sensitivity,0.0636745816119873,False,alpha_async,40,150,210,1,-1,1.0,0.6,0.6,80,0.1043035788308882,0,0,40,1.0,2,0,0.25,0.01,0.75,50.0,lesion,30.0,0.45,0.2,0.1,0.002,8.0,52,260,0.4033374203877612,-0.289865570918619,0.0,0.125,0.3245768384810399,square_moore__ql__plastic__intr0__struct0__alpha_async__lesion__s1__3a5417bff5,0.0172485175559402,0.0137545374918271,0.25,0.6036778725724917,0.002,ql,40,80,0.9,0.4311229569642943,0.3,0.42,0.08,160,0.3413338575200924,20,1.466379818955789,4.5054254950887136e-18,0.2,sensitivity,0.0031971681568731,False,40,150,210,-1,1.0,80,0.05914837501632,0,40,1.0,2,0,0.25,0.01,0.75,50.0,30.0,0.45,0.2,0.1,0.002,8.0,0.10928242013906392,0.19378136717872624,0.060477413455114204,0.07126068168186084,0.4348018824547652
52,260,0.3064453667554274,0.5,0.0192683759672076,0.0,0.125,0.0,square_moore__markov__plastic__intr0__struct0__alpha_async__lesion__s2__32349d4711,0.0875083047629399,0.0791058440735975,0.25,False,0.3952035901465576,0.002,0.01,markov,0.62,square_moore,40,80,0.9,0.3552481520547397,0.3,0,0.42,0.08,160,0.2467206833939828,0.2,20,1.5545238170758866,3.598611204608e-18,0.2,plastic,sensitivity,0.0598242499885992,False,alpha_async,40,150,210,2,-1,1.0,0.6,0.6,80,0.0657868137832274,0,0,40,1.0,2,0,0.25,0.01,0.75,50.0,lesion,30.0,0.45,0.2,0.1,0.002,8.0,52,260,0.4032473749160266,-0.3054815943750155,0.0,0.125,0.3175918052340377,square_moore__ql__plastic__intr0__struct0__alpha_async__lesion__s2__12fc28f0b8,0.0124927871322431,0.0105887741877722,0.25,0.5761827539317436,0.002,ql,40,80,0.9,0.4488756639814582,0.3,0.42,0.08,160,0.3427258175959627,20,1.4815656863907878,3.4167093188267938e-18,0.2,sensitivity,-0.009127805599981,False,40,150,210,-1,1.0,80,0.088349463869746,0,40,1.0,2,0,0.25,0.01,0.75,50.0,30.0,0.45,0.2,0.1,0.002,8.0,0.0968020081605992,0.18097916378518597,0.0689520555885802,0.07295813068509882,0.4196913582194642
52,260,0.2844797915042253,0.5,0.0689387228682903,0.0,0.125,0.0,square_moore__markov__plastic__intr0__struct0__alpha_async__lesion__s1__6c6913042b,0.0924902492443494,0.1046056493547479,0.25,False,0.3818851738365386,0.002,0.016,markov,0.62,square_moore,40,80,0.9,0.3276823053758226,0.3,0,0.42,0.08,160,0.2299592777562717,0.2,20,1.5211385006684184,4.9501618802879295e-18,0.2,plastic,sensitivity,0.0581795041309229,False,alpha_async,40,150,210,1,-1,1.0,0.6,0.6,80,0.0661441493143987,0,0,40,1.0,2,0,0.25,0.01,0.75,50.0,lesion,30.0,0.45,0.2,0.1,0.002,8.0,52,260,0.4015918272297504,-0.3319663098142181,0.0,0.125,0.3112811555801337,square_moore__ql__plastic__intr0__struct0__alpha_async__lesion__s1__190c6c0c99,0.0049826547952061,0.0022261300150639,0.25,0.5758757924695593,0.002,ql,40,80,0.9,0.4568529448700412,0.3,0.42,0.08,160,0.3385915506269484,20,1.529555793373092,4.03085667446533e-18,0.2,sensitivity,-0.0031925721292496,False,40,150,210,-1,1.0,80,0.1104886378520096,0,40,1.0,2,0,0.25,0.01,0.75,50.0,30.0,0.45,0.2,0.1,0.002,8.0,0.11711203572552509,0.19399061863302075,0.0613720762601725,0.008417292704673729,0.38089202332339206
52,260,0.2971459642373377,0.5,0.0652727920745263,0.0,0.125,0.0,square_moore__markov__plastic__intr0__struct0__alpha_async__lesion__s2__919c10a269,0.0883341594980648,0.0837279924456102,0.25,False,0.4176806558410046,0.002,0.006,markov,0.62,square_moore,40,80,0.9,0.3303005894561658,0.3,0,0.42,0.08,160,0.2407699391668471,0.3,20,1.5423124065410143,3.562414574876728e-18,0.2,plastic,sensitivity,0.0587464995955865,False,alpha_async,40,150,210,2,-1,1.0,0.6,0.6,80,0.0703485817449705,0,0,40,1.0,2,0,0.25,0.01,0.75,50.0,lesion,30.0,0.45,0.2,0.1,0.002,8.0,52,260,0.400196988987606,-0.2807510434658586,0.0,0.125,0.3257257443190584,square_moore__ql__plastic__intr0__struct0__alpha_async__lesion__s2__cdf14cbd20,0.0183335863159794,0.0024869343214408,0.25,0.6090182452455696,0.002,ql,40,80,0.9,0.4238639884937981,0.3,0.42,0.08,160,0.3376457080092688,20,1.4566770707327057,4.2651960693798296e-18,0.2,sensitivity,0.0110034607446267,False,40,150,210,-1,1.0,80,0.0523593494061568,0,40,1.0,2,0,0.25,0.01,0.75,50.0,30.0,0.45,0.2,0.1,0.002,8.0,0.10305102475026828,0.19133758940456497,0.0477430388509598,0.08563533580830862,0.4277669888141017
52,260,0.283734410003492,0.5,0.0591930507035386,0.0,0.125,0.0,square_moore__markov__plastic__intr0__struct0__alpha_async__lesion__s1__f5a1440b8c,0.0951987799868748,0.0916615848824328,0.25,False,0.3663962849515208,0.002,0.01,markov,0.62,square_moore,40,80,0.9,0.3300666640417677,0.3,0,0.42,0.08,160,0.227423055965445,0.3,20,1.5180080413459844,6.307007574702927e-18,0.2,plastic,sensitivity,0.0688530321779263,False,alpha_async,40,150,210,1,-1,1.0,0.6,0.6,80,0.0699413394129005,0,0,40,1.0,2,0,0.25,0.01,0.75,50.0,lesion,30.0,0.45,0.2,0.1,0.002,8.0,52,260,0.3999785474737021,-0.3011690758631001,0.0,0.125,0.321401639268,square_moore__ql__plastic__intr0__struct0__alpha_async__lesion__s1__84134d9e65,0.0195091358700762,0.0113769363292814,0.25,0.5773543855837776,0.002,ql,40,80,0.9,0.4446062242174158,0.3,0.42,0.08,160,0.3374662324212049,20,1.4899505410609395,3.4560613645641813e-18,0.2,sensitivity,0.0129668665615885,False,40,150,210,-1,1.0,80,0.061045967503531,0,40,1.0,2,0,0.25,0.01,0.75,50.0,30.0,0.45,0.2,0.1,0.002,8.0,0.11624413747021012,0.21095810063225678,0.055886165616337795,0.028057500285044945,0.41114590400384965
52,260,0.2878585847123705,0.5,0.0465444902922998,0.0,0.125,0.0,square_moore__markov__plastic__intr0__struct0__alpha_async__lesion__s1__0b5cd1d02b,0.0898901945301885,0.0870660463354327,0.25,False,0.3805785178663698,0.002,0.016,markov,0.62,square_moore,40,80,0.9,0.336015572532041,0.3,0,0.42,0.08,160,0.2318213702500981,0.3,20,1.5215372518700587,4.968351238946924e-18,0.2,plastic,sensitivity,0.0360016029726576,False,alpha_async,40,150,210,1,-1,1.0,0.6,0.6,80,0.0737818528648173,0,0,40,1.0,2,0,0.25,0.01,0.75,50.0,lesion,30.0,0.45,0.2,0.1,0.002,8.0,52,260,0.397241682760388,-0.3082642537370584,0.0,0.125,0.3135374108373976,square_moore__ql__plastic__intr0__struct0__alpha_async__lesion__s1__c43c6b6a9b,0.0098345059242454,0.0044953804221706,0.25,0.583677485240644,0.002,ql,40,80,0.9,0.4432676360451069,0.3,0.42,0.08,160,0.3369665566731028,20,1.506326784419386,3.6215573258332964e-18,0.2,sensitivity,-0.0051591289052379,False,40,150,210,-1,1.0,80,0.1141932611041922,0,40,1.0,2,0,0.25,0.01,0.75,50.0,30.0,0.45,0.2,0.1,0.002,8.0,0.10938309804801749,0.2030989673742742,0.0411607318778955,0.015210467450672782,0.36885326475085994
52,260,0.2831550095568264,0.5,0.1181127916572741,0.0,0.125,0.0,square_moore__markov__plastic__intr0__struct0__alpha_async__lesion__s1__d758a6b0a7,0.1030622328020627,0.0867948748766796,0.25,False,0.4037744437831786,0.002,0.006,markov,0.62,square_moore,40,80,0.9,0.3053165239319326,0.3,0,0.42,0.08,160,0.2272304290002987,0.4,20,1.5205092890264214,6.139810912527324e-18,0.2,plastic,sensitivity,0.0684848886422572,False,alpha_async,40,150,210,1,-1,1.0,0.6,0.6,80,0.0622596108458907,0,0,40,1.0,2,0,0.25,0.01,0.75,50.0,lesion,30.0,0.45,0.2,0.1,0.002,8.0,52,260,0.4010382307367355,-0.2827164244323912,0.0,0.125,0.3240568608503422,square_moore__ql__plastic__intr0__struct0__alpha_async__lesion__s1__0a99cdf969,0.0109413015546381,0.0202705006933923,0.25,0.5949789315216651,0.002,ql,40,80,0.9,0.4335276948785409,0.3,0.42,0.08,160,0.3372424542681681,20,1.4716650952006247,3.3082542308273974e-18,0.2,sensitivity,-0.0051554775495201,False,40,150,210,-1,1.0,80,0.0647652593829905,0,40,1.0,2,0,0.25,0.01,0.75,50.0,30.0,0.45,0.2,0.1,0.002,8.0,0.11788322117990913,0.19120448773848653,0.0736403661917773,0.048844193825796633,0.43157226893596956
52,260,0.2869843729806927,0.5,0.0846058516566566,0.0,0.125,0.0,square_moore__markov__plastic__intr0__struct0__alpha_async__lesion__s1__b8fe3272b8,0.0929356280826407,0.086470364193377,0.25,False,0.3954062579137325,0.002,0.01,markov,0.62,square_moore,40,80,0.9,0.321038058184566,0.3,0,0.42,0.08,160,0.2314408010860337,0.4,20,1.5304273622071276,3.2202068346226264e-18,0.2,plastic,sensitivity,0.0597987594478227,False,alpha_async,40,150,210,1,-1,1.0,0.6,0.6,80,0.0592985619986428,0,0,40,1.0,2,0,0.25,0.01,0.75,50.0,lesion,30.0,0.45,0.2,0.1,0.002,8.0,52,260,0.4002238127759892,-0.2904550300266346,0.0,0.125,0.3220396128421834,square_moore__ql__plastic__intr0__struct0__alpha_async__lesion__s1__699d5d6a16,0.0167975998148663,0.0221272745701515,0.25,0.591810855965185,0.002,ql,40,80,0.9,0.4362876348512706,0.3,0.42,0.08,160,0.3375916216762502,20,1.479360154024019,5.294963256345277e-18,0.2,sensitivity,-0.0039267337997595,False,40,150,210,-1,1.0,80,0.0606879842394012,0,40,1.0,2,0,0.25,0.01,0.75,50.0,30.0,0.45,0.2,0.1,0.002,8.0,0.11323943979529649,0.1964045980514525,0.0637254932475822,0.0510672081831085,0.4244367392774397
52,260,0.2856356420400279,0.5,0.039921108498676,0.0,0.125,0.0,square_moore__markov__plastic__intr0__struct0__alpha_async__lesion__s1__5ed44c8b89,0.090256434572609,0.0887168979545573,0.25,False,0.3763887325015044,0.002,0.016,markov,0.62,square_moore,40,80,0.9,0.337103793307656,0.3,0,0.42,0.08,160,0.2299597222454953,0.4,20,1.5192526525381875,5.453609981621609e-18,0.2,plastic,sensitivity,0.0518991083204717,False,alpha_async,40,150,210,1,-1,1.0,0.6,0.6,80,0.0542391979989834,0,0,40,1.0,2,0,0.25,0.01,0.75,50.0,lesion,30.0,0.45,0.2,0.1,0.002,8.0,52,260,0.3996210746837971,-0.3120427092654004,0.0,0.125,0.3125555064279227,square_moore__ql__plastic__intr0__struct0__alpha_async__lesion__s1__d5b5570e88,0.0018144147863475,0.0043465737780439,0.25,0.5811157678123403,0.002,ql,40,80,0.9,0.447065639401801,0.3,0.42,0.08,160,0.3357250845094103,20,1.5097062789631222,2.7078142681902407e-18,0.2,sensitivity,-0.0146204369796154,False,40,150,210,-1,1.0,80,0.0561010235925785,0,40,1.0,2,0,0.25,0.01,0.75,50.0,30.0,0.45,0.2,0.1,0.002,8.0,0.1139854326437692,0.20472703531083591,0.0665195453000871,0.009546373575065381,0.3947783868297576
52,260,0.3248054492544475,0.5,0.0019288193420725,0.0,0.125,0.0,square_moore__markov__plastic__intr0__struct0__alpha_async__lesion__s2__494590f666,0.065679082290685,0.0698817340463017,0.25,False,0.4554843823598642,0.002,0.006,markov,0.68,square_moore,40,80,0.9,0.3593644851364004,0.3,0,0.42,0.08,160,0.262096197092156,0.2,20,1.555437775775682,4.574020126147029e-18,0.2,plastic,sensitivity,0.0392815203733599,False,alpha_async,40,150,210,2,-1,1.0,0.6,0.6,80,0.046484312050067,0,0,40,1.0,2,0,0.25,0.01,0.75,50.0,lesion,30.0,0.45,0.2,0.1,0.002,8.0,52,260,0.4141838714117538,-0.3151042170844699,0.0,0.125,0.3136095138511273,square_moore__ql__plastic__intr0__struct0__alpha_async__lesion__s2__05bde5d48f,0.0106067794351173,0.00530845995453,0.25,0.6010125118523418,0.002,ql,40,80,0.9,0.4442922955918686,0.3,0.42,0.08,160,0.3505309963148114,20,1.4192451937332873,4.365115445979389e-18,0.2,sensitivity,0.0045025893230355,False,40,150,210,-1,1.0,80,0.0917445376860203,0,40,1.0,2,0,0.25,0.01,0.75,50.0,30.0,0.45,0.2,0.1,0.002,8.0,0.08937842215730629,0.14552812949247762,0.034778931050324396,0.13619258204239482,0.4058780647425031
52,260,0.3202982364167866,0.5,0.0034429302903468,0.0,0.125,0.0,square_moore__markov__plastic__intr0__struct0__alpha_async__lesion__s1__fc00307f86,0.0701533229156196,0.070660959725876,0.25,False,0.4378514519840042,0.002,0.01,markov,0.68,square_moore,40,80,0.9,0.3570484672035655,0.3,0,0.42,0.08,160,0.2554649331364875,0.2,20,1.559054019950147,5.06138364537213e-18,0.2,plastic,sensitivity,0.0432046029705215,False,alpha_async,40,150,210,1,-1,1.0,0.6,0.6,80,0.172170338759551,0,0,40,1.0,2,0,0.25,0.01,0.75,50.0,lesion,30.0,0.45,0.2,0.1,0.002,8.0,52,260,0.4139767504242853,-0.3436296042473506,0.0,0.125,0.3076065726168163,square_moore__ql__plastic__intr0__struct0__alpha_async__lesion__s1__a4c92b1037,0.00771459807967,0.0085916811676581,0.25,0.5615620108533895,0.002,ql,40,80,0.9,0.4746797160361515,0.3,0.42,0.08,160,0.3515264911524763,20,1.485892365667157,5.3113165250099445e-18,0.2,sensitivity,-0.0070759452480171,False,40,150,210,-1,1.0,80,0.077719039319995,0,40,1.0,2,0,0.25,0.01,0.75,50.0,30.0,0.45,0.2,0.1,0.002,8.0,0.09367851400749866,0.12371055886938531,0.0502805482185386,0.07316165428299004,0.3408312753784126
52,260,0.3095608649570962,0.5,-0.0005986023706962,0.0,0.125,0.0,square_moore__markov__plastic__intr0__struct0__alpha_async__lesion__s1__5f81da398a,0.073646139210753,0.0900841998464485,0.25,False,0.4129783833912934,0.002,0.016,markov,0.68,square_moore,40,80,0.9,0.3594832828485234,0.3,0,0.42,0.08,160,0.2457803859063381,0.2,20,1.5457172858331834,4.8106984582231114e-18,0.2,plastic,sensitivity,0.0372590329690289,False,alpha_async,40,150,210,1,-1,1.0,0.6,0.6,80,0.0416569819112361,0,0,40,1.0,2,0,0.25,0.01,0.75,50.0,lesion,30.0,0.45,0.2,0.1,0.002,8.0,52,260,0.4122169299268763,-0.350242179645291,0.0,0.125,0.302707616671884,square_moore__ql__plastic__intr0__struct0__alpha_async__lesion__s1__beaf4bfe69,0.0089161785098452,0.0019349042605965,0.25,0.5626485027693963,0.002,ql,40,80,0.9,0.4755150839538172,0.3,0.42,0.08,160,0.3511165446744106,20,1.4903137677265963,2.669604487647558e-18,0.2,sensitivity,-0.0058415075646625,False,40,150,210,-1,1.0,80,0.0480385483958393,0,40,1.0,2,0,0.25,0.01,0.75,50.0,30.0,0.45,0.2,0.1,0.002,8.0,0.10265606496978008,0.14967011937810287,0.0431005405336914,0.05540351810658706,0.3508302429881614
52,260,0.309029736588235,0.5,0.0477868735357165,0.0,0.125,0.0,square_moore__markov__plastic__intr0__struct0__alpha_async__lesion__s1__6a4e91872d,0.0863879757124747,0.0671137126777491,0.25,False,0.4401182774550807,0.002,0.006,markov,0.68,square_moore,40,80,0.9,0.3380406596182248,0.3,0,0.42,0.08,160,0.2464395460011492,0.3,20,1.5478012490995816,4.9527242703068774e-18,0.2,plastic,sensitivity,0.0512645275221564,False,alpha_async,40,150,210,1,-1,1.0,0.6,0.6,80,0.0585135451205798,0,0,40,1.0,2,0,0.25,0.01,0.75,50.0,lesion,30.0,0.45,0.2,0.1,0.002,8.0,52,260,0.4061233677807485,-0.3073175527246896,0.0,0.125,0.3163461170440774,square_moore__ql__plastic__intr0__struct0__alpha_async__lesion__s1__d3272e8385,0.0111540907016618,0.0088589973567882,0.25,0.5961855613782853,0.002,ql,40,80,0.9,0.4426338088895551,0.3,0.42,0.08,160,0.3475213990798861,20,1.4572109569838272,5.14621634772133e-18,0.2,sensitivity,0.0021353888061793,False,40,150,210,-1,1.0,80,0.0978495816253202,0,40,1.0,2,0,0.25,0.01,0.75,50.0,30.0,0.45,0.2,0.1,0.002,8.0,0.09709363119251346,0.15606728392320457,0.0491291387159771,0.09059029211575442,0.3928803459474496
52,260,0.3226749145092931,0.5,-0.0252499179202367,0.0,0.125,0.0,square_moore__markov__plastic__intr0__struct0__alpha_async__lesion__s2__f8b3de4a64,0.0656267000141008,0.0603788493529876,0.25,False,0.4218577647354786,0.002,0.01,markov,0.68,square_moore,40,80,0.9,0.3708487902555054,0.3,0,0.42,0.08,160,0.256870876186014,0.3,20,1.5590069568409,5.972666058598692e-18,0.2,plastic,sensitivity,0.0288118521927467,False,alpha_async,40,150,210,2,-1,1.0,0.6,0.6,80,0.0569918302729437,0,0,40,1.0,2,0,0.25,0.01,0.75,50.0,lesion,30.0,0.45,0.2,0.1,0.002,8.0,52,260,0.4133158070555356,-0.3288051044631992,0.0,0.125,0.31029980793268,square_moore__ql__plastic__intr0__struct0__alpha_async__lesion__s2__914b660220,0.0049214933796009,0.0066541434350789,0.25,0.5905469172630169,0.002,ql,40,80,0.9,0.4544602927474688,0.3,0.42,0.08,160,0.3493607926880835,20,1.460506299922952,4.299634159264645e-18,0.2,sensitivity,-0.0147161058364304,False,40,150,210,-1,1.0,80,0.0658057125241608,0,40,1.0,2,0,0.25,0.01,0.75,50.0,30.0,0.45,0.2,0.1,0.002,8.0,0.09064089254624252,0.1686891525275383,0.0435279580291771,0.09850065691794807,0.401358660020906
52,260,0.319185265353048,0.5,-0.0256504293559224,0.0,0.125,0.0,square_moore__markov__plastic__intr0__struct0__alpha_async__lesion__s2__912554df85,0.0685715693645526,0.0704433341124754,0.25,False,0.4222559646057619,0.002,0.016,markov,0.68,square_moore,40,80,0.9,0.3706345339925851,0.3,0,0.42,0.08,160,0.2548624052770332,0.3,20,1.5580696671188143,4.038610284770539e-18,0.2,plastic,sensitivity,0.0295843958378819,False,alpha_async,40,150,210,2,-1,1.0,0.6,0.6,80,0.0662175685193845,0,0,40,1.0,2,0,0.25,0.01,0.75,50.0,lesion,30.0,0.45,0.2,0.1,0.002,8.0,52,260,0.4084771470602689,-0.3367834222748481,0.0,0.125,0.3051772524954731,square_moore__ql__plastic__intr0__struct0__alpha_async__lesion__s2__1842e20b99,0.0039504136619254,0.0051016220409953,0.25,0.5742836891780739,0.002,ql,40,80,0.9,0.4638384848584356,0.3,0.42,0.08,160,0.348122034631855,20,1.4935111050421608,2.5860781763093777e-18,0.2,sensitivity,-0.0012484017348981,False,40,150,210,-1,1.0,80,0.0407429008705422,0,40,1.0,2,0,0.25,0.01,0.75,50.0,30.0,0.45,0.2,0.1,0.002,8.0,0.08929188170722091,0.152027724572312,0.03083279757278,0.06455856207665356,0.3367109659289665
52,260,0.3042331399815486,0.5,0.0461605149937103,0.0,0.125,0.0,square_moore__markov__plastic__intr0__struct0__alpha_async__lesion__s1__cffa3e0157,0.093615422891457,0.0793329845739267,0.25,False,0.421736337489609,0.002,0.006,markov,0.68,square_moore,40,80,0.9,0.3367231829673409,0.3,0,0.42,0.08,160,0.2440329821992014,0.4,20,1.5359049362382418,4.960054297005578e-18,0.2,plastic,sensitivity,0.0558459036011992,False,alpha_async,40,150,210,1,-1,1.0,0.6,0.6,80,0.0563273920566077,0,0,40,1.0,2,0,0.25,0.01,0.75,50.0,lesion,30.0,0.45,0.2,0.1,0.002,8.0,52,260,0.4069446012140625,-0.305334444458491,0.0,0.125,0.3168937288690673,square_moore__ql__plastic__intr0__struct0__alpha_async__lesion__s1__a56e14ea34,0.0104938547021496,0.0138384013436438,0.25,0.601390936123405,0.002,ql,40,80,0.9,0.4388643150817402,0.3,0.42,0.08,160,0.3465527562473549,20,1.4483143189220975,4.095429658579363e-18,0.2,sensitivity,-0.0032292124365287,False,40,150,210,-1,1.0,80,0.1016819136424668,0,40,1.0,2,0,0.25,0.01,0.75,50.0,30.0,0.45,0.2,0.1,0.002,8.0,0.1027114612325139,0.17965459863379601,0.059075116037727894,0.08759061731614426,0.4290317932201821
52,260,0.2980315352876599,0.5,0.0543479672021397,0.0,0.125,0.0,square_moore__markov__plastic__intr0__struct0__alpha_async__lesion__s1__d5df313488,0.0812621073873323,0.1006686226201156,0.25,False,0.3962818515367441,0.002,0.01,markov,0.68,square_moore,40,80,0.9,0.3378127891450808,0.3,0,0.42,0.08,160,0.2359441171656725,0.4,20,1.5380912232915194,4.100789454179221e-18,0.2,plastic,sensitivity,0.0413346160198457,False,alpha_async,40,150,210,1,-1,1.0,0.6,0.6,80,0.0569515727211973,0,0,40,1.0,2,0,0.25,0.01,0.75,50.0,lesion,30.0,0.45,0.2,0.1,0.002,8.0,52,260,0.4065505148977877,-0.3231243420395608,0.0,0.125,0.3127566227089764,square_moore__ql__plastic__intr0__struct0__alpha_async__lesion__s1__1b15296b52,0.0044362926722831,0.0131294997025739,0.25,0.5689031875716761,0.002,ql,40,80,0.9,0.4598956455576348,0.3,0.42,0.08,160,0.3473367297623848,20,1.4989544308401157,4.9691013219273626e-18,0.2,sensitivity,-0.0077146536817216,False,40,150,210,-1,1.0,80,0.0846291093415286,0,40,1.0,2,0,0.25,0.01,0.75,50.0,30.0,0.45,0.2,0.1,0.002,8.0,0.1085189796101278,0.17262133603493202,0.0490492697015673,0.03913679245140367,0.3693263777980308
52,260,0.310427366503594,0.5,-0.0251461204803641,0.0,0.125,0.0,square_moore__markov__plastic__intr0__struct0__alpha_async__lesion__s2__a90d523b2f,0.0691172829845728,0.0786382453848342,0.25,False,0.392539079310553,0.002,0.016,markov,0.68,square_moore,40,80,0.9,0.3718456281356601,0.3,0,0.42,0.08,160,0.2499780119591136,0.4,20,1.5476166465613896,3.124413172268226e-18,0.2,plastic,sensitivity,0.047332034009968,False,alpha_async,40,150,210,2,-1,1.0,0.6,0.6,80,0.0493185477318435,0,0,40,1.0,2,0,0.25,0.01,0.75,50.0,lesion,30.0,0.45,0.2,0.1,0.002,8.0,52,260,0.4105512259860079,-0.3508529520845111,0.0,0.125,0.3065416750192644,square_moore__ql__plastic__intr0__struct0__alpha_async__lesion__s2__41a13c908a,0.0021189607413506,0.0032689731952307,0.25,0.5488195092749506,0.002,ql,40,80,0.9,0.4810587517149738,0.3,0.42,0.08,160,0.3480057029257521,20,1.52289055607482,3.766430867705337e-18,0.2,sensitivity,-0.0098449967587597,False,40,150,210,-1,1.0,80,0.0815726968793518,0,40,1.0,2,0,0.25,0.01,0.75,50.0,30.0,0.45,0.2,0.1,0.002,8.0,0.10012385948241392,0.15628042996439762,0.0571770307687277,0.024726090486569596,0.33830741070210885
52,260,0.090221073883414,0.5,0.5504718392725345,0.0,0.125,0.0,square_vn__markov__plastic__intr0__struct0__alpha_async__lesion__s2__2be07984f5,0.3630459192705115,0.3795249056798892,0.25,False,0.1641934478224756,0.002,0.006,markov,0.58,square_vn,40,80,0.9,0.0793180927207298,0.3,0,0.42,0.08,160,0.0919119723572872,0.2,20,0.8359656933510884,4.557303877510108e-18,0.2,plastic,sensitivity,0.3150582195275219,False,alpha_async,40,150,210,2,-1,1.0,0.6,0.6,80,0.0927375238462739,0,0,40,1.0,2,0,0.25,0.01,0.75,50.0,lesion,30.0,0.45,0.2,0.1,0.002,8.0,52,260,0.2944178838311674,0.1911660746685347,0.0,0.125,0.3952724476762397,square_vn__ql__plastic__intr0__struct0__alpha_async__lesion__s2__77f7f86912,0.111592973057935,0.1132829675019126,0.25,0.6434560926398513,0.002,ql,40,80,0.9,0.2181321345151682,0.3,0.42,0.08,160,0.2520551441619011,20,1.4711811903388945,3.58679889440298e-18,0.2,sensitivity,0.0713103976370879,False,40,150,210,-1,1.0,80,0.0479484151343592,0,40,1.0,2,0,0.25,0.01,0.75,50.0,30.0,0.45,0.2,0.1,0.002,8.0,0.2041968099477534,0.4792626448173757,0.24374782189043398,0.6352154969878061,1.5624227736433691
52,260,0.0815050978095529,0.5,0.577631020619321,0.0,0.125,0.0,square_vn__markov__plastic__intr0__struct0__alpha_async__lesion__s1__af33cb8b68,0.3945668913601274,0.4099479541327842,0.25,False,0.1512224245640694,0.002,0.01,markov,0.58,square_vn,40,80,0.9,0.0692886661203665,0.3,0,0.42,0.08,160,0.0867986921268329,0.2,20,0.7821841319603915,6.5027861323619456e-18,0.2,plastic,sensitivity,0.3524890213875334,False,alpha_async,40,150,210,1,-1,1.0,0.6,0.6,80,0.091010029347116,0,0,40,1.0,2,0,0.25,0.01,0.75,50.0,lesion,30.0,0.45,0.2,0.1,0.002,8.0,52,260,0.2843894664570858,0.2250551621705014,0.0,0.125,0.405816262857073,square_vn__ql__plastic__intr0__struct0__alpha_async__lesion__s1__3cf74c2d94,0.1162724277806689,0.106096820636893,0.25,0.6362092175321632,0.002,ql,40,80,0.9,0.2054641783446187,0.3,0.42,0.08,160,0.2424916478633373,20,1.4526534728548128,3.597193255140562e-18,0.2,sensitivity,0.0906735065134293,False,40,150,210,-1,1.0,80,0.0549731767961263,0,40,1.0,2,0,0.25,0.01,0.75,50.0,30.0,0.45,0.2,0.1,0.002,8.0,0.2028843686475329,0.48498679296809377,0.2618155148741041,0.6704693408944213,1.620156017384152
52,260,0.078822044463294,0.5,0.5650341303520471,0.0,0.125,0.0,square_vn__markov__plastic__intr0__struct0__alpha_async__lesion__s1__8875de68ed,0.4003085468306486,0.4123308571571704,0.25,False,0.1459788794419366,0.002,0.016,markov,0.58,square_vn,40,80,0.9,0.0687869511285058,0.3,0,0.42,0.08,160,0.0846875611114911,0.2,20,0.7668992363664614,6.280234168971563e-18,0.2,plastic,sensitivity,0.3916527524118158,False,alpha_async,40,150,210,1,-1,1.0,0.6,0.6,80,0.0828982684671643,0,0,40,1.0,2,0,0.25,0.01,0.75,50.0,lesion,30.0,0.45,0.2,0.1,0.002,8.0,52,260,0.2821410073236663,0.1924020796098214,0.0,0.125,0.4032247622119509,square_vn__ql__plastic__intr0__struct0__alpha_async__lesion__s1__7cd67c84df,0.1157388809573161,0.1147353136084668,0.25,0.6301284343231991,0.002,ql,40,80,0.9,0.2123820725533751,0.3,0.42,0.08,160,0.2448940774034479,20,1.4518463659923924,3.7932710340319455e-18,0.2,sensitivity,0.0775008711342021,False,40,150,210,-1,1.0,80,0.045094167448989,0,40,1.0,2,0,0.25,0.01,0.75,50.0,30.0,0.45,0.2,0.1,0.002,8.0,0.20331896286037232,0.4841495548812625,0.3141518812776137,0.684947129625931,1.6865675286451793
52,260,0.0884904881346683,0.5,0.5655960014708779,0.0,0.125,0.0,square_vn__markov__plastic__intr0__struct0__alpha_async__lesion__s2__bcefaa4f2d,0.3615817624007111,0.3766959094477753,0.25,False,0.1607180286969461,0.002,0.006,markov,0.58,square_vn,40,80,0.9,0.0761567718720967,0.3,0,0.42,0.08,160,0.091623977485739,0.3,20,0.8317048797971517,2.988866448269588e-18,0.2,plastic,sensitivity,0.3729216359198352,False,alpha_async,40,150,210,2,-1,1.0,0.6,0.6,80,0.0909327089270456,0,0,40,1.0,2,0,0.25,0.01,0.75,50.0,lesion,30.0,0.45,0.2,0.1,0.002,8.0,52,260,0.2733379517624715,0.2114847396894542,0.0,0.125,0.4084350523782344,square_vn__ql__plastic__intr0__struct0__alpha_async__lesion__s2__001dff1c1a,0.1314360675395592,0.1221002942654632,0.25,0.620524293400088,0.002,ql,40,80,0.9,0.2043584226585767,0.3,0.42,0.08,160,0.2395373348981916,20,1.4296441230021568,4.358578585825244e-18,0.2,sensitivity,0.1080875880981308,False,40,150,210,-1,1.0,80,0.0465103215046154,0,40,1.0,2,0,0.25,0.01,0.75,50.0,30.0,0.45,0.2,0.1,0.002,8.0,0.1848474636278032,0.4598062647031419,0.2648340478217044,0.5979392432050051,1.5074270193576544
52,260,0.0798925629981958,0.5,0.5721559385686893,0.0,0.125,0.0,square_vn__markov__plastic__intr0__struct0__alpha_async__lesion__s1__b4e93e2113,0.4032221205600549,0.415500992565208,0.25,False,0.1464209671611574,0.002,0.01,markov,0.58,square_vn,40,80,0.9,0.0690247214394832,0.3,0,0.42,0.08,160,0.0849778715517076,0.3,20,0.7775167229247287,6.738201866629761e-18,0.2,plastic,sensitivity,0.3913152154162228,False,alpha_async,40,150,210,1,-1,1.0,0.6,0.6,80,0.0844172297643157,0,0,40,1.0,2,0,0.25,0.01,0.75,50.0,lesion,30.0,0.45,0.2,0.1,0.002,8.0,52,260,0.2700006057876509,0.2427706212215958,0.0,0.125,0.4131260880827973,square_vn__ql__plastic__intr0__struct0__alpha_async__lesion__s1__1df978e8b6,0.1129055720949019,0.1221651455701198,0.25,0.6225605561291485,0.002,ql,40,80,0.9,0.1925621735590169,0.3,0.42,0.08,160,0.234934121534533,20,1.4242331128203638,4.278532921640836e-18,0.2,sensitivity,0.0639947156732455,False,40,150,210,-1,1.0,80,0.0600711762333828,0,40,1.0,2,0,0.25,0.01,0.75,50.0,30.0,0.45,0.2,0.1,0.002,8.0,0.1901080427894551,0.47613958896799113,0.3273204997429773,0.6467163898956351,1.6402845213960586
52,260,0.0831497537891254,0.5,0.549727891016709,0.0,0.125,0.0,square_vn__markov__plastic__intr0__struct0__alpha_async__lesion__s2__45e3ba7cc9,0.3966256176119607,0.3754399691616977,0.25,False,0.1518953469870753,0.002,0.016,markov,0.58,square_vn,40,80,0.9,0.0739746863067902,0.3,0,0.42,0.08,160,0.0881570419656445,0.3,20,0.7912872578310722,5.0396798886883004e-18,0.2,plastic,sensitivity,0.3727551018908766,False,alpha_async,40,150,210,2,-1,1.0,0.6,0.6,80,0.0837469920737012,0,0,40,1.0,2,0,0.25,0.01,0.75,50.0,lesion,30.0,0.45,0.2,0.1,0.002,8.0,52,260,0.2730528041890102,0.2263688639565379,0.0,0.125,0.4091655995004761,square_vn__ql__plastic__intr0__struct0__alpha_async__lesion__s2__948a5a83fb,0.1127520143290187,0.1162111660171193,0.25,0.6206012651298703,0.002,ql,40,80,0.9,0.2001847626512982,0.3,0.42,0.08,160,0.2373116930969539,20,1.432458083411576,3.1468759010284442e-18,0.2,sensitivity,0.0699646989463928,False,40,150,210,-1,1.0,80,0.0561794787018685,0,40,1.0,2,0,0.25,0.01,0.75,50.0,30.0,0.45,0.2,0.1,0.002,8.0,0.18990305039988478,0.46870591814279505,0.3027904029444838,0.6411708255805039,1.6025701970676676
52,260,0.0785073869028395,0.5,0.5614216601239127,0.0,0.125,0.0,square_vn__markov__plastic__intr0__struct0__alpha_async__lesion__s1__5a1bb31e9e,0.3969393303462821,0.4085881230343226,0.25,False,0.142878720137833,0.002,0.006,markov,0.58,square_vn,40,80,0.9,0.068841020295773,0.3,0,0.42,0.08,160,0.0840550777753987,0.4,20,0.7643573711674155,7.006024632306986e-18,0.2,plastic,sensitivity,0.39238108985686,False,alpha_async,40,150,210,1,-1,1.0,0.6,0.6,80,0.081693438002966,0,0,40,1.0,2,0,0.25,0.01,0.75,50.0,lesion,30.0,0.45,0.2,0.1,0.002,8.0,52,260,0.2615870696524209,0.279493965368657,0.0,0.125,0.4208304213101096,square_vn__ql__plastic__intr0__struct0__alpha_async__lesion__s1__cb53a702f7,0.1334669862370277,0.1426383761095408,0.25,0.6151283991612618,0.002,ql,40,80,0.9,0.1811367354769614,0.3,0.42,0.08,160,0.2298899407882496,20,1.3938919031579662,4.275825387086881e-18,0.2,sensitivity,0.1111821375748963,False,40,150,210,-1,1.0,80,0.0644370558440248,0,40,1.0,2,0,0.25,0.01,0.75,50.0,30.0,0.45,0.2,0.1,0.002,8.0,0.18307968274958142,0.47224967902342885,0.2811989522819637,0.6295345319905506,1.5660628460455246
52,260,0.0744505659415587,0.5,0.572606068298876,0.0,0.125,0.0,square_vn__markov__plastic__intr0__struct0__alpha_async__lesion__s1__2d6331543c,0.4196369837824038,0.4006434125099098,0.25,False,0.1373375558520117,0.002,0.01,markov,0.58,square_vn,40,80,0.9,0.0641873042329847,0.3,0,0.42,0.08,160,0.0811611119085023,0.4,20,0.7411336048154057,6.778751240381095e-18,0.2,plastic,sensitivity,0.3957668550621274,False,alpha_async,40,150,210,1,-1,1.0,0.6,0.6,80,0.0813786962967948,0,0,40,1.0,2,0,0.25,0.01,0.75,50.0,lesion,30.0,0.45,0.2,0.1,0.002,8.0,52,260,0.2725066428261788,0.2425283267876247,0.0,0.125,0.4089532835138949,square_vn__ql__plastic__intr0__struct0__alpha_async__lesion__s1__53e9b228f5,0.1261620355741949,0.1264182237842874,0.25,0.6233118835440664,0.002,ql,40,80,0.9,0.1956618338261531,0.3,0.42,0.08,160,0.2364905891042854,20,1.4305811943367204,2.633694631148607e-18,0.2,sensitivity,0.0870253190132305,False,40,150,210,-1,1.0,80,0.0640780700106998,0,40,1.0,2,0,0.25,0.01,0.75,50.0,30.0,0.45,0.2,0.1,0.002,8.0,0.19805607688462012,0.48597432769205473,0.30874153604889687,0.6894475895213147,1.6822195301468863
52,260,0.078604882730256,0.5,0.5640956219786081,0.0,0.125,0.0,square_vn__markov__plastic__intr0__struct0__alpha_async__lesion__s1__71de74f4da,0.3898700328520032,0.4081730374949319,0.25,False,0.1481905487919887,0.002,0.016,markov,0.58,square_vn,40,80,0.9,0.0685145581486781,0.3,0,0.42,0.08,160,0.0864953328150426,0.4,20,0.7542496499291387,1.093912354956054e-17,0.2,plastic,sensitivity,0.3818647712602593,False,alpha_async,40,150,210,1,-1,1.0,0.6,0.6,80,0.0819690703685783,0,0,40,1.0,2,0,0.25,0.01,0.75,50.0,lesion,30.0,0.45,0.2,0.1,0.002,8.0,52,260,0.2607820821993385,0.2600874398098204,0.0,0.125,0.4200981277727421,square_vn__ql__plastic__intr0__struct0__alpha_async__lesion__s1__c068672967,0.1386070244864403,0.1425337460154083,0.25,0.6119427161185296,0.002,ql,40,80,0.9,0.1851754484841741,0.3,0.42,0.08,160,0.2297659309549533,20,1.3941499534564414,3.8841262685217575e-18,0.2,sensitivity,0.1019056690857868,False,40,150,210,-1,1.0,80,0.0564373516939432,0,40,1.0,2,0,0.25,0.01,0.75,50.0,30.0,0.45,0.2,0.1,0.002,8.0,0.1821771994690825,0.4637521673265409,0.2799591021744725,0.6399003035273028,1.5657887724973987
52,260,0.0890726680952672,0.5,0.5372197261558437,0.0,0.125,0.0,square_vn__markov__plastic__intr0__struct0__alpha_async__lesion__s2__1a7b287e77,0.3607686380015563,0.3535040310036277,0.25,False,0.1631901331364306,0.002,0.006,markov,0.62,square_vn,40,80,0.9,0.080150426030385,0.3,0,0.42,0.08,160,0.0932906532642989,0.2,20,0.8385018977834471,5.27206506274916e-18,0.2,plastic,sensitivity,0.3435624300177333,False,alpha_async,40,150,210,2,-1,1.0,0.6,0.6,80,0.084339868898404,0,0,40,1.0,2,0,0.25,0.01,0.75,50.0,lesion,30.0,0.45,0.2,0.1,0.002,8.0,52,260,0.3100759764066965,0.1413478246918749,0.0,0.125,0.3814212201140048,square_vn__ql__plastic__intr0__struct0__alpha_async__lesion__s2__1699879463,0.0939738728157061,0.0917348113275627,0.25,0.6614367258625341,0.002,ql,40,80,0.9,0.2352081712229115,0.3,0.42,0.08,160,0.2628619359424941,20,1.4716989669326186,3.4390600549196214e-18,0.2,sensitivity,0.0455610859073748,False,40,150,210,-1,1.0,80,0.0377759563174016,0,40,1.0,2,0,0.25,0.01,0.75,50.0,30.0,0.45,0.2,0.1,0.002,8.0,0.22100330831142928,0.4982465927261035,0.2980013441103585,0.6331970691491715,1.6504483142970627
52,260,0.0904484729014808,0.5,0.5654660372918782,0.0,0.125,0.0,square_vn__markov__plastic__intr0__struct0__alpha_async__lesion__s1__06b6243b78,0.3600180378191623,0.3664480353791329,0.25,False,0.1661587209349183,0.002,0.01,markov,0.62,square_vn,40,80,0.9,0.077338267555106,0.3,0,0.42,0.08,160,0.0929574446394438,0.2,20,0.8402305392394401,7.543660950111134e-18,0.2,plastic,sensitivity,0.3363722953371797,False,alpha_async,40,150,210,1,-1,1.0,0.6,0.6,80,0.0924099633858282,0,0,40,1.0,2,0,0.25,0.01,0.75,50.0,lesion,30.0,0.45,0.2,0.1,0.002,8.0,52,260,0.2953691189676146,0.183803125099432,0.0,0.125,0.3904386314640835,square_vn__ql__plastic__intr0__struct0__alpha_async__lesion__s1__925f995a5f,0.095560832564951,0.1040975365545345,0.25,0.6422492685758977,0.002,ql,40,80,0.9,0.2228244835597709,0.3,0.42,0.08,160,0.2525200579485623,20,1.4666424881215152,3.2391870418591916e-18,0.2,sensitivity,0.0437409096054153,False,40,150,210,-1,1.0,80,0.0495135894787378,0,40,1.0,2,0,0.25,0.01,0.75,50.0,30.0,0.45,0.2,0.1,0.002,8.0,0.2049206460661338,0.4760905476409794,0.2926313857317644,0.6264119488820751,1.6000545283209529
52,260,0.0940985553007871,0.5,0.5383060820460869,0.0,0.125,0.0,square_vn__markov__plastic__intr0__struct0__alpha_async__lesion__s1__26c946a104,0.3681702779686773,0.3614948631983248,0.25,False,0.1721026801524623,0.002,0.016,markov,0.62,square_vn,40,80,0.9,0.0840099362663455,0.3,0,0.42,0.08,160,0.095419430177968,0.2,20,0.8687466947852185,5.853128097083139e-18,0.2,plastic,sensitivity,0.3489837967396014,False,alpha_async,40,150,210,1,-1,1.0,0.6,0.6,80,0.0877364522974255,0,0,40,1.0,2,0,0.25,0.01,0.75,50.0,lesion,30.0,0.45,0.2,0.1,0.002,8.0,52,260,0.3043974805157275,0.1415358799515678,0.0,0.125,0.3881015646491748,square_vn__ql__plastic__intr0__struct0__alpha_async__lesion__s1__258f815f67,0.0815810590779171,0.0949620634181644,0.25,0.647378557824657,0.002,ql,40,80,0.9,0.2364683802964337,0.3,0.42,0.08,160,0.2577687229898622,20,1.4800800841384003,4.677814533636313e-18,0.2,sensitivity,0.0454071480926523,False,40,150,210,-1,1.0,80,0.0334596422165686,0,40,1.0,2,0,0.25,0.01,0.75,50.0,30.0,0.45,0.2,0.1,0.002,8.0,0.21029892521494042,0.4752758776721947,0.3035766486469491,0.6113333893531818,1.600484840887266
52,260,0.0859529904753188,0.5,0.571424790909316,0.0,0.125,0.0,square_vn__markov__plastic__intr0__struct0__alpha_async__lesion__s2__67d324acda,0.3931569464388332,0.3758385665883239,0.25,False,0.1566543448796185,0.002,0.006,markov,0.62,square_vn,40,80,0.9,0.0737012238653563,0.3,0,0.42,0.08,160,0.0893732908151594,0.3,20,0.8193378708253886,7.178125642608682e-18,0.2,plastic,sensitivity,0.3865583027201414,False,alpha_async,40,150,210,2,-1,1.0,0.6,0.6,80,0.0914605801310806,0,0,40,1.0,2,0,0.25,0.01,0.75,50.0,lesion,30.0,0.45,0.2,0.1,0.002,8.0,52,260,0.2956128927274344,0.174251226561811,0.0,0.125,0.3917173227442301,square_vn__ql__plastic__intr0__struct0__alpha_async__lesion__s2__5caa21e729,0.1053992932204624,0.0945248607725196,0.25,0.6410870166397001,0.002,ql,40,80,0.9,0.225068519629081,0.3,0.42,0.08,160,0.2543586802174858,20,1.47506642617227,3.9955931451963216e-18,0.2,sensitivity,0.0482321653056356,False,40,150,210,-1,1.0,80,0.0377055447553048,0,40,1.0,2,0,0.25,0.01,0.75,50.0,30.0,0.45,0.2,0.1,0.002,8.0,0.20965990225211562,0.48443267176008165,0.3383261374145058,0.6557285553468813,1.6881472667735844
52,260,0.0816993410139989,0.5,0.5538809738825016,0.0,0.125,0.0,square_vn__markov__plastic__intr0__struct0__alpha_async__lesion__s1__c1c5459ab5,0.3987325532258904,0.4051548889021245,0.25,False,0.1483051717524894,0.002,0.01,markov,0.62,square_vn,40,80,0.9,0.072248706614031,0.3,0,0.42,0.08,160,0.0866529694668139,0.3,20,0.7863946111135705,6.213758291642726e-18,0.2,plastic,sensitivity,0.3836776351135632,False,alpha_async,40,150,210,1,-1,1.0,0.6,0.6,80,0.0825689955830663,0,0,40,1.0,2,0,0.25,0.01,0.75,50.0,lesion,30.0,0.45,0.2,0.1,0.002,8.0,52,260,0.284337527184115,0.1839742850314474,0.0,0.125,0.3988202478422731,square_vn__ql__plastic__intr0__struct0__alpha_async__lesion__s1__95d655f23c,0.1251558607056027,0.1253173133998283,0.25,0.6242629039373752,0.002,ql,40,80,0.9,0.217524413073021,0.3,0.42,0.08,160,0.2450830553925828,20,1.4585631586715913,3.2555177777704352e-18,0.2,sensitivity,0.0760937118901594,False,40,150,210,-1,1.0,80,0.0551031344975021,0,40,1.0,2,0,0.25,0.01,0.75,50.0,30.0,0.45,0.2,0.1,0.002,8.0,0.20263818617011609,0.4759577321848858,0.3075839232234038,0.6721685475580208,1.6583483891364263
52,260,0.0876024312802238,0.5,0.5560724122315591,0.0,0.125,0.0,square_vn__markov__plastic__intr0__struct0__alpha_async__lesion__s1__81bb69ed85,0.3757545628196899,0.3574573726345356,0.25,False,0.1608408980598802,0.002,0.016,markov,0.62,square_vn,40,80,0.9,0.0766392851423205,0.3,0,0.42,0.08,160,0.0906925167529147,0.3,20,0.8245670325433494,4.727591112350438e-18,0.2,plastic,sensitivity,0.3473068006930814,False,alpha_async,40,150,210,1,-1,1.0,0.6,0.6,80,0.0882969646046269,0,0,40,1.0,2,0,0.25,0.01,0.75,50.0,lesion,30.0,0.45,0.2,0.1,0.002,8.0,52,260,0.3042662931781009,0.1613225305763729,0.0,0.125,0.3850791853122908,square_vn__ql__plastic__intr0__struct0__alpha_async__lesion__s1__d3623717b6,0.0808050949185536,0.0958675333032418,0.25,0.6523073224291203,0.002,ql,40,80,0.9,0.230704377552628,0.3,0.42,0.08,160,0.2583685211717206,20,1.4753343167793485,3.1071190017728175e-18,0.2,sensitivity,0.0543095933301072,False,40,150,210,-1,1.0,80,0.0442586870356055,0,40,1.0,2,0,0.25,0.01,0.75,50.0,30.0,0.45,0.2,0.1,0.002,8.0,0.2166638618978771,0.49146642436924004,0.2929972073629742,0.650767284235999,1.6518947778660904
52,260,0.079922741796918,0.5,0.5449964117871985,0.0,0.125,0.0,square_vn__markov__plastic__intr0__struct0__alpha_async__lesion__s2__8d9328763e,0.40585967505554,0.3857707010958561,0.25,False,0.1452150847111354,0.002,0.006,markov,0.62,square_vn,40,80,0.9,0.0719373727539008,0.3,0,0.42,0.08,160,0.0860968645988941,0.4,20,0.775446320832066,7.486647567780937e-18,0.2,plastic,sensitivity,0.4012757848661598,False,alpha_async,40,150,210,2,-1,1.0,0.6,0.6,80,0.0833175030077358,0,0,40,1.0,2,0,0.25,0.01,0.75,50.0,lesion,30.0,0.45,0.2,0.1,0.002,8.0,52,260,0.2899788520540518,0.2076189741956286,0.0,0.125,0.3951170100996851,square_vn__ql__plastic__intr0__struct0__alpha_async__lesion__s2__d8aeafe228,0.1094050206673742,0.1180084814200512,0.25,0.6376793851303422,0.002,ql,40,80,0.9,0.2137501169352703,0.3,0.42,0.08,160,0.2488240522903671,20,1.4719279524743571,3.4821820409800985e-18,0.2,sensitivity,0.0854703307294392,False,40,150,210,-1,1.0,80,0.0509397669851769,0,40,1.0,2,0,0.25,0.01,0.75,50.0,30.0,0.45,0.2,0.1,0.002,8.0,0.21005611025713383,0.49246430041920675,0.31580545413672056,0.6964816316422912,1.7148074964553524
52,260,0.0820223837379618,0.5,0.5496547194272747,0.0,0.125,0.0,square_vn__markov__plastic__intr0__struct0__alpha_async__lesion__s1__eeb2189ce8,0.383240750023295,0.3887949092702192,0.25,False,0.1519520969062316,0.002,0.01,markov,0.62,square_vn,40,80,0.9,0.0732301800540948,0.3,0,0.42,0.08,160,0.0875651377250559,0.4,20,0.7907773194805275,1.04322741792725e-17,0.2,plastic,sensitivity,0.3754443247626277,False,alpha_async,40,150,210,1,-1,1.0,0.6,0.6,80,0.0862527627162645,0,0,40,1.0,2,0,0.25,0.01,0.75,50.0,lesion,30.0,0.45,0.2,0.1,0.002,8.0,52,260,0.307541626481058,0.1618828495169061,0.0,0.125,0.3851099258584406,square_vn__ql__plastic__intr0__struct0__alpha_async__lesion__s1__d4b0d17061,0.1115001596453655,0.0953022983130301,0.25,0.6544361390931245,0.002,ql,40,80,0.9,0.2322018731699537,0.3,0.42,0.08,160,0.2586045694806877,20,1.4870837679346582,4.380727504954797e-18,0.2,sensitivity,0.0605240664768481,False,40,150,210,-1,1.0,80,0.0501106421208267,0,40,1.0,2,0,0.25,0.01,0.75,50.0,30.0,0.45,0.2,0.1,0.002,8.0,0.2255192427430962,0.5024840421868929,0.3149202582857796,0.6963064484541307,1.7392299916698994
52,260,0.0824046261863682,0.5,0.549092581147495,0.0,0.125,0.0,square_vn__markov__plastic__intr0__struct0__alpha_async__lesion__s1__efe1a0ede3,0.3641606332620641,0.3814265571221371,0.25,False,0.152155926854281,0.002,0.016,markov,0.62,square_vn,40,80,0.9,0.0732059729579352,0.3,0,0.42,0.08,160,0.0882631724286581,0.4,20,0.7891644615690622,9.378589385583605e-18,0.2,plastic,sensitivity,0.3698736557388818,False,alpha_async,40,150,210,1,-1,1.0,0.6,0.6,80,0.0831806154364966,0,0,40,1.0,2,0,0.25,0.01,0.75,50.0,lesion,30.0,0.45,0.2,0.1,0.002,8.0,52,260,0.3000289222292994,0.1640177017689047,0.0,0.125,0.3892792142997742,square_vn__ql__plastic__intr0__struct0__alpha_async__lesion__s1__e90b39fda8,0.0892218634770087,0.0946823339917838,0.25,0.6449873502812874,0.002,ql,40,80,0.9,0.2284133860532181,0.3,0.42,0.08,160,0.2547850419703554,20,1.4659838775852034,3.833964494031241e-18,0.2,sensitivity,0.0524881884104656,False,40,150,210,-1,1.0,80,0.0400273573308862,0,40,1.0,2,0,0.25,0.01,0.75,50.0,30.0,0.45,0.2,0.1,0.002,8.0,0.2176242960429312,0.49283142342700637,0.3173854673284162,0.6768194160161413,1.7046606028144948
52,260,0.1001990951366401,0.5,0.5355985206961156,0.0,0.125,0.0,square_vn__markov__plastic__intr0__struct0__alpha_async__lesion__s1__61d5ea88f6,0.3420113222618047,0.3459625956262626,0.25,False,0.1800276554710141,0.002,0.006,markov,0.68,square_vn,40,80,0.9,0.0891215239328393,0.3,0,0.42,0.08,160,0.1004324260496136,0.2,20,0.905210369369283,3.660071888699188e-18,0.2,plastic,sensitivity,0.3348894605470912,False,alpha_async,40,150,210,1,-1,1.0,0.6,0.6,80,0.0864257407246622,0,0,40,1.0,2,0,0.25,0.01,0.75,50.0,lesion,30.0,0.45,0.2,0.1,0.002,8.0,52,260,0.3328647205419085,0.061806673798463,0.0,0.125,0.3588504954809077,square_vn__ql__plastic__intr0__struct0__alpha_async__lesion__s1__6569e23cc5,0.06591893709406,0.0633096808477827,0.25,0.6671661869944442,0.002,ql,40,80,0.9,0.2693463841621491,0.3,0.42,0.08,160,0.277615249326199,20,1.5113191276152729,3.8951839266422444e-18,0.2,sensitivity,0.0311814648903371,False,40,150,210,-1,1.0,80,0.0274960631667519,0,40,1.0,2,0,0.25,0.01,0.75,50.0,30.0,0.45,0.2,0.1,0.002,8.0,0.23266562540526842,0.4871385315234301,0.3037079956567541,0.6061087582459899,1.6296209108314426
52,260,0.097634998580815,0.5,0.5209164829752169,0.0,0.125,0.0,square_vn__markov__plastic__intr0__struct0__alpha_async__lesion__s2__7ff8347539,0.3431749105260828,0.3394537495810207,0.25,False,0.1756240403829528,0.002,0.01,markov,0.68,square_vn,40,80,0.9,0.0890693385684409,0.3,0,0.42,0.08,160,0.0979448560008304,0.2,20,0.8897170876964523,4.3725156286321736e-18,0.2,plastic,sensitivity,0.3287508925415336,False,alpha_async,40,150,210,2,-1,1.0,0.6,0.6,80,0.0970979426266823,0,0,40,1.0,2,0,0.25,0.01,0.75,50.0,lesion,30.0,0.45,0.2,0.1,0.002,8.0,52,260,0.3333311903565253,0.0581606567354286,0.0,0.125,0.3614648923170392,square_vn__ql__plastic__intr0__struct0__alpha_async__lesion__s2__442ffe4dfc,0.0631437734879773,0.0732340128446734,0.25,0.66548202937729,0.002,ql,40,80,0.9,0.2709543254422304,0.3,0.42,0.08,160,0.2766250733430485,20,1.5024817807290327,3.139104111284591e-18,0.2,sensitivity,0.0282659132372779,False,40,150,210,-1,1.0,80,0.032141497504304,0,40,1.0,2,0,0.25,0.01,0.75,50.0,30.0,0.45,0.2,0.1,0.002,8.0,0.23569619177571033,0.4898579889943372,0.3004849793042557,0.6127646930325804,1.6388038531068836
52,260,0.0895354931608206,0.5,0.5453216528668378,0.0,0.125,0.0,square_vn__markov__plastic__intr0__struct0__alpha_async__lesion__s2__756eec09c2,0.3773584778223888,0.3656521036961414,0.25,False,0.162329467738831,0.002,0.016,markov,0.68,square_vn,40,80,0.9,0.0797707024272655,0.3,0,0.42,0.08,160,0.0920965663596792,0.2,20,0.8407191146109682,5.130887783335455e-18,0.2,plastic,sensitivity,0.3562215027661308,False,alpha_async,40,150,210,2,-1,1.0,0.6,0.6,80,0.0898791138059768,0,0,40,1.0,2,0,0.25,0.01,0.75,50.0,lesion,30.0,0.45,0.2,0.1,0.002,8.0,52,260,0.3297320288662832,0.0636601481554557,0.0,0.125,0.3610619507448846,square_vn__ql__plastic__intr0__struct0__alpha_async__lesion__s2__54cc731ef6,0.0653244841211343,0.0697194304637889,0.25,0.6608528067340801,0.002,ql,40,80,0.9,0.2684490937579085,0.3,0.42,0.08,160,0.2755742381150817,20,1.4971699830459382,3.670187284954319e-18,0.2,sensitivity,0.0291229909057611,False,40,150,210,-1,1.0,80,0.0259803492688968,0,40,1.0,2,0,0.25,0.01,0.75,50.0,30.0,0.45,0.2,0.1,0.002,8.0,0.24019653570546262,0.4985233389952491,0.3270985118603697,0.65645086843497,1.7222692549960517
52,260,0.086505073828831,0.5,0.5639737816040714,0.0,0.125,0.0,square_vn__markov__plastic__intr0__struct0__alpha_async__lesion__s1__8b4e68c9b5,0.3809599775780263,0.3647069794985971,0.25,False,0.155577321051746,0.002,0.006,markov,0.68,square_vn,40,80,0.9,0.075078103033346,0.3,0,0.42,0.08,160,0.089606019158561,0.3,20,0.8153878540321188,5.821329576549986e-18,0.2,plastic,sensitivity,0.3688757046955063,False,alpha_async,40,150,210,1,-1,1.0,0.6,0.6,80,0.0851686915132564,0,0,40,1.0,2,0,0.25,0.01,0.75,50.0,lesion,30.0,0.45,0.2,0.1,0.002,8.0,52,260,0.3148536805628995,0.1186992215857098,0.0,0.125,0.3751903953495224,square_vn__ql__plastic__intr0__struct0__alpha_async__lesion__s1__ae6c8b39e8,0.096031271705222,0.0841667898072565,0.25,0.6516945317370415,0.002,ql,40,80,0.9,0.2511387571891965,0.3,0.42,0.08,160,0.265204331413644,20,1.4924539288598089,3.818339096414257e-18,0.2,sensitivity,0.0647625967796162,False,40,150,210,-1,1.0,80,0.0293380223311631,0,40,1.0,2,0,0.25,0.01,0.75,50.0,30.0,0.45,0.2,0.1,0.002,8.0,0.22834860673406848,0.4961172106852955,0.3041131079158901,0.6770660748276901,1.7056450001629444
52,260,0.0841623822696428,0.5,0.543577345441734,0.0,0.125,0.0,square_vn__markov__plastic__intr0__struct0__alpha_async__lesion__s2__504f33dfd6,0.3648134088475657,0.3612803771796259,0.25,False,0.1520115772653582,0.002,0.01,markov,0.68,square_vn,40,80,0.9,0.0758922799652111,0.3,0,0.42,0.08,160,0.0888613542451228,0.3,20,0.7990084078141261,8.561967771870333e-18,0.2,plastic,sensitivity,0.3314406580572028,False,alpha_async,40,150,210,2,-1,1.0,0.6,0.6,80,0.0819442056448017,0,0,40,1.0,2,0,0.25,0.01,0.75,50.0,lesion,30.0,0.45,0.2,0.1,0.002,8.0,52,260,0.3192340705167369,0.1199177967385595,0.0,0.125,0.3748510323412043,square_vn__ql__plastic__intr0__struct0__alpha_async__lesion__s2__90a6cd36d0,0.0923600239440254,0.0578610693530216,0.25,0.6518684100159872,0.002,ql,40,80,0.9,0.2517002773566915,0.3,0.42,0.08,160,0.2657122807491049,20,1.4899359600558435,2.632576525938588e-18,0.2,sensitivity,0.0348295588654742,False,40,150,210,-1,1.0,80,0.0335315739054749,0,40,1.0,2,0,0.25,0.01,0.75,50.0,30.0,0.45,0.2,0.1,0.002,8.0,0.23507168824709412,0.499856832750629,0.29661109919172857,0.6909275522417174,1.7224671724311693
52,260,0.084815153121988,0.5,0.555543299863668,0.0,0.125,0.0,square_vn__markov__plastic__intr0__struct0__alpha_async__lesion__s1__ff55eb4a7b,0.3833806810862494,0.3538893366350328,0.25,False,0.1544080816469951,0.002,0.016,markov,0.68,square_vn,40,80,0.9,0.0750945513086853,0.3,0,0.42,0.08,160,0.0886116999005938,0.3,20,0.8124902763579586,5.4085077338503855e-18,0.2,plastic,sensitivity,0.3423995972621712,False,alpha_async,40,150,210,1,-1,1.0,0.6,0.6,80,0.0840217608712518,0,0,40,1.0,2,0,0.25,0.01,0.75,50.0,lesion,30.0,0.45,0.2,0.1,0.002,8.0,52,260,0.3220950502877668,0.0954686609673612,0.0,0.125,0.3687363437685763,square_vn__ql__plastic__intr0__struct0__alpha_async__lesion__s1__e24db845dd,0.0668032810728398,0.0632608428578154,0.25,0.6625767514048108,0.002,ql,40,80,0.9,0.2557204613691059,0.3,0.42,0.08,160,0.2698094719173225,20,1.481611943738841,4.1893827924892114e-18,0.2,sensitivity,0.0109524773048197,False,40,150,210,-1,1.0,80,0.027948243031211,0,40,1.0,2,0,0.25,0.01,0.75,50.0,30.0,0.45,0.2,0.1,0.002,8.0,0.2372798971657788,0.5081686697578156,0.3314471199573515,0.6691216673808825,1.7460173542618285
52,260,0.084121221835245,0.5,0.5543771374937461,0.0,0.125,0.0,square_vn__markov__plastic__intr0__struct0__alpha_async__lesion__s2__c9817e0278,0.3904102603288095,0.389633419675983,0.25,False,0.1516991304078152,0.002,0.006,markov,0.68,square_vn,40,80,0.9,0.0745054318593637,0.3,0,0.42,0.08,160,0.0875330387988982,0.4,20,0.8045390825307454,5.1524097496996095e-18,0.2,plastic,sensitivity,0.3696817315674375,False,alpha_async,40,150,210,2,-1,1.0,0.6,0.6,80,0.0840096161897117,0,0,40,1.0,2,0,0.25,0.01,0.75,50.0,lesion,30.0,0.45,0.2,0.1,0.002,8.0,52,260,0.320798431349869,0.0859032007226343,0.0,0.125,0.3723174621301078,square_vn__ql__plastic__intr0__struct0__alpha_async__lesion__s2__25c5a868fc,0.0804650070002823,0.0686571809868061,0.25,0.6507871721647542,0.002,ql,40,80,0.9,0.2603621938289563,0.3,0.42,0.08,160,0.2666271655864464,20,1.5075685486767625,2.715697537396066e-18,0.2,sensitivity,0.0364074911264442,False,40,150,210,-1,1.0,80,0.0308108329428878,0,40,1.0,2,0,0.25,0.01,0.75,50.0,30.0,0.45,0.2,0.1,0.002,8.0,0.236677209514624,0.499088041756939,0.3332742404409933,0.7030294661460171,1.7720689578585733
52,260,0.0799976475694516,0.5,0.523745418459467,0.0,0.125,0.0,square_vn__markov__plastic__intr0__struct0__alpha_async__lesion__s2__f00324176e,0.4006597114899622,0.3872604405237349,0.25,False,0.1426273186129625,0.002,0.01,markov,0.68,square_vn,40,80,0.9,0.0745861758710557,0.3,0,0.42,0.08,160,0.0861080936075375,0.4,20,0.7627299540518159,6.350847721312131e-18,0.2,plastic,sensitivity,0.3874937355985972,False,alpha_async,40,150,210,2,-1,1.0,0.6,0.6,80,0.0791529507348077,0,0,40,1.0,2,0,0.25,0.01,0.75,50.0,lesion,30.0,0.45,0.2,0.1,0.002,8.0,52,260,0.3022612920547538,0.1472795649683359,0.0,0.125,0.3800256710931228,square_vn__ql__plastic__intr0__struct0__alpha_async__lesion__s2__2a2b0b0d47,0.0871721057106428,0.1076537985336048,0.25,0.6398723964920934,0.002,ql,40,80,0.9,0.2380981227929367,0.3,0.42,0.08,160,0.2584084749428757,20,1.4665247503772196,2.4395262675694133e-18,0.2,sensitivity,0.0235043196870037,False,40,150,210,-1,1.0,80,0.0369548004170291,0,40,1.0,2,0,0.25,0.01,0.75,50.0,30.0,0.45,0.2,0.1,0.002,8.0,0.22226364448530223,0.49724507787913086,0.3639894159115935,0.7037947963254038,1.7872929346014303
52,260,0.083126597622741,0.5,0.5421026074469449,0.0,0.125,0.0,square_vn__markov__plastic__intr0__struct0__alpha_async__lesion__s1__0143942745,0.368190335682278,0.3804948581304563,0.25,False,0.1486672741765402,0.002,0.016,markov,0.68,square_vn,40,80,0.9,0.0751601803553782,0.3,0,0.42,0.08,160,0.0874824944100695,0.4,20,0.7923368968563426,7.747337905081415e-18,0.2,plastic,sensitivity,0.3527093026251256,False,alpha_async,40,150,210,1,-1,1.0,0.6,0.6,80,0.0858600089478304,0,0,40,1.0,2,0,0.25,0.01,0.75,50.0,lesion,30.0,0.45,0.2,0.1,0.002,8.0,52,260,0.3103394504497628,0.13273450281259,0.0,0.125,0.3767834644135278,square_vn__ql__plastic__intr0__struct0__alpha_async__lesion__s1__5a090bfd0e,0.0762560269131275,0.0992818852404921,0.25,0.6468562819187769,0.002,ql,40,80,0.9,0.2441783060152986,0.3,0.42,0.08,160,0.2612027945027363,20,1.4746068480707653,2.766619150506076e-18,0.2,sensitivity,0.0232545109706765,False,40,150,210,-1,1.0,80,0.0319955215885538,0,40,1.0,2,0,0.25,0.01,0.75,50.0,30.0,0.45,0.2,0.1,0.002,8.0,0.2272128528270218,0.4981890077422367,0.32945479165444913,0.6822699512144227,1.73712660343813
