geometry,formalism,schedule,task,plasticity,intrinsic_enabled,structural_enabled,gamma,memory_strength,eta_weight,alpha_async,sigma_birth,sigma_survive,diagonal_ablation,activity_late__mean,activity_late__std,activity_late__median,activity_late__count,entropy_late__mean,entropy_late__std,entropy_late__median,entropy_late__count,repair_reference_corr__mean,repair_reference_corr__std,repair_reference_corr__median,repair_reference_corr__count,corr_A_late__mean,corr_A_late__std,corr_A_late__median,corr_A_late__count,corr_B_late__mean,corr_B_late__std,corr_B_late__median,corr_B_late__count,neighbor_pattern_entropy_late__mean,neighbor_pattern_entropy_late__std,neighbor_pattern_entropy_late__median,neighbor_pattern_entropy_late__count,spectral_peak_fraction_late__mean,spectral_peak_fraction_late__std,spectral_peak_fraction_late__median,spectral_peak_fraction_late__count,coherence_late__mean,coherence_late__std,coherence_late__median,coherence_late__count,structural_link_fraction_late__mean,structural_link_fraction_late__std,structural_link_fraction_late__median,structural_link_fraction_late__count,structural_additions_total__mean,structural_additions_total__std,structural_additions_total__median,structural_additions_total__count,structural_removals_total__mean,structural_removals_total__std,structural_removals_total__median,structural_removals_total__count
extended_hex_r2,markov,alpha_async,lesion,plastic,0,0,0.58,0.2,0.006,0.5,0.6,0.6,False,0.430167707234148,0.013499059764064974,0.430167707234148,2,0.8734385926137467,0.005438795377890157,0.8734385926137467,2,-0.0150253132124809,0.022587491561802828,-0.0150253132124809,2,0.0165098397612141,0.017725582850565587,0.0165098397612141,2,0.0246810590633648,0.021865775692310317,0.0246810590633648,2,0.6514161113906687,0.15656501169461032,0.6514161113906687,2,0.02015536937423005,0.00641624930730528,0.02015536937423005,2,0.0,0.0,0.0,2,1.0,0.0,1.0,2,0.0,0.0,0.0,2,0.0,0.0,0.0,2
extended_hex_r2,markov,alpha_async,lesion,plastic,0,0,0.58,0.2,0.01,0.5,0.6,0.6,False,0.42320761399233575,0.006632365660516011,0.42320761399233575,2,0.87254879544467,0.009484785332553102,0.87254879544467,2,-0.0194889050651657,0.020844889622267018,-0.0194889050651657,2,0.02504585601311655,0.02537371094439985,0.02504585601311655,2,0.022774242505055248,0.016907742166861292,0.022774242505055248,2,0.6143433328130248,0.09154426516250307,0.6143433328130248,2,0.0229225489573223,0.01191704254008901,0.0229225489573223,2,0.0,0.0,0.0,2,1.0,0.0,1.0,2,0.0,0.0,0.0,2,0.0,0.0,0.0,2
extended_hex_r2,markov,alpha_async,lesion,plastic,0,0,0.58,0.2,0.016,0.5,0.6,0.6,False,0.41332400162396926,0.0002813979912836463,0.41332400162396926,2,0.8564998893531335,0.004051880196440748,0.8564998893531335,2,-0.0372677215278263,0.0039733830844628434,-0.0372677215278263,2,0.0218209444234299,0.008671686316865514,0.0218209444234299,2,0.0117574974499031,0.002593891612330919,0.0117574974499031,2,0.5691826911601574,0.034359481528499124,0.5691826911601574,2,0.019342743095736553,0.00023212162315785684,0.019342743095736553,2,0.0,0.0,0.0,2,0.9995788132807364,4.358399785421536e-05,0.9995788132807364,2,0.0,0.0,0.0,2,0.0,0.0,0.0,2
extended_hex_r2,markov,alpha_async,lesion,plastic,0,0,0.58,0.3,0.006,0.5,0.6,0.6,False,0.4274774226089124,0.012206045658081414,0.4274774226089124,2,0.867675188638459,0.004475691825692815,0.867675188638459,2,-0.01611006606792265,0.023790623066018184,-0.01611006606792265,2,0.0196541062033957,0.017630763804415594,0.0196541062033957,2,0.0268447884003472,0.02158896486094118,0.0268447884003472,2,0.6705917300596437,0.15606822672647955,0.6705917300596437,2,0.02270408086417855,0.009008288635236093,0.02270408086417855,2,0.0,0.0,0.0,2,1.0,0.0,1.0,2,0.0,0.0,0.0,2,0.0,0.0,0.0,2
extended_hex_r2,markov,alpha_async,lesion,plastic,0,0,0.58,0.3,0.01,0.5,0.6,0.6,False,0.4238400930328206,0.012929599743645237,0.4238400930328206,2,0.8600175795088281,0.005357220947764132,0.8600175795088281,2,-0.013567408009131702,0.029105093132114537,-0.013567408009131702,2,0.02298159353115935,0.014520650292383292,0.02298159353115935,2,0.028712350261084152,0.016768289140983595,0.028712350261084152,2,0.69212256216689,0.14852939189629397,0.69212256216689,2,0.024377577327649502,0.009194647182163652,0.024377577327649502,2,0.0,0.0,0.0,2,1.0,0.0,1.0,2,0.0,0.0,0.0,2,0.0,0.0,0.0,2
extended_hex_r2,markov,alpha_async,lesion,plastic,0,0,0.58,0.3,0.016,0.5,0.6,0.6,False,0.40846542153504534,0.0005577991642032991,0.40846542153504534,2,0.8464060239899398,0.0038956142584121653,0.8464060239899398,2,-0.033664487151591704,0.008161679647329055,-0.033664487151591704,2,0.0293894375197194,0.01266085573456486,0.0293894375197194,2,0.01888954607205115,0.0026089831725024134,0.01888954607205115,2,0.6123454946582008,0.04217194862271674,0.6123454946582008,2,0.023673490062793602,0.000285652827866763,0.023673490062793602,2,0.0,0.0,0.0,2,0.9995171761998685,0.0001016959949932215,0.9995171761998685,2,0.0,0.0,0.0,2,0.0,0.0,0.0,2
extended_hex_r2,markov,alpha_async,lesion,plastic,0,0,0.58,0.4,0.006,0.5,0.6,0.6,False,0.42341835138002465,0.013292838685518988,0.42341835138002465,2,0.8588830349058019,0.005412141187846559,0.8588830349058019,2,-0.016459784659422102,0.022825418536195137,-0.016459784659422102,2,0.024418802915659753,0.014512807127893915,0.024418802915659753,2,0.0303921167674526,0.018421937957222807,0.0303921167674526,2,0.6841559168986158,0.15688305758845789,0.6841559168986158,2,0.0254190910296683,0.009772792684043019,0.0254190910296683,2,0.0,0.0,0.0,2,1.0,0.0,1.0,2,0.0,0.0,0.0,2,0.0,0.0,0.0,2
extended_hex_r2,markov,alpha_async,lesion,plastic,0,0,0.58,0.4,0.01,0.5,0.6,0.6,False,0.4163820604531998,0.00827226686030852,0.4163820604531998,2,0.8550473086943434,0.011294634032129986,0.8550473086943434,2,-0.02929811380954995,0.0018776641233967674,-0.02929811380954995,2,0.030995564642189,0.019413733555713443,0.030995564642189,2,0.027475017453269447,0.01069400600764032,0.027475017453269447,2,0.6841180474349313,0.0988923294171543,0.6841180474349313,2,0.03000236920943835,0.012824878329501412,0.03000236920943835,2,0.0,0.0,0.0,2,1.0,0.0,1.0,2,0.0,0.0,0.0,2,0.0,0.0,0.0,2
extended_hex_r2,markov,alpha_async,lesion,plastic,0,0,0.58,0.4,0.016,0.5,0.6,0.6,False,0.4076724798009076,0.0027999874875213947,0.4076724798009076,2,0.8382428714860387,0.00034919991180790665,0.8382428714860387,2,-0.0321293492298984,0.0004972747560356575,-0.0321293492298984,2,0.031523371753517604,0.01118247488491662,0.031523371753517604,2,0.0229964155604866,0.007798763578640268,0.0229964155604866,2,0.6570210197091259,0.0821657073173853,0.6570210197091259,2,0.03116565396899825,0.006832523648399095,0.03116565396899825,2,0.0,0.0,0.0,2,0.9993733563445102,0.0002469759878404621,0.9993733563445102,2,0.0,0.0,0.0,2,0.0,0.0,0.0,2
extended_hex_r2,markov,alpha_async,lesion,plastic,0,0,0.62,0.2,0.006,0.5,0.6,0.6,False,0.43851908966242265,0.0222044678217591,0.43851908966242265,2,0.8582445383366664,0.007896605720241388,0.8582445383366664,2,-0.0151464708995292,0.022713686608048976,-0.0151464708995292,2,0.0042534114316412006,0.015562981986709393,0.0042534114316412006,2,0.0159616265405992,0.02291990983660606,0.0159616265405992,2,0.6270720404555441,0.20664381179671218,0.6270720404555441,2,0.0094883626212297,0.003165518884539279,0.0094883626212297,2,0.0,0.0,0.0,2,1.0,0.0,1.0,2,0.0,0.0,0.0,2,0.0,0.0,0.0,2
extended_hex_r2,markov,alpha_async,lesion,plastic,0,0,0.62,0.2,0.01,0.5,0.6,0.6,False,0.43671153185313755,0.02220982132264968,0.43671153185313755,2,0.8555681972527884,0.007930667109589047,0.8555681972527884,2,-0.012003907198236598,0.02593941115847405,-0.012003907198236598,2,0.0059972839377464,0.013476460553028978,0.0059972839377464,2,0.0172200372769916,0.022380613932814274,0.0172200372769916,2,0.6411351335202284,0.20148038060795467,0.6411351335202284,2,0.01049200827659745,0.003416039228201655,0.01049200827659745,2,0.0,0.0,0.0,2,1.0,0.0,1.0,2,0.0,0.0,0.0,2,0.0,0.0,0.0,2
extended_hex_r2,markov,alpha_async,lesion,plastic,0,0,0.62,0.2,0.016,0.5,0.6,0.6,False,0.4246880989797387,0.008827825562669273,0.4246880989797387,2,0.8559559722310235,0.015486979131992528,0.8559559722310235,2,-0.03024488396708075,0.005237470995311264,-0.03024488396708075,2,0.011060142392946799,0.013500560417284984,0.011060142392946799,2,0.00993851870030125,0.008892433644515833,0.00993851870030125,2,0.64721422475086,0.16418792281550618,0.64721422475086,2,0.0153118703628068,0.008001702404390467,0.0153118703628068,2,0.0,0.0,0.0,2,0.9996199046679817,4.358399785429386e-05,0.9996199046679817,2,0.0,0.0,0.0,2,0.0,0.0,0.0,2
extended_hex_r2,markov,alpha_async,lesion,plastic,0,0,0.62,0.3,0.006,0.5,0.6,0.6,False,0.43602574256043974,0.0219736048113032,0.43602574256043974,2,0.8527743520737048,0.007950060432592936,0.8527743520737048,2,-0.014574155844630649,0.02263080925362619,-0.014574155844630649,2,0.007568423527502151,0.01561202370569837,0.007568423527502151,2,0.018324817444971903,0.022909954632862734,0.018324817444971903,2,0.6488760616401497,0.20065968821062685,0.6488760616401497,2,0.01099934538592035,0.003877039750991298,0.01099934538592035,2,0.0,0.0,0.0,2,1.0,0.0,1.0,2,0.0,0.0,0.0,2,0.0,0.0,0.0,2
extended_hex_r2,markov,alpha_async,lesion,plastic,0,0,0.62,0.3,0.01,0.5,0.6,0.6,False,0.43397671425861273,0.021478118717114133,0.43397671425861273,2,0.8499775228059427,0.008870536658677482,0.8499775228059427,2,-0.011302812878938551,0.025854384468688867,-0.011302812878938551,2,0.0095488026026029,0.014231263015109729,0.0095488026026029,2,0.019999231015283003,0.022853489703340772,0.019999231015283003,2,0.6663324856933937,0.18866818819472367,0.6663324856933937,2,0.0126853882545674,0.004261147062183094,0.0126853882545674,2,0.0,0.0,0.0,2,1.0,0.0,1.0,2,0.0,0.0,0.0,2,0.0,0.0,0.0,2
extended_hex_r2,markov,alpha_async,lesion,plastic,0,0,0.62,0.3,0.016,0.5,0.6,0.6,False,0.42295680569862465,0.011664392605155439,0.42295680569862465,2,0.8469460996455687,0.015274784515562285,0.8469460996455687,2,-0.02041041099079295,0.01919604336133778,-0.02041041099079295,2,0.022355240333774153,0.0235013221842499,0.022355240333774153,2,0.02473927690100635,0.022868547166090436,0.02473927690100635,2,0.6988844923882649,0.17651614891900558,0.6988844923882649,2,0.0197714448013112,0.012398006125711843,0.0197714448013112,2,0.0,0.0,0.0,2,0.9995274490466798,8.716799570835221e-05,0.9995274490466798,2,0.0,0.0,0.0,2,0.0,0.0,0.0,2
extended_hex_r2,markov,alpha_async,lesion,plastic,0,0,0.62,0.4,0.006,0.5,0.6,0.6,False,0.43297889915367666,0.02158586284930713,0.43297889915367666,2,0.8456918570193499,0.00705808428970755,0.8456918570193499,2,-0.014199163266286799,0.02250399741180722,-0.014199163266286799,2,0.0112630736120016,0.015681150744522587,0.0112630736120016,2,0.02076161489776105,0.02305710245985819,0.02076161489776105,2,0.6761705888992704,0.19312700040769618,0.6761705888992704,2,0.0130996887477635,0.0047732188144697894,0.0130996887477635,2,0.0,0.0,0.0,2,1.0,0.0,1.0,2,0.0,0.0,0.0,2,0.0,0.0,0.0,2
extended_hex_r2,markov,alpha_async,lesion,plastic,0,0,0.62,0.4,0.01,0.5,0.6,0.6,False,0.4305060400034531,0.0206974004785039,0.4305060400034531,2,0.8430546406630053,0.008365054719739072,0.8430546406630053,2,-0.0112479202359001,0.0258397132265979,-0.0112479202359001,2,0.013622437078362649,0.014749044200946295,0.013622437078362649,2,0.02279090021124685,0.02344974514420879,0.02279090021124685,2,0.6905326318668532,0.18355209925171106,0.6905326318668532,2,0.014596681417983051,0.005717628119936161,0.014596681417983051,2,0.0,0.0,0.0,2,1.0,0.0,1.0,2,0.0,0.0,0.0,2,0.0,0.0,0.0,2
extended_hex_r2,markov,alpha_async,lesion,plastic,0,0,0.62,0.4,0.016,0.5,0.6,0.6,False,0.41654484624587534,0.008223923513170327,0.41654484624587534,2,0.8365880647172006,0.013803060169158646,0.8365880647172006,2,-0.0162225630037802,0.024454668480695625,-0.0162225630037802,2,0.0171168505059656,0.00929124581830766,0.0171168505059656,2,0.00821842996541165,0.007345133875950673,0.00821842996541165,2,0.72077053972822,0.1548166665807602,0.72077053972822,2,0.02062976072758695,0.010211417907343666,0.02062976072758695,2,0.0,0.0,0.0,2,0.9995377218934912,4.358399785425461e-05,0.9995377218934912,2,0.0,0.0,0.0,2,0.0,0.0,0.0,2
extended_hex_r2,markov,alpha_async,lesion,plastic,0,0,0.68,0.2,0.006,0.5,0.6,0.6,False,0.444476210120206,0.019645547609343436,0.444476210120206,2,0.8327067153897509,0.005155209643451694,0.8327067153897509,2,-0.007686063267078349,0.048826598035568644,-0.007686063267078349,2,-0.0034658518445633496,0.0011805895227064917,-0.0034658518445633496,2,0.0062174713463792,0.011581030390505884,0.0062174713463792,2,0.7210367583700742,0.12476900166870995,0.7210367583700742,2,0.008308010909482449,0.0029019508117125487,0.008308010909482449,2,0.0,0.0,0.0,2,1.0,0.0,1.0,2,0.0,0.0,0.0,2,0.0,0.0,0.0,2
extended_hex_r2,markov,alpha_async,lesion,plastic,0,0,0.68,0.2,0.01,0.5,0.6,0.6,False,0.44257378557992433,0.024950839230503896,0.44257378557992433,2,0.8283725042062882,0.011457604666338137,0.8283725042062882,2,-0.009019786784503101,0.04717984520196818,-0.009019786784503101,2,-0.0055556056751481005,0.00972461418310228,-0.0055556056751481005,2,0.0071918139165628005,0.02832269722340461,0.0071918139165628005,2,0.6997075057253636,0.1743427540038181,0.6997075057253636,2,0.00650158643732325,0.0018253300926628214,0.00650158643732325,2,0.0,0.0,0.0,2,1.0,0.0,1.0,2,0.0,0.0,0.0,2,0.0,0.0,0.0,2
extended_hex_r2,markov,alpha_async,lesion,plastic,0,0,0.68,0.2,0.016,0.5,0.6,0.6,False,0.43422854984020964,0.010116315785403103,0.43422854984020964,2,0.8323794552240443,0.012403793468032711,0.8323794552240443,2,-0.005199399538137349,0.037673675038037174,-0.005199399538137349,2,-0.0065227674517711505,0.013505415140016665,-0.0065227674517711505,2,0.002364306889518151,0.01917712776124785,0.002364306889518151,2,0.741976117314,0.07507062803586483,0.741976117314,2,0.0116507462837301,0.004307086894521697,0.0116507462837301,2,0.0,0.0,0.0,2,0.9995171761998685,0.00013075199356248906,0.9995171761998685,2,0.0,0.0,0.0,2,0.0,0.0,0.0,2
extended_hex_r2,markov,alpha_async,lesion,plastic,0,0,0.68,0.3,0.006,0.5,0.6,0.6,False,0.44133468357835404,0.02747941274912041,0.44133468357835404,2,0.8248196540724224,0.012615451637959468,0.8248196540724224,2,0.0005225257774466498,0.04158133470915442,0.0005225257774466498,2,-0.0034587699158485,0.011918612265436345,-0.0034587699158485,2,0.0123482508679882,0.02372264312769955,0.0123482508679882,2,0.6608668544245735,0.23565856672535454,0.6608668544245735,2,0.00624980263106225,0.0029258609935923353,0.00624980263106225,2,0.0,0.0,0.0,2,1.0,0.0,1.0,2,0.0,0.0,0.0,2,0.0,0.0,0.0,2
extended_hex_r2,markov,alpha_async,lesion,plastic,0,0,0.68,0.3,0.01,0.5,0.6,0.6,False,0.4417206904378588,0.025832583784228688,0.4417206904378588,2,0.8224546537681946,0.008774322227899284,0.8224546537681946,2,-0.011284961629154901,0.029643256847804327,-0.011284961629154901,2,-0.0029826890726391006,0.01624606095436474,-0.0029826890726391006,2,0.00902747631079605,0.02228542719116755,0.00902747631079605,2,0.6585996433175123,0.1512754100525777,0.6585996433175123,2,0.0066281959722664,0.0016480767846317054,0.0066281959722664,2,0.0,0.0,0.0,2,1.0,0.0,1.0,2,0.0,0.0,0.0,2,0.0,0.0,0.0,2
extended_hex_r2,markov,alpha_async,lesion,plastic,0,0,0.68,0.3,0.016,0.5,0.6,0.6,False,0.43403900129484596,0.01959142418983508,0.43403900129484596,2,0.8248108728862269,0.014040399943187797,0.8248108728862269,2,-0.01503245227162885,0.037632186519851174,-0.01503245227162885,2,0.0010510158196755997,0.01378557042489971,0.0010510158196755997,2,0.01486377763607125,0.026735255548521252,0.01486377763607125,2,0.6842426390123821,0.22488294299014847,0.6842426390123821,2,0.0093636583728471,0.003744348989714046,0.0093636583728471,2,0.0,0.0,0.0,2,0.9995377218934911,1.4527999284751536e-05,0.9995377218934911,2,0.0,0.0,0.0,2,0.0,0.0,0.0,2
extended_hex_r2,markov,alpha_async,lesion,plastic,0,0,0.68,0.4,0.006,0.5,0.6,0.6,False,0.44072655501483904,0.02577913366928271,0.44072655501483904,2,0.8209265816334433,0.00878825943385428,0.8209265816334433,2,-0.0117402823692601,0.024559093407902226,-0.0117402823692601,2,0.0005415171280638504,0.01579280049187188,0.0005415171280638504,2,0.009621004287650049,0.02253719185252332,0.009621004287650049,2,0.6455062092148971,0.1703752125228306,0.6455062092148971,2,0.007049289187767951,0.0021427065126355138,0.007049289187767951,2,0.0,0.0,0.0,2,1.0,0.0,1.0,2,0.0,0.0,0.0,2,0.0,0.0,0.0,2
extended_hex_r2,markov,alpha_async,lesion,plastic,0,0,0.68,0.4,0.01,0.5,0.6,0.6,False,0.44051256769258584,0.020706638612008818,0.44051256769258584,2,0.823492239996066,0.006958113159142598,0.823492239996066,2,-0.00876575865251655,0.02712057132438485,-0.00876575865251655,2,-0.0024135976261814495,0.02177845336938246,-0.0024135976261814495,2,0.009531437788964849,0.02785014030898959,0.009531437788964849,2,0.6956053683067072,0.11290473455922874,0.6956053683067072,2,0.0069915265611804,0.0005177751297865298,0.0069915265611804,2,0.0,0.0,0.0,2,1.0,0.0,1.0,2,0.0,0.0,0.0,2,0.0,0.0,0.0,2
extended_hex_r2,markov,alpha_async,lesion,plastic,0,0,0.68,0.4,0.016,0.5,0.6,0.6,False,0.43273852834365834,0.016721064836065523,0.43273852834365834,2,0.8217759262524014,0.012353508027713032,0.8217759262524014,2,-0.01258229524149375,0.04199037346001728,-0.01258229524149375,2,-4.254421112659997e-05,0.012226418346653632,-4.254421112659997e-05,2,0.01023658252407405,0.022408139320529537,0.01023658252407405,2,0.6969478147922699,0.18427896627828838,0.6969478147922699,2,0.0091481225924231,0.0035029677256799355,0.0091481225924231,2,0.0,0.0,0.0,2,0.9995274490466798,0.0,0.9995274490466798,2,0.0,0.0,0.0,2,0.0,0.0,0.0,2
extended_hex_r2,ql,alpha_async,lesion,plastic,0,0,0.58,0.2,0.006,0.5,0.6,0.6,False,0.44306492160485395,0.0037819802812074027,0.44306492160485395,2,0.9150722970982865,0.0022757974674646663,0.9150722970982865,2,-0.0069768175621182996,0.0014111335332242516,-0.0069768175621182996,2,0.01371005418164185,0.023557747141865423,0.01371005418164185,2,0.0031027869134272997,0.017485297739761967,0.0031027869134272997,2,0.48982039822105927,0.05392548608390837,0.48982039822105927,2,0.010473225915017651,0.0023282098041462955,0.010473225915017651,2,0.16510367341068488,0.002283902542653645,0.16510367341068488,2,1.0,0.0,1.0,2,0.0,0.0,0.0,2,0.0,0.0,0.0,2
extended_hex_r2,ql,alpha_async,lesion,plastic,0,0,0.58,0.2,0.01,0.5,0.6,0.6,False,0.44122328494320207,0.0003945863305317226,0.44122328494320207,2,0.912859851209214,0.0018004912235878232,0.912859851209214,2,-0.01763285180781825,0.0018638221396132515,-0.01763285180781825,2,0.011019523743816,0.023658255011300068,0.011019523743816,2,2.8613768342800223e-05,0.012980180992476128,2.8613768342800223e-05,2,0.4913090308658802,0.028872116543569113,0.4913090308658802,2,0.0155047033908715,0.006471937374400991,0.0155047033908715,2,0.16651215495568378,0.0019885948408339847,0.16651215495568378,2,1.0,0.0,1.0,2,0.0,0.0,0.0,2,0.0,0.0,0.0,2
extended_hex_r2,ql,alpha_async,lesion,plastic,0,0,0.58,0.2,0.016,0.5,0.6,0.6,False,0.44370542834987137,0.0024039223023747448,0.44370542834987137,2,0.9125333446849856,0.0011363767614792754,0.9125333446849856,2,-0.0054869025282708005,0.0014493004170582783,-0.0054869025282708005,2,0.00287188945543665,0.019257080621606554,0.00287188945543665,2,-0.0154710287737983,0.013779339960249933,-0.0154710287737983,2,0.5449781163698805,0.020324292441147123,0.5449781163698805,2,0.0200595561424321,0.0011321737897569352,0.0200595561424321,2,0.16709522319629805,0.0008102089464975791,0.16709522319629805,2,0.9993836291913215,5.8111997139006144e-05,0.9993836291913215,2,0.0,0.0,0.0,2,0.0,0.0,0.0,2
extended_hex_r2,ql,alpha_async,lesion,plastic,0,0,0.58,0.3,0.006,0.5,0.6,0.6,False,0.44189563829205214,0.007665373710710081,0.44189563829205214,2,0.9104772367962641,0.0061998531113020994,0.9104772367962641,2,-0.01611621400554135,0.013152081851915179,-0.01611621400554135,2,-0.00579116198087745,0.0019455639183919944,-0.00579116198087745,2,-0.011977994841100799,0.0052648852332115425,-0.011977994841100799,2,0.4625194220570479,0.13381562980369713,0.4625194220570479,2,0.0102327741006808,0.004830735560040454,0.0102327741006808,2,0.1667769670073999,0.0023337256104638384,0.1667769670073999,2,1.0,0.0,1.0,2,0.0,0.0,0.0,2,0.0,0.0,0.0,2
extended_hex_r2,ql,alpha_async,lesion,plastic,0,0,0.58,0.3,0.01,0.5,0.6,0.6,False,0.4428010958793675,0.0008959661230832805,0.4428010958793675,2,0.9128081981834113,0.0006388170410005865,0.9128081981834113,2,-0.0012525681836509997,0.016868179437880375,-0.0012525681836509997,2,0.014422987590570702,0.030430643129574567,0.014422987590570702,2,-0.0019298585594403998,0.01760834339943207,-0.0019298585594403998,2,0.5308661078533259,0.006758169834103363,0.5308661078533259,2,0.020225373104921153,0.0020581515405901705,0.020225373104921153,2,0.16682816895308844,0.0008555127153743882,0.16682816895308844,2,1.0,0.0,1.0,2,0.0,0.0,0.0,2,0.0,0.0,0.0,2
extended_hex_r2,ql,alpha_async,lesion,plastic,0,0,0.58,0.3,0.016,0.5,0.6,0.6,False,0.44321532568578753,0.0028742432732584214,0.44321532568578753,2,0.9133293036579139,3.596835772728974e-05,0.9133293036579139,2,-0.002253375717499344,0.0032384770801965,-0.002253375717499344,2,0.0039059823235823507,0.022865219548534352,0.0039059823235823507,2,-0.0128932758104048,0.0215307154168909,-0.0128932758104048,2,0.5435181078403397,0.02290881414372256,0.5435181078403397,2,0.0205349982963739,0.0007841956129296561,0.0205349982963739,2,0.16778045346108478,0.00012701876173069922,0.16778045346108478,2,0.9993219921104536,0.00017433599141670442,0.9993219921104536,2,0.0,0.0,0.0,2,0.0,0.0,0.0,2
extended_hex_r2,ql,alpha_async,lesion,plastic,0,0,0.58,0.4,0.006,0.5,0.6,0.6,False,0.43819795007845735,0.007580735369655713,0.43819795007845735,2,0.9066712687996192,0.007182269048507574,0.9066712687996192,2,-0.01955114558820325,0.0101120859516206,-0.01955114558820325,2,-0.005090793631202449,0.0005429349337032684,-0.005090793631202449,2,-0.01287370643806145,0.002219386466076088,-0.01287370643806145,2,0.44245719775109776,0.15394049225541245,0.44245719775109776,2,0.013842458533013299,0.011037418643040276,0.013842458533013299,2,0.1679909478646405,0.0014765126976971385,0.1679909478646405,2,1.0,0.0,1.0,2,0.0,0.0,0.0,2,0.0,0.0,0.0,2
extended_hex_r2,ql,alpha_async,lesion,plastic,0,0,0.58,0.4,0.01,0.5,0.6,0.6,False,0.4425128628851469,0.0016971315014400027,0.4425128628851469,2,0.9126142200828199,0.00021225926607718688,0.9126142200828199,2,-0.0011792588075119495,0.017008326403258025,-0.0011792588075119495,2,0.013706421448887349,0.030174470720787328,0.013706421448887349,2,-0.0015077348701858003,0.02171574822986499,-0.0015077348701858003,2,0.5274872278416738,0.0031531914696663163,0.5274872278416738,2,0.0201952930620502,0.0015387443004838744,0.0201952930620502,2,0.1678491431751541,0.0004936890965797509,0.1678491431751541,2,1.0,0.0,1.0,2,0.0,0.0,0.0,2,0.0,0.0,0.0,2
extended_hex_r2,ql,alpha_async,lesion,plastic,0,0,0.58,0.4,0.016,0.5,0.6,0.6,False,0.44268064541309654,0.0036791761948705053,0.44268064541309654,2,0.9125028024435624,0.001213960742800319,0.9125028024435624,2,-0.00021076518128865002,0.00011397469309828088,-0.00021076518128865002,2,0.0043841650788639,0.022723910279224876,0.0043841650788639,2,-0.011713907926578601,0.017639227186355813,-0.011713907926578601,2,0.5345527718217642,0.024289829199302823,0.5345527718217642,2,0.01977685882920275,0.0004193703423386014,0.01977685882920275,2,0.1688826626973648,2.8000995146272044e-05,0.1688826626973648,2,0.9992809007232084,0.0002033919899863645,0.9992809007232084,2,0.0,0.0,0.0,2,0.0,0.0,0.0,2
extended_hex_r2,ql,alpha_async,lesion,plastic,0,0,0.62,0.2,0.006,0.5,0.6,0.6,False,0.4468666297312365,0.013363657627019505,0.4468666297312365,2,0.8840229456407452,0.006486418762448316,0.8840229456407452,2,-0.01440651152125115,0.009027020455047484,-0.01440651152125115,2,0.004518554578911701,0.031115442884234467,0.004518554578911701,2,0.0018399441719321001,0.023303909920717354,0.0018399441719321001,2,0.6047788771846748,0.1280662450760761,0.6047788771846748,2,0.00583086468434685,0.0007854824420742198,0.00583086468434685,2,0.1599139558940697,0.003743482402225992,0.1599139558940697,2,1.0,0.0,1.0,2,0.0,0.0,0.0,2,0.0,0.0,0.0,2
extended_hex_r2,ql,alpha_async,lesion,plastic,0,0,0.62,0.2,0.01,0.5,0.6,0.6,False,0.4434444276976819,0.008287703027628723,0.4434444276976819,2,0.8830863229544244,0.008660949468019964,0.8830863229544244,2,-0.0148402802224688,0.017030584747151627,-0.0148402802224688,2,0.0103407558196628,0.025228771238143502,0.0103407558196628,2,0.0010674975071716507,0.028586596638255107,0.0010674975071716507,2,0.6029094623602822,0.14519895218340634,0.6029094623602822,2,0.01244098967404275,0.01113816608803452,0.01244098967404275,2,0.16099323404425164,0.0028537153408726744,0.16099323404425164,2,1.0,0.0,1.0,2,0.0,0.0,0.0,2,0.0,0.0,0.0,2
extended_hex_r2,ql,alpha_async,lesion,plastic,0,0,0.62,0.2,0.016,0.5,0.6,0.6,False,0.4437706861009929,0.0021850830614455474,0.4437706861009929,2,0.8868006369067025,0.0015271040358694613,0.8868006369067025,2,-0.00993403077644825,0.0042997611246815915,-0.00993403077644825,2,0.013099482779854251,0.026968945199097677,0.013099482779854251,2,0.002533278626067951,0.021940955635209102,0.002533278626067951,2,0.6422497917117367,0.06301903896343983,0.6422497917117367,2,0.0146598679255029,0.009406919511423922,0.0146598679255029,2,0.1621090838029502,0.002454600108047049,0.1621090838029502,2,0.9994863576594346,8.716799570835221e-05,0.9994863576594346,2,0.0,0.0,0.0,2,0.0,0.0,0.0,2
extended_hex_r2,ql,alpha_async,lesion,plastic,0,0,0.62,0.3,0.006,0.5,0.6,0.6,False,0.44413788438496393,0.013698613043738353,0.44413788438496393,2,0.8824964270781108,0.010941087030355423,0.8824964270781108,2,-0.01615637543429575,0.017519942191690067,-0.01615637543429575,2,0.00713263134970085,0.03255309902262972,0.00713263134970085,2,0.0005832362154436499,0.02725848492030505,0.0005832362154436499,2,0.5924486139461342,0.19626001665822096,0.5924486139461342,2,0.01005790935053085,0.008293374420841597,0.01005790935053085,2,0.16167744118446514,0.00305824726011876,0.16167744118446514,2,1.0,0.0,1.0,2,0.0,0.0,0.0,2,0.0,0.0,0.0,2
extended_hex_r2,ql,alpha_async,lesion,plastic,0,0,0.62,0.3,0.01,0.5,0.6,0.6,False,0.44107314852088203,0.010435043664700078,0.44107314852088203,2,0.8824454267400436,0.009839285238554549,0.8824454267400436,2,-0.0159143046914269,0.01774560990182528,-0.0159143046914269,2,0.0085505841266207,0.021509194593819645,0.0085505841266207,2,0.0022546503618476,0.023576413054191996,0.0022546503618476,2,0.5580645334428211,0.19799507160071797,0.5580645334428211,2,0.01220434398574475,0.010698749649349954,0.01220434398574475,2,0.16211527428297157,0.003063985799982135,0.16211527428297157,2,1.0,0.0,1.0,2,0.0,0.0,0.0,2,0.0,0.0,0.0,2
extended_hex_r2,ql,alpha_async,lesion,plastic,0,0,0.62,0.3,0.016,0.5,0.6,0.6,False,0.4453438035425592,0.002124687388287042,0.4453438035425592,2,0.8890444777674701,0.00011482496706357828,0.8890444777674701,2,-0.0030878843047281498,0.023899051985722283,-0.0030878843047281498,2,0.0149904359436288,0.02586778560662174,0.0149904359436288,2,0.0073596523844562,0.02186960401721346,0.0073596523844562,2,0.6759517594629887,0.0010511128601409004,0.6759517594629887,2,0.0244028875596368,0.003874385117941109,0.0244028875596368,2,0.16274585893298216,0.0008761592041323019,0.16274585893298216,2,0.9994349934253781,7.263999642360067e-05,0.9994349934253781,2,0.0,0.0,0.0,2,0.0,0.0,0.0,2
extended_hex_r2,ql,alpha_async,lesion,plastic,0,0,0.62,0.4,0.006,0.5,0.6,0.6,False,0.4451053813574824,0.013916918612883938,0.4451053813574824,2,0.8833533022325448,0.010611685815723535,0.8833533022325448,2,-0.01460805985032845,0.01544057388206301,-0.01460805985032845,2,0.0013231340631047993,0.02297383499323476,0.0013231340631047993,2,-0.0020515075329085005,0.022573236804635334,-0.0020515075329085005,2,0.588332041895929,0.20682006542780845,0.588332041895929,2,0.01062918905111335,0.006750683607229509,0.01062918905111335,2,0.16296252993644061,0.0031023456732397836,0.16296252993644061,2,1.0,0.0,1.0,2,0.0,0.0,0.0,2,0.0,0.0,0.0,2
extended_hex_r2,ql,alpha_async,lesion,plastic,0,0,0.62,0.4,0.01,0.5,0.6,0.6,False,0.4377468914376924,0.01052656953853183,0.4377468914376924,2,0.8796584231591611,0.01103006026506825,0.8796584231591611,2,-0.0198014025778308,0.011917681648749717,-0.0198014025778308,2,0.0017884977013853,0.006517483490929186,0.0017884977013853,2,-0.00622790651528225,0.011241672072319504,-0.00622790651528225,2,0.5422546198161149,0.21473229602722188,0.5422546198161149,2,0.0130162513113991,0.012561292146378555,0.0130162513113991,2,0.16331148134146534,0.002672379659144018,0.16331148134146534,2,1.0,0.0,1.0,2,0.0,0.0,0.0,2,0.0,0.0,0.0,2
extended_hex_r2,ql,alpha_async,lesion,plastic,0,0,0.62,0.4,0.016,0.5,0.6,0.6,False,0.44404835860469527,0.003581106870806296,0.44404835860469527,2,0.8878325413711152,0.001257214601302577,0.8878325413711152,2,-0.0036920102724619496,0.02556177469158207,-0.0036920102724619496,2,0.01327951272328335,0.029022765316978665,0.01327951272328335,2,0.0036751077694510007,0.0247871029428591,0.0036751077694510007,2,0.6667092517682316,0.020640288831651185,0.6667092517682316,2,0.023662326839334898,0.0024220251452877514,0.023662326839334898,2,0.16418242920225162,0.00016068639803847048,0.16418242920225162,2,0.9994452662721893,2.905599856946382e-05,0.9994452662721893,2,0.0,0.0,0.0,2,0.0,0.0,0.0,2
extended_hex_r2,ql,alpha_async,lesion,plastic,0,0,0.68,0.2,0.006,0.5,0.6,0.6,False,0.44718321539573075,0.03299925143289753,0.44718321539573075,2,0.8324930311105714,0.010907536879092362,0.8324930311105714,2,-0.010878272411602951,0.02590698730735997,-0.010878272411602951,2,-0.0082871308812651,0.009937925187485656,-0.0082871308812651,2,0.0023496166682971,0.013550948971587227,0.0023496166682971,2,0.5286938229137458,0.21274608399350914,0.5286938229137458,2,0.003576371840411,0.0003506385024033438,0.003576371840411,2,0.1584267687039917,0.005227741354259021,0.1584267687039917,2,1.0,0.0,1.0,2,0.0,0.0,0.0,2,0.0,0.0,0.0,2
extended_hex_r2,ql,alpha_async,lesion,plastic,0,0,0.68,0.2,0.01,0.5,0.6,0.6,False,0.4461587931586386,0.032106538154038904,0.4461587931586386,2,0.8332288509931871,0.01213878797790491,0.8332288509931871,2,-0.008558281722215549,0.029963148873411945,-0.008558281722215549,2,-0.0087108711435035,0.009134025835247039,-0.0087108711435035,2,0.00099253283065265,0.012678930044189362,0.00099253283065265,2,0.5334718784065295,0.21675973979039198,0.5334718784065295,2,0.0035492708604739,0.0002868495922919018,0.0035492708604739,2,0.15858785020020988,0.005146808712689977,0.15858785020020988,2,1.0,0.0,1.0,2,0.0,0.0,0.0,2,0.0,0.0,0.0,2
extended_hex_r2,ql,alpha_async,lesion,plastic,0,0,0.68,0.2,0.016,0.5,0.6,0.6,False,0.4450733961194549,0.02573660736097878,0.4450733961194549,2,0.8371148005946012,0.010054067272342086,0.8371148005946012,2,-0.00497141127797055,0.035724819479984134,-0.00497141127797055,2,-0.0160822012107701,0.0011935090389981044,-0.0160822012107701,2,-0.0083730859839501,0.0065702704752263336,-0.0083730859839501,2,0.5643374590041924,0.1737698785997126,0.5643374590041924,2,0.00369058147228115,0.00046973484186742974,0.00369058147228115,2,0.15910628974238666,0.004985385791518039,0.15910628974238666,2,0.9993630834976988,0.00011622399427773752,0.9993630834976988,2,0.0,0.0,0.0,2,0.0,0.0,0.0,2
extended_hex_r2,ql,alpha_async,lesion,plastic,0,0,0.68,0.3,0.006,0.5,0.6,0.6,False,0.44488685313550785,0.029750028340452796,0.44488685313550785,2,0.8332404974999612,0.011631441053599409,0.8332404974999612,2,-0.010404437917288501,0.02631392643458768,-0.010404437917288501,2,-0.00908400956908775,0.008873087135582282,-0.00908400956908775,2,0.0022557101994912497,0.0132232998217614,0.0022557101994912497,2,0.5320137063844405,0.21742042787807206,0.5320137063844405,2,0.00353063074166585,0.00027487409670205515,0.00353063074166585,2,0.1594263560024885,0.005238586398747692,0.1594263560024885,2,1.0,0.0,1.0,2,0.0,0.0,0.0,2,0.0,0.0,0.0,2
extended_hex_r2,ql,alpha_async,lesion,plastic,0,0,0.68,0.3,0.01,0.5,0.6,0.6,False,0.44529885765630506,0.02831496293688201,0.44529885765630506,2,0.8350706949718717,0.010737733936929252,0.8350706949718717,2,-0.008323568798753001,0.03110573784731008,-0.008323568798753001,2,-0.01080924708895575,0.006828350923525564,-0.01080924708895575,2,0.0009340428956551503,0.014799301134872976,0.0009340428956551503,2,0.5464908041028185,0.20150284350458417,0.5464908041028185,2,0.0036502586395411,0.0001714252665116516,0.0036502586395411,2,0.1596759946091355,0.005127861104731812,0.1596759946091355,2,1.0,0.0,1.0,2,0.0,0.0,0.0,2,0.0,0.0,0.0,2
extended_hex_r2,ql,alpha_async,lesion,plastic,0,0,0.68,0.3,0.016,0.5,0.6,0.6,False,0.4440709019277863,0.02550300698953194,0.4440709019277863,2,0.8370421233136862,0.011459831362872869,0.8370421233136862,2,-0.0023645909330198,0.035438239301469214,-0.0023645909330198,2,-0.00740331893148115,0.004526635913706811,-0.00740331893148115,2,0.0027379863019007496,0.01636069979947329,0.0027379863019007496,2,0.5486680245255988,0.1960786623486656,0.5486680245255988,2,0.0039563338543504994,0.0005827166961662835,0.0039563338543504994,2,0.160252280876832,0.005107722833240188,0.160252280876832,2,0.9993836291913214,8.716799570835221e-05,0.9993836291913214,2,0.0,0.0,0.0,2,0.0,0.0,0.0,2
extended_hex_r2,ql,alpha_async,lesion,plastic,0,0,0.68,0.4,0.006,0.5,0.6,0.6,False,0.44549120790234786,0.028379646340029627,0.44549120790234786,2,0.8338328525658477,0.011006348335365674,0.8338328525658477,2,-0.010279588940027399,0.026482928944027585,-0.010279588940027399,2,-0.008936162715121751,0.005505911942412467,-0.008936162715121751,2,0.0012821699629152498,0.014752323254874486,0.0012821699629152498,2,0.5445249768881693,0.2009597890532941,0.5445249768881693,2,0.0036417381740147,0.00035659675327039147,0.0036417381740147,2,0.16040122398714673,0.005159242859142952,0.16040122398714673,2,1.0,0.0,1.0,2,0.0,0.0,0.0,2,0.0,0.0,0.0,2
extended_hex_r2,ql,alpha_async,lesion,plastic,0,0,0.68,0.4,0.01,0.5,0.6,0.6,False,0.4441006655752937,0.026958344848035432,0.4441006655752937,2,0.8346093362558684,0.011719124146029877,0.8346093362558684,2,-0.00821836588877445,0.031086735133207692,-0.00821836588877445,2,-0.010925567815249851,0.003417716919665608,-0.010925567815249851,2,-0.0027062411561894,0.007529012818458152,-0.0027062411561894,2,0.5462219227594529,0.19963316035636633,0.5462219227594529,2,0.0040066233924662496,0.0007290356715533325,0.0040066233924662496,2,0.1605581184854163,0.005075459089892515,0.1605581184854163,2,1.0,0.0,1.0,2,0.0,0.0,0.0,2,0.0,0.0,0.0,2
extended_hex_r2,ql,alpha_async,lesion,plastic,0,0,0.68,0.4,0.016,0.5,0.6,0.6,False,0.4442113222239017,0.025086822514792047,0.4442113222239017,2,0.836730887021172,0.01125710684010707,0.836730887021172,2,-0.0032613559556221496,0.036897198386791695,-0.0032613559556221496,2,-0.0073344065205657,0.005183431731322123,-0.0073344065205657,2,0.0025016451210678504,0.018203201880054927,0.0025016451210678504,2,0.5574597693992861,0.18168438680845045,0.5574597693992861,2,0.00398599667535145,0.0005769382038129877,0.00398599667535145,2,0.1611894716884371,0.004965099065619604,0.1611894716884371,2,0.9993836291913214,8.716799570835221e-05,0.9993836291913214,2,0.0,0.0,0.0,2,0.0,0.0,0.0,2
extended_moore_r2,markov,alpha_async,lesion,plastic,0,0,0.58,0.2,0.006,0.5,0.6,0.6,False,0.3885533943843295,0.001330750309216808,0.3885533943843295,2,0.5966225534290475,0.010143576669391446,0.5966225534290475,2,-0.01018617204071105,0.0005046936341136579,-0.01018617204071105,2,0.0169693314197542,0.008573617127268384,0.0169693314197542,2,0.03179778113501505,0.0006836953089624027,0.03179778113501505,2,1.1582462962051872,0.003897065018758028,1.1582462962051872,2,0.08598559394987325,0.013987466432719758,0.08598559394987325,2,0.0,0.0,0.0,2,1.0,0.0,1.0,2,0.0,0.0,0.0,2,0.0,0.0,0.0,2
extended_moore_r2,markov,alpha_async,lesion,plastic,0,0,0.58,0.2,0.01,0.5,0.6,0.6,False,0.3795491426570242,0.0008365095816380058,0.3795491426570242,2,0.6298370542135951,0.01927206735621465,0.6298370542135951,2,0.0101849467864878,0.02359264997948782,0.0101849467864878,2,0.03907361896644225,0.014061198039011688,0.03907361896644225,2,0.03141481941876685,0.005114327214003883,0.03141481941876685,2,1.1334865052882952,0.039881619245130034,1.1334865052882952,2,0.08050890493563126,0.010577960132284538,0.08050890493563126,2,0.0,0.0,0.0,2,0.9986670981262327,0.0006210719694224609,0.9986670981262327,2,0.0,0.0,0.0,2,0.0,0.0,0.0,2
extended_moore_r2,markov,alpha_async,lesion,plastic,0,0,0.58,0.2,0.016,0.5,0.6,0.6,False,0.36666114978385156,0.0004207476715487083,0.36666114978385156,2,0.6719551993103283,0.0010933267800069136,0.6719551993103283,2,7.353262968204984e-05,0.013547033481284046,7.353262968204984e-05,2,0.03991347893549575,0.009890187025008546,0.03991347893549575,2,0.03188945236807015,0.019191967194162766,0.03188945236807015,2,1.0322695817949894,0.024040482544650358,1.0322695817949894,2,0.0548668784959926,0.008115194399478021,0.0548668784959926,2,0.0,0.0,0.0,2,0.989737426035503,0.0013511039334802835,0.989737426035503,2,0.0,0.0,0.0,2,0.0,0.0,0.0,2
extended_moore_r2,markov,alpha_async,lesion,plastic,0,0,0.58,0.3,0.006,0.5,0.6,0.6,False,0.3814842965527858,0.0010747142762108635,0.3814842965527858,2,0.5821093237394406,0.010014829496289292,0.5821093237394406,2,-0.0035068854677485,0.00479956289216657,-0.0035068854677485,2,0.02456289269867875,0.011835635526298599,0.02456289269867875,2,0.034745059120087504,0.0036305136215819046,0.034745059120087504,2,1.1903836030509363,0.016968128857365414,1.1903836030509363,2,0.07166438311829684,0.02916775003908282,0.07166438311829684,2,0.0,0.0,0.0,2,1.0,0.0,1.0,2,0.0,0.0,0.0,2,0.0,0.0,0.0,2
extended_moore_r2,markov,alpha_async,lesion,plastic,0,0,0.58,0.3,0.01,0.5,0.6,0.6,False,0.3716300943817398,0.0010695468048030363,0.3716300943817398,2,0.6163999056222687,0.009226271885920623,0.6163999056222687,2,0.0150997401040444,0.023358182859893533,0.0150997401040444,2,0.04407214754112155,0.01734365288023526,0.04407214754112155,2,0.037433167721946645,0.003656476806907816,0.037433167721946645,2,1.166782857992453,0.03761608369468273,1.166782857992453,2,0.0733490605953461,0.02152562270628494,0.0733490605953461,2,0.0,0.0,0.0,2,0.9985361193293885,0.00043583997854207505,0.9985361193293885,2,0.0,0.0,0.0,2,0.0,0.0,0.0,2
extended_moore_r2,markov,alpha_async,lesion,plastic,0,0,0.58,0.3,0.016,0.5,0.6,0.6,False,0.3578220629790074,0.0034772500783313448,0.3578220629790074,2,0.6591224066070382,0.0069571239591461245,0.6591224066070382,2,0.01730773194985025,0.012642278375680806,0.01730773194985025,2,0.0516708195656322,0.00719196310859697,0.0516708195656322,2,0.0476359093882783,0.0006317156223665956,0.0476359093882783,2,1.0592675401313847,0.037499026830856826,1.0592675401313847,2,0.0552701091380645,0.006493273705451567,0.0552701091380645,2,0.0,0.0,0.0,2,0.9898684048323472,0.0013837919318709351,0.9898684048323472,2,0.0,0.0,0.0,2,0.0,0.0,0.0,2
extended_moore_r2,markov,alpha_async,lesion,plastic,0,0,0.58,0.4,0.006,0.5,0.6,0.6,False,0.37349445873859655,0.0019124286173128997,0.37349445873859655,2,0.5711016327826444,0.0072274149618001444,0.5711016327826444,2,-0.0002026669819074501,0.0072838708662711325,-0.0002026669819074501,2,0.0311322285387879,0.014023299604199933,0.0311322285387879,2,0.03996213723631055,0.004601014246514546,0.03996213723631055,2,1.2227817667993928,0.018609779162669038,1.2227817667993928,2,0.0616413189383273,0.009690022967564145,0.0616413189383273,2,0.0,0.0,0.0,2,1.0,0.0,1.0,2,0.0,0.0,0.0,2,0.0,0.0,0.0,2
extended_moore_r2,markov,alpha_async,lesion,plastic,0,0,0.58,0.4,0.01,0.5,0.6,0.6,False,0.3626523645227696,0.0005834568724287718,0.3626523645227696,2,0.5995530048523221,0.006628208739883037,0.5995530048523221,2,0.021105010542456053,0.023303250207432655,0.021105010542456053,2,0.0504029082212438,0.017776193583178487,0.0504029082212438,2,0.0432482481223842,0.004046077875953241,0.0432482481223842,2,1.1989740165719898,0.019253906083579866,1.1989740165719898,2,0.07971736209429539,0.01312514442750966,0.07971736209429539,2,0.0,0.0,0.0,2,0.9984590729783038,0.0005012159753233785,0.9984590729783038,2,0.0,0.0,0.0,2,0.0,0.0,0.0,2
extended_moore_r2,markov,alpha_async,lesion,plastic,0,0,0.58,0.4,0.016,0.5,0.6,0.6,False,0.34946941676240817,0.005786501680834179,0.34946941676240817,2,0.6375802971091984,0.01741135723912409,0.6375802971091984,2,0.0120937506951132,0.01520832059949419,0.0120937506951132,2,0.052716910834260944,0.009463973706986656,0.052716910834260944,2,0.048193898731474144,0.0027147119723906717,0.048193898731474144,2,1.0788186211548818,0.027292952732352806,1.0788186211548818,2,0.04873582353970315,0.006129741280330138,0.04873582353970315,2,0.0,0.0,0.0,2,0.9898684048323472,0.0015363359243606694,0.9898684048323472,2,0.0,0.0,0.0,2,0.0,0.0,0.0,2
extended_moore_r2,markov,alpha_async,lesion,plastic,0,0,0.62,0.2,0.006,0.5,0.6,0.6,False,0.40247809513627997,0.002216418096956255,0.40247809513627997,2,0.6163311264366413,0.01899929173136954,0.6163311264366413,2,-0.01232742569404305,0.005527324710764216,-0.01232742569404305,2,0.0105656681431324,0.00293385116606794,0.0105656681431324,2,0.02830401872312235,0.000114514950007936,0.02830401872312235,2,1.1053422124874315,0.00550243337128149,1.1053422124874315,2,0.07559026699424809,0.018547745064285786,0.07559026699424809,2,0.0,0.0,0.0,2,1.0,0.0,1.0,2,0.0,0.0,0.0,2,0.0,0.0,0.0,2
extended_moore_r2,markov,alpha_async,lesion,plastic,0,0,0.62,0.2,0.01,0.5,0.6,0.6,False,0.40004949831834913,0.0050756193221328525,0.40004949831834913,2,0.6955936514911233,0.013116009268046328,0.6955936514911233,2,-0.00643394013108585,0.0010786407861405197,-0.00643394013108585,2,0.0261174305293508,0.010943194570297967,0.0261174305293508,2,0.03259865013520015,0.012137824322193666,0.03259865013520015,2,1.0360540644594456,0.041310488907309664,1.0360540644594456,2,0.0508449537757023,0.0006466035993078348,0.0508449537757023,2,0.0,0.0,0.0,2,0.9990369206114398,0.0006646559672765977,0.9990369206114398,2,0.0,0.0,0.0,2,0.0,0.0,0.0,2
extended_moore_r2,markov,alpha_async,lesion,plastic,0,0,0.62,0.2,0.016,0.5,0.6,0.6,False,0.385948540203928,0.003657164942551382,0.385948540203928,2,0.7106308371892567,0.0008020001246154248,0.7106308371892567,2,-0.023474860698074702,3.297654185817809e-05,-0.023474860698074702,2,0.028821298093220052,0.0007372477896777753,0.028821298093220052,2,0.02337853234477165,0.007682737224448644,0.02337853234477165,2,0.9627948982470385,0.01380168086991157,0.9627948982470385,2,0.0455538382256732,0.005451429792983765,0.0455538382256732,2,0.0,0.0,0.0,2,0.989930041913215,0.0007082399651309701,0.989930041913215,2,0.0,0.0,0.0,2,0.0,0.0,0.0,2
extended_moore_r2,markov,alpha_async,lesion,plastic,0,0,0.62,0.3,0.006,0.5,0.6,0.6,False,0.39771234263870175,0.0034441730778662066,0.39771234263870175,2,0.605947332443606,0.01532308298825524,0.605947332443606,2,-0.01794400286727145,0.0029246667352250447,-0.01794400286727145,2,0.012425975888654399,0.0004267090197361568,0.012425975888654399,2,0.0282245774337808,0.0025179458612169395,0.0282245774337808,2,1.1159177109069454,0.003243544359689273,1.1159177109069454,2,0.07291596629248076,0.00616707486295836,0.07291596629248076,2,0.0,0.0,0.0,2,1.0,0.0,1.0,2,0.0,0.0,0.0,2,0.0,0.0,0.0,2
extended_moore_r2,markov,alpha_async,lesion,plastic,0,0,0.62,0.3,0.01,0.5,0.6,0.6,False,0.3884506851593418,0.0022823234063761326,0.3884506851593418,2,0.653490064856985,0.023241325340996755,0.653490064856985,2,-0.0024367591837064495,0.014659105156134446,-0.0024367591837064495,2,0.02095761651320305,0.007731263229761335,0.02095761651320305,2,0.02719642004618165,0.0024658052956855465,0.02719642004618165,2,1.0620260344566967,0.03414507432363872,1.0620260344566967,2,0.0646895761253688,0.0254103763502604,0.0646895761253688,2,0.0,0.0,0.0,2,0.9989367603550297,0.0005012159753231822,0.9989367603550297,2,0.0,0.0,0.0,2,0.0,0.0,0.0,2
extended_moore_r2,markov,alpha_async,lesion,plastic,0,0,0.62,0.3,0.016,0.5,0.6,0.6,False,0.37834766370377704,3.433085595797389e-05,0.37834766370377704,2,0.7068183061326692,0.009364396417798675,0.7068183061326692,2,-0.00890531283678465,0.02114738357801671,-0.00890531283678465,2,0.0267262789717932,0.009086657400073932,0.0267262789717932,2,0.01327929831124,0.009060503536654366,0.01327929831124,2,0.9565977684668662,0.027217064521729322,0.9565977684668662,2,0.0383844811724299,0.006643196519118272,0.0383844811724299,2,0.0,0.0,0.0,2,0.9901997041420119,0.0011113919452819616,0.9901997041420119,2,0.0,0.0,0.0,2,0.0,0.0,0.0,2
extended_moore_r2,markov,alpha_async,lesion,plastic,0,0,0.62,0.4,0.006,0.5,0.6,0.6,False,0.3908019596059618,0.0013118369232774803,0.3908019596059618,2,0.5837937301759446,0.009507055653298317,0.5837937301759446,2,-0.015612319778770799,5.76746142197452e-05,-0.015612319778770799,2,0.01947504143909885,0.0029013600341787835,0.01947504143909885,2,0.0299114062361735,0.003372099832063473,0.0299114062361735,2,1.1494489026680763,0.013400517651307944,1.1494489026680763,2,0.08886261480022785,0.0063008898962168625,0.08886261480022785,2,0.0,0.0,0.0,2,1.0,0.0,1.0,2,0.0,0.0,0.0,2,0.0,0.0,0.0,2
extended_moore_r2,markov,alpha_async,lesion,plastic,0,0,0.62,0.4,0.01,0.5,0.6,0.6,False,0.38164737086074363,0.004100396374812219,0.38164737086074363,2,0.6422829323308308,0.013720520609475026,0.6422829323308308,2,0.0025345342209074496,0.002642321489475903,0.0025345342209074496,2,0.0320816100346855,0.0005425808219047235,0.0320816100346855,2,0.0349490413479885,0.002036798846987354,0.0349490413479885,2,1.0945518686725302,0.03422647711298654,1.0945518686725302,2,0.0651188212146368,0.018244761699804556,0.0651188212146368,2,0.0,0.0,0.0,2,0.9988751232741617,0.0003268799839066348,0.9988751232741617,2,0.0,0.0,0.0,2,0.0,0.0,0.0,2
extended_moore_r2,markov,alpha_async,lesion,plastic,0,0,0.62,0.4,0.016,0.5,0.6,0.6,False,0.3718257251682803,0.0004946439480557342,0.3718257251682803,2,0.6957226295103143,0.018382113636666603,0.6957226295103143,2,0.0002586393755276001,0.008515823338278373,0.0002586393755276001,2,0.03560426435329015,0.00496396039303862,0.03560426435329015,2,0.031919839184969045,0.000860860396088546,0.031919839184969045,2,1.0215800288086316,0.037480192337761925,1.0215800288086316,2,0.0368521621878497,0.004674308238500142,0.0368521621878497,2,0.0,0.0,0.0,2,0.9907852564102564,0.0012421439388446078,0.9907852564102564,2,0.0,0.0,0.0,2,0.0,0.0,0.0,2
extended_moore_r2,markov,alpha_async,lesion,plastic,0,0,0.68,0.2,0.006,0.5,0.6,0.6,False,0.4288346745969108,0.018630886998485047,0.4288346745969108,2,0.7806906044426949,0.006542243571887921,0.7806906044426949,2,-0.00922519367095535,0.006672885967595804,-0.00922519367095535,2,0.00875120206002355,0.022402224828653665,0.00875120206002355,2,0.0207619688180796,0.021426434954638272,0.0207619688180796,2,0.7968798588717525,0.08523669076094381,0.7968798588717525,2,0.0173708279005019,0.002846665022854676,0.0173708279005019,2,0.0,0.0,0.0,2,1.0,0.0,1.0,2,0.0,0.0,0.0,2,0.0,0.0,0.0,2
extended_moore_r2,markov,alpha_async,lesion,plastic,0,0,0.68,0.2,0.01,0.5,0.6,0.6,False,0.43695824451397125,0.00033010793826990925,0.43695824451397125,2,0.7807569763400584,0.0004987250527978656,0.7807569763400584,2,0.019458722454462448,0.020236737717403724,0.019458722454462448,2,0.03895697007845515,0.016929796660054855,0.03895697007845515,2,0.0374278592729889,0.0018122431577226397,0.0374278592729889,2,0.8773863654764243,0.009133201190557088,0.8773863654764243,2,0.025265467813867147,0.003195036558981356,0.025265467813867147,2,0.0,0.0,0.0,2,0.9999614768244576,5.447999731777901e-05,0.9999614768244576,2,0.0,0.0,0.0,2,0.0,0.0,0.0,2
extended_moore_r2,markov,alpha_async,lesion,plastic,0,0,0.68,0.2,0.016,0.5,0.6,0.6,False,0.4323817494428275,0.0015532318010401326,0.4323817494428275,2,0.7725485031259891,0.00418073955697421,0.7725485031259891,2,0.025916061901557753,0.015133538617197942,0.025916061901557753,2,0.0356642546280001,0.015165019136915767,0.0356642546280001,2,0.04070159916165375,0.0008559700437506762,0.04070159916165375,2,0.9087237693113712,0.004487631069158607,0.9087237693113712,2,0.025940342962688948,0.0012042885203671831,0.025940342962688948,2,0.0,0.0,0.0,2,0.9951460798816567,0.00023971198819800783,0.9951460798816567,2,0.0,0.0,0.0,2,0.0,0.0,0.0,2
extended_moore_r2,markov,alpha_async,lesion,plastic,0,0,0.68,0.3,0.006,0.5,0.6,0.6,False,0.4200127854415258,0.02193618181532451,0.4200127854415258,2,0.7707656446574698,0.00775037556574232,0.7707656446574698,2,-0.0120167634073058,0.010557701619779383,-0.0120167634073058,2,0.01685688999959685,0.018511879458911036,0.01685688999959685,2,0.02807178938614345,0.018132706412429582,0.02807178938614345,2,0.7712816207758942,0.16426710072836945,0.7712816207758942,2,0.01940664292196175,0.006766878831723161,0.01940664292196175,2,0.0,0.0,0.0,2,1.0,0.0,1.0,2,0.0,0.0,0.0,2,0.0,0.0,0.0,2
extended_moore_r2,markov,alpha_async,lesion,plastic,0,0,0.68,0.3,0.01,0.5,0.6,0.6,False,0.4191149402856209,0.01852940648009367,0.4191149402856209,2,0.7686286329181072,0.0071544788543355334,0.7686286329181072,2,0.004501587532569001,0.0015275682730463537,0.004501587532569001,2,0.02134031390996425,0.013859873725803126,0.02134031390996425,2,0.0327448871102772,0.013266918533450023,0.0327448871102772,2,0.903125189342597,0.0013569029706667103,0.903125189342597,2,0.0237072227634109,0.002878871359341064,0.0237072227634109,2,0.0,0.0,0.0,2,0.9999845907297831,2.1791998927166555e-05,0.9999845907297831,2,0.0,0.0,0.0,2,0.0,0.0,0.0,2
extended_moore_r2,markov,alpha_async,lesion,plastic,0,0,0.68,0.3,0.016,0.5,0.6,0.6,False,0.42560310138898483,0.0003071662635676644,0.42560310138898483,2,0.7628719317741754,0.006265396893668792,0.7628719317741754,2,0.027008205090821802,0.011295311595466071,0.027008205090821802,2,0.0376920919077213,0.015186854150604206,0.0376920919077213,2,0.045095552850864,0.0026133381292881277,0.045095552850864,2,0.9335113135460524,0.006208959728761131,0.9335113135460524,2,0.030106123049051747,0.0026658077909929574,0.030106123049051747,2,0.0,0.0,0.0,2,0.9956006533530573,0.00027239998658862025,0.9956006533530573,2,0.0,0.0,0.0,2,0.0,0.0,0.0,2
extended_moore_r2,markov,alpha_async,lesion,plastic,0,0,0.68,0.4,0.006,0.5,0.6,0.6,False,0.41581632957263664,0.022582159353455693,0.41581632957263664,2,0.7640375292230055,0.00978082012798883,0.7640375292230055,2,-0.0115322218590559,0.010105677207666617,-0.0115322218590559,2,0.02091870938837745,0.017561741202053116,0.02091870938837745,2,0.03172023567659755,0.01718935070116789,0.03172023567659755,2,0.7917457754792807,0.158420999818187,0.7917457754792807,2,0.02136193582576305,0.007539410246994492,0.02136193582576305,2,0.0,0.0,0.0,2,1.0,0.0,1.0,2,0.0,0.0,0.0,2,0.0,0.0,0.0,2
extended_moore_r2,markov,alpha_async,lesion,plastic,0,0,0.68,0.4,0.01,0.5,0.6,0.6,False,0.4153133412678852,0.016103401520374438,0.4153133412678852,2,0.7648047053977165,0.0010311107918015837,0.7648047053977165,2,0.0005608810537060002,0.0071186841163701515,0.0005608810537060002,2,0.024725094449657748,0.015641454660556813,0.024725094449657748,2,0.0358078490463737,0.015242956776296796,0.0358078490463737,2,0.9398738981527759,0.025438827709814066,0.9398738981527759,2,0.02772639026693205,0.002737362377281178,0.02772639026693205,2,0.0,0.0,0.0,2,1.0,0.0,1.0,2,0.0,0.0,0.0,2,0.0,0.0,0.0,2
extended_moore_r2,markov,alpha_async,lesion,plastic,0,0,0.68,0.4,0.016,0.5,0.6,0.6,False,0.42197202427447195,0.00038443161796299465,0.42197202427447195,2,0.7560629642994017,0.006244346927054558,0.7560629642994017,2,0.02363222587293315,0.012075733807608973,0.02363222587293315,2,0.0439470370333124,0.01787660604489234,0.0439470370333124,2,0.04761391921963325,0.0030383392141829237,0.04761391921963325,2,0.9436118633085062,0.002967432918481715,0.9436118633085062,2,0.0330534817727524,0.0020225334737921296,0.0330534817727524,2,0.0,0.0,0.0,2,0.995515902366864,0.0002615039871253314,0.995515902366864,2,0.0,0.0,0.0,2,0.0,0.0,0.0,2
extended_moore_r2,ql,alpha_async,lesion,plastic,0,0,0.58,0.2,0.006,0.5,0.6,0.6,False,0.4279180236455809,0.00027848936429269056,0.4279180236455809,2,0.6261873392159228,0.006461932497293844,0.6261873392159228,2,-0.00077593287793205,0.00032941379280832927,-0.00077593287793205,2,-0.0007454382686910999,0.00637014737325573,-0.0007454382686910999,2,-0.0016160649736937,0.0012930989453632119,-0.0016160649736937,2,0.8472023368906958,0.0033852684440813826,0.8472023368906958,2,0.1542082734772928,0.03680417688546359,0.1542082734772928,2,0.22928335449506004,0.0026402371764128523,0.22928335449506004,2,0.9999845907297832,0.0,0.9999845907297832,2,0.0,0.0,0.0,2,0.0,0.0,0.0,2
extended_moore_r2,ql,alpha_async,lesion,plastic,0,0,0.58,0.2,0.01,0.5,0.6,0.6,False,0.4219991936646271,0.0007547832702346745,0.4219991936646271,2,0.6730719874241093,0.0030632494397031134,0.6730719874241093,2,0.0025424516993671005,0.010087745917728734,0.0025424516993671005,2,0.006289885015709751,0.010594795055510036,0.006289885015709751,2,0.0005244863831073499,0.004948520636925013,0.0005244863831073499,2,0.7754673741825385,0.0020424695489288103,0.7754673741825385,2,0.12255809780489235,0.04093857350374676,0.12255809780489235,2,0.2178816606430356,0.0012561950104047553,0.2178816606430356,2,0.998543823964497,0.0002506079876615322,0.998543823964497,2,0.0,0.0,0.0,2,0.0,0.0,0.0,2
extended_moore_r2,ql,alpha_async,lesion,plastic,0,0,0.58,0.2,0.016,0.5,0.6,0.6,False,0.4120831189148373,0.00030368675928508853,0.4120831189148373,2,0.7407584633794959,0.005011264772468659,0.7407584633794959,2,-0.004355448533357099,0.00042452664795234867,-0.004355448533357099,2,-0.00115500534188335,0.0001832468081242539,-0.00115500534188335,2,-0.0074814275411529,0.0010176164776025056,-0.0074814275411529,2,0.6022542599348049,0.022715999758785802,0.6022542599348049,2,0.08784428146038681,0.040988084394986274,0.08784428146038681,2,0.2068517764157545,0.0013631667576855207,0.2068517764157545,2,0.9881425665680473,0.0006864479662036073,0.9881425665680473,2,0.0,0.0,0.0,2,0.0,0.0,0.0,2
extended_moore_r2,ql,alpha_async,lesion,plastic,0,0,0.58,0.3,0.006,0.5,0.6,0.6,False,0.4268849003121813,0.00028655846180318685,0.4268849003121813,2,0.6199494686147329,0.004749563505132065,0.6199494686147329,2,0.004816416655121003,0.006734618130457117,0.004816416655121003,2,0.0026975778673679995,0.011877454768265176,0.0026975778673679995,2,-0.0023274024346385002,0.002354694451157353,-0.0023274024346385002,2,0.841637098066862,0.009212020501137579,0.841637098066862,2,0.14884983110775704,0.03180555125940675,0.14884983110775704,2,0.23040838176410333,0.0028655236310826675,0.23040838176410333,2,0.9999768860946746,3.26879983905732e-05,0.9999768860946746,2,0.0,0.0,0.0,2,0.0,0.0,0.0,2
extended_moore_r2,ql,alpha_async,lesion,plastic,0,0,0.58,0.3,0.01,0.5,0.6,0.6,False,0.4213272538717311,0.0007141826615400597,0.4213272538717311,2,0.6781161310680035,0.01200925610188441,0.6781161310680035,2,0.0025127138789653998,0.004885205515473167,0.0025127138789653998,2,0.0044180870418996,0.005249984991134639,0.0044180870418996,2,-0.0032194152725934,0.0005422379194986772,-0.0032194152725934,2,0.7553929486566916,0.026963130519251897,0.7553929486566916,2,0.10785997414804815,0.0027526182080122937,0.10785997414804815,2,0.218217987381567,0.00021433077524850717,0.218217987381567,2,0.9984975961538463,0.0003377759833701592,0.9984975961538463,2,0.0,0.0,0.0,2,0.0,0.0,0.0,2
extended_moore_r2,ql,alpha_async,lesion,plastic,0,0,0.58,0.3,0.016,0.5,0.6,0.6,False,0.4133536079343657,0.0026520092284657588,0.4133536079343657,2,0.7343319392916166,0.0035295227699291814,0.7343319392916166,2,-0.00526921344302475,0.009489762610418465,-0.00526921344302475,2,0.0008312525801012001,0.005334494387485394,0.0008312525801012001,2,-0.0054314951760428,0.001554445904320103,-0.0054314951760428,2,0.6257135461893581,0.02939852085461618,0.6257135461893581,2,0.08451754888606386,0.007247630369223434,0.08451754888606386,2,0.20898977436819544,7.334417356602114e-05,0.20898977436819544,2,0.9875261957593688,0.00011985599409904317,0.9875261957593688,2,0.0,0.0,0.0,2,0.0,0.0,0.0,2
extended_moore_r2,ql,alpha_async,lesion,plastic,0,0,0.58,0.4,0.006,0.5,0.6,0.6,False,0.4258296466707512,0.0004508641750540775,0.4258296466707512,2,0.6115086183978395,0.00201390704861346,0.6115086183978395,2,0.0062625529180581,0.006177902784505934,0.0062625529180581,2,0.00427080739888295,0.01285215164326067,0.00427080739888295,2,-0.004411639935230751,0.004104369813410247,-0.004411639935230751,2,0.849691541432585,0.0024257487848134947,0.849691541432585,2,0.1481334536315245,0.02626416533723763,0.1481334536315245,2,0.2321386468578956,0.002164501712246652,0.2321386468578956,2,0.9999691814595661,4.358399785421536e-05,0.9999691814595661,2,0.0,0.0,0.0,2,0.0,0.0,0.0,2
extended_moore_r2,ql,alpha_async,lesion,plastic,0,0,0.58,0.4,0.01,0.5,0.6,0.6,False,0.41995443612202493,0.0012558461745676211,0.41995443612202493,2,0.6661325829145105,0.002031029252506925,0.6661325829145105,2,5.419067430629076e-05,2.2789385177362944e-05,5.419067430629076e-05,2,0.0028271067347598,0.002450194359634804,0.0028271067347598,2,-0.00758649008383365,0.005141330140569034,-0.00758649008383365,2,0.7773065562878534,0.004817523232565058,0.7773065562878534,2,0.1215066789194855,0.02375090973947148,0.1215066789194855,2,0.2196562225709518,0.00046185067419463564,0.2196562225709518,2,0.9980815458579881,0.00014164799302609197,0.9980815458579881,2,0.0,0.0,0.0,2,0.0,0.0,0.0,2
extended_moore_r2,ql,alpha_async,lesion,plastic,0,0,0.58,0.4,0.016,0.5,0.6,0.6,False,0.41056140672275326,0.0030048406244920535,0.41056140672275326,2,0.7316995524380233,0.004512604624397118,0.7316995524380233,2,0.0004651526949673,0.0022238060918043363,0.0004651526949673,2,0.0024212754060789696,0.003363982654918548,0.0024212754060789696,2,-0.0016306834938807,0.0011829592005478473,-0.0016306834938807,2,0.5929469280154396,0.0027009383698176678,0.5929469280154396,2,0.0903853886204973,0.03014894632933479,0.0903853886204973,2,0.20963987173445756,0.0018965591802462913,0.20963987173445756,2,0.9873952169625246,0.0012639359377717742,0.9873952169625246,2,0.0,0.0,0.0,2,0.0,0.0,0.0,2
extended_moore_r2,ql,alpha_async,lesion,plastic,0,0,0.62,0.2,0.006,0.5,0.6,0.6,False,0.42810969677974714,0.002111457490113193,0.42810969677974714,2,0.6285254333676867,0.020002569139425753,0.6285254333676867,2,-0.0209973261623737,0.0077429848644795605,-0.0209973261623737,2,-0.012273449029861098,0.003577738302850446,-0.012273449029861098,2,-0.002019476764727647,0.0027164487565181565,-0.002019476764727647,2,0.843869597730841,0.03008259544660696,0.843869597730841,2,0.1517020268864344,0.006676156289831536,0.1517020268864344,2,0.22670967644273893,0.0020613756526235514,0.22670967644273893,2,0.9999922953648916,1.0895999463485147e-05,0.9999922953648916,2,0.0,0.0,0.0,2,0.0,0.0,0.0,2
extended_moore_r2,ql,alpha_async,lesion,plastic,0,0,0.62,0.2,0.01,0.5,0.6,0.6,False,0.4289980714282992,0.012221981971632843,0.4289980714282992,2,0.7114680027174387,0.04378671407237076,0.7114680027174387,2,-0.0065091976519782,0.011978256147776195,-0.0065091976519782,2,-0.004501898860249,0.007911254437866966,-0.004501898860249,2,-0.0027103569118324,0.005064445416212803,-0.0027103569118324,2,0.7863166280676488,0.03781978293134354,0.7863166280676488,2,0.1296927381030853,0.08031661649997843,0.1296927381030853,2,0.20791357107043174,0.007142079908167795,0.20791357107043174,2,0.9985977564102564,0.00010895999463544027,0.9985977564102564,2,0.0,0.0,0.0,2,0.0,0.0,0.0,2
extended_moore_r2,ql,alpha_async,lesion,plastic,0,0,0.62,0.2,0.016,0.5,0.6,0.6,False,0.4238592654785831,0.011041726425933221,0.4238592654785831,2,0.7899911677266167,0.005438196600093779,0.7899911677266167,2,-0.01991389522468405,0.014247653950883532,-0.01991389522468405,2,-0.02377358604426085,0.00934785221543609,-0.02377358604426085,2,-0.0267855005089853,0.004383735052157031,-0.0267855005089853,2,0.6491198887180503,0.09359037585962951,0.6491198887180503,2,0.049997645280550354,0.012477903900615294,0.049997645280550354,2,0.19284152585223097,0.000830204970392716,0.19284152585223097,2,0.989737426035503,0.00021791998927095903,0.989737426035503,2,0.0,0.0,0.0,2,0.0,0.0,0.0,2
extended_moore_r2,ql,alpha_async,lesion,plastic,0,0,0.62,0.3,0.006,0.5,0.6,0.6,False,0.42761031198331656,0.0018925609428193447,0.42761031198331656,2,0.620322415045385,0.00977984070778238,0.620322415045385,2,-0.018830852569597552,0.006441973086646746,-0.018830852569597552,2,-0.010380346399749801,0.0026295362424640168,-0.010380346399749801,2,-0.00183509885926655,0.002794989016367461,-0.00183509885926655,2,0.8476035310697281,0.022405505793968467,0.8476035310697281,2,0.1471762491983885,0.02104587291902769,0.1471762491983885,2,0.2282415587211743,0.00178007682977479,0.2282415587211743,2,0.9999922953648916,1.0895999463485147e-05,0.9999922953648916,2,0.0,0.0,0.0,2,0.0,0.0,0.0,2
extended_moore_r2,ql,alpha_async,lesion,plastic,0,0,0.62,0.3,0.01,0.5,0.6,0.6,False,0.42744651079932516,0.012490542728584051,0.42744651079932516,2,0.709281122147023,0.02290074165552455,0.709281122147023,2,-0.0051967922980527,0.010102230155130211,-0.0051967922980527,2,-0.0014020934336491,0.005180957644653679,-0.0014020934336491,2,0.0007834094080546501,0.009378935647719425,0.0007834094080546501,2,0.7763726640264168,0.06361492066536904,0.7763726640264168,2,0.1130046718752484,0.056972372287474565,0.1130046718752484,2,0.2102539365524289,0.004581135840221725,0.2102539365524289,2,0.9985977564102564,0.00021791998927095903,0.9985977564102564,2,0.0,0.0,0.0,2,0.0,0.0,0.0,2
extended_moore_r2,ql,alpha_async,lesion,plastic,0,0,0.62,0.3,0.016,0.5,0.6,0.6,False,0.42604184594534733,0.0041270622928965585,0.42604184594534733,2,0.7919673607571347,0.015160648301458418,0.7919673607571347,2,-0.01501444684837565,0.02643805485270788,-0.01501444684837565,2,-0.0165412871221853,0.007545777162733153,-0.0165412871221853,2,-0.02532185719244355,0.001776619593938706,-0.02532185719244355,2,0.6457237740037217,0.048446018701281846,0.6457237740037217,2,0.0601157475611978,0.01709924016531413,0.0601157475611978,2,0.19220240396555793,0.0023260664540891256,0.19220240396555793,2,0.9900147928994084,0.0008063039603026897,0.9900147928994084,2,0.0,0.0,0.0,2,0.0,0.0,0.0,2
extended_moore_r2,ql,alpha_async,lesion,plastic,0,0,0.62,0.4,0.006,0.5,0.6,0.6,False,0.427580087349416,0.0003507997976672812,0.427580087349416,2,0.610687040102373,0.002753633416779291,0.610687040102373,2,-0.00552790989686525,0.015273826606114042,-0.00552790989686525,2,-0.0017566353473048003,0.009995019571328865,-0.0017566353473048003,2,-0.004203226091710199,0.0004199389266339981,-0.004203226091710199,2,0.8597406831876069,0.006595596290805531,0.8597406831876069,2,0.1849741959722536,0.03640559351123466,0.1849741959722536,2,0.2297092869873151,0.0019835112824267763,0.2297092869873151,2,0.9999768860946746,1.089599946368141e-05,0.9999768860946746,2,0.0,0.0,0.0,2,0.0,0.0,0.0,2
extended_moore_r2,ql,alpha_async,lesion,plastic,0,0,0.62,0.4,0.01,0.5,0.6,0.6,False,0.426707666791798,0.0040933814711822,0.426707666791798,2,0.6820870632959355,0.0012884558492117953,0.6820870632959355,2,0.0060152266766288,0.007897160254516925,0.0060152266766288,2,0.0057898247340241,0.000127411887795815,0.0057898247340241,2,-0.0030288469738564,0.000260312567779829,-0.0030288469738564,2,0.8060571507080263,0.03494820310338596,0.8060571507080263,2,0.16039128576415446,0.06097383979216406,0.16039128576415446,2,0.21530897746799316,0.00042095081056199243,0.21530897746799316,2,0.9985977564102564,0.00037046398176077166,0.9985977564102564,2,0.0,0.0,0.0,2,0.0,0.0,0.0,2
extended_moore_r2,ql,alpha_async,lesion,plastic,0,0,0.62,0.4,0.016,0.5,0.6,0.6,False,0.4242327973095472,0.005202525223640277,0.4242327973095472,2,0.7781503216799917,0.01422565052545193,0.7781503216799917,2,-0.01345155005208875,0.03938762930759758,-0.01345155005208875,2,-0.00652342044252615,0.0019994325255382624,-0.00652342044252615,2,-0.008362491372121701,0.003778311238098797,-0.008362491372121701,2,0.6390867766409624,0.07799528823031729,0.6390867766409624,2,0.07269486523783425,0.004735502844217889,0.07269486523783425,2,0.19722483709430033,0.004237889233628205,0.19722483709430033,2,0.9892520340236686,0.0006428639683493919,0.9892520340236686,2,0.0,0.0,0.0,2,0.0,0.0,0.0,2
extended_moore_r2,ql,alpha_async,lesion,plastic,0,0,0.68,0.2,0.006,0.5,0.6,0.6,False,0.44716108636904994,0.027499967135057382,0.44716108636904994,2,0.8207799762966234,0.011305618884485918,0.8207799762966234,2,-0.004016875700307549,0.000416013883658603,-0.004016875700307549,2,-0.01259651931254155,0.011447426248561546,-0.01259651931254155,2,-0.0018882109024683002,0.00020210107494641411,-0.0018882109024683002,2,0.6181771901321038,0.06260866772675343,0.6181771901321038,2,0.0094118821726603,0.0015847077484094675,0.0094118821726603,2,0.16362997580135955,0.005934148381104348,0.16362997580135955,2,1.0,0.0,1.0,2,0.0,0.0,0.0,2,0.0,0.0,0.0,2
extended_moore_r2,ql,alpha_async,lesion,plastic,0,0,0.68,0.2,0.01,0.5,0.6,0.6,False,0.4474870451743193,0.00828919402428382,0.4474870451743193,2,0.8315820190638878,0.006502457391967158,0.8315820190638878,2,0.01064641426119305,0.008007747687915503,0.01064641426119305,2,-0.012026785617883248,0.030043789208011647,-0.012026785617883248,2,-0.011286979885262899,0.01181521735548849,-0.011286979885262899,2,0.7579370905075088,0.04490050714679122,0.7579370905075088,2,0.0184621403372749,0.009277426404246178,0.0184621403372749,2,0.1635012757927053,0.0034394291722945145,0.1635012757927053,2,0.9998921351084813,0.00010895999463544027,0.9998921351084813,2,0.0,0.0,0.0,2,0.0,0.0,0.0,2
extended_moore_r2,ql,alpha_async,lesion,plastic,0,0,0.68,0.2,0.016,0.5,0.6,0.6,False,0.4564492756756267,0.01923492054454568,0.4564492756756267,2,0.8327336280418933,0.005090999865697438,0.8327336280418933,2,0.016656331861808753,0.0330595137060026,0.016656331861808753,2,0.004804810792768299,0.004822777541704302,0.004804810792768299,2,0.003944901893744799,0.006372613935480141,0.003944901893744799,2,0.7435424120136074,0.11228477924309349,0.7435424120136074,2,0.016539804224909402,0.017723543646794862,0.016539804224909402,2,0.1619777904792368,0.0036461777071792986,0.1619777904792368,2,0.9941752958579881,8.716799570831295e-05,0.9941752958579881,2,0.0,0.0,0.0,2,0.0,0.0,0.0,2
extended_moore_r2,ql,alpha_async,lesion,plastic,0,0,0.68,0.3,0.006,0.5,0.6,0.6,False,0.4531048154291012,0.02670482200202447,0.4531048154291012,2,0.8122223519812768,0.029312331723472886,0.8122223519812768,2,0.0003332196915022999,0.005802871369916319,0.0003332196915022999,2,-0.014689154722550949,0.01513684095370528,-0.014689154722550949,2,0.0009416688696577496,0.010216319578694184,0.0009416688696577496,2,0.6864671286403906,0.05507051734239697,0.6864671286403906,2,0.0205688576500907,0.024323960147051994,0.0205688576500907,2,0.16745818813229674,0.013662112060370577,0.16745818813229674,2,1.0,0.0,1.0,2,0.0,0.0,0.0,2,0.0,0.0,0.0,2
extended_moore_r2,ql,alpha_async,lesion,plastic,0,0,0.68,0.3,0.01,0.5,0.6,0.6,False,0.4583798107917222,0.018288835999172807,0.4583798107917222,2,0.8325980729632305,0.0026428917392339836,0.8325980729632305,2,0.01214454916449295,0.011163722746740263,0.01214454916449295,2,-0.0202117851904592,0.017906752928477345,-0.0202117851904592,2,-0.008431642030678149,0.02287581350882792,-0.008431642030678149,2,0.7301078747634027,0.10810061703204006,0.7301078747634027,2,0.0134239834394137,0.014087614372112336,0.0134239834394137,2,0.16201186214891594,0.005866983830920833,0.16201186214891594,2,0.9999306582840236,9.806399517203362e-05,0.9999306582840236,2,0.0,0.0,0.0,2,0.0,0.0,0.0,2
extended_moore_r2,ql,alpha_async,lesion,plastic,0,0,0.68,0.3,0.016,0.5,0.6,0.6,False,0.45293961462389576,0.019089101604053266,0.45293961462389576,2,0.8278580374839745,0.003980459657275517,0.8278580374839745,2,0.00976358723587345,0.022102282672869355,0.00976358723587345,2,-0.005653316135672899,0.014313730918021713,-0.005653316135672899,2,-0.0027940574277923996,0.019483303261210186,-0.0027940574277923996,2,0.7383844862265802,0.08977404150960941,0.7383844862265802,2,0.01646613511370585,0.013747102863034716,0.01646613511370585,2,0.16484638011084585,0.0033129496670208348,0.16484638011084585,2,0.9938208826429982,0.0009370559538651788,0.9938208826429982,2,0.0,0.0,0.0,2,0.0,0.0,0.0,2
extended_moore_r2,ql,alpha_async,lesion,plastic,0,0,0.68,0.4,0.006,0.5,0.6,0.6,False,0.4565199864629411,0.021755006955083814,0.4565199864629411,2,0.8207134425610034,0.017244520219613205,0.8207134425610034,2,0.003985247339506349,0.010412175523635495,0.003985247339506349,2,-0.02305201223382495,0.02783063665377395,-0.02305201223382495,2,-0.007945079788591151,0.022654136649170643,-0.007945079788591151,2,0.7310379494096917,0.1211167858809416,0.7310379494096917,2,0.015559001334128601,0.017263219369350793,0.015559001334128601,2,0.1666036111527185,0.011514023951525622,0.1666036111527185,2,1.0,0.0,1.0,2,0.0,0.0,0.0,2,0.0,0.0,0.0,2
extended_moore_r2,ql,alpha_async,lesion,plastic,0,0,0.68,0.4,0.01,0.5,0.6,0.6,False,0.45850511816310835,0.017443989313990518,0.45850511816310835,2,0.8299957284916215,0.005981565146005979,0.8299957284916215,2,0.0111033723260582,0.008258494130746566,0.0111033723260582,2,-0.01519353288232925,0.012128740445068597,-0.01519353288232925,2,-0.009816140753972951,0.025833865554639908,-0.009816140753972951,2,0.7408569331268248,0.12219279098866893,0.7408569331268248,2,0.0128751960823793,0.012754311446885012,0.0128751960823793,2,0.16381626036539376,0.006284896902322346,0.16381626036539376,2,0.9998998397435899,0.00014164799302601348,0.9998998397435899,2,0.0,0.0,0.0,2,0.0,0.0,0.0,2
extended_moore_r2,ql,alpha_async,lesion,plastic,0,0,0.68,0.4,0.016,0.5,0.6,0.6,False,0.45432487631419305,0.020243551005111316,0.45432487631419305,2,0.8272038988311226,0.0016603253296092974,0.8272038988311226,2,0.008939944279733252,0.035864032517352575,0.008939944279733252,2,-0.011086172765456951,0.018347643773760733,-0.011086172765456951,2,-0.0110046214504646,0.007971133186150007,-0.0110046214504646,2,0.7417941022027996,0.10107244959297448,0.7417941022027996,2,0.01564432565933245,0.016410232064888317,0.01564432565933245,2,0.1660171853375852,0.005739550422014271,0.1660171853375852,2,0.9939595660749507,0.00017433599141682216,0.9939595660749507,2,0.0,0.0,0.0,2,0.0,0.0,0.0,2
hex_cells,markov,alpha_async,lesion,plastic,0,0,0.58,0.2,0.006,0.5,0.6,0.6,False,0.33261055539650364,0.002254761427567145,0.33261055539650364,2,0.4283887465720259,0.008205569974736615,0.4283887465720259,2,0.05764610839857705,0.005219704780243263,0.05764610839857705,2,0.10381082332146499,0.008627589923331182,0.10381082332146499,2,0.07882962523664655,0.008737042023253023,0.07882962523664655,2,1.5586454363042006,0.012343010408290559,1.5586454363042006,2,0.0563796971743845,0.0002032744631847621,0.0563796971743845,2,0.0,0.0,0.0,2,1.0,0.0,1.0,2,0.0,0.0,0.0,2,0.0,0.0,0.0,2
hex_cells,markov,alpha_async,lesion,plastic,0,0,0.58,0.2,0.01,0.5,0.6,0.6,False,0.32364078256151124,0.003887106807472729,0.32364078256151124,2,0.42647714254245706,0.001317880657278599,0.42647714254245706,2,0.058195798726849296,0.004797957642406283,0.058195798726849296,2,0.09817724398576955,0.009282815633630818,0.09817724398576955,2,0.0726752415594165,0.013274787249585036,0.0726752415594165,2,1.5575571635051375,0.0009245628835177536,1.5575571635051375,2,0.0563252663328733,0.0001345282770829596,0.0563252663328733,2,0.0,0.0,0.0,2,1.0,0.0,1.0,2,0.0,0.0,0.0,2,0.0,0.0,0.0,2
hex_cells,markov,alpha_async,lesion,plastic,0,0,0.58,0.2,0.016,0.5,0.6,0.6,False,0.2944759293359624,0.008970213422886987,0.2944759293359624,2,0.415274181720711,0.011298777630839954,0.415274181720711,2,0.0694814723071086,0.026051360635977818,0.0694814723071086,2,0.11639480785235023,0.015005420573753939,0.11639480785235023,2,0.08913075889692046,0.008058468348719398,0.08913075889692046,2,1.5267428813981547,0.002989225972955232,1.5267428813981547,2,0.0733269874252234,0.0020015913404221866,0.0733269874252234,2,0.0,0.0,0.0,2,1.0,0.0,1.0,2,0.0,0.0,0.0,2,0.0,0.0,0.0,2
hex_cells,markov,alpha_async,lesion,plastic,0,0,0.58,0.3,0.006,0.5,0.6,0.6,False,0.3231541700443321,0.0013463486568533255,0.3231541700443321,2,0.41182735083626326,0.004618385575182029,0.41182735083626326,2,0.0712386612544081,0.009398876380377631,0.0712386612544081,2,0.11748957694451115,0.0014040483932828093,0.11748957694451115,2,0.0911317527177037,0.013827018655646162,0.0911317527177037,2,1.577300115987342,0.005728189329426793,1.577300115987342,2,0.06087507835998425,0.0020979095043857166,0.06087507835998425,2,0.0,0.0,0.0,2,1.0,0.0,1.0,2,0.0,0.0,0.0,2,0.0,0.0,0.0,2
hex_cells,markov,alpha_async,lesion,plastic,0,0,0.58,0.3,0.01,0.5,0.6,0.6,False,0.3119725943035867,0.00022755372732911915,0.3119725943035867,2,0.412145629874749,0.003632112758874703,0.412145629874749,2,0.06673555312929305,0.002605172570782296,0.06673555312929305,2,0.10861073614596245,0.0049140189640726264,0.10861073614596245,2,0.08342806170039754,0.0076574447423867625,0.08342806170039754,2,1.5576259097569887,0.013577530485972059,1.5576259097569887,2,0.0639529637087044,0.003254446930342046,0.0639529637087044,2,0.0,0.0,0.0,2,1.0,0.0,1.0,2,0.0,0.0,0.0,2,0.0,0.0,0.0,2
hex_cells,markov,alpha_async,lesion,plastic,0,0,0.58,0.3,0.016,0.5,0.6,0.6,False,0.2971522240929379,0.006826775374071132,0.2971522240929379,2,0.41550311460672845,0.005347912303425369,0.41550311460672845,2,0.0725737312387357,0.012828693192429503,0.0725737312387357,2,0.1120228274650902,0.015645376852767012,0.1120228274650902,2,0.08304195996526939,0.007589615967635553,0.08304195996526939,2,1.5347308344565076,0.004973980416455054,1.5347308344565076,2,0.06562471902874635,0.009188342706985844,0.06562471902874635,2,0.0,0.0,0.0,2,1.0,0.0,1.0,2,0.0,0.0,0.0,2,0.0,0.0,0.0,2
hex_cells,markov,alpha_async,lesion,plastic,0,0,0.58,0.4,0.006,0.5,0.6,0.6,False,0.32254981719109865,0.0033533944364522775,0.32254981719109865,2,0.4084344096031496,0.0018196064990323297,0.4084344096031496,2,0.06982941361363615,0.001546818512958082,0.06982941361363615,2,0.1146204077257032,0.0006660006496856869,0.1146204077257032,2,0.08735931466697244,0.01878838801076046,0.08735931466697244,2,1.5725150838597624,0.00727758119699349,1.5725150838597624,2,0.06710014262656445,0.0010129755899018643,0.06710014262656445,2,0.0,0.0,0.0,2,1.0,0.0,1.0,2,0.0,0.0,0.0,2,0.0,0.0,0.0,2
hex_cells,markov,alpha_async,lesion,plastic,0,0,0.58,0.4,0.01,0.5,0.6,0.6,False,0.3025376400154878,0.004889225781270715,0.3025376400154878,2,0.3996045789142471,0.004368981260048711,0.3996045789142471,2,0.07952501223935896,0.006368292153968698,0.07952501223935896,2,0.1202211632396995,0.008844861470635665,0.1202211632396995,2,0.08703986691167764,0.006905143545063695,0.08703986691167764,2,1.556698983476803,0.002787101434491882,1.556698983476803,2,0.07369255863931745,0.0021783226534870196,0.07369255863931745,2,0.0,0.0,0.0,2,1.0,0.0,1.0,2,0.0,0.0,0.0,2,0.0,0.0,0.0,2
hex_cells,markov,alpha_async,lesion,plastic,0,0,0.58,0.4,0.016,0.5,0.6,0.6,False,0.2919316473869926,0.0038766615691968173,0.2919316473869926,2,0.40404851936611275,0.010194759671803126,0.40404851936611275,2,0.0642722827916399,0.008213343231299635,0.0642722827916399,2,0.11682855121240675,0.005330694661791855,0.11682855121240675,2,0.0932292542446429,0.005227467370459189,0.0932292542446429,2,1.534377586438188,0.002224069247452032,1.534377586438188,2,0.07637001173357405,0.0033819078643572923,0.07637001173357405,2,0.0,0.0,0.0,2,1.0,0.0,1.0,2,0.0,0.0,0.0,2,0.0,0.0,0.0,2
hex_cells,markov,alpha_async,lesion,plastic,0,0,0.62,0.2,0.006,0.5,0.6,0.6,False,0.3536362521840291,0.00026480755096718446,0.3536362521840291,2,0.44327077845071855,0.003751688558563945,0.44327077845071855,2,0.03724104181020095,0.005217244011948867,0.03724104181020095,2,0.07916085354631935,0.0005262268342820252,0.07916085354631935,2,0.0626020863422807,0.005627046997185398,0.0626020863422807,2,1.5577544345354455,0.005103881261226486,1.5577544345354455,2,0.044151241450315445,0.0008119952841014713,0.044151241450315445,2,0.0,0.0,0.0,2,1.0,0.0,1.0,2,0.0,0.0,0.0,2,0.0,0.0,0.0,2
hex_cells,markov,alpha_async,lesion,plastic,0,0,0.62,0.2,0.01,0.5,0.6,0.6,False,0.3426192299807085,0.0022454689324077123,0.3426192299807085,2,0.45212206918604814,0.0008718307112806724,0.45212206918604814,2,0.0282705770617807,0.0018288081860519457,0.0282705770617807,2,0.07969353140818744,0.004644533871317131,0.07969353140818744,2,0.061362701049345755,0.008004187422976487,0.061362701049345755,2,1.5508587213480958,0.008187146529171529,1.5508587213480958,2,0.04291242419168345,0.004227704574850883,0.04291242419168345,2,0.0,0.0,0.0,2,1.0,0.0,1.0,2,0.0,0.0,0.0,2,0.0,0.0,0.0,2
hex_cells,markov,alpha_async,lesion,plastic,0,0,0.62,0.2,0.016,0.5,0.6,0.6,False,0.330060997980395,0.0026958020656151142,0.330060997980395,2,0.45527740140984674,0.0015142005968214218,0.45527740140984674,2,0.048056835193376696,0.005643586207534479,0.048056835193376696,2,0.08943349984951354,0.0031417165346582644,0.08943349984951354,2,0.07622070748474255,0.008084210509747973,0.07622070748474255,2,1.5347560487068228,0.0029270464264964813,1.5347560487068228,2,0.049372987525085246,0.00010519032115975282,0.049372987525085246,2,0.0,0.0,0.0,2,1.0,0.0,1.0,2,0.0,0.0,0.0,2,0.0,0.0,0.0,2
hex_cells,markov,alpha_async,lesion,plastic,0,0,0.62,0.3,0.006,0.5,0.6,0.6,False,0.3423488047382267,0.0011602517417492499,0.3423488047382267,2,0.43391692509767843,0.003630143081991272,0.43391692509767843,2,0.0653968800049955,0.007290301074182192,0.0653968800049955,2,0.1038447294477098,0.0042671661358781,0.1038447294477098,2,0.07044809910680966,0.004278519686511817,0.07044809910680966,2,1.56117892252321,0.031993454563625456,1.56117892252321,2,0.052459996025467595,0.010076547376551951,0.052459996025467595,2,0.0,0.0,0.0,2,1.0,0.0,1.0,2,0.0,0.0,0.0,2,0.0,0.0,0.0,2
hex_cells,markov,alpha_async,lesion,plastic,0,0,0.62,0.3,0.01,0.5,0.6,0.6,False,0.33424485746259136,0.003963665608654665,0.33424485746259136,2,0.44290176501695855,0.01143209399082244,0.44290176501695855,2,0.033273969379344445,0.016950625168193303,0.033273969379344445,2,0.0825468365051311,0.004748894712847905,0.0825468365051311,2,0.06810135102494069,0.0018587376642215591,0.06810135102494069,2,1.5508457936983577,0.011739619191393432,1.5508457936983577,2,0.0480464842130435,0.004448928358160181,0.0480464842130435,2,0.0,0.0,0.0,2,1.0,0.0,1.0,2,0.0,0.0,0.0,2,0.0,0.0,0.0,2
hex_cells,markov,alpha_async,lesion,plastic,0,0,0.62,0.3,0.016,0.5,0.6,0.6,False,0.3064017987963815,0.013400330222956362,0.3064017987963815,2,0.42389477924440444,0.01771566556292754,0.42389477924440444,2,0.0529955019076035,0.0012591502633909955,0.0529955019076035,2,0.1000950359002363,0.006598682267361729,0.1000950359002363,2,0.0867655387100095,0.008285028337488457,0.0867655387100095,2,1.5367008723372688,0.002706637932750457,1.5367008723372688,2,0.06307187539716995,0.009240961642062053,0.06307187539716995,2,0.0,0.0,0.0,2,1.0,0.0,1.0,2,0.0,0.0,0.0,2,0.0,0.0,0.0,2
hex_cells,markov,alpha_async,lesion,plastic,0,0,0.62,0.4,0.006,0.5,0.6,0.6,False,0.3338848101348202,0.0029445471318800542,0.3338848101348202,2,0.4270961829299047,0.002512210810057807,0.4270961829299047,2,0.06874409084737115,0.017818058773617158,0.06874409084737115,2,0.10886771599709735,0.007551702612229512,0.10886771599709735,2,0.07489332386597025,0.004976149668280109,0.07489332386597025,2,1.5674879145283003,0.0031247580264186442,1.5674879145283003,2,0.05654438069461025,0.000962450810663496,0.05654438069461025,2,0.0,0.0,0.0,2,1.0,0.0,1.0,2,0.0,0.0,0.0,2,0.0,0.0,0.0,2
hex_cells,markov,alpha_async,lesion,plastic,0,0,0.62,0.4,0.01,0.5,0.6,0.6,False,0.3268055752437913,0.005871754177766336,0.3268055752437913,2,0.430795754020602,0.006737274306906224,0.430795754020602,2,0.05162066410260605,0.010579538914709209,0.05162066410260605,2,0.09493171984660276,0.00161674211516895,0.09493171984660276,2,0.07636242635805304,0.00397325367015162,0.07636242635805304,2,1.5555869158504032,0.009288750514175171,1.5555869158504032,2,0.05420162963079575,0.007563728975108156,0.05420162963079575,2,0.0,0.0,0.0,2,1.0,0.0,1.0,2,0.0,0.0,0.0,2,0.0,0.0,0.0,2
hex_cells,markov,alpha_async,lesion,plastic,0,0,0.62,0.4,0.016,0.5,0.6,0.6,False,0.31064349971143346,0.0008978217066414035,0.31064349971143346,2,0.43434228711981804,0.005515228783018322,0.43434228711981804,2,0.0501044131915445,0.009544455837817515,0.0501044131915445,2,0.09771253051783224,0.003860828892149774,0.09771253051783224,2,0.0825164607823649,0.0023376052385555134,0.0825164607823649,2,1.5380939823282507,0.006454849989847942,1.5380939823282507,2,0.06040915431385965,0.0020188296864824457,0.06040915431385965,2,0.0,0.0,0.0,2,1.0,0.0,1.0,2,0.0,0.0,0.0,2,0.0,0.0,0.0,2
hex_cells,markov,alpha_async,lesion,plastic,0,0,0.68,0.2,0.006,0.5,0.6,0.6,False,0.3724074989392163,0.0014014140016924562,0.3724074989392163,2,0.4703711643980123,0.000782131263867677,0.4703711643980123,2,0.02227300554944795,0.011300369013376346,0.02227300554944795,2,0.06139876219852005,0.0116785664393854,0.06139876219852005,2,0.0501470202527724,0.011413885725095269,0.0501470202527724,2,1.5390507702339997,0.020554249252889897,1.5390507702339997,2,0.038165513704500095,0.0026615620127004446,0.038165513704500095,2,0.0,0.0,0.0,2,1.0,0.0,1.0,2,0.0,0.0,0.0,2,0.0,0.0,0.0,2
hex_cells,markov,alpha_async,lesion,plastic,0,0,0.68,0.2,0.01,0.5,0.6,0.6,False,0.3607507886980063,0.001001516775648312,0.3607507886980063,2,0.47746733396296814,0.0029567838231893064,0.47746733396296814,2,0.03013876129344615,0.010527495160112981,0.03013876129344615,2,0.07355060196962421,0.008357490006608537,0.07355060196962421,2,0.04640030186187185,0.0029805066081243585,0.04640030186187185,2,1.536146930742753,0.01797921501981379,1.536146930742753,2,0.04489054824222155,0.006183035331978551,0.04489054824222155,2,0.0,0.0,0.0,2,1.0,0.0,1.0,2,0.0,0.0,0.0,2,0.0,0.0,0.0,2
hex_cells,markov,alpha_async,lesion,plastic,0,0,0.68,0.2,0.016,0.5,0.6,0.6,False,0.34384680440798376,0.004910467105571095,0.34384680440798376,2,0.4703432524993128,0.005597047844226334,0.4703432524993128,2,0.0384580094532018,0.0002228617309133518,0.0384580094532018,2,0.06981417156972775,0.0024555591395664664,0.06981417156972775,2,0.060599937153288104,0.004029528333364976,0.060599937153288104,2,1.5269304018815832,0.003368338138948768,1.5269304018815832,2,0.05039065013970495,0.0016542063323646205,0.05039065013970495,2,0.0,0.0,0.0,2,1.0,0.0,1.0,2,0.0,0.0,0.0,2,0.0,0.0,0.0,2
hex_cells,markov,alpha_async,lesion,plastic,0,0,0.68,0.3,0.006,0.5,0.6,0.6,False,0.3694103103378462,0.002709098289937301,0.3694103103378462,2,0.4615405697971585,0.01337355314290951,0.4615405697971585,2,0.02517703116438565,0.005176550047005245,0.02517703116438565,2,0.0666371190732301,0.008254292962345077,0.0666371190732301,2,0.0590986059494225,0.008066992509908796,0.0590986059494225,2,1.552447955319105,0.018563584684015384,1.552447955319105,2,0.0452877391099637,0.008101358653368102,0.0452877391099637,2,0.0,0.0,0.0,2,1.0,0.0,1.0,2,0.0,0.0,0.0,2,0.0,0.0,0.0,2
hex_cells,markov,alpha_async,lesion,plastic,0,0,0.68,0.3,0.01,0.5,0.6,0.6,False,0.3538156504520673,0.002958689774709823,0.3538156504520673,2,0.4650342625416102,0.010322695540035334,0.4650342625416102,2,0.020016807377320853,0.001180193649105294,0.020016807377320853,2,0.0719255726975616,0.005176142864181084,0.0719255726975616,2,0.0564335156901849,0.007878963659668394,0.0564335156901849,2,1.5432575367326828,0.010860041851077024,1.5432575367326828,2,0.04376052856830915,0.0051684442311303305,0.04376052856830915,2,0.0,0.0,0.0,2,1.0,0.0,1.0,2,0.0,0.0,0.0,2,0.0,0.0,0.0,2
hex_cells,markov,alpha_async,lesion,plastic,0,0,0.68,0.3,0.016,0.5,0.6,0.6,False,0.33803780233354386,0.0037252416709218483,0.33803780233354386,2,0.4706063283541533,0.004559064443318171,0.4706063283541533,2,0.031264133930880095,0.009428037437674527,0.031264133930880095,2,0.07402285624572355,0.0020094380050779,0.07402285624572355,2,0.061474993288751445,0.012496252059647137,0.061474993288751445,2,1.5278188078890769,0.00417856794606031,1.5278188078890769,2,0.042791687018038205,0.0039027463942928145,0.042791687018038205,2,0.0,0.0,0.0,2,1.0,0.0,1.0,2,0.0,0.0,0.0,2,0.0,0.0,0.0,2
hex_cells,markov,alpha_async,lesion,plastic,0,0,0.68,0.4,0.006,0.5,0.6,0.6,False,0.3586741693111738,0.0021568590884895843,0.3586741693111738,2,0.4625814703118971,0.009223797319752064,0.4625814703118971,2,0.030516678298773296,0.017779623670348108,0.030516678298773296,2,0.0746555096617133,0.009996410877650585,0.0746555096617133,2,0.056534738580076405,0.0056591700219202025,0.056534738580076405,2,1.5520585885888178,0.02204789922166898,1.5520585885888178,2,0.04608483320568635,0.005752148167294976,0.04608483320568635,2,0.0,0.0,0.0,2,1.0,0.0,1.0,2,0.0,0.0,0.0,2,0.0,0.0,0.0,2
hex_cells,markov,alpha_async,lesion,plastic,0,0,0.68,0.4,0.01,0.5,0.6,0.6,False,0.34856503921205373,0.005943658523115035,0.34856503921205373,2,0.46312323402062255,0.01587224305875922,0.46312323402062255,2,0.025588126365371302,0.010104986708904352,0.025588126365371302,2,0.07360870298365085,0.009065224744205585,0.07360870298365085,2,0.05778411716557355,0.002289299732754209,0.05778411716557355,2,1.5317226575623832,0.007825765056395264,1.5317226575623832,2,0.041769312184807506,0.006610869776185415,0.041769312184807506,2,0.0,0.0,0.0,2,1.0,0.0,1.0,2,0.0,0.0,0.0,2,0.0,0.0,0.0,2
hex_cells,markov,alpha_async,lesion,plastic,0,0,0.68,0.4,0.016,0.5,0.6,0.6,False,0.33685893808574946,0.010394848508575135,0.33685893808574946,2,0.46657163156473913,0.009377754689205802,0.46657163156473913,2,0.0468458244710242,0.007344120428127212,0.0468458244710242,2,0.08193954482587165,0.009758996411987362,0.08193954482587165,2,0.06784424646789615,0.010099509701232395,0.06784424646789615,2,1.5314535392735444,0.005530311508833652,1.5314535392735444,2,0.0499824954055315,0.0028630211506153135,0.0499824954055315,2,0.0,0.0,0.0,2,1.0,0.0,1.0,2,0.0,0.0,0.0,2,0.0,0.0,0.0,2
hex_cells,ql,alpha_async,lesion,plastic,0,0,0.58,0.2,0.006,0.5,0.6,0.6,False,0.433282168626999,0.00033486917463496123,0.433282168626999,2,0.5961616551523584,0.011236886449514105,0.5961616551523584,2,0.007788466570414349,0.012359919120767613,0.007788466570414349,2,0.0204077853169682,0.004604441025332428,0.0204077853169682,2,-0.00219431736437455,0.003956122740665027,-0.00219431736437455,2,1.29964142613552,0.0017218875724829695,1.29964142613552,2,0.0212870781171398,0.005449159285040959,0.0212870781171398,2,0.29920796769580016,0.0008092307019250784,0.29920796769580016,2,1.0,0.0,1.0,2,0.0,0.0,0.0,2,0.0,0.0,0.0,2
hex_cells,ql,alpha_async,lesion,plastic,0,0,0.58,0.2,0.01,0.5,0.6,0.6,False,0.42647298807776346,0.0012332303605547238,0.42647298807776346,2,0.5972954920242557,0.0018652904714988676,0.5972954920242557,2,0.00938958622287255,0.0036752079327784714,0.00938958622287255,2,0.01628527733050325,0.002518134218078299,0.01628527733050325,2,-0.0064057828044438,0.0038520517099213188,-0.0064057828044438,2,1.332108195541607,0.010389029765803685,1.332108195541607,2,0.01801673326151745,0.0008308590621308946,0.01801673326151745,2,0.29878757881205786,0.002137143588552593,0.29878757881205786,2,1.0,0.0,1.0,2,0.0,0.0,0.0,2,0.0,0.0,0.0,2
hex_cells,ql,alpha_async,lesion,plastic,0,0,0.58,0.2,0.016,0.5,0.6,0.6,False,0.4206561683232072,0.00021179445335759545,0.4206561683232072,2,0.6089631367805182,0.0011920554022651522,0.6089631367805182,2,-0.0126686257535634,0.016163767854933765,-0.0126686257535634,2,0.0034779033931102996,0.014344800979265694,0.0034779033931102996,2,-0.0097505950975262,0.0025799477126547555,-0.0097505950975262,2,1.3257079101916545,0.01179579993501709,1.3257079101916545,2,0.0196065218957693,0.005596017286146741,0.0196065218957693,2,0.295551244696345,0.0016910345717720023,0.295551244696345,2,1.0,0.0,1.0,2,0.0,0.0,0.0,2,0.0,0.0,0.0,2
hex_cells,ql,alpha_async,lesion,plastic,0,0,0.58,0.3,0.006,0.5,0.6,0.6,False,0.43042465877833325,0.0008369516409695026,0.43042465877833325,2,0.5946925302164663,0.006454715019590837,0.5946925302164663,2,0.00832520769406515,0.0016978406932514237,0.00832520769406515,2,0.02305359425133635,0.0008865804823542777,0.02305359425133635,2,-0.007037019460806601,0.011224194921769466,-0.007037019460806601,2,1.3152506546906233,0.023178218678117757,1.3152506546906233,2,0.018518983941522398,0.004722104400028376,0.018518983941522398,2,0.29983713803521655,0.00025375285614138814,0.29983713803521655,2,1.0,0.0,1.0,2,0.0,0.0,0.0,2,0.0,0.0,0.0,2
hex_cells,ql,alpha_async,lesion,plastic,0,0,0.58,0.3,0.01,0.5,0.6,0.6,False,0.42583307580119034,8.996545035936923e-05,0.42583307580119034,2,0.5984275212845042,0.00027953436416758726,0.5984275212845042,2,0.011171233590502101,0.0093052395404701,0.011171233590502101,2,0.014933846394517749,5.0033147540861934e-05,0.014933846394517749,2,-0.0077576213175768495,0.004814888631048844,-0.0077576213175768495,2,1.3298087193221426,0.0072549043187900945,1.3298087193221426,2,0.01873148409263425,0.003402244706551995,0.01873148409263425,2,0.29756383559910593,0.0002881922213319816,0.29756383559910593,2,1.0,0.0,1.0,2,0.0,0.0,0.0,2,0.0,0.0,0.0,2
hex_cells,ql,alpha_async,lesion,plastic,0,0,0.58,0.3,0.016,0.5,0.6,0.6,False,0.41822705861314047,0.002764469165157904,0.41822705861314047,2,0.6135018285110201,0.0014808378241972623,0.6135018285110201,2,-6.838915522194996e-05,0.0013698422705656522,-6.838915522194996e-05,2,0.0161142712434662,0.0024409019925462363,0.0161142712434662,2,-0.0050211843467394,0.0018949523330725933,-0.0050211843467394,2,1.3190936725423519,0.01834941345446889,1.3190936725423519,2,0.02032719822231505,0.0037755689638667572,0.02032719822231505,2,0.2956398152533818,0.0037445366839881167,0.2956398152533818,2,1.0,0.0,1.0,2,0.0,0.0,0.0,2,0.0,0.0,0.0,2
hex_cells,ql,alpha_async,lesion,plastic,0,0,0.58,0.4,0.006,0.5,0.6,0.6,False,0.43032170123066793,0.0007522313663976225,0.43032170123066793,2,0.5892209596921898,0.007949017153309198,0.5892209596921898,2,0.00409853054342655,0.01300111316530102,0.00409853054342655,2,0.017928054773138198,0.0044560571254163,0.017928054773138198,2,-0.00411167293545805,0.009483502033364075,-0.00411167293545805,2,1.3103017361866582,0.003577325765040463,1.3103017361866582,2,0.0193413183646777,0.0024908705888550026,0.0193413183646777,2,0.30088419896393714,0.002362923739924737,0.30088419896393714,2,1.0,0.0,1.0,2,0.0,0.0,0.0,2,0.0,0.0,0.0,2
hex_cells,ql,alpha_async,lesion,plastic,0,0,0.58,0.4,0.01,0.5,0.6,0.6,False,0.4244090740459614,0.0009799158438463344,0.4244090740459614,2,0.5941976177126702,0.00360470328890621,0.5941976177126702,2,-0.0013902490429669998,0.0056493171790553565,-0.0013902490429669998,2,0.0148276948256344,0.004067723808227736,0.0148276948256344,2,-0.00394169457094015,0.005904422081288024,-0.00394169457094015,2,1.3293551060395847,0.01487884194694301,1.3293551060395847,2,0.0168595106266817,0.0035333514511295024,0.0168595106266817,2,0.2991531481116535,0.0008855800921265295,0.2991531481116535,2,1.0,0.0,1.0,2,0.0,0.0,0.0,2,0.0,0.0,0.0,2
hex_cells,ql,alpha_async,lesion,plastic,0,0,0.58,0.4,0.016,0.5,0.6,0.6,False,0.41456697990054575,0.0029253310035529637,0.41456697990054575,2,0.6106082807594553,0.007771745756722105,0.6106082807594553,2,-0.0009895542145593,0.004492639377602164,-0.0009895542145593,2,0.0114960443087667,0.005455936226124678,0.0114960443087667,2,0.00110236642044135,0.005574243934226519,0.00110236642044135,2,1.3474899116039936,0.021595553057020662,1.3474899116039936,2,0.017618465087522052,0.0029736737708395953,0.017618465087522052,2,0.29858332441705365,0.003266615342044756,0.29858332441705365,2,1.0,0.0,1.0,2,0.0,0.0,0.0,2,0.0,0.0,0.0,2
hex_cells,ql,alpha_async,lesion,plastic,0,0,0.62,0.2,0.006,0.5,0.6,0.6,False,0.4352169655177909,0.0006970361534275039,0.4352169655177909,2,0.5859535983199823,0.006182350993548587,0.5859535983199823,2,0.0084719524462794,0.002730794323014528,0.0084719524462794,2,0.015884727143514,0.0026315295607802903,0.015884727143514,2,-0.0027977428419763495,0.009128088707247918,-0.0027977428419763495,2,1.3060140530917743,0.005279193246633601,1.3060140530917743,2,0.02248551679835075,0.008106075597278257,0.02248551679835075,2,0.2939766527392491,0.0012698622062383492,0.2939766527392491,2,1.0,0.0,1.0,2,0.0,0.0,0.0,2,0.0,0.0,0.0,2
hex_cells,ql,alpha_async,lesion,plastic,0,0,0.62,0.2,0.01,0.5,0.6,0.6,False,0.42922806023285687,0.0022970547869773815,0.42922806023285687,2,0.5928964699483981,0.0033007669310935283,0.5928964699483981,2,-0.00434598723807195,0.0007906266483468505,-0.00434598723807195,2,0.0104470762465199,0.003000602685392639,0.0104470762465199,2,-0.00858979106577215,0.0064072428427748235,-0.00858979106577215,2,1.317112228108789,0.002309956548195436,1.317112228108789,2,0.02140176382321865,0.0007153789653811831,0.02140176382321865,2,0.2919876513221667,0.0013123043266958484,0.2919876513221667,2,1.0,0.0,1.0,2,0.0,0.0,0.0,2,0.0,0.0,0.0,2
hex_cells,ql,alpha_async,lesion,plastic,0,0,0.62,0.2,0.016,0.5,0.6,0.6,False,0.42184787114554956,0.0008118713604976763,0.42184787114554956,2,0.6126539915610569,0.0046835535935772065,0.6126539915610569,2,-0.0078122949025206,0.00812922364429583,-0.0078122949025206,2,0.0035177320336977004,0.006733080258154901,0.0035177320336977004,2,-0.00856805608518375,0.0007330741828675767,-0.00856805608518375,2,1.3257580805369482,0.004750124124416119,1.3257580805369482,2,0.0229536487583782,0.007897215582404651,0.0229536487583782,2,0.2917685766568415,0.0003558445765867201,0.2917685766568415,2,1.0,0.0,1.0,2,0.0,0.0,0.0,2,0.0,0.0,0.0,2
hex_cells,ql,alpha_async,lesion,plastic,0,0,0.62,0.3,0.006,0.5,0.6,0.6,False,0.4341474812416146,0.004059385379370621,0.4341474812416146,2,0.5898962680582835,0.0025095572982739957,0.5898962680582835,2,0.0016822989731886,0.0011612023433201677,0.0016822989731886,2,0.0160674798987478,0.0010786570753212445,0.0160674798987478,2,-0.0022946807299701003,0.009471254945263437,-0.0022946807299701003,2,1.3046044260662928,0.01243720253009691,1.3046044260662928,2,0.0238777493359059,0.005738993288007097,0.0238777493359059,2,0.2953779831736457,0.00020714744887301528,0.2953779831736457,2,1.0,0.0,1.0,2,0.0,0.0,0.0,2,0.0,0.0,0.0,2
hex_cells,ql,alpha_async,lesion,plastic,0,0,0.62,0.3,0.01,0.5,0.6,0.6,False,0.42725326139354025,0.0018098174248156653,0.42725326139354025,2,0.5989022016105595,0.00211995791974058,0.5989022016105595,2,-0.0054668712095638,0.0026648462579779444,-0.0054668712095638,2,0.00558506229497565,0.0020301526219824646,0.00558506229497565,2,0.00022833842419270003,0.001590992702652931,0.00022833842419270003,2,1.326865387275605,0.006114856343407835,1.326865387275605,2,0.01991808107110805,0.0022642446299998924,0.01991808107110805,2,0.2931900286459413,0.00010695577489950777,0.2931900286459413,2,1.0,0.0,1.0,2,0.0,0.0,0.0,2,0.0,0.0,0.0,2
hex_cells,ql,alpha_async,lesion,plastic,0,0,0.62,0.3,0.016,0.5,0.6,0.6,False,0.4212175853009552,0.004013522854292706,0.4212175853009552,2,0.6176930965634149,0.0031154684118614297,0.6176930965634149,2,-0.00838498358969335,0.005726894440931987,-0.00838498358969335,2,0.0045860265447665504,0.003072736341965923,0.0045860265447665504,2,-0.0017996953019510998,0.0037828273972788035,-0.0017996953019510998,2,1.3180578514786476,0.0005093041790474457,1.3180578514786476,2,0.01865325587845085,0.0068219528606997355,0.01865325587845085,2,0.2892310575986795,0.0014149611031357445,0.2892310575986795,2,1.0,0.0,1.0,2,0.0,0.0,0.0,2,0.0,0.0,0.0,2
hex_cells,ql,alpha_async,lesion,plastic,0,0,0.62,0.4,0.006,0.5,0.6,0.6,False,0.43404085974306683,0.00047585350727072644,0.43404085974306683,2,0.5894831202905721,0.0029966932896193293,0.5894831202905721,2,0.0071801777465518,0.0042182513710269385,0.0071801777465518,2,0.0182099763779833,0.000407223676128676,0.0182099763779833,2,-0.00231389867251795,0.003533977201400216,-0.00231389867251795,2,1.308476042323103,0.006058272985650967,1.308476042323103,2,0.030462771785859752,0.020612666489437482,0.030462771785859752,2,0.2957350010040922,0.00017731055085572556,0.2957350010040922,2,1.0,0.0,1.0,2,0.0,0.0,0.0,2,0.0,0.0,0.0,2
hex_cells,ql,alpha_async,lesion,plastic,0,0,0.62,0.4,0.01,0.5,0.6,0.6,False,0.42672594612166714,0.0019349137166095323,0.42672594612166714,2,0.6030159942164444,0.0010657919025616968,0.6030159942164444,2,0.00237677958269465,0.002152209080269817,0.00237677958269465,2,0.01256256397300795,0.0015677096197971518,0.01256256397300795,2,-0.00828512544359815,0.00028250876751774337,-0.00828512544359815,2,1.3117303387920107,0.0028284504924464644,1.3117303387920107,2,0.024753434069765053,0.00574218446743316,0.024753434069765053,2,0.29209789728789726,0.00065508185627383,0.29209789728789726,2,1.0,0.0,1.0,2,0.0,0.0,0.0,2,0.0,0.0,0.0,2
hex_cells,ql,alpha_async,lesion,plastic,0,0,0.62,0.4,0.016,0.5,0.6,0.6,False,0.4196146619213369,0.0003901889614348146,0.4196146619213369,2,0.6167915822471092,0.0038870078375478623,0.6167915822471092,2,0.0014921052398200502,0.004415096659835065,0.0014921052398200502,2,0.01584794785832805,0.0059727193043758306,0.01584794785832805,2,-0.0108938861797562,0.005544491874409685,-0.0108938861797562,2,1.326696725410334,0.01076549760068453,1.326696725410334,2,0.02163517227132325,0.004951747126243886,0.02163517227132325,2,0.29026282827924843,0.001159051471776704,0.29026282827924843,2,1.0,0.0,1.0,2,0.0,0.0,0.0,2,0.0,0.0,0.0,2
hex_cells,ql,alpha_async,lesion,plastic,0,0,0.68,0.2,0.006,0.5,0.6,0.6,False,0.44178512945085824,0.0021875325100943624,0.44178512945085824,2,0.5901070029322064,0.005660147218606252,0.5901070029322064,2,0.0064050404057642,0.014812796420399071,0.0064050404057642,2,0.006997475673525801,0.005140252605857132,0.006997475673525801,2,-0.0029189458912079,0.005235204466895341,-0.0029189458912079,2,1.2901300604704158,0.01072246302824436,1.2901300604704158,2,0.01763713133631825,0.002132271624834666,0.01763713133631825,2,0.2862376356911121,0.0017044452784443275,0.2862376356911121,2,1.0,0.0,1.0,2,0.0,0.0,0.0,2,0.0,0.0,0.0,2
hex_cells,ql,alpha_async,lesion,plastic,0,0,0.68,0.2,0.01,0.5,0.6,0.6,False,0.4343852588904526,0.00012466763672732426,0.4343852588904526,2,0.5952854221738993,0.006241020557013098,0.5952854221738993,2,0.00580253766254875,0.01014065530629558,0.00580253766254875,2,0.0069580597407347,0.0027917948777005114,0.0069580597407347,2,-0.0084156095527386,0.005940523239493033,-0.0084156095527386,2,1.2997896118593881,0.01063317662382028,1.2997896118593881,2,0.02869331817961935,0.005206728892878553,0.02869331817961935,2,0.2820243217645978,0.0008346013054126882,0.2820243217645978,2,1.0,0.0,1.0,2,0.0,0.0,0.0,2,0.0,0.0,0.0,2
hex_cells,ql,alpha_async,lesion,plastic,0,0,0.68,0.2,0.016,0.5,0.6,0.6,False,0.42996255611574286,0.0007275137698366271,0.42996255611574286,2,0.6078628704470602,0.0011437511531276593,0.6078628704470602,2,0.0009754352560263999,0.008198159805749838,0.0009754352560263999,2,-0.003820021548438405,0.005338686514202549,-0.003820021548438405,2,-0.0005357202381258999,0.002800017615407599,-0.0005357202381258999,2,1.3008760110523263,0.004518932488596093,1.3008760110523263,2,0.028786476228049848,0.010918866980245042,0.028786476228049848,2,0.28115208447100903,0.00013800642963464953,0.28115208447100903,2,1.0,0.0,1.0,2,0.0,0.0,0.0,2,0.0,0.0,0.0,2
hex_cells,ql,alpha_async,lesion,plastic,0,0,0.68,0.3,0.006,0.5,0.6,0.6,False,0.43929484576753425,0.0023748770060693512,0.43929484576753425,2,0.5839645696548927,9.433820909471019e-05,0.5839645696548927,2,0.0084538174786418,0.0037871407561263625,0.0084538174786418,2,0.011683686412104299,0.010155027338831168,0.011683686412104299,2,-0.0028569873548769,0.0016262037644628894,-0.0028569873548769,2,1.3030516469624294,0.03712033338346405,1.3030516469624294,2,0.026181542855738302,0.0007678669529282264,0.026181542855738302,2,0.2858763029550556,0.0018671347022367094,0.2858763029550556,2,1.0,0.0,1.0,2,0.0,0.0,0.0,2,0.0,0.0,0.0,2
hex_cells,ql,alpha_async,lesion,plastic,0,0,0.68,0.3,0.01,0.5,0.6,0.6,False,0.4328400861577098,0.0024096691097891853,0.4328400861577098,2,0.5966082938083614,0.008377666171350148,0.5966082938083614,2,0.0036239562035673997,0.004879519918956254,0.0036239562035673997,2,0.00718013945431005,0.00265348612167283,0.00718013945431005,2,-0.005828534939306049,0.0009876662794328424,-0.005828534939306049,2,1.3182483729878216,0.01734727403181677,1.3182483729878216,2,0.024249134229634803,0.0030179588986628697,0.024249134229634803,2,0.28549592431116466,0.0009552200146452425,0.28549592431116466,2,1.0,0.0,1.0,2,0.0,0.0,0.0,2,0.0,0.0,0.0,2
hex_cells,ql,alpha_async,lesion,plastic,0,0,0.68,0.3,0.016,0.5,0.6,0.6,False,0.4268315813051372,0.0019967531505666104,0.4268315813051372,2,0.6179419342287171,0.0076670517498121935,0.6179419342287171,2,-9.401717855900011e-05,0.017597640157509684,-9.401717855900011e-05,2,0.0040869692600725,0.0064724827026127404,0.0040869692600725,2,-0.0033790630894010997,0.005707178599642845,-0.0033790630894010997,2,1.2870958522705722,0.027355506094257156,1.2870958522705722,2,0.01311759880885335,0.00011670237837569213,0.01311759880885335,2,0.28021872079447696,0.0005737648528480497,0.28021872079447696,2,1.0,0.0,1.0,2,0.0,0.0,0.0,2,0.0,0.0,0.0,2
hex_cells,ql,alpha_async,lesion,plastic,0,0,0.68,0.4,0.006,0.5,0.6,0.6,False,0.4388740833948723,0.004287751765374925,0.4388740833948723,2,0.5870284603642459,0.000248905082963485,0.5870284603642459,2,-0.004372918197458,0.007910723473419604,-0.004372918197458,2,0.00560222988679035,0.004756463147725554,0.00560222988679035,2,0.0016716275760640502,0.006371572944357818,0.0016716275760640502,2,1.299551874999151,0.015715108306438297,1.299551874999151,2,0.017301345412020948,0.0020625994911432992,0.017301345412020948,2,0.2869636210378044,0.0008046096924996158,0.2869636210378044,2,1.0,0.0,1.0,2,0.0,0.0,0.0,2,0.0,0.0,0.0,2
hex_cells,ql,alpha_async,lesion,plastic,0,0,0.68,0.4,0.01,0.5,0.6,0.6,False,0.4318459230022077,0.00050694320307635,0.4318459230022077,2,0.5992930816883627,0.004845506400052074,0.5992930816883627,2,0.00028200326613150037,0.006931872455330161,0.00028200326613150037,2,0.0096221403449107,0.007856014904487785,0.0096221403449107,2,-0.004260162334648795,0.0058956407049728,-0.004260162334648795,2,1.3066637152592393,0.009633882929173505,1.3066637152592393,2,0.02064259913526665,0.001481394878122799,0.02064259913526665,2,0.28562266072965253,0.0010550730766178767,0.28562266072965253,2,1.0,0.0,1.0,2,0.0,0.0,0.0,2,0.0,0.0,0.0,2
hex_cells,ql,alpha_async,lesion,plastic,0,0,0.68,0.4,0.016,0.5,0.6,0.6,False,0.428584853757246,0.0005616115549501222,0.428584853757246,2,0.6128009053925558,0.005616191715745615,0.6128009053925558,2,0.004415200498862551,0.016394375726717744,0.004415200498862551,2,0.006947681145718401,0.014683718786511948,0.006947681145718401,2,-0.00290209086789235,0.012895302485537703,-0.00290209086789235,2,1.29957981916115,0.013368898831212214,1.29957981916115,2,0.019657496171048,0.0006092836054299439,0.019657496171048,2,0.2819586468443933,0.0003648772229375363,0.2819586468443933,2,1.0,0.0,1.0,2,0.0,0.0,0.0,2,0.0,0.0,0.0,2
honeycomb,markov,alpha_async,lesion,plastic,0,0,0.58,0.2,0.006,0.5,0.6,0.6,False,0.11456899386464114,0.008903989191491471,0.11456899386464114,2,0.21345715815147182,0.017461064472654924,0.21345715815147182,2,0.32393572674317717,0.016939453518759476,0.32393572674317717,2,0.3550681136496999,0.02614096027206669,0.3550681136496999,2,0.3093353373850196,0.0050850094776940195,0.3093353373850196,2,0.9885540836995497,0.049313595898615205,0.9885540836995497,2,0.1339489234803456,0.011076634235076849,0.1339489234803456,2,0.0,0.0,0.0,2,1.0,0.0,1.0,2,0.0,0.0,0.0,2,0.0,0.0,0.0,2
honeycomb,markov,alpha_async,lesion,plastic,0,0,0.58,0.2,0.01,0.5,0.6,0.6,False,0.11682563302166166,0.0010770467752817792,0.11682563302166166,2,0.21707104884950706,0.00014378734581335062,0.21707104884950706,2,0.32845285830944965,0.0019446065102298607,0.32845285830944965,2,0.3584246456414546,0.013641056815658366,0.3584246456414546,2,0.3041843841441776,0.006832872491023882,0.3041843841441776,2,1.0060917247978147,0.00652674437874947,1.0060917247978147,2,0.1421074726758495,0.008514659112499028,0.1421074726758495,2,0.0,0.0,0.0,2,1.0,0.0,1.0,2,0.0,0.0,0.0,2,0.0,0.0,0.0,2
honeycomb,markov,alpha_async,lesion,plastic,0,0,0.58,0.2,0.016,0.5,0.6,0.6,False,0.11680436215291651,0.0017117804836396606,0.11680436215291651,2,0.2154559938446026,0.005673883225671462,0.2154559938446026,2,0.3337302565958282,0.03339376678338839,0.3337302565958282,2,0.3462822528418071,0.008179913091842432,0.3462822528418071,2,0.3051574866306609,0.005523637361477148,0.3051574866306609,2,1.0061432127922698,0.003832384320293757,1.0061432127922698,2,0.14459604860867087,0.004694845673695124,0.14459604860867087,2,0.0,0.0,0.0,2,1.0,0.0,1.0,2,0.0,0.0,0.0,2,0.0,0.0,0.0,2
honeycomb,markov,alpha_async,lesion,plastic,0,0,0.58,0.3,0.006,0.5,0.6,0.6,False,0.11701889713931016,0.01164306106151536,0.11701889713931016,2,0.2177154792569376,0.019717103024554962,0.2177154792569376,2,0.32683111932450126,0.04783487493631159,0.32683111932450126,2,0.34541816298602523,0.016245462455947646,0.34541816298602523,2,0.30133063364645635,0.008917281359437923,0.30133063364645635,2,1.0061427966927545,0.0685833493159968,1.0061427966927545,2,0.1385166895710578,0.010670497710281529,0.1385166895710578,2,0.0,0.0,0.0,2,1.0,0.0,1.0,2,0.0,0.0,0.0,2,0.0,0.0,0.0,2
honeycomb,markov,alpha_async,lesion,plastic,0,0,0.58,0.3,0.01,0.5,0.6,0.6,False,0.11282386158692981,0.00831890569878813,0.11282386158692981,2,0.2097235443190909,0.01171756612420186,0.2097235443190909,2,0.34197718623997103,0.013344685147815085,0.34197718623997103,2,0.35727870958869445,0.007520195371248133,0.35727870958869445,2,0.30661354599598634,0.0026200285581984496,0.30661354599598634,2,0.9787310134975612,0.04177665789187147,0.9787310134975612,2,0.14298682699872106,0.005119826316371374,0.14298682699872106,2,0.0,0.0,0.0,2,1.0,0.0,1.0,2,0.0,0.0,0.0,2,0.0,0.0,0.0,2
honeycomb,markov,alpha_async,lesion,plastic,0,0,0.58,0.3,0.016,0.5,0.6,0.6,False,0.11186412699867035,0.014199454412001423,0.11186412699867035,2,0.20976490761478783,0.025289049259048665,0.20976490761478783,2,0.32579267516149285,0.04357258628423885,0.32579267516149285,2,0.3565149160054758,0.04454439329591808,0.3565149160054758,2,0.3264679247956708,0.020344098194866572,0.3264679247956708,2,0.9744528433096994,0.08160567865467099,0.9744528433096994,2,0.134809999247882,0.000749842047799452,0.134809999247882,2,0.0,0.0,0.0,2,1.0,0.0,1.0,2,0.0,0.0,0.0,2,0.0,0.0,0.0,2
honeycomb,markov,alpha_async,lesion,plastic,0,0,0.58,0.4,0.006,0.5,0.6,0.6,False,0.10207122277017916,0.014587807465279322,0.10207122277017916,2,0.19013738804619784,0.0273891622065738,0.19013738804619784,2,0.3725608373811421,0.039376181225311245,0.3725608373811421,2,0.3784037068131748,0.04347090474801483,0.3784037068131748,2,0.3151207818767575,0.005317979301222876,0.3151207818767575,2,0.9234008306697269,0.08946128273435394,0.9234008306697269,2,0.13289617723825725,0.004139960974110986,0.13289617723825725,2,0.0,0.0,0.0,2,1.0,0.0,1.0,2,0.0,0.0,0.0,2,0.0,0.0,0.0,2
honeycomb,markov,alpha_async,lesion,plastic,0,0,0.58,0.4,0.01,0.5,0.6,0.6,False,0.1042924391859884,0.0041724975284023426,0.1042924391859884,2,0.1934082375429198,0.008776974341008454,0.1934082375429198,2,0.3375228099330161,0.013159014242933724,0.3375228099330161,2,0.3678837931019452,0.011203420547917961,0.3678837931019452,2,0.31806316722901007,0.020372188568586594,0.31806316722901007,2,0.9327006178239061,0.02647062217248474,0.9327006178239061,2,0.1349212756839232,0.001539948995187095,0.1349212756839232,2,0.0,0.0,0.0,2,1.0,0.0,1.0,2,0.0,0.0,0.0,2,0.0,0.0,0.0,2
honeycomb,markov,alpha_async,lesion,plastic,0,0,0.58,0.4,0.016,0.5,0.6,0.6,False,0.1069680090585737,0.0022376079071753066,0.1069680090585737,2,0.20090819442075003,0.0025374925259936004,0.20090819442075003,2,0.3372694792430938,0.03574654877165062,0.3372694792430938,2,0.35799061953845757,0.021507119459901875,0.35799061953845757,2,0.32440238013006917,0.005807258191993489,0.32440238013006917,2,0.9460453932962356,0.020747912661596722,0.9460453932962356,2,0.14026973729580589,0.005985181945876682,0.14026973729580589,2,0.0,0.0,0.0,2,1.0,0.0,1.0,2,0.0,0.0,0.0,2,0.0,0.0,0.0,2
honeycomb,markov,alpha_async,lesion,plastic,0,0,0.62,0.2,0.006,0.5,0.6,0.6,False,0.11697676278338875,0.0014846357760272915,0.11697676278338875,2,0.21382828143568833,0.0004976660700998358,0.21382828143568833,2,0.3248119371482395,0.012713029581597883,0.3248119371482395,2,0.35204063276579245,0.0036614508128606543,0.35204063276579245,2,0.2933635706160962,0.012909260158013705,0.2933635706160962,2,1.0101901277795915,0.016550440847279364,1.0101901277795915,2,0.1327661599139584,0.0022968442138056964,0.1327661599139584,2,0.0,0.0,0.0,2,1.0,0.0,1.0,2,0.0,0.0,0.0,2,0.0,0.0,0.0,2
honeycomb,markov,alpha_async,lesion,plastic,0,0,0.62,0.2,0.01,0.5,0.6,0.6,False,0.11291484207282435,0.005059863981285232,0.11291484207282435,2,0.20886134647112126,0.008944689874176914,0.20886134647112126,2,0.3235108804812601,0.03031304662680781,0.3235108804812601,2,0.3600882716255678,0.021947872079345298,0.3600882716255678,2,0.3065449305986115,0.03130610282462913,0.3065449305986115,2,0.9868225687549755,0.0232034918891321,0.9868225687549755,2,0.1384441742039711,0.006498220622270438,0.1384441742039711,2,0.0,0.0,0.0,2,1.0,0.0,1.0,2,0.0,0.0,0.0,2,0.0,0.0,0.0,2
honeycomb,markov,alpha_async,lesion,plastic,0,0,0.62,0.2,0.016,0.5,0.6,0.6,False,0.1181726590018139,0.008865113479007125,0.1181726590018139,2,0.21875249590510965,0.014283156091354844,0.21875249590510965,2,0.3143883499433257,0.02057364908782584,0.3143883499433257,2,0.34417736250313247,0.014060839573053329,0.34417736250313247,2,0.2892481073038655,0.0014091401696514196,0.2892481073038655,2,1.0171328196351705,0.04888789574735901,1.0171328196351705,2,0.14559564991184434,0.0061372857464091456,0.14559564991184434,2,0.0,0.0,0.0,2,1.0,0.0,1.0,2,0.0,0.0,0.0,2,0.0,0.0,0.0,2
honeycomb,markov,alpha_async,lesion,plastic,0,0,0.62,0.3,0.006,0.5,0.6,0.6,False,0.10827234605731795,0.0024857021058426946,0.10827234605731795,2,0.20119947996317383,0.0024663477965992863,0.20119947996317383,2,0.32597471125043326,0.013663774996077307,0.32597471125043326,2,0.35682263649533486,0.003921195089475947,0.35682263649533486,2,0.29580278908819724,0.032954385603631196,0.29580278908819724,2,0.9515451999684623,0.01766926252224524,0.9515451999684623,2,0.1385488321567829,0.011957084254585209,0.1385488321567829,2,0.0,0.0,0.0,2,1.0,0.0,1.0,2,0.0,0.0,0.0,2,0.0,0.0,0.0,2
honeycomb,markov,alpha_async,lesion,plastic,0,0,0.62,0.3,0.01,0.5,0.6,0.6,False,0.11652779728680435,0.001179409027466288,0.11652779728680435,2,0.21545251642277696,0.0008667265918500208,0.21545251642277696,2,0.34802880705572714,0.00361880501987476,0.34802880705572714,2,0.3576013218575383,0.006720172132028468,0.3576013218575383,2,0.2762205067561187,0.009729837346861506,0.2762205067561187,2,1.0056912668128017,0.006122846141526292,1.0056912668128017,2,0.14739360882605063,0.008566918848835677,0.14739360882605063,2,0.0,0.0,0.0,2,1.0,0.0,1.0,2,0.0,0.0,0.0,2,0.0,0.0,0.0,2
honeycomb,markov,alpha_async,lesion,plastic,0,0,0.62,0.3,0.016,0.5,0.6,0.6,False,0.11398794671243431,0.008716354256499472,0.11398794671243431,2,0.21030563796307578,0.01625327770108866,0.21030563796307578,2,0.31332500727864776,0.04779703630742841,0.31332500727864776,2,0.3484828782475418,0.033096565539207756,0.3484828782475418,2,0.31939679998122983,0.008749317172415574,0.31939679998122983,2,0.9844465384531537,0.034028952767341206,0.9844465384531537,2,0.1362854885185253,0.0034821000971791173,0.1362854885185253,2,0.0,0.0,0.0,2,1.0,0.0,1.0,2,0.0,0.0,0.0,2,0.0,0.0,0.0,2
honeycomb,markov,alpha_async,lesion,plastic,0,0,0.62,0.4,0.006,0.5,0.6,0.6,False,0.09690677516666321,0.0004690962288654605,0.09690677516666321,2,0.18104835589191495,0.0015045548632276345,0.18104835589191495,2,0.36779673961519543,0.007272043069267324,0.36779673961519543,2,0.39897252309477355,0.004898256651270049,0.39897252309477355,2,0.31516264219751533,0.01995780446769896,0.31516264219751533,2,0.8893256237883722,0.005845795391192453,0.8893256237883722,2,0.13550165566440459,0.004652342457615229,0.13550165566440459,2,0.0,0.0,0.0,2,1.0,0.0,1.0,2,0.0,0.0,0.0,2,0.0,0.0,0.0,2
honeycomb,markov,alpha_async,lesion,plastic,0,0,0.62,0.4,0.01,0.5,0.6,0.6,False,0.10394038498202715,0.004513781936255565,0.10394038498202715,2,0.1931794587245945,0.00937254766538573,0.1931794587245945,2,0.35434015148546105,0.01509259621715701,0.35434015148546105,2,0.3719879736697753,0.017091624788058216,0.3719879736697753,2,0.30651143194323593,0.0038170022511955447,0.30651143194323593,2,0.9321404872575967,0.032125268975304155,0.9321404872575967,2,0.13539572066200095,0.008583619201757587,0.13539572066200095,2,0.0,0.0,0.0,2,1.0,0.0,1.0,2,0.0,0.0,0.0,2,0.0,0.0,0.0,2
honeycomb,markov,alpha_async,lesion,plastic,0,0,0.62,0.4,0.016,0.5,0.6,0.6,False,0.10499796884582185,0.004628588665429584,0.10499796884582185,2,0.1940305354457484,0.009348397699154541,0.1940305354457484,2,0.375496172752654,0.009912810318542858,0.375496172752654,2,0.3765588847680913,0.0107808079143021,0.3765588847680913,2,0.3165489237516612,0.001898714041323189,0.3165489237516612,2,0.9446082037377421,0.024021475398143293,0.9446082037377421,2,0.1410388545108586,0.0021252259640196424,0.1410388545108586,2,0.0,0.0,0.0,2,1.0,0.0,1.0,2,0.0,0.0,0.0,2,0.0,0.0,0.0,2
honeycomb,markov,alpha_async,lesion,plastic,0,0,0.68,0.2,0.006,0.5,0.6,0.6,False,0.12320748830006961,0.006522258947714715,0.12320748830006961,2,0.22132056669949451,0.01286383136686746,0.22132056669949451,2,0.30775657446204363,0.029695459540570842,0.30775657446204363,2,0.33095623862850754,0.009139040199780518,0.33095623862850754,2,0.296721065507648,0.009130207824341558,0.296721065507648,2,1.0399221441783781,0.027837702969918644,1.0399221441783781,2,0.14320602265706023,0.008408085301191222,0.14320602265706023,2,0.0,0.0,0.0,2,1.0,0.0,1.0,2,0.0,0.0,0.0,2,0.0,0.0,0.0,2
honeycomb,markov,alpha_async,lesion,plastic,0,0,0.68,0.2,0.01,0.5,0.6,0.6,False,0.1258107221181533,0.017932537039800397,0.1258107221181533,2,0.22667658929432696,0.0355211330502405,0.22667658929432696,2,0.28168524315387067,0.038933778011473096,0.28168524315387067,2,0.3190313736559942,0.031236207335370397,0.3190313736559942,2,0.29277770372846323,0.012774254054902024,0.29277770372846323,2,1.0507265201657905,0.08648932280383606,1.0507265201657905,2,0.1415700527634382,0.005062679287101281,0.1415700527634382,2,0.0,0.0,0.0,2,1.0,0.0,1.0,2,0.0,0.0,0.0,2,0.0,0.0,0.0,2
honeycomb,markov,alpha_async,lesion,plastic,0,0,0.68,0.2,0.016,0.5,0.6,0.6,False,0.12102503912900615,0.030485127851601276,0.12102503912900615,2,0.22266390676370915,0.053499200056506754,0.22266390676370915,2,0.32039300736503606,0.08350097458802272,0.32039300736503606,2,0.33334674604533465,0.0688144982320169,0.33334674604533465,2,0.28077356474195736,0.02347131394060402,0.28077356474195736,2,1.0195336647881563,0.1643212336993372,1.0195336647881563,2,0.13495035688639423,0.01128649144109349,0.13495035688639423,2,0.0,0.0,0.0,2,1.0,0.0,1.0,2,0.0,0.0,0.0,2,0.0,0.0,0.0,2
honeycomb,markov,alpha_async,lesion,plastic,0,0,0.68,0.3,0.006,0.5,0.6,0.6,False,0.108657403827362,0.001591992604639187,0.108657403827362,2,0.19938833343096155,0.000422475441590965,0.19938833343096155,2,0.31466221979772163,0.002276115552941424,0.31466221979772163,2,0.34865935464158726,0.0006836930348240167,0.34865935464158726,2,0.31995743227469176,0.031988741075388794,0.31995743227469176,2,0.961347477009716,0.01182297661291023,0.961347477009716,2,0.13325348080681831,0.010437344363993628,0.13325348080681831,2,0.0,0.0,0.0,2,1.0,0.0,1.0,2,0.0,0.0,0.0,2,0.0,0.0,0.0,2
honeycomb,markov,alpha_async,lesion,plastic,0,0,0.68,0.3,0.01,0.5,0.6,0.6,False,0.1110360098231241,0.005690870386371081,0.1110360098231241,2,0.20344808522636582,0.01108735176652858,0.20344808522636582,2,0.3142764164293164,0.020833480881630746,0.3142764164293164,2,0.3541091571650255,0.021448208027591915,0.3541091571650255,2,0.30370993200905005,0.032171300434677266,0.30370993200905005,2,0.9722004062675329,0.03304992916702313,0.9722004062675329,2,0.1276250932687379,0.008980916402855045,0.1276250932687379,2,0.0,0.0,0.0,2,1.0,0.0,1.0,2,0.0,0.0,0.0,2,0.0,0.0,0.0,2
honeycomb,markov,alpha_async,lesion,plastic,0,0,0.68,0.3,0.016,0.5,0.6,0.6,False,0.1269187110812142,0.0050571049503950515,0.1269187110812142,2,0.23048999122794755,0.00781196982367922,0.23048999122794755,2,0.29543157847199153,0.020555420057272993,0.29543157847199153,2,0.3202724061637967,0.008729820239749438,0.3202724061637967,2,0.26471591673617634,0.010258747227580446,0.26471591673617634,2,1.062191048907037,0.03318164807788978,1.062191048907037,2,0.1307078370423797,0.0022123826738463677,0.1307078370423797,2,0.0,0.0,0.0,2,1.0,0.0,1.0,2,0.0,0.0,0.0,2,0.0,0.0,0.0,2
honeycomb,markov,alpha_async,lesion,plastic,0,0,0.68,0.4,0.006,0.5,0.6,0.6,False,0.10294271520524276,0.0012192148550593516,0.10294271520524276,2,0.1878318615890485,0.00045938722361977516,0.1878318615890485,2,0.3586327592860703,0.026954531442840452,0.3586327592860703,2,0.37864865194106906,0.02188624786989337,0.37864865194106906,2,0.3101412035597536,0.013878522513907927,0.3101412035597536,2,0.9259065599081382,0.009374901414544008,0.9259065599081382,2,0.12671153785594058,0.004987929711123373,0.12671153785594058,2,0.0,0.0,0.0,2,1.0,0.0,1.0,2,0.0,0.0,0.0,2,0.0,0.0,0.0,2
honeycomb,markov,alpha_async,lesion,plastic,0,0,0.68,0.4,0.01,0.5,0.6,0.6,False,0.10518801799734885,0.0015210402031627652,0.10518801799734885,2,0.1909018259671538,0.0007489290497245056,0.1909018259671538,2,0.32082925297857195,0.0071209601652654,0.32082925297857195,2,0.3553965326646439,0.0008401009071640128,0.3553965326646439,2,0.31934274238969773,0.0014136638031464238,0.31934274238969773,2,0.9406081099747965,0.00912194402750277,0.9406081099747965,2,0.1253758447925519,0.0019031627359437867,0.1253758447925519,2,0.0,0.0,0.0,2,1.0,0.0,1.0,2,0.0,0.0,0.0,2,0.0,0.0,0.0,2
honeycomb,markov,alpha_async,lesion,plastic,0,0,0.68,0.4,0.016,0.5,0.6,0.6,False,0.11706430358014284,0.024850558125651658,0.11706430358014284,2,0.21549335601024125,0.04574736873128033,0.21549335601024125,2,0.32162007350212307,0.061684575085724995,0.32162007350212307,2,0.33636432212785333,0.045246214444655125,0.33636432212785333,2,0.28025878731113124,0.012982732061253489,0.28025878731113124,2,1.0012448645201641,0.12971382113339897,1.0012448645201641,2,0.12742499794287265,0.00837924050082886,0.12742499794287265,2,0.0,0.0,0.0,2,1.0,0.0,1.0,2,0.0,0.0,0.0,2,0.0,0.0,0.0,2
honeycomb,ql,alpha_async,lesion,plastic,0,0,0.58,0.2,0.006,0.5,0.6,0.6,False,0.29064353321897174,0.006473939457512311,0.29064353321897174,2,0.6365422981314923,0.007770803908757419,0.6365422981314923,2,0.0967833838623116,0.004082405482029795,0.0967833838623116,2,0.13051420038859546,0.008963411008844164,0.13051420038859546,2,0.11374769452206634,0.001228064693983408,0.11374769452206634,2,1.502198171352275,0.015119003325282073,1.502198171352275,2,0.1072163371737314,0.004563805626386623,0.1072163371737314,2,0.39849344590730085,0.00375207073645575,0.39849344590730085,2,1.0,0.0,1.0,2,0.0,0.0,0.0,2,0.0,0.0,0.0,2
honeycomb,ql,alpha_async,lesion,plastic,0,0,0.58,0.2,0.01,0.5,0.6,0.6,False,0.28353287022353113,0.001485828728438116,0.28353287022353113,2,0.6331296933044952,0.004079858719841286,0.6331296933044952,2,0.11189214134934111,0.011313003199736086,0.11189214134934111,2,0.13764352666200141,0.003182226263414736,0.13764352666200141,2,0.11929424975517985,0.008954120757889875,0.11929424975517985,2,1.4806981179852623,0.00021713504905967676,1.4806981179852623,2,0.12153797098583471,0.0074245667173800795,0.12153797098583471,2,0.401567301248266,0.0007201049954268236,0.401567301248266,2,1.0,0.0,1.0,2,0.0,0.0,0.0,2,0.0,0.0,0.0,2
honeycomb,ql,alpha_async,lesion,plastic,0,0,0.58,0.2,0.016,0.5,0.6,0.6,False,0.29753733694106155,0.013996855269699791,0.29753733694106155,2,0.648027753435265,0.013387196050426764,0.648027753435265,2,0.09123620159702295,0.014024167909307291,0.09123620159702295,2,0.11444066776124165,0.012595302131153558,0.11444066776124165,2,0.09670263427258105,0.0012474977452349293,0.09670263427258105,2,1.4980174771034118,0.023107037576366042,1.4980174771034118,2,0.1018559714328231,0.026802703696036014,0.1018559714328231,2,0.3898886558740242,0.01420865945856607,0.3898886558740242,2,1.0,0.0,1.0,2,0.0,0.0,0.0,2,0.0,0.0,0.0,2
honeycomb,ql,alpha_async,lesion,plastic,0,0,0.58,0.3,0.006,0.5,0.6,0.6,False,0.28515761828229447,0.003212526552878321,0.28515761828229447,2,0.6336433953462194,0.006899153722901311,0.6336433953462194,2,0.1159337304745767,0.015914552940006793,0.1159337304745767,2,0.14622865077963204,0.015793236539855322,0.14622865077963204,2,0.11126164159237034,0.007714918236942,0.11126164159237034,2,1.483650090664451,0.005738478377165357,1.483650090664451,2,0.11180620847580916,0.006205645982538242,0.11180620847580916,2,0.40066369298493554,0.005149161156133059,0.40066369298493554,2,1.0,0.0,1.0,2,0.0,0.0,0.0,2,0.0,0.0,0.0,2
honeycomb,ql,alpha_async,lesion,plastic,0,0,0.58,0.3,0.01,0.5,0.6,0.6,False,0.28653982585640003,0.005839021606076809,0.28653982585640003,2,0.6363771377923604,0.00811669004117309,0.6363771377923604,2,0.09107460777433644,0.010174458159970229,0.09107460777433644,2,0.13264434084162305,0.014802442789030732,0.13264434084162305,2,0.1163256596813459,0.00016625240593496637,0.1163256596813459,2,1.481035389982058,0.021497528087572673,1.481035389982058,2,0.10605916117615741,0.0028430905707513333,0.10605916117615741,2,0.39788238896542427,0.004912263622075642,0.39788238896542427,2,1.0,0.0,1.0,2,0.0,0.0,0.0,2,0.0,0.0,0.0,2
honeycomb,ql,alpha_async,lesion,plastic,0,0,0.58,0.3,0.016,0.5,0.6,0.6,False,0.2869689567490543,0.006869116620195915,0.2869689567490543,2,0.6350332883370149,0.006580199603405465,0.6350332883370149,2,0.10304256511355506,0.01576290524272008,0.10304256511355506,2,0.1266860349996485,0.004635995523753675,0.1266860349996485,2,0.1006682758512643,0.009302121302783285,0.1006682758512643,2,1.4833358577916005,0.008881986714933045,1.4833358577916005,2,0.11023862975038305,0.018811831271677976,0.11023862975038305,2,0.3996454094557711,0.0078109917608159135,0.3996454094557711,2,1.0,0.0,1.0,2,0.0,0.0,0.0,2,0.0,0.0,0.0,2
honeycomb,ql,alpha_async,lesion,plastic,0,0,0.58,0.4,0.006,0.5,0.6,0.6,False,0.27323754552346974,0.011378682608448211,0.27323754552346974,2,0.619591669681222,0.010551950435690126,0.619591669681222,2,0.12455244077916905,0.031015857930647702,0.12455244077916905,2,0.148753497941218,0.02146797814205644,0.148753497941218,2,0.13037409223330493,0.014189715525492462,0.13037409223330493,2,1.4585343979425702,0.0283232143604463,1.4585343979425702,2,0.12877897335197955,0.01801183940616711,0.12877897335197955,2,0.4101135864503262,0.007240508413711004,0.4101135864503262,2,1.0,0.0,1.0,2,0.0,0.0,0.0,2,0.0,0.0,0.0,2
honeycomb,ql,alpha_async,lesion,plastic,0,0,0.58,0.4,0.01,0.5,0.6,0.6,False,0.2795257670009162,0.006629167843190497,0.2795257670009162,2,0.6281773699344608,0.0030178427539757054,0.6281773699344608,2,0.10864780588149026,0.0022736355521939355,0.10864780588149026,2,0.13826498631053935,0.0013588693528794695,0.13826498631053935,2,0.1173485906713985,0.011705314554249061,0.1173485906713985,2,1.4681090564517107,0.034208318770848595,1.4681090564517107,2,0.11612965742355805,0.0026730345452946557,0.11612965742355805,2,0.40481176019653714,0.003209941087833319,0.40481176019653714,2,1.0,0.0,1.0,2,0.0,0.0,0.0,2,0.0,0.0,0.0,2
honeycomb,ql,alpha_async,lesion,plastic,0,0,0.58,0.4,0.016,0.5,0.6,0.6,False,0.2783655722569752,0.006329723972672596,0.2783655722569752,2,0.6268779335833539,0.0052787115660561405,0.6268779335833539,2,0.11036729506352641,0.018084559102203083,0.11036729506352641,2,0.14141628994200425,0.016084973053155222,0.14141628994200425,2,0.12008850799772305,0.01691835340808064,0.12008850799772305,2,1.4663068774758221,0.02210635815904134,1.4663068774758221,2,0.12032451940118025,0.009629605455838602,0.12032451940118025,2,0.40553488535005805,0.0058374162332575355,0.40553488535005805,2,1.0,0.0,1.0,2,0.0,0.0,0.0,2,0.0,0.0,0.0,2
honeycomb,ql,alpha_async,lesion,plastic,0,0,0.62,0.2,0.006,0.5,0.6,0.6,False,0.3021405132933608,0.0021134149447293413,0.3021405132933608,2,0.6449665213303015,0.0006562964336729261,0.6449665213303015,2,0.0818194550370698,0.01537594253614443,0.0818194550370698,2,0.10363551038703464,0.010677524227709796,0.10363551038703464,2,0.09316693296118356,0.0031136040940245406,0.09316693296118356,2,1.5213705731057041,0.00519148028534796,1.5213705731057041,2,0.08904214357909421,0.002871824583137707,0.08904214357909421,2,0.3830201307813091,0.0028106526430202333,0.3830201307813091,2,1.0,0.0,1.0,2,0.0,0.0,0.0,2,0.0,0.0,0.0,2
honeycomb,ql,alpha_async,lesion,plastic,0,0,0.62,0.2,0.01,0.5,0.6,0.6,False,0.293698203799697,0.00900522456574669,0.293698203799697,2,0.6365328922466629,0.007325584057645899,0.6365328922466629,2,0.08224270200367426,0.0005657073630449615,0.08224270200367426,2,0.1074718094343868,0.006950201568326424,0.1074718094343868,2,0.0977106276743739,0.019840319703099043,0.0977106276743739,2,1.5008542580218087,0.016639896492000577,1.5008542580218087,2,0.09628662508374194,0.0064806606515999355,0.09628662508374194,2,0.3917392396774957,0.0038581343621532206,0.3917392396774957,2,1.0,0.0,1.0,2,0.0,0.0,0.0,2,0.0,0.0,0.0,2
honeycomb,ql,alpha_async,lesion,plastic,0,0,0.62,0.2,0.016,0.5,0.6,0.6,False,0.28536362958172284,0.010385180296168629,0.28536362958172284,2,0.6297957163944128,0.009814026274654677,0.6297957163944128,2,0.1046638317657355,0.012787626437071181,0.1046638317657355,2,0.13470802291098277,0.013328342511651535,0.13470802291098277,2,0.1091410736613065,0.001737900689372541,0.1091410736613065,2,1.4860687226370133,0.027743607807845586,1.4860687226370133,2,0.11814015886561399,0.0004936470507913549,0.11814015886561399,2,0.39882943452530095,0.006554709648174011,0.39882943452530095,2,1.0,0.0,1.0,2,0.0,0.0,0.0,2,0.0,0.0,0.0,2
honeycomb,ql,alpha_async,lesion,plastic,0,0,0.62,0.3,0.006,0.5,0.6,0.6,False,0.2936608850179322,0.0035417875082978012,0.2936608850179322,2,0.6356911280313484,0.0034487590443478405,0.6356911280313484,2,0.09254124568550179,0.00626711258289869,0.09254124568550179,2,0.12323268020367031,0.0026416460982492053,0.12323268020367031,2,0.10540652798865265,0.0090968887635287,0.10540652798865265,2,1.495222232841169,0.0028673391687702,1.495222232841169,2,0.09104048308215,0.0026934035707172166,0.09104048308215,2,0.39382266537538124,0.002291912332471708,0.39382266537538124,2,1.0,0.0,1.0,2,0.0,0.0,0.0,2,0.0,0.0,0.0,2
honeycomb,ql,alpha_async,lesion,plastic,0,0,0.62,0.3,0.01,0.5,0.6,0.6,False,0.29456685673389216,0.004824108005009838,0.29456685673389216,2,0.6392166587239843,0.0070302284472184605,0.6392166587239843,2,0.08864672551533606,0.025756783822822343,0.08864672551533606,2,0.11157794212901725,0.012432214750502794,0.11157794212901725,2,0.10711418753318525,0.02039392450382754,0.10711418753318525,2,1.4905406708534885,0.00544786015913252,1.4905406708534885,2,0.0966500212803153,0.018360436375465763,0.0966500212803153,2,0.39282078666725184,0.0064604680375591654,0.39282078666725184,2,1.0,0.0,1.0,2,0.0,0.0,0.0,2,0.0,0.0,0.0,2
honeycomb,ql,alpha_async,lesion,plastic,0,0,0.62,0.3,0.016,0.5,0.6,0.6,False,0.30123819766695736,0.02082849088853154,0.30123819766695736,2,0.6467391181280133,0.021973285684469997,0.6467391181280133,2,0.07234898740967355,0.03982140512577486,0.07234898740967355,2,0.11282798416102865,0.03200903800738356,0.11282798416102865,2,0.08986528697866444,0.03206482182895052,0.08986528697866444,2,1.5004875766010153,0.026544097120363864,1.5004875766010153,2,0.0895152443140794,0.03593963183903557,0.0895152443140794,2,0.3859478954735682,0.01608204277039054,0.3859478954735682,2,1.0,0.0,1.0,2,0.0,0.0,0.0,2,0.0,0.0,0.0,2
honeycomb,ql,alpha_async,lesion,plastic,0,0,0.62,0.4,0.006,0.5,0.6,0.6,False,0.2901345226714066,0.009016875789640798,0.2901345226714066,2,0.6338067971008232,0.0074326828574474,0.6338067971008232,2,0.09002766985756144,0.021239952632728445,0.09002766985756144,2,0.1294511587436415,0.0045741960550113765,0.1294511587436415,2,0.10900843934472579,0.0018035288215203164,0.10900843934472579,2,1.4936607157078887,0.021972797096349857,1.4936607157078887,2,0.10252465919235035,0.01989182347799926,0.10252465919235035,2,0.3982137900900983,0.007230020470349707,0.3982137900900983,2,1.0,0.0,1.0,2,0.0,0.0,0.0,2,0.0,0.0,0.0,2
honeycomb,ql,alpha_async,lesion,plastic,0,0,0.62,0.4,0.01,0.5,0.6,0.6,False,0.301395996238369,0.002163300181200131,0.301395996238369,2,0.6418439358206008,0.002056200273464025,0.6418439358206008,2,0.09368265360812845,0.009974422242341281,0.09368265360812845,2,0.1281339524831782,0.010065775925015976,0.1281339524831782,2,0.10856675844894981,0.0009701449118309502,0.10856675844894981,2,1.525769978644004,0.017370794341730285,1.525769978644004,2,0.1005596111591048,0.0026059787752884932,0.1005596111591048,2,0.38843905080259433,0.0019520454918859926,0.38843905080259433,2,1.0,0.0,1.0,2,0.0,0.0,0.0,2,0.0,0.0,0.0,2
honeycomb,ql,alpha_async,lesion,plastic,0,0,0.62,0.4,0.016,0.5,0.6,0.6,False,0.29462133633868415,0.0038739117061950103,0.29462133633868415,2,0.6366188156869652,0.0013664170603377662,0.6366188156869652,2,0.06940932794500555,0.010945344379692946,0.06940932794500555,2,0.11363811114108545,0.004812535355219395,0.11363811114108545,2,0.11741040706868205,0.0031293117335150855,0.11741040706868205,2,1.5055144941249345,0.020916526051198626,1.5055144941249345,2,0.09721024246367024,0.00603226983232897,0.09721024246367024,2,0.3948077034794062,0.004902804904148588,0.3948077034794062,2,1.0,0.0,1.0,2,0.0,0.0,0.0,2,0.0,0.0,0.0,2
honeycomb,ql,alpha_async,lesion,plastic,0,0,0.68,0.2,0.006,0.5,0.6,0.6,False,0.328810815056051,0.033956343732601715,0.328810815056051,2,0.6601747821173002,0.0356612407402862,0.6601747821173002,2,0.03498457383079755,0.03920796574787748,0.03498457383079755,2,0.07166372860436895,0.03982034350769006,0.07166372860436895,2,0.06519505130059075,0.019695841119972426,0.06519505130059075,2,1.5357302599277562,0.012398856809998027,1.5357302599277562,2,0.05230609301632695,0.03842998506306465,0.05230609301632695,2,0.3653574597615657,0.023461767571478647,0.3653574597615657,2,1.0,0.0,1.0,2,0.0,0.0,0.0,2,0.0,0.0,0.0,2
honeycomb,ql,alpha_async,lesion,plastic,0,0,0.68,0.2,0.01,0.5,0.6,0.6,False,0.3352188119539617,0.005992993722936473,0.3352188119539617,2,0.6661979429660665,0.007805318703742364,0.6661979429660665,2,0.0263824178828632,0.012554712024041603,0.0263824178828632,2,0.05202793168517985,0.002143357287811969,0.05202793168517985,2,0.044296452721445,3.407918805015931e-05,0.044296452721445,2,1.5378116232330292,0.0014474577710350952,1.5378116232330292,2,0.037592665897841646,0.006129434077361394,0.037592665897841646,2,0.35934766416289177,0.0015956960180835305,0.35934766416289177,2,1.0,0.0,1.0,2,0.0,0.0,0.0,2,0.0,0.0,0.0,2
honeycomb,ql,alpha_async,lesion,plastic,0,0,0.68,0.2,0.016,0.5,0.6,0.6,False,0.3316037430550355,0.014314971697054943,0.3316037430550355,2,0.6667515645393733,0.013710052753794158,0.6667515645393733,2,0.0362253704601885,0.010831318671959739,0.0362253704601885,2,0.0642768317025112,0.017455871838276793,0.0642768317025112,2,0.0463177529589816,0.008084906396238165,0.0463177529589816,2,1.5274664674621738,0.009524245838546623,1.5274664674621738,2,0.03810569895399755,0.01876808958120034,0.03810569895399755,2,0.362821617883091,0.012886057030495071,0.362821617883091,2,1.0,0.0,1.0,2,0.0,0.0,0.0,2,0.0,0.0,0.0,2
honeycomb,ql,alpha_async,lesion,plastic,0,0,0.68,0.3,0.006,0.5,0.6,0.6,False,0.32811321773324775,0.02650249778242462,0.32811321773324775,2,0.6634301482414298,0.027327613524927553,0.6634301482414298,2,0.04659120431768885,0.024344706188924536,0.04659120431768885,2,0.07212370415049621,0.02519257384094494,0.07212370415049621,2,0.05899626453251475,0.023631121022861072,0.05899626453251475,2,1.527927904547783,0.0187428819338486,1.527927904547783,2,0.0467961364467247,0.03014350024093589,0.0467961364467247,2,0.3660419681849259,0.02016139176811026,0.3660419681849259,2,1.0,0.0,1.0,2,0.0,0.0,0.0,2,0.0,0.0,0.0,2
honeycomb,ql,alpha_async,lesion,plastic,0,0,0.68,0.3,0.01,0.5,0.6,0.6,False,0.3230590507698049,0.023145996670471975,0.3230590507698049,2,0.6515329079165784,0.019190524683128117,0.6515329079165784,2,0.04026348489902505,0.023964986176525923,0.04026348489902505,2,0.07838600628460901,0.02215287199606453,0.07838600628460901,2,0.0817333213363523,0.023736497947290956,0.0817333213363523,2,1.548498105009933,0.02522770271360486,1.548498105009933,2,0.055730784279625994,0.022008414164885495,0.055730784279625994,2,0.37084376069450026,0.019423115570964135,0.37084376069450026,2,1.0,0.0,1.0,2,0.0,0.0,0.0,2,0.0,0.0,0.0,2
honeycomb,ql,alpha_async,lesion,plastic,0,0,0.68,0.3,0.016,0.5,0.6,0.6,False,0.3376723992822729,0.010764321763304387,0.3376723992822729,2,0.6686858617746636,0.006105041557728217,0.6686858617746636,2,0.05255929985212895,0.014118877306668776,0.05255929985212895,2,0.0779631508111597,0.023388659454752287,0.0779631508111597,2,0.0513979679863851,0.011008211907440954,0.0513979679863851,2,1.53449013562646,0.008398840122983402,1.53449013562646,2,0.0315964006603848,0.013539013639274282,0.0315964006603848,2,0.3589934681334622,0.010690091314428704,0.3589934681334622,2,1.0,0.0,1.0,2,0.0,0.0,0.0,2,0.0,0.0,0.0,2
honeycomb,ql,alpha_async,lesion,plastic,0,0,0.68,0.4,0.006,0.5,0.6,0.6,False,0.32131459249130156,0.0030562564287409982,0.32131459249130156,2,0.6561498195096941,0.00617079395863717,0.6561498195096941,2,0.045066486812974454,0.0026631593665250746,0.045066486812974454,2,0.07510084284341176,0.002296884567448632,0.07510084284341176,2,0.0633220971522842,0.004004122342933017,0.0633220971522842,2,1.5301777240018994,0.010721875011325427,1.5301777240018994,2,0.04929377973827295,0.0015678057582188243,0.04929377973827295,2,0.3727496611189097,0.00018516077177957658,0.3727496611189097,2,1.0,0.0,1.0,2,0.0,0.0,0.0,2,0.0,0.0,0.0,2
honeycomb,ql,alpha_async,lesion,plastic,0,0,0.68,0.4,0.01,0.5,0.6,0.6,False,0.3222071514220733,0.011857616707561325,0.3222071514220733,2,0.6544857680092748,0.013466548224216961,0.6544857680092748,2,0.054163001008976544,0.0024552139851200735,0.054163001008976544,2,0.0747923457062108,0.0014175413891582525,0.0747923457062108,2,0.059208564034019355,0.009790696518173147,0.059208564034019355,2,1.5353366028955153,0.007289648129177135,1.5353366028955153,2,0.05427732044515305,0.014500015579501995,0.05427732044515305,2,0.3708458497101267,0.008453706742127982,0.3708458497101267,2,1.0,0.0,1.0,2,0.0,0.0,0.0,2,0.0,0.0,0.0,2
honeycomb,ql,alpha_async,lesion,plastic,0,0,0.68,0.4,0.016,0.5,0.6,0.6,False,0.31324943197848143,0.004402662770676973,0.31324943197848143,2,0.6474571164074512,0.0073666842479430585,0.6474571164074512,2,0.04783188973793965,0.015600681477463697,0.04783188973793965,2,0.0785145202954345,0.010398661171738868,0.0785145202954345,2,0.0621385289588369,0.001634923241649001,0.0621385289588369,2,1.5247844511013167,0.0037170881099799556,1.5247844511013167,2,0.0573200395273012,0.003117889841542284,0.0573200395273012,2,0.378945996804243,0.0030151277563620154,0.378945996804243,2,1.0,0.0,1.0,2,0.0,0.0,0.0,2,0.0,0.0,0.0,2
honeycomb_nnn,markov,alpha_async,lesion,plastic,0,0,0.58,0.2,0.006,0.5,0.6,0.6,False,0.3555529830947559,0.002950609446324025,0.3555529830947559,2,0.4058105148381695,0.001414336490454113,0.4058105148381695,2,0.030494984309138447,0.021970566116264405,0.030494984309138447,2,0.0636941160370604,0.020236587527045238,0.0636941160370604,2,0.054740488413908855,0.002972613039483091,0.054740488413908855,2,1.4720345513703155,0.003683448533777784,1.4720345513703155,2,0.0480021276906863,0.008812839696559757,0.0480021276906863,2,0.0,0.0,0.0,2,1.0,0.0,1.0,2,0.0,0.0,0.0,2,0.0,0.0,0.0,2
honeycomb_nnn,markov,alpha_async,lesion,plastic,0,0,0.58,0.2,0.01,0.5,0.6,0.6,False,0.3256615197928842,0.0026864062319548977,0.3256615197928842,2,0.4106092709523126,7.530784509808185e-06,0.4106092709523126,2,0.0359001431087079,0.004523953299358854,0.0359001431087079,2,0.0757541463167646,0.011906763353603626,0.0757541463167646,2,0.08001924092390045,0.004788063712402367,0.08001924092390045,2,1.4954784730421307,0.0003559765951983373,1.4954784730421307,2,0.04421908493600875,0.0028166175250462153,0.04421908493600875,2,0.0,0.0,0.0,2,1.0,0.0,1.0,2,0.0,0.0,0.0,2,0.0,0.0,0.0,2
honeycomb_nnn,markov,alpha_async,lesion,plastic,0,0,0.58,0.2,0.016,0.5,0.6,0.6,False,0.3113495947217631,0.007813217514625076,0.3113495947217631,2,0.4175664883974613,0.007395721994273771,0.4175664883974613,2,0.0473980042021408,0.0015293329633784204,0.0473980042021408,2,0.09159837061599041,0.000351879752313328,0.09159837061599041,2,0.0822618588024134,0.017271273651648496,0.0822618588024134,2,1.4819377497863078,0.01595449451072495,1.4819377497863078,2,0.05581263776247605,0.001543061090564899,0.05581263776247605,2,0.0,0.0,0.0,2,0.9999794543063774,2.9055998569385317e-05,0.9999794543063774,2,0.0,0.0,0.0,2,0.0,0.0,0.0,2
honeycomb_nnn,markov,alpha_async,lesion,plastic,0,0,0.58,0.3,0.006,0.5,0.6,0.6,False,0.3398402470363335,0.010337040532857302,0.3398402470363335,2,0.3927064305763167,0.012799998769963128,0.3927064305763167,2,0.03919915290731505,0.028138581635556492,0.03919915290731505,2,0.07567245551326779,0.026612286635549525,0.07567245551326779,2,0.0666277347759536,0.0013022709741954228,0.0666277347759536,2,1.493856954183075,0.012656694159108944,1.493856954183075,2,0.041843188959629546,0.006378524433547827,0.041843188959629546,2,0.0,0.0,0.0,2,1.0,0.0,1.0,2,0.0,0.0,0.0,2,0.0,0.0,0.0,2
honeycomb_nnn,markov,alpha_async,lesion,plastic,0,0,0.58,0.3,0.01,0.5,0.6,0.6,False,0.32176113020505515,0.003521795650812289,0.32176113020505515,2,0.4034815955652503,0.01015229568808895,0.4034815955652503,2,0.04797542958294715,0.005356888056217829,0.04797542958294715,2,0.08820515353598071,0.008618284959686699,0.08820515353598071,2,0.08334789876354125,0.0055499850410432065,0.08334789876354125,2,1.5008662283296461,0.005854802491195616,1.5008662283296461,2,0.04544722236580345,0.0002712904353336161,0.04544722236580345,2,0.0,0.0,0.0,2,1.0,0.0,1.0,2,0.0,0.0,0.0,2,0.0,0.0,0.0,2
honeycomb_nnn,markov,alpha_async,lesion,plastic,0,0,0.58,0.3,0.016,0.5,0.6,0.6,False,0.3013357656557675,0.009026565743591475,0.3013357656557675,2,0.40994486291833443,0.01215525939349032,0.40994486291833443,2,0.058866288516861195,0.016374351202734543,0.058866288516861195,2,0.1012068233267995,0.013593281006991653,0.1012068233267995,2,0.09060468639255745,0.006639880062184544,0.09060468639255745,2,1.4901216820710093,0.009269976867097492,1.4901216820710093,2,0.060973922616877854,0.00989677769459608,0.060973922616877854,2,0.0,0.0,0.0,2,0.9999794543063774,2.905599856946382e-05,0.9999794543063774,2,0.0,0.0,0.0,2,0.0,0.0,0.0,2
honeycomb_nnn,markov,alpha_async,lesion,plastic,0,0,0.58,0.4,0.006,0.5,0.6,0.6,False,0.33214241364755437,0.0016617168048104415,0.33214241364755437,2,0.38414044996547814,0.00017603466027863164,0.38414044996547814,2,0.04171845655051955,0.01971607614452472,0.04171845655051955,2,0.07791794532664226,0.0172906428134476,0.07791794532664226,2,0.07248525854725205,0.00496047326227138,0.07248525854725205,2,1.5066940381274931,0.0007077754944451283,1.5066940381274931,2,0.045695046093500405,0.005395978797492949,0.045695046093500405,2,0.0,0.0,0.0,2,1.0,0.0,1.0,2,0.0,0.0,0.0,2,0.0,0.0,0.0,2
honeycomb_nnn,markov,alpha_async,lesion,plastic,0,0,0.58,0.4,0.01,0.5,0.6,0.6,False,0.3175883277069214,0.006654450305844884,0.3175883277069214,2,0.39975213818984834,0.008435781668750813,0.39975213818984834,2,0.04092047802701325,0.003215904162697503,0.04092047802701325,2,0.08756788167132029,0.00015845807617894387,0.08756788167132029,2,0.08262598697270734,0.011879792494172528,0.08262598697270734,2,1.5006876502953488,0.007437360180461673,1.5006876502953488,2,0.049335927961095594,0.005200194153546117,0.049335927961095594,2,0.0,0.0,0.0,2,1.0,0.0,1.0,2,0.0,0.0,0.0,2,0.0,0.0,0.0,2
honeycomb_nnn,markov,alpha_async,lesion,plastic,0,0,0.58,0.4,0.016,0.5,0.6,0.6,False,0.30351176873052654,0.0008152974150087629,0.30351176873052654,2,0.40715094038268823,0.0035290388081250955,0.40715094038268823,2,0.04854464116862,0.01897164708199763,0.04854464116862,2,0.09606784419549261,0.008401212297565533,0.09606784419549261,2,0.0884763003981776,0.011463713643178984,0.0884763003981776,2,1.4828709112921785,0.010991661905880811,1.4828709112921785,2,0.055670815357530504,0.008865444924700523,0.055670815357530504,2,0.0,0.0,0.0,2,1.0,0.0,1.0,2,0.0,0.0,0.0,2,0.0,0.0,0.0,2
honeycomb_nnn,markov,alpha_async,lesion,plastic,0,0,0.62,0.2,0.006,0.5,0.6,0.6,False,0.36966007264103234,0.0005358998131430513,0.36966007264103234,2,0.40458060744719926,0.006448421000481832,0.40458060744719926,2,0.00950838481570245,0.003743642221540346,0.00950838481570245,2,0.0396892929347636,0.0006093800016370144,0.0396892929347636,2,0.040635456649364896,0.0032400859885264887,0.040635456649364896,2,1.4466156795025102,0.00923084212212373,1.4466156795025102,2,0.0459030040134302,0.0019786174703868274,0.0459030040134302,2,0.0,0.0,0.0,2,1.0,0.0,1.0,2,0.0,0.0,0.0,2,0.0,0.0,0.0,2
honeycomb_nnn,markov,alpha_async,lesion,plastic,0,0,0.62,0.2,0.01,0.5,0.6,0.6,False,0.3589693943944615,0.003177395968482953,0.3589693943944615,2,0.43842155865013643,0.005832444345617324,0.43842155865013643,2,0.0284763115941739,0.011979793448444388,0.0284763115941739,2,0.056881722413725,0.0056734431829403315,0.056881722413725,2,0.051037210449484643,0.0032692371665899505,0.051037210449484643,2,1.4481978632637733,0.00018393584227358292,1.4481978632637733,2,0.044736821640047844,0.003699819024523624,0.044736821640047844,2,0.0,0.0,0.0,2,1.0,0.0,1.0,2,0.0,0.0,0.0,2,0.0,0.0,0.0,2
honeycomb_nnn,markov,alpha_async,lesion,plastic,0,0,0.62,0.2,0.016,0.5,0.6,0.6,False,0.32788651189550905,0.017876217564131606,0.32788651189550905,2,0.4413626415335624,0.027345930741965077,0.4413626415335624,2,0.02950309195644045,0.0020299184328397405,0.02950309195644045,2,0.07517461952700616,0.00570325934356925,0.07517461952700616,2,0.07402534625670196,0.010360941003561597,0.07402534625670196,2,1.4542042566001787,0.0314461692777546,1.4542042566001787,2,0.0511430774172597,0.005780429780859473,0.0511430774172597,2,0.0,0.0,0.0,2,0.9999794543063774,2.9055998569385317e-05,0.9999794543063774,2,0.0,0.0,0.0,2,0.0,0.0,0.0,2
honeycomb_nnn,markov,alpha_async,lesion,plastic,0,0,0.62,0.3,0.006,0.5,0.6,0.6,False,0.3623467326056164,0.002321158183671837,0.3623467326056164,2,0.4113692913404574,0.007329194908471357,0.4113692913404574,2,0.019665633594347448,0.009084466576992653,0.019665633594347448,2,0.0460935321437934,0.0022360578406921965,0.0460935321437934,2,0.04222224144643015,0.0036078971272317704,0.04222224144643015,2,1.4540105977937636,0.0027797882854117884,1.4540105977937636,2,0.042326443657558444,0.014503669046819857,0.042326443657558444,2,0.0,0.0,0.0,2,1.0,0.0,1.0,2,0.0,0.0,0.0,2,0.0,0.0,0.0,2
honeycomb_nnn,markov,alpha_async,lesion,plastic,0,0,0.62,0.3,0.01,0.5,0.6,0.6,False,0.3492336953449727,0.011074598315094759,0.3492336953449727,2,0.43095904805973384,0.007236211568348051,0.43095904805973384,2,0.03455296945279335,0.0070359828750758404,0.03455296945279335,2,0.0652541671716989,0.005410563808091904,0.0652541671716989,2,0.057622350176739154,0.010056859504685146,0.057622350176739154,2,1.4582716606428932,0.018276773210430326,1.4582716606428932,2,0.06333002632033286,0.01566959240303046,0.06333002632033286,2,0.0,0.0,0.0,2,1.0,0.0,1.0,2,0.0,0.0,0.0,2,0.0,0.0,0.0,2
honeycomb_nnn,markov,alpha_async,lesion,plastic,0,0,0.62,0.3,0.016,0.5,0.6,0.6,False,0.32675655463928377,0.00558167795279522,0.32675655463928377,2,0.4268938976834835,0.01560704094521919,0.4268938976834835,2,0.0320819715613514,0.020350290124550936,0.0320819715613514,2,0.0781673356871115,0.01708064918827677,0.0781673356871115,2,0.07805993977469375,0.002399233314895016,0.07805993977469375,2,1.4740856571349734,0.029047262622484145,1.4740856571349734,2,0.04808678117858635,0.011794655076067903,0.04808678117858635,2,0.0,0.0,0.0,2,1.0,0.0,1.0,2,0.0,0.0,0.0,2,0.0,0.0,0.0,2
honeycomb_nnn,markov,alpha_async,lesion,plastic,0,0,0.62,0.4,0.006,0.5,0.6,0.6,False,0.3588030812845445,0.00046639765026264274,0.3588030812845445,2,0.39557694274348054,0.0028829711208152708,0.39557694274348054,2,0.0223476723670213,0.0014061363556763693,0.0223476723670213,2,0.0528241008467286,0.00022385090839234888,0.0528241008467286,2,0.047960203025545295,0.0037223562546177895,0.047960203025545295,2,1.4669103181486243,0.004488160788778846,1.4669103181486243,2,0.04017319679207375,0.012160629492190538,0.04017319679207375,2,0.0,0.0,0.0,2,1.0,0.0,1.0,2,0.0,0.0,0.0,2,0.0,0.0,0.0,2
honeycomb_nnn,markov,alpha_async,lesion,plastic,0,0,0.62,0.4,0.01,0.5,0.6,0.6,False,0.3380876961489949,0.0015553611162409343,0.3380876961489949,2,0.4276984034436713,0.0027785070035214717,0.4276984034436713,2,0.030504988364517302,0.007245842938825114,0.030504988364517302,2,0.0694539752671099,0.0007431559110081113,0.0694539752671099,2,0.0650877567221406,0.010788694768528027,0.0650877567221406,2,1.4689565274423502,0.0011827194039389414,1.4689565274423502,2,0.037919886374442546,0.0023936529306704765,0.037919886374442546,2,0.0,0.0,0.0,2,1.0,0.0,1.0,2,0.0,0.0,0.0,2,0.0,0.0,0.0,2
honeycomb_nnn,markov,alpha_async,lesion,plastic,0,0,0.62,0.4,0.016,0.5,0.6,0.6,False,0.32037159835739837,0.0010725104678568588,0.32037159835739837,2,0.4154838006716328,0.01368547934713893,0.4154838006716328,2,0.0330170783170596,0.019927456529574675,0.0330170783170596,2,0.07371782557528075,0.011559512558113978,0.07371782557528075,2,0.0769835892405406,0.0027841044617285746,0.0769835892405406,2,1.4843778164880184,0.029111012621853984,1.4843778164880184,2,0.063849702773559,0.0029237344186308746,0.063849702773559,2,0.0,0.0,0.0,2,1.0,0.0,1.0,2,0.0,0.0,0.0,2,0.0,0.0,0.0,2
honeycomb_nnn,markov,alpha_async,lesion,plastic,0,0,0.68,0.2,0.006,0.5,0.6,0.6,False,0.38667492973437945,0.008028844694673413,0.38667492973437945,2,0.4392855826802926,0.002048078665523139,0.4392855826802926,2,0.00105145779590085,0.00045746750621574166,0.00105145779590085,2,0.029805905607998902,0.0025357425230796435,0.029805905607998902,2,0.02788417807044875,0.00477923131490277,0.02788417807044875,2,1.370142029055745,0.02817481041882368,1.370142029055745,2,0.03700554017850555,0.0011114302715905077,0.03700554017850555,2,0.0,0.0,0.0,2,1.0,0.0,1.0,2,0.0,0.0,0.0,2,0.0,0.0,0.0,2
honeycomb_nnn,markov,alpha_async,lesion,plastic,0,0,0.68,0.2,0.01,0.5,0.6,0.6,False,0.38537789057541627,0.00315905306081028,0.38537789057541627,2,0.4654832321299619,0.010563081115477697,0.4654832321299619,2,0.0047164144255928,0.0021229168349505266,0.0047164144255928,2,0.0341054293847832,0.0028248217413180694,0.0341054293847832,2,0.032863352489644504,0.0034235209192689867,0.032863352489644504,2,1.362067830607565,0.01268326957978054,1.362067830607565,2,0.03887560223203615,0.005432033764654732,0.03887560223203615,2,0.0,0.0,0.0,2,1.0,0.0,1.0,2,0.0,0.0,0.0,2,0.0,0.0,0.0,2
honeycomb_nnn,markov,alpha_async,lesion,plastic,0,0,0.68,0.2,0.016,0.5,0.6,0.6,False,0.3655783345348963,0.00048573434292081125,0.3655783345348963,2,0.4781172266256838,0.005194639151325102,0.4781172266256838,2,0.008698322120995649,0.008899490700939228,0.008698322120995649,2,0.04307628284164795,0.008952197928451405,0.04307628284164795,2,0.0385316431679597,0.0029477114139512275,0.0385316431679597,2,1.4067144949907306,0.0023804421110496412,1.4067144949907306,2,0.0456004089478836,0.01850837441348778,0.0456004089478836,2,0.0,0.0,0.0,2,1.0,0.0,1.0,2,0.0,0.0,0.0,2,0.0,0.0,0.0,2
honeycomb_nnn,markov,alpha_async,lesion,plastic,0,0,0.68,0.3,0.006,0.5,0.6,0.6,False,0.3817991777222429,0.0050710257770637404,0.3817991777222429,2,0.4256585499594693,0.0034303689575450043,0.4256585499594693,2,0.009416694502434049,0.0021349107272655168,0.009416694502434049,2,0.0388429880171633,0.002682453470937924,0.0388429880171633,2,0.03496088558312785,0.011328670575656966,0.03496088558312785,2,1.3899578237111898,0.011744312548616603,1.3899578237111898,2,0.039616736227160804,0.0061841473570847585,0.039616736227160804,2,0.0,0.0,0.0,2,1.0,0.0,1.0,2,0.0,0.0,0.0,2,0.0,0.0,0.0,2
honeycomb_nnn,markov,alpha_async,lesion,plastic,0,0,0.68,0.3,0.01,0.5,0.6,0.6,False,0.37504201929917325,0.005258552496390501,0.37504201929917325,2,0.45326689285617955,0.0038553618475308635,0.45326689285617955,2,0.0068315542090619,0.004703652017683232,0.0068315542090619,2,0.037822142285407354,0.009300046748669138,0.037822142285407354,2,0.040686828602894354,0.005320170104113014,0.040686828602894354,2,1.3945975084778204,0.00170483540454618,1.3945975084778204,2,0.0475969783177153,0.020000532783516822,0.0475969783177153,2,0.0,0.0,0.0,2,1.0,0.0,1.0,2,0.0,0.0,0.0,2,0.0,0.0,0.0,2
honeycomb_nnn,markov,alpha_async,lesion,plastic,0,0,0.68,0.3,0.016,0.5,0.6,0.6,False,0.36385367464936025,0.0009939840024372768,0.36385367464936025,2,0.4775243875901271,0.008719435135813114,0.4775243875901271,2,0.008887598655861102,0.010930234113736626,0.008887598655861102,2,0.039835593722526194,0.008319293601289272,0.039835593722526194,2,0.0399775020402424,0.0016225781885204583,0.0399775020402424,2,1.4042671269442022,0.013144070689240785,1.4042671269442022,2,0.0337888160932718,0.003120841298860936,0.0337888160932718,2,0.0,0.0,0.0,2,0.9999794543063774,2.905599856946382e-05,0.9999794543063774,2,0.0,0.0,0.0,2,0.0,0.0,0.0,2
honeycomb_nnn,markov,alpha_async,lesion,plastic,0,0,0.68,0.4,0.006,0.5,0.6,0.6,False,0.37470416005870255,0.005808891948056854,0.37470416005870255,2,0.40173842951041716,0.004526840267789052,0.40173842951041716,2,0.0088511894305024,0.0002449323262457995,0.0088511894305024,2,0.0394629880391772,0.002954475983196448,0.0394629880391772,2,0.038023068653945696,0.0005756171627684085,0.038023068653945696,2,1.429746800726404,0.020620146197821113,1.429746800726404,2,0.0487332458743829,0.001209060323365437,0.0487332458743829,2,0.0,0.0,0.0,2,1.0,0.0,1.0,2,0.0,0.0,0.0,2,0.0,0.0,0.0,2
honeycomb_nnn,markov,alpha_async,lesion,plastic,0,0,0.68,0.4,0.01,0.5,0.6,0.6,False,0.35896156102211024,0.0031500534563668695,0.35896156102211024,2,0.4448141481879576,0.0034446269726387743,0.4448141481879576,2,0.0253175024840111,0.012743364923881501,0.0253175024840111,2,0.054681708784907954,0.008861127605539863,0.054681708784907954,2,0.049959939420553545,0.007616877847635917,0.049959939420553545,2,1.4396618074952232,0.0022247941398925997,1.4396618074952232,2,0.037388461923421046,0.0020463576894375842,0.037388461923421046,2,0.0,0.0,0.0,2,1.0,0.0,1.0,2,0.0,0.0,0.0,2,0.0,0.0,0.0,2
honeycomb_nnn,markov,alpha_async,lesion,plastic,0,0,0.68,0.4,0.016,0.5,0.6,0.6,False,0.35096653642836345,0.011811824172796751,0.35096653642836345,2,0.4594048097856543,0.0032487432964841863,0.4594048097856543,2,0.0166273236444979,0.0005029594192566154,0.0166273236444979,2,0.05727047304190015,0.0008402273545502985,0.05727047304190015,2,0.051603320145126,0.020516123305753968,0.051603320145126,2,1.4335168825357127,0.006112298089818092,1.4335168825357127,2,0.0369549055340258,0.0027365084825280613,0.0369549055340258,2,0.0,0.0,0.0,2,0.9999794543063774,2.905599856946382e-05,0.9999794543063774,2,0.0,0.0,0.0,2,0.0,0.0,0.0,2
honeycomb_nnn,ql,alpha_async,lesion,plastic,0,0,0.58,0.2,0.006,0.5,0.6,0.6,False,0.43220697895137816,0.001186121647241971,0.43220697895137816,2,0.4730970010269569,0.00048136273310649515,0.4730970010269569,2,-0.002735688093114072,0.003821059445621578,-0.002735688093114072,2,0.00399545268534705,0.002178051578760549,0.00399545268534705,2,-0.00377789751909505,0.004636880291191058,-0.00377789751909505,2,1.19257401571407,0.021307993042304265,1.19257401571407,2,0.056585116597353505,0.012686342624537066,0.056585116597353505,2,0.28161954165800235,0.00036776238824580236,0.28161954165800235,2,1.0,0.0,1.0,2,0.0,0.0,0.0,2,0.0,0.0,0.0,2
honeycomb_nnn,ql,alpha_async,lesion,plastic,0,0,0.58,0.2,0.01,0.5,0.6,0.6,False,0.4269906941638605,0.004271373425001568,0.4269906941638605,2,0.5171412892504343,0.0039115985092739,0.5171412892504343,2,-0.0053835549539422,0.003230232979495367,-0.0053835549539422,2,-0.0020845333680368,0.0009985621171063564,-0.0020845333680368,2,-0.0042864231344184,0.00801942301076688,-0.0042864231344184,2,1.1724860034333213,0.01885884015454005,1.1724860034333213,2,0.05366931914930245,0.0016717978244401523,0.05366931914930245,2,0.27848729750498713,0.002523977750598172,0.27848729750498713,2,1.0,0.0,1.0,2,0.0,0.0,0.0,2,0.0,0.0,0.0,2
honeycomb_nnn,ql,alpha_async,lesion,plastic,0,0,0.58,0.2,0.016,0.5,0.6,0.6,False,0.41844196303999326,0.005175018294350398,0.41844196303999326,2,0.5652514225756019,0.010461772813600355,0.5652514225756019,2,-0.0018531707569539504,0.015233469929543051,-0.0018531707569539504,2,0.0014289064030484498,0.009713131078162279,0.0014289064030484498,2,0.0011247027308539,0.016325574214514717,0.0011247027308539,2,1.1436091910206019,0.021281135372066887,1.1436091910206019,2,0.0424255889780754,0.004161913973755123,0.0424255889780754,2,0.27629043713376,0.0024062857115920164,0.27629043713376,2,1.0,0.0,1.0,2,0.0,0.0,0.0,2,0.0,0.0,0.0,2
honeycomb_nnn,ql,alpha_async,lesion,plastic,0,0,0.58,0.3,0.006,0.5,0.6,0.6,False,0.43157086196823957,0.0011708567835293103,0.43157086196823957,2,0.4701490711265167,0.0011893269920369332,0.4701490711265167,2,-0.0066249637614353,0.0029522368786223923,-0.0066249637614353,2,0.0005352150995909,0.0002666515515003339,0.0005352150995909,2,5.249354586149991e-05,0.003394485698621616,5.249354586149991e-05,2,1.1747082741326444,0.010218843246969455,1.1747082741326444,2,0.0454173597110451,0.010944757606734907,0.0454173597110451,2,0.2800966807380277,7.96537342975132e-05,0.2800966807380277,2,1.0,0.0,1.0,2,0.0,0.0,0.0,2,0.0,0.0,0.0,2
honeycomb_nnn,ql,alpha_async,lesion,plastic,0,0,0.58,0.3,0.01,0.5,0.6,0.6,False,0.4260159362028779,0.0027660769355760924,0.4260159362028779,2,0.5143124014991485,0.0013738462911782245,0.5143124014991485,2,-0.0036978034471332995,0.002172928122305258,-0.0036978034471332995,2,0.00207005106437215,0.0018103287569323108,0.00207005106437215,2,0.0019110250914023503,0.012515818531674576,0.0019110250914023503,2,1.1703403893180513,0.025920668489987347,1.1703403893180513,2,0.0509282080037594,0.002759130938174086,0.0509282080037594,2,0.27908618926072476,0.003751850200233841,0.27908618926072476,2,1.0,0.0,1.0,2,0.0,0.0,0.0,2,0.0,0.0,0.0,2
honeycomb_nnn,ql,alpha_async,lesion,plastic,0,0,0.58,0.3,0.016,0.5,0.6,0.6,False,0.41547239117681767,0.004639586883816226,0.41547239117681767,2,0.5638610046980836,0.0068048385635068225,0.5638610046980836,2,-0.00357210197918195,0.0195846142117606,-0.00357210197918195,2,0.00017086826483785067,0.011903102837906679,0.00017086826483785067,2,-0.0101337191552785,0.008665347017329482,-0.0101337191552785,2,1.172707394393194,0.005885928046092612,1.172707394393194,2,0.02935048261280255,0.013159364880259865,0.02935048261280255,2,0.2748492248919241,0.005235642852220251,0.2748492248919241,2,1.0,0.0,1.0,2,0.0,0.0,0.0,2,0.0,0.0,0.0,2
honeycomb_nnn,ql,alpha_async,lesion,plastic,0,0,0.58,0.4,0.006,0.5,0.6,0.6,False,0.43204342124846473,0.0018285938552961626,0.43204342124846473,2,0.4674211901556363,0.0063335278830243535,0.4674211901556363,2,0.004310604106813849,0.00854418716511637,0.004310604106813849,2,0.0079415083876935,0.006148429779931392,0.0079415083876935,2,0.0004278859186038,0.0017586338945636997,0.0004278859186038,2,1.1729226152268777,0.0027747961067516344,1.1729226152268777,2,0.0430750651683099,0.007548191767366616,0.0430750651683099,2,0.2810317092180014,0.0026242343652777716,0.2810317092180014,2,1.0,0.0,1.0,2,0.0,0.0,0.0,2,0.0,0.0,0.0,2
honeycomb_nnn,ql,alpha_async,lesion,plastic,0,0,0.58,0.4,0.01,0.5,0.6,0.6,False,0.42441270413936927,0.0026762790522567434,0.42441270413936927,2,0.5153406318596694,0.004018001840081506,0.5153406318596694,2,0.002459758166506044,0.0034585094690671335,0.002459758166506044,2,0.00749665665272195,0.0009783744577915971,0.00749665665272195,2,0.0009365691322978497,0.015827781266205276,0.0009365691322978497,2,1.1844322731477517,0.0048833073843242,1.1844322731477517,2,0.0606658459468514,0.022702572586317755,0.0606658459468514,2,0.2820786681518406,0.001567853456717024,0.2820786681518406,2,1.0,0.0,1.0,2,0.0,0.0,0.0,2,0.0,0.0,0.0,2
honeycomb_nnn,ql,alpha_async,lesion,plastic,0,0,0.58,0.4,0.016,0.5,0.6,0.6,False,0.4149327411306001,0.0070554219672458295,0.4149327411306001,2,0.5680422580195439,0.0077308348397927065,0.5680422580195439,2,-0.0089059561162209,0.008181808595780958,-0.0089059561162209,2,-0.0019407521864865502,0.0059600532764244795,-0.0019407521864865502,2,-0.0040311041985046,0.007711421011498055,-0.0040311041985046,2,1.1598453740485515,0.022572684884078674,1.1598453740485515,2,0.03497868137072335,0.010596796530705232,0.03497868137072335,2,0.27775049660303597,0.004432104612254525,0.27775049660303597,2,1.0,0.0,1.0,2,0.0,0.0,0.0,2,0.0,0.0,0.0,2
honeycomb_nnn,ql,alpha_async,lesion,plastic,0,0,0.62,0.2,0.006,0.5,0.6,0.6,False,0.4363960044674678,1.8701202037000434e-05,0.4363960044674678,2,0.45732449556354526,0.0030492003892466325,0.45732449556354526,2,-0.0014117085804696,0.002771798194838592,-0.0014117085804696,2,-0.0016785847796828503,0.0040284761354386555,-0.0016785847796828503,2,0.005209402493322799,0.0028325498839943874,0.005209402493322799,2,1.1583060345586986,0.010084049177415056,1.1583060345586986,2,0.07123824346050595,0.019235253562584008,0.07123824346050595,2,0.2785584664112415,0.003896011648130586,0.2785584664112415,2,1.0,0.0,1.0,2,0.0,0.0,0.0,2,0.0,0.0,0.0,2
honeycomb_nnn,ql,alpha_async,lesion,plastic,0,0,0.62,0.2,0.01,0.5,0.6,0.6,False,0.4281875045306674,0.0011974821099969082,0.4281875045306674,2,0.5178601441887041,0.006359179158609992,0.5178601441887041,2,-0.0093242719917539,0.00028457173018768404,-0.0093242719917539,2,-0.0058351713276806995,0.0033773331768051124,-0.0058351713276806995,2,-0.0025445785444275,0.0013398545827743285,-0.0025445785444275,2,1.1566364994497091,0.018416688350933356,1.1566364994497091,2,0.06158279568233665,0.03182899830604145,0.06158279568233665,2,0.2768820523338238,0.003341840756429406,0.2768820523338238,2,1.0,0.0,1.0,2,0.0,0.0,0.0,2,0.0,0.0,0.0,2
honeycomb_nnn,ql,alpha_async,lesion,plastic,0,0,0.62,0.2,0.016,0.5,0.6,0.6,False,0.42177715754532985,0.0029299005776923007,0.42177715754532985,2,0.5533297609383503,0.002869099020917357,0.5533297609383503,2,-0.0118176586705557,0.012398477793994023,-0.0118176586705557,2,-0.00766285397448755,0.00819239949842339,-0.00766285397448755,2,-0.00655069335388875,0.0026508229661124484,-0.00655069335388875,2,1.141620987314557,0.009973000040537977,1.141620987314557,2,0.037787681739144194,0.005424905133791802,0.037787681739144194,2,0.27238574091189793,0.0002956326592411558,0.27238574091189793,2,1.0,0.0,1.0,2,0.0,0.0,0.0,2,0.0,0.0,0.0,2
honeycomb_nnn,ql,alpha_async,lesion,plastic,0,0,0.62,0.3,0.006,0.5,0.6,0.6,False,0.435092598523973,0.0020040480056504797,0.435092598523973,2,0.46102718284075617,0.0029567628341345383,0.46102718284075617,2,0.00153940450697465,0.001463110901011159,0.00153940450697465,2,0.0020744457068894236,0.003046581495281608,0.0020744457068894236,2,0.0014376194827648,0.0016383776808774014,0.0014376194827648,2,1.157891374339096,0.009705885813755321,1.157891374339096,2,0.07176095770045646,0.03416231412752235,0.07176095770045646,2,0.2793624566403222,0.005508067982547431,0.2793624566403222,2,1.0,0.0,1.0,2,0.0,0.0,0.0,2,0.0,0.0,0.0,2
honeycomb_nnn,ql,alpha_async,lesion,plastic,0,0,0.62,0.3,0.01,0.5,0.6,0.6,False,0.42776274096279887,0.0025994672054767357,0.42776274096279887,2,0.5159986754901341,0.005544526356512945,0.5159986754901341,2,-0.00337078163244945,0.005041449931172955,-0.00337078163244945,2,-0.00374960355930465,0.0023070211213400606,-0.00374960355930465,2,-0.00428063302098915,0.004976848026817651,-0.00428063302098915,2,1.1693389010796427,0.0007105828837311394,1.1693389010796427,2,0.0397102812247256,0.0007708128807291262,0.0397102812247256,2,0.27525996372063355,0.005939170098391823,0.27525996372063355,2,1.0,0.0,1.0,2,0.0,0.0,0.0,2,0.0,0.0,0.0,2
honeycomb_nnn,ql,alpha_async,lesion,plastic,0,0,0.62,0.3,0.016,0.5,0.6,0.6,False,0.4195224740815185,0.006124497354803201,0.4195224740815185,2,0.5594419124633508,0.0015246757126162575,0.5594419124633508,2,-0.0019645979013844,0.011882991808987272,-0.0019645979013844,2,-0.004293906093977701,0.011551726722832622,-0.004293906093977701,2,-0.0051517659562604,0.0026354533359776436,-0.0051517659562604,2,1.1552176609402798,0.016775880599066557,1.1552176609402798,2,0.06110116681736815,0.01702254641346162,0.06110116681736815,2,0.27234510637161735,0.005639114005113163,0.27234510637161735,2,1.0,0.0,1.0,2,0.0,0.0,0.0,2,0.0,0.0,0.0,2
honeycomb_nnn,ql,alpha_async,lesion,plastic,0,0,0.62,0.4,0.006,0.5,0.6,0.6,False,0.4330201328348489,0.0015551545852155936,0.4330201328348489,2,0.46511184034907027,0.007432057254663973,0.46511184034907027,2,0.0054244948392327,0.006516698698169924,0.0054244948392327,2,0.0039882812606351,0.0016279336702884953,0.0039882812606351,2,-0.00271898650640555,0.0023325376503829922,-0.00271898650640555,2,1.1938891408846104,0.00589131473215005,1.1938891408846104,2,0.05170420935597665,0.017845916716921345,0.05170420935597665,2,0.2778566610612788,0.0024753419388475416,0.2778566610612788,2,1.0,0.0,1.0,2,0.0,0.0,0.0,2,0.0,0.0,0.0,2
honeycomb_nnn,ql,alpha_async,lesion,plastic,0,0,0.62,0.4,0.01,0.5,0.6,0.6,False,0.42521359562347855,0.002732999580413604,0.42521359562347855,2,0.519621454528849,0.0045065860377335246,0.519621454528849,2,-0.00811246285622625,0.002046521895452275,-0.00811246285622625,2,-0.00313240024234265,0.0021279430705382924,-0.00313240024234265,2,-0.00573052100303105,0.0013562744861020369,-0.00573052100303105,2,1.1768697738386211,0.0028030929186796854,1.1768697738386211,2,0.04434979020663675,0.02144927327993711,0.04434979020663675,2,0.27723597934746746,0.004374025400863596,0.27723597934746746,2,1.0,0.0,1.0,2,0.0,0.0,0.0,2,0.0,0.0,0.0,2
honeycomb_nnn,ql,alpha_async,lesion,plastic,0,0,0.62,0.4,0.016,0.5,0.6,0.6,False,0.4174098703095265,0.0034041504662198816,0.4174098703095265,2,0.5540358583101368,8.371157675999252e-05,0.5540358583101368,2,-0.011540394857659252,0.0016724043070123896,-0.011540394857659252,2,-0.01111506195563915,0.0008085781007369683,-0.01111506195563915,2,-0.010879044708034701,0.0018250544039168826,-0.010879044708034701,2,1.1593029274145938,0.005322895859945438,1.1593029274145938,2,0.0432915053753731,0.021443972161209243,0.0432915053753731,2,0.2746759209002899,0.005314583813856419,0.2746759209002899,2,0.9999794543063774,2.905599856946382e-05,0.9999794543063774,2,0.0,0.0,0.0,2,0.0,0.0,0.0,2
honeycomb_nnn,ql,alpha_async,lesion,plastic,0,0,0.68,0.2,0.006,0.5,0.6,0.6,False,0.43680583390756345,0.00019950502132668295,0.43680583390756345,2,0.44973764618746237,0.0021503044740790187,0.44973764618746237,2,0.0011569444763245497,0.010004560058263426,0.0011569444763245497,2,0.0012767141753952,0.004441568947520299,0.0012767141753952,2,0.00541792540742035,0.0022779927940972415,0.00541792540742035,2,1.1409146077591958,0.0033917645199042913,1.1409146077591958,2,0.0503518811510863,0.020928808602095107,0.0503518811510863,2,0.27751213764904925,0.0029891436668851995,0.27751213764904925,2,1.0,0.0,1.0,2,0.0,0.0,0.0,2,0.0,0.0,0.0,2
honeycomb_nnn,ql,alpha_async,lesion,plastic,0,0,0.68,0.2,0.01,0.5,0.6,0.6,False,0.4300099334803089,0.0013934394056490658,0.4300099334803089,2,0.5206033382399721,0.012820037154904335,0.5206033382399721,2,0.00638847638827795,0.0027189721248292377,0.00638847638827795,2,0.0035015655707633002,0.0017396293900299572,0.0035015655707633002,2,-0.0027719775613917,0.003542098047593508,-0.0027719775613917,2,1.147121343826476,0.006510415561927082,1.147121343826476,2,0.05641636352454965,0.03712912153515327,0.05641636352454965,2,0.2699337348479619,0.002396419350373113,0.2699337348479619,2,1.0,0.0,1.0,2,0.0,0.0,0.0,2,0.0,0.0,0.0,2
honeycomb_nnn,ql,alpha_async,lesion,plastic,0,0,0.68,0.2,0.016,0.5,0.6,0.6,False,0.4231215306524259,0.0027875743037955635,0.4231215306524259,2,0.5544925716919209,0.010684794455400907,0.5544925716919209,2,-0.009051741879141999,0.003958662895076552,-0.009051741879141999,2,-0.008141573673585,0.002440609192783728,-0.008141573673585,2,-0.0063911718682863996,0.005662495559536679,-0.0063911718682863996,2,1.1281689943892526,0.00882685442791036,1.1281689943892526,2,0.0480909450228842,0.025258510845318546,0.0480909450228842,2,0.2703363361881945,0.0010524657895972268,0.2703363361881945,2,1.0,0.0,1.0,2,0.0,0.0,0.0,2,0.0,0.0,0.0,2
honeycomb_nnn,ql,alpha_async,lesion,plastic,0,0,0.68,0.3,0.006,0.5,0.6,0.6,False,0.4380500911615707,0.0006000233224456793,0.4380500911615707,2,0.4434005078419056,0.005233274312394052,0.4434005078419056,2,0.0018499928570219,0.0055541110144613276,0.0018499928570219,2,0.0009167895380140501,0.00029286922253757313,0.0009167895380140501,2,0.0036379245984084,0.003827050702755279,0.0036379245984084,2,1.1415638961820722,0.007528335457019559,1.1415638961820722,2,0.0441636534724005,0.023177083026912692,0.0441636534724005,2,0.277260740708424,0.0030797455196429208,0.277260740708424,2,1.0,0.0,1.0,2,0.0,0.0,0.0,2,0.0,0.0,0.0,2
honeycomb_nnn,ql,alpha_async,lesion,plastic,0,0,0.68,0.3,0.01,0.5,0.6,0.6,False,0.4298785288457566,0.001506735463726102,0.4298785288457566,2,0.508532855661483,0.007145773312220931,0.508532855661483,2,0.00369875297617355,0.013625333312090353,0.00369875297617355,2,0.0027944065252503,0.005849129002523255,0.0027944065252503,2,0.00686814882921855,0.007048324490649458,0.00686814882921855,2,1.1486377502742022,0.0034004030235790746,1.1486377502742022,2,0.043936634901917654,0.0009236039778820227,0.043936634901917654,2,0.27011287187037447,0.0009877949932228182,0.27011287187037447,2,1.0,0.0,1.0,2,0.0,0.0,0.0,2,0.0,0.0,0.0,2
honeycomb_nnn,ql,alpha_async,lesion,plastic,0,0,0.68,0.3,0.016,0.5,0.6,0.6,False,0.42252249770466765,0.001261445870362577,0.42252249770466765,2,0.5531697120894288,0.011230806151412065,0.5531697120894288,2,9.663881698019987e-05,0.0054458687319105005,9.663881698019987e-05,2,0.0016993290919354999,0.004919347349665436,0.0016993290919354999,2,-0.00033142707907044986,0.003775734050881908,-0.00033142707907044986,2,1.1384483365080071,0.015502837625539527,1.1384483365080071,2,0.043543213217687,0.006044300756955053,0.043543213217687,2,0.2682781440715932,0.00011627578546716183,0.2682781440715932,2,1.0,0.0,1.0,2,0.0,0.0,0.0,2,0.0,0.0,0.0,2
honeycomb_nnn,ql,alpha_async,lesion,plastic,0,0,0.68,0.4,0.006,0.5,0.6,0.6,False,0.4363140041694452,8.902428867218546e-05,0.4363140041694452,2,0.44834122758000955,0.0027920578157115813,0.44834122758000955,2,0.00143235164497305,0.0001299694552736932,0.00143235164497305,2,0.0010649645747374502,0.003006740433340647,0.0010649645747374502,2,0.0047829635363107505,0.0016318136523621302,0.0047829635363107505,2,1.1504718668439549,0.0026076274268109724,1.1504718668439549,2,0.05239165011482565,0.005161611673831006,0.05239165011482565,2,0.27741801286402906,0.0033687358756509097,0.27741801286402906,2,1.0,0.0,1.0,2,0.0,0.0,0.0,2,0.0,0.0,0.0,2
honeycomb_nnn,ql,alpha_async,lesion,plastic,0,0,0.68,0.4,0.01,0.5,0.6,0.6,False,0.42923066649043906,0.00123752372088562,0.42923066649043906,2,0.5158446796061886,0.008088416245946197,0.5158446796061886,2,-0.008879413195810749,0.007386674732275808,-0.008879413195810749,2,-0.0065821008795811506,0.01276048468448659,-0.0065821008795811506,2,0.00151115092271685,0.004222740810057382,0.00151115092271685,2,1.1560811778180649,0.021996200066141496,1.1560811778180649,2,0.0462038376306835,0.006078631147534068,0.0462038376306835,2,0.27184803913548206,0.0021566985409364396,0.27184803913548206,2,1.0,0.0,1.0,2,0.0,0.0,0.0,2,0.0,0.0,0.0,2
honeycomb_nnn,ql,alpha_async,lesion,plastic,0,0,0.68,0.4,0.016,0.5,0.6,0.6,False,0.4203324636123532,0.0002490066026677314,0.4203324636123532,2,0.5583225338250231,0.015170923798961965,0.5583225338250231,2,-0.004366121860066999,0.012517134830726591,-0.004366121860066999,2,-0.0083305373019378,0.0031896787109987747,-0.0083305373019378,2,-0.0056255498902543005,0.005891814083235608,-0.0056255498902543005,2,1.1476319453848323,0.014105371820690778,1.1476319453848323,2,0.0422437298075604,0.005350130459413803,0.0422437298075604,2,0.2692738164807914,0.00032614806116610203,0.2692738164807914,2,0.9999794543063774,2.905599856946382e-05,0.9999794543063774,2,0.0,0.0,0.0,2,0.0,0.0,0.0,2
square_moore,markov,alpha_async,lesion,plastic,0,0,0.58,0.2,0.006,0.5,0.6,0.6,False,0.282682919996481,0.00925370722673127,0.282682919996481,2,0.39588492855933466,0.02203282424023365,0.39588492855933466,2,0.0645523084806937,0.005061562658826455,0.0645523084806937,2,0.09752384255649565,0.0006777486271207418,0.09752384255649565,2,0.0902010448726822,0.00039191429707727016,0.0902010448726822,2,1.5304596145677003,0.011551921715016088,1.5304596145677003,2,0.07313475103287201,0.006589745919342684,0.07313475103287201,2,0.0,0.0,0.0,2,1.0,0.0,1.0,2,0.0,0.0,0.0,2,0.0,0.0,0.0,2
square_moore,markov,alpha_async,lesion,plastic,0,0,0.58,0.2,0.01,0.5,0.6,0.6,False,0.28531667677190287,0.00915847774609566,0.28531667677190287,2,0.3816193652920264,0.007131984742158989,0.3816193652920264,2,0.05566223424214965,0.0022515101591926846,0.05566223424214965,2,0.09364018381413775,0.007058511924683967,0.09364018381413775,2,0.0954202681566359,0.0003498135303624528,0.0954202681566359,2,1.5229703816471671,0.016670865635456004,1.5229703816471671,2,0.1098625015666202,0.06077808235838061,0.1098625015666202,2,0.0,0.0,0.0,2,1.0,0.0,1.0,2,0.0,0.0,0.0,2,0.0,0.0,0.0,2
square_moore,markov,alpha_async,lesion,plastic,0,0,0.58,0.2,0.016,0.5,0.6,0.6,False,0.2742934556258686,1.3195067655601585e-05,0.2742934556258686,2,0.36923531564592316,0.0019777606697470476,0.36923531564592316,2,0.06655214561158615,0.001930048211517161,0.06655214561158615,2,0.09734953509190405,0.00045580134465719534,0.09734953509190405,2,0.09989345600728461,0.0041597995664600955,0.09989345600728461,2,1.4996088711155384,0.004230328124056678,1.4996088711155384,2,0.10052436295535935,0.060344286872086254,0.10052436295535935,2,0.0,0.0,0.0,2,1.0,0.0,1.0,2,0.0,0.0,0.0,2,0.0,0.0,0.0,2
square_moore,markov,alpha_async,lesion,plastic,0,0,0.58,0.3,0.006,0.5,0.6,0.6,False,0.27426536994507433,3.1495360945030596e-06,0.27426536994507433,2,0.39360232615434987,0.002387700147926432,0.39360232615434987,2,0.07069520737940285,0.007409597484267668,0.07069520737940285,2,0.10435094595778499,0.010801705984712322,0.10435094595778499,2,0.1033857698471672,0.0020292688961707746,0.1033857698471672,2,1.516965118235363,0.0014088882805633556,1.516965118235363,2,0.07045438314153606,0.014548066314361435,0.07045438314153606,2,0.0,0.0,0.0,2,1.0,0.0,1.0,2,0.0,0.0,0.0,2,0.0,0.0,0.0,2
square_moore,markov,alpha_async,lesion,plastic,0,0,0.58,0.3,0.01,0.5,0.6,0.6,False,0.2754114100691739,0.01227134304522927,0.2754114100691739,2,0.36465861112949416,0.02575384462961827,0.36465861112949416,2,0.07133397222688889,0.00752772740954427,0.07133397222688889,2,0.10642677239616849,0.010799235435911665,0.10642677239616849,2,0.09495359694264725,0.007171034109043442,0.09495359694264725,2,1.5107325159759128,0.024180488139008235,1.5107325159759128,2,0.10602322745100301,0.0679202207387971,0.10602322745100301,2,0.0,0.0,0.0,2,1.0,0.0,1.0,2,0.0,0.0,0.0,2,0.0,0.0,0.0,2
square_moore,markov,alpha_async,lesion,plastic,0,0,0.58,0.3,0.016,0.5,0.6,0.6,False,0.2773867002483344,0.002591988473100773,0.2773867002483344,2,0.3656274408857342,0.009072562385466311,0.3656274408857342,2,0.057228849963673806,0.004938091319094295,0.057228849963673806,2,0.09345136244686844,0.003862547951500985,0.09345136244686844,2,0.09226111794812344,0.006064004465001908,0.09226111794812344,2,1.5100306936118002,0.007659865400739781,1.5100306936118002,2,0.0696969412937835,0.02851583489250535,0.0696969412937835,2,0.0,0.0,0.0,2,1.0,0.0,1.0,2,0.0,0.0,0.0,2,0.0,0.0,0.0,2
square_moore,markov,alpha_async,lesion,plastic,0,0,0.58,0.4,0.006,0.5,0.6,0.6,False,0.2654190824663937,0.008146614686536548,0.2654190824663937,2,0.3718024505525741,0.011075813533123294,0.3718024505525741,2,0.0718793148379431,0.01013432909810417,0.0718793148379431,2,0.1100907635145631,0.0020268197810222963,0.1100907635145631,2,0.10663132660149975,0.018236824726778032,0.10663132660149975,2,1.503415787393712,0.014059282750836585,1.503415787393712,2,0.06958770224707511,0.0017028102636909121,0.06958770224707511,2,0.0,0.0,0.0,2,1.0,0.0,1.0,2,0.0,0.0,0.0,2,0.0,0.0,0.0,2
square_moore,markov,alpha_async,lesion,plastic,0,0,0.58,0.4,0.01,0.5,0.6,0.6,False,0.27424845427397543,0.0017343497993076301,0.27424845427397543,2,0.3706102907078067,0.0023744422133742593,0.3706102907078067,2,0.07485983369373389,0.0032969614502823767,0.07485983369373389,2,0.10509520967367245,0.0020419712288218404,0.10509520967367245,2,0.09987823530259785,0.0023394287828426784,0.09987823530259785,2,1.5125163696849215,0.0007080014068548527,1.5125163696849215,2,0.102264560065968,0.056523982382023,0.102264560065968,2,0.0,0.0,0.0,2,1.0,0.0,1.0,2,0.0,0.0,0.0,2,0.0,0.0,0.0,2
square_moore,markov,alpha_async,lesion,plastic,0,0,0.58,0.4,0.016,0.5,0.6,0.6,False,0.26237335742283274,0.007959557624370214,0.26237335742283274,2,0.33944788519415753,0.007758879182207488,0.33944788519415753,2,0.07432874070293595,0.00963414228293764,0.07432874070293595,2,0.10290690892499875,0.006561248994957895,0.10290690892499875,2,0.10252248026378241,0.00434651286799393,0.10252248026378241,2,1.4791710509038363,0.02129874788943708,1.4791710509038363,2,0.08550695671832424,0.03781962492018428,0.08550695671832424,2,0.0,0.0,0.0,2,1.0,0.0,1.0,2,0.0,0.0,0.0,2,0.0,0.0,0.0,2
square_moore,markov,alpha_async,lesion,plastic,0,0,0.62,0.2,0.006,0.5,0.6,0.6,False,0.2959165331172584,0.002632605029522474,0.2959165331172584,2,0.4165583719478842,0.0094213020315544,0.4165583719478842,2,0.06375155511957531,0.00010885697837437363,0.06375155511957531,2,0.09490389704461555,0.0066138644218503816,0.09490389704461555,2,0.07557469630616105,0.00743313396678912,0.07557469630616105,2,1.5413821428123398,0.00529148110899333,1.5413821428123398,2,0.08797961632351875,0.02308556916959179,0.08797961632351875,2,0.0,0.0,0.0,2,1.0,0.0,1.0,2,0.0,0.0,0.0,2,0.0,0.0,0.0,2
square_moore,markov,alpha_async,lesion,plastic,0,0,0.62,0.2,0.01,0.5,0.6,0.6,False,0.3033073611193803,0.004437810129301024,0.3033073611193803,2,0.40192055648454383,0.009499224893183684,0.40192055648454383,2,0.0501042740111503,0.013746121853248913,0.0501042740111503,2,0.08569474988458306,0.0025647539050801375,0.08569474988458306,2,0.0830571094716914,0.00558793311451992,0.0830571094716914,2,1.5500852654229234,0.006277059944914071,1.5500852654229234,2,0.1129045242350708,0.06663450514896548,0.1129045242350708,2,0.0,0.0,0.0,2,1.0,0.0,1.0,2,0.0,0.0,0.0,2,0.0,0.0,0.0,2
square_moore,markov,alpha_async,lesion,plastic,0,0,0.62,0.2,0.016,0.5,0.6,0.6,False,0.2977617344720296,0.018783503879734816,0.2977617344720296,2,0.39668285133381803,0.020927076208275754,0.39668285133381803,2,0.05157293799688625,0.009343095427469417,0.05157293799688625,2,0.08156373738734654,0.01545242125760386,0.08156373738734654,2,0.0894589227070261,0.021420706250766145,0.0894589227070261,2,1.5397381781589083,0.02630391616281648,1.5397381781589083,2,0.07172249744598695,0.007888975583330718,0.07172249744598695,2,0.0,0.0,0.0,2,1.0,0.0,1.0,2,0.0,0.0,0.0,2,0.0,0.0,0.0,2
square_moore,markov,alpha_async,lesion,plastic,0,0,0.62,0.3,0.006,0.5,0.6,0.6,False,0.2905180133896373,0.009373337979560163,0.2905180133896373,2,0.4101616067726045,0.010633541168680254,0.4101616067726045,2,0.061629176814185255,0.004076721218486311,0.061629176814185255,2,0.09268783086028895,0.00615702108657275,0.09268783086028895,2,0.0851838955371213,0.0020589578975159133,0.0851838955371213,2,1.5348134553987594,0.01060511840895018,1.5348134553987594,2,0.07036247664143139,1.9650351022768344e-05,0.07036247664143139,2,0.0,0.0,0.0,2,1.0,0.0,1.0,2,0.0,0.0,0.0,2,0.0,0.0,0.0,2
square_moore,markov,alpha_async,lesion,plastic,0,0,0.62,0.3,0.01,0.5,0.6,0.6,False,0.2928457383244716,0.01288536408276344,0.2928457383244716,2,0.3866171355841904,0.02859660120744192,0.3866171355841904,2,0.057146470616496095,0.016555578128930142,0.057146470616496095,2,0.08959409980260774,0.0079262147293542,0.08959409980260774,2,0.0835719141607357,0.01144052204975658,0.0835719141607357,2,1.5336762310700163,0.022158166405560578,1.5336762310700163,2,0.0639836799020791,0.00842540288020468,0.0639836799020791,2,0.0,0.0,0.0,2,1.0,0.0,1.0,2,0.0,0.0,0.0,2,0.0,0.0,0.0,2
square_moore,markov,alpha_async,lesion,plastic,0,0,0.62,0.3,0.016,0.5,0.6,0.6,False,0.29659433573089244,0.012354217567908336,0.29659433573089244,2,0.3883005725350137,0.010920634441782675,0.3883005725350137,2,0.039536476288264996,0.004999065784202735,0.039536476288264996,2,0.079523337032985,0.014660950471734397,0.079523337032985,2,0.08232553030491445,0.006704102063005985,0.08232553030491445,2,1.5365975442842235,0.021298469785416406,1.5365975442842235,2,0.0632039003076306,0.014959483968512589,0.0632039003076306,2,0.0,0.0,0.0,2,1.0,0.0,1.0,2,0.0,0.0,0.0,2,0.0,0.0,0.0,2
square_moore,markov,alpha_async,lesion,plastic,0,0,0.62,0.4,0.006,0.5,0.6,0.6,False,0.2863464276235983,0.004513346713231435,0.2863464276235983,2,0.40627629322504427,0.0035381494117019685,0.40627629322504427,2,0.0651439272165782,0.004724832959560594,0.0651439272165782,2,0.09407327106086774,0.012712311606050764,0.09407327106086774,2,0.0837910945289424,0.004247986906159717,0.0837910945289424,2,1.5274352730099172,0.009794820482238686,1.5274352730099172,2,0.05925830557918725,0.004244486612993821,0.05925830557918725,2,0.0,0.0,0.0,2,1.0,0.0,1.0,2,0.0,0.0,0.0,2,0.0,0.0,0.0,2
square_moore,markov,alpha_async,lesion,plastic,0,0,0.62,0.4,0.01,0.5,0.6,0.6,False,0.29025217793028124,0.00462137407889807,0.29025217793028124,2,0.39616398442682843,0.0010715871113898563,0.39616398442682843,2,0.0584398495105531,0.001921788863330241,0.0584398495105531,2,0.09250525465827594,0.000608639933621585,0.09250525465827594,2,0.0883229296037131,0.002619923128480589,0.0883229296037131,2,1.5360960116186375,0.008016680878095575,1.5360960116186375,2,0.056446669906042746,0.004033184475779577,0.056446669906042746,2,0.0,0.0,0.0,2,1.0,0.0,1.0,2,0.0,0.0,0.0,2,0.0,0.0,0.0,2
square_moore,markov,alpha_async,lesion,plastic,0,0,0.62,0.4,0.016,0.5,0.6,0.6,False,0.29140832036567543,0.008163799979347902,0.29140832036567543,2,0.3881515727936259,0.01663516827314685,0.3881515727936259,2,0.05073112009525289,0.0016517847887965059,0.05073112009525289,2,0.08823062865242384,0.0028649222070615404,0.08823062865242384,2,0.0844251091589667,0.006069505921565114,0.0844251091589667,2,1.5289715883051485,0.013744650773469095,1.5289715883051485,2,0.0650402200091955,0.015274951814332265,0.0650402200091955,2,0.0,0.0,0.0,2,1.0,0.0,1.0,2,0.0,0.0,0.0,2,0.0,0.0,0.0,2
square_moore,markov,alpha_async,lesion,plastic,0,0,0.68,0.2,0.006,0.5,0.6,0.6,False,0.32390203732896444,0.001277617397427713,0.32390203732896444,2,0.45360904639982613,0.002652125548691805,0.45360904639982613,2,0.04146660086721185,0.00309017046928233,0.04146660086721185,2,0.06669295491167734,0.0014338324111261287,0.06669295491167734,2,0.0616736793956518,0.011607942207648648,0.0616736793956518,2,1.556702317491994,0.0017883320453949277,1.556702317491994,2,0.0546366376241616,0.011529129391765614,0.0546366376241616,2,0.0,0.0,0.0,2,1.0,0.0,1.0,2,0.0,0.0,0.0,2,0.0,0.0,0.0,2
square_moore,markov,alpha_async,lesion,plastic,0,0,0.68,0.2,0.01,0.5,0.6,0.6,False,0.32398695515830234,0.005216636072031402,0.32398695515830234,2,0.4317267954220546,0.008661572374786503,0.4317267954220546,2,0.03403671373711905,0.01296535329221202,0.03403671373711905,2,0.0659310728152628,0.005971163355655745,0.0659310728152628,2,0.0634531386165362,0.010193398367987433,0.0634531386165362,2,1.5631401566195864,0.0057786698956314,1.5631401566195864,2,0.12404214082930785,0.0680635502455266,0.12404214082930785,2,0.0,0.0,0.0,2,1.0,0.0,1.0,2,0.0,0.0,0.0,2,0.0,0.0,0.0,2
square_moore,markov,alpha_async,lesion,plastic,0,0,0.68,0.2,0.016,0.5,0.6,0.6,False,0.31848386978157905,0.012619034439904114,0.31848386978157905,2,0.41770651439563566,0.006686586991017624,0.41770651439563566,2,0.028876055935805302,0.011855319813446988,0.028876055935805302,2,0.06413430299509,0.013451767779262195,0.06413430299509,2,0.0751666393057512,0.02109661643417584,0.0751666393057512,2,1.549920819329833,0.005944694080851609,1.549920819329833,2,0.044033653263565106,0.0033611208597672734,0.044033653263565106,2,0.0,0.0,0.0,2,1.0,0.0,1.0,2,0.0,0.0,0.0,2,0.0,0.0,0.0,2
square_moore,markov,alpha_async,lesion,plastic,0,0,0.68,0.3,0.006,0.5,0.6,0.6,False,0.3167448784235867,0.010910858219186425,0.3167448784235867,2,0.4518209278338605,0.016550046881381005,0.4518209278338605,2,0.0449937990753362,0.008868149215451896,0.0449937990753362,2,0.07763964580088895,0.012372006809078788,0.07763964580088895,2,0.06243146072399195,0.006621704215451281,0.06243146072399195,2,1.5489221324715645,0.001585168466496948,1.5489221324715645,2,0.0600102691341242,0.002116687399083982,0.0600102691341242,2,0.0,0.0,0.0,2,1.0,0.0,1.0,2,0.0,0.0,0.0,2,0.0,0.0,0.0,2
square_moore,markov,alpha_async,lesion,plastic,0,0,0.68,0.3,0.01,0.5,0.6,0.6,False,0.32024645160206694,0.0034343651791192134,0.32024645160206694,2,0.41976747435494716,0.0029561170054455722,0.41976747435494716,2,0.03581683986879565,0.009906548575724814,0.03581683986879565,2,0.06727242849353976,0.0023274115356062236,0.06727242849353976,2,0.0639651296376813,0.0050717662170850775,0.0639651296376813,2,1.558563393203587,0.0006272937116635291,1.558563393203587,2,0.049472981238918204,0.010633258277354708,0.049472981238918204,2,0.0,0.0,0.0,2,1.0,0.0,1.0,2,0.0,0.0,0.0,2,0.0,0.0,0.0,2
square_moore,markov,alpha_async,lesion,plastic,0,0,0.68,0.3,0.016,0.5,0.6,0.6,False,0.3125081774095193,0.009442828326896144,0.3125081774095193,2,0.4188661025958019,0.00479398882905873,0.4188661025958019,2,0.03536309716992495,0.008172317796678756,0.03536309716992495,2,0.07024595796059324,0.0023679430612035327,0.07024595796059324,2,0.0660837508788652,0.0061653817352658995,0.0660837508788652,2,1.5471970708920988,0.015376173042027666,1.5471970708920988,2,0.0600714127568342,0.008691976835856185,0.0600714127568342,2,0.0,0.0,0.0,2,1.0,0.0,1.0,2,0.0,0.0,0.0,2,0.0,0.0,0.0,2
square_moore,markov,alpha_async,lesion,plastic,0,0,0.68,0.4,0.006,0.5,0.6,0.6,False,0.3107950744789342,0.009279976761606608,0.3107950744789342,2,0.433586603273125,0.01675880658877416,0.433586603273125,2,0.0462445730487421,0.013578331884111991,0.0462445730487421,2,0.08653603880509614,0.010011760988179772,0.08653603880509614,2,0.07288839606115824,0.009114024478670987,0.07288839606115824,2,1.5437362454105403,0.011075143642601695,1.5437362454105403,2,0.07095995685313736,0.02069357158755534,0.07095995685313736,2,0.0,0.0,0.0,2,1.0,0.0,1.0,2,0.0,0.0,0.0,2,0.0,0.0,0.0,2
square_moore,markov,alpha_async,lesion,plastic,0,0,0.68,0.4,0.01,0.5,0.6,0.6,False,0.308315681237255,0.01454397867934171,0.308315681237255,2,0.40839417277708934,0.017129408969915983,0.40839417277708934,2,0.0458041974930862,0.00632094273758823,0.0458041974930862,2,0.0761157145043837,0.007278098612366286,0.0761157145043837,2,0.0828777568903407,0.02516008360140637,0.0828777568903407,2,1.546436486729685,0.011801984735830046,1.546436486729685,2,0.05353293122943855,0.004834689162536617,0.05353293122943855,2,0.0,0.0,0.0,2,1.0,0.0,1.0,2,0.0,0.0,0.0,2,0.0,0.0,0.0,2
square_moore,markov,alpha_async,lesion,plastic,0,0,0.68,0.4,0.016,0.5,0.6,0.6,False,0.30738551240401074,0.004301831322390819,0.30738551240401074,2,0.3980424973287774,0.007783008400781413,0.3980424973287774,2,0.04358306470304975,0.005301843238764253,0.04358306470304975,2,0.0723931216295927,0.004632735439933048,0.0723931216295927,2,0.07769416071407209,0.0013351373454203097,0.07769416071407209,2,1.5450005160812417,0.0036997672059628194,1.5450005160812417,2,0.0515428977243519,0.0031457059268698725,0.0515428977243519,2,0.0,0.0,0.0,2,1.0,0.0,1.0,2,0.0,0.0,0.0,2,0.0,0.0,0.0,2
square_moore,ql,alpha_async,lesion,plastic,0,0,0.58,0.2,0.006,0.5,0.6,0.6,False,0.3966350496668878,0.00033095797902711166,0.3966350496668878,2,0.5994142093157452,0.003193108900677349,0.5994142093157452,2,0.0040928065825904004,0.00042824532010606145,0.0040928065825904004,2,0.013805118470905549,0.010080174085543831,0.013805118470905549,2,0.0210792999439913,0.005526908213381804,0.0210792999439913,2,1.484272341385366,0.0055458834478861055,1.484272341385366,2,0.0813724605837518,0.03383807542562639,0.0813724605837518,2,0.3295504034331988,0.001593507934321902,0.3295504034331988,2,1.0,0.0,1.0,2,0.0,0.0,0.0,2,0.0,0.0,0.0,2
square_moore,ql,alpha_async,lesion,plastic,0,0,0.58,0.2,0.01,0.5,0.6,0.6,False,0.396956224474109,0.0035945918264735756,0.396956224474109,2,0.5851120744893806,0.016246442280907603,0.5851120744893806,2,0.00422132066811505,0.0011842805107942043,0.00422132066811505,2,0.022221898101483048,0.0006054560514170826,0.022221898101483048,2,0.01224354893795975,0.008481407056107363,0.01224354893795975,2,1.5024164497676369,0.018939764713002943,1.5024164497676369,2,0.1102113106794399,0.023799359697554208,0.1102113106794399,2,0.32484653440457667,0.0030284615054561445,0.32484653440457667,2,1.0,0.0,1.0,2,0.0,0.0,0.0,2,0.0,0.0,0.0,2
square_moore,ql,alpha_async,lesion,plastic,0,0,0.58,0.2,0.016,0.5,0.6,0.6,False,0.39593357210060176,0.0008207180319238842,0.39593357210060176,2,0.5811379601397604,0.006636410874694621,0.5811379601397604,2,-0.0025773518793431,0.0039910379933858695,-0.0025773518793431,2,0.011928182605042251,0.003059829174801318,0.011928182605042251,2,0.009721638745936699,0.010115639688349068,0.009721638745936699,2,1.5265845898398682,0.014437908127953314,1.5265845898398682,2,0.09498683992417785,0.019350848116000588,0.09498683992417785,2,0.3192623241906769,0.0018782229651467934,0.3192623241906769,2,1.0,0.0,1.0,2,0.0,0.0,0.0,2,0.0,0.0,0.0,2
square_moore,ql,alpha_async,lesion,plastic,0,0,0.58,0.3,0.006,0.5,0.6,0.6,False,0.39441543985798433,0.0012189191059787182,0.39441543985798433,2,0.6086261335213474,0.005310507811778926,0.6086261335213474,2,0.0095886349057858,0.0022752122932158166,0.0095886349057858,2,0.0221819233009515,0.004812992166759675,0.0221819233009515,2,0.01150043408004195,0.006155292613848369,0.01150043408004195,2,1.473748001662691,0.004185910733248588,1.473748001662691,2,0.06913263433698824,0.004920998562974254,0.06913263433698824,2,0.32929475177293865,0.0015002996020978402,0.32929475177293865,2,1.0,0.0,1.0,2,0.0,0.0,0.0,2,0.0,0.0,0.0,2
square_moore,ql,alpha_async,lesion,plastic,0,0,0.58,0.3,0.01,0.5,0.6,0.6,False,0.3962105451335958,0.003196674242821919,0.3962105451335958,2,0.5858536474401119,0.00409050642572728,0.5858536474401119,2,9.384015103489985e-05,0.007637102467365134,9.384015103489985e-05,2,0.0165040778843344,0.006093019330569484,0.0165040778843344,2,0.02450385783549025,0.015259022244676812,0.02450385783549025,2,1.49687519448174,0.0012535766830997857,1.49687519448174,2,0.06680719050745226,0.004668057189957894,0.06680719050745226,2,0.3253218288137753,0.0028076890936760005,0.3253218288137753,2,1.0,0.0,1.0,2,0.0,0.0,0.0,2,0.0,0.0,0.0,2
square_moore,ql,alpha_async,lesion,plastic,0,0,0.58,0.3,0.016,0.5,0.6,0.6,False,0.3929218634488929,0.0036782281097921493,0.3929218634488929,2,0.5715601534305884,0.005005713586817032,0.5715601534305884,2,0.004876892338772599,0.004815347561555641,0.004876892338772599,2,0.0096807431502802,0.005384671043209672,0.0096807431502802,2,0.0122012694960325,0.005802596017348531,0.0122012694960325,2,1.5374934869883672,0.0009657417307259427,1.5374934869883672,2,0.0594999189674219,0.023041778886098128,0.0594999189674219,2,0.3186414811963983,0.0005872114281228366,0.3186414811963983,2,1.0,0.0,1.0,2,0.0,0.0,0.0,2,0.0,0.0,0.0,2
square_moore,ql,alpha_async,lesion,plastic,0,0,0.58,0.4,0.006,0.5,0.6,0.6,False,0.39173376266399307,0.0003208212738256531,0.39173376266399307,2,0.6097057584152195,0.0020871148759537654,0.6097057584152195,2,0.012808580463225298,0.0021383526787219368,0.012808580463225298,2,0.02878503374088225,0.004760146529197059,0.02878503374088225,2,0.01675372136923695,0.014923344240992703,0.01675372136923695,2,1.4759609076159894,0.009627825920239442,1.4759609076159894,2,0.08236929493067155,0.004173074952791718,0.08236929493067155,2,0.33133778640247186,0.0005465260522690341,0.33133778640247186,2,1.0,0.0,1.0,2,0.0,0.0,0.0,2,0.0,0.0,0.0,2
square_moore,ql,alpha_async,lesion,plastic,0,0,0.58,0.4,0.01,0.5,0.6,0.6,False,0.39242963624998806,0.001470989425244703,0.39242963624998806,2,0.5842263833680565,0.010329517531856786,0.5842263833680565,2,-0.0042314461844352,0.004018553683756214,-0.0042314461844352,2,0.0139607195450922,0.006313756315865798,0.0139607195450922,2,0.0166477950586745,0.011148773799766776,0.0166477950586745,2,1.5072278595390687,0.00278056485283545,1.5072278595390687,2,0.08412723890931854,0.007816001633023364,0.08412723890931854,2,0.32871330404978594,0.0005705982775554714,0.32871330404978594,2,1.0,0.0,1.0,2,0.0,0.0,0.0,2,0.0,0.0,0.0,2
square_moore,ql,alpha_async,lesion,plastic,0,0,0.58,0.4,0.016,0.5,0.6,0.6,False,0.39183971601506074,0.0024660836626115576,0.39183971601506074,2,0.5806141798820472,0.008552123001986657,0.5806141798820472,2,0.0014135084229478499,0.006779580778267682,0.0014135084229478499,2,0.01217104654216645,0.004205472035898112,0.01217104654216645,2,0.0168680828393481,0.006275093572094871,0.0168680828393481,2,1.5170603850138957,0.018140231643116407,1.5170603850138957,2,0.044607900850037546,0.013709372702387361,0.044607900850037546,2,0.3219154838292365,0.0014113526229115392,0.3219154838292365,2,1.0,0.0,1.0,2,0.0,0.0,0.0,2,0.0,0.0,0.0,2
square_moore,ql,alpha_async,lesion,plastic,0,0,0.62,0.2,0.006,0.5,0.6,0.6,False,0.403608748967965,0.0003837165579836345,0.403608748967965,2,0.6079933847007397,0.006103055780353885,0.6079933847007397,2,0.008828893216549099,0.007964461958950226,0.008828893216549099,2,0.01602042092838025,0.0017367909065999416,0.01602042092838025,2,0.0064055206825723,0.010393079241755988,0.0064055206825723,2,1.463236333682949,0.004445559505970538,1.463236333682949,2,0.0639507560491559,0.006791592388319842,0.0639507560491559,2,0.3244997443809051,0.0001090275219895486,0.3244997443809051,2,1.0,0.0,1.0,2,0.0,0.0,0.0,2,0.0,0.0,0.0,2
square_moore,ql,alpha_async,lesion,plastic,0,0,0.62,0.2,0.01,0.5,0.6,0.6,False,0.40343556768677125,0.0002661447687276776,0.40343556768677125,2,0.5796170602383764,0.004856842556183677,0.5796170602383764,2,-0.009188028861388,8.516855305211972e-05,-0.009188028861388,2,0.013410965825033549,0.001298500760026254,0.013410965825033549,2,0.01180993007941965,0.0017269752237396338,0.01180993007941965,2,1.4856205904395963,0.005734500299946531,1.4856205904395963,2,0.08129004524679401,0.009983525559047923,0.08129004524679401,2,0.31810566235994114,0.0007267037165747333,0.31810566235994114,2,1.0,0.0,1.0,2,0.0,0.0,0.0,2,0.0,0.0,0.0,2
square_moore,ql,alpha_async,lesion,plastic,0,0,0.62,0.2,0.016,0.5,0.6,0.6,False,0.40198925989030565,0.0005620546586872606,0.40198925989030565,2,0.5637511980763419,0.01714676582916086,0.5637511980763419,2,-0.0019061669296727,0.0018192516799489201,-0.0019061669296727,2,0.0071988304447989,0.003134145660255141,0.0071988304447989,2,0.0121911530759865,0.014092670762117393,0.0121911530759865,2,1.5337309220630537,0.005904523617996809,1.5337309220630537,2,0.0864465622266148,0.03400062941703294,0.0864465622266148,2,0.30944073145383866,0.0026027527599250954,0.30944073145383866,2,1.0,0.0,1.0,2,0.0,0.0,0.0,2,0.0,0.0,0.0,2
square_moore,ql,alpha_async,lesion,plastic,0,0,0.62,0.3,0.006,0.5,0.6,0.6,False,0.4003388414475499,0.00020060967270866962,0.4003388414475499,2,0.6033810989386654,0.007972128760305373,0.6033810989386654,2,0.00921283511005385,0.002532327057545855,0.00921283511005385,2,0.0150726266675347,0.004611693361181895,0.0150726266675347,2,0.010327528577312551,0.011088274733718415,0.010327528577312551,2,1.4681187351644411,0.016180957015482115,1.4681187351644411,2,0.05681930739923535,0.006307333081425976,0.05681930739923535,2,0.32477601097067393,0.0013431257819232873,0.32477601097067393,2,1.0,0.0,1.0,2,0.0,0.0,0.0,2,0.0,0.0,0.0,2
square_moore,ql,alpha_async,lesion,plastic,0,0,0.62,0.3,0.01,0.5,0.6,0.6,False,0.401410427064398,0.002024983536847386,0.401410427064398,2,0.5823083524961796,0.007005967195066502,0.5823083524961796,2,0.0087244048178598,0.005999746935830138,0.0087244048178598,2,0.016380548771003048,0.004424490306574747,0.016380548771003048,2,0.0103439512414377,0.0014608615209577226,0.0103439512414377,2,1.4881257527241027,0.0025806404144146926,1.4881257527241027,2,0.05206632857433175,0.012699127158886997,0.05206632857433175,2,0.31979822167783,0.002267574902165929,0.31979822167783,2,1.0,0.0,1.0,2,0.0,0.0,0.0,2,0.0,0.0,0.0,2
square_moore,ql,alpha_async,lesion,plastic,0,0,0.62,0.3,0.016,0.5,0.6,0.6,False,0.39836794362589345,0.0015927733907678467,0.39836794362589345,2,0.573913010894345,0.013809052049980225,0.573913010894345,2,-0.00030757163869365,0.00686113808497662,-0.00030757163869365,2,0.01009500486433405,0.0003684011340571861,0.01009500486433405,2,0.01251439261325115,0.011340595797461302,0.01251439261325115,2,1.5213105246430514,0.021190208639382865,1.5213105246430514,2,0.09646730764967029,0.025068283781379094,0.09646730764967029,2,0.3123610146360622,0.0016636754626527365,0.3123610146360622,2,1.0,0.0,1.0,2,0.0,0.0,0.0,2,0.0,0.0,0.0,2
square_moore,ql,alpha_async,lesion,plastic,0,0,0.62,0.4,0.006,0.5,0.6,0.6,False,0.3991515567513799,0.0026681599378663794,0.3991515567513799,2,0.5936373613914996,0.001897266672954733,0.5936373613914996,2,0.006946722826258251,0.01711509590598251,0.006946722826258251,2,0.017369412448583102,0.00909072160665526,0.017369412448583102,2,0.0203615428517387,0.00012875305508119983,0.0203615428517387,2,1.4824703517594318,0.015280940370385757,1.4824703517594318,2,0.0608920612863008,0.005477529278096239,0.0608920612863008,2,0.32470414952483573,0.0009154044222392486,0.32470414952483573,2,1.0,0.0,1.0,2,0.0,0.0,0.0,2,0.0,0.0,0.0,2
square_moore,ql,alpha_async,lesion,plastic,0,0,0.62,0.4,0.01,0.5,0.6,0.6,False,0.400298026849797,0.00010495454969796291,0.400298026849797,2,0.5789821756524339,0.0181424936856413,0.5789821756524339,2,0.0041541588117198,0.011428107927234563,0.0041541588117198,2,0.0183313628354421,0.0021690684651646222,0.0183313628354421,2,0.019784690859230653,0.0033129136549785595,0.019784690859230653,2,1.4980216928978654,0.026391401370146103,1.4980216928978654,2,0.08006868851030564,0.027408454828255234,0.08006868851030564,2,0.32188037779413947,0.00022519236454888742,0.32188037779413947,2,1.0,0.0,1.0,2,0.0,0.0,0.0,2,0.0,0.0,0.0,2
square_moore,ql,alpha_async,lesion,plastic,0,0,0.62,0.4,0.016,0.5,0.6,0.6,False,0.4002225519592259,0.0008506173203706375,0.4002225519592259,2,0.5721953725172563,0.012615344008036994,0.5721953725172563,2,-0.01133750138020285,0.004642772049086674,-0.01133750138020285,2,0.0047188368732883,0.004107473106207648,0.0047188368732883,2,0.0099084231748895,0.007865642848895666,0.0099084231748895,2,1.519304505456629,0.013573942081846042,1.519304505456629,2,0.05428100930465045,0.002573888889700661,0.05428100930465045,2,0.3120452790740619,0.0007215704437237046,0.3120452790740619,2,1.0,0.0,1.0,2,0.0,0.0,0.0,2,0.0,0.0,0.0,2
square_moore,ql,alpha_async,lesion,plastic,0,0,0.68,0.2,0.006,0.5,0.6,0.6,False,0.41065049140417914,0.004996953927730002,0.41065049140417914,2,0.5947936713527249,0.008794768576793382,0.5947936713527249,2,0.0020355199967492,0.0034889629005487397,0.0020355199967492,2,0.008728875699561999,0.002655756931653403,0.008728875699561999,2,0.0096709281454477,0.006169461681017031,0.0096709281454477,2,1.4413040887930726,0.031195988564513253,1.4413040887930726,2,0.0722592616404027,0.027556341650296,0.0722592616404027,2,0.31499233515296376,0.001955604639395509,0.31499233515296376,2,1.0,0.0,1.0,2,0.0,0.0,0.0,2,0.0,0.0,0.0,2
square_moore,ql,alpha_async,lesion,plastic,0,0,0.68,0.2,0.01,0.5,0.6,0.6,False,0.41384905624881485,0.00018058683478630873,0.41384905624881485,2,0.5628434843685013,0.0018122772248929408,0.5628434843685013,2,0.0004051629560457501,0.01057988468376631,0.0004051629560457501,2,0.0080833495810404,0.0005214933743834605,0.0080833495810404,2,0.00701866866074215,0.002224575621063038,0.00701866866074215,2,1.4850206935107924,0.0012327305854737873,1.4850206935107924,2,0.11830258533363594,0.05739380118168357,0.11830258533363594,2,0.3087586053909487,0.0016292203734763326,0.3087586053909487,2,1.0,0.0,1.0,2,0.0,0.0,0.0,2,0.0,0.0,0.0,2
square_moore,ql,alpha_async,lesion,plastic,0,0,0.68,0.2,0.016,0.5,0.6,0.6,False,0.4121453444299966,0.00010123718055645369,0.4121453444299966,2,0.5616146282678471,0.0014621193418825364,0.5616146282678471,2,-0.0039545699666823,0.0026685327424153097,-0.0039545699666823,2,0.0039599074898272,0.007009225695306189,0.0039599074898272,2,0.0013155493036756,0.0008759001800005409,0.0013155493036756,2,1.4986288686015334,0.011759328429836496,1.4986288686015334,2,0.053313990043547047,0.007460601125696166,0.053313990043547047,2,0.30343979315244946,0.0010354539088662596,0.30343979315244946,2,1.0,0.0,1.0,2,0.0,0.0,0.0,2,0.0,0.0,0.0,2
square_moore,ql,alpha_async,lesion,plastic,0,0,0.68,0.3,0.006,0.5,0.6,0.6,False,0.40877581235108107,0.0037511230848072457,0.40877581235108107,2,0.5970775907986993,0.001261520104385287,0.5970775907986993,2,-0.00246674548954805,0.00650840073687997,-0.00246674548954805,2,0.0079669598326828,0.00450728369996805,0.0079669598326828,2,0.00685002309639165,0.0028411186455112587,0.00685002309639165,2,1.4513541941211079,0.008282713472060629,1.4513541941211079,2,0.1030420612505982,0.007343275108414108,0.1030420612505982,2,0.3149549959478889,0.001967342321133099,0.3149549959478889,2,1.0,0.0,1.0,2,0.0,0.0,0.0,2,0.0,0.0,0.0,2
square_moore,ql,alpha_async,lesion,plastic,0,0,0.68,0.3,0.01,0.5,0.6,0.6,False,0.4133819741650365,9.357442363915965e-05,0.4133819741650365,2,0.5812505358865863,0.013147068623540974,0.5812505358865863,2,-0.00937547302417255,0.007552795354749816,-0.00937547302417255,2,0.0050300749126175,0.00015355747661533804,0.0050300749126175,2,0.0095683754494428,0.004121346438615291,0.0095683754494428,2,1.4684951426051494,0.011297929668828702,1.4684951426051494,2,0.062726296667463,0.004354951668728796,0.062726296667463,2,0.31077245996684233,0.0006684309169956177,0.31077245996684233,2,1.0,0.0,1.0,2,0.0,0.0,0.0,2,0.0,0.0,0.0,2
square_moore,ql,alpha_async,lesion,plastic,0,0,0.68,0.3,0.016,0.5,0.6,0.6,False,0.40913000149046297,0.0009232755894358902,0.40913000149046297,2,0.5651147685364226,0.01296681192374579,0.5651147685364226,2,-0.0065961582511142505,0.007562869793501974,-0.0065961582511142505,2,-0.0016489863143053503,0.007918747387537114,-0.0016489863143053503,2,0.0008161997807739,0.006060502280900667,0.0008161997807739,2,1.5054267513408364,0.016851268600027787,1.5054267513408364,2,0.0373078014739016,0.0048579641548287715,0.0373078014739016,2,0.30301156870630164,0.00306273938645792,0.30301156870630164,2,1.0,0.0,1.0,2,0.0,0.0,0.0,2,0.0,0.0,0.0,2
square_moore,ql,alpha_async,lesion,plastic,0,0,0.68,0.4,0.006,0.5,0.6,0.6,False,0.40664524333318863,0.0004233559751351215,0.40664524333318863,2,0.596568815012788,0.006819509074040134,0.596568815012788,2,0.0003871500268400499,0.005114308842153061,0.0003871500268400499,2,0.0087589001201267,0.0024535962999981285,0.0087589001201267,2,0.00896319533544445,0.0068945824561583175,0.00896319533544445,2,1.46329764444604,0.021189622165410434,1.46329764444604,2,0.08700025766479465,0.020762997001719984,0.08700025766479465,2,0.3169633169665616,9.841243125617987e-05,0.3169633169665616,2,1.0,0.0,1.0,2,0.0,0.0,0.0,2,0.0,0.0,0.0,2
square_moore,ql,alpha_async,lesion,plastic,0,0,0.68,0.4,0.01,0.5,0.6,0.6,False,0.40745742958333175,0.0012825710482117219,0.40745742958333175,2,0.5710250058404152,0.0030007041725417737,0.5710250058404152,2,-0.00196714806601755,0.008128200391544193,-0.00196714806601755,2,0.005693156695956551,0.001777474148337812,0.005693156695956551,2,0.012489435453324649,0.0009051875420784428,0.012489435453324649,2,1.4932715898743436,0.008036750766604393,1.4932715898743436,2,0.0712663308685212,0.018897822547514306,0.0712663308685212,2,0.3126869647504994,9.85112296054246e-05,0.3126869647504994,2,1.0,0.0,1.0,2,0.0,0.0,0.0,2,0.0,0.0,0.0,2
square_moore,ql,alpha_async,lesion,plastic,0,0,0.68,0.4,0.016,0.5,0.6,0.6,False,0.40757140493436683,0.004214103344675607,0.40757140493436683,2,0.5538510036062201,0.007115607522284529,0.5538510036062201,2,-0.0079065612761094,0.0027413617493492913,-0.0079065612761094,2,0.0064974489120407,0.006192117353680103,0.0064974489120407,2,0.0032191401110347,7.047462352486354e-05,0.0032191401110347,2,1.5222541926386983,0.0008999538019616853,1.5222541926386983,2,0.0851981014796061,0.005127096354769445,0.0851981014796061,2,0.3060752747855486,0.000659589536014869,0.3060752747855486,2,1.0,0.0,1.0,2,0.0,0.0,0.0,2,0.0,0.0,0.0,2
square_vn,markov,alpha_async,lesion,plastic,0,0,0.58,0.2,0.006,0.5,0.6,0.6,False,0.08681296186185025,0.004819798242982235,0.08681296186185025,2,0.15982019280288157,0.0061847165604261185,0.15982019280288157,2,0.3534468242518509,0.054289685441725966,0.3534468242518509,2,0.38123758757122456,0.025726904033061125,0.38123758757122456,2,0.3864808031431861,0.00983712453107107,0.3864808031431861,2,0.8172054112594369,0.02653104536795866,0.8172054112594369,2,0.08973507258641975,0.0042461072920499275,0.08973507258641975,2,0.0,0.0,0.0,2,1.0,0.0,1.0,2,0.0,0.0,0.0,2,0.0,0.0,0.0,2
square_vn,markov,alpha_async,lesion,plastic,0,0,0.58,0.2,0.01,0.5,0.6,0.6,False,0.08524271253967239,0.005285785442260457,0.08524271253967239,2,0.1571551464242773,0.00839013571649336,0.1571551464242773,2,0.3294280563740175,0.032613129483525634,0.3294280563740175,2,0.3761969315100737,0.02597904636019521,0.3761969315100737,2,0.3923723702454527,0.02485562910009024,0.3923723702454527,2,0.8072590746536445,0.0354613240325265,0.8072590746536445,2,0.0891383974067384,0.00264688727385268,0.0891383974067384,2,0.0,0.0,0.0,2,1.0,0.0,1.0,2,0.0,0.0,0.0,2,0.0,0.0,0.0,2
square_vn,markov,alpha_async,lesion,plastic,0,0,0.58,0.2,0.016,0.5,0.6,0.6,False,0.08300753127316729,0.0059191722116565286,0.08300753127316729,2,0.15281460336923097,0.009667173486617943,0.15281460336923097,2,0.3769712447164554,0.02076278729886361,0.3769712447164554,2,0.38796483810277665,0.01745664029293964,0.38796483810277665,2,0.3900038802600757,0.03157511353466211,0.3900038802600757,2,0.7998882048047526,0.04665344657412934,0.7998882048047526,2,0.08785666496142586,0.00701223156980788,0.08785666496142586,2,0.0,0.0,0.0,2,1.0,0.0,1.0,2,0.0,0.0,0.0,2,0.0,0.0,0.0,2
square_vn,markov,alpha_async,lesion,plastic,0,0,0.58,0.3,0.006,0.5,0.6,0.6,False,0.08827363421071945,0.00030667776030228873,0.08827363421071945,2,0.16109551272144373,0.0005338430270237463,0.16109551272144373,2,0.36220600769994654,0.01515418675791438,0.36220600769994654,2,0.3653596468088791,0.005342735367109051,0.3653596468088791,2,0.3757326026176515,0.0013623215838877132,0.3757326026176515,2,0.8263568446653605,0.007563263815426845,0.8263568446653605,2,0.08913418237918361,0.00254350063627449,0.08913418237918361,2,0.0,0.0,0.0,2,1.0,0.0,1.0,2,0.0,0.0,0.0,2,0.0,0.0,0.0,2
square_vn,markov,alpha_async,lesion,plastic,0,0,0.58,0.3,0.01,0.5,0.6,0.6,False,0.08018825528603735,0.0004181720437546531,0.08018825528603735,2,0.1478814105626094,0.0020653788654117263,0.1478814105626094,2,0.39102218961982693,0.0004144010553881748,0.39102218961982693,2,0.3968607379552263,0.008996353555192897,0.3968607379552263,2,0.40447449493446974,0.015593822494864852,0.40447449493446974,2,0.7784817200220023,0.0013647119826149955,0.7784817200220023,2,0.08559822466277925,0.0016701790025005954,0.08559822466277925,2,0.0,0.0,0.0,2,1.0,0.0,1.0,2,0.0,0.0,0.0,2,0.0,0.0,0.0,2
square_vn,markov,alpha_async,lesion,plastic,0,0,0.58,0.3,0.016,0.5,0.6,0.6,False,0.0831575060504417,1.0963353092574152e-05,0.0831575060504417,2,0.1529122798680416,0.0014381602722856831,0.1529122798680416,2,0.3742728053614668,0.0021463568317693976,0.3742728053614668,2,0.3952311004201562,0.0019721451256123675,0.3952311004201562,2,0.3799857362985033,0.006428685536260394,0.3799857362985033,2,0.793747495669223,0.0034793017173762896,0.793747495669223,2,0.08415664467422071,0.0005793362635160875,0.08415664467422071,2,0.0,0.0,0.0,2,1.0,0.0,1.0,2,0.0,0.0,0.0,2,0.0,0.0,0.0,2
square_vn,markov,alpha_async,lesion,plastic,0,0,0.58,0.4,0.006,0.5,0.6,0.6,False,0.08046664983284925,0.002770816207874641,0.08046664983284925,2,0.1467292354429375,0.005445450966603954,0.1467292354429375,2,0.38301190812727764,0.013250023870313562,0.38301190812727764,2,0.39222010075267055,0.00667399849523791,0.39222010075267055,2,0.3975949008125187,0.015546763960256352,0.3975949008125187,2,0.7749820753396115,0.015025600736521658,0.7749820753396115,2,0.0829407339006577,0.0017639427748079234,0.0829407339006577,2,0.0,0.0,0.0,2,1.0,0.0,1.0,2,0.0,0.0,0.0,2,0.0,0.0,0.0,2
square_vn,markov,alpha_async,lesion,plastic,0,0,0.58,0.4,0.01,0.5,0.6,0.6,False,0.0791968141594139,0.006712208600079957,0.0791968141594139,2,0.14575958826186555,0.011910552456761063,0.14575958826186555,2,0.38037255588698804,0.021770826676711017,0.38037255588698804,2,0.4013812842238607,0.025817457906300197,0.4013812842238607,2,0.39456433387806167,0.008597115447892125,0.39456433387806167,2,0.7664587115363373,0.03581510939328746,0.7664587115363373,2,0.08320484738674605,0.0025825676383514715,0.08320484738674605,2,0.0,0.0,0.0,2,1.0,0.0,1.0,2,0.0,0.0,0.0,2,0.0,0.0,0.0,2
square_vn,markov,alpha_async,lesion,plastic,0,0,0.58,0.4,0.016,0.5,0.6,0.6,False,0.08266861550035509,0.005746985997334143,0.08266861550035509,2,0.1531837319537533,0.007061427346780479,0.1531837319537533,2,0.3658412137523394,0.022660732345165545,0.3658412137523394,2,0.38311326650715394,0.009555510602671884,0.38311326650715394,2,0.3911951201489403,0.02401040097155077,0.3911951201489403,2,0.7909513738961436,0.0519040757966121,0.7909513738961436,2,0.08357506993184255,0.002271226363533572,0.08357506993184255,2,0.0,0.0,0.0,2,1.0,0.0,1.0,2,0.0,0.0,0.0,2,0.0,0.0,0.0,2
square_vn,markov,alpha_async,lesion,plastic,0,0,0.62,0.2,0.006,0.5,0.6,0.6,False,0.08759412469955855,0.0020909761227683506,0.08759412469955855,2,0.15966219511126528,0.004989257802400542,0.15966219511126528,2,0.3653061803282762,0.03075030658602403,0.3653061803282762,2,0.38069090921146187,0.028174346138323546,0.38069090921146187,2,0.3679689794393079,0.020456526256766413,0.3679689794393079,2,0.8304255974510211,0.011421613463915242,0.8304255974510211,2,0.0850101661675267,0.000947943488814966,0.0850101661675267,2,0.0,0.0,0.0,2,1.0,0.0,1.0,2,0.0,0.0,0.0,2,0.0,0.0,0.0,2
square_vn,markov,alpha_async,lesion,plastic,0,0,0.62,0.2,0.01,0.5,0.6,0.6,False,0.09223259086304035,0.0025231238181109643,0.09223259086304035,2,0.1693584455875086,0.004525093999552745,0.1693584455875086,2,0.3411837434799917,0.006804415218219543,0.3411837434799917,2,0.3630623679408024,0.004305332946364381,0.3630623679408024,2,0.3595145815007029,0.009805384508963946,0.3595145815007029,2,0.8553129828806616,0.021329796351143127,0.8553129828806616,2,0.09234375716828945,9.362973075672388e-05,0.09234375716828945,2,0.0,0.0,0.0,2,1.0,0.0,1.0,2,0.0,0.0,0.0,2,0.0,0.0,0.0,2
square_vn,markov,alpha_async,lesion,plastic,0,0,0.62,0.2,0.016,0.5,0.6,0.6,False,0.0924390642606457,0.0023468747356046064,0.0924390642606457,2,0.16974368135252327,0.003336128096495665,0.16974368135252327,2,0.3445538633652333,0.006264871858440561,0.3445538633652333,2,0.3571970661169517,0.015518465023503493,0.3571970661169517,2,0.36689553903216143,0.007637709010192448,0.36689553903216143,2,0.8523545631216094,0.023181974914881418,0.8523545631216094,2,0.0919159236740201,0.0059106651043302275,0.0919159236740201,2,0.0,0.0,0.0,2,1.0,0.0,1.0,2,0.0,0.0,0.0,2,0.0,0.0,0.0,2
square_vn,markov,alpha_async,lesion,plastic,0,0,0.62,0.3,0.006,0.5,0.6,0.6,False,0.08737749580302615,0.0020145547541164555,0.08737749580302615,2,0.1597892189923219,0.004433381486517488,0.1597892189923219,2,0.390798561846191,0.005996631964035609,0.390798561846191,2,0.3915215324533985,0.0023128246382964,0.3915215324533985,2,0.36986322212566425,0.008450413178944217,0.36986322212566425,2,0.827446611748484,0.011467491387211258,0.827446611748484,2,0.09086143461525965,0.0008473197143090124,0.09086143461525965,2,0.0,0.0,0.0,2,1.0,0.0,1.0,2,0.0,0.0,0.0,2,0.0,0.0,0.0,2
square_vn,markov,alpha_async,lesion,plastic,0,0,0.62,0.3,0.01,0.5,0.6,0.6,False,0.0839273622307122,0.003150897821930954,0.0839273622307122,2,0.1543341819640032,0.008526308008808709,0.1543341819640032,2,0.3855523314317657,0.0026512209585329827,0.3855523314317657,2,0.39409593385149266,0.006557170002835086,0.39409593385149266,2,0.38465347614517187,0.028993375968691105,0.38465347614517187,2,0.7999247708762947,0.01913453543751919,0.7999247708762947,2,0.0856183780016978,0.004312477973290734,0.0856183780016978,2,0.0,0.0,0.0,2,1.0,0.0,1.0,2,0.0,0.0,0.0,2,0.0,0.0,0.0,2
square_vn,markov,alpha_async,lesion,plastic,0,0,0.62,0.3,0.016,0.5,0.6,0.6,False,0.0870615110877836,0.0007649766723103848,0.0870615110877836,2,0.15824918447636374,0.0036652364995955426,0.15824918447636374,2,0.355753170982138,0.011944971415608992,0.355753170982138,2,0.3869513279855157,0.015834617152217418,0.3869513279855157,2,0.36711519043706553,0.01365821691926617,0.36711519043706553,2,0.8235875641198716,0.0013851775283985656,0.8235875641198716,2,0.0868996842516282,0.001976052825648228,0.0868996842516282,2,0.0,0.0,0.0,2,1.0,0.0,1.0,2,0.0,0.0,0.0,2,0.0,0.0,0.0,2
square_vn,markov,alpha_async,lesion,plastic,0,0,0.62,0.4,0.006,0.5,0.6,0.6,False,0.08326569118938709,0.0047276443691567,0.08326569118938709,2,0.15003734098790045,0.006819700227839923,0.15003734098790045,2,0.3672511709977102,0.048118070387269105,0.3672511709977102,2,0.3955884551921463,0.014525698432927283,0.3955884551921463,2,0.38464273247769504,0.001595188517734606,0.38464273247769504,2,0.7947441767675009,0.027291289588614126,0.7947441767675009,2,0.08421227006127335,0.0012653917022774173,0.08421227006127335,2,0.0,0.0,0.0,2,1.0,0.0,1.0,2,0.0,0.0,0.0,2,0.0,0.0,0.0,2
square_vn,markov,alpha_async,lesion,plastic,0,0,0.62,0.4,0.01,0.5,0.6,0.6,False,0.0838452454612707,0.0025779157714342347,0.0838452454612707,2,0.1529318332195195,0.0013855563818011701,0.1529318332195195,2,0.38615478830813943,0.015146882805365343,0.38615478830813943,2,0.3795979342247584,0.005151719507517424,0.3795979342247584,2,0.3818935538402619,0.009759990447802801,0.3818935538402619,2,0.8012802171043607,0.014853340263841013,0.8012802171043607,2,0.0892024712522339,0.004171517816615601,0.0892024712522339,2,0.0,0.0,0.0,2,1.0,0.0,1.0,2,0.0,0.0,0.0,2,0.0,0.0,0.0,2
square_vn,markov,alpha_async,lesion,plastic,0,0,0.62,0.4,0.016,0.5,0.6,0.6,False,0.08139569356683835,0.0014268461940597252,0.08139569356683835,2,0.149771365763016,0.0033722786355741548,0.149771365763016,2,0.3716862033270863,0.0025633293816854233,0.3716862033270863,2,0.37446271874834525,0.014569349015425814,0.37446271874834525,2,0.3869332339621004,0.007787617070681929,0.3869332339621004,2,0.7811983732846202,0.01126575009091919,0.7811983732846202,2,0.08268175053909704,0.0007055015036943042,0.08268175053909704,2,0.0,0.0,0.0,2,1.0,0.0,1.0,2,0.0,0.0,0.0,2,0.0,0.0,0.0,2
square_vn,markov,alpha_async,lesion,plastic,0,0,0.68,0.2,0.006,0.5,0.6,0.6,False,0.0987751483011491,0.00201376492684963,0.0987751483011491,2,0.1772024796176162,0.003995402007964283,0.1772024796176162,2,0.3086892495147967,0.03705269377890798,0.3086892495147967,2,0.33762757025039514,0.006199561548615732,0.33762757025039514,2,0.3423807516079584,0.005065492388990733,0.3423807516079584,2,0.8971657717685253,0.011376779030825611,0.8971657717685253,2,0.08593164153922336,0.0006987617692051248,0.08593164153922336,2,0.0,0.0,0.0,2,1.0,0.0,1.0,2,0.0,0.0,0.0,2,0.0,0.0,0.0,2
square_vn,markov,alpha_async,lesion,plastic,0,0,0.68,0.2,0.01,0.5,0.6,0.6,False,0.10146815985462596,0.005420908660186786,0.10146815985462596,2,0.18348942204283752,0.011123329416649608,0.18348942204283752,2,0.3123325071621109,0.02321910327584769,0.3123325071621109,2,0.33594209536894754,0.010228745289358363,0.33594209536894754,2,0.3246926656501373,0.020875325090382812,0.3246926656501373,2,0.9076718668686005,0.025391892214665902,0.9076718668686005,2,0.09336247117298324,0.0052827543916787395,0.09336247117298324,2,0.0,0.0,0.0,2,1.0,0.0,1.0,2,0.0,0.0,0.0,2,0.0,0.0,0.0,2
square_vn,markov,alpha_async,lesion,plastic,0,0,0.68,0.2,0.016,0.5,0.6,0.6,False,0.08664194038838449,0.00409210157422141,0.08664194038838449,2,0.15715799094702182,0.007313572616474258,0.15715799094702182,2,0.3522194183030367,0.005659802125470275,0.3522194183030367,2,0.37495069248082874,0.0034051226853173628,0.37495069248082874,2,0.3668967823901578,0.0017602414898749016,0.3668967823901578,2,0.8195142425577707,0.02998821764601803,0.8195142425577707,2,0.08981606121765989,8.916982554048679e-05,0.08981606121765989,2,0.0,0.0,0.0,2,1.0,0.0,1.0,2,0.0,0.0,0.0,2,0.0,0.0,0.0,2
square_vn,markov,alpha_async,lesion,plastic,0,0,0.68,0.3,0.006,0.5,0.6,0.6,False,0.0948747634298856,0.011836528546664466,0.0948747634298856,2,0.17036092203560282,0.0209071690120826,0.17036092203560282,2,0.34808761283369805,0.029398801446826984,0.34808761283369805,2,0.35696973065057014,0.03392733256948803,0.35696973065057014,2,0.3576367857517966,0.009998763885330792,0.3576367857517966,2,0.869946631725372,0.07715776336029741,0.869946631725372,2,0.08748926890020875,0.0032817920131643303,0.08748926890020875,2,0.0,0.0,0.0,2,1.0,0.0,1.0,2,0.0,0.0,0.0,2,0.0,0.0,0.0,2
square_vn,markov,alpha_async,lesion,plastic,0,0,0.68,0.3,0.01,0.5,0.6,0.6,False,0.08851110791662425,0.006150026789000882,0.08851110791662425,2,0.1598825966669239,0.011131302387395983,0.1598825966669239,2,0.3365108287093975,0.007170304099879805,0.3365108287093975,2,0.36160981982348517,0.0045305590461242815,0.36160981982348517,2,0.3581719594024668,0.004395966577979994,0.3581719594024668,2,0.8295087171601587,0.0431339511337342,0.8295087171601587,2,0.08450616925345669,0.0036231636816662052,0.08450616925345669,2,0.0,0.0,0.0,2,1.0,0.0,1.0,2,0.0,0.0,0.0,2,0.0,0.0,0.0,2
square_vn,markov,alpha_async,lesion,plastic,0,0,0.68,0.3,0.016,0.5,0.6,0.6,False,0.08860552285768025,0.005360392286624501,0.08860552285768025,2,0.16131378339241964,0.009766137066082972,0.16131378339241964,2,0.3373341609546587,0.0071636087254212605,0.3373341609546587,2,0.3685466546820634,0.020978481325400523,0.3685466546820634,2,0.3421493420339869,0.01660285958698604,0.3421493420339869,2,0.8331116915474799,0.029163085036347597,0.8331116915474799,2,0.0845464192288767,0.0007419789649655309,0.0845464192288767,2,0.0,0.0,0.0,2,1.0,0.0,1.0,2,0.0,0.0,0.0,2,0.0,0.0,0.0,2
square_vn,markov,alpha_async,lesion,plastic,0,0,0.68,0.4,0.006,0.5,0.6,0.6,False,0.08436717257915635,0.0003478268777151893,0.08436717257915635,2,0.15260808753811406,0.0012854595012843524,0.15260808753811406,2,0.35700327787182745,0.017930041166251017,0.35700327787182745,2,0.3786018708581048,0.01669958453925418,0.3786018708581048,2,0.3797063399938505,0.014039010721230148,0.3797063399938505,2,0.8056537320089171,0.0015763524093225785,0.8056537320089171,2,0.0838758817051275,0.00018912912185595486,0.0838758817051275,2,0.0,0.0,0.0,2,1.0,0.0,1.0,2,0.0,0.0,0.0,2,0.0,0.0,0.0,2
square_vn,markov,alpha_async,lesion,plastic,0,0,0.68,0.4,0.01,0.5,0.6,0.6,False,0.0825177198982889,0.003563920465602859,0.0825177198982889,2,0.14771162920909148,0.00719030100036286,0.14771162920909148,2,0.3664200929555622,0.02980263123438402,0.3664200929555622,2,0.39002884597288723,0.015034314194011888,0.39002884597288723,2,0.3796004830073829,0.010832815806826646,0.3796004830073829,2,0.7810180909067725,0.025863331170814925,0.7810180909067725,2,0.0837197025767515,0.006458362390869235,0.0837197025767515,2,0.0,0.0,0.0,2,1.0,0.0,1.0,2,0.0,0.0,0.0,2,0.0,0.0,0.0,2
square_vn,markov,alpha_async,lesion,plastic,0,0,0.68,0.4,0.016,0.5,0.6,0.6,False,0.08385776734382586,0.0010340301359547505,0.08385776734382586,2,0.1508148844787238,0.0030371796160402363,0.1508148844787238,2,0.3612955755917081,0.012142823679578422,0.3612955755917081,2,0.36916740332456854,0.0013817823110832028,0.36916740332456854,2,0.378991972420724,0.002125401353400167,0.378991972420724,2,0.7992236850545913,0.009739389271154204,0.7992236850545913,2,0.08545487068236679,0.0005729520296549321,0.08545487068236679,2,0.0,0.0,0.0,2,1.0,0.0,1.0,2,0.0,0.0,0.0,2,0.0,0.0,0.0,2
square_vn,ql,alpha_async,lesion,plastic,0,0,0.58,0.2,0.006,0.5,0.6,0.6,False,0.28011684064520875,0.02022472922966606,0.28011684064520875,2,0.6303000088671494,0.018605512099071526,0.6303000088671494,2,0.08448543863400015,0.018632321662654855,0.08448543863400015,2,0.1271769127677872,0.022039018892877613,0.1271769127677872,2,0.12962840983587065,0.023115946231670816,0.12962840983587065,2,1.4401556110779874,0.043876794971256246,1.4401556110779874,2,0.0542493089107877,0.008910809433697412,0.0542493089107877,2,0.4066603268853331,0.01610489322416648,0.4066603268853331,2,1.0,0.0,1.0,2,0.0,0.0,0.0,2,0.0,0.0,0.0,2
square_vn,ql,alpha_async,lesion,plastic,0,0,0.58,0.2,0.01,0.5,0.6,0.6,False,0.28653895938555834,0.0030398420516709436,0.28653895938555834,2,0.6373517065196385,0.0016157234209494254,0.6373517065196385,2,0.0872063865478208,0.0049032480777380805,0.0872063865478208,2,0.1134678986290999,0.003966203162219586,0.1134678986290999,2,0.1120426807321878,0.008408715986738886,0.1120426807321878,2,1.455533350345477,0.004072761805270082,1.455533350345477,2,0.0549204914308987,7.450835804345442e-05,0.0549204914308987,2,0.4014589340951292,0.0061621934308593185,0.4014589340951292,2,1.0,0.0,1.0,2,0.0,0.0,0.0,2,0.0,0.0,0.0,2
square_vn,ql,alpha_async,lesion,plastic,0,0,0.58,0.2,0.016,0.5,0.6,0.6,False,0.28235710117985235,0.00030560286216379785,0.28235710117985235,2,0.6342671312086372,0.005853001265937744,0.6342671312086372,2,0.0886511016256402,0.015768807184577776,0.0886511016256402,2,0.11762487024158425,0.002667191624302347,0.11762487024158425,2,0.11667680487645055,0.002745683282411556,0.11667680487645055,2,1.4481263668173705,0.005260873285332639,1.4481263668173705,2,0.0505290924788772,0.007686144687748893,0.0505290924788772,2,0.4040429275527585,0.001157060521233694,0.4040429275527585,2,1.0,0.0,1.0,2,0.0,0.0,0.0,2,0.0,0.0,0.0,2
square_vn,ql,alpha_async,lesion,plastic,0,0,0.58,0.3,0.006,0.5,0.6,0.6,False,0.27041429292705144,0.00413467797680298,0.27041429292705144,2,0.6215274326695284,0.0014186531597916532,0.6215274326695284,2,0.1011616315527819,0.00979478167883911,0.1011616315527819,2,0.1334511997060541,0.002849827239831371,0.1334511997060541,2,0.1297859036929472,0.010869093087450394,0.1297859036929472,2,1.4228579404286903,0.009597111432136313,1.4228579404286903,2,0.0523020053993764,0.008190677912948835,0.0523020053993764,2,0.411624912572706,0.004511143549095807,0.411624912572706,2,1.0,0.0,1.0,2,0.0,0.0,0.0,2,0.0,0.0,0.0,2
square_vn,ql,alpha_async,lesion,plastic,0,0,0.58,0.3,0.01,0.5,0.6,0.6,False,0.267717458751912,0.0032288575028338777,0.267717458751912,2,0.621391249496329,0.0016536492987063501,0.621391249496329,2,0.0861716318217307,0.03136289558879867,0.0861716318217307,2,0.13216307041200476,0.027234215297423914,0.13216307041200476,2,0.13742096165181975,0.021574982007809645,0.13742096165181975,2,1.4181471426635741,0.008606861535930125,1.4181471426635741,2,0.0595461813618446,0.0007424548675056409,0.0595461813618446,2,0.41686720106832476,0.00529073272250299,0.41686720106832476,2,1.0,0.0,1.0,2,0.0,0.0,0.0,2,0.0,0.0,0.0,2
square_vn,ql,alpha_async,lesion,plastic,0,0,0.58,0.3,0.016,0.5,0.6,0.6,False,0.2687635896040813,0.006065865437934912,0.2687635896040813,2,0.6175752529566776,0.004279427455235245,0.6175752529566776,2,0.08795267779610891,0.025438843648948897,0.08795267779610891,2,0.12318194829067511,0.014750154063230235,0.12318194829067511,2,0.12220562327828541,0.008477442757806987,0.12220562327828541,2,1.418115284300592,0.020283781025146524,1.418115284300592,2,0.0565349354247211,0.0005026917182948431,0.0565349354247211,2,0.4119862468776482,0.003988997775468836,0.4119862468776482,2,1.0,0.0,1.0,2,0.0,0.0,0.0,2,0.0,0.0,0.0,2
square_vn,ql,alpha_async,lesion,plastic,0,0,0.58,0.4,0.006,0.5,0.6,0.6,False,0.2589995865438005,0.0036592537046222545,0.2589995865438005,2,0.6109222548597741,0.005948386316462201,0.6109222548597741,2,0.10823938024430504,0.00416168732769498,0.10823938024430504,2,0.1412655313575637,0.011028808276240518,0.1412655313575637,2,0.14696391978017326,0.006117242523645516,0.14696391978017326,2,1.389602281562785,0.006066441037353611,1.389602281562785,2,0.0634824076987022,0.0013500763544095472,0.0634824076987022,2,0.42238707773368633,0.0022014446261774522,0.42238707773368633,2,1.0,0.0,1.0,2,0.0,0.0,0.0,2,0.0,0.0,0.0,2
square_vn,ql,alpha_async,lesion,plastic,0,0,0.58,0.4,0.01,0.5,0.6,0.6,False,0.2699961239924023,0.0035504097833198257,0.2699961239924023,2,0.6193517086887561,0.005600532989748743,0.6193517086887561,2,0.08672116456887174,0.00043013934026819525,0.08672116456887174,2,0.1393566426179082,0.01865999223140293,0.1393566426179082,2,0.1362681343175697,0.01392987706432943,0.1362681343175697,2,1.4229415618713879,0.010804071844018793,1.4229415618713879,2,0.06359309764306485,0.0006858544996855376,0.06359309764306485,2,0.4122905783412455,0.0047196476064768084,0.4122905783412455,2,1.0,0.0,1.0,2,0.0,0.0,0.0,2,0.0,0.0,0.0,2
square_vn,ql,alpha_async,lesion,plastic,0,0,0.58,0.4,0.016,0.5,0.6,0.6,False,0.26208288946504543,0.0018396192771961237,0.26208288946504543,2,0.6136366619129845,0.0023956011164428985,0.6136366619129845,2,0.10596921239273466,0.005746718055976064,0.10596921239273466,2,0.1429403494106909,0.006128246878044582,0.1429403494106909,2,0.14206326510270606,0.0006653604875812129,0.14206326510270606,2,1.4007603457053677,0.009348506371037464,1.4007603457053677,2,0.058139685675810945,0.0024074638048459697,0.058139685675810945,2,0.41962695617784607,0.0006663372597069633,0.41962695617784607,2,1.0,0.0,1.0,2,0.0,0.0,0.0,2,0.0,0.0,0.0,2
square_vn,ql,alpha_async,lesion,plastic,0,0,0.62,0.2,0.006,0.5,0.6,0.6,False,0.2929650242382492,0.024198540621735466,0.2929650242382492,2,0.6404917697629515,0.029620640979338805,0.6404917697629515,2,0.0844332587486864,0.054973554031093955,0.0844332587486864,2,0.11891093896244145,0.035266337150508115,0.11891093896244145,2,0.11213421473986415,0.028849112969996708,0.11213421473986415,2,1.4542274449874633,0.02470846329013783,1.4542274449874633,2,0.044695430159500296,0.00978561375198185,0.044695430159500296,2,0.3934875433133487,0.017064357916489227,0.3934875433133487,2,1.0,0.0,1.0,2,0.0,0.0,0.0,2,0.0,0.0,0.0,2
square_vn,ql,alpha_async,lesion,plastic,0,0,0.62,0.2,0.01,0.5,0.6,0.6,False,0.29996448258583164,0.006498825552918453,0.29996448258583164,2,0.6450626921350393,0.003978781754038039,0.6450626921350393,2,0.05147169951164475,0.010932987933246712,0.05147169951164475,2,0.09890147881908301,0.0047243872396843505,0.09890147881908301,2,0.1000304394772357,0.005751743846203941,0.1000304394772357,2,1.4777984546628398,0.015776919184121423,1.4777984546628398,2,0.04413287391056355,0.0076094809317840805,0.04413287391056355,2,0.3882757153085758,0.0030588253613948314,0.3882757153085758,2,1.0,0.0,1.0,2,0.0,0.0,0.0,2,0.0,0.0,0.0,2
square_vn,ql,alpha_async,lesion,plastic,0,0,0.62,0.2,0.016,0.5,0.6,0.6,False,0.30070370513808325,0.0052237872354243126,0.30070370513808325,2,0.6442140306511702,0.004475317247243241,0.6442140306511702,2,0.06777407219784905,0.031631607418138946,0.06777407219784905,2,0.0984538375460664,0.02386171214457348,0.0984538375460664,2,0.09709370588198926,0.0030145976824714972,0.09709370588198926,2,1.4745188948354353,0.007864709335177295,1.4745188948354353,2,0.036448371760384304,0.004226701855129314,0.036448371760384304,2,0.3900982292037399,0.0028237100925755953,0.3900982292037399,2,1.0,0.0,1.0,2,0.0,0.0,0.0,2,0.0,0.0,0.0,2
square_vn,ql,alpha_async,lesion,plastic,0,0,0.62,0.3,0.006,0.5,0.6,0.6,False,0.29757711288906763,0.0027778267920683577,0.29757711288906763,2,0.6431040507486355,0.0028525169926255584,0.6431040507486355,2,0.064704155976822,0.023294912606474906,0.064704155976822,2,0.10669267909443225,0.001829123844349939,0.10669267909443225,2,0.0890946235367514,0.007679515145726776,0.0890946235367514,2,1.4761888491293744,0.0015873457686560464,1.4761888491293744,2,0.03692561082190625,0.0011029931463672228,0.03692561082190625,2,0.3894914708161318,0.0031478299845509685,0.3894914708161318,2,1.0,0.0,1.0,2,0.0,0.0,0.0,2,0.0,0.0,0.0,2
square_vn,ql,alpha_async,lesion,plastic,0,0,0.62,0.3,0.01,0.5,0.6,0.6,False,0.286052585617501,0.0024254588967569514,0.286052585617501,2,0.6291616744366657,0.006927907679050032,0.6291616744366657,2,0.07464787603860171,0.0020447206702381556,0.07464787603860171,2,0.11514544121573039,0.014156871007621355,0.11514544121573039,2,0.1245618809602236,0.001068342801545561,0.1245618809602236,2,1.4567820068194286,0.0025189291059743843,1.4567820068194286,2,0.05363976648515565,0.002069514889803308,0.05363976648515565,2,0.39787661657529283,0.001334496135642748,0.39787661657529283,2,1.0,0.0,1.0,2,0.0,0.0,0.0,2,0.0,0.0,0.0,2
square_vn,ql,alpha_async,lesion,plastic,0,0,0.62,0.3,0.016,0.5,0.6,0.6,False,0.29996065915741843,0.006089086026664073,0.29996065915741843,2,0.6468382921463562,0.007734376798913923,0.6468382921463562,2,0.06077871917776205,0.009148725510451839,0.06077871917776205,2,0.09004820300931135,0.013071728820430093,0.09004820300931135,2,0.1001123258726492,0.006003043221116478,0.1001123258726492,2,1.470064809602968,0.007452208515859774,1.470064809602968,2,0.044173558182854955,0.00012039037810909386,0.044173558182854955,2,0.38947582381525636,0.0062177857997456456,0.38947582381525636,2,1.0,0.0,1.0,2,0.0,0.0,0.0,2,0.0,0.0,0.0,2
square_vn,ql,alpha_async,lesion,plastic,0,0,0.62,0.4,0.006,0.5,0.6,0.6,False,0.28588206777334696,0.00579372789188973,0.28588206777334696,2,0.6342125527216522,0.004902841410844024,0.6342125527216522,2,0.08587909160698146,0.0005780751767877705,0.08587909160698146,2,0.12142088435157705,0.016992997385826013,0.12142088435157705,2,0.12492133788750584,0.00977625537101293,0.12492133788750584,2,1.4595663079243781,0.017482005375815773,1.4595663079243781,2,0.05385957791793265,0.004129236220668418,0.05385957791793265,2,0.3982704846275986,0.004459686445973356,0.3982704846275986,2,1.0,0.0,1.0,2,0.0,0.0,0.0,2,0.0,0.0,0.0,2
square_vn,ql,alpha_async,lesion,plastic,0,0,0.62,0.4,0.01,0.5,0.6,0.6,False,0.3003781934172608,0.010130624191973834,0.3003781934172608,2,0.6484853024535369,0.008415753883171546,0.6484853024535369,2,0.0744350098456955,0.019673044777628067,0.0744350098456955,2,0.1181934917859971,0.00946580109074895,0.1181934917859971,2,0.09560878597025466,0.000433439001546925,0.09560878597025466,2,1.4756487982239763,0.016171489250171995,1.4756487982239763,2,0.052325972245285055,0.0031329499071426794,0.052325972245285055,2,0.3889106835578652,0.005375083085820159,0.3889106835578652,2,1.0,0.0,1.0,2,0.0,0.0,0.0,2,0.0,0.0,0.0,2
square_vn,ql,alpha_async,lesion,plastic,0,0,0.62,0.4,0.016,0.5,0.6,0.6,False,0.29318871199922125,0.00967351807685969,0.29318871199922125,2,0.6386693575178551,0.008934991053020966,0.6386693575178551,2,0.0578999085457649,0.007653328011107833,0.0578999085457649,2,0.09844752687936074,0.013047058305495381,0.09844752687936074,2,0.10233738637778175,0.010825878904954823,0.10233738637778175,2,1.4602595435728731,0.00809543079579103,1.4602595435728731,2,0.0434255633545294,0.004805789046374159,0.0434255633545294,2,0.3951797507374518,0.00834461865544035,0.3951797507374518,2,1.0,0.0,1.0,2,0.0,0.0,0.0,2,0.0,0.0,0.0,2
square_vn,ql,alpha_async,lesion,plastic,0,0,0.68,0.2,0.006,0.5,0.6,0.6,False,0.33631622016969775,0.004881157584145224,0.33631622016969775,2,0.670959557018743,0.005364635335462885,0.670959557018743,2,0.032380931617868,0.0016963021136894726,0.032380931617868,2,0.06923091469276796,0.004683843638368657,0.06923091469276796,2,0.06481592907717765,0.002130156674310798,0.06481592907717765,2,1.4950134431184106,0.023059720159239325,1.4950134431184106,2,0.0267796015579913,0.0010132297240288892,0.0267796015579913,2,0.3547210454048697,0.005839924302675512,0.3547210454048697,2,1.0,0.0,1.0,2,0.0,0.0,0.0,2,0.0,0.0,0.0,2
square_vn,ql,alpha_async,lesion,plastic,0,0,0.68,0.2,0.01,0.5,0.6,0.6,False,0.325441507537447,0.011157696445562545,0.325441507537447,2,0.6598383063855449,0.007981429597202652,0.6598383063855449,2,0.02231254910794895,0.008419328293442493,0.02231254910794895,2,0.0674967655278837,0.006156060379737768,0.0674967655278837,2,0.07171556958755596,0.0021474030479094845,0.07171556958755596,2,1.498955625785796,0.004986736143754136,1.498955625785796,2,0.03524722346304695,0.004392159771868463,0.03524722346304695,2,0.365331813023991,0.00546865170839261,0.365331813023991,2,1.0,0.0,1.0,2,0.0,0.0,0.0,2,0.0,0.0,0.0,2
square_vn,ql,alpha_async,lesion,plastic,0,0,0.68,0.2,0.016,0.5,0.6,0.6,False,0.31986320277705227,0.013956627700091847,0.31986320277705227,2,0.6529379186136637,0.011193342124558579,0.6529379186136637,2,0.0290815520198941,5.8603434402740885e-05,0.0290815520198941,2,0.07472247129712034,0.013290760923287898,0.07472247129712034,2,0.0739026437245422,0.005915956927656294,0.0739026437245422,2,1.488317215603091,0.012519703782209396,1.488317215603091,2,0.02932817808170315,0.004734544911574158,0.02932817808170315,2,0.36968249163339284,0.01219128583952008,0.36968249163339284,2,1.0,0.0,1.0,2,0.0,0.0,0.0,2,0.0,0.0,0.0,2
square_vn,ql,alpha_async,lesion,plastic,0,0,0.68,0.3,0.006,0.5,0.6,0.6,False,0.31369217531419025,0.001642616475492104,0.31369217531419025,2,0.6497896747092118,0.002693874643138495,0.6497896747092118,2,0.0598575398258047,0.006936798068292683,0.0598575398258047,2,0.0833745462933993,0.01789931273263185,0.0833745462933993,2,0.0784796709555623,0.008042800610893644,0.0784796709555623,2,1.490694726998969,0.0024878871305518335,1.490694726998969,2,0.02974968360428195,0.0005821769555484541,0.02974968360428195,2,0.3758573575882913,0.0009432270436576821,0.3758573575882913,2,1.0,0.0,1.0,2,0.0,0.0,0.0,2,0.0,0.0,0.0,2
square_vn,ql,alpha_async,lesion,plastic,0,0,0.68,0.3,0.01,0.5,0.6,0.6,False,0.32321399302473436,0.005628460388003932,0.32321399302473436,2,0.6561739356299718,0.006088932716441872,0.6561739356299718,2,0.036626835029214155,0.0025417323260909213,0.036626835029214155,2,0.08237908874564476,0.014115173922716915,0.08237908874564476,2,0.05951306134413535,0.002336269478764802,0.05951306134413535,2,1.4905233493438899,0.0008306938975478364,1.4905233493438899,2,0.0280993558671411,0.007682316423579429,0.0280993558671411,2,0.37014663495614997,0.006653022584736383,0.37014663495614997,2,1.0,0.0,1.0,2,0.0,0.0,0.0,2,0.0,0.0,0.0,2
square_vn,ql,alpha_async,lesion,plastic,0,0,0.68,0.3,0.016,0.5,0.6,0.6,False,0.318901429441904,0.004516461913296555,0.318901429441904,2,0.6566711892051748,0.008351726156163126,0.6566711892051748,2,0.022435468139499398,0.016239401375009975,0.022435468139499398,2,0.07704211225044225,0.014479893914213874,0.07704211225044225,2,0.06958947842630735,0.008950042252278073,0.06958947842630735,2,1.489713263686589,0.011456996543228976,1.489713263686589,2,0.030643084547620048,0.0038110814209517535,0.030643084547620048,2,0.3727500909415574,0.00567629568796658,0.3727500909415574,2,1.0,0.0,1.0,2,0.0,0.0,0.0,2,0.0,0.0,0.0,2
square_vn,ql,alpha_async,lesion,plastic,0,0,0.68,0.4,0.006,0.5,0.6,0.6,False,0.31487619527299987,0.00837530657948358,0.31487619527299987,2,0.6473159886895212,0.004908994748160011,0.6473159886895212,2,0.02625780057257885,0.014353830035166468,0.02625780057257885,2,0.08220303761991599,0.0024579464741056973,0.08220303761991599,2,0.07317511692945056,0.006389326284020658,0.07317511692945056,2,1.4952764925454316,0.017383592490379497,1.4952764925454316,2,0.031458115600852696,0.0009153959135828698,0.031458115600852696,2,0.3755591808526409,0.0045844825828050845,0.3755591808526409,2,1.0,0.0,1.0,2,0.0,0.0,0.0,2,0.0,0.0,0.0,2
square_vn,ql,alpha_async,lesion,plastic,0,0,0.68,0.4,0.01,0.5,0.6,0.6,False,0.3066341803701811,0.006184197962420126,0.3066341803701811,2,0.6408689285685414,0.0014093091778524785,0.6408689285685414,2,0.039660697174674145,0.022848568161882903,0.039660697174674145,2,0.08698630996019314,0.0002627548701171812,0.08698630996019314,2,0.09191749517390099,0.0222544936329104,0.09191749517390099,2,1.4845559441736684,0.025499958812715506,1.4845559441736684,2,0.0365864858795982,0.0005208754140539516,0.0365864858795982,2,0.37879447953142276,0.001741167804435508,0.37879447953142276,2,1.0,0.0,1.0,2,0.0,0.0,0.0,2,0.0,0.0,0.0,2
square_vn,ql,alpha_async,lesion,plastic,0,0,0.68,0.4,0.016,0.5,0.6,0.6,False,0.2993416173753019,0.01555328469061799,0.2993416173753019,2,0.6349214761346511,0.01687836420419947,0.6349214761346511,2,0.045726703777215,0.03178047984326985,0.045726703777215,2,0.08440312691711495,0.011521739319648954,0.08440312691711495,2,0.0992164768949989,9.250136928886288e-05,0.0992164768949989,2,1.4679944606757105,0.00935132793375127,1.4679944606757105,2,0.0386677201589771,0.009435913709139005,0.0386677201589771,2,0.38524681153753026,0.011968980285835661,0.38524681153753026,2,1.0,0.0,1.0,2,0.0,0.0,0.0,2,0.0,0.0,0.0,2
