L_markov,T_markov,activity_late_markov,alpha_async,autocorr_late_markov,bias_mean_late_markov,block_fraction_markov,coherence_late_markov,config_id_markov,corr_A_late_markov,corr_B_late_markov,dephase_markov,diagonal_ablation,entropy_late_markov,eta_intrinsic_markov,eta_weight,formalism_markov,gamma,geometry,imprint_duration_markov,imprint_start_markov,imprint_strength_markov,interface_density_late_markov,intrinsic_bias_limit_markov,intrinsic_enabled,intrinsic_target_activity_markov,lesion_fraction_markov,lesion_time_markov,memory_mean_late_markov,memory_strength,metric_stride_markov,neighbor_pattern_entropy_late_markov,orientation_anisotropy_late_markov,p0_markov,plasticity,profile_markov,repair_reference_corr_markov,save_dense_markov,schedule,second_imprint_duration_markov,second_imprint_start_markov,second_lesion_time_markov,seed,sensitivity_point_markov,sequential_events_per_sweep_markov,sigma_birth,sigma_survive,snapshot_every_markov,spectral_peak_fraction_late_markov,structural_additions_total_markov,structural_enabled,structural_interval_markov,structural_link_fraction_late_markov,structural_min_degree_markov,structural_removals_total_markov,structural_rewire_probability_markov,structural_swap_tolerance_markov,structural_target_fraction_markov,structural_utility_tau_markov,task,tau_memory_markov,theta_input_markov,theta_memory_markov,theta_phase_markov,weight_decay_markov,weight_sum_markov,L_ql,T_ql,activity_late_ql,autocorr_late_ql,bias_mean_late_ql,block_fraction_ql,coherence_late_ql,config_id_ql,corr_A_late_ql,corr_B_late_ql,dephase_ql,entropy_late_ql,eta_intrinsic_ql,formalism_ql,imprint_duration_ql,imprint_start_ql,imprint_strength_ql,interface_density_late_ql,intrinsic_bias_limit_ql,intrinsic_target_activity_ql,lesion_fraction_ql,lesion_time_ql,memory_mean_late_ql,metric_stride_ql,neighbor_pattern_entropy_late_ql,orientation_anisotropy_late_ql,p0_ql,profile_ql,repair_reference_corr_ql,save_dense_ql,second_imprint_duration_ql,second_imprint_start_ql,second_lesion_time_ql,sensitivity_point_ql,sequential_events_per_sweep_ql,snapshot_every_ql,spectral_peak_fraction_late_ql,structural_additions_total_ql,structural_interval_ql,structural_link_fraction_late_ql,structural_min_degree_ql,structural_removals_total_ql,structural_rewire_probability_ql,structural_swap_tolerance_ql,structural_target_fraction_ql,structural_utility_tau_ql,tau_memory_ql,theta_input_ql,theta_memory_ql,theta_phase_ql,weight_decay_ql,weight_sum_ql,d_activity_late,d_entropy_late,d_repair_reference_corr,d_neighbor_pattern_entropy_late,divergence_score
72,500,0.4358031452572866,0.5,0.0074915530405987,0.0,0.125,0.0,extended_hex_r2__markov__plastic__intr0__struct0__alpha_async__lesion__s3__91319c7ed1,-0.0158308496824905,-0.0077846163845158,0.25,False,0.8457820880271468,0.003,0.016,markov,0.68,extended_hex_r2,50,100,0.9,0.2389321071485155,0.3,0,0.42,0.08,280,0.4440906467093039,0.2,20,0.701073715302244,2.495752261897391e-18,0.2,plastic,secondary,-0.049993356852314,False,alpha_async,50,250,390,3,-1,1.0,0.6,0.6,100,0.0173506279615668,0,0,35,0.9902692043895748,2,0,0.55,0.0,0.75,35.0,lesion,30.0,0.45,0.2,0.1,0.002,8.0,72,500,0.4108260454250706,-0.0452758463324953,0.0,0.125,0.1313881653853535,extended_hex_r2__ql__plastic__intr0__struct0__alpha_async__lesion__s3__a4756408c6,0.006473904726854,0.0084045895187655,0.25,0.828669026084756,0.003,ql,50,100,0.9,0.2441396314740018,0.3,0.42,0.08,280,0.4465227464886339,20,0.2881271718227197,2.6773073992859612e-18,0.2,secondary,-0.0753520078108111,False,50,250,390,-1,1.0,100,0.0026590621360934,0,35,0.9906550068587106,2,0,0.55,0.0,0.75,35.0,30.0,0.45,0.2,0.1,0.002,8.0,0.024977099832215965,0.017113061942390817,0.025358650958497098,0.41294654347952436,0.48039535621262824
72,500,0.4195605953932237,0.5,-0.0505821966617576,0.0,0.125,0.0,extended_hex_r2__markov__plastic__intr0__struct1__alpha_async__lesion__s2__70b157028f,-0.0030541777005187,-0.0056160240361419,0.25,False,0.8335615679788555,0.003,0.016,markov,0.68,extended_hex_r2,50,100,0.9,0.2490365692976111,0.3,0,0.42,0.08,280,0.4413165290047608,0.2,20,0.3854034610857278,2.3583022934208383e-18,0.2,plastic,secondary,-0.0243856198838654,False,alpha_async,50,250,390,2,-1,1.0,0.6,0.6,100,0.0028827579654958,38365,1,35,0.7777563443072703,2,38333,0.55,0.0,0.75,35.0,lesion,30.0,0.45,0.2,0.1,0.002,8.0,72,500,0.4704285212002491,-0.0503481434385634,0.0,0.125,0.1321229711611511,extended_hex_r2__ql__plastic__intr0__struct1__alpha_async__lesion__s2__dc8c63b594,-0.0058125550640457,0.0011498412664029,0.25,0.8492271582322765,0.003,ql,50,100,0.9,0.2526084904278182,0.3,0.42,0.08,280,0.4406611492098923,20,0.8294531072395142,2.62714731342548e-18,0.2,secondary,0.0496329607007331,False,50,250,390,-1,1.0,100,0.00289914374615,39376,35,0.777767061042524,2,39347,0.55,0.0,0.75,35.0,30.0,0.45,0.2,0.1,0.002,8.0,0.05086792580702537,0.015665590253420958,0.0740185805845985,0.44404964615378634,0.5846017427988311
72,500,0.4073215300410702,0.5,-0.0523460050831805,0.0529381196720782,0.125,0.0,extended_hex_r2__markov__plastic__intr1__struct0__alpha_async__lesion__s3__6a0bfb0d4b,0.0284928222382297,0.0174338042129222,0.25,False,0.8246943297432718,0.003,0.016,markov,0.68,extended_hex_r2,50,100,0.9,0.2463725126578707,0.3,1,0.42,0.08,280,0.4387917144180833,0.2,20,0.2804342913280647,2.583799231331215e-18,0.2,plastic,secondary,-0.0258082135124913,False,alpha_async,50,250,390,3,-1,1.0,0.6,0.6,100,0.0030768449429856,0,0,35,0.9891439471879286,2,0,0.55,0.0,0.75,35.0,lesion,30.0,0.45,0.2,0.1,0.002,8.0,72,500,0.4104777822944421,-0.0412264635795781,0.0293949080167653,0.125,0.1399922618179498,extended_hex_r2__ql__plastic__intr1__struct0__alpha_async__lesion__s3__c4bd960719,0.0093686879261324,0.0051989506704959,0.25,0.828616992363132,0.003,ql,50,100,0.9,0.2448166836711187,0.3,0.42,0.08,280,0.4396991377111575,20,0.3551339861892217,2.3807916406751817e-18,0.2,secondary,-0.0951904156651143,False,50,250,390,-1,1.0,100,0.0040810901530076,0,35,0.988843878600823,2,0,0.55,0.0,0.75,35.0,30.0,0.45,0.2,0.1,0.002,8.0,0.003156252253371905,0.003922662619860184,0.069382202152623,0.07469969486115702,0.1511608118870121
72,500,0.4295718428713725,0.5,-0.0440533595787538,0.062648229755441,0.125,0.0,extended_hex_r2__markov__plastic__intr1__struct1__alpha_async__lesion__s3__c614ad378f,0.022466501370764,-0.0054194657313088,0.25,False,0.831204367026408,0.003,0.016,markov,0.68,extended_hex_r2,50,100,0.9,0.256567742783868,0.3,1,0.42,0.08,280,0.4223523834746159,0.2,20,0.5938596155433166,2.613054093553767e-18,0.2,plastic,secondary,0.0357140408762113,False,alpha_async,50,250,390,3,-1,1.0,0.6,0.6,100,0.005843555674303,38698,1,35,0.7777027606310014,2,38638,0.55,0.0,0.75,35.0,lesion,30.0,0.45,0.2,0.1,0.002,8.0,72,500,0.398702184384604,-0.0738596815570485,0.0362323493340117,0.125,0.1527488559263833,extended_hex_r2__ql__plastic__intr1__struct1__alpha_async__lesion__s3__b06a79f571,0.0040964241542881,-0.0087279929765715,0.25,0.8082656897475433,0.003,ql,50,100,0.9,0.2614263325273552,0.3,0.42,0.08,280,0.4242102539449071,20,0.2759181453904128,2.726457440557899e-18,0.2,secondary,-0.0435581991643878,False,50,250,390,-1,1.0,100,0.0055605759715366,39518,35,0.7776063100137174,2,39441,0.55,0.0,0.75,35.0,30.0,0.45,0.2,0.1,0.002,8.0,0.030869658486768536,0.022938677278864672,0.0792722400405991,0.31794147015290375,0.4510220459591361
72,500,0.4359163737671888,0.5,0.0076643343338665,0.0,0.125,0.0,extended_hex_r2__markov__plastic__intr0__struct0__alpha_async__repeated_lesion__s3__ba229c1dc4,-0.0162004723948378,-0.0077271518895967,0.25,False,0.8457985363180521,0.003,0.016,markov,0.68,extended_hex_r2,50,100,0.9,0.2389264676981309,0.3,0,0.42,0.08,280,0.4440879967094705,0.2,20,0.7026711588191688,2.6550059832174483e-18,0.2,plastic,secondary,-0.0500867293050793,False,alpha_async,50,250,390,3,-1,1.0,0.6,0.6,100,0.0174023352812007,0,0,35,0.9902906378600824,2,0,0.55,0.0,0.75,35.0,repeated_lesion,30.0,0.45,0.2,0.1,0.002,8.0,72,500,0.4106988638232118,-0.0459696817196813,0.0,0.125,0.1313964590143312,extended_hex_r2__ql__plastic__intr0__struct0__alpha_async__repeated_lesion__s3__1c39b15daf,0.0066581062558669,0.007996656226566,0.25,0.828035047065876,0.003,ql,50,100,0.9,0.2446996018200757,0.3,0.42,0.08,280,0.4465434025150357,20,0.2878766032013347,2.7213767351156205e-18,0.2,secondary,-0.0744377361640059,False,50,250,390,-1,1.0,100,0.0026659174372872,0,35,0.9906442901234568,2,0,0.55,0.0,0.75,35.0,30.0,0.45,0.2,0.1,0.002,8.0,0.02521750994397698,0.01776348925217608,0.024351006858926598,0.41479455561783407,0.48212656167291373
72,500,0.4194408946400302,0.5,-0.0518142065349984,0.0,0.125,0.0,extended_hex_r2__markov__plastic__intr0__struct1__alpha_async__repeated_lesion__s2__c6369d3789,-0.0009785020479315,-0.002201948295274,0.25,False,0.8342767705170789,0.003,0.016,markov,0.68,extended_hex_r2,50,100,0.9,0.2485951260794618,0.3,0,0.42,0.08,280,0.4412796207180141,0.2,20,0.3799406002800982,2.7030608449727734e-18,0.2,plastic,secondary,-0.0158818276111143,False,alpha_async,50,250,390,2,-1,1.0,0.6,0.6,100,0.0031431847301754,38365,1,35,0.777767061042524,2,38332,0.55,0.0,0.75,35.0,repeated_lesion,30.0,0.45,0.2,0.1,0.002,8.0,72,500,0.4704289770990221,-0.0502903415927106,0.0,0.125,0.1318881364597881,extended_hex_r2__ql__plastic__intr0__struct1__alpha_async__repeated_lesion__s2__bb485ce252,-0.0095595737926386,0.0002803810296801,0.25,0.848317298633247,0.003,ql,50,100,0.9,0.253299896188214,0.3,0.42,0.08,280,0.4406528665124867,20,0.8271996022047743,2.5998298076049174e-18,0.2,secondary,0.0374252816552199,False,50,250,390,-1,1.0,100,0.0029830895959019,39376,35,0.7777456275720165,2,39347,0.55,0.0,0.75,35.0,30.0,0.45,0.2,0.1,0.002,8.0,0.05098808245899189,0.014040528116168072,0.053307109266334196,0.4472590019246761,0.5655947217661703
72,500,0.4070764658913933,0.5,-0.0528698845630565,0.0529528035272516,0.125,0.0,extended_hex_r2__markov__plastic__intr1__struct0__alpha_async__repeated_lesion__s3__7fa528989a,0.0281653553854674,0.0169519629929363,0.25,False,0.824928438531507,0.003,0.016,markov,0.68,extended_hex_r2,50,100,0.9,0.2461002206312069,0.3,1,0.42,0.08,280,0.4387605673208143,0.2,20,0.2771520477027846,2.5534099595520534e-18,0.2,plastic,secondary,-0.0257302240609655,False,alpha_async,50,250,390,3,-1,1.0,0.6,0.6,100,0.0029775827789578,0,0,35,0.9890903635116598,2,0,0.55,0.0,0.75,35.0,repeated_lesion,30.0,0.45,0.2,0.1,0.002,8.0,72,500,0.4105505754622914,-0.0410988486695204,0.029400102381735,0.125,0.1399505313311711,extended_hex_r2__ql__plastic__intr1__struct0__alpha_async__repeated_lesion__s3__b6bf67a5b4,0.0092666801428606,0.005196573264395,0.25,0.8286422238495994,0.003,ql,50,100,0.9,0.2448668896533708,0.3,0.42,0.08,280,0.4397061190479402,20,0.3565413625954342,2.622077311686969e-18,0.2,secondary,-0.0959646794416825,False,50,250,390,-1,1.0,100,0.0041272610481252,0,35,0.9888331618655692,2,0,0.55,0.0,0.75,35.0,30.0,0.45,0.2,0.1,0.002,8.0,0.0034741095708981096,0.0037137853180924107,0.07023445538071699,0.07938931489264955,0.15681166516235706
72,500,0.427985665584764,0.5,-0.0445446645668578,0.062679365637473,0.125,0.0,extended_hex_r2__markov__plastic__intr1__struct1__alpha_async__repeated_lesion__s3__ee5626d07a,0.0266896481311367,-0.0058665451723732,0.25,False,0.8304968171842149,0.003,0.016,markov,0.68,extended_hex_r2,50,100,0.9,0.256261900988096,0.3,1,0.42,0.08,280,0.4222363176521138,0.2,20,0.5824675209964443,2.401882442167522e-18,0.2,plastic,secondary,0.0542536691367174,False,alpha_async,50,250,390,3,-1,1.0,0.6,0.6,100,0.0054716053715662,38696,1,35,0.7776813271604939,2,38636,0.55,0.0,0.75,35.0,repeated_lesion,30.0,0.45,0.2,0.1,0.002,8.0,72,500,0.3991523896315992,-0.0742609802834008,0.0361980437766087,0.125,0.1524985468722802,extended_hex_r2__ql__plastic__intr1__struct1__alpha_async__repeated_lesion__s3__4ebf5ffb1f,0.0049244222555773,-0.0092276811004232,0.25,0.8081806543927474,0.003,ql,50,100,0.9,0.261522409581403,0.3,0.42,0.08,280,0.4245704036774676,20,0.272552923080692,2.568039325972847e-18,0.2,secondary,-0.0395285430833661,False,50,250,390,-1,1.0,100,0.0056964770198469,39521,35,0.7776063100137174,2,39444,0.55,0.0,0.75,35.0,30.0,0.45,0.2,0.1,0.002,8.0,0.02883327595316476,0.02231616279146742,0.0937822122200835,0.30991459791575227,0.45484624888046793
72,500,0.438163542291584,0.5,-0.1208792919237818,0.0,0.125,0.0,extended_hex_r2__markov__plastic__intr0__struct0__block_async__lesion__s2__a51a226efa,-0.08697263252296,-0.0148999400268483,0.25,False,0.9666088825705228,0.003,0.016,markov,0.68,extended_hex_r2,50,100,0.9,0.0643501147967578,0.3,0,0.42,0.08,280,0.4377043833189036,0.2,20,0.0166192158110189,4.790029037266689e-18,0.2,plastic,secondary,-0.0736547258358051,False,block_async,50,250,390,2,-1,1.0,0.6,0.6,100,0.0208456143751738,0,0,35,0.9882651748971192,2,0,0.55,0.0,0.75,35.0,lesion,30.0,0.45,0.2,0.1,0.002,8.0,72,500,0.4191773883697404,-0.1472469479373048,0.0,0.125,0.1692087401952439,extended_hex_r2__ql__plastic__intr0__struct0__block_async__lesion__s2__f68a2c5f29,0.0094106018154982,-0.0036188502089656,0.25,0.8898845938847151,0.003,ql,50,100,0.9,0.176420635733652,0.3,0.42,0.08,280,0.4191573510039512,20,0.1129135111359731,2.856699740600822e-18,0.2,secondary,0.0088804777210259,False,50,250,390,-1,1.0,100,0.0365540346713773,0,35,0.985693158436214,2,0,0.55,0.0,0.75,35.0,30.0,0.45,0.2,0.1,0.002,8.0,0.018986153921843607,0.07672428868580772,0.082535203556831,0.0962942953249542,0.2745399414894365
72,500,0.4145014433765941,0.5,-0.14749747726692,0.0,0.125,0.0,extended_hex_r2__markov__plastic__intr0__struct1__block_async__lesion__s1__c1c043dc50,-0.0072972364988416,-1.7230695674572747e-05,0.25,False,0.8411863281515956,0.003,0.016,markov,0.68,extended_hex_r2,50,100,0.9,0.238743107524257,0.3,0,0.42,0.08,280,0.4141761335697717,0.2,20,0.1924891861849209,2.457686942760905e-18,0.2,plastic,secondary,-0.0070153598081953,False,block_async,50,250,390,1,-1,1.0,0.6,0.6,100,0.0155748169750817,39435,1,35,0.7776920438957476,2,39343,0.55,0.0,0.75,35.0,lesion,30.0,0.45,0.2,0.1,0.002,8.0,72,500,0.3965737072626136,-0.1469930903936286,0.0,0.125,0.1932795133646558,extended_hex_r2__ql__plastic__intr0__struct1__block_async__lesion__s1__e118036ddc,0.0260032596879118,0.0226303380563871,0.25,0.7782893434945194,0.003,ql,50,100,0.9,0.2834422872173117,0.3,0.42,0.08,280,0.3953409192567815,20,0.2846591819673358,2.4783642535629942e-18,0.2,secondary,0.0247656970284272,False,50,250,390,-1,1.0,100,0.0141367954354002,39405,35,0.7775205761316872,2,39247,0.55,0.0,0.75,35.0,30.0,0.45,0.2,0.1,0.002,8.0,0.01792773611398052,0.06289698465707616,0.0317810568366225,0.09216999578241492,0.2047757733900941
72,500,0.363164098183631,0.5,-0.1590769402639761,0.1052903167175436,0.125,0.0,extended_hex_r2__markov__plastic__intr1__struct0__block_async__lesion__s3__a994242de5,0.0218374081601406,-0.0021512453473857,0.25,False,0.7500614580869004,0.003,0.016,markov,0.68,extended_hex_r2,50,100,0.9,0.2799561009444427,0.3,1,0.42,0.08,280,0.3609990565961191,0.2,20,0.1633824806882678,2.4267283057587665e-18,0.2,plastic,secondary,0.0260380763569401,False,block_async,50,250,390,3,-1,1.0,0.6,0.6,100,0.0179306549284562,0,0,35,0.9549039780521262,2,0,0.55,0.0,0.75,35.0,lesion,30.0,0.45,0.2,0.1,0.002,8.0,72,500,0.3483166033507955,-0.1558546175439685,0.0941663169936798,0.125,0.2344869530406444,extended_hex_r2__ql__plastic__intr1__struct0__block_async__lesion__s3__b532c47527,0.0265080651469354,0.009321803412487,0.25,0.7316008240190068,0.003,ql,50,100,0.9,0.2808645815367722,0.3,0.42,0.08,280,0.3461417903556322,20,0.2595988037151489,2.4523445060645645e-18,0.2,secondary,0.027443090011038,False,50,250,390,-1,1.0,100,0.0112552152679572,0,35,0.9375643004115226,2,0,0.55,0.0,0.75,35.0,30.0,0.45,0.2,0.1,0.002,8.0,0.014847494832835484,0.018460634067893555,0.001405013654097901,0.09621632302688107,0.130929465581708
72,500,0.343317089869824,0.5,-0.1662532811515638,0.123077332341424,0.125,0.0,extended_hex_r2__markov__plastic__intr1__struct1__block_async__lesion__s1__d7d62d67e7,0.0322078270433935,0.001596498959176,0.25,False,0.7054473788196223,0.003,0.016,markov,0.68,extended_hex_r2,50,100,0.9,0.298483963407539,0.3,1,0.42,0.08,280,0.3425631290799891,0.2,20,0.3385851936756914,2.943618025522967e-18,0.2,plastic,secondary,0.0314217600203462,False,block_async,50,250,390,1,-1,1.0,0.6,0.6,100,0.0161668307938404,37953,1,35,0.77644890260631,2,37531,0.55,0.0,0.75,35.0,lesion,30.0,0.45,0.2,0.1,0.002,8.0,72,500,0.3347833722884644,-0.163750836383756,0.1084061271687123,0.125,0.2441832798187979,extended_hex_r2__ql__plastic__intr1__struct1__block_async__lesion__s1__3bb98f13f5,0.0411459093143278,0.0056726178661187,0.25,0.689373771606928,0.003,ql,50,100,0.9,0.3023835821311588,0.3,0.42,0.08,280,0.3330488882064426,20,0.4064389854377227,2.603377092924177e-18,0.2,secondary,0.0378354173442873,False,50,250,390,-1,1.0,100,0.007807004923115,38155,35,0.7759452160493827,2,37563,0.55,0.0,0.75,35.0,30.0,0.45,0.2,0.1,0.002,8.0,0.008533717581359623,0.01607360721269424,0.006413657323941106,0.06785379176203132,0.0988747738800263
72,500,0.4381839451372498,0.5,-0.1210344460694987,0.0,0.125,0.0,extended_hex_r2__markov__plastic__intr0__struct0__block_async__repeated_lesion__s2__88d32682f7,-0.0864884796771493,-0.014734788365838,0.25,False,0.9665777924428024,0.003,0.016,markov,0.68,extended_hex_r2,50,100,0.9,0.0645310472666947,0.3,0,0.42,0.08,280,0.4377053206226065,0.2,20,0.0162268770129635,5.178804108943878e-18,0.2,plastic,secondary,-0.0737467828101682,False,block_async,50,250,390,2,-1,1.0,0.6,0.6,100,0.0215909218472843,0,0,35,0.9882651748971192,2,0,0.55,0.0,0.75,35.0,repeated_lesion,30.0,0.45,0.2,0.1,0.002,8.0,72,500,0.4193288523111904,-0.1477635453517899,0.0,0.125,0.1685527591117456,extended_hex_r2__ql__plastic__intr0__struct0__block_async__repeated_lesion__s2__869013453b,0.0068784914173766,-0.0038327733238582,0.25,0.8894933073273978,0.003,ql,50,100,0.9,0.1771425035899232,0.3,0.42,0.08,280,0.419694488098933,20,0.1138865482712283,2.9342912012407508e-18,0.2,secondary,0.0082237520354859,False,50,250,390,-1,1.0,100,0.0380100389600973,0,35,0.9858539094650206,2,0,0.55,0.0,0.75,35.0,30.0,0.45,0.2,0.1,0.002,8.0,0.018855092826059405,0.07708448511540456,0.08197053484565409,0.0976596712582648,0.27556978404538285
72,500,0.4134832575860157,0.5,-0.1486690777192085,0.0,0.125,0.0,extended_hex_r2__markov__plastic__intr0__struct1__block_async__repeated_lesion__s1__fcedc70d15,-0.0095093066285278,-0.0033943851526696,0.25,False,0.8409180264481918,0.003,0.016,markov,0.68,extended_hex_r2,50,100,0.9,0.238650934325418,0.3,0,0.42,0.08,280,0.4130561894050613,0.2,20,0.1705391793888071,2.336330236431649e-18,0.2,plastic,secondary,-0.0074392210160685,False,block_async,50,250,390,1,-1,1.0,0.6,0.6,100,0.0161775317323848,39441,1,35,0.7776920438957476,2,39348,0.55,0.0,0.75,35.0,repeated_lesion,30.0,0.45,0.2,0.1,0.002,8.0,72,500,0.3976199456892372,-0.1474642294122623,0.0,0.125,0.1909813046187911,extended_hex_r2__ql__plastic__intr0__struct1__block_async__repeated_lesion__s1__eb5d67b6c0,0.0189609057711369,0.0221146038881528,0.25,0.7782249109343491,0.003,ql,50,100,0.9,0.2845910037377489,0.3,0.42,0.08,280,0.3967650349838885,20,0.2870736297145255,2.7639592442582065e-18,0.2,secondary,0.0134651245602118,False,50,250,390,-1,1.0,100,0.0168261010920163,39432,35,0.7775420096021948,2,39278,0.55,0.0,0.75,35.0,30.0,0.45,0.2,0.1,0.002,8.0,0.015863311896778476,0.06269311551384271,0.0209043455762803,0.11653445032571838,0.21599522331261986
72,500,0.3635160799922351,0.5,-0.1588777199981682,0.1052103593500978,0.125,0.0,extended_hex_r2__markov__plastic__intr1__struct0__block_async__repeated_lesion__s3__6889391029,0.022236742146363,-0.0016679285772355,0.25,False,0.7520301732628961,0.003,0.016,markov,0.68,extended_hex_r2,50,100,0.9,0.2786132028059978,0.3,1,0.42,0.08,280,0.3614203473169578,0.2,20,0.1642882299368393,2.6178484098174778e-18,0.2,plastic,secondary,0.026896510846529,False,block_async,50,250,390,3,-1,1.0,0.6,0.6,100,0.0162132318098646,0,0,35,0.9548075274348422,2,0,0.55,0.0,0.75,35.0,repeated_lesion,30.0,0.45,0.2,0.1,0.002,8.0,72,500,0.3485221297667112,-0.1553267067742431,0.0941099175504252,0.125,0.2334769668943807,extended_hex_r2__ql__plastic__intr1__struct0__block_async__repeated_lesion__s3__3b56ae08fe,0.0278421089947381,0.0072581786315634,0.25,0.731931901409396,0.003,ql,50,100,0.9,0.2806013577385446,0.3,0.42,0.08,280,0.3462095952588301,20,0.2589528619816228,2.50909021495164e-18,0.2,secondary,0.0309564032758051,False,50,250,390,-1,1.0,100,0.0107889275802017,0,35,0.9375428669410152,2,0,0.55,0.0,0.75,35.0,30.0,0.45,0.2,0.1,0.002,8.0,0.014993950225523911,0.020098271853500105,0.0040598924292761,0.09466463204478351,0.13381674655308362
72,500,0.3394922559538905,0.5,-0.1633931904122031,0.1256357540395963,0.125,0.0,extended_hex_r2__markov__plastic__intr1__struct1__block_async__repeated_lesion__s3__7e35599712,0.0331570936376395,0.0071286380080972,0.25,False,0.7045093255196124,0.003,0.016,markov,0.68,extended_hex_r2,50,100,0.9,0.2944756604832012,0.3,1,0.42,0.08,280,0.3384615072101995,0.2,20,0.3558130219643032,2.5553759742677884e-18,0.2,plastic,secondary,0.0304122652203703,False,block_async,50,250,390,3,-1,1.0,0.6,0.6,100,0.0097253599844594,38224,1,35,0.7765024862825789,2,37762,0.55,0.0,0.75,35.0,repeated_lesion,30.0,0.45,0.2,0.1,0.002,8.0,72,500,0.334990809065568,-0.1641801130301008,0.1102742498240517,0.125,0.2465576306343716,extended_hex_r2__ql__plastic__intr1__struct1__block_async__repeated_lesion__s3__180d2de752,0.028347776127774,0.0052884525771523,0.25,0.6868151924627875,0.003,ql,50,100,0.9,0.3041273825550293,0.3,0.42,0.08,280,0.3334824393848982,20,0.4235802930881046,2.5126621369312603e-18,0.2,secondary,0.0186624822205166,False,50,250,390,-1,1.0,100,0.0252537607964569,38443,35,0.775934499314129,2,37883,0.55,0.0,0.75,35.0,30.0,0.45,0.2,0.1,0.002,8.0,0.004501446888322491,0.01769413305682488,0.0117497829998537,0.06776727112380138,0.10171263406880245
72,500,0.4178375223797715,0.5,0.4289213347645425,0.0,0.125,0.0,extended_hex_r2__markov__plastic__intr0__struct0__synchronous__lesion__s3__46f14a52d9,-0.0098596463783503,0.0493805551710306,0.25,False,0.8619385340564385,0.003,0.016,markov,0.68,extended_hex_r2,50,100,0.9,0.1550512253102995,0.3,0,0.42,0.08,280,0.413678273824114,0.2,20,1.205253361524808,3.764830309206542e-18,0.2,plastic,secondary,0.0190684844061654,False,synchronous,50,250,390,3,-1,1.0,0.6,0.6,100,0.0093634985547762,0,0,35,0.9895297496570644,2,0,0.55,0.0,0.75,35.0,lesion,30.0,0.45,0.2,0.1,0.002,8.0,72,500,0.404904565977787,0.4226325652657586,0.0,0.125,0.2188735261158327,extended_hex_r2__ql__plastic__intr0__struct0__synchronous__lesion__s3__407d43a311,-0.0326817418709458,-0.0122265876995154,0.25,0.8479635920733942,0.003,ql,50,100,0.9,0.158778757185606,0.3,0.42,0.08,280,0.4078294756555773,20,1.216749461626935,3.329510587125371e-18,0.2,secondary,-0.0251977523540032,False,50,250,390,-1,1.0,100,0.0089066080577876,0,35,0.9913087277091908,2,0,0.55,0.0,0.75,35.0,30.0,0.45,0.2,0.1,0.002,8.0,0.012932956401984497,0.013974941983044276,0.044266236760168595,0.011496100102126983,0.08267023524732435
72,500,0.4026050193191489,0.5,0.3850554334574531,0.0,0.125,0.0,extended_hex_r2__markov__plastic__intr0__struct1__synchronous__lesion__s2__42a90d45a1,-0.0403276737095177,-0.0182912132322446,0.25,False,0.8545700613895111,0.003,0.016,markov,0.68,extended_hex_r2,50,100,0.9,0.161173066979255,0.3,0,0.42,0.08,280,0.4150081339444162,0.2,20,1.14473844263956,3.8720213542449926e-18,0.2,plastic,secondary,-0.093588473282096,False,synchronous,50,250,390,2,-1,1.0,0.6,0.6,100,0.0080550437088216,37996,1,35,0.7777777777777778,2,37989,0.55,0.0,0.75,35.0,lesion,30.0,0.45,0.2,0.1,0.002,8.0,72,500,0.4074010907783932,0.3906382493163674,0.0,0.125,0.2133220999864686,extended_hex_r2__ql__plastic__intr0__struct1__synchronous__lesion__s2__b0a540e57f,0.0072864925954713,-0.0093431518502456,0.25,0.8478519910938844,0.003,ql,50,100,0.9,0.166736017546257,0.3,0.42,0.08,280,0.4082200394781496,20,1.2131584774740487,3.923903999292088e-18,0.2,secondary,0.0233899331128817,False,50,250,390,-1,1.0,100,0.0109584189822679,38846,35,0.777767061042524,2,38842,0.55,0.0,0.75,35.0,30.0,0.45,0.2,0.1,0.002,8.0,0.004796071459244322,0.006718070295626655,0.1169784063949777,0.06842003483448877,0.19691258298433745
72,500,0.4032593309439078,0.5,0.4316920901829593,0.1173469365045402,0.125,0.0,extended_hex_r2__markov__plastic__intr1__struct0__synchronous__lesion__s3__df4fdbedda,-0.0168100905055074,-0.0145731590399017,0.25,False,0.8641367808209581,0.003,0.016,markov,0.68,extended_hex_r2,50,100,0.9,0.1481057138961065,0.3,1,0.42,0.08,280,0.4066082844012616,0.2,20,1.1672459967266486,3.7737526940909e-18,0.2,plastic,secondary,-0.0355713796763258,False,synchronous,50,250,390,3,-1,1.0,0.6,0.6,100,0.0090736868930937,0,0,35,0.9901834705075446,2,0,0.55,0.0,0.75,35.0,lesion,30.0,0.45,0.2,0.1,0.002,8.0,72,500,0.4015810142490637,0.4152162805665303,0.0887362978885224,0.125,0.2289052030651004,extended_hex_r2__ql__plastic__intr1__struct0__synchronous__lesion__s3__2877aa0597,-0.0417423086137823,0.0039298708067506,0.25,0.8537619874943865,0.003,ql,50,100,0.9,0.1563534574746088,0.3,0.42,0.08,280,0.4033778706854097,20,1.1986160692973258,3.6200652426801074e-18,0.2,secondary,-0.0915439895236554,False,50,250,390,-1,1.0,100,0.0077284237141247,0,35,0.9905799897119342,2,0,0.55,0.0,0.75,35.0,30.0,0.45,0.2,0.1,0.002,8.0,0.0016783166948441397,0.010374793326571652,0.0559726098473296,0.03137007257067714,0.09939579243942254
72,500,0.4041452253336527,0.5,0.4105300480228496,0.1208163488049843,0.125,0.0,extended_hex_r2__markov__plastic__intr1__struct1__synchronous__lesion__s3__61b798338c,-0.002915717332863,-0.0243548143137642,0.25,False,0.8621182033873629,0.003,0.016,markov,0.68,extended_hex_r2,50,100,0.9,0.1539882690578668,0.3,1,0.42,0.08,280,0.4086059728341302,0.2,20,1.163804813023831,2.9364381999438052e-18,0.2,plastic,secondary,0.0360182190859796,False,synchronous,50,250,390,3,-1,1.0,0.6,0.6,100,0.010759225335322,38402,1,35,0.7777777777777778,2,38392,0.55,0.0,0.75,35.0,lesion,30.0,0.45,0.2,0.1,0.002,8.0,72,500,0.4044976357331354,0.3735595610658345,0.0893356281996028,0.125,0.2234322488003693,extended_hex_r2__ql__plastic__intr1__struct1__synchronous__lesion__s3__36e0c41ea9,-0.0183307423784429,-0.010609371617539,0.25,0.8547669953431078,0.003,ql,50,100,0.9,0.1644048911374057,0.3,0.42,0.08,280,0.4045315523479443,20,1.1299872320880553,3.8714700835591775e-18,0.2,secondary,-0.0418846488708304,False,50,250,390,-1,1.0,100,0.009499868782722,39041,35,0.777767061042524,2,39033,0.55,0.0,0.75,35.0,30.0,0.45,0.2,0.1,0.002,8.0,0.00035241039948269437,0.007351208044255042,0.07790286795681,0.03381758093577569,0.11942406733632344
72,500,0.4095106318159711,0.5,0.4216654066038109,0.0,0.125,0.0,extended_hex_r2__markov__plastic__intr0__struct0__synchronous__repeated_lesion__s2__38686e664e,-0.0453746145790646,-0.0205507188527577,0.25,False,0.861718389749349,0.003,0.016,markov,0.68,extended_hex_r2,50,100,0.9,0.1532226675843057,0.3,0,0.42,0.08,280,0.4145108072164998,0.2,20,1.1862360911754637,3.4272343712533965e-18,0.2,plastic,secondary,-0.0296924252266349,False,synchronous,50,250,390,2,-1,1.0,0.6,0.6,100,0.0090248534762877,0,0,35,0.9896690672153636,2,0,0.55,0.0,0.75,35.0,repeated_lesion,30.0,0.45,0.2,0.1,0.002,8.0,72,500,0.4129582888221433,0.4223327600308632,0.0,0.125,0.2184073861558545,extended_hex_r2__ql__plastic__intr0__struct0__synchronous__repeated_lesion__s2__55e6624ff6,-0.0610713965411804,-0.0058219994651186,0.25,0.8492593298523461,0.003,ql,50,100,0.9,0.1616865342852427,0.3,0.42,0.08,280,0.4087226623094827,20,1.2307366422550063,3.3289375705875706e-18,0.2,secondary,-0.0667400253297272,False,50,250,390,-1,1.0,100,0.0099296505043465,0,35,0.991158693415638,2,0,0.55,0.0,0.75,35.0,30.0,0.45,0.2,0.1,0.002,8.0,0.0034476570061722223,0.012459059897002911,0.0370476001030923,0.04450055107954265,0.09745486808581008
72,500,0.4200515991308665,0.5,0.3690314334243377,0.0,0.125,0.0,extended_hex_r2__markov__plastic__intr0__struct1__synchronous__repeated_lesion__s1__3d979ac189,-0.0151160955928748,-0.0299553409289058,0.25,False,0.8666551569324575,0.003,0.016,markov,0.68,extended_hex_r2,50,100,0.9,0.1640260864509971,0.3,0,0.42,0.08,280,0.4161631329932684,0.2,20,1.1075531794159563,3.3648891682332583e-18,0.2,plastic,secondary,-0.0911400730462338,False,synchronous,50,250,390,1,-1,1.0,0.6,0.6,100,0.0076289990192336,37833,1,35,0.777767061042524,2,37821,0.55,0.0,0.75,35.0,repeated_lesion,30.0,0.45,0.2,0.1,0.002,8.0,72,500,0.4117207761408611,0.3715192388122788,0.0,0.125,0.2139003635805342,extended_hex_r2__ql__plastic__intr0__struct1__synchronous__repeated_lesion__s1__b05297b19e,-0.0236755183638788,0.0054656053603795,0.25,0.8525462843328206,0.003,ql,50,100,0.9,0.1683655465784048,0.3,0.42,0.08,280,0.409445418197243,20,1.1609585254867094,3.5474380060600696e-18,0.2,secondary,-0.0134397338480718,False,50,250,390,-1,1.0,100,0.0101145873098583,38782,35,0.7777777777777778,2,38773,0.55,0.0,0.75,35.0,30.0,0.45,0.2,0.1,0.002,8.0,0.008330822990005371,0.01410887259963689,0.077700339198162,0.05340534607075309,0.15354538085855735
72,500,0.4077267485110584,0.5,0.4369076682533729,0.1170888831508883,0.125,0.0,extended_hex_r2__markov__plastic__intr1__struct0__synchronous__repeated_lesion__s2__722b392eb2,-0.0065186740161922,0.0165233785762314,0.25,False,0.8647606520140159,0.003,0.016,markov,0.68,extended_hex_r2,50,100,0.9,0.1483637596568423,0.3,1,0.42,0.08,280,0.4071765475898155,0.2,20,1.2130326133295153,3.104389670257272e-18,0.2,plastic,secondary,-0.0244029864716304,False,synchronous,50,250,390,2,-1,1.0,0.6,0.6,100,0.0108068532919923,0,0,35,0.9902477709190672,2,0,0.55,0.0,0.75,35.0,repeated_lesion,30.0,0.45,0.2,0.1,0.002,8.0,72,500,0.4039361646350572,0.4289570159039806,0.0881639407873716,0.125,0.2316183196000414,extended_hex_r2__ql__plastic__intr1__struct0__synchronous__repeated_lesion__s2__78c5962451,0.0045282974961892,-0.0300826461391519,0.25,0.8552493273516871,0.003,ql,50,100,0.9,0.154157250706597,0.3,0.42,0.08,280,0.4033931870538948,20,1.2117692967635034,4.255617733047922e-18,0.2,secondary,0.0266391464755123,False,50,250,390,-1,1.0,100,0.0090936110740415,0,35,0.9909765089163236,2,0,0.55,0.0,0.75,35.0,30.0,0.45,0.2,0.1,0.002,8.0,0.0037905838760011745,0.009511324662328735,0.0510421329471427,0.0012633165660118628,0.06560735805148447
72,500,0.4085919219300064,0.5,0.3987290384066663,0.1182612511637519,0.125,0.0,extended_hex_r2__markov__plastic__intr1__struct1__synchronous__repeated_lesion__s2__acf1ccffad,0.0272722544511586,-0.0023566902774763,0.25,False,0.8655744333991648,0.003,0.016,markov,0.68,extended_hex_r2,50,100,0.9,0.1557495053949238,0.3,1,0.42,0.08,280,0.4092440816090932,0.2,20,1.1376491366560235,3.2076383836508e-18,0.2,plastic,secondary,0.0395097149002151,False,synchronous,50,250,390,2,-1,1.0,0.6,0.6,100,0.0084638598063271,38252,1,35,0.7777777777777778,2,38243,0.55,0.0,0.75,35.0,repeated_lesion,30.0,0.45,0.2,0.1,0.002,8.0,72,500,0.4085071098912164,0.3889177954322963,0.0883466519575306,0.125,0.2239634816659166,extended_hex_r2__ql__plastic__intr1__struct1__synchronous__repeated_lesion__s2__1f09a7e314,-0.0005912934203761,0.0026740331077809,0.25,0.8554332706211824,0.003,ql,50,100,0.9,0.1638219924185702,0.3,0.42,0.08,280,0.4056578340687097,20,1.1682212577157567,3.869404640654637e-18,0.2,secondary,0.0509396553906245,False,50,250,390,-1,1.0,100,0.007958478362481,38753,35,0.7777777777777778,2,38744,0.55,0.0,0.75,35.0,30.0,0.45,0.2,0.1,0.002,8.0,8.481203878996091e-05,0.010141162777982493,0.0114299404904094,0.03057212105973317,0.052228036366915025
72,500,0.4718711357343664,0.5,-0.0098854159075901,0.0,0.125,0.0,extended_moore_r2__markov__plastic__intr0__struct0__alpha_async__lesion__s3__26b0bd063f,-0.0105192594678031,-0.0073409458927338,0.25,False,0.8437653906669041,0.003,0.016,markov,0.68,extended_moore_r2,50,100,0.9,0.2497348016806234,0.3,0,0.42,0.08,280,0.4402461415590605,0.2,20,0.8717467104949504,2.7162476413898113e-18,0.2,plastic,secondary,0.0623464230696164,False,alpha_async,50,250,390,3,-1,1.0,0.6,0.6,100,0.0064879498183902,0,0,35,0.982397762345679,2,0,0.55,0.0,0.75,35.0,lesion,30.0,0.45,0.2,0.1,0.002,8.0,72,500,0.4856365643854666,-0.0337094340042316,0.0,0.125,0.1231210507807105,extended_moore_r2__ql__plastic__intr0__struct0__alpha_async__lesion__s3__7348f18557,-0.0336346401753045,-0.0137265638301991,0.25,0.8407544785501326,0.003,ql,50,100,0.9,0.2533762137833278,0.3,0.42,0.08,280,0.4433577879898027,20,0.8163282135099603,2.6495725576865327e-18,0.2,secondary,0.0234724739522607,False,50,250,390,-1,1.0,100,0.0031068558732727,0,35,0.9819074717078188,2,0,0.55,0.0,0.75,35.0,30.0,0.45,0.2,0.1,0.002,8.0,0.013765428651100198,0.0030109121167715136,0.0388739491173557,0.05541849698499013,0.11106878687021754
72,500,0.4078128562996868,0.5,-0.0643426601634121,0.0,0.125,0.0,extended_moore_r2__markov__plastic__intr0__struct1__alpha_async__lesion__s3__fb8cbb7cae,0.0016376352727565,0.0043872286515932,0.25,False,0.8161483876297162,0.003,0.016,markov,0.68,extended_moore_r2,50,100,0.9,0.2563198764636923,0.3,0,0.42,0.08,280,0.4374076190847667,0.2,20,0.2664814653402608,2.9113452526252986e-18,0.2,plastic,secondary,-0.0114465959918219,False,alpha_async,50,250,390,3,-1,1.0,0.6,0.6,100,0.004438463941867,39600,1,35,0.7497106481481481,2,39004,0.55,0.0,0.75,35.0,lesion,30.0,0.45,0.2,0.1,0.002,8.0,72,500,0.4733893887001958,-0.0594109721365032,0.0,0.125,0.1315032470285925,extended_moore_r2__ql__plastic__intr0__struct1__alpha_async__lesion__s3__edf97ad225,0.0076272823385122,0.0011155965886811,0.25,0.8378946546303933,0.003,ql,50,100,0.9,0.2610816186243991,0.3,0.42,0.08,280,0.4370603750831288,20,0.8196006113648145,2.452598828360145e-18,0.2,secondary,0.0188818695118223,False,50,250,390,-1,1.0,100,0.005859035803004,40143,35,0.7497106481481481,2,39567,0.55,0.0,0.75,35.0,30.0,0.45,0.2,0.1,0.002,8.0,0.06557653240050904,0.021746267000677055,0.030328465503644198,0.5531191460245537,0.6707704109293839
72,500,0.4020719397560067,0.5,-0.0505412409656961,0.0662952564686154,0.125,0.0,extended_moore_r2__markov__plastic__intr1__struct0__alpha_async__lesion__s1__5b4489e540,-0.0144084955813447,-0.0185202254351811,0.25,False,0.8041303829383544,0.003,0.016,markov,0.68,extended_moore_r2,50,100,0.9,0.2615296210068168,0.3,1,0.42,0.08,280,0.4151227888762668,0.2,20,0.5254323304029918,3.1805446081024813e-18,0.2,plastic,secondary,-0.0598011768654874,False,alpha_async,50,250,390,1,-1,1.0,0.6,0.6,100,0.0115866101725023,0,0,35,0.9708558384773662,2,0,0.55,0.0,0.75,35.0,lesion,30.0,0.45,0.2,0.1,0.002,8.0,72,500,0.455225652969049,-0.0310788333853722,0.037552175636391,0.125,0.1437577826201378,extended_moore_r2__ql__plastic__intr1__struct0__alpha_async__lesion__s1__4584011265,-0.0885150752112204,-0.0914089853928516,0.25,0.81830164097847,0.003,ql,50,100,0.9,0.2635155304749695,0.3,0.42,0.08,280,0.4217417889562292,20,0.8775860427390001,3.209963694767454e-18,0.2,secondary,-0.0116467424091522,False,50,250,390,-1,1.0,100,0.0070448953900325,0,35,0.9697868441358024,2,0,0.55,0.0,0.75,35.0,30.0,0.45,0.2,0.1,0.002,8.0,0.0531537132130423,0.014171258040115653,0.0481544344563352,0.35215371233600834,0.4676331180455015
72,500,0.3386139088180608,0.5,-0.2074592939708063,0.0877900597756934,0.125,0.0,extended_moore_r2__markov__plastic__intr1__struct1__alpha_async__lesion__s1__2fa268fe6d,0.0090552521704506,-0.0117682279607705,0.25,False,0.6552945840106392,0.003,0.016,markov,0.68,extended_moore_r2,50,100,0.9,0.3364848604865021,0.3,1,0.42,0.08,280,0.3467952409250728,0.2,20,0.6117331028581259,3.619609897457762e-18,0.2,plastic,secondary,0.0052006713793919,False,alpha_async,50,250,390,1,-1,1.0,0.6,0.6,100,0.0319084178522403,39341,1,35,0.7460535622427984,2,38152,0.55,0.0,0.75,35.0,lesion,30.0,0.45,0.2,0.1,0.002,8.0,72,500,0.3217225389607415,-0.214345109685471,0.0696779111165835,0.125,0.2373880372712451,extended_moore_r2__ql__plastic__intr1__struct1__alpha_async__lesion__s1__4c3468172e,0.0118230034266348,-0.0090231933719871,0.25,0.6239832212946652,0.003,ql,50,100,0.9,0.3411084188795353,0.3,0.42,0.08,280,0.3276179085953092,20,0.7156536846570252,3.584484786994726e-18,0.2,secondary,0.0248218784981289,False,50,250,390,-1,1.0,100,0.0319654384137043,39588,35,0.7425250771604939,2,37745,0.55,0.0,0.75,35.0,30.0,0.45,0.2,0.1,0.002,8.0,0.016891369857319316,0.03131136271597401,0.019621207118737,0.10392058179889929,0.1717445214909296
72,500,0.4719723373924355,0.5,-0.0101893966043742,0.0,0.125,0.0,extended_moore_r2__markov__plastic__intr0__struct0__alpha_async__repeated_lesion__s3__c56206d369,-0.0097649701422668,-0.0077620977318779,0.25,False,0.8436052478615726,0.003,0.016,markov,0.68,extended_moore_r2,50,100,0.9,0.2499103052799227,0.3,0,0.42,0.08,280,0.4401889834988028,0.2,20,0.8709974310305734,2.7629802839858144e-18,0.2,plastic,secondary,0.0637087778169611,False,alpha_async,50,250,390,3,-1,1.0,0.6,0.6,100,0.0064635604271845,0,0,35,0.9824057998971192,2,0,0.55,0.0,0.75,35.0,repeated_lesion,30.0,0.45,0.2,0.1,0.002,8.0,72,500,0.4854314680144022,-0.032994987914557,0.0,0.125,0.1229676047636149,extended_moore_r2__ql__plastic__intr0__struct0__alpha_async__repeated_lesion__s3__dc8eb7ba98,-0.0339981768966729,-0.014377757008437,0.25,0.8410767644024075,0.003,ql,50,100,0.9,0.2530388120735903,0.3,0.42,0.08,280,0.4433216393164959,20,0.8163213205118918,2.6965874379888232e-18,0.2,secondary,0.0298465866168847,False,50,250,390,-1,1.0,100,0.0029462959810168,0,35,0.9819637345679012,2,0,0.55,0.0,0.75,35.0,30.0,0.45,0.2,0.1,0.002,8.0,0.013459130621966686,0.0025284834591651206,0.0338621912000764,0.0546761105186816,0.1045259157998898
72,500,0.4079571641578036,0.5,-0.0642348536160608,0.0,0.125,0.0,extended_moore_r2__markov__plastic__intr0__struct1__alpha_async__repeated_lesion__s3__121428d7f8,0.0012095596249637,0.0035173215427936,0.25,False,0.8163051960747112,0.003,0.016,markov,0.68,extended_moore_r2,50,100,0.9,0.2562411398225854,0.3,0,0.42,0.08,280,0.4376028855517247,0.2,20,0.2673562375919255,2.659458131179769e-18,0.2,plastic,secondary,-0.0114900718433902,False,alpha_async,50,250,390,3,-1,1.0,0.6,0.6,100,0.0045472739274978,39600,1,35,0.7497106481481481,2,39005,0.55,0.0,0.75,35.0,repeated_lesion,30.0,0.45,0.2,0.1,0.002,8.0,72,500,0.4733545531234411,-0.0592483601757975,0.0,0.125,0.1314652833872291,extended_moore_r2__ql__plastic__intr0__struct1__alpha_async__repeated_lesion__s3__869c959e7b,0.0069924966213487,0.0016529439589393,0.25,0.8380854203244128,0.003,ql,50,100,0.9,0.2610172056795199,0.3,0.42,0.08,280,0.4372795143871416,20,0.8182165059906094,2.5965613220439118e-18,0.2,secondary,0.0158815088046503,False,50,250,390,-1,1.0,100,0.0058472716509559,40143,35,0.7497106481481481,2,39567,0.55,0.0,0.75,35.0,30.0,0.45,0.2,0.1,0.002,8.0,0.06539738896563752,0.021780224249701607,0.027371580648040503,0.5508602683986838,0.6654094622620634
72,500,0.4021022668265773,0.5,-0.0502564593373813,0.0662799521320028,0.125,0.0,extended_moore_r2__markov__plastic__intr1__struct0__alpha_async__repeated_lesion__s1__dd25eab9ff,-0.0140691064575714,-0.0170651639300657,0.25,False,0.8044088109205576,0.003,0.016,markov,0.68,extended_moore_r2,50,100,0.9,0.261307778854547,0.3,1,0.42,0.08,280,0.4152260446831359,0.2,20,0.5259219820630398,3.0814753495471733e-18,0.2,plastic,secondary,-0.0568702836465374,False,alpha_async,50,250,390,1,-1,1.0,0.6,0.6,100,0.0118563672730377,0,0,35,0.9708317258230452,2,0,0.55,0.0,0.75,35.0,repeated_lesion,30.0,0.45,0.2,0.1,0.002,8.0,72,500,0.456261056761823,-0.031341422762187,0.0374205078439708,0.125,0.1429477018528816,extended_moore_r2__ql__plastic__intr1__struct0__alpha_async__repeated_lesion__s1__e8a7ab17c2,-0.0797100747098378,-0.0928927300228757,0.25,0.819730652302607,0.003,ql,50,100,0.9,0.2631144926715527,0.3,0.42,0.08,280,0.4223888980912356,20,0.8710408456007117,3.107198744980131e-18,0.2,secondary,-3.8367092426772806e-05,False,50,250,390,-1,1.0,100,0.0066651068592537,0,35,0.96997170781893,2,0,0.55,0.0,0.75,35.0,30.0,0.45,0.2,0.1,0.002,8.0,0.0541587899352457,0.015321841382049395,0.05683191655411063,0.34511886353767196,0.4714314114090777
72,500,0.3395469328267345,0.5,-0.2077169348229313,0.0876327006528001,0.125,0.0,extended_moore_r2__markov__plastic__intr1__struct1__alpha_async__repeated_lesion__s1__9f583f2443,0.0118954955736837,-0.0104126268950044,0.25,False,0.655944268909812,0.003,0.016,markov,0.68,extended_moore_r2,50,100,0.9,0.3373721575314956,0.3,1,0.42,0.08,280,0.3476033292954268,0.2,20,0.6081900718767577,3.895012941655411e-18,0.2,plastic,secondary,0.0055281352419068,False,alpha_async,50,250,390,1,-1,1.0,0.6,0.6,100,0.0303714554979982,39341,1,35,0.7459812242798354,2,38140,0.55,0.0,0.75,35.0,repeated_lesion,30.0,0.45,0.2,0.1,0.002,8.0,72,500,0.3217661237307564,-0.2137839051029219,0.0696304275680158,0.125,0.2382291426974849,extended_moore_r2__ql__plastic__intr1__struct1__alpha_async__repeated_lesion__s1__fca32b7a95,0.01023202135831,-0.009170012217325,0.25,0.6220784386877952,0.003,ql,50,100,0.9,0.342071374247996,0.3,0.42,0.08,280,0.3279238370105886,20,0.7163289631436376,3.520508506114325e-18,0.2,secondary,0.0249518810493108,False,50,250,390,-1,1.0,100,0.0338292301744236,39590,35,0.7425331147119342,2,37753,0.55,0.0,0.75,35.0,30.0,0.45,0.2,0.1,0.002,8.0,0.017780809095978067,0.033865830222016724,0.019423745807404,0.10813889126687992,0.1792092763922787
72,500,0.3657036521885239,0.5,-0.1449332240736799,0.0,0.125,0.0,extended_moore_r2__markov__plastic__intr0__struct0__block_async__lesion__s2__ac06b06a3f,-0.0013740350389795,-0.0100456957285944,0.25,False,0.796024834072018,0.003,0.016,markov,0.68,extended_moore_r2,50,100,0.9,0.2236519261477793,0.3,0,0.42,0.08,280,0.362587483923546,0.2,20,0.3590053645725056,4.262104673664873e-18,0.2,plastic,secondary,0.0016853157809738,False,block_async,50,250,390,2,-1,1.0,0.6,0.6,100,0.0323570439613596,0,0,35,0.9106545781893004,2,0,0.55,0.0,0.75,35.0,lesion,30.0,0.45,0.2,0.1,0.002,8.0,72,500,0.3205370357013378,-0.1827442050906151,0.0,0.125,0.2354300319402416,extended_moore_r2__ql__plastic__intr0__struct0__block_async__lesion__s2__adb9824f20,0.017367234006001,0.0032838042996864,0.25,0.7055577335969951,0.003,ql,50,100,0.9,0.2647387965982574,0.3,0.42,0.08,280,0.3166661872312485,20,0.5747117477124736,3.3799014586888813e-18,0.2,secondary,0.0211002088967376,False,50,250,390,-1,1.0,100,0.0364843659572012,0,35,0.863940329218107,2,0,0.55,0.0,0.75,35.0,30.0,0.45,0.2,0.1,0.002,8.0,0.04516661648718612,0.09046710047502282,0.0194148931157638,0.21570638313996798,0.3707549932179407
72,500,0.358222285521344,0.5,-0.1867799756765994,0.0,0.125,0.0,extended_moore_r2__markov__plastic__intr0__struct1__block_async__lesion__s3__c3f9313e7c,0.0046083879290937,-0.0016514340783912,0.25,False,0.7227239055906102,0.003,0.016,markov,0.68,extended_moore_r2,50,100,0.9,0.299186385645997,0.3,0,0.42,0.08,280,0.3568291215013079,0.2,20,0.4642246915904701,3.0823783519521397e-18,0.2,plastic,secondary,0.0056033579581815,False,block_async,50,250,390,3,-1,1.0,0.6,0.6,100,0.0284069391323246,40115,1,35,0.7459329989711934,2,38747,0.55,0.0,0.75,35.0,lesion,30.0,0.45,0.2,0.1,0.002,8.0,72,500,0.3380142125270912,-0.1901531455600855,0.0,0.125,0.2284669783401149,extended_moore_r2__ql__plastic__intr0__struct1__block_async__lesion__s3__c8e6ed4043,0.0123761790881709,0.0035265973664859,0.25,0.6914432245915689,0.003,ql,50,100,0.9,0.3049968157286319,0.3,0.42,0.08,280,0.3353658078320071,20,0.5514381763534264,3.4268474710703645e-18,0.2,secondary,0.0112598630179738,False,50,250,390,-1,1.0,100,0.0291861635695603,40042,35,0.7435136959876543,2,37817,0.55,0.0,0.75,35.0,30.0,0.45,0.2,0.1,0.002,8.0,0.020208072994252813,0.031280680999041244,0.0056565050597923,0.08721348476295632,0.1443587438160427
72,500,0.280837901319393,0.5,-0.183039361148524,0.1584691545568146,0.125,0.0,extended_moore_r2__markov__plastic__intr1__struct0__block_async__lesion__s3__40e31d11b7,0.033221633551623,0.0013261836770848,0.25,False,0.6430863168585101,0.003,0.016,markov,0.68,extended_moore_r2,50,100,0.9,0.2701459921416373,0.3,1,0.42,0.08,280,0.2792145151109517,0.2,20,0.8572245612807073,3.9893165404083696e-18,0.2,plastic,secondary,0.0327548008307022,False,block_async,50,250,390,3,-1,1.0,0.6,0.6,100,0.051857869716183,0,0,35,0.840623392489712,2,0,0.55,0.0,0.75,35.0,lesion,30.0,0.45,0.2,0.1,0.002,8.0,72,500,0.2747178063653269,-0.1771368073622205,0.1490091771478612,0.125,0.2804299598419094,extended_moore_r2__ql__plastic__intr1__struct0__block_async__lesion__s3__e4a32e4ee4,0.0439635259403345,0.0050660094816332,0.25,0.6141325618135266,0.003,ql,50,100,0.9,0.2806597926365149,0.3,0.42,0.08,280,0.2736968981194429,20,0.9092506298777848,3.3810221115833813e-18,0.2,secondary,0.0350766754348049,False,50,250,390,-1,1.0,100,0.0978019288362949,0,35,0.8322402263374485,2,0,0.55,0.0,0.75,35.0,30.0,0.45,0.2,0.1,0.002,8.0,0.006120094954066124,0.028953755044983542,0.0023218746041027,0.05202606859707748,0.08942179320022985
72,500,0.2923837191671253,0.5,-0.2025585774689609,0.1499669316390758,0.125,0.0,extended_moore_r2__markov__plastic__intr1__struct1__block_async__lesion__s2__db2cae3100,0.0268029199770348,0.0052517902521671,0.25,False,0.626582113429914,0.003,0.016,markov,0.68,extended_moore_r2,50,100,0.9,0.2996379764339107,0.3,1,0.42,0.08,280,0.2913713845261919,0.2,20,0.7948810363143786,4.384997127771504e-18,0.2,plastic,secondary,0.0234768070965004,False,block_async,50,250,390,2,-1,1.0,0.6,0.6,100,0.0237127553914889,39177,1,35,0.7408050411522634,2,36196,0.55,0.0,0.75,35.0,lesion,30.0,0.45,0.2,0.1,0.002,8.0,72,500,0.2864885126045448,-0.1991734182850082,0.1386860378060489,0.125,0.2787761168326558,extended_moore_r2__ql__plastic__intr1__struct1__block_async__lesion__s2__5be0ec7ea8,0.0306256479196492,0.0046170958654946,0.25,0.598085307803457,0.003,ql,50,100,0.9,0.3108245547327172,0.3,0.42,0.08,280,0.2858656044083846,20,0.8438518677937484,3.7998689733550194e-18,0.2,secondary,0.0250069385235003,False,50,250,390,-1,1.0,100,0.041621839114641,39366,35,0.7386349022633745,2,35680,0.55,0.0,0.75,35.0,30.0,0.45,0.2,0.1,0.002,8.0,0.005895206562580524,0.028496805626456956,0.0015301314269999013,0.04897083147936987,0.08489297509540725
72,500,0.3656205913764268,0.5,-0.145210947004265,0.0,0.125,0.0,extended_moore_r2__markov__plastic__intr0__struct0__block_async__repeated_lesion__s2__16cb421d19,-0.0012923874431834,-0.0101872769490314,0.25,False,0.7957495746009252,0.003,0.016,markov,0.68,extended_moore_r2,50,100,0.9,0.2239737979517104,0.3,0,0.42,0.08,280,0.3625551466545534,0.2,20,0.3605503982531795,3.9074632234412135e-18,0.2,plastic,secondary,0.0010606938735262,False,block_async,50,250,390,2,-1,1.0,0.6,0.6,100,0.0325011590233036,0,0,35,0.9106545781893004,2,0,0.55,0.0,0.75,35.0,repeated_lesion,30.0,0.45,0.2,0.1,0.002,8.0,72,500,0.3209433212546264,-0.1828406554510996,0.0,0.125,0.2355553011751566,extended_moore_r2__ql__plastic__intr0__struct0__block_async__repeated_lesion__s2__49820c7bb0,0.017747198897601,0.0058880177393764,0.25,0.7051570714072957,0.003,ql,50,100,0.9,0.2656744781943944,0.3,0.42,0.08,280,0.3167680851083299,20,0.5751774815048314,3.741562022452529e-18,0.2,secondary,0.0216679955596557,False,50,250,390,-1,1.0,100,0.0374532144764129,0,35,0.863940329218107,2,0,0.55,0.0,0.75,35.0,30.0,0.45,0.2,0.1,0.002,8.0,0.044677270121800394,0.09059250319362955,0.0206073016861295,0.21462708325165186,0.3705041582532113
72,500,0.3576554776026945,0.5,-0.1870485966242314,0.0,0.125,0.0,extended_moore_r2__markov__plastic__intr0__struct1__block_async__repeated_lesion__s3__18e857f26a,0.0040868845714888,-0.0037438509854358,0.25,False,0.7220584254022245,0.003,0.016,markov,0.68,extended_moore_r2,50,100,0.9,0.2989226913780248,0.3,0,0.42,0.08,280,0.3561058608727238,0.2,20,0.4647613809068901,3.3796963768246944e-18,0.2,plastic,secondary,0.0070046544857464,False,block_async,50,250,390,3,-1,1.0,0.6,0.6,100,0.0298549158360822,40115,1,35,0.7459410365226338,2,38746,0.55,0.0,0.75,35.0,repeated_lesion,30.0,0.45,0.2,0.1,0.002,8.0,72,500,0.3377707544540215,-0.1900265505627833,0.0,0.125,0.2290906543306376,extended_moore_r2__ql__plastic__intr0__struct1__block_async__repeated_lesion__s3__34b8b6bfbf,0.0121923632323844,0.0036859559273921,0.25,0.6915015519576375,0.003,ql,50,100,0.9,0.3043925009676339,0.3,0.42,0.08,280,0.3352013450561529,20,0.5518225479105701,3.1538483135346174e-18,0.2,secondary,0.0103579157475083,False,50,250,390,-1,1.0,100,0.0289272949045123,40035,35,0.7434172453703703,2,37806,0.55,0.0,0.75,35.0,30.0,0.45,0.2,0.1,0.002,8.0,0.01988472314867301,0.030556873444587018,0.003353261261761901,0.08706116700367994,0.14085602485870186
72,500,0.2810583564389759,0.5,-0.1831939705409833,0.1583723514496606,0.125,0.0,extended_moore_r2__markov__plastic__intr1__struct0__block_async__repeated_lesion__s3__1dcf784600,0.03460130280615,0.0031752398423049,0.25,False,0.643333947127025,0.003,0.016,markov,0.68,extended_moore_r2,50,100,0.9,0.2702747765528827,0.3,1,0.42,0.08,280,0.2794167011028409,0.2,20,0.8549253574573911,4.5240090629263376e-18,0.2,plastic,secondary,0.030581122459121,False,block_async,50,250,390,3,-1,1.0,0.6,0.6,100,0.0522910685364135,0,0,35,0.8408243312757202,2,0,0.55,0.0,0.75,35.0,repeated_lesion,30.0,0.45,0.2,0.1,0.002,8.0,72,500,0.2744587456077766,-0.1774195152381969,0.1488596223457112,0.125,0.2803197119157797,extended_moore_r2__ql__plastic__intr1__struct0__block_async__repeated_lesion__s3__315286eaf9,0.0469337540427874,0.0067925758084571,0.25,0.6121979681608569,0.003,ql,50,100,0.9,0.2816101985697542,0.3,0.42,0.08,280,0.2735867209102403,20,0.9122695798033768,3.7055466717229855e-18,0.2,secondary,0.0462232082577264,False,50,250,390,-1,1.0,100,0.1017520352391467,0,35,0.8319749871399177,2,0,0.55,0.0,0.75,35.0,30.0,0.45,0.2,0.1,0.002,8.0,0.00659961083119931,0.031135978966168043,0.015642085798605397,0.057344222345985685,0.11072189794195844
72,500,0.2931349203697762,0.5,-0.2011278227538493,0.1498167404769162,0.125,0.0,extended_moore_r2__markov__plastic__intr1__struct1__block_async__repeated_lesion__s1__03a3f99380,0.0367089354734319,0.0002956320598314,0.25,False,0.6246238289445405,0.003,0.016,markov,0.68,extended_moore_r2,50,100,0.9,0.301609914348683,0.3,1,0.42,0.08,280,0.2926126735965589,0.2,20,0.7910082820088008,3.835249853542909e-18,0.2,plastic,secondary,0.0425950271600371,False,block_async,50,250,390,1,-1,1.0,0.6,0.6,100,0.0305549665187863,39252,1,35,0.7411345807613169,2,36232,0.55,0.0,0.75,35.0,repeated_lesion,30.0,0.45,0.2,0.1,0.002,8.0,72,500,0.2875763679432594,-0.1975897523344559,0.1389809095592937,0.125,0.2761633743838144,extended_moore_r2__ql__plastic__intr1__struct1__block_async__repeated_lesion__s1__0dfb4c524e,0.034015909299484,0.0048954860420371,0.25,0.6038868039248496,0.003,ql,50,100,0.9,0.3084845582307625,0.3,0.42,0.08,280,0.2867131646151068,20,0.8369835364232469,3.726356314735079e-18,0.2,secondary,0.0263447836661695,False,50,250,390,-1,1.0,100,0.0297510927541849,39328,35,0.7387956532921811,2,35678,0.55,0.0,0.75,35.0,30.0,0.45,0.2,0.1,0.002,8.0,0.005558552426516761,0.02073702501969088,0.0162502434938676,0.045975254414446054,0.08852107535452129
72,500,0.0094395978451616,0.5,0.6524698394877675,0.0,0.125,0.0,extended_moore_r2__markov__plastic__intr0__struct0__synchronous__lesion__s2__1c5f799821,0.019548679652391,0.1512522161289928,0.25,False,0.0196623804384606,0.003,0.016,markov,0.68,extended_moore_r2,50,100,0.9,0.007389917351071,0.3,0,0.42,0.08,280,0.0101495407143745,0.2,20,0.1215366249952297,2.4307525278943237e-17,0.2,plastic,secondary,0.0402220295967606,False,synchronous,50,250,390,2,-1,1.0,0.6,0.6,100,0.0183160860508492,0,0,35,0.9786844135802468,2,0,0.55,0.0,0.75,35.0,lesion,30.0,0.45,0.2,0.1,0.002,8.0,72,500,0.4088183404247382,0.4096347406170195,0.0,0.125,0.2179505727448601,extended_moore_r2__ql__plastic__intr0__struct0__synchronous__lesion__s2__901615948b,-0.082044890286065,0.0018149786819188,0.25,0.8473389676827532,0.003,ql,50,100,0.9,0.1612670290377637,0.3,0.42,0.08,280,0.4076909470750856,20,1.1863742102402557,4.4380094140910096e-18,0.2,secondary,-0.0154254426140297,False,50,250,390,-1,1.0,100,0.0104300270824333,0,35,0.9846563143004116,2,0,0.55,0.0,0.75,35.0,30.0,0.45,0.2,0.1,0.002,8.0,0.3993787425795766,0.8276765872442926,0.0556474722107903,1.064837585245026,2.347540387279685
72,500,0.4127654279117846,0.5,0.369160196150514,0.0,0.125,0.0,extended_moore_r2__markov__plastic__intr0__struct1__synchronous__lesion__s3__9173282670,-0.0317979077963129,-0.0354410177696721,0.25,False,0.8633626100914282,0.003,0.016,markov,0.68,extended_moore_r2,50,100,0.9,0.1620638465219762,0.3,0,0.42,0.08,280,0.4148661592550674,0.2,20,1.0834397751929794,3.949625151693142e-18,0.2,plastic,secondary,-0.0834760978861305,False,synchronous,50,250,390,3,-1,1.0,0.6,0.6,100,0.0104875520513731,39694,1,35,0.7499115869341564,2,39538,0.55,0.0,0.75,35.0,lesion,30.0,0.45,0.2,0.1,0.002,8.0,72,500,0.4041248313459471,0.3721797165046877,0.0,0.125,0.2186280182468876,extended_moore_r2__ql__plastic__intr0__struct1__synchronous__lesion__s3__9619c9bb12,0.0239918488023532,0.0138878057579907,0.25,0.847337939953996,0.003,ql,50,100,0.9,0.1678543079459762,0.3,0.42,0.08,280,0.4089205627375313,20,1.1217533293221706,4.362523848429236e-18,0.2,secondary,-0.0013214386698189,False,50,250,390,-1,1.0,100,0.0091890972715626,40046,35,0.7499035493827161,2,39866,0.55,0.0,0.75,35.0,30.0,0.45,0.2,0.1,0.002,8.0,0.008640596565837488,0.01602467013743225,0.0821546592163116,0.03831355412919124,0.14513348004877258
72,500,0.3978335659738139,0.5,0.4567900972378621,0.1235253251120867,0.125,0.0,extended_moore_r2__markov__plastic__intr1__struct0__synchronous__lesion__s2__f6e8002249,-0.0091986608034706,-0.008048809036458,0.25,False,0.8612606608367587,0.003,0.016,markov,0.68,extended_moore_r2,50,100,0.9,0.1428631632587867,0.3,1,0.42,0.08,280,0.4074998660051997,0.2,20,1.2128388353737392,4.9884106252026694e-18,0.2,plastic,secondary,-0.0407570098174943,False,synchronous,50,250,390,2,-1,1.0,0.6,0.6,100,0.0139030578069264,0,0,35,0.9850823045267488,2,0,0.55,0.0,0.75,35.0,lesion,30.0,0.45,0.2,0.1,0.002,8.0,72,500,0.4026831709488987,0.4111844910602989,0.0916276249116705,0.125,0.2398901561989197,extended_moore_r2__ql__plastic__intr1__struct0__synchronous__lesion__s2__89fd51e3f2,-0.0659703202142753,-0.0196991310996179,0.25,0.8514170169900481,0.003,ql,50,100,0.9,0.15709963509444,0.3,0.42,0.08,280,0.4020133561198871,20,1.1828170209565896,3.2502140696223682e-18,0.2,secondary,-0.0902205388764471,False,50,250,390,-1,1.0,100,0.0111303625279224,0,35,0.984350887345679,2,0,0.55,0.0,0.75,35.0,30.0,0.45,0.2,0.1,0.002,8.0,0.004849604975084798,0.009843643846710548,0.0494635290589528,0.030021814417149573,0.09417859229789771
72,500,0.4127195321845723,0.5,0.3925874261897112,0.1245770783399994,0.125,0.0,extended_moore_r2__markov__plastic__intr1__struct1__synchronous__lesion__s1__5825fe5486,-0.0023782019467461,0.0191884884249168,0.25,False,0.868145346856737,0.003,0.016,markov,0.68,extended_moore_r2,50,100,0.9,0.1562724077450486,0.3,1,0.42,0.08,280,0.4091147136372647,0.2,20,1.1171450206236946,3.4247690594417872e-18,0.2,plastic,secondary,0.0170729382320693,False,synchronous,50,250,390,1,-1,1.0,0.6,0.6,100,0.0115936743128081,39516,1,35,0.7499196244855967,2,39340,0.55,0.0,0.75,35.0,lesion,30.0,0.45,0.2,0.1,0.002,8.0,72,500,0.4027671179005122,0.3699278266830559,0.0915010441953594,0.125,0.2310268838042976,extended_moore_r2__ql__plastic__intr1__struct1__synchronous__lesion__s1__a337ec4448,0.0037001210862714,0.0076009883817846,0.25,0.857820763727495,0.003,ql,50,100,0.9,0.1615281931253534,0.3,0.42,0.08,280,0.4042602779358371,20,1.0814012537129374,3.9658372992085085e-18,0.2,secondary,0.0116751506302775,False,50,250,390,-1,1.0,100,0.0099217920254504,39719,35,0.7498472865226338,2,39493,0.55,0.0,0.75,35.0,30.0,0.45,0.2,0.1,0.002,8.0,0.00995241428406013,0.010324583129242004,0.0053977876017918,0.0357437669107572,0.061418551925851134
72,500,0.0094395978451616,0.5,0.6524698394877675,0.0,0.125,0.0,extended_moore_r2__markov__plastic__intr0__struct0__synchronous__repeated_lesion__s2__d76ae67f84,0.019548679652391,0.1512522161289928,0.25,False,0.0196623804384606,0.003,0.016,markov,0.68,extended_moore_r2,50,100,0.9,0.007389917351071,0.3,0,0.42,0.08,280,0.0101495407143745,0.2,20,0.1215366249952297,2.4307525278943237e-17,0.2,plastic,secondary,0.0402220295967606,False,synchronous,50,250,390,2,-1,1.0,0.6,0.6,100,0.0183160860508492,0,0,35,0.9786844135802468,2,0,0.55,0.0,0.75,35.0,repeated_lesion,30.0,0.45,0.2,0.1,0.002,8.0,72,500,0.4137513581939153,0.4277947698929724,0.0,0.125,0.213334608503701,extended_moore_r2__ql__plastic__intr0__struct0__synchronous__repeated_lesion__s2__c70d3beb33,-0.0484985128060381,-0.0078335864437018,0.25,0.8546037647452472,0.003,ql,50,100,0.9,0.156936795867281,0.3,0.42,0.08,280,0.4108704491663381,20,1.2209862428835545,4.170517032580126e-18,0.2,secondary,-0.0361066960487667,False,50,250,390,-1,1.0,100,0.0145554533714734,0,35,0.9845437885802468,2,0,0.55,0.0,0.75,35.0,30.0,0.45,0.2,0.1,0.002,8.0,0.4043117603487537,0.8349413843067867,0.0763287256455273,1.0994496178883248,2.415031488189393
72,500,0.4191351774597643,0.5,0.3775296421651404,0.0,0.125,0.0,extended_moore_r2__markov__plastic__intr0__struct1__synchronous__repeated_lesion__s3__8439b3befe,0.0069583791152936,-0.01525986487988,0.25,False,0.8678375519502414,0.003,0.016,markov,0.68,extended_moore_r2,50,100,0.9,0.1612480474874753,0.3,0,0.42,0.08,280,0.4163889174245421,0.2,20,1.0771055761097212,3.828089531201616e-18,0.2,plastic,secondary,-0.0643393531551393,False,synchronous,50,250,390,3,-1,1.0,0.6,0.6,100,0.0131941672145686,39703,1,35,0.7499115869341564,2,39552,0.55,0.0,0.75,35.0,repeated_lesion,30.0,0.45,0.2,0.1,0.002,8.0,72,500,0.4082532314059652,0.3675431774091038,0.0,0.125,0.2087926206384927,extended_moore_r2__ql__plastic__intr0__struct1__synchronous__repeated_lesion__s3__870d7ff330,-0.0245994685044841,0.0032885025620088,0.25,0.8541561114115375,0.003,ql,50,100,0.9,0.1663148199254009,0.3,0.42,0.08,280,0.4095893466101306,20,1.1195353046148349,3.448115173015447e-18,0.2,secondary,-0.0300096699981114,False,50,250,390,-1,1.0,100,0.0103829447036225,40041,35,0.7498955118312757,2,39857,0.55,0.0,0.75,35.0,30.0,0.45,0.2,0.1,0.002,8.0,0.010881946053799108,0.013681440538703904,0.034329683157027904,0.04242972850511362,0.10132279825464453
72,500,0.4139507186853848,0.5,0.4365264951514914,0.1236816549686359,0.125,0.0,extended_moore_r2__markov__plastic__intr1__struct0__synchronous__repeated_lesion__s2__015c4309db,-0.0490902821128285,0.0088945317227107,0.25,False,0.8704784563170971,0.003,0.016,markov,0.68,extended_moore_r2,50,100,0.9,0.147285885106814,0.3,1,0.42,0.08,280,0.4064113265460552,0.2,20,1.1802319773665046,4.796684657517369e-18,0.2,plastic,secondary,-0.0642769771197048,False,synchronous,50,250,390,2,-1,1.0,0.6,0.6,100,0.0120168913920008,0,0,35,0.985009966563786,2,0,0.55,0.0,0.75,35.0,repeated_lesion,30.0,0.45,0.2,0.1,0.002,8.0,72,500,0.3992515388790821,0.4274705409873037,0.0911107462802739,0.125,0.2250456858413116,extended_moore_r2__ql__plastic__intr1__struct0__synchronous__repeated_lesion__s2__cfdd6d6109,-0.048481284489326,-0.0164468111849627,0.25,0.8553984825471165,0.003,ql,50,100,0.9,0.1513926515970059,0.3,0.42,0.08,280,0.4042854733006921,20,1.1549995945704483,3.863819999810687e-18,0.2,secondary,-0.1233507951677721,False,50,250,390,-1,1.0,100,0.011631104198422,0,35,0.9843830375514404,2,0,0.55,0.0,0.75,35.0,30.0,0.45,0.2,0.1,0.002,8.0,0.014699179806302698,0.015079973769980604,0.0590738180480673,0.02523238279605633,0.11408535442040693
72,500,0.4065324529074295,0.5,0.4001913063390344,0.1246067507277403,0.125,0.0,extended_moore_r2__markov__plastic__intr1__struct1__synchronous__repeated_lesion__s1__acd413debe,0.0005594199912731,0.013301457095774,0.25,False,0.8645265228470217,0.003,0.016,markov,0.68,extended_moore_r2,50,100,0.9,0.1545378594277535,0.3,1,0.42,0.08,280,0.4088778039536283,0.2,20,1.1347910314051868,4.095103292532049e-18,0.2,plastic,secondary,0.0409576382898095,False,synchronous,50,250,390,1,-1,1.0,0.6,0.6,100,0.0118800386688796,39533,1,35,0.749951774691358,2,39358,0.55,0.0,0.75,35.0,repeated_lesion,30.0,0.45,0.2,0.1,0.002,8.0,72,500,0.4045408507482996,0.3856504695722832,0.0916969078501218,0.125,0.2225620527469501,extended_moore_r2__ql__plastic__intr1__struct1__synchronous__repeated_lesion__s1__44d05a5a51,-0.034585178473534,-0.0119260647240921,0.25,0.8535003108030583,0.003,ql,50,100,0.9,0.1627131748941428,0.3,0.42,0.08,280,0.4040526720365514,20,1.1309104011246047,4.2090843906150755e-18,0.2,secondary,-0.0980688749960266,False,50,250,390,-1,1.0,100,0.0104892714759723,39709,35,0.7498553240740741,2,39481,0.55,0.0,0.75,35.0,30.0,0.45,0.2,0.1,0.002,8.0,0.0019916021591299127,0.011026212043963368,0.1390265132858361,0.0038806302805820536,0.15592495776951143
72,500,0.4359216811856492,0.5,-0.3411574503508885,0.0,0.125,0.0,hex_cells__markov__plastic__intr0__struct0__alpha_async__lesion__s3__745a76b098,0.0046440996809592,0.0067953680402082,0.25,False,0.5869729860031724,0.003,0.016,markov,0.68,hex_cells,50,100,0.9,0.4678481462762082,0.3,0,0.42,0.08,280,0.42483574017412,0.2,20,1.3216053708229132,1.9711824924862494e-18,0.2,plastic,secondary,0.0170769034853222,False,alpha_async,50,250,390,3,-1,1.0,0.6,0.6,100,0.0071332641934332,0,0,35,1.0,2,0,0.55,0.0,0.75,35.0,lesion,30.0,0.45,0.2,0.1,0.002,8.0,72,500,0.4418089283730594,-0.3425851810753338,0.0,0.125,0.2705477475289033,hex_cells__ql__plastic__intr0__struct0__alpha_async__lesion__s3__b5601c049f,-0.0014653532672069,0.0045082893912649,0.25,0.6064997648304584,0.003,ql,50,100,0.9,0.4659091742034036,0.3,0.42,0.08,280,0.4357482729497781,20,1.2875183671948034,2.822660003347761e-18,0.2,secondary,-0.0115092680493004,False,50,250,390,-1,1.0,100,0.0095215419603051,0,35,1.0,2,0,0.55,0.0,0.75,35.0,30.0,0.45,0.2,0.1,0.002,8.0,0.005887247187410183,0.01952677882728604,0.0285861715346226,0.03408700362810979,0.08808720117742862
72,500,0.2408287572434234,0.5,0.3609224681376533,0.0,0.125,0.0,hex_cells__markov__plastic__intr0__struct1__alpha_async__lesion__s3__954425dec2,0.1789190894176824,0.1600417995819457,0.25,False,0.3979283925784399,0.003,0.016,markov,0.68,hex_cells,50,100,0.9,0.2154856263523111,0.3,0,0.42,0.08,280,0.2294936573914526,0.2,20,1.4247432107594995,3.395698480215663e-18,0.2,plastic,secondary,0.142225219925117,False,alpha_async,50,250,390,3,-1,1.0,0.6,0.6,100,0.1195658370965878,21383,1,35,0.6666666666666666,2,21383,0.55,0.0,0.75,35.0,lesion,30.0,0.45,0.2,0.1,0.002,8.0,72,500,0.4206316690098957,-0.1996245741342424,0.0,0.125,0.2308153618851169,hex_cells__ql__plastic__intr0__struct1__alpha_async__lesion__s3__1e92423016,0.0104096918974402,0.0080388961579063,0.25,0.7006005115458502,0.003,ql,50,100,0.9,0.3684142267267887,0.3,0.42,0.08,280,0.4144802537456796,20,1.0753048133422884,1.7364693015717454e-18,0.2,secondary,0.0214841429203679,False,50,250,390,-1,1.0,100,0.0021282864643933,31158,35,0.6666666666666666,2,31158,0.55,0.0,0.75,35.0,30.0,0.45,0.2,0.1,0.002,8.0,0.17980291176647228,0.3026721189674103,0.12074107700474909,0.34943839741721106,0.9526545051558427
72,500,0.4174557275752154,0.5,-0.3192473332158093,0.0848672300670668,0.125,0.0,hex_cells__markov__plastic__intr1__struct0__alpha_async__lesion__s2__7ebedaf29d,0.0197439299202282,0.0046028175532739,0.25,False,0.6160791755172592,0.003,0.016,markov,0.68,hex_cells,50,100,0.9,0.4398021139667403,0.3,1,0.42,0.08,280,0.4084153743432328,0.2,20,1.3166833592255132,2.1880722565536122e-18,0.2,plastic,secondary,0.0217847934322191,False,alpha_async,50,250,390,2,-1,1.0,0.6,0.6,100,0.0074650271382575,0,0,35,1.0,2,0,0.55,0.0,0.75,35.0,lesion,30.0,0.45,0.2,0.1,0.002,8.0,72,500,0.4220466568219397,-0.3134325571811162,0.0493520485707632,0.125,0.2690234547408948,hex_cells__ql__plastic__intr1__struct0__alpha_async__lesion__s2__c0f96d87af,0.005151504182925,0.0053124775000256,0.25,0.633029337491679,0.003,ql,50,100,0.9,0.4349024255992407,0.3,0.42,0.08,280,0.4198663683996064,20,1.2658165169723152,1.7003043374751033e-18,0.2,secondary,0.0029711305874885,False,50,250,390,-1,1.0,100,0.0110095061721032,0,35,1.0,2,0,0.55,0.0,0.75,35.0,30.0,0.45,0.2,0.1,0.002,8.0,0.004590929246724329,0.016950161974419786,0.0188136628447306,0.05086684225319793,0.09122159631907265
72,500,0.3505447833088417,0.5,0.0501128227145784,0.1441689466998234,0.125,0.0,hex_cells__markov__plastic__intr1__struct1__alpha_async__lesion__s2__b6a1236b29,0.0728850627136803,0.0615080997232217,0.25,False,0.5723381614724861,0.003,0.016,markov,0.68,hex_cells,50,100,0.9,0.3267124419482007,0.3,1,0.42,0.08,280,0.3308972090730338,0.2,20,1.352929396688797,2.347343354036965e-18,0.2,plastic,secondary,0.0375059479489896,False,alpha_async,50,250,390,2,-1,1.0,0.6,0.6,100,0.0292709563783175,24696,1,35,0.6666666666666666,2,24696,0.55,0.0,0.75,35.0,lesion,30.0,0.45,0.2,0.1,0.002,8.0,72,500,0.4145202913414936,-0.2058696818295358,0.0692081806273853,0.125,0.2380940281300309,hex_cells__ql__plastic__intr1__struct1__alpha_async__lesion__s2__5c530686e2,0.0105712260975391,0.0075049244430317,0.25,0.6856525505967783,0.003,ql,50,100,0.9,0.376535971831323,0.3,0.42,0.08,280,0.4115747567425603,20,1.0876454331293033,2.267651119082195e-18,0.2,secondary,0.0033555791676877,False,50,250,390,-1,1.0,100,0.0024418658639996,31886,35,0.6666666666666666,2,31886,0.55,0.0,0.75,35.0,30.0,0.45,0.2,0.1,0.002,8.0,0.0639755080326519,0.11331438912429226,0.0341503687813019,0.2652839635594937,0.47672422949773974
72,500,0.4392759971080258,0.5,-0.3472872878549043,0.0,0.125,0.0,hex_cells__markov__plastic__intr0__struct0__alpha_async__repeated_lesion__s2__7ef235e3b6,0.0018563436981859,0.0097665231892998,0.25,False,0.5729811688127473,0.003,0.016,markov,0.68,hex_cells,50,100,0.9,0.4787037530687838,0.3,0,0.42,0.08,280,0.4279290323659153,0.2,20,1.3455291872954436,1.7375631423705546e-18,0.2,plastic,secondary,0.0054515413499882,False,alpha_async,50,250,390,2,-1,1.0,0.6,0.6,100,0.0078722231736269,0,0,35,1.0,2,0,0.55,0.0,0.75,35.0,repeated_lesion,30.0,0.45,0.2,0.1,0.002,8.0,72,500,0.4393035892609534,-0.338819727171344,0.0,0.125,0.2716860903667928,hex_cells__ql__plastic__intr0__struct0__alpha_async__repeated_lesion__s2__34cc68049e,0.0047259908619599,0.0061633295895142,0.25,0.6039428570488187,0.003,ql,50,100,0.9,0.4655673953382977,0.3,0.42,0.08,280,0.4352843348730061,20,1.3008580249684036,1.968271234445938e-18,0.2,secondary,0.0078050367423685,False,50,250,390,-1,1.0,100,0.005949004565747,0,35,1.0,2,0,0.55,0.0,0.75,35.0,30.0,0.45,0.2,0.1,0.002,8.0,2.7592152927635727e-05,0.030961688236071372,0.0023534953923803,0.04467116232703994,0.07801393810841925
72,500,0.2415688377856058,0.5,0.3577049416561417,0.0,0.125,0.0,hex_cells__markov__plastic__intr0__struct1__alpha_async__repeated_lesion__s3__83183e65d6,0.1793842559868209,0.1566386700791051,0.25,False,0.3975901723611406,0.003,0.016,markov,0.68,hex_cells,50,100,0.9,0.217209300830222,0.3,0,0.42,0.08,280,0.2290804098059433,0.2,20,1.4246008081451689,2.887517885040691e-18,0.2,plastic,secondary,0.1399146213485675,False,alpha_async,50,250,390,3,-1,1.0,0.6,0.6,100,0.1214584898578828,21397,1,35,0.6666666666666666,2,21397,0.55,0.0,0.75,35.0,repeated_lesion,30.0,0.45,0.2,0.1,0.002,8.0,72,500,0.4228658831394495,-0.1950448757730679,0.0,0.125,0.2289733136627418,hex_cells__ql__plastic__intr0__struct1__alpha_async__repeated_lesion__s3__a68e8e87c1,-0.0012056691050023,0.0055838353859958,0.25,0.700868550064321,0.003,ql,50,100,0.9,0.3687741061194412,0.3,0.42,0.08,280,0.4147660937234205,20,1.0647131492346116,2.033557760951708e-18,0.2,secondary,-0.0049921278325142,False,50,250,390,-1,1.0,100,0.0025304410010364,31156,35,0.6666666666666666,2,31156,0.55,0.0,0.75,35.0,30.0,0.45,0.2,0.1,0.002,8.0,0.1812970453538437,0.30327837770318045,0.1449067491810817,0.3598876589105573,0.9893698311486632
72,500,0.419686914606192,0.5,-0.3239641251075228,0.0847118848245256,0.125,0.0,hex_cells__markov__plastic__intr1__struct0__alpha_async__repeated_lesion__s2__7c1570137e,0.0179213270414166,0.0138226817169931,0.25,False,0.6148371693442896,0.003,0.016,markov,0.68,hex_cells,50,100,0.9,0.4428748104725414,0.3,1,0.42,0.08,280,0.4095109649978625,0.2,20,1.3176771209366378,2.1468062218772775e-18,0.2,plastic,secondary,0.0094830888294611,False,alpha_async,50,250,390,2,-1,1.0,0.6,0.6,100,0.0088248095554327,0,0,35,1.0,2,0,0.55,0.0,0.75,35.0,repeated_lesion,30.0,0.45,0.2,0.1,0.002,8.0,72,500,0.4221433388946407,-0.3150126919234183,0.0495013468047272,0.125,0.2668756340856559,hex_cells__ql__plastic__intr1__struct0__alpha_async__repeated_lesion__s2__ebb511e165,0.0089497877700406,-0.0015883624879657,0.25,0.6353522710881843,0.003,ql,50,100,0.9,0.4337269350720219,0.3,0.42,0.08,280,0.4187029402139076,20,1.2617477200149068,2.4646252151641697e-18,0.2,secondary,0.0051792862084165,False,50,250,390,-1,1.0,100,0.0086969068417189,0,35,1.0,2,0,0.55,0.0,0.75,35.0,30.0,0.45,0.2,0.1,0.002,8.0,0.0024564242884486664,0.020515101743894704,0.004303802621044599,0.05592940092173104,0.08320472957511901
72,500,0.3502553295614438,0.5,0.0552609066810911,0.1444660777645223,0.125,0.0,hex_cells__markov__plastic__intr1__struct1__alpha_async__repeated_lesion__s2__7d295005dd,0.0731318853629933,0.0635530368415317,0.25,False,0.5685009142357209,0.003,0.016,markov,0.68,hex_cells,50,100,0.9,0.3267039512081496,0.3,1,0.42,0.08,280,0.3288912393788508,0.2,20,1.370283913965494,2.814375855213546e-18,0.2,plastic,secondary,0.0472102075988679,False,alpha_async,50,250,390,2,-1,1.0,0.6,0.6,100,0.0303556894661573,24642,1,35,0.6666666666666666,2,24642,0.55,0.0,0.75,35.0,repeated_lesion,30.0,0.45,0.2,0.1,0.002,8.0,72,500,0.4159523927353833,-0.2075587219970448,0.0691997689670991,0.125,0.2386819868915105,hex_cells__ql__plastic__intr1__struct1__alpha_async__repeated_lesion__s2__8eed30fb43,0.0124345321576531,0.0035702497909885,0.25,0.6884959567601353,0.003,ql,50,100,0.9,0.375734481831728,0.3,0.42,0.08,280,0.4118774644733353,20,1.0873491267502091,2.308594273778629e-18,0.2,secondary,0.0207184704275717,False,50,250,390,-1,1.0,100,0.0023360540337001,31910,35,0.6666666666666666,2,31910,0.55,0.0,0.75,35.0,30.0,0.45,0.2,0.1,0.002,8.0,0.06569706317393953,0.1199950425244144,0.026491737171296197,0.282934787215285,0.49511863008493506
72,500,0.4502203616457069,0.5,-0.3634857602798563,0.0,0.125,0.0,hex_cells__markov__plastic__intr0__struct0__block_async__lesion__s3__249524da11,0.0012030067062262,-0.0066625506174076,0.25,False,0.5303575320360812,0.003,0.016,markov,0.68,hex_cells,50,100,0.9,0.5087473698966315,0.3,0,0.42,0.08,280,0.451222550665259,0.2,20,1.4061640160836122,1.2142780116585646e-18,0.2,plastic,secondary,-0.00389854231022,False,block_async,50,250,390,3,-1,1.0,0.6,0.6,100,0.0129379801223298,0,0,35,1.0,2,0,0.55,0.0,0.75,35.0,lesion,30.0,0.45,0.2,0.1,0.002,8.0,72,500,0.4472537832872272,-0.3558032000377928,0.0,0.125,0.2861213253045767,hex_cells__ql__plastic__intr0__struct0__block_async__lesion__s3__84eca0148f,0.0001033581565167,0.0003769034798799,0.25,0.5790761011717684,0.003,ql,50,100,0.9,0.4889274822917842,0.3,0.42,0.08,280,0.4481926139833408,20,1.3568169793653495,2.3568554392310627e-18,0.2,secondary,0.0037811829729287,False,50,250,390,-1,1.0,100,0.010288810171699,0,35,1.0,2,0,0.55,0.0,0.75,35.0,30.0,0.45,0.2,0.1,0.002,8.0,0.002966578358479688,0.048718569135687284,0.0076797252831487,0.04934703671826268,0.10871190949557835
72,500,0.4146843114431114,0.5,-0.1484126288888297,0.0,0.125,0.0,hex_cells__markov__plastic__intr0__struct1__block_async__lesion__s3__ca48d1538f,0.0164764971543541,0.0175619028144539,0.25,False,0.6665002016554374,0.003,0.016,markov,0.68,hex_cells,50,100,0.9,0.3710746484071363,0.3,0,0.42,0.08,280,0.4215934365743332,0.2,20,1.175382808027981,1.6208698589202885e-18,0.2,plastic,secondary,0.0040659771766077,False,block_async,50,250,390,3,-1,1.0,0.6,0.6,100,0.0051299657988098,29003,1,35,0.6666666666666666,2,29003,0.55,0.0,0.75,35.0,lesion,30.0,0.45,0.2,0.1,0.002,8.0,72,500,0.4262789271364939,-0.2201655095953738,0.0,0.125,0.2305960594290715,hex_cells__ql__plastic__intr0__struct1__block_async__lesion__s3__6287ee3735,0.0072767781266811,0.0023091977471482,0.25,0.7013805203422692,0.003,ql,50,100,0.9,0.375265868153135,0.3,0.42,0.08,280,0.4285361321840104,20,1.0578558615083575,2.106443974999002e-18,0.2,secondary,-0.0088127720776679,False,50,250,390,-1,1.0,100,0.0022224586251257,36013,35,0.6666666666666666,2,36013,0.55,0.0,0.75,35.0,30.0,0.45,0.2,0.1,0.002,8.0,0.011594615693382493,0.034880318686831724,0.012878749254275599,0.11752694651962337,0.17688063015411318
72,500,0.4108376052670172,0.5,-0.3128401713622007,0.0900312271882694,0.125,0.0,hex_cells__markov__plastic__intr1__struct0__block_async__lesion__s1__c599913c31,0.0271186300527604,0.0162171113989743,0.25,False,0.6300742083154167,0.003,0.016,markov,0.68,hex_cells,50,100,0.9,0.4252418650609219,0.3,1,0.42,0.08,280,0.412973911678782,0.2,20,1.2902750548198794,1.8324915742100385e-18,0.2,plastic,secondary,0.0216659004206257,False,block_async,50,250,390,1,-1,1.0,0.6,0.6,100,0.0066680471802454,0,0,35,0.9999678497942388,2,0,0.55,0.0,0.75,35.0,lesion,30.0,0.45,0.2,0.1,0.002,8.0,72,500,0.4102263458038653,-0.3050286367954418,0.060714695547598,0.125,0.2775064296551164,hex_cells__ql__plastic__intr1__struct0__block_async__lesion__s1__a34ed88e84,0.0243849996184054,-0.0015246746564803,0.25,0.6536498174587252,0.003,ql,50,100,0.9,0.41403420321938,0.3,0.42,0.08,280,0.4118242263015144,20,1.2465179487127738,2.0434294482730663e-18,0.2,secondary,0.0179682704741786,False,50,250,390,-1,1.0,100,0.0063058145651893,0,35,0.9999678497942388,2,0,0.55,0.0,0.75,35.0,30.0,0.45,0.2,0.1,0.002,8.0,0.0006112594631518808,0.023575609143308474,0.0036976299464470987,0.04375710610710559,0.07164160466001304
72,500,0.4160717459062684,0.5,-0.2348205356702691,0.151262293615745,0.125,0.0,hex_cells__markov__plastic__intr1__struct1__block_async__lesion__s2__3ec4a25829,0.0189965539555148,0.0078571300335217,0.25,False,0.6671786274007626,0.003,0.016,markov,0.68,hex_cells,50,100,0.9,0.3933193331248815,0.3,1,0.42,0.08,280,0.4174383169492773,0.2,20,1.116453690066521,1.875754948593464e-18,0.2,plastic,secondary,0.0379663743365058,False,block_async,50,250,390,2,-1,1.0,0.6,0.6,100,0.0027159684532752,33182,1,35,0.6666666666666666,2,33182,0.55,0.0,0.75,35.0,lesion,30.0,0.45,0.2,0.1,0.002,8.0,72,500,0.4188475054936426,-0.2240685964032519,0.074596936727867,0.125,0.2440345936866683,hex_cells__ql__plastic__intr1__struct1__block_async__lesion__s2__d57fe3212d,0.018204242480391,0.0057801561400728,0.25,0.6862163420244685,0.003,ql,50,100,0.9,0.3820335674386074,0.3,0.42,0.08,280,0.4209846808664677,20,1.0717855458233174,2.4192231960646066e-18,0.2,secondary,0.0137575601575514,False,50,250,390,-1,1.0,100,0.0027110549828544,35969,35,0.6666666666666666,2,35969,0.55,0.0,0.75,35.0,30.0,0.45,0.2,0.1,0.002,8.0,0.0027757595873741936,0.019037714623705848,0.024208814178954402,0.044668144243203534,0.09069043263323798
72,500,0.4466879532722451,0.5,-0.3627033400301652,0.0,0.125,0.0,hex_cells__markov__plastic__intr0__struct0__block_async__repeated_lesion__s2__cbcb95a974,-0.0021955070899538,-0.0017271597373085,0.25,False,0.539569799529677,0.003,0.016,markov,0.68,hex_cells,50,100,0.9,0.5028708940973955,0.3,0,0.42,0.08,280,0.4477167579235645,0.2,20,1.3924737403441807,1.9156877434524256e-18,0.2,plastic,secondary,-0.0102756444176843,False,block_async,50,250,390,2,-1,1.0,0.6,0.6,100,0.0092894588310163,0,0,35,1.0,2,0,0.55,0.0,0.75,35.0,repeated_lesion,30.0,0.45,0.2,0.1,0.002,8.0,72,500,0.4453055327125156,-0.3537223803864345,0.0,0.125,0.2848744684847639,hex_cells__ql__plastic__intr0__struct0__block_async__repeated_lesion__s2__8303ab16a4,0.0104209685672783,0.0125778763825364,0.25,0.5788197053519777,0.003,ql,50,100,0.9,0.487538572949953,0.3,0.42,0.08,280,0.4447321462243341,20,1.3376631805328263,1.7326658617694116e-18,0.2,secondary,0.00225278529394,False,50,250,390,-1,1.0,100,0.0086951169455597,0,35,1.0,2,0,0.55,0.0,0.75,35.0,30.0,0.45,0.2,0.1,0.002,8.0,0.0013824205597294803,0.0392499058223007,0.012528429711624302,0.05481055981135441,0.10797131590500889
72,500,0.4145313189795017,0.5,-0.1585677188501488,0.0,0.125,0.0,hex_cells__markov__plastic__intr0__struct1__block_async__repeated_lesion__s3__96c051408c,0.0164588403927845,0.0165268953785248,0.25,False,0.6646337801708896,0.003,0.016,markov,0.68,hex_cells,50,100,0.9,0.3742943164502172,0.3,0,0.42,0.08,280,0.4223905570636506,0.2,20,1.180701725327932,1.7141901587187763e-18,0.2,plastic,secondary,0.0139001257836495,False,block_async,50,250,390,3,-1,1.0,0.6,0.6,100,0.0057935923737254,29026,1,35,0.6666666666666666,2,29026,0.55,0.0,0.75,35.0,repeated_lesion,30.0,0.45,0.2,0.1,0.002,8.0,72,500,0.4278934090321963,-0.2232162401812346,0.0,0.125,0.2329794333078094,hex_cells__ql__plastic__intr0__struct1__block_async__repeated_lesion__s3__ce27514cd2,-0.0064101820544922,-0.0042041724924495,0.25,0.7000451760570423,0.003,ql,50,100,0.9,0.3773242426219791,0.3,0.42,0.08,280,0.4295703873694578,20,1.0659429942925311,1.828925151175556e-18,0.2,secondary,-0.0142512807671318,False,50,250,390,-1,1.0,100,0.0026093500298448,36009,35,0.6666666666666666,2,36009,0.55,0.0,0.75,35.0,30.0,0.45,0.2,0.1,0.002,8.0,0.01336209005269462,0.03541139588615272,0.0281514065507813,0.1147587310354008,0.19168362352502943
72,500,0.4136464880666006,0.5,-0.3188373320883124,0.0894333590459957,0.125,0.0,hex_cells__markov__plastic__intr1__struct0__block_async__repeated_lesion__s2__46cd24560b,0.0158505486788804,0.0058850801476673,0.25,False,0.6253111300117873,0.003,0.016,markov,0.68,hex_cells,50,100,0.9,0.4306861869829568,0.3,1,0.42,0.08,280,0.4142968324486429,0.2,20,1.2983303697244577,1.892132807137781e-18,0.2,plastic,secondary,0.017144924371988,False,block_async,50,250,390,2,-1,1.0,0.6,0.6,100,0.0068437758981286,0,0,35,1.0,2,0,0.55,0.0,0.75,35.0,repeated_lesion,30.0,0.45,0.2,0.1,0.002,8.0,72,500,0.4103823270525525,-0.3019141131934585,0.063174752992067,0.125,0.274999373138533,hex_cells__ql__plastic__intr1__struct0__block_async__repeated_lesion__s2__0914fd6f56,0.015310307078874,0.0047606517339036,0.25,0.6575379194804092,0.003,ql,50,100,0.9,0.4107695031010284,0.3,0.42,0.08,280,0.4103584822155229,20,1.2439579119959228,1.8577781862999558e-18,0.2,secondary,0.0171359912946918,False,50,250,390,-1,1.0,100,0.0079062457481284,0,35,1.0,2,0,0.55,0.0,0.75,35.0,30.0,0.45,0.2,0.1,0.002,8.0,0.0032641610140480837,0.0322267894686219,8.933077296199854e-06,0.05437245772853494,0.08987234128850112
72,500,0.4159647273077757,0.5,-0.230282042930326,0.151112661814375,0.125,0.0,hex_cells__markov__plastic__intr1__struct1__block_async__repeated_lesion__s2__7f2da6d617,0.0281487924863325,0.0105027603465159,0.25,False,0.6699171303547335,0.003,0.016,markov,0.68,hex_cells,50,100,0.9,0.390367698346621,0.3,1,0.42,0.08,280,0.4179483028326707,0.2,20,1.1049868895153236,1.7306317903125356e-18,0.2,plastic,secondary,0.0353850995409942,False,block_async,50,250,390,2,-1,1.0,0.6,0.6,100,0.0026628238133751,33179,1,35,0.6666666666666666,2,33179,0.55,0.0,0.75,35.0,repeated_lesion,30.0,0.45,0.2,0.1,0.002,8.0,72,500,0.4188774771384277,-0.2256881530482627,0.0744606266303134,0.125,0.2450419408079594,hex_cells__ql__plastic__intr1__struct1__block_async__repeated_lesion__s2__e62b961580,0.0137347560404479,0.0025810395374818,0.25,0.687663071203654,0.003,ql,50,100,0.9,0.3816941017098679,0.3,0.42,0.08,280,0.421098786624009,20,1.064562070460508,1.926888078694902e-18,0.2,secondary,0.0075470691432855,False,50,250,390,-1,1.0,100,0.0023749948278014,35958,35,0.6666666666666666,2,35958,0.55,0.0,0.75,35.0,30.0,0.45,0.2,0.1,0.002,8.0,0.0029127498306520394,0.01774594084892045,0.0278380303977087,0.04042481905481554,0.08892154013209673
72,500,0.4478155004441859,0.5,-0.2849583831072703,0.0,0.125,0.0,hex_cells__markov__plastic__intr0__struct0__synchronous__lesion__s1__648f1d6c23,-0.002068330962902,-0.0002528544352853,0.25,False,0.6656094407640631,0.003,0.016,markov,0.68,hex_cells,50,100,0.9,0.3966341918016667,0.3,0,0.42,0.08,280,0.4456057301833348,0.2,20,1.332867255166838,2.0917360596008973e-18,0.2,plastic,secondary,0.000175495201278,False,synchronous,50,250,390,1,-1,1.0,0.6,0.6,100,0.0211976879276242,0,0,35,1.0,2,0,0.55,0.0,0.75,35.0,lesion,30.0,0.45,0.2,0.1,0.002,8.0,72,500,0.4370154090645857,-0.2536105388667184,0.0,0.125,0.2427740191517333,hex_cells__ql__plastic__intr0__struct0__synchronous__lesion__s1__a0ee29ab25,0.0046580282548326,0.0045739044921357,0.25,0.7018929809046179,0.003,ql,50,100,0.9,0.3735960778039978,0.3,0.42,0.08,280,0.438681726633086,20,1.2950462456760805,2.2290984997837006e-18,0.2,secondary,-0.0014490815499793,False,50,250,390,-1,1.0,100,0.0170398380852605,0,35,1.0,2,0,0.55,0.0,0.75,35.0,30.0,0.45,0.2,0.1,0.002,8.0,0.010800091379600196,0.03628354014055479,0.0016245767512573,0.037821009490757396,0.08652921776216968
72,500,0.3909862913746401,0.5,0.1227452943196806,0.0,0.125,0.0,hex_cells__markov__plastic__intr0__struct1__synchronous__lesion__s2__fceb19d642,0.0385691109723599,0.0424219940352158,0.25,False,0.7146586253044115,0.003,0.016,markov,0.68,hex_cells,50,100,0.9,0.2685734311210043,0.3,0,0.42,0.08,280,0.3994003724641231,0.2,20,1.2994706688724902,2.1308335709724125e-18,0.2,plastic,secondary,0.0115611142440575,False,synchronous,50,250,390,2,-1,1.0,0.6,0.6,100,0.0184377381727522,27164,1,35,0.6666666666666666,2,27164,0.55,0.0,0.75,35.0,lesion,30.0,0.45,0.2,0.1,0.002,8.0,72,500,0.4217103502477287,-0.0412487834897057,0.0,0.125,0.2121679135555772,hex_cells__ql__plastic__intr0__struct1__synchronous__lesion__s2__5a2c915d11,-0.002333650080885,-0.0023654929321102,0.25,0.7802314003773978,0.003,ql,50,100,0.9,0.2852078684421716,0.3,0.42,0.08,280,0.4231620785234936,20,1.1131040077936665,1.8875838599803694e-18,0.2,secondary,0.0002411584881106,False,50,250,390,-1,1.0,100,0.0018477722673518,34555,35,0.6666666666666666,2,34555,0.55,0.0,0.75,35.0,30.0,0.45,0.2,0.1,0.002,8.0,0.0307240588730886,0.06557277507298631,0.0113199557559469,0.18636666107882371,0.29398345078084553
72,500,0.4222859184385124,0.5,-0.1316193593874894,0.110488896570748,0.125,0.0,hex_cells__markov__plastic__intr1__struct0__synchronous__lesion__s2__2167d2d63b,0.0287073861370948,0.0030847478027221,0.25,False,0.7473640148937452,0.003,0.016,markov,0.68,hex_cells,50,100,0.9,0.308716366456293,0.3,1,0.42,0.08,280,0.4216312558037254,0.2,20,1.2845367329834851,2.5541371537444377e-18,0.2,plastic,secondary,0.0193085717546791,False,synchronous,50,250,390,2,-1,1.0,0.6,0.6,100,0.0078496741777755,0,0,35,1.0,2,0,0.55,0.0,0.75,35.0,lesion,30.0,0.45,0.2,0.1,0.002,8.0,72,500,0.4207479911604215,-0.1664874024580402,0.0726072794081994,0.125,0.2388116048923494,hex_cells__ql__plastic__intr1__struct0__synchronous__lesion__s2__296083e937,0.0178107159398374,0.0042734072944889,0.25,0.7422194849900866,0.003,ql,50,100,0.9,0.3241837688076174,0.3,0.42,0.08,280,0.4228135991228778,20,1.2521848443129897,1.9792662941092802e-18,0.2,secondary,0.0100830288554226,False,50,250,390,-1,1.0,100,0.0089598320950326,0,35,1.0,2,0,0.55,0.0,0.75,35.0,30.0,0.45,0.2,0.1,0.002,8.0,0.0015379272780908781,0.005144529903658546,0.0092255428992565,0.03235188867049543,0.048259888751501355
72,500,0.4120954232938306,0.5,-0.0586997822601447,0.1710719236084914,0.125,0.0,hex_cells__markov__plastic__intr1__struct1__synchronous__lesion__s2__05133d8864,0.016586396743691,0.0110477714144042,0.25,False,0.7611655740019847,0.003,0.016,markov,0.68,hex_cells,50,100,0.9,0.2940239817867301,0.3,1,0.42,0.08,280,0.4140154939866266,0.2,20,1.1588284217883502,1.990047783705564e-18,0.2,plastic,secondary,0.0155696826492399,False,synchronous,50,250,390,2,-1,1.0,0.6,0.6,100,0.0020784794884872,31955,1,35,0.6666666666666666,2,31955,0.55,0.0,0.75,35.0,lesion,30.0,0.45,0.2,0.1,0.002,8.0,72,500,0.4112641572923586,-0.037757484381199,0.0940418620590484,0.125,0.228418798620105,hex_cells__ql__plastic__intr1__struct1__synchronous__lesion__s2__f323a317bc,0.0126458641829875,0.0112668552976838,0.25,0.7709673304196786,0.003,ql,50,100,0.9,0.2858229028313949,0.3,0.42,0.08,280,0.4159580316836919,20,1.1368756509501077,2.2039756695587163e-18,0.2,secondary,0.0205191484363684,False,50,250,390,-1,1.0,100,0.0019876394593981,34944,35,0.6666666666666666,2,34944,0.55,0.0,0.75,35.0,30.0,0.45,0.2,0.1,0.002,8.0,0.0008312660014719864,0.009801756417693874,0.004949465787128501,0.02195277083824254,0.0375352590445369
72,500,0.4420143256925997,0.5,-0.2727956883525789,0.0,0.125,0.0,hex_cells__markov__plastic__intr0__struct0__synchronous__repeated_lesion__s3__e286ffa860,0.0058034652959231,-0.0008715427186978,0.25,False,0.6746126330777286,0.003,0.016,markov,0.68,hex_cells,50,100,0.9,0.3876383720144372,0.3,0,0.42,0.08,280,0.4436333151647279,0.2,20,1.325320969127159,2.0080685244508186e-18,0.2,plastic,secondary,-0.0266799391077762,False,synchronous,50,250,390,3,-1,1.0,0.6,0.6,100,0.0181258196602884,0,0,35,1.0,2,0,0.55,0.0,0.75,35.0,repeated_lesion,30.0,0.45,0.2,0.1,0.002,8.0,72,500,0.4415044996263117,-0.2518848320993027,0.0,0.125,0.246568991336065,hex_cells__ql__plastic__intr0__struct0__synchronous__repeated_lesion__s3__dc6a23ec03,0.003663226726483,-0.0038961411231695,0.25,0.703401875511281,0.003,ql,50,100,0.9,0.3727173902254124,0.3,0.42,0.08,280,0.4411323558350996,20,1.2879825771469084,1.8392462014740626e-18,0.2,secondary,0.0148542040026615,False,50,250,390,-1,1.0,100,0.0224734666402294,0,35,1.0,2,0,0.55,0.0,0.75,35.0,30.0,0.45,0.2,0.1,0.002,8.0,0.0005098260662879661,0.02878924243355241,0.0415341431104377,0.037338391980250574,0.10817160359052866
72,500,0.3916229036804542,0.5,0.1052853598169317,0.0,0.125,0.0,hex_cells__markov__plastic__intr0__struct1__synchronous__repeated_lesion__s2__10d99dbc36,0.0451302361714227,0.0341291149529324,0.25,False,0.7148037718245479,0.003,0.016,markov,0.68,hex_cells,50,100,0.9,0.2715049950600675,0.3,0,0.42,0.08,280,0.4023618255401485,0.2,20,1.2894760003666448,2.0825104693214946e-18,0.2,plastic,secondary,0.0220183793075946,False,synchronous,50,250,390,2,-1,1.0,0.6,0.6,100,0.0178183236221647,27189,1,35,0.6666666666666666,2,27189,0.55,0.0,0.75,35.0,repeated_lesion,30.0,0.45,0.2,0.1,0.002,8.0,72,500,0.4210386419858457,-0.0387162457129461,0.0,0.125,0.2125387221327654,hex_cells__ql__plastic__intr0__struct1__synchronous__repeated_lesion__s2__acb27bd4e8,-0.0073682053979393,0.0042739603717632,0.25,0.7784587688033751,0.003,ql,50,100,0.9,0.2854885400282304,0.3,0.42,0.08,280,0.4234212672717785,20,1.1205765285456204,2.252965988335512e-18,0.2,secondary,0.0239159782920971,False,50,250,390,-1,1.0,100,0.0018620348865744,34561,35,0.6666666666666666,2,34561,0.55,0.0,0.75,35.0,30.0,0.45,0.2,0.1,0.002,8.0,0.02941573830539146,0.06365499697882715,0.0018975989845025007,0.16889947182102438,0.26386780608974547
72,500,0.4213301889539712,0.5,-0.113773306870142,0.1116870898587824,0.125,0.0,hex_cells__markov__plastic__intr1__struct0__synchronous__repeated_lesion__s1__391a7d5a41,0.0281992001502043,0.017382427844968,0.25,False,0.7529064319749772,0.003,0.016,markov,0.68,hex_cells,50,100,0.9,0.3012836684267913,0.3,1,0.42,0.08,280,0.4194410578755445,0.2,20,1.2889558083596668,1.8857555748506292e-18,0.2,plastic,secondary,0.0366789182459017,False,synchronous,50,250,390,1,-1,1.0,0.6,0.6,100,0.0072548027433119,0,0,35,1.0,2,0,0.55,0.0,0.75,35.0,repeated_lesion,30.0,0.45,0.2,0.1,0.002,8.0,72,500,0.4199458660923215,-0.1425851981776605,0.0744032520114607,0.125,0.2363247785708373,hex_cells__ql__plastic__intr1__struct0__synchronous__repeated_lesion__s1__3d37728d1c,0.0251451391297866,0.0130385933338891,0.25,0.7496838852946217,0.003,ql,50,100,0.9,0.3147559519262208,0.3,0.42,0.08,280,0.4199207312906625,20,1.2649273132729006,1.636243023513303e-18,0.2,secondary,0.0009514310768788,False,50,250,390,-1,1.0,100,0.0074723969248112,0,35,1.0,2,0,0.55,0.0,0.75,35.0,30.0,0.45,0.2,0.1,0.002,8.0,0.0013843228616496894,0.003222546680355487,0.0357274871690229,0.02402849508676619,0.06436285179779427
72,500,0.4108225692122742,0.5,-0.0555247113657003,0.179473464597145,0.125,0.0,hex_cells__markov__plastic__intr1__struct1__synchronous__repeated_lesion__s3__b94f895332,0.0051283676198561,0.0068015492067503,0.25,False,0.7624430748944715,0.003,0.016,markov,0.68,hex_cells,50,100,0.9,0.2921588005515498,0.3,1,0.42,0.08,280,0.413205880954095,0.2,20,1.1556124712131366,1.4329311239300576e-18,0.2,plastic,secondary,0.0027297256581866,False,synchronous,50,250,390,3,-1,1.0,0.6,0.6,100,0.0019189197306931,31698,1,35,0.6666666666666666,2,31698,0.55,0.0,0.75,35.0,repeated_lesion,30.0,0.45,0.2,0.1,0.002,8.0,72,500,0.4098858004958002,-0.0488613169351316,0.0943427153778635,0.125,0.227572421720722,hex_cells__ql__plastic__intr1__struct1__synchronous__repeated_lesion__s3__53a729750f,0.0131339939987258,0.0062146696324471,0.25,0.7711476636543875,0.003,ql,50,100,0.9,0.2870160731672048,0.3,0.42,0.08,280,0.4159826295094965,20,1.1140109367997062,2.3377215321190632e-18,0.2,secondary,0.0197670453520872,False,50,250,390,-1,1.0,100,0.0017245671093568,35176,35,0.6666666666666666,2,35176,0.55,0.0,0.75,35.0,30.0,0.45,0.2,0.1,0.002,8.0,0.0009367687164740235,0.008704588759915977,0.0170373196939006,0.0416015344134304,0.068280211583721
72,500,0.1951097163756455,0.5,0.4234133355638225,0.0,0.125,0.0,honeycomb__markov__plastic__intr0__struct0__alpha_async__lesion__s2__49b27ce676,0.1950869998476607,0.1886254250003985,0.25,False,0.3546625928688051,0.003,0.016,markov,0.68,honeycomb,50,100,0.9,0.1721705386723485,0.3,0,0.42,0.08,280,0.1870689865557483,0.2,20,1.3479027220207684,2.2534205142663922e-18,0.2,plastic,secondary,0.1902209147789736,False,alpha_async,50,250,390,2,-1,1.0,0.6,0.6,100,0.183265893153991,0,0,35,1.0,2,0,0.55,0.0,0.75,35.0,lesion,30.0,0.45,0.2,0.1,0.002,8.0,72,500,0.3950242236917441,-0.1856413047208425,0.0,0.125,0.2780732491840652,honeycomb__ql__plastic__intr0__struct0__alpha_async__lesion__s2__4bf75ceb1b,-0.0126866224720441,0.0060617202158695,0.25,0.7173875397516892,0.003,ql,50,100,0.9,0.3435684002316083,0.3,0.42,0.08,280,0.387580935078362,20,1.511188203012301,1.6243257505014985e-18,0.2,secondary,-0.0129220893328015,False,50,250,390,-1,1.0,100,0.002260637430293,0,35,1.0,2,0,0.55,0.0,0.75,35.0,30.0,0.45,0.2,0.1,0.002,8.0,0.1999145073160986,0.36272494688288415,0.2031430041117751,0.1632854809915325,0.9290679393022904
72,500,0.1370726229163386,0.5,0.4377577807897775,0.0,0.125,0.0,honeycomb__markov__plastic__intr0__struct1__alpha_async__lesion__s1__5e1ef5f0f8,0.1517145597799619,0.1520431594311181,0.25,False,0.2669254069977292,0.003,0.016,markov,0.68,honeycomb,50,100,0.9,0.1315629954067176,0.3,0,0.42,0.08,280,0.1320320137286113,0.2,20,1.0387285912084727,1.795005490638766e-18,0.2,plastic,secondary,0.095740895434216,False,alpha_async,50,250,390,1,-1,1.0,0.6,0.6,100,0.1271733151643507,9738,1,35,0.6666666666666666,2,9738,0.55,0.0,0.75,35.0,lesion,30.0,0.45,0.2,0.1,0.002,8.0,72,500,0.3193404804496019,0.0663663945260944,0.0,0.125,0.3859296598527828,honeycomb__ql__plastic__intr0__struct1__alpha_async__lesion__s1__c98d5ed759,-0.0043440225218784,0.0020455925139326,0.25,0.6602531518766017,0.003,ql,50,100,0.9,0.2714362919346555,0.3,0.42,0.08,280,0.316343821196716,20,1.436739648662067,2.249605847292303e-18,0.2,secondary,0.0040849915531102,False,50,250,390,-1,1.0,100,0.0018341585196075,19008,35,0.6666666666666666,2,19008,0.55,0.0,0.75,35.0,30.0,0.45,0.2,0.1,0.002,8.0,0.1822678575332633,0.3933277448788725,0.09165590388110581,0.3980110574535942,1.0652625637468358
72,500,0.2848029588435937,0.5,0.1998123866215977,0.1628321340375751,0.125,0.0,honeycomb__markov__plastic__intr1__struct0__alpha_async__lesion__s3__00582ba062,0.1225746413637026,0.0927480501719552,0.25,False,0.5120571567598604,0.003,0.016,markov,0.68,honeycomb,50,100,0.9,0.2622965750361138,0.3,1,0.42,0.08,280,0.2682486090802785,0.2,20,1.558819204876301,2.575817895287972e-18,0.2,plastic,secondary,0.0881546923540888,False,alpha_async,50,250,390,3,-1,1.0,0.6,0.6,100,0.1018738453572879,0,0,35,1.0,2,0,0.55,0.0,0.75,35.0,lesion,30.0,0.45,0.2,0.1,0.002,8.0,72,500,0.3905961158143709,-0.1892242375104121,0.0816317059534943,0.125,0.2877976203717918,honeycomb__ql__plastic__intr1__struct0__alpha_async__lesion__s3__c948f4af62,0.0019536081171087,0.0110995162191414,0.25,0.7097428753077711,0.003,ql,50,100,0.9,0.3452773695078412,0.3,0.42,0.08,280,0.3839531210724816,20,1.5114470281568433,1.2744720910450477e-18,0.2,secondary,-0.0035853715553384,False,50,250,390,-1,1.0,100,0.0025116348812193,0,35,1.0,2,0,0.55,0.0,0.75,35.0,30.0,0.45,0.2,0.1,0.002,8.0,0.10579315697077724,0.19768571854791073,0.09174006390942721,0.047372176719457704,0.44259111614757285
72,500,0.2376867993782304,0.5,0.2677189589131711,0.2071364679491398,0.125,0.0,honeycomb__markov__plastic__intr1__struct1__alpha_async__lesion__s2__7da056e3b6,0.0809893068628722,0.0862126313288569,0.25,False,0.469845026606155,0.003,0.016,markov,0.68,honeycomb,50,100,0.9,0.2215955834885607,0.3,1,0.42,0.08,280,0.2265385871134322,0.2,20,1.3617834217177571,1.8066052491734697e-18,0.2,plastic,secondary,0.0478610299647571,False,alpha_async,50,250,390,2,-1,1.0,0.6,0.6,100,0.0542871735028567,12147,1,35,0.6666666666666666,2,12147,0.55,0.0,0.75,35.0,lesion,30.0,0.45,0.2,0.1,0.002,8.0,72,500,0.3213981649883616,0.0382590407056103,0.1208112081121202,0.125,0.3894991873052129,honeycomb__ql__plastic__intr1__struct1__alpha_async__lesion__s2__e721b2d35f,-0.0133123492839509,0.0013708083082025,0.25,0.6691689159426492,0.003,ql,50,100,0.9,0.2755520200931048,0.3,0.42,0.08,280,0.3209745497664173,20,1.421605128004766,1.3169678889944534e-18,0.2,secondary,-0.0395913157294488,False,50,250,390,-1,1.0,100,0.0017196728004364,19812,35,0.6666666666666666,2,19812,0.55,0.0,0.75,35.0,30.0,0.45,0.2,0.1,0.002,8.0,0.0837113656101312,0.19932388933649414,0.0874523456942059,0.05982170628700878,0.43030930692784003
72,500,0.1956061275554342,0.5,0.421182153280037,0.0,0.125,0.0,honeycomb__markov__plastic__intr0__struct0__alpha_async__repeated_lesion__s2__5bf90f9d6d,0.2012938734492489,0.1844891257211914,0.25,False,0.3563753042156153,0.003,0.016,markov,0.68,honeycomb,50,100,0.9,0.1726634302344105,0.3,0,0.42,0.08,280,0.1870850232660763,0.2,20,1.3599474471969508,3.0350997884673513e-18,0.2,plastic,secondary,0.1870738177843119,False,alpha_async,50,250,390,2,-1,1.0,0.6,0.6,100,0.1825290984624678,0,0,35,1.0,2,0,0.55,0.0,0.75,35.0,repeated_lesion,30.0,0.45,0.2,0.1,0.002,8.0,72,500,0.3941347795182364,-0.1787761328276862,0.0,0.125,0.2808761419391495,honeycomb__ql__plastic__intr0__struct0__alpha_async__repeated_lesion__s2__ca3140e0a7,0.0010604272484724,-0.0001127185578661,0.25,0.7187709169493379,0.003,ql,50,100,0.9,0.3408910982769584,0.3,0.42,0.08,280,0.3867412096849103,20,1.4997528929167336,1.5428930213861929e-18,0.2,secondary,-0.0090186791902734,False,50,250,390,-1,1.0,100,0.0026029057996012,0,35,1.0,2,0,0.55,0.0,0.75,35.0,30.0,0.45,0.2,0.1,0.002,8.0,0.1985286519628022,0.3623956127337226,0.1960924969745853,0.13980544571978282,0.8968222073908929
72,500,0.1350599962387419,0.5,0.4510857560398523,0.0,0.125,0.0,honeycomb__markov__plastic__intr0__struct1__alpha_async__repeated_lesion__s1__596e9ca3c8,0.1741992315657592,0.1621766476420116,0.25,False,0.2646366039554854,0.003,0.016,markov,0.68,honeycomb,50,100,0.9,0.1276408500816333,0.3,0,0.42,0.08,280,0.1304205909294816,0.2,20,1.032030180262507,2.4946903000482668e-18,0.2,plastic,secondary,0.1546032099013781,False,alpha_async,50,250,390,1,-1,1.0,0.6,0.6,100,0.1343751407477593,9722,1,35,0.6666666666666666,2,9722,0.55,0.0,0.75,35.0,repeated_lesion,30.0,0.45,0.2,0.1,0.002,8.0,72,500,0.3183802356939341,0.0763643875803055,0.0,0.125,0.3891209201464963,honeycomb__ql__plastic__intr0__struct1__alpha_async__repeated_lesion__s1__2777ba1ced,-0.00217756443013,0.0039750122327364,0.25,0.6598543804715912,0.003,ql,50,100,0.9,0.2687918953740129,0.3,0.42,0.08,280,0.3142217743430019,20,1.437267347526037,1.694194977114742e-18,0.2,secondary,0.0016207397407156,False,50,250,390,-1,1.0,100,0.0020465045071465,19036,35,0.6666666666666666,2,19036,0.55,0.0,0.75,35.0,30.0,0.45,0.2,0.1,0.002,8.0,0.18332023945519219,0.3952177765161058,0.1529824701606625,0.40523716726353,1.1367576533954904
72,500,0.279465736159908,0.5,0.2222089487125129,0.1614285996681901,0.125,0.0,honeycomb__markov__plastic__intr1__struct0__alpha_async__repeated_lesion__s1__2ee21c4632,0.1138055771228232,0.09607675359159,0.25,False,0.5031321151709002,0.003,0.016,markov,0.68,honeycomb,50,100,0.9,0.2550593977613166,0.3,1,0.42,0.08,280,0.2641879199418801,0.2,20,1.5496164515504305,1.923177331941188e-18,0.2,plastic,secondary,0.0846774514581485,False,alpha_async,50,250,390,1,-1,1.0,0.6,0.6,100,0.1115438207033191,0,0,35,1.0,2,0,0.55,0.0,0.75,35.0,repeated_lesion,30.0,0.45,0.2,0.1,0.002,8.0,72,500,0.3866855742993942,-0.1813888797948395,0.0818251395182632,0.125,0.2897327237092544,honeycomb__ql__plastic__intr1__struct0__alpha_async__repeated_lesion__s1__e34f5d580d,0.0057822484937505,-0.0034153419063249,0.25,0.7085203822770132,0.003,ql,50,100,0.9,0.3423500883508789,0.3,0.42,0.08,280,0.3837074183782594,20,1.523054079538011,1.9140371881133866e-18,0.2,secondary,0.0077552154378398,False,50,250,390,-1,1.0,100,0.0023726375829861,0,35,1.0,2,0,0.55,0.0,0.75,35.0,30.0,0.45,0.2,0.1,0.002,8.0,0.10721983813948621,0.20538826710611302,0.0769222360203087,0.02656237201241951,0.4160927132783274
72,500,0.2391411007019361,0.5,0.2713600015799017,0.2071056044772412,0.125,0.0,honeycomb__markov__plastic__intr1__struct1__alpha_async__repeated_lesion__s2__3725f5cdb0,0.0789086114189492,0.0622498161664531,0.25,False,0.4736839832043656,0.003,0.016,markov,0.68,honeycomb,50,100,0.9,0.2206685539457235,0.3,1,0.42,0.08,280,0.2277165248970446,0.2,20,1.3543575589444197,2.156274351913992e-18,0.2,plastic,secondary,0.0305652451257916,False,alpha_async,50,250,390,2,-1,1.0,0.6,0.6,100,0.0510516295233417,12202,1,35,0.6666666666666666,2,12202,0.55,0.0,0.75,35.0,repeated_lesion,30.0,0.45,0.2,0.1,0.002,8.0,72,500,0.3235747694626333,0.0328629719975595,0.120676708805591,0.125,0.3821935908047369,honeycomb__ql__plastic__intr1__struct1__alpha_async__repeated_lesion__s2__2033fba897,-0.0106966934156072,0.0008475001544355,0.25,0.6709810800868097,0.003,ql,50,100,0.9,0.2771625937826048,0.3,0.42,0.08,280,0.3224616359971023,20,1.4260300912143322,3.750222538065321e-18,0.2,secondary,-0.0328331421136474,False,50,250,390,-1,1.0,100,0.0017524513536546,19846,35,0.6666666666666666,2,19846,0.55,0.0,0.75,35.0,30.0,0.45,0.2,0.1,0.002,8.0,0.08443366876069722,0.19729709688244407,0.063398387239439,0.07167253226991255,0.41680168515249283
72,500,0.2906084575572439,0.5,0.2338469272762334,0.0,0.125,0.0,honeycomb__markov__plastic__intr0__struct0__block_async__lesion__s2__d9ecdc2e77,0.114455765358364,0.0949524533366746,0.25,False,0.5271401473747531,0.003,0.016,markov,0.68,honeycomb,50,100,0.9,0.2535626559124148,0.3,0,0.42,0.08,280,0.2944689826421438,0.2,20,1.5742684203898432,1.5860693236659593e-18,0.2,plastic,secondary,0.0821711053884272,False,block_async,50,250,390,2,-1,1.0,0.6,0.6,100,0.1090044129324769,0,0,35,1.0,2,0,0.55,0.0,0.75,35.0,lesion,30.0,0.45,0.2,0.1,0.002,8.0,72,500,0.3980541721067677,-0.2238493607510745,0.0,0.125,0.265418779429273,honeycomb__ql__plastic__intr0__struct0__block_async__lesion__s2__e3a2d80cc8,0.0028500838141079,-0.0007950261427162,0.25,0.7341038573363097,0.003,ql,50,100,0.9,0.3408751236331476,0.3,0.42,0.08,280,0.3968926119130482,20,1.4859036324573922,1.695351247970086e-18,0.2,secondary,0.0018157268506634,False,50,250,390,-1,1.0,100,0.0027271392771308,0,35,1.0,2,0,0.55,0.0,0.75,35.0,30.0,0.45,0.2,0.1,0.002,8.0,0.10744571454952379,0.20696370996155655,0.0803553785377638,0.08836478793245095,0.4831295909812951
72,500,0.2943721106529191,0.5,0.1663551891941707,0.0,0.125,0.0,honeycomb__markov__plastic__intr0__struct1__block_async__lesion__s2__a3aa960962,-0.0054776681375913,-0.0137059633142763,0.25,False,0.5934797295318398,0.003,0.016,markov,0.68,honeycomb,50,100,0.9,0.2578078790321849,0.3,0,0.42,0.08,280,0.2934898706303468,0.2,20,1.428049089960394,2.1574990505892885e-18,0.2,plastic,secondary,0.0202668446856408,False,block_async,50,250,390,2,-1,1.0,0.6,0.6,100,0.0041906357166925,17426,1,35,0.6666666666666666,2,17426,0.55,0.0,0.75,35.0,lesion,30.0,0.45,0.2,0.1,0.002,8.0,72,500,0.3257054058987085,0.0620867285540199,0.0,0.125,0.3727242167014132,honeycomb__ql__plastic__intr0__struct1__block_async__lesion__s2__87923fcd0e,-0.0011172066162864,0.0055779134369221,0.25,0.6825083152412269,0.003,ql,50,100,0.9,0.2662014105388319,0.3,0.42,0.08,280,0.3275488927154804,20,1.4082664637120097,2.3710289356260023e-18,0.2,secondary,0.001811145415682,False,50,250,390,-1,1.0,100,0.0023852776736983,21268,35,0.6666666666666666,2,21268,0.55,0.0,0.75,35.0,30.0,0.45,0.2,0.1,0.002,8.0,0.03133329524578943,0.0890285857093871,0.0184556992699588,0.019782626248384227,0.15860020647351955
72,500,0.3870788309606106,0.5,-0.2595884883209785,0.1900659065267228,0.125,0.0,honeycomb__markov__plastic__intr1__struct0__block_async__lesion__s1__4e8d4e2bf5,0.0151929827794271,0.0159569723949536,0.25,False,0.7140305747937103,0.003,0.016,markov,0.68,honeycomb,50,100,0.9,0.3550598211261638,0.3,1,0.42,0.08,280,0.3888126268086282,0.2,20,1.5338519908769483,1.2709279619618857e-18,0.2,plastic,secondary,0.0357661924582114,False,block_async,50,250,390,1,-1,1.0,0.6,0.6,100,0.0032861316074137,0,0,35,1.0,2,0,0.55,0.0,0.75,35.0,lesion,30.0,0.45,0.2,0.1,0.002,8.0,72,500,0.3912607959843774,-0.2364345703860376,0.1127465513814161,0.125,0.2818501947032029,honeycomb__ql__plastic__intr1__struct0__block_async__lesion__s1__a3cc002d6d,0.0163610971291745,0.0118246312103144,0.25,0.7271386364298138,0.003,ql,50,100,0.9,0.3440637987490224,0.3,0.42,0.08,280,0.3900398081803346,20,1.5014360311321209,2.405509593830359e-18,0.2,secondary,0.0002937456248272,False,50,250,390,-1,1.0,100,0.0032071300114122,0,35,1.0,2,0,0.55,0.0,0.75,35.0,30.0,0.45,0.2,0.1,0.002,8.0,0.0041819650237668315,0.013108061636103452,0.0354724468333842,0.03241595974482747,0.08517843323808195
72,500,0.3328088297448275,0.5,-0.0296920634330428,0.2440990445980235,0.125,0.0,honeycomb__markov__plastic__intr1__struct1__block_async__lesion__s1__cd3c851f83,-0.0136090340902912,-0.0033171522627525,0.25,False,0.6803010844683527,0.003,0.016,markov,0.68,honeycomb,50,100,0.9,0.2921907049539866,0.3,1,0.42,0.08,280,0.3359979067061218,0.2,20,1.4345772549973734,1.8350612874478e-18,0.2,plastic,secondary,-0.005466927631396,False,block_async,50,250,390,1,-1,1.0,0.6,0.6,100,0.0018435882911569,20351,1,35,0.6666666666666666,2,20351,0.55,0.0,0.75,35.0,lesion,30.0,0.45,0.2,0.1,0.002,8.0,72,500,0.3367219491807141,-0.0232010971606851,0.1885502119622841,0.125,0.3761188655747428,honeycomb__ql__plastic__intr1__struct1__block_async__lesion__s1__bb8ed72415,-0.0013062615847836,0.0021328429806822,0.25,0.6983806977797676,0.003,ql,50,100,0.9,0.284034730897191,0.3,0.42,0.08,280,0.3324900380086735,20,1.4128259151839448,2.2698383022318832e-18,0.2,secondary,0.0161263079093783,False,50,250,390,-1,1.0,100,0.0015459686457904,22161,35,0.6666666666666666,2,22161,0.55,0.0,0.75,35.0,30.0,0.45,0.2,0.1,0.002,8.0,0.0039131194358865695,0.018079613311414944,0.021593235540774303,0.021751339813428583,0.0653373081015044
72,500,0.2897232332223792,0.5,0.2372601925164561,0.0,0.125,0.0,honeycomb__markov__plastic__intr0__struct0__block_async__repeated_lesion__s2__d64eef7f10,0.1145451048250749,0.098135570570336,0.25,False,0.5293360602090524,0.003,0.016,markov,0.68,honeycomb,50,100,0.9,0.2521970753042749,0.3,0,0.42,0.08,280,0.2951067963013282,0.2,20,1.5668803119976735,2.214888519419539e-18,0.2,plastic,secondary,0.1111018345138599,False,block_async,50,250,390,2,-1,1.0,0.6,0.6,100,0.1144554748477131,0,0,35,1.0,2,0,0.55,0.0,0.75,35.0,repeated_lesion,30.0,0.45,0.2,0.1,0.002,8.0,72,500,0.3976718297426334,-0.2151421400577463,0.0,0.125,0.2679612988276291,honeycomb__ql__plastic__intr0__struct0__block_async__repeated_lesion__s2__901843b2ae,-0.0054489974699681,0.0104623588704157,0.25,0.7321203644547463,0.003,ql,50,100,0.9,0.3405426069985596,0.3,0.42,0.08,280,0.3970228379125462,20,1.4854737532883366,1.5164515488036826e-18,0.2,secondary,0.0038493171619626,False,50,250,390,-1,1.0,100,0.002296530675032,0,35,1.0,2,0,0.55,0.0,0.75,35.0,30.0,0.45,0.2,0.1,0.002,8.0,0.10794859652025418,0.20278430424569382,0.1072525173518973,0.08140655870933688,0.49939197682718217
72,500,0.2928715041731992,0.5,0.166616350045349,0.0,0.125,0.0,honeycomb__markov__plastic__intr0__struct1__block_async__repeated_lesion__s3__ccd021c668,0.0276738695513059,-0.0018475131421659,0.25,False,0.5882176449965486,0.003,0.016,markov,0.68,honeycomb,50,100,0.9,0.2580847863900211,0.3,0,0.42,0.08,280,0.2960315820449203,0.2,20,1.4368368611764095,2.4236497630735637e-18,0.2,plastic,secondary,0.0497593958446283,False,block_async,50,250,390,3,-1,1.0,0.6,0.6,100,0.0037460108260608,16851,1,35,0.6666666666666666,2,16851,0.55,0.0,0.75,35.0,repeated_lesion,30.0,0.45,0.2,0.1,0.002,8.0,72,500,0.3244553233274379,0.0667807297077779,0.0,0.125,0.3803248964804664,honeycomb__ql__plastic__intr0__struct1__block_async__repeated_lesion__s3__6a04675c86,-0.0009650461752816,0.0143194767154849,0.25,0.6775871210321537,0.003,ql,50,100,0.9,0.266481419595076,0.3,0.42,0.08,280,0.3233046394252538,20,1.4187408381439088,2.0728048629912625e-18,0.2,secondary,-0.0008831993882873,False,50,250,390,-1,1.0,100,0.0021875163306494,21599,35,0.6666666666666666,2,21599,0.55,0.0,0.75,35.0,30.0,0.45,0.2,0.1,0.002,8.0,0.03158381915423869,0.08936947603560508,0.0506425952329156,0.018096023032500685,0.18969191345526004
72,500,0.3885356421920528,0.5,-0.2619662948155471,0.184083537296476,0.125,0.0,honeycomb__markov__plastic__intr1__struct0__block_async__repeated_lesion__s2__58e686dad3,0.0141099359630818,0.005211709317964,0.25,False,0.7138900651893734,0.003,0.016,markov,0.68,honeycomb,50,100,0.9,0.3561918982599251,0.3,1,0.42,0.08,280,0.3897196442136653,0.2,20,1.5271798602522022,1.937103477647385e-18,0.2,plastic,secondary,-0.0122160360420368,False,block_async,50,250,390,2,-1,1.0,0.6,0.6,100,0.0035009451675785,0,0,35,1.0,2,0,0.55,0.0,0.75,35.0,repeated_lesion,30.0,0.45,0.2,0.1,0.002,8.0,72,500,0.3915808617919499,-0.2484836074411973,0.1126549035046025,0.125,0.2800516762872035,honeycomb__ql__plastic__intr1__struct0__block_async__repeated_lesion__s2__27713d0cf1,0.0107074216873648,-0.0038325468038088,0.25,0.726427147680272,0.003,ql,50,100,0.9,0.3471063026893008,0.3,0.42,0.08,280,0.3900635060027041,20,1.502719187044141,2.9307231743856946e-18,0.2,secondary,0.017746957880559,False,50,250,390,-1,1.0,100,0.0026302176797248,0,35,1.0,2,0,0.55,0.0,0.75,35.0,30.0,0.45,0.2,0.1,0.002,8.0,0.00304521959989712,0.012537082490898577,0.029962993922595802,0.024460673208061223,0.07000596922145272
72,500,0.3399354765156878,0.5,-0.0321880690372634,0.2470086372329525,0.125,0.0,honeycomb__markov__plastic__intr1__struct1__block_async__repeated_lesion__s2__5655458429,-0.0140876330283668,-0.0001335841712728,0.25,False,0.6849389423973303,0.003,0.016,markov,0.68,honeycomb,50,100,0.9,0.295449540692722,0.3,1,0.42,0.08,280,0.3372263507453383,0.2,20,1.431360553347845,2.0455846091408826e-18,0.2,plastic,secondary,-0.0317269838898916,False,block_async,50,250,390,2,-1,1.0,0.6,0.6,100,0.0015971739439399,20175,1,35,0.6666666666666666,2,20175,0.55,0.0,0.75,35.0,repeated_lesion,30.0,0.45,0.2,0.1,0.002,8.0,72,500,0.3299424880455724,-0.0069109829971923,0.184325040003913,0.125,0.3777751201446125,honeycomb__ql__plastic__intr1__struct1__block_async__repeated_lesion__s2__b6c6d9a10b,0.0078029475969593,-0.0058029965233646,0.25,0.6944656614275843,0.003,ql,50,100,0.9,0.2778248324700791,0.3,0.42,0.08,280,0.3326752608103053,20,1.4105141100385628,2.0637301361772382e-18,0.2,secondary,0.012512458497176,False,50,250,390,-1,1.0,100,0.0022526443381605,22574,35,0.6666666666666666,2,22574,0.55,0.0,0.75,35.0,30.0,0.45,0.2,0.1,0.002,8.0,0.009992988470115372,0.009526719030253927,0.0442394423870676,0.020846443309282314,0.0846055931967192
72,500,0.2569964711579838,0.5,0.4030921841891749,0.0,0.125,0.0,honeycomb__markov__plastic__intr0__struct0__synchronous__lesion__s1__8bb9dd310e,0.1447514493341848,0.1225656700616862,0.25,False,0.4870293605814659,0.003,0.016,markov,0.68,honeycomb,50,100,0.9,0.2003805114875623,0.3,0,0.42,0.08,280,0.2611004530685553,0.2,20,1.5107914195065058,1.8737076734611762e-18,0.2,plastic,secondary,0.1355502853737867,False,synchronous,50,250,390,1,-1,1.0,0.6,0.6,100,0.1655772797773527,0,0,35,1.0,2,0,0.55,0.0,0.75,35.0,lesion,30.0,0.45,0.2,0.1,0.002,8.0,72,500,0.3980265792914665,-0.1093624225124108,0.0,0.125,0.2614437713246207,honeycomb__ql__plastic__intr0__struct0__synchronous__lesion__s1__01e270d266,-0.0020473964735427,0.0027438293686403,0.25,0.756277299746596,0.003,ql,50,100,0.9,0.3060898699786781,0.3,0.42,0.08,280,0.3963662394949531,20,1.4707250242896657,2.097038160916817e-18,0.2,secondary,-0.0253266311085895,False,50,250,390,-1,1.0,100,0.0024207106550682,0,35,1.0,2,0,0.55,0.0,0.75,35.0,30.0,0.45,0.2,0.1,0.002,8.0,0.1410301081334827,0.26924793916513007,0.16087691648237618,0.04006639521684008,0.611221358997829
72,500,0.3599100562189575,0.5,0.0039349947083664,0.0,0.125,0.0,honeycomb__markov__plastic__intr0__struct1__synchronous__lesion__s3__92b4b8ccdd,0.0010873392073434,-0.0009951752565786,0.25,False,0.7309761316728842,0.003,0.016,markov,0.68,honeycomb,50,100,0.9,0.2814412851106386,0.3,0,0.42,0.08,280,0.3555879416109562,0.2,20,1.41520366071024,1.279265405017672e-18,0.2,plastic,secondary,0.0387537441857471,False,synchronous,50,250,390,3,-1,1.0,0.6,0.6,100,0.0017346868580449,19531,1,35,0.6666666666666666,2,19531,0.55,0.0,0.75,35.0,lesion,30.0,0.45,0.2,0.1,0.002,8.0,72,500,0.3491621148320601,-0.0003404549756712,0.0,0.125,0.3487346752719845,honeycomb__ql__plastic__intr0__struct1__synchronous__lesion__s3__5e621e2516,0.0037688251330068,0.0073704495152303,0.25,0.7213017114788103,0.003,ql,50,100,0.9,0.2811535911717848,0.3,0.42,0.08,280,0.3492138942290164,20,1.3974363878571503,1.7712906212055514e-18,0.2,secondary,-0.0134421699980575,False,50,250,390,-1,1.0,100,0.0018416029901657,21891,35,0.6666666666666666,2,21891,0.55,0.0,0.75,35.0,30.0,0.45,0.2,0.1,0.002,8.0,0.010747941386897386,0.00967442019407394,0.0521959141838046,0.017767272853089766,0.09038554861786569
72,500,0.3855796019608227,0.5,-0.1551905995224193,0.2003707334400861,0.125,0.0,honeycomb__markov__plastic__intr1__struct0__synchronous__lesion__s2__0562d99f53,0.0101007528483005,0.003452575541944,0.25,False,0.7442430901876386,0.003,0.016,markov,0.68,honeycomb,50,100,0.9,0.3142986552266475,0.3,1,0.42,0.08,280,0.387073928728559,0.2,20,1.5020507020613756,1.2811379217042708e-18,0.2,plastic,secondary,0.022150343087026,False,synchronous,50,250,390,2,-1,1.0,0.6,0.6,100,0.0029138857603177,0,0,35,1.0,2,0,0.55,0.0,0.75,35.0,lesion,30.0,0.45,0.2,0.1,0.002,8.0,72,500,0.3879424737756777,-0.1219626350464056,0.1168261283818705,0.125,0.2762411654921757,honeycomb__ql__plastic__intr1__struct0__synchronous__lesion__s2__5404cb6fc1,0.0122683696262404,-0.0025104516024684,0.25,0.7484780902354702,0.003,ql,50,100,0.9,0.3076704606506226,0.3,0.42,0.08,280,0.3885922579999855,20,1.4760593049004542,2.1869656478983468e-18,0.2,secondary,0.0261178944725014,False,50,250,390,-1,1.0,100,0.0024910104366823,0,35,1.0,2,0,0.55,0.0,0.75,35.0,30.0,0.45,0.2,0.1,0.002,8.0,0.0023628718148550054,0.004235000047831616,0.003967551385475401,0.02599139716092136,0.03655682040908338
72,500,0.358250846875253,0.5,-0.0432001829439052,0.1967441244338708,0.125,0.0,honeycomb__markov__plastic__intr1__struct1__synchronous__lesion__s2__cca742311c,-0.0080862307439206,-0.0021341921206054,0.25,False,0.7428270490266049,0.003,0.016,markov,0.68,honeycomb,50,100,0.9,0.2814605777535863,0.3,1,0.42,0.08,280,0.3602665339539874,0.2,20,1.40052053842869,1.761315448407389e-18,0.2,plastic,secondary,-0.0114765221698378,False,synchronous,50,250,390,2,-1,1.0,0.6,0.6,100,0.0022598147834728,21783,1,35,0.6666666666666666,2,21783,0.55,0.0,0.75,35.0,lesion,30.0,0.45,0.2,0.1,0.002,8.0,72,500,0.3494044423007305,-0.0193996750711237,0.1613469830695507,0.125,0.3503484823808883,honeycomb__ql__plastic__intr1__struct1__synchronous__lesion__s2__0bbac8e87c,0.002239287124798,0.0029370910998459,0.25,0.7321833766804627,0.003,ql,50,100,0.9,0.2788641005719408,0.3,0.42,0.08,280,0.3498094936219058,20,1.3877047500988435,1.808014459659756e-18,0.2,secondary,0.0128587294388282,False,50,250,390,-1,1.0,100,0.002047274166939,22247,35,0.6666666666666666,2,22247,0.55,0.0,0.75,35.0,30.0,0.45,0.2,0.1,0.002,8.0,0.008846404574522515,0.010643672346142163,0.024335251608666,0.012815788329846534,0.056641116859177214
72,500,0.2616349100546776,0.5,0.3959696689088442,0.0,0.125,0.0,honeycomb__markov__plastic__intr0__struct0__synchronous__repeated_lesion__s3__12ca6f0979,0.1543444717439467,0.1291411667282363,0.25,False,0.4966924263719351,0.003,0.016,markov,0.68,honeycomb,50,100,0.9,0.2027495873595247,0.3,0,0.42,0.08,280,0.2662961669019875,0.2,20,1.5180246286278185,2.3636575683117386e-18,0.2,plastic,secondary,0.1440352073635055,False,synchronous,50,250,390,3,-1,1.0,0.6,0.6,100,0.1652940918673984,0,0,35,1.0,2,0,0.55,0.0,0.75,35.0,repeated_lesion,30.0,0.45,0.2,0.1,0.002,8.0,72,500,0.396552633452004,-0.1028184163223787,0.0,0.125,0.2620684363468085,honeycomb__ql__plastic__intr0__struct0__synchronous__repeated_lesion__s3__5219e118c3,-0.0106462747403578,-0.0102567028918105,0.25,0.7580226957881955,0.003,ql,50,100,0.9,0.3032679851164799,0.3,0.42,0.08,280,0.3963511834874294,20,1.462748849102158,1.6125073571939396e-18,0.2,secondary,-0.010217495186209,False,50,250,390,-1,1.0,100,0.0023332920135811,0,35,1.0,2,0,0.55,0.0,0.75,35.0,30.0,0.45,0.2,0.1,0.002,8.0,0.13491772339732638,0.26133026941626036,0.15425270254971452,0.05527577952566043,0.6057764748889617
72,500,0.3574262411649322,0.5,0.0046282952330589,0.0,0.125,0.0,honeycomb__markov__plastic__intr0__struct1__synchronous__repeated_lesion__s3__dcd6e401bf,0.0042885671762778,0.0016825309442526,0.25,False,0.7275795266755029,0.003,0.016,markov,0.68,honeycomb,50,100,0.9,0.2817856849272052,0.3,0,0.42,0.08,280,0.3568737573224049,0.2,20,1.4093736103443173,1.7646392756495396e-18,0.2,plastic,secondary,-0.0163060844203691,False,synchronous,50,250,390,3,-1,1.0,0.6,0.6,100,0.0019003313866747,19629,1,35,0.6666666666666666,2,19629,0.55,0.0,0.75,35.0,repeated_lesion,30.0,0.45,0.2,0.1,0.002,8.0,72,500,0.3481461298859735,0.005935987207936,0.0,0.125,0.3472893151765292,honeycomb__ql__plastic__intr0__struct1__synchronous__repeated_lesion__s3__4329639968,0.0021560758449193,0.0038276100297777,0.25,0.7230989135060024,0.003,ql,50,100,0.9,0.278233505603968,0.3,0.42,0.08,280,0.349699114069528,20,1.390961782289151,2.0072325523314184e-18,0.2,secondary,0.0021500773106209,False,50,250,390,-1,1.0,100,0.001969868737753,21824,35,0.6666666666666666,2,21824,0.55,0.0,0.75,35.0,30.0,0.45,0.2,0.1,0.002,8.0,0.009280111278958725,0.004480613169500436,0.01845616173099,0.01841182805516639,0.050628714234615554
72,500,0.3894833222703944,0.5,-0.1613493866802689,0.1956743097160404,0.125,0.0,honeycomb__markov__plastic__intr1__struct0__synchronous__repeated_lesion__s1__0bdc04e4a4,0.025671323629338,0.0137408041431274,0.25,False,0.7439552565211798,0.003,0.016,markov,0.68,honeycomb,50,100,0.9,0.3178643642365262,0.3,1,0.42,0.08,280,0.3881714623041263,0.2,20,1.5096150830904205,1.3844981208901057e-18,0.2,plastic,secondary,0.01864745758112,False,synchronous,50,250,390,1,-1,1.0,0.6,0.6,100,0.0034823443204849,0,0,35,1.0,2,0,0.55,0.0,0.75,35.0,repeated_lesion,30.0,0.45,0.2,0.1,0.002,8.0,72,500,0.3873549566690553,-0.1164820996280497,0.1171258807927932,0.125,0.2761987495032246,honeycomb__ql__plastic__intr1__struct0__synchronous__repeated_lesion__s1__b09bf643cd,0.0110127397478295,0.0025553015768177,0.25,0.7510430411938105,0.003,ql,50,100,0.9,0.3043742178777193,0.3,0.42,0.08,280,0.3892650467583791,20,1.4644313487846268,1.3785659898616796e-18,0.2,secondary,0.01187430819919,False,50,250,390,-1,1.0,100,0.0022661215265617,0,35,1.0,2,0,0.55,0.0,0.75,35.0,30.0,0.45,0.2,0.1,0.002,8.0,0.0021283656013391106,0.007087784672630715,0.006773149381929999,0.0451837343057937,0.061173033961693525
72,500,0.3621527792599649,0.5,-0.0519420853515232,0.204033223104419,0.125,0.0,honeycomb__markov__plastic__intr1__struct1__synchronous__repeated_lesion__s3__909d4305aa,0.0016036859098521,0.0072036809296114,0.25,False,0.7455788836120696,0.003,0.016,markov,0.68,honeycomb,50,100,0.9,0.2843554383704568,0.3,1,0.42,0.08,280,0.3596704018462616,0.2,20,1.4106629202703105,1.6802116919443588e-18,0.2,plastic,secondary,0.0174678840023714,False,synchronous,50,250,390,3,-1,1.0,0.6,0.6,100,0.0019877447105044,21606,1,35,0.6666666666666666,2,21606,0.55,0.0,0.75,35.0,repeated_lesion,30.0,0.45,0.2,0.1,0.002,8.0,72,500,0.3503940053833638,-0.0167301790830244,0.164829838292193,0.125,0.3549320308231318,honeycomb__ql__plastic__intr1__struct1__synchronous__repeated_lesion__s3__b55e354027,-0.0044316554192776,-0.0032357582335549,0.25,0.7335177590756892,0.003,ql,50,100,0.9,0.2778077921256185,0.3,0.42,0.08,280,0.3502354029564677,20,1.3875378632287716,1.8703677158929467e-18,0.2,secondary,-0.0117052368224739,False,50,250,390,-1,1.0,100,0.0017605363358747,22304,35,0.6666666666666666,2,22304,0.55,0.0,0.75,35.0,30.0,0.45,0.2,0.1,0.002,8.0,0.011758773876601125,0.012061124536380419,0.0291731208248453,0.023125057041538888,0.07611807627936573
72,500,0.4118212355668212,0.5,-0.2687521301773939,0.0,0.125,0.0,honeycomb_nnn__markov__plastic__intr0__struct0__alpha_async__lesion__s3__a605546f98,-0.0046726945637187,-0.0024477346986334,0.25,False,0.623664369492613,0.003,0.016,markov,0.68,honeycomb_nnn,50,100,0.9,0.4216903865033628,0.3,0,0.42,0.08,280,0.4073850143784588,0.2,20,1.030360969496605,3.3841258600677134e-18,0.2,plastic,secondary,-0.0032964758338146,False,alpha_async,50,250,390,3,-1,1.0,0.6,0.6,100,0.0279508052931397,0,0,35,0.9994855967078188,2,0,0.55,0.0,0.75,35.0,lesion,30.0,0.45,0.2,0.1,0.002,8.0,72,500,0.4064850476847053,-0.2478019665913236,0.0,0.125,0.2389259342721012,honeycomb_nnn__ql__plastic__intr0__struct0__alpha_async__lesion__s3__698316c6a3,0.0014488001793075,0.013357255785902,0.25,0.6688852767960752,0.003,ql,50,100,0.9,0.3914846741786354,0.3,0.42,0.08,280,0.4053145950128821,20,0.9482801056887749,2.4498170994559387e-18,0.2,secondary,0.0134715952640574,False,50,250,390,-1,1.0,100,0.022238560269323,0,35,0.999335562414266,2,0,0.55,0.0,0.75,35.0,30.0,0.45,0.2,0.1,0.002,8.0,0.005336187882115928,0.04522090730346229,0.016768071097872,0.08208086380783008,0.14940603009128028
72,500,0.4091119343473902,0.5,-0.1693517441608373,0.0,0.125,0.0,honeycomb_nnn__markov__plastic__intr0__struct1__alpha_async__lesion__s2__58584c4b7e,0.0172017763360189,0.0079744129599812,0.25,False,0.6144002193226129,0.003,0.016,markov,0.68,honeycomb_nnn,50,100,0.9,0.4013031828680328,0.3,0,0.42,0.08,280,0.3911410327196551,0.2,20,1.059080461133863,2.2181914710922767e-18,0.2,plastic,secondary,0.01608504842301,False,alpha_async,50,250,390,2,-1,1.0,0.6,0.6,100,0.0073417361267958,28450,1,35,0.7777777777777778,2,28450,0.55,0.0,0.75,35.0,lesion,30.0,0.45,0.2,0.1,0.002,8.0,72,500,0.4093973337239681,-0.2248878709939418,0.0,0.125,0.2227128670913677,honeycomb_nnn__ql__plastic__intr0__struct1__alpha_async__lesion__s2__e51bdc2ffa,-0.0030195120615474,0.0018440271398449,0.25,0.6384228772627176,0.003,ql,50,100,0.9,0.4057025690530499,0.3,0.42,0.08,280,0.4105016470701252,20,0.9579694318503578,2.1827521588103578e-18,0.2,secondary,-0.0055645176412232,False,50,250,390,-1,1.0,100,0.0085662150679623,33283,35,0.7777777777777778,2,33283,0.55,0.0,0.75,35.0,30.0,0.45,0.2,0.1,0.002,8.0,0.0002853993765778995,0.02402265794010472,0.0216495660642332,0.10111102928350513,0.14706865266442093
72,500,0.3989703132988,0.5,-0.2510542915578803,0.0819416956661685,0.125,0.0,honeycomb_nnn__markov__plastic__intr1__struct0__alpha_async__lesion__s2__4b3ca857d9,0.0138974717716504,-0.0015800726835618,0.25,False,0.6535757309678466,0.003,0.016,markov,0.68,honeycomb_nnn,50,100,0.9,0.3932660454817843,0.3,1,0.42,0.08,280,0.3945251808492879,0.2,20,0.9496308547210224,2.8060317181328284e-18,0.2,plastic,secondary,0.0188633196182335,False,alpha_async,50,250,390,2,-1,1.0,0.6,0.6,100,0.0315499738058978,0,0,35,0.9994427297668038,2,0,0.55,0.0,0.75,35.0,lesion,30.0,0.45,0.2,0.1,0.002,8.0,72,500,0.3958052758085295,-0.2270493142743893,0.0540043832229546,0.125,0.2399485527421978,honeycomb_nnn__ql__plastic__intr1__struct0__alpha_async__lesion__s2__a0d2338329,0.0217424135242687,0.006079701763461,0.25,0.6981086356939987,0.003,ql,50,100,0.9,0.3615682384414637,0.3,0.42,0.08,280,0.394781789201025,20,0.8391324018050653,3.3028248000995023e-18,0.2,secondary,0.0318881437982971,False,50,250,390,-1,1.0,100,0.0278835536494105,0,35,0.9986496913580248,2,0,0.55,0.0,0.75,35.0,30.0,0.45,0.2,0.1,0.002,8.0,0.003165037490270528,0.04453290472615212,0.013024824180063604,0.11049845291595706,0.17122121931244333
72,500,0.3983478344544343,0.5,-0.2291812128006963,0.0986599630479135,0.125,0.0,honeycomb_nnn__markov__plastic__intr1__struct1__alpha_async__lesion__s1__bba91e54da,0.0085994746650242,0.0032995026349095,0.25,False,0.6132985096626211,0.003,0.016,markov,0.68,honeycomb_nnn,50,100,0.9,0.4132182946389607,0.3,1,0.42,0.08,280,0.3897367574758855,0.2,20,0.9741388966147234,2.262619810057317e-18,0.2,plastic,secondary,0.0127295013854361,False,alpha_async,50,250,390,1,-1,1.0,0.6,0.6,100,0.0085001174368795,29569,1,35,0.7777777777777778,2,29569,0.55,0.0,0.75,35.0,lesion,30.0,0.45,0.2,0.1,0.002,8.0,72,500,0.3911121176319964,-0.2278604148695138,0.0588855922961818,0.125,0.2395325150054313,honeycomb_nnn__ql__plastic__intr1__struct1__alpha_async__lesion__s1__d63be042bd,0.0134766093791601,-0.0002014247341688,0.25,0.6216643008927918,0.003,ql,50,100,0.9,0.4056775181574072,0.3,0.42,0.08,280,0.3922371209819012,20,0.9557503704168238,2.0171654439042935e-18,0.2,secondary,0.0232420800296711,False,50,250,390,-1,1.0,100,0.0102186566769945,32433,35,0.7777777777777778,2,32433,0.55,0.0,0.75,35.0,30.0,0.45,0.2,0.1,0.002,8.0,0.007235716822437899,0.008365791230170672,0.010512578644235,0.018388526197899657,0.04450261289474323
72,500,0.4127377148547032,0.5,-0.2693884260809437,0.0,0.125,0.0,honeycomb_nnn__markov__plastic__intr0__struct0__alpha_async__repeated_lesion__s3__0ddfc1c760,-0.0060575231903685,0.0019477986993456,0.25,False,0.6262865741546255,0.003,0.016,markov,0.68,honeycomb_nnn,50,100,0.9,0.4205940338828279,0.3,0,0.42,0.08,280,0.4069854880275444,0.2,20,1.0159953247995768,2.6325707988821987e-18,0.2,plastic,secondary,-0.0098508447006477,False,alpha_async,50,250,390,3,-1,1.0,0.6,0.6,100,0.0283185958605205,0,0,35,0.9994641632373114,2,0,0.55,0.0,0.75,35.0,repeated_lesion,30.0,0.45,0.2,0.1,0.002,8.0,72,500,0.4068075759487092,-0.2497161381668598,0.0,0.125,0.2393387201380703,honeycomb_nnn__ql__plastic__intr0__struct0__alpha_async__repeated_lesion__s3__3b33eb7a73,3.932445304380798e-05,0.0158903674514303,0.25,0.6697741064130124,0.003,ql,50,100,0.9,0.3912099109477089,0.3,0.42,0.08,280,0.4050962831425871,20,0.9419606126841652,2.7003301701806963e-18,0.2,secondary,0.0154372545996646,False,50,250,390,-1,1.0,100,0.0220904171657441,0,35,0.9993998628257889,2,0,0.55,0.0,0.75,35.0,30.0,0.45,0.2,0.1,0.002,8.0,0.005930138905993976,0.04348753225838686,0.0252880993003123,0.07403471211541157,0.1487404825801047
72,500,0.4061988616040508,0.5,-0.1713651044314873,0.0,0.125,0.0,honeycomb_nnn__markov__plastic__intr0__struct1__alpha_async__repeated_lesion__s2__22afbc7101,0.0048798809432818,0.0111365800694157,0.25,False,0.6103710976622965,0.003,0.016,markov,0.68,honeycomb_nnn,50,100,0.9,0.4028662031409557,0.3,0,0.42,0.08,280,0.3891323154765542,0.2,20,1.065488628169874,2.273961591206587e-18,0.2,plastic,secondary,-0.003940925088222,False,alpha_async,50,250,390,2,-1,1.0,0.6,0.6,100,0.0077953967385267,28430,1,35,0.7777777777777778,2,28430,0.55,0.0,0.75,35.0,repeated_lesion,30.0,0.45,0.2,0.1,0.002,8.0,72,500,0.4103753102293286,-0.2251678807123185,0.0,0.125,0.2238626516930815,honeycomb_nnn__ql__plastic__intr0__struct1__alpha_async__repeated_lesion__s2__d32a9c28ca,-0.0101592104625738,-0.0016844642838438,0.25,0.6381800319785352,0.003,ql,50,100,0.9,0.4064271048455247,0.3,0.42,0.08,280,0.4113620397906071,20,0.9645071694842668,2.500063450330502e-18,0.2,secondary,-0.0153097802512733,False,50,250,390,-1,1.0,100,0.0088924133867111,33280,35,0.7777777777777778,2,33280,0.55,0.0,0.75,35.0,30.0,0.45,0.2,0.1,0.002,8.0,0.004176448625277829,0.027808934316238765,0.011368855163051299,0.10098145868560726,0.14433569679017516
72,500,0.3991699094586475,0.5,-0.250092261422892,0.081882474588124,0.125,0.0,honeycomb_nnn__markov__plastic__intr1__struct0__alpha_async__repeated_lesion__s2__2f4bfcff44,0.0050509134912569,0.0037091488785592,0.25,False,0.6543128557010894,0.003,0.016,markov,0.68,honeycomb_nnn,50,100,0.9,0.3927891517201537,0.3,1,0.42,0.08,280,0.3949157164923597,0.2,20,0.9452797484057652,2.857321471540349e-18,0.2,plastic,secondary,-0.0040683514184088,False,alpha_async,50,250,390,2,-1,1.0,0.6,0.6,100,0.0305381765174389,0,0,35,0.9995070301783264,2,0,0.55,0.0,0.75,35.0,repeated_lesion,30.0,0.45,0.2,0.1,0.002,8.0,72,500,0.3953889876494544,-0.2277446421774031,0.054036361311643,0.125,0.2397135520480736,honeycomb_nnn__ql__plastic__intr1__struct0__alpha_async__repeated_lesion__s2__05362be322,0.0085166811367947,0.0064894263646391,0.25,0.6953737763947992,0.003,ql,50,100,0.9,0.362817777144525,0.3,0.42,0.08,280,0.3944750202045565,20,0.8299866936181722,2.932339975100014e-18,0.2,secondary,0.0123969181966905,False,50,250,390,-1,1.0,100,0.026308029396197,0,35,0.9986496913580248,2,0,0.55,0.0,0.75,35.0,30.0,0.45,0.2,0.1,0.002,8.0,0.003780921809193094,0.04106092069370981,0.016465269615099302,0.115293054787593,0.1766001669055952
72,500,0.39578942600885,0.5,-0.2275643516622448,0.1029392455957415,0.125,0.0,honeycomb_nnn__markov__plastic__intr1__struct1__alpha_async__repeated_lesion__s3__6d4ff84497,0.002224334913833,1.0525450305414949e-05,0.25,False,0.6142188029502564,0.003,0.016,markov,0.68,honeycomb_nnn,50,100,0.9,0.4107297653142173,0.3,1,0.42,0.08,280,0.3855354472651114,0.2,20,0.9694013259955986,2.317153194133685e-18,0.2,plastic,secondary,0.0065251343417879,False,alpha_async,50,250,390,3,-1,1.0,0.6,0.6,100,0.0080410269200313,29461,1,35,0.7777777777777778,2,29461,0.55,0.0,0.75,35.0,repeated_lesion,30.0,0.45,0.2,0.1,0.002,8.0,72,500,0.3910718071879938,-0.2278411488298343,0.0593662311253569,0.125,0.2378736799071475,honeycomb_nnn__ql__plastic__intr1__struct1__alpha_async__repeated_lesion__s3__835a1016ea,0.0212216032431501,-9.813977799139927e-06,0.25,0.6259577127937144,0.003,ql,50,100,0.9,0.4033606434778275,0.3,0.42,0.08,280,0.3915303936701199,20,0.9593589691471576,2.7230684179451717e-18,0.2,secondary,0.0327195180835825,False,50,250,390,-1,1.0,100,0.0113544878773838,32816,35,0.7777777777777778,2,32816,0.55,0.0,0.75,35.0,30.0,0.45,0.2,0.1,0.002,8.0,0.004717618820856195,0.011738909843457934,0.0261943837417946,0.010042356848441014,0.05269326925454974
72,500,0.4236417960973758,0.5,-0.2747931721219817,0.0,0.125,0.0,honeycomb_nnn__markov__plastic__intr0__struct0__block_async__lesion__s2__697fd1f4ad,-0.003222675356402,-0.0073206713510726,0.25,False,0.5957673103607534,0.003,0.016,markov,0.68,honeycomb_nnn,50,100,0.9,0.4431764444567195,0.3,0,0.42,0.08,280,0.4235746326085161,0.2,20,1.0285779634397385,2.322314479150626e-18,0.2,plastic,secondary,-0.003429592384105,False,block_async,50,250,390,2,-1,1.0,0.6,0.6,100,0.0584991432819047,0,0,35,0.9993998628257889,2,0,0.55,0.0,0.75,35.0,lesion,30.0,0.45,0.2,0.1,0.002,8.0,72,500,0.3921288350535018,-0.2398174800594974,0.0,0.125,0.2449480184635512,honeycomb_nnn__ql__plastic__intr0__struct0__block_async__lesion__s2__bb1768bc44,0.0084696943957944,-0.0012046009806401,0.25,0.7107835322091149,0.003,ql,50,100,0.9,0.354633050323932,0.3,0.42,0.08,280,0.3937570905998579,20,0.8371962130416059,2.697792735891857e-18,0.2,secondary,0.0162217775038323,False,50,250,390,-1,1.0,100,0.0320057287490222,0,35,0.9991212277091908,2,0,0.55,0.0,0.75,35.0,30.0,0.45,0.2,0.1,0.002,8.0,0.031512961043873966,0.11501622184836158,0.0196513698879373,0.19138175039813266,0.3575623031783055
72,500,0.424888305432763,0.5,-0.2315562817584862,0.0,0.125,0.0,honeycomb_nnn__markov__plastic__intr0__struct1__block_async__lesion__s3__ad28e6e4c3,0.0087831118962096,0.0023561143196138,0.25,False,0.6046753320449001,0.003,0.016,markov,0.68,honeycomb_nnn,50,100,0.9,0.4307417309617287,0.3,0,0.42,0.08,280,0.4275498081715953,0.2,20,1.0017591983070706,2.3382193134659143e-18,0.2,plastic,secondary,0.0169627797127315,False,block_async,50,250,390,3,-1,1.0,0.6,0.6,100,0.0096446753416989,34703,1,35,0.7777777777777778,2,34703,0.55,0.0,0.75,35.0,lesion,30.0,0.45,0.2,0.1,0.002,8.0,72,500,0.4173825410136521,-0.2301413401000203,0.0,0.125,0.2357759185680371,honeycomb_nnn__ql__plastic__intr0__struct1__block_async__lesion__s3__5feaff5440,0.0081100392978866,0.0065018523834167,0.25,0.6195182960316025,0.003,ql,50,100,0.9,0.4211221635748529,0.3,0.42,0.08,280,0.4225923079497099,20,0.9831019955804504,2.4493193828478426e-18,0.2,secondary,0.0073130111332091,False,50,250,390,-1,1.0,100,0.0091641965992664,36148,35,0.7777777777777778,2,36148,0.55,0.0,0.75,35.0,30.0,0.45,0.2,0.1,0.002,8.0,0.0075057644191109385,0.014842963986702373,0.009649768579522398,0.018657202726620192,0.0506556997119559
72,500,0.3788855194255903,0.5,-0.2177913694120185,0.1094923434066633,0.125,0.0,honeycomb_nnn__markov__plastic__intr1__struct0__block_async__lesion__s3__1f3cb9d235,0.0199893007048129,0.0121272427229402,0.25,False,0.7462660106210087,0.003,0.016,markov,0.68,honeycomb_nnn,50,100,0.9,0.3170748049067236,0.3,1,0.42,0.08,280,0.3772590138246978,0.2,20,0.6555321416745152,2.9998262706923438e-18,0.2,plastic,secondary,0.0190461384845727,False,block_async,50,250,390,3,-1,1.0,0.6,0.6,100,0.0202974324723472,0,0,35,0.998499657064472,2,0,0.55,0.0,0.75,35.0,lesion,30.0,0.45,0.2,0.1,0.002,8.0,72,500,0.3820851647998715,-0.2164845304323195,0.0806676229213411,0.125,0.2487116585549885,honeycomb_nnn__ql__plastic__intr1__struct0__block_async__lesion__s3__ab93892431,0.016451887657264,0.0093900844322644,0.25,0.7299905550259351,0.003,ql,50,100,0.9,0.3302229318749042,0.3,0.42,0.08,280,0.381206993132251,20,0.6972110221721153,3.098763853812817e-18,0.2,secondary,0.013696098581042,False,50,250,390,-1,1.0,100,0.0258043270826339,0,35,0.9974279835390948,2,0,0.55,0.0,0.75,35.0,30.0,0.45,0.2,0.1,0.002,8.0,0.0031996453742811903,0.016275455595073596,0.005350039903530699,0.041678880497600046,0.06650402137048553
72,500,0.3747199149982474,0.5,-0.2405311171492037,0.1178154433134245,0.125,0.0,honeycomb_nnn__markov__plastic__intr1__struct1__block_async__lesion__s2__66c1d6441a,0.0104500521710072,0.0002668540124993,0.25,False,0.6049125390891208,0.003,0.016,markov,0.68,honeycomb_nnn,50,100,0.9,0.4041099613444058,0.3,1,0.42,0.08,280,0.3749268926704459,0.2,20,0.9731289713639876,2.5767778591065014e-18,0.2,plastic,secondary,0.0228326563281285,False,block_async,50,250,390,2,-1,1.0,0.6,0.6,100,0.0169409973154586,33226,1,35,0.7777777777777778,2,33226,0.55,0.0,0.75,35.0,lesion,30.0,0.45,0.2,0.1,0.002,8.0,72,500,0.3680891544473021,-0.2401662897672218,0.0838281219737394,0.125,0.2556761309921152,honeycomb_nnn__ql__plastic__intr1__struct1__block_async__lesion__s2__e6a1344170,0.0136780490256281,0.0047819142346173,0.25,0.6117852337512003,0.003,ql,50,100,0.9,0.3976466555080051,0.3,0.42,0.08,280,0.3689603003118844,20,0.9384424034349944,2.6189049891826904e-18,0.2,secondary,0.0117599853761474,False,50,250,390,-1,1.0,100,0.0125313489359205,32988,35,0.7777777777777778,2,32988,0.55,0.0,0.75,35.0,30.0,0.45,0.2,0.1,0.002,8.0,0.006630760550945303,0.006872694662079515,0.0110726709519811,0.03468656792899316,0.05926269409399908
72,500,0.4234591104485035,0.5,-0.2752451259388003,0.0,0.125,0.0,honeycomb_nnn__markov__plastic__intr0__struct0__block_async__repeated_lesion__s2__184ac4065a,-0.0044209993547672,-0.0106783526388651,0.25,False,0.597696772549756,0.003,0.016,markov,0.68,honeycomb_nnn,50,100,0.9,0.4421410906456671,0.3,0,0.42,0.08,280,0.4233760745395325,0.2,20,1.0270454960570217,2.5789239586663626e-18,0.2,plastic,secondary,-0.0035877497995455,False,block_async,50,250,390,2,-1,1.0,0.6,0.6,100,0.0597981528954104,0,0,35,0.9993784293552812,2,0,0.55,0.0,0.75,35.0,repeated_lesion,30.0,0.45,0.2,0.1,0.002,8.0,72,500,0.3919316143614337,-0.2405204007170846,0.0,0.125,0.2438168219809577,honeycomb_nnn__ql__plastic__intr0__struct0__block_async__repeated_lesion__s2__e13958facb,0.0049003846026861,-0.002733274130243,0.25,0.7151453562278796,0.003,ql,50,100,0.9,0.3523621740821686,0.3,0.42,0.08,280,0.3914975525217635,20,0.803760844794495,3.0679475810061546e-18,0.2,secondary,0.0117197261711924,False,50,250,390,-1,1.0,100,0.0293988261891526,0,35,0.9991212277091908,2,0,0.55,0.0,0.75,35.0,30.0,0.45,0.2,0.1,0.002,8.0,0.031527496087069784,0.11744858367812361,0.0153074759707379,0.2232846512625266,0.3875682069984579
72,500,0.4238785676881315,0.5,-0.2309964860610601,0.0,0.125,0.0,honeycomb_nnn__markov__plastic__intr0__struct1__block_async__repeated_lesion__s3__6eab2114a9,0.0066413903513918,0.0055292437508879,0.25,False,0.6020114411198499,0.003,0.016,markov,0.68,honeycomb_nnn,50,100,0.9,0.4314290778369857,0.3,0,0.42,0.08,280,0.4261902788378285,0.2,20,0.9975020449460604,2.2970413082549093e-18,0.2,plastic,secondary,0.0028589235923025,False,block_async,50,250,390,3,-1,1.0,0.6,0.6,100,0.0116845121275641,34698,1,35,0.7777777777777778,2,34698,0.55,0.0,0.75,35.0,repeated_lesion,30.0,0.45,0.2,0.1,0.002,8.0,72,500,0.4125961277085606,-0.2283184246601311,0.0,0.125,0.2383340103053612,honeycomb_nnn__ql__plastic__intr0__struct1__block_async__repeated_lesion__s3__9699423cca,0.0087965203805977,0.0099611616423778,0.25,0.6212009299240254,0.003,ql,50,100,0.9,0.4179981514876241,0.3,0.42,0.08,280,0.4161174239786983,20,0.9708113015057592,2.7028556285527013e-18,0.2,secondary,0.0109595552760522,False,50,250,390,-1,1.0,100,0.0098992076225855,36114,35,0.7777777777777778,2,36114,0.55,0.0,0.75,35.0,30.0,0.45,0.2,0.1,0.002,8.0,0.011282439979570902,0.01918948880417548,0.0081006316837497,0.0266907434403012,0.06526330390779728
72,500,0.3831129211498973,0.5,-0.2223447341339401,0.1062129864886521,0.125,0.0,honeycomb_nnn__markov__plastic__intr1__struct0__block_async__repeated_lesion__s2__3cc2a27c1f,0.0319106064478676,-0.0102798787277122,0.25,False,0.7399251789350878,0.003,0.016,markov,0.68,honeycomb_nnn,50,100,0.9,0.3244027134815673,0.3,1,0.42,0.08,280,0.380139669923355,0.2,20,0.6823673829687198,2.418276918733688e-18,0.2,plastic,secondary,0.0329851446751738,False,block_async,50,250,390,2,-1,1.0,0.6,0.6,100,0.0235968780394486,0,0,35,0.9976851851851852,2,0,0.55,0.0,0.75,35.0,repeated_lesion,30.0,0.45,0.2,0.1,0.002,8.0,72,500,0.3770650096127426,-0.2073547563057837,0.0819308519699634,0.125,0.2459356782402185,honeycomb_nnn__ql__plastic__intr1__struct0__block_async__repeated_lesion__s2__b4f61d7ebb,0.0099226224625324,0.005726717395315,0.25,0.7475503044589622,0.003,ql,50,100,0.9,0.3142205637498193,0.3,0.42,0.08,280,0.3779186262213622,20,0.6346332942516849,3.01356641920249e-18,0.2,secondary,-0.0017180431448787,False,50,250,390,-1,1.0,100,0.0296909793085082,0,35,0.9975780178326474,2,0,0.55,0.0,0.75,35.0,30.0,0.45,0.2,0.1,0.002,8.0,0.0060479115371547265,0.007625125523874399,0.0347031878200525,0.047734088717034884,0.0961103135981165
72,500,0.3764759198191589,0.5,-0.2389132261760924,0.1164144225705348,0.125,0.0,honeycomb_nnn__markov__plastic__intr1__struct1__block_async__repeated_lesion__s1__fa5a257b3c,0.0230314476490854,0.0036709109963122,0.25,False,0.6010286599872477,0.003,0.016,markov,0.68,honeycomb_nnn,50,100,0.9,0.4073749196419187,0.3,1,0.42,0.08,280,0.3779876898000376,0.2,20,0.9697923582785404,2.9230793909364287e-18,0.2,plastic,secondary,0.015651917425517,False,block_async,50,250,390,1,-1,1.0,0.6,0.6,100,0.0148367247528076,33233,1,35,0.7777777777777778,2,33233,0.55,0.0,0.75,35.0,repeated_lesion,30.0,0.45,0.2,0.1,0.002,8.0,72,500,0.3703741204008644,-0.2366069284378971,0.0836539848286981,0.125,0.2582147112741483,honeycomb_nnn__ql__plastic__intr1__struct1__block_async__repeated_lesion__s1__85e5fd972e,0.0291004297745308,-0.001418037391069,0.25,0.6163597147852309,0.003,ql,50,100,0.9,0.3968458841141829,0.3,0.42,0.08,280,0.3704388026094246,20,0.9288287715351704,2.6811282748688008e-18,0.2,secondary,0.0216951938122694,False,50,250,390,-1,1.0,100,0.0111104540912176,32848,35,0.7777777777777778,2,32848,0.55,0.0,0.75,35.0,30.0,0.45,0.2,0.1,0.002,8.0,0.0061017994182944735,0.015331054797983135,0.006043276386752398,0.04096358674336997,0.06843971734639998
72,500,0.4174214329674444,0.5,0.4036335055833662,0.0,0.125,0.0,honeycomb_nnn__markov__plastic__intr0__struct0__synchronous__lesion__s1__1a2b8eae63,-0.0223552255236034,-0.0320860393443326,0.25,False,0.8605479174997331,0.003,0.016,markov,0.68,honeycomb_nnn,50,100,0.9,0.1617250556049689,0.3,0,0.42,0.08,280,0.4150579424880553,0.2,20,1.2082339391794727,2.5616162034451257e-18,0.2,plastic,secondary,-0.0477811051350305,False,synchronous,50,250,390,1,-1,1.0,0.6,0.6,100,0.0062456399863363,0,0,35,1.0,2,0,0.55,0.0,0.75,35.0,lesion,30.0,0.45,0.2,0.1,0.002,8.0,72,500,0.4080325443022874,0.4105149545593988,0.0,0.125,0.2092202674682557,honeycomb_nnn__ql__plastic__intr0__struct0__synchronous__lesion__s1__fb4fb2a640,-0.0139914041129917,0.0163074265513777,0.25,0.8474116862925104,0.003,ql,50,100,0.9,0.1638985000939787,0.3,0.42,0.08,280,0.4105323075926544,20,1.2561548575871502,2.4985932424884666e-18,0.2,secondary,-0.0528441708142017,False,50,250,390,-1,1.0,100,0.0059939091092532,0,35,1.0,2,0,0.55,0.0,0.75,35.0,30.0,0.45,0.2,0.1,0.002,8.0,0.00938888866515697,0.013136231207222737,0.005063065679171204,0.047920918407677426,0.07550910395922833
72,500,0.419560045061398,0.5,0.315126353312304,0.0,0.125,0.0,honeycomb_nnn__markov__plastic__intr0__struct1__synchronous__lesion__s1__39c3079f7f,0.0065539056017575,0.0129068734908261,0.25,False,0.8509936235814818,0.003,0.016,markov,0.68,honeycomb_nnn,50,100,0.9,0.1828661943863537,0.3,0,0.42,0.08,280,0.4176988494582273,0.2,20,1.1670690366647296,3.153924328236566e-18,0.2,plastic,secondary,0.00417394444088,False,synchronous,50,250,390,1,-1,1.0,0.6,0.6,100,0.004770437673411,30865,1,35,0.7777777777777778,2,30865,0.55,0.0,0.75,35.0,lesion,30.0,0.45,0.2,0.1,0.002,8.0,72,500,0.4181602622750035,0.3042564578208255,0.0,0.125,0.2097300908617541,honeycomb_nnn__ql__plastic__intr0__struct1__synchronous__lesion__s1__818881abd6,-0.0068631456633862,-0.0021101734461118,0.25,0.8447518762926542,0.003,ql,50,100,0.9,0.1884531345969034,0.3,0.42,0.08,280,0.4135295899367308,20,1.166401504187195,2.609318071992865e-18,0.2,secondary,0.0378653125202629,False,50,250,390,-1,1.0,100,0.0041835121550576,33673,35,0.7777777777777778,2,33673,0.55,0.0,0.75,35.0,30.0,0.45,0.2,0.1,0.002,8.0,0.0013997827863944656,0.006241747288827537,0.0336913680793829,0.0006675324775347047,0.04200043063213961
72,500,0.4117528496985468,0.5,0.4144417595145983,0.1237735134636131,0.125,0.0,honeycomb_nnn__markov__plastic__intr1__struct0__synchronous__lesion__s1__91840b5362,0.0120801950282223,0.0227133640326188,0.25,False,0.8658926409446709,0.003,0.016,markov,0.68,honeycomb_nnn,50,100,0.9,0.1549212105733716,0.3,1,0.42,0.08,280,0.4084253894470002,0.2,20,1.2077519029794397,3.3940034160022322e-18,0.2,plastic,secondary,0.0378560372858368,False,synchronous,50,250,390,1,-1,1.0,0.6,0.6,100,0.0060462369727532,0,0,35,1.0,2,0,0.55,0.0,0.75,35.0,lesion,30.0,0.45,0.2,0.1,0.002,8.0,72,500,0.4014760977412347,0.4111493051191638,0.0924354323009072,0.125,0.2261900753821742,honeycomb_nnn__ql__plastic__intr1__struct0__synchronous__lesion__s1__b4d5992101,-0.0070355685352945,-0.0029798639688899,0.25,0.8509605916861517,0.003,ql,50,100,0.9,0.1599650118017505,0.3,0.42,0.08,280,0.4048562486278988,20,1.2226158380149343,2.432950313510854e-18,0.2,secondary,0.0258649007549667,False,50,250,390,-1,1.0,100,0.0061172575417026,0,35,1.0,2,0,0.55,0.0,0.75,35.0,30.0,0.45,0.2,0.1,0.002,8.0,0.010276751957312091,0.014932049258519209,0.0119911365308701,0.014863935035494658,0.052063872782196055
72,500,0.4093606354202094,0.5,0.311980088155713,0.1409309288753851,0.125,0.0,honeycomb_nnn__markov__plastic__intr1__struct1__synchronous__lesion__s1__15c6bed8cd,0.0256080106465315,0.0025304064123251,0.25,False,0.8537043835337006,0.003,0.016,markov,0.68,honeycomb_nnn,50,100,0.9,0.1774211907621175,0.3,1,0.42,0.08,280,0.4097344607409661,0.2,20,1.1304656942487867,3.594606266721905e-18,0.2,plastic,secondary,0.0150142366692427,False,synchronous,50,250,390,1,-1,1.0,0.6,0.6,100,0.0048018633899877,31840,1,35,0.7777777777777778,2,31840,0.55,0.0,0.75,35.0,lesion,30.0,0.45,0.2,0.1,0.002,8.0,72,500,0.4087044904705507,0.3121256780983592,0.0919284378206022,0.125,0.2196098376093783,honeycomb_nnn__ql__plastic__intr1__struct1__synchronous__lesion__s1__46291862ac,0.0233646386505559,0.029758203160304,0.25,0.844442481393005,0.003,ql,50,100,0.9,0.1835079227335632,0.3,0.42,0.08,280,0.407277433244643,20,1.1675699979263217,2.821528637154657e-18,0.2,secondary,0.0675359694772338,False,50,250,390,-1,1.0,100,0.0048683577086777,33609,35,0.7777777777777778,2,33609,0.55,0.0,0.75,35.0,30.0,0.45,0.2,0.1,0.002,8.0,0.0006561449496587102,0.009261902140695555,0.05252173280799109,0.03710430367753492,0.09954408357588028
72,500,0.4161948015045037,0.5,0.4035387208488386,0.0,0.125,0.0,honeycomb_nnn__markov__plastic__intr0__struct0__synchronous__repeated_lesion__s1__63f5173ba8,0.0041103927974935,0.0076438948461231,0.25,False,0.8617024938751733,0.003,0.016,markov,0.68,honeycomb_nnn,50,100,0.9,0.1609112117849274,0.3,0,0.42,0.08,280,0.4158245062609665,0.2,20,1.207826816450917,3.0665890597014805e-18,0.2,plastic,secondary,0.0547365497252662,False,synchronous,50,250,390,1,-1,1.0,0.6,0.6,100,0.0059336424979127,0,0,35,1.0,2,0,0.55,0.0,0.75,35.0,repeated_lesion,30.0,0.45,0.2,0.1,0.002,8.0,72,500,0.4025183640210197,0.4091150381688981,0.0,0.125,0.2183731537688543,honeycomb_nnn__ql__plastic__intr0__struct0__synchronous__repeated_lesion__s1__01626cdc23,0.001792047511983,0.0061795483571452,0.25,0.8409461670516478,0.003,ql,50,100,0.9,0.1655077542194465,0.3,0.42,0.08,280,0.4092299556883285,20,1.251770464942577,2.759887068451365e-18,0.2,secondary,0.0486859280783714,False,50,250,390,-1,1.0,100,0.0066865997582357,0,35,1.0,2,0,0.55,0.0,0.75,35.0,30.0,0.45,0.2,0.1,0.002,8.0,0.013676437483484016,0.02075632682352546,0.006050621646894794,0.04394364849165999,0.08442703444556426
72,500,0.4205086702604118,0.5,0.3009390393172958,0.0,0.125,0.0,honeycomb_nnn__markov__plastic__intr0__struct1__synchronous__repeated_lesion__s1__af3ea1f2a8,-0.0241021779609277,-0.0096255997197584,0.25,False,0.8522507130504164,0.003,0.016,markov,0.68,honeycomb_nnn,50,100,0.9,0.1847894212156133,0.3,0,0.42,0.08,280,0.4184577986073716,0.2,20,1.1427236941510162,2.7285223440142083e-18,0.2,plastic,secondary,-0.0491238705756724,False,synchronous,50,250,390,1,-1,1.0,0.6,0.6,100,0.0044506934736951,30747,1,35,0.7777777777777778,2,30747,0.55,0.0,0.75,35.0,repeated_lesion,30.0,0.45,0.2,0.1,0.002,8.0,72,500,0.4111031236528083,0.3182426309353049,0.0,0.125,0.2127218503957595,honeycomb_nnn__ql__plastic__intr0__struct1__synchronous__repeated_lesion__s1__9e7131efdb,-0.0080638297629971,0.0012260988068891,0.25,0.838842250831908,0.003,ql,50,100,0.9,0.1861218772698985,0.3,0.42,0.08,280,0.4128047724092056,20,1.21871778833354,2.7776730207552728e-18,0.2,secondary,-0.0082842910929775,False,50,250,390,-1,1.0,100,0.0049032703623393,33725,35,0.7777777777777778,2,33725,0.55,0.0,0.75,35.0,30.0,0.45,0.2,0.1,0.002,8.0,0.009405546607603454,0.013408462218508443,0.0408395794826949,0.0759940941825239,0.1396476824913307
72,500,0.4043758284379898,0.5,0.4229180327583919,0.1241309641969015,0.125,0.0,honeycomb_nnn__markov__plastic__intr1__struct0__synchronous__repeated_lesion__s3__d0b59e4f1d,-0.0007793499385017,0.0267085486212299,0.25,False,0.8628574603603536,0.003,0.016,markov,0.68,honeycomb_nnn,50,100,0.9,0.1523657530160613,0.3,1,0.42,0.08,280,0.407783775538779,0.2,20,1.215645568955258,3.500787619451238e-18,0.2,plastic,secondary,-0.0441802538621984,False,synchronous,50,250,390,3,-1,1.0,0.6,0.6,100,0.0067742034301925,0,0,35,1.0,2,0,0.55,0.0,0.75,35.0,repeated_lesion,30.0,0.45,0.2,0.1,0.002,8.0,72,500,0.40572434246517,0.4244110991433558,0.0925394343791496,0.125,0.2259894494364866,honeycomb_nnn__ql__plastic__intr1__struct0__synchronous__repeated_lesion__s3__73a2ab742e,0.0068677156160601,0.035550303992614,0.25,0.8516077838062237,0.003,ql,50,100,0.9,0.1593214009349746,0.3,0.42,0.08,280,0.4047107220616852,20,1.2655567962927123,3.0626212942458575e-18,0.2,secondary,0.0248009839187292,False,50,250,390,-1,1.0,100,0.0065275824262634,0,35,1.0,2,0,0.55,0.0,0.75,35.0,30.0,0.45,0.2,0.1,0.002,8.0,0.0013485140271801699,0.011249676554129895,0.0689812377809276,0.049911227337454234,0.1314906556996919
72,500,0.4098316591673616,0.5,0.3072965954690015,0.1407075193571981,0.125,0.0,honeycomb_nnn__markov__plastic__intr1__struct1__synchronous__repeated_lesion__s1__ed060c4ba0,0.0131959825889057,0.0098931985899644,0.25,False,0.8533478343092872,0.003,0.016,markov,0.68,honeycomb_nnn,50,100,0.9,0.1784875179018952,0.3,1,0.42,0.08,280,0.4110417904484638,0.2,20,1.1288785263411458,2.2919654179632138e-18,0.2,plastic,secondary,0.037073456036139,False,synchronous,50,250,390,1,-1,1.0,0.6,0.6,100,0.0061539897278728,31868,1,35,0.7777777777777778,2,31868,0.55,0.0,0.75,35.0,repeated_lesion,30.0,0.45,0.2,0.1,0.002,8.0,72,500,0.4073045815992407,0.3110645714307501,0.0918170803813299,0.125,0.221349764759114,honeycomb_nnn__ql__plastic__intr1__struct1__synchronous__repeated_lesion__s1__fd7e7c1480,0.0184394697256326,0.0014443147439582,0.25,0.8422356556444021,0.003,ql,50,100,0.9,0.1841728161989672,0.3,0.42,0.08,280,0.4076628213909679,20,1.1967123542787903,2.66745423594838e-18,0.2,secondary,-0.0281842209399851,False,50,250,390,-1,1.0,100,0.0056939542717647,33586,35,0.7777777777777778,2,33586,0.55,0.0,0.75,35.0,30.0,0.45,0.2,0.1,0.002,8.0,0.0025270775681208724,0.01111217866488512,0.0652576769761241,0.06783382793764448,0.14673076114677458
72,500,0.4100227337141905,0.5,-0.3707345430419694,0.0,0.125,0.0,square_moore__markov__plastic__intr0__struct0__alpha_async__lesion__s1__24395c9b03,0.0035231214414456,0.0010661217218186,0.25,False,0.5423500289744441,0.003,0.016,markov,0.68,square_moore,50,100,0.9,0.4890729432150866,0.3,0,0.42,0.08,280,0.3976156984380386,0.2,20,1.5270812802876077,2.7122054033475175e-18,0.2,plastic,secondary,0.0175460685466616,False,alpha_async,50,250,390,1,-1,1.0,0.6,0.6,100,0.0256292102930567,0,0,35,0.9990596064814816,2,0,0.55,0.0,0.75,35.0,lesion,30.0,0.45,0.2,0.1,0.002,8.0,72,500,0.4061359066732376,-0.3640625618389798,0.0,0.125,0.2722147670983324,square_moore__ql__plastic__intr0__struct0__alpha_async__lesion__s1__4ba9a54d5a,0.0075770723480091,-0.0012708155564466,0.25,0.5705635105623659,0.003,ql,50,100,0.9,0.4764743912200194,0.3,0.42,0.08,280,0.4049576976583915,20,1.5064377337065795,2.914097996022589e-18,0.2,secondary,-0.0053265114032647,False,50,250,390,-1,1.0,100,0.0196601031094807,0,35,0.9992525077160492,2,0,0.55,0.0,0.75,35.0,30.0,0.45,0.2,0.1,0.002,8.0,0.0038868270409528893,0.028213481587921807,0.0228725799499263,0.020643546581028183,0.07561643515982919
72,500,0.3577050548374144,0.5,-0.1318120421082046,0.0,0.125,0.0,square_moore__markov__plastic__intr0__struct1__alpha_async__lesion__s2__ae563fbaf4,0.0282520236590458,0.0167447814602316,0.25,False,0.4958399886777179,0.003,0.016,markov,0.68,square_moore,50,100,0.9,0.4088013536222687,0.3,0,0.42,0.08,280,0.3385430123993093,0.2,20,1.5194146995082238,2.584689843287295e-18,0.2,plastic,secondary,0.0016435909174318,False,alpha_async,50,250,390,2,-1,1.0,0.6,0.6,100,0.0193432780140865,24283,1,35,0.75,2,24283,0.55,0.0,0.75,35.0,lesion,30.0,0.45,0.2,0.1,0.002,8.0,72,500,0.3897761960258653,-0.3326232718640784,0.0,0.125,0.2755433324016145,square_moore__ql__plastic__intr0__struct1__alpha_async__lesion__s2__951f7113da,-0.0043167402506627,0.00023316967016,0.25,0.5625329371110749,0.003,ql,50,100,0.9,0.4640933171768829,0.3,0.42,0.08,280,0.3883563655717528,20,1.4987375088923818,2.4480262660002946e-18,0.2,secondary,-0.0078864912737118,False,50,250,390,-1,1.0,100,0.0254742014416222,29136,35,0.75,2,29136,0.55,0.0,0.75,35.0,30.0,0.45,0.2,0.1,0.002,8.0,0.03207114118845089,0.06669294843335699,0.0095300821911436,0.020677190615842056,0.12897136242879353
72,500,0.3953371406646955,0.5,-0.3715891048944879,0.0949186946545292,0.125,0.0,square_moore__markov__plastic__intr1__struct0__alpha_async__lesion__s1__c6f1d8bda8,0.0163538066375696,0.0079498366791758,0.25,False,0.5435209030406629,0.003,0.016,markov,0.68,square_moore,50,100,0.9,0.4815837084691708,0.3,1,0.42,0.08,280,0.3878713949526362,0.2,20,1.54603326062042,2.142248628058444e-18,0.2,plastic,secondary,0.0127933953672907,False,alpha_async,50,250,390,1,-1,1.0,0.6,0.6,100,0.0418130174995921,0,0,35,0.9984809027777778,2,0,0.55,0.0,0.75,35.0,lesion,30.0,0.45,0.2,0.1,0.002,8.0,72,500,0.3919801089347043,-0.3627007603128402,0.0620529135998612,0.125,0.2727860943465643,square_moore__ql__plastic__intr1__struct0__alpha_async__lesion__s1__adf8c63116,0.0126401742970142,0.0072215417678079,0.25,0.5821870298817527,0.003,ql,50,100,0.9,0.460835044609153,0.3,0.42,0.08,280,0.3907814813066234,20,1.516605124806452,2.9487251756942627e-18,0.2,secondary,0.0190867721761909,False,50,250,390,-1,1.0,100,0.0294584020183821,0,35,0.9986255787037036,2,0,0.55,0.0,0.75,35.0,30.0,0.45,0.2,0.1,0.002,8.0,0.003357031729991189,0.03866612684108983,0.0062933768089002,0.02942813581396786,0.07774467119394908
72,500,0.3768687744508564,0.5,-0.3119957406519489,0.1245905284582559,0.125,0.0,square_moore__markov__plastic__intr1__struct1__alpha_async__lesion__s2__71a40280e2,-0.01077563865919,-0.0056204244447369,0.25,False,0.5237191468826892,0.003,0.016,markov,0.68,square_moore,50,100,0.9,0.4641945711236727,0.3,1,0.42,0.08,280,0.3597516410281924,0.2,20,1.5152773142749665,2.4338453646924816e-18,0.2,plastic,secondary,-0.0161399762027568,False,alpha_async,50,250,390,2,-1,1.0,0.6,0.6,100,0.0544187623210799,25804,1,35,0.75,2,25804,0.55,0.0,0.75,35.0,lesion,30.0,0.45,0.2,0.1,0.002,8.0,72,500,0.3700413417170533,-0.3490802738841634,0.0744334602152663,0.125,0.2808107440168143,square_moore__ql__plastic__intr1__struct1__alpha_async__lesion__s2__a57a385fa4,0.0039297777747146,-0.0058911624944139,0.25,0.5452573083390853,0.003,ql,50,100,0.9,0.4668246533924652,0.3,0.42,0.08,280,0.3702781572495908,20,1.5363081125496627,2.671958874641681e-18,0.2,secondary,0.0080642626809379,False,50,250,390,-1,1.0,100,0.0257892258164856,28242,35,0.75,2,28242,0.55,0.0,0.75,35.0,30.0,0.45,0.2,0.1,0.002,8.0,0.0068274327338031515,0.021538161456396088,0.024204238883694704,0.021030798274696227,0.07360063134859017
72,500,0.4089931660156647,0.5,-0.363620283072281,0.0,0.125,0.0,square_moore__markov__plastic__intr0__struct0__alpha_async__repeated_lesion__s2__c4685c1c89,0.0056923639154123,0.0053041181446621,0.25,False,0.5479782691433089,0.003,0.016,markov,0.68,square_moore,50,100,0.9,0.4852572932329962,0.3,0,0.42,0.08,280,0.3991992642445206,0.2,20,1.5242667960637029,3.1177954433332153e-18,0.2,plastic,secondary,0.0131128790116274,False,alpha_async,50,250,390,2,-1,1.0,0.6,0.6,100,0.0350139868191926,0,0,35,0.9989390432098766,2,0,0.55,0.0,0.75,35.0,repeated_lesion,30.0,0.45,0.2,0.1,0.002,8.0,72,500,0.4094090834080347,-0.3631221237796722,0.0,0.125,0.2708447390222934,square_moore__ql__plastic__intr0__struct0__alpha_async__repeated_lesion__s2__2e60118d65,0.0101370383425561,0.0090779065789982,0.25,0.5727963614849287,0.003,ql,50,100,0.9,0.4764474904970569,0.3,0.42,0.08,280,0.4067741921258728,20,1.4945058009680237,2.387235870115852e-18,0.2,secondary,0.0100293813665207,False,50,250,390,-1,1.0,100,0.0240207121435868,0,35,0.9985773533950616,2,0,0.55,0.0,0.75,35.0,30.0,0.45,0.2,0.1,0.002,8.0,0.00041591739237001324,0.024818092341619802,0.0030834976451067,0.0297609950956792,0.058078502474775716
72,500,0.36428366729392,0.5,-0.1585156334321057,0.0,0.125,0.0,square_moore__markov__plastic__intr0__struct1__alpha_async__repeated_lesion__s3__2419339512,0.0225441243770453,0.0208847336276459,0.25,False,0.5112700550025293,0.003,0.016,markov,0.68,square_moore,50,100,0.9,0.4147547033033639,0.3,0,0.42,0.08,280,0.3444310095802825,0.2,20,1.5058659304289015,2.327647481566236e-18,0.2,plastic,secondary,-0.0026126151080046,False,alpha_async,50,250,390,3,-1,1.0,0.6,0.6,100,0.0170074257640438,24809,1,35,0.75,2,24809,0.55,0.0,0.75,35.0,repeated_lesion,30.0,0.45,0.2,0.1,0.002,8.0,72,500,0.3966786782321968,-0.3190765323550823,0.0,0.125,0.2668344870472139,square_moore__ql__plastic__intr0__struct1__alpha_async__repeated_lesion__s3__dbd06e053e,0.0048243868370156,-0.0056158200261527,0.25,0.5754577410215832,0.003,ql,50,100,0.9,0.4569383783442077,0.3,0.42,0.08,280,0.3934027833452511,20,1.4629956597902392,2.6645798400273386e-18,0.2,secondary,-0.0005720787821977,False,50,250,390,-1,1.0,100,0.0229245941681274,29645,35,0.75,2,29645,0.55,0.0,0.75,35.0,30.0,0.45,0.2,0.1,0.002,8.0,0.03239501093827685,0.06418768601905389,0.0020405363258069,0.04287027063866233,0.1414935039218
72,500,0.3934046192979729,0.5,-0.3737535675654344,0.0951842423325663,0.125,0.0,square_moore__markov__plastic__intr1__struct0__alpha_async__repeated_lesion__s3__316c4d3fee,0.0089149330078296,0.0090541700340195,0.25,False,0.5449184854770748,0.003,0.016,markov,0.68,square_moore,50,100,0.9,0.4811171606319321,0.3,1,0.42,0.08,280,0.386394969565432,0.2,20,1.552464378668865,2.750885404935555e-18,0.2,plastic,secondary,0.002821097345832,False,alpha_async,50,250,390,3,-1,1.0,0.6,0.6,100,0.0338491084676073,0,0,35,0.9983603395061728,2,0,0.55,0.0,0.75,35.0,repeated_lesion,30.0,0.45,0.2,0.1,0.002,8.0,72,500,0.3919988808113996,-0.3572287503782638,0.0625277218455925,0.125,0.2771775874529701,square_moore__ql__plastic__intr1__struct0__alpha_async__repeated_lesion__s3__b9255cd7bc,0.0046263930733819,-0.0031787222630748,0.25,0.5823099150374491,0.003,ql,50,100,0.9,0.4595133618298738,0.3,0.42,0.08,280,0.3915760368445736,20,1.5174268634449215,3.1782816598116007e-18,0.2,secondary,0.0183258769901774,False,50,250,390,-1,1.0,100,0.0357171560964552,0,35,0.9985050154320988,2,0,0.55,0.0,0.75,35.0,30.0,0.45,0.2,0.1,0.002,8.0,0.0014057384865732714,0.037391429560374334,0.0155047796443454,0.035037515223943494,0.0893394629152365
72,500,0.3777542657785248,0.5,-0.3415335607737483,0.1212029080763429,0.125,0.0,square_moore__markov__plastic__intr1__struct1__alpha_async__repeated_lesion__s1__092569b22e,9.790987469392824e-05,0.0074765735283203,0.25,False,0.5141830620228159,0.003,0.016,markov,0.68,square_moore,50,100,0.9,0.4772022003018071,0.3,1,0.42,0.08,280,0.3617892174962536,0.2,20,1.5373904937347331,2.5086379225740693e-18,0.2,plastic,secondary,0.0056680187247627,False,alpha_async,50,250,390,1,-1,1.0,0.6,0.6,100,0.0369245162078442,26034,1,35,0.75,2,26034,0.55,0.0,0.75,35.0,repeated_lesion,30.0,0.45,0.2,0.1,0.002,8.0,72,500,0.3680005229088608,-0.354116529286041,0.0752368291677867,0.125,0.280660518239523,square_moore__ql__plastic__intr1__struct1__alpha_async__repeated_lesion__s1__9682b05a6a,0.0046874670183635,-0.0010807677411787,0.25,0.54484210599428,0.003,ql,50,100,0.9,0.4670629692736077,0.3,0.42,0.08,280,0.3682421428250287,20,1.5424455780558537,3.0248889210677826e-18,0.2,secondary,-0.0176249303970215,False,50,250,390,-1,1.0,100,0.0399878489395784,27672,35,0.75,2,27672,0.55,0.0,0.75,35.0,30.0,0.45,0.2,0.1,0.002,8.0,0.009753742869663962,0.030659043971464017,0.0232929491217842,0.005055084321120562,0.06876082028403274
72,500,0.4113747275395484,0.5,-0.365051922431206,0.0,0.125,0.0,square_moore__markov__plastic__intr0__struct0__block_async__lesion__s2__01cba2032c,0.0033267885504068,-0.0024216670061706,0.25,False,0.5460098155782711,0.003,0.016,markov,0.68,square_moore,50,100,0.9,0.4901926646555708,0.3,0,0.42,0.08,280,0.4135388852026034,0.2,20,1.5084640588217026,2.8714239850857397e-18,0.2,plastic,secondary,0.0105061691606672,False,block_async,50,250,390,2,-1,1.0,0.6,0.6,100,0.0320362137489789,0,0,35,0.9989872685185184,2,0,0.55,0.0,0.75,35.0,lesion,30.0,0.45,0.2,0.1,0.002,8.0,72,500,0.4074159669899628,-0.3481336306041699,0.0,0.125,0.272004860865491,square_moore__ql__plastic__intr0__struct0__block_async__lesion__s2__a9f8ac1f8c,0.0052714285771927,-0.0012568821022996,0.25,0.5853481286116147,0.003,ql,50,100,0.9,0.4677504596351438,0.3,0.42,0.08,280,0.4091436095898031,20,1.4669594449576262,3.0523573005720543e-18,0.2,secondary,-0.0035378127835477,False,50,250,390,-1,1.0,100,0.0260510170548722,0,35,0.9988184799382716,2,0,0.55,0.0,0.75,35.0,30.0,0.45,0.2,0.1,0.002,8.0,0.003958760549585605,0.039338313033343564,0.0140439819442149,0.041504613864076445,0.09884566939122051
72,500,0.4045903995115695,0.5,-0.3226430439752478,0.0,0.125,0.0,square_moore__markov__plastic__intr0__struct1__block_async__lesion__s2__6189fd5210,0.0039539331917489,0.0057338497012392,0.25,False,0.538024766374059,0.003,0.016,markov,0.68,square_moore,50,100,0.9,0.47666999444913,0.3,0,0.42,0.08,280,0.407149865323808,0.2,20,1.4745021144782686,3.6108770964076775e-18,0.2,plastic,secondary,-0.010363010788861,False,block_async,50,250,390,2,-1,1.0,0.6,0.6,100,0.0304043546411804,31161,1,35,0.75,2,31161,0.55,0.0,0.75,35.0,lesion,30.0,0.45,0.2,0.1,0.002,8.0,72,500,0.3949121263895602,-0.3345822860613982,0.0,0.125,0.2846110955674414,square_moore__ql__plastic__intr0__struct1__block_async__lesion__s2__0640a91544,-0.0089041463032359,0.0096902622761249,0.25,0.5551035811172025,0.003,ql,50,100,0.9,0.4724143079279085,0.3,0.42,0.08,280,0.3978385310959914,20,1.5121302892468402,3.1612768072336826e-18,0.2,secondary,-0.0069416986642892,False,50,250,390,-1,1.0,100,0.0327226780691827,30969,35,0.75,2,30969,0.55,0.0,0.75,35.0,30.0,0.45,0.2,0.1,0.002,8.0,0.009678273122009307,0.017078814743143433,0.0034213121245718,0.03762817476857161,0.06780657475829616
72,500,0.3796543412418506,0.5,-0.3692760102779332,0.0892701959512977,0.125,0.0,square_moore__markov__plastic__intr1__struct0__block_async__lesion__s2__59e904781e,0.0164404665876994,0.0056325492525113,0.25,False,0.5841567730488915,0.003,0.016,markov,0.68,square_moore,50,100,0.9,0.4530183690491943,0.3,1,0.42,0.08,280,0.379932599931346,0.2,20,1.5215786048145563,2.799099508786376e-18,0.2,plastic,secondary,0.0190624620835658,False,block_async,50,250,390,2,-1,1.0,0.6,0.6,100,0.0589514080248873,0,0,35,0.997709297839506,2,0,0.55,0.0,0.75,35.0,lesion,30.0,0.45,0.2,0.1,0.002,8.0,72,500,0.3791094276848604,-0.3616462006631213,0.0645129842941434,0.125,0.2744296990648798,square_moore__ql__plastic__intr1__struct0__block_async__lesion__s2__f548a6e383,0.00747090716832,0.0111878523586389,0.25,0.5994201502380554,0.003,ql,50,100,0.9,0.4437296536729755,0.3,0.42,0.08,280,0.3781695938879512,20,1.5047543780539638,2.8174961923818962e-18,0.2,secondary,0.0064177869002798,False,50,250,390,-1,1.0,100,0.0411616197235067,0,35,0.997902199074074,2,0,0.55,0.0,0.75,35.0,30.0,0.45,0.2,0.1,0.002,8.0,0.0005449135569902119,0.01526337718916393,0.012644675183285999,0.016824226760592476,0.045277192690032615
72,500,0.3590995520873161,0.5,-0.3704702021293687,0.1154918687493727,0.125,0.0,square_moore__markov__plastic__intr1__struct1__block_async__lesion__s3__cb77860ff3,-0.009061865017149,-0.0056187802377885,0.25,False,0.4955145238998577,0.003,0.016,markov,0.68,square_moore,50,100,0.9,0.4837711276111397,0.3,1,0.42,0.08,280,0.3573691229868026,0.2,20,1.5531770650830994,3.980413884936776e-18,0.2,plastic,secondary,-0.0092238988076812,False,block_async,50,250,390,3,-1,1.0,0.6,0.6,100,0.085141080445968,28782,1,35,0.75,2,28782,0.55,0.0,0.75,35.0,lesion,30.0,0.45,0.2,0.1,0.002,8.0,72,500,0.3501382792702522,-0.3647378308601893,0.0682385726599853,0.125,0.2723494791117075,square_moore__ql__plastic__intr1__struct1__block_async__lesion__s3__e562d4563b,0.0142152644786804,0.0063220137916432,0.25,0.5422443652755022,0.003,ql,50,100,0.9,0.4592374055277455,0.3,0.42,0.08,280,0.3489815940997328,20,1.5101992466615362,2.5522298285259793e-18,0.2,secondary,0.0201075349746782,False,50,250,390,-1,1.0,100,0.0278881632728735,27073,35,0.75,2,27073,0.55,0.0,0.75,35.0,30.0,0.45,0.2,0.1,0.002,8.0,0.008961272817063881,0.046729841375644565,0.029331433782359397,0.04297781842156323,0.12800036639663107
72,500,0.4102251884625466,0.5,-0.3674324723209955,0.0,0.125,0.0,square_moore__markov__plastic__intr0__struct0__block_async__repeated_lesion__s2__761a9d3d75,-0.0035556292697806,-0.0052401238121054,0.25,False,0.5436677647160556,0.003,0.016,markov,0.68,square_moore,50,100,0.9,0.4913457084949107,0.3,0,0.42,0.08,280,0.4127723761577895,0.2,20,1.5182272843122366,3.195412247014168e-18,0.2,plastic,secondary,0.0018121514897287,False,block_async,50,250,390,2,-1,1.0,0.6,0.6,100,0.0395597777357161,0,0,35,0.9990113811728396,2,0,0.55,0.0,0.75,35.0,repeated_lesion,30.0,0.45,0.2,0.1,0.002,8.0,72,500,0.4069825701085028,-0.3440552972738336,0.0,0.125,0.2727507803807592,square_moore__ql__plastic__intr0__struct0__block_async__repeated_lesion__s2__185d4a7041,0.0100399989778484,0.0011318714865423,0.25,0.5836290016111411,0.003,ql,50,100,0.9,0.4679688726340559,0.3,0.42,0.08,280,0.409754889360812,20,1.4644963275052894,2.2538794030073184e-18,0.2,secondary,0.0080029668685888,False,50,250,390,-1,1.0,100,0.0211539904650652,0,35,0.9987702546296297,2,0,0.55,0.0,0.75,35.0,30.0,0.45,0.2,0.1,0.002,8.0,0.003242618354043769,0.03996123689508546,0.0061908153788601,0.05373095680694728,0.10312562743493661
72,500,0.402986635093519,0.5,-0.3262340506605269,0.0,0.125,0.0,square_moore__markov__plastic__intr0__struct1__block_async__repeated_lesion__s2__15a89e932a,0.0007409277032645,0.0038456020242152,0.25,False,0.5339746325311665,0.003,0.016,markov,0.68,square_moore,50,100,0.9,0.4785282861447091,0.3,0,0.42,0.08,280,0.4054567018227204,0.2,20,1.4807027373798751,2.1269625642681672e-18,0.2,plastic,secondary,-0.0003932536193766,False,block_async,50,250,390,2,-1,1.0,0.6,0.6,100,0.0145631700733242,31162,1,35,0.75,2,31162,0.55,0.0,0.75,35.0,repeated_lesion,30.0,0.45,0.2,0.1,0.002,8.0,72,500,0.3916357843650927,-0.3405531621097956,0.0,0.125,0.2894655005615782,square_moore__ql__plastic__intr0__struct1__block_async__repeated_lesion__s2__d71a19d65d,-0.0043694347533304,0.0023933559775965,0.25,0.5517083382707774,0.003,ql,50,100,0.9,0.4743724298180385,0.3,0.42,0.08,280,0.3940933011537623,20,1.5250720157018522,2.317750405577448e-18,0.2,secondary,0.0089382356232638,False,50,250,390,-1,1.0,100,0.0410931186439768,30913,35,0.75,2,30913,0.55,0.0,0.75,35.0,30.0,0.45,0.2,0.1,0.002,8.0,0.011350850728426287,0.01773370573961086,0.0093314892426404,0.044369278321977124,0.08278532403265468
72,500,0.3801176905404706,0.5,-0.3681962681689084,0.089455141378816,0.125,0.0,square_moore__markov__plastic__intr1__struct0__block_async__repeated_lesion__s2__6fee702fc4,0.0135000793279767,0.0062991246431146,0.25,False,0.5812222414562311,0.003,0.016,markov,0.68,square_moore,50,100,0.9,0.4537552090802938,0.3,1,0.42,0.08,280,0.3790061226542659,0.2,20,1.5227893540458082,3.299901965297403e-18,0.2,plastic,secondary,0.0187088845977825,False,block_async,50,250,390,2,-1,1.0,0.6,0.6,100,0.0502643073378204,0,0,35,0.9975405092592592,2,0,0.55,0.0,0.75,35.0,repeated_lesion,30.0,0.45,0.2,0.1,0.002,8.0,72,500,0.379185249091239,-0.3591165482616348,0.06447960859006,0.125,0.2745719700612632,square_moore__ql__plastic__intr1__struct0__block_async__repeated_lesion__s2__6a65502cce,0.0022581436928854,0.0015434791325054,0.25,0.6001300164602299,0.003,ql,50,100,0.9,0.4424989713818659,0.3,0.42,0.08,280,0.3771804330109738,20,1.5031732947613612,3.2280924844228583e-18,0.2,secondary,-0.0034807073114617,False,50,250,390,-1,1.0,100,0.0410173763073476,0,35,0.9977334104938272,2,0,0.55,0.0,0.75,35.0,30.0,0.45,0.2,0.1,0.002,8.0,0.0009324414492316024,0.01890777500399876,0.0221895919092442,0.019616059284446985,0.06164586764692155
72,500,0.3565959589246718,0.5,-0.3695195934449803,0.1154856415654911,0.125,0.0,square_moore__markov__plastic__intr1__struct1__block_async__repeated_lesion__s3__36ff7a413d,-0.003505474505638,0.0014046271438578,0.25,False,0.4939728475413857,0.003,0.016,markov,0.68,square_moore,50,100,0.9,0.4818066478325599,0.3,1,0.42,0.08,280,0.3562487136663621,0.2,20,1.5471994779783032,3.1796706674652696e-18,0.2,plastic,secondary,-0.0082189099346701,False,block_async,50,250,390,3,-1,1.0,0.6,0.6,100,0.0683808301282524,28802,1,35,0.75,2,28802,0.55,0.0,0.75,35.0,repeated_lesion,30.0,0.45,0.2,0.1,0.002,8.0,72,500,0.3500357700499717,-0.3677662329573801,0.0681807648882326,0.125,0.2731872944533784,square_moore__ql__plastic__intr1__struct1__block_async__repeated_lesion__s3__78be8a88a8,0.0162176943694298,0.0067283968417211,0.25,0.5359470802895494,0.003,ql,50,100,0.9,0.4634351788711142,0.3,0.42,0.08,280,0.3487291283968329,20,1.5198454413321827,3.709437554212849e-18,0.2,secondary,0.0139910931432501,False,50,250,390,-1,1.0,100,0.0281315330529712,27150,35,0.75,2,27150,0.55,0.0,0.75,35.0,30.0,0.45,0.2,0.1,0.002,8.0,0.006560188874700057,0.0419742327481637,0.0222100030779202,0.02735403664612046,0.09809846134690442
72,500,0.4125276553248337,0.5,0.3423780085018599,0.0,0.125,0.0,square_moore__markov__plastic__intr0__struct0__synchronous__lesion__s1__76b4da193c,-0.0038616966190235,-0.0191513609250208,0.25,False,0.8486049419116686,0.003,0.016,markov,0.68,square_moore,50,100,0.9,0.1764097232506572,0.3,0,0.42,0.08,280,0.4157849337774084,0.2,20,1.2484325372523082,2.8211252185760667e-18,0.2,plastic,secondary,0.0304217287097252,False,synchronous,50,250,390,1,-1,1.0,0.6,0.6,100,0.0043171759398689,0,0,35,1.0,2,0,0.55,0.0,0.75,35.0,lesion,30.0,0.45,0.2,0.1,0.002,8.0,72,500,0.4110246644540342,0.3478245741063771,0.0,0.125,0.2103903511983589,square_moore__ql__plastic__intr0__struct0__synchronous__lesion__s1__1e428371ee,-0.0014719815430115,0.0003979833032848,0.25,0.8415347400772564,0.003,ql,50,100,0.9,0.1798038597740902,0.3,0.42,0.08,280,0.4118392558846675,20,1.24077788710256,3.067544896685561e-18,0.2,secondary,-0.0415255570725573,False,50,250,390,-1,1.0,100,0.0045154816674246,0,35,1.0,2,0,0.55,0.0,0.75,35.0,30.0,0.45,0.2,0.1,0.002,8.0,0.0015029908707995254,0.007070201834412204,0.0719472857822825,0.007654650149748088,0.08817512863724232
72,500,0.4241205505260335,0.5,0.1277020859920975,0.0,0.125,0.0,square_moore__markov__plastic__intr0__struct1__synchronous__lesion__s3__a9ff447e2c,-0.0042851909555236,0.0017264036303596,0.25,False,0.8196829683733,0.003,0.016,markov,0.68,square_moore,50,100,0.9,0.2284391034684456,0.3,0,0.42,0.08,280,0.4224867581876828,0.2,20,1.1962412943013074,2.3144047303307122e-18,0.2,plastic,secondary,-0.0360522527166227,False,synchronous,50,250,390,3,-1,1.0,0.6,0.6,100,0.0035450887108673,32024,1,35,0.75,2,32024,0.55,0.0,0.75,35.0,lesion,30.0,0.45,0.2,0.1,0.002,8.0,72,500,0.4203298213290258,0.1513127963597723,0.0,0.125,0.2014257487533569,square_moore__ql__plastic__intr0__struct1__synchronous__lesion__s3__ef6e35829e,0.010035681293572,0.0272965240076171,0.25,0.822010555620713,0.003,ql,50,100,0.9,0.2246463828511594,0.3,0.42,0.08,280,0.4190468441322068,20,1.1892670745338385,3.0002759873709527e-18,0.2,secondary,0.0329816696788378,False,50,250,390,-1,1.0,100,0.0034882390789222,35184,35,0.75,2,35184,0.55,0.0,0.75,35.0,30.0,0.45,0.2,0.1,0.002,8.0,0.0037907291970076806,0.002327587247412999,0.0690339223954605,0.0069742197674689255,0.0821264586073501
72,500,0.411702637597052,0.5,0.2911669856089826,0.1340383882336563,0.125,0.0,square_moore__markov__plastic__intr1__struct0__synchronous__lesion__s1__b9f9664c8e,-0.0022252561052104,-0.0226007696937819,0.25,False,0.8507379211432303,0.003,0.016,markov,0.68,square_moore,50,100,0.9,0.1780266563225064,0.3,1,0.42,0.08,280,0.4082465797441965,0.2,20,1.2315333825970165,2.963859822024945e-18,0.2,plastic,secondary,0.0238359388900187,False,synchronous,50,250,390,1,-1,1.0,0.6,0.6,100,0.0044715702735641,0,0,35,1.0,2,0,0.55,0.0,0.75,35.0,lesion,30.0,0.45,0.2,0.1,0.002,8.0,72,500,0.4057789775836011,0.2303742557853598,0.0990610734181877,0.125,0.2315247808224968,square_moore__ql__plastic__intr1__struct0__synchronous__lesion__s1__c8a00a4408,0.0006861042036776,-0.0126748777098834,0.25,0.8249207849705165,0.003,ql,50,100,0.9,0.196093403462169,0.3,0.42,0.08,280,0.4058641072215364,20,1.2681987782820416,2.955753517083748e-18,0.2,secondary,-0.0255476796154133,False,50,250,390,-1,1.0,100,0.0080888540644533,0,35,1.0,2,0,0.55,0.0,0.75,35.0,30.0,0.45,0.2,0.1,0.002,8.0,0.005923660013450904,0.02581713617271386,0.049383618505432,0.03666539568502514,0.1177898103766219
72,500,0.4049989594069732,0.5,0.0982223664588398,0.150522671460855,0.125,0.0,square_moore__markov__plastic__intr1__struct1__synchronous__lesion__s1__ac05ad400f,0.0203421081080176,0.0333721365608685,0.25,False,0.8052271803545882,0.003,0.016,markov,0.68,square_moore,50,100,0.9,0.2303474905965106,0.3,1,0.42,0.08,280,0.4083955751015598,0.2,20,1.2160558027989086,2.319997814164523e-18,0.2,plastic,secondary,0.0595373880521597,False,synchronous,50,250,390,1,-1,1.0,0.6,0.6,100,0.0034701983795554,32358,1,35,0.75,2,32358,0.55,0.0,0.75,35.0,lesion,30.0,0.45,0.2,0.1,0.002,8.0,72,500,0.4049041880240583,0.0375513445482644,0.0937829955466689,0.125,0.2236563704731246,square_moore__ql__plastic__intr1__struct1__synchronous__lesion__s1__e7a2fe4eec,0.0002519830193872,0.0067031769268524,0.25,0.7871551158447008,0.003,ql,50,100,0.9,0.2502265435813825,0.3,0.42,0.08,280,0.4069267185137303,20,1.237705220433834,3.2163839152468453e-18,0.2,secondary,0.018520311751063,False,50,250,390,-1,1.0,100,0.0062004913028606,34298,35,0.75,2,34298,0.55,0.0,0.75,35.0,30.0,0.45,0.2,0.1,0.002,8.0,9.477138291491549e-05,0.01807206450988741,0.041017076301096696,0.02164941763492534,0.08083332982882435
72,500,0.417973944739696,0.5,0.3433706736904646,0.0,0.125,0.0,square_moore__markov__plastic__intr0__struct0__synchronous__repeated_lesion__s2__f61a877716,0.0155409623477262,0.0047298229903046,0.25,False,0.8526958887789877,0.003,0.016,markov,0.68,square_moore,50,100,0.9,0.1762318578918049,0.3,0,0.42,0.08,280,0.4168783277369294,0.2,20,1.246601799546977,2.5816913643215186e-18,0.2,plastic,secondary,0.0209407704340282,False,synchronous,50,250,390,2,-1,1.0,0.6,0.6,100,0.0054759312266467,0,0,35,1.0,2,0,0.55,0.0,0.75,35.0,repeated_lesion,30.0,0.45,0.2,0.1,0.002,8.0,72,500,0.4115802437562449,0.3373637435441122,0.0,0.125,0.2140080825028303,square_moore__ql__plastic__intr0__struct0__synchronous__repeated_lesion__s2__c0ec61dce7,0.0026747685342572,-0.0127262149372943,0.25,0.8389064955564068,0.003,ql,50,100,0.9,0.1819467544380789,0.3,0.42,0.08,280,0.4109045607029822,20,1.255118583597129,2.387715243861142e-18,0.2,secondary,-0.0119635459038255,False,50,250,390,-1,1.0,100,0.0049923889811898,0,35,1.0,2,0,0.55,0.0,0.75,35.0,30.0,0.45,0.2,0.1,0.002,8.0,0.0063937009834511005,0.013789393222580881,0.0329043163378537,0.008516784050152104,0.061604194594037785
72,500,0.4211175495223939,0.5,0.1408261208254514,0.0,0.125,0.0,square_moore__markov__plastic__intr0__struct1__synchronous__repeated_lesion__s2__55fd897222,-0.0096957146559259,-0.0132519300588362,0.25,False,0.824940896942222,0.003,0.016,markov,0.68,square_moore,50,100,0.9,0.2233815878286194,0.3,0,0.42,0.08,280,0.4218113175518311,0.2,20,1.177396196244958,2.6357743261758e-18,0.2,plastic,secondary,-0.01720998976137,False,synchronous,50,250,390,2,-1,1.0,0.6,0.6,100,0.0035833735610372,31512,1,35,0.75,2,31512,0.55,0.0,0.75,35.0,repeated_lesion,30.0,0.45,0.2,0.1,0.002,8.0,72,500,0.4157272387232382,0.1253346326703086,0.0,0.125,0.2076102778867842,square_moore__ql__plastic__intr0__struct1__synchronous__repeated_lesion__s2__f0849d68dc,0.0001283550399677,-2.3321919491793228e-05,0.25,0.8158962894570069,0.003,ql,50,100,0.9,0.2293248376832434,0.3,0.42,0.08,280,0.4174518634538143,20,1.170837385205866,2.8855321643075593e-18,0.2,secondary,0.0149600880094574,False,50,250,390,-1,1.0,100,0.0035269577283031,34929,35,0.75,2,34929,0.55,0.0,0.75,35.0,30.0,0.45,0.2,0.1,0.002,8.0,0.005390310799155695,0.009044607485215073,0.0321700777708274,0.00655881103909195,0.05316380709429012
72,500,0.4100141451756977,0.5,0.2443800949193369,0.1345093984854342,0.125,0.0,square_moore__markov__plastic__intr1__struct0__synchronous__repeated_lesion__s3__b12fe72131,0.008117617945075,0.003762759510422,0.25,False,0.8381544833115135,0.003,0.016,markov,0.68,square_moore,50,100,0.9,0.1857543054441233,0.3,1,0.42,0.08,280,0.4083923982856072,0.2,20,1.2811420194147825,3.706221309650001e-18,0.2,plastic,secondary,0.038670369388714,False,synchronous,50,250,390,3,-1,1.0,0.6,0.6,100,0.0057335929832413,0,0,35,1.0,2,0,0.55,0.0,0.75,35.0,repeated_lesion,30.0,0.45,0.2,0.1,0.002,8.0,72,500,0.4051750064830441,0.3323108656108378,0.1009256481305164,0.125,0.2346639752956056,square_moore__ql__plastic__intr1__struct0__synchronous__repeated_lesion__s3__9ce2c58807,0.007589462842091,0.0009922107075793,0.25,0.8425879526948904,0.003,ql,50,100,0.9,0.1787854424115025,0.3,0.42,0.08,280,0.4039500756207921,20,1.2419256118265556,2.8914678155978826e-18,0.2,secondary,0.0011921103905084,False,50,250,390,-1,1.0,100,0.0049894904735005,0,35,1.0,2,0,0.55,0.0,0.75,35.0,30.0,0.45,0.2,0.1,0.002,8.0,0.004839138692653566,0.0044334693833768535,0.0374782589982056,0.039216407588226865,0.08596727466246289
72,500,0.4078755277647426,0.5,0.0902603924163749,0.1505147512179536,0.125,0.0,square_moore__markov__plastic__intr1__struct1__synchronous__repeated_lesion__s1__868a22c311,0.0170808472913621,0.0136927365744149,0.25,False,0.802775678991218,0.003,0.016,markov,0.68,square_moore,50,100,0.9,0.2342441842456507,0.3,1,0.42,0.08,280,0.4094814812685812,0.2,20,1.2235067253625187,2.655681650746281e-18,0.2,plastic,secondary,-0.0540365056988215,False,synchronous,50,250,390,1,-1,1.0,0.6,0.6,100,0.0042672643188627,32365,1,35,0.75,2,32365,0.55,0.0,0.75,35.0,repeated_lesion,30.0,0.45,0.2,0.1,0.002,8.0,72,500,0.4062751656258895,0.0331353695652361,0.093707067111954,0.125,0.225961502997529,square_moore__ql__plastic__intr1__struct1__synchronous__repeated_lesion__s1__d9feb77f28,0.0206122439515228,-0.001576149550618,0.25,0.7860293554274381,0.003,ql,50,100,0.9,0.2527997645717513,0.3,0.42,0.08,280,0.407029852882458,20,1.247197672782519,2.449221350580225e-18,0.2,secondary,0.055487147719006,False,50,250,390,-1,1.0,100,0.0102328880471362,34311,35,0.75,2,34311,0.55,0.0,0.75,35.0,30.0,0.45,0.2,0.1,0.002,8.0,0.0016003621388531175,0.01674632356377992,0.1095236534178275,0.02369094742000022,0.15156128654046075
72,500,0.1357298553742686,0.5,0.4978508621122926,0.0,0.125,0.0,square_vn__markov__plastic__intr0__struct0__alpha_async__lesion__s1__78efe36dec,0.2611743673843997,0.2466743727852003,0.25,False,0.2445713911436661,0.003,0.016,markov,0.68,square_vn,50,100,0.9,0.1206073861175203,0.3,0,0.42,0.08,280,0.1308330466346469,0.2,20,1.1021390982664152,3.576922365737756e-18,0.2,plastic,secondary,0.2238230592806598,False,alpha_async,50,250,390,1,-1,1.0,0.6,0.6,100,0.0913492182827534,0,0,35,1.0,2,0,0.55,0.0,0.75,35.0,lesion,30.0,0.45,0.2,0.1,0.002,8.0,72,500,0.4009747342360435,-0.2163414131266839,0.0,0.125,0.2622897926481767,square_vn__ql__plastic__intr0__struct0__alpha_async__lesion__s1__ec9b51d8bf,-0.0049711276035679,0.0030538150228859,0.25,0.7308627291782624,0.003,ql,50,100,0.9,0.3452654689154323,0.3,0.42,0.08,280,0.3908793986017352,20,1.4465456220456347,1.7930018089829623e-18,0.2,secondary,-0.0049386041422435,False,50,250,390,-1,1.0,100,0.0029248021403293,0,35,1.0,2,0,0.55,0.0,0.75,35.0,30.0,0.45,0.2,0.1,0.002,8.0,0.26524487886177495,0.48629133803459634,0.2287616634229033,0.34440652377921954,1.324704404098494
72,500,0.1559806339304391,0.5,0.4813115611304136,0.0,0.125,0.0,square_vn__markov__plastic__intr0__struct1__alpha_async__lesion__s2__d7c4a490db,0.2198903561126385,0.2166200249475229,0.25,False,0.2871719070663983,0.003,0.016,markov,0.68,square_vn,50,100,0.9,0.1368908389067474,0.3,0,0.42,0.08,280,0.1486054480146711,0.2,20,1.1822008825083463,3.1084043221683296e-18,0.2,plastic,secondary,0.1830688038803108,False,alpha_async,50,250,390,2,-1,1.0,0.6,0.6,100,0.0897797761790734,12942,1,35,0.75,2,12942,0.55,0.0,0.75,35.0,lesion,30.0,0.45,0.2,0.1,0.002,8.0,72,500,0.3843460688779841,-0.121800304470881,0.0,0.125,0.2926089043368856,square_vn__ql__plastic__intr0__struct1__alpha_async__lesion__s2__3cc98df5f2,-0.0067766205819194,0.0011343116821804,0.25,0.7171250877136387,0.003,ql,50,100,0.9,0.3264683730201053,0.3,0.42,0.08,280,0.3748971041716074,20,1.3987871907250782,1.651982498823974e-18,0.2,secondary,-0.0049934666583872,False,50,250,390,-1,1.0,100,0.0020463303611269,22363,35,0.75,2,22363,0.55,0.0,0.75,35.0,30.0,0.45,0.2,0.1,0.002,8.0,0.22836543494754502,0.4299531806472404,0.188062270538698,0.21658630821673186,1.0629671943502152
72,500,0.2996656822620815,0.5,0.1411922192436729,0.1677680837148,0.125,0.0,square_vn__markov__plastic__intr1__struct0__alpha_async__lesion__s1__fe6491fc86,0.0894599224937658,0.0719738985375544,0.25,False,0.5460991565163652,0.003,0.016,markov,0.68,square_vn,50,100,0.9,0.2749217662281478,0.3,1,0.42,0.08,280,0.2798546536535454,0.2,20,1.5155303771245243,1.832469493001492e-18,0.2,plastic,secondary,0.0208860496204861,False,alpha_async,50,250,390,1,-1,1.0,0.6,0.6,100,0.032550421312776,0,0,35,1.0,2,0,0.55,0.0,0.75,35.0,lesion,30.0,0.45,0.2,0.1,0.002,8.0,72,500,0.3952042993284256,-0.2202169804406657,0.0817367401417951,0.125,0.2743455890810864,square_vn__ql__plastic__intr1__struct0__alpha_async__lesion__s1__8567648852,0.0068334062198155,0.0052183391512726,0.25,0.7264853362929562,0.003,ql,50,100,0.9,0.3455238373262098,0.3,0.42,0.08,280,0.3890902299991099,20,1.4443865252923058,1.7755926604767812e-18,0.2,secondary,0.0028540288049035,False,50,250,390,-1,1.0,100,0.0024586865390759,0,35,1.0,2,0,0.55,0.0,0.75,35.0,30.0,0.45,0.2,0.1,0.002,8.0,0.09553861706634409,0.180386179776591,0.0180320208155826,0.0711438518322185,0.36510066949073616
72,500,0.2565805466631347,0.5,0.2805328605329255,0.1818071698325707,0.125,0.0,square_vn__markov__plastic__intr1__struct1__alpha_async__lesion__s2__1c5947f67c,0.1186024119093887,0.1058180212710647,0.25,False,0.4763490166749918,0.003,0.016,markov,0.68,square_vn,50,100,0.9,0.2300017016964211,0.3,1,0.42,0.08,280,0.2398723988438516,0.2,20,1.439347531061232,2.565502427107728e-18,0.2,plastic,secondary,0.0657698144830655,False,alpha_async,50,250,390,2,-1,1.0,0.6,0.6,100,0.0598881686379911,15439,1,35,0.75,2,15439,0.55,0.0,0.75,35.0,lesion,30.0,0.45,0.2,0.1,0.002,8.0,72,500,0.3814488393781706,-0.1499308484516072,0.0898372693195061,0.125,0.2972137671794634,square_vn__ql__plastic__intr1__struct1__alpha_async__lesion__s2__2fefededd6,0.0018672776870315,0.002681667094679,0.25,0.7098365439457422,0.003,ql,50,100,0.9,0.3336535704080645,0.3,0.42,0.08,280,0.3773653024279076,20,1.3948262889658678,2.236273944442362e-18,0.2,secondary,-0.0007656487437165,False,50,250,390,-1,1.0,100,0.0023924435892208,23433,35,0.75,2,23433,0.55,0.0,0.75,35.0,30.0,0.45,0.2,0.1,0.002,8.0,0.12486829271503591,0.23348752727075045,0.066535463226782,0.04452124209536423,0.4694125253079326
72,500,0.1324346494057963,0.5,0.5006292379250776,0.0,0.125,0.0,square_vn__markov__plastic__intr0__struct0__alpha_async__repeated_lesion__s2__91c1a1b4ac,0.260159368536596,0.2524035391393984,0.25,False,0.2388185741979582,0.003,0.016,markov,0.68,square_vn,50,100,0.9,0.117536468347616,0.3,0,0.42,0.08,280,0.1267789703903428,0.2,20,1.0884764989477342,2.8961345343475273e-18,0.2,plastic,secondary,0.2518176579771808,False,alpha_async,50,250,390,2,-1,1.0,0.6,0.6,100,0.0890394730349433,0,0,35,1.0,2,0,0.55,0.0,0.75,35.0,repeated_lesion,30.0,0.45,0.2,0.1,0.002,8.0,72,500,0.3996975714451348,-0.209008533199111,0.0,0.125,0.2657556504839641,square_vn__ql__plastic__intr0__struct0__alpha_async__repeated_lesion__s2__4c08f5bd7d,-0.0043502930376057,-0.0042796016407133,0.25,0.7294781235537965,0.003,ql,50,100,0.9,0.3439257311422431,0.3,0.42,0.08,280,0.3908180095818889,20,1.4392238713421637,1.6177709907336524e-18,0.2,secondary,-0.020885509285828,False,50,250,390,-1,1.0,100,0.0026709949335104,0,35,1.0,2,0,0.55,0.0,0.75,35.0,30.0,0.45,0.2,0.1,0.002,8.0,0.2672629220393385,0.4906595493558383,0.2727031672630088,0.35074737239442944,1.381373011052615
72,500,0.157427922364082,0.5,0.4740248185725069,0.0,0.125,0.0,square_vn__markov__plastic__intr0__struct1__alpha_async__repeated_lesion__s2__2f320a8f0c,0.2267783279971484,0.1960833990062375,0.25,False,0.2922322090440666,0.003,0.016,markov,0.68,square_vn,50,100,0.9,0.1389448732425235,0.3,0,0.42,0.08,280,0.1512471254009876,0.2,20,1.1855489641340289,2.163195065462554e-18,0.2,plastic,secondary,0.1851552538551066,False,alpha_async,50,250,390,2,-1,1.0,0.6,0.6,100,0.0895134277236704,12956,1,35,0.75,2,12956,0.55,0.0,0.75,35.0,repeated_lesion,30.0,0.45,0.2,0.1,0.002,8.0,72,500,0.3845540825867219,-0.1187937717208592,0.0,0.125,0.2942718693170802,square_vn__ql__plastic__intr0__struct1__alpha_async__repeated_lesion__s2__69294bda09,-0.0056096143235709,0.0078443739312487,0.25,0.7181648220601327,0.003,ql,50,100,0.9,0.3254040796911595,0.3,0.42,0.08,280,0.374439841316435,20,1.3944299595474106,2.5604795439365695e-18,0.2,secondary,-0.0084540556225897,False,50,250,390,-1,1.0,100,0.0019295914027325,22409,35,0.75,2,22409,0.55,0.0,0.75,35.0,30.0,0.45,0.2,0.1,0.002,8.0,0.2271261602226399,0.42593261301606605,0.19360930947769628,0.20888099541338168,1.055549078129784
72,500,0.2994975883316821,0.5,0.1406069908302481,0.1678617705082546,0.125,0.0,square_vn__markov__plastic__intr1__struct0__alpha_async__repeated_lesion__s1__7d3119b241,0.0963203562624233,0.0722059752006984,0.25,False,0.5434799928167794,0.003,0.016,markov,0.68,square_vn,50,100,0.9,0.2763402238707192,0.3,1,0.42,0.08,280,0.2796589950256173,0.2,20,1.511618917234172,2.5445837965927387e-18,0.2,plastic,secondary,0.0358528493298027,False,alpha_async,50,250,390,1,-1,1.0,0.6,0.6,100,0.032721766656409,0,0,35,1.0,2,0,0.55,0.0,0.75,35.0,repeated_lesion,30.0,0.45,0.2,0.1,0.002,8.0,72,500,0.39309701688545,-0.2229218085576868,0.0818058952853032,0.125,0.2739970972561109,square_vn__ql__plastic__intr1__struct0__alpha_async__repeated_lesion__s1__32b510c1e1,0.0043966013380585,0.0003866710360514,0.25,0.7228726445879418,0.003,ql,50,100,0.9,0.3473891931666588,0.3,0.42,0.08,280,0.3888751172499518,20,1.4456965653207372,2.57955640235022e-18,0.2,secondary,0.0039586294187251,False,50,250,390,-1,1.0,100,0.0029774104534443,0,35,1.0,2,0,0.55,0.0,0.75,35.0,30.0,0.45,0.2,0.1,0.002,8.0,0.0935994285537679,0.17939265177116237,0.0318942199110776,0.06592235191343487,0.37080865214944275
72,500,0.257771753070033,0.5,0.274417928001739,0.1817674638197196,0.125,0.0,square_vn__markov__plastic__intr1__struct1__alpha_async__repeated_lesion__s2__69fa55034a,0.1136075677801504,0.1053929850976154,0.25,False,0.4721356558092033,0.003,0.016,markov,0.68,square_vn,50,100,0.9,0.2338648438484651,0.3,1,0.42,0.08,280,0.2407004147791155,0.2,20,1.446739432913916,3.0396711038562306e-18,0.2,plastic,secondary,0.0704962944765399,False,alpha_async,50,250,390,2,-1,1.0,0.6,0.6,100,0.057506291591599,15409,1,35,0.75,2,15409,0.55,0.0,0.75,35.0,repeated_lesion,30.0,0.45,0.2,0.1,0.002,8.0,72,500,0.3814983957972824,-0.1465908086142662,0.0898682974367366,0.125,0.2975554236662107,square_vn__ql__plastic__intr1__struct1__alpha_async__repeated_lesion__s2__bb6df76617,0.0053911892741522,0.0022465171548783,0.25,0.7088208772685747,0.003,ql,50,100,0.9,0.3337967509327169,0.3,0.42,0.08,280,0.3773613796141201,20,1.4025358735372486,2.0326263782626654e-18,0.2,secondary,-0.0056740125861537,False,50,250,390,-1,1.0,100,0.0021764606902357,23414,35,0.75,2,23414,0.55,0.0,0.75,35.0,30.0,0.45,0.2,0.1,0.002,8.0,0.12372664272724937,0.23668522145937138,0.0761703070626936,0.04420355937666742,0.4807857306259818
72,500,0.2682026785211183,0.5,0.2942628481890894,0.0,0.125,0.0,square_vn__markov__plastic__intr0__struct0__block_async__lesion__s2__3cd82592da,0.1164418304560074,0.110277369777561,0.25,False,0.4941087695331171,0.003,0.016,markov,0.68,square_vn,50,100,0.9,0.2316997514957046,0.3,0,0.42,0.08,280,0.2782565734427948,0.2,20,1.49622388175902,2.6991987393036028e-18,0.2,plastic,secondary,0.0834404026635693,False,block_async,50,250,390,2,-1,1.0,0.6,0.6,100,0.0478378461572488,0,0,35,1.0,2,0,0.55,0.0,0.75,35.0,lesion,30.0,0.45,0.2,0.1,0.002,8.0,72,500,0.4019957345199324,-0.249876302738899,0.0,0.125,0.2502242639577761,square_vn__ql__plastic__intr0__struct0__block_async__lesion__s2__43d1427708,0.0016958188132205,-0.0032242682523579,0.25,0.7507413050318379,0.003,ql,50,100,0.9,0.3390131045013847,0.3,0.42,0.08,280,0.4020315024244786,20,1.4214429764771996,2.992471583232852e-18,0.2,secondary,0.0018211594693157,False,50,250,390,-1,1.0,100,0.002832919715503,0,35,1.0,2,0,0.55,0.0,0.75,35.0,30.0,0.45,0.2,0.1,0.002,8.0,0.13379305599881414,0.2566325354987208,0.0816192431942536,0.07478090528182046,0.546825739973609
72,500,0.3017395420077434,0.5,0.2133454853917458,0.0,0.125,0.0,square_vn__markov__plastic__intr0__struct1__block_async__lesion__s3__147a199207,0.0815966559711275,0.0819720053924362,0.25,False,0.5604058407315072,0.003,0.016,markov,0.68,square_vn,50,100,0.9,0.2576594914583151,0.3,0,0.42,0.08,280,0.3126049700340739,0.2,20,1.4951059014924173,2.5154517728186775e-18,0.2,plastic,secondary,0.052449307960325,False,block_async,50,250,390,3,-1,1.0,0.6,0.6,100,0.0446409588441721,18272,1,35,0.75,2,18272,0.55,0.0,0.75,35.0,lesion,30.0,0.45,0.2,0.1,0.002,8.0,72,500,0.3888793341594192,-0.1580026967297102,0.0,0.125,0.2749018691849621,square_vn__ql__plastic__intr0__struct1__block_async__lesion__s3__6e475bc1ed,0.0064320781458747,0.0033974520366467,0.25,0.7338874066420911,0.003,ql,50,100,0.9,0.3250831906002471,0.3,0.42,0.08,280,0.3911236359979613,20,1.3748287858398975,2.296360393324499e-18,0.2,secondary,-0.0027087609712233,False,50,250,390,-1,1.0,100,0.0024302436700281,27501,35,0.75,2,27501,0.55,0.0,0.75,35.0,30.0,0.45,0.2,0.1,0.002,8.0,0.08713979215167583,0.17348156591058383,0.0551580689315483,0.12027711565251975,0.4360565426463277
72,500,0.3889437517478694,0.5,-0.2824456545516297,0.1882592470579301,0.125,0.0,square_vn__markov__plastic__intr1__struct0__block_async__lesion__s2__6f06630800,0.0131778563715777,0.0098976971035923,0.25,False,0.7268517810210808,0.003,0.016,markov,0.68,square_vn,50,100,0.9,0.3555543790123683,0.3,1,0.42,0.08,280,0.3894282806538182,0.2,20,1.4757664348844162,1.8955166106466653e-18,0.2,plastic,secondary,0.0170048380759566,False,block_async,50,250,390,2,-1,1.0,0.6,0.6,100,0.0027852910241224,0,0,35,1.0,2,0,0.55,0.0,0.75,35.0,lesion,30.0,0.45,0.2,0.1,0.002,8.0,72,500,0.3918955168439827,-0.2525726883642568,0.1101582451318508,0.125,0.2705397023592741,square_vn__ql__plastic__intr1__struct0__block_async__lesion__s2__57166e882b,0.0208816092100973,0.00935227318699,0.25,0.7375129830701633,0.003,ql,50,100,0.9,0.3432825809290534,0.3,0.42,0.08,280,0.3930705026926501,20,1.4301642292692935,2.027819769791115e-18,0.2,secondary,0.033630051283414,False,50,250,390,-1,1.0,100,0.003047082680294,0,35,1.0,2,0,0.55,0.0,0.75,35.0,30.0,0.45,0.2,0.1,0.002,8.0,0.0029517650961133346,0.010661202049082497,0.016625213207457402,0.045602205615122626,0.07584038596777586
72,500,0.3856226033853707,0.5,-0.2162319120979395,0.2057143597737611,0.125,0.0,square_vn__markov__plastic__intr1__struct1__block_async__lesion__s2__f5b8777a9b,0.0156101873115052,0.0136325887017021,0.25,False,0.7183337766630201,0.003,0.016,markov,0.68,square_vn,50,100,0.9,0.3432615599566259,0.3,1,0.42,0.08,280,0.3853607541292647,0.2,20,1.4162545704181593,2.2602392309926694e-18,0.2,plastic,secondary,0.0260939143471012,False,block_async,50,250,390,2,-1,1.0,0.6,0.6,100,0.0023293726974164,24961,1,35,0.75,2,24961,0.55,0.0,0.75,35.0,lesion,30.0,0.45,0.2,0.1,0.002,8.0,72,500,0.3821698497766487,-0.1822294674465218,0.126209449848984,0.125,0.2925067744041909,square_vn__ql__plastic__intr1__struct1__block_async__lesion__s2__19ec55c8ca,0.0103652126967877,0.0094884169117812,0.25,0.7269725013497659,0.003,ql,50,100,0.9,0.3297147911385308,0.3,0.42,0.08,280,0.384765052537162,20,1.3850556513020422,2.107856870516616e-18,0.2,secondary,0.0059383179739612,False,50,250,390,-1,1.0,100,0.0022050086623126,28251,35,0.75,2,28251,0.55,0.0,0.75,35.0,30.0,0.45,0.2,0.1,0.002,8.0,0.0034527536087219923,0.008638724686745758,0.020155596373140003,0.031198919116117052,0.0634459937847248
72,500,0.2641744669729807,0.5,0.3018780960861706,0.0,0.125,0.0,square_vn__markov__plastic__intr0__struct0__block_async__repeated_lesion__s2__235f47578c,0.118061538852523,0.111494178869164,0.25,False,0.4891924352996932,0.003,0.016,markov,0.68,square_vn,50,100,0.9,0.22778879185529,0.3,0,0.42,0.08,280,0.2749099710967871,0.2,20,1.488916341093849,2.4175003958439893e-18,0.2,plastic,secondary,0.0845680502948968,False,block_async,50,250,390,2,-1,1.0,0.6,0.6,100,0.0502237160628055,0,0,35,1.0,2,0,0.55,0.0,0.75,35.0,repeated_lesion,30.0,0.45,0.2,0.1,0.002,8.0,72,500,0.4022241114892943,-0.2511678664262414,0.0,0.125,0.2509501547868323,square_vn__ql__plastic__intr0__struct0__block_async__repeated_lesion__s2__02e43d64e0,-0.0095071340998298,-0.0023817220133333,0.25,0.7464584821174156,0.003,ql,50,100,0.9,0.3425179373610859,0.3,0.42,0.08,280,0.401892185055022,20,1.4286940818469285,2.43685479740842e-18,0.2,secondary,0.0128015794921399,False,50,250,390,-1,1.0,100,0.0030418813925093,0,35,1.0,2,0,0.55,0.0,0.75,35.0,30.0,0.45,0.2,0.1,0.002,8.0,0.13804964451631363,0.2572660468177224,0.07176647080275689,0.060222259246920595,0.5273044213837135
72,500,0.296732736610352,0.5,0.2399802964902582,0.0,0.125,0.0,square_vn__markov__plastic__intr0__struct1__block_async__repeated_lesion__s3__3cf73f0b73,0.0812469646750561,0.0787052573819276,0.25,False,0.5539866385364969,0.003,0.016,markov,0.68,square_vn,50,100,0.9,0.2494868732553888,0.3,0,0.42,0.08,280,0.3043375373437676,0.2,20,1.4937222417646558,2.9334069803033544e-18,0.2,plastic,secondary,0.0499572242443752,False,block_async,50,250,390,3,-1,1.0,0.6,0.6,100,0.0476460613240649,18225,1,35,0.75,2,18225,0.55,0.0,0.75,35.0,repeated_lesion,30.0,0.45,0.2,0.1,0.002,8.0,72,500,0.3916321677171726,-0.1624221643998883,0.0,0.125,0.2710856511945125,square_vn__ql__plastic__intr0__struct1__block_async__repeated_lesion__s3__e980b35199,-0.0050466487151046,-0.0048043805713226,0.25,0.7374771682905612,0.003,ql,50,100,0.9,0.3254303242287653,0.3,0.42,0.08,280,0.3922086472184017,20,1.388255533266832,1.1421132566173173e-18,0.2,secondary,-0.0166971618101529,False,50,250,390,-1,1.0,100,0.0029532734809139,27583,35,0.75,2,27583,0.55,0.0,0.75,35.0,30.0,0.45,0.2,0.1,0.002,8.0,0.09489943110682059,0.18349052975406432,0.0666543860545281,0.1054667084978238,0.4505110554132368
72,500,0.390176805620768,0.5,-0.2857318400373513,0.191881534647,0.125,0.0,square_vn__markov__plastic__intr1__struct0__block_async__repeated_lesion__s3__dfdb1f964e,0.0189548770315905,0.0090174778578807,0.25,False,0.7257721676508616,0.003,0.016,markov,0.68,square_vn,50,100,0.9,0.3568454470341897,0.3,1,0.42,0.08,280,0.3896574265702117,0.2,20,1.4738605241006495,2.294603323278288e-18,0.2,plastic,secondary,0.0102096606602247,False,block_async,50,250,390,3,-1,1.0,0.6,0.6,100,0.0028279709638399,0,0,35,1.0,2,0,0.55,0.0,0.75,35.0,repeated_lesion,30.0,0.45,0.2,0.1,0.002,8.0,72,500,0.3938181853473453,-0.2664393758240209,0.1091235908503131,0.125,0.2695332933102715,square_vn__ql__plastic__intr1__struct0__block_async__repeated_lesion__s3__fb9a4062f8,0.010221801221811,0.0063160182288361,0.25,0.7375076987261212,0.003,ql,50,100,0.9,0.3469902350725698,0.3,0.42,0.08,280,0.3931646293773715,20,1.4406238264945446,2.121047601700926e-18,0.2,secondary,0.0143094951362528,False,50,250,390,-1,1.0,100,0.0024889446359276,0,35,1.0,2,0,0.55,0.0,0.75,35.0,30.0,0.45,0.2,0.1,0.002,8.0,0.0036413797265772985,0.011735531075259598,0.004099834476028099,0.033236697606104926,0.052713442883969924
72,500,0.3837338296418302,0.5,-0.2167853612610022,0.2092031269602846,0.125,0.0,square_vn__markov__plastic__intr1__struct1__block_async__repeated_lesion__s3__a2b6d3724a,0.0209839263921922,0.0094789755342002,0.25,False,0.7159473808244303,0.003,0.016,markov,0.68,square_vn,50,100,0.9,0.3444770204101386,0.3,1,0.42,0.08,280,0.3846277888178358,0.2,20,1.4285424315936328,2.2716980010804843e-18,0.2,plastic,secondary,0.0305199299781782,False,block_async,50,250,390,3,-1,1.0,0.6,0.6,100,0.0022055756682372,24745,1,35,0.75,2,24745,0.55,0.0,0.75,35.0,repeated_lesion,30.0,0.45,0.2,0.1,0.002,8.0,72,500,0.3835562699259728,-0.1829354495375097,0.12579470896631,0.125,0.2881919521082573,square_vn__ql__plastic__intr1__struct1__block_async__repeated_lesion__s3__d56379bc6c,-0.0012808757719732,-0.0064276369174652,0.25,0.7243296137701807,0.003,ql,50,100,0.9,0.3322510732730871,0.3,0.42,0.08,280,0.3848917710639311,20,1.3940077480853148,1.827153838378585e-18,0.2,secondary,0.006514706449387,False,50,250,390,-1,1.0,100,0.0023969682554194,28284,35,0.75,2,28284,0.55,0.0,0.75,35.0,30.0,0.45,0.2,0.1,0.002,8.0,0.0001775597158574227,0.008382232945750356,0.024005223528791197,0.03453468350831801,0.06709969969871699
72,500,0.1272708335725799,0.5,0.5885842010713954,0.0,0.125,0.0,square_vn__markov__plastic__intr0__struct0__synchronous__lesion__s3__5247f0669d,0.2871543447650451,0.2664487954650825,0.25,False,0.243127133242877,0.003,0.016,markov,0.68,square_vn,50,100,0.9,0.0982942030366268,0.3,0,0.42,0.08,280,0.129387377712958,0.2,20,1.053241877809038,4.546513539112538e-18,0.2,plastic,secondary,0.2666557598262462,False,synchronous,50,250,390,3,-1,1.0,0.6,0.6,100,0.0950084336967194,0,0,35,1.0,2,0,0.55,0.0,0.75,35.0,lesion,30.0,0.45,0.2,0.1,0.002,8.0,72,500,0.3934201806118353,-0.1003354141017127,0.0,0.125,0.2597489332876107,square_vn__ql__plastic__intr0__struct0__synchronous__lesion__s3__5003c98e17,-0.0095445816431529,0.0072898111392156,0.25,0.7647470925597573,0.003,ql,50,100,0.9,0.2979446488328435,0.3,0.42,0.08,280,0.3952277141666828,20,1.4364071473020998,2.0720800605877597e-18,0.2,secondary,-0.0142096391409761,False,50,250,390,-1,1.0,100,0.0023942518742282,0,35,1.0,2,0,0.55,0.0,0.75,35.0,30.0,0.45,0.2,0.1,0.002,8.0,0.2661493470392554,0.5216199593168802,0.2808653989672223,0.38316526949306184,1.4517999748164196
72,500,0.2662996331546906,0.5,0.3735697346541995,0.0,0.125,0.0,square_vn__markov__plastic__intr0__struct1__synchronous__lesion__s2__dd083f1178,0.1195720847296361,0.0994521271336275,0.25,False,0.513054854867411,0.003,0.016,markov,0.68,square_vn,50,100,0.9,0.2084634856006075,0.3,0,0.42,0.08,280,0.276960844537638,0.2,20,1.462409239954563,4.099908571387045e-18,0.2,plastic,secondary,0.0784845567618204,False,synchronous,50,250,390,2,-1,1.0,0.6,0.6,100,0.0682990466020192,16868,1,35,0.75,2,16868,0.55,0.0,0.75,35.0,lesion,30.0,0.45,0.2,0.1,0.002,8.0,72,500,0.3909153749779296,-0.0671918482326627,0.0,0.125,0.2813058245406164,square_vn__ql__plastic__intr0__struct1__synchronous__lesion__s2__e09a18634c,-0.0025579628830208,0.0032024364283277,0.25,0.7552849523566854,0.003,ql,50,100,0.9,0.2976084563399961,0.3,0.42,0.08,280,0.3890471474949873,20,1.373842186766407,2.0075829159655373e-18,0.2,secondary,0.0055458354180393,False,50,250,390,-1,1.0,100,0.0021642333840797,26417,35,0.75,2,26417,0.55,0.0,0.75,35.0,30.0,0.45,0.2,0.1,0.002,8.0,0.12461574182323903,0.24223009748927438,0.0729387213437811,0.08856705318815594,0.5283516138444504
72,500,0.3834439734910343,0.5,-0.1373545176027517,0.2226749176021703,0.125,0.0,square_vn__markov__plastic__intr1__struct0__synchronous__lesion__s2__7eb1bd08de,0.0148787914887239,0.0178730984344921,0.25,False,0.7579700283327468,0.003,0.016,markov,0.68,square_vn,50,100,0.9,0.3014969071102588,0.3,1,0.42,0.08,280,0.3832625990809487,0.2,20,1.4556564085945198,2.063262386836298e-18,0.2,plastic,secondary,0.0236326243960028,False,synchronous,50,250,390,2,-1,1.0,0.6,0.6,100,0.0029261914480763,0,0,35,1.0,2,0,0.55,0.0,0.75,35.0,lesion,30.0,0.45,0.2,0.1,0.002,8.0,72,500,0.3860053186508464,-0.0987059665152835,0.1292623366118576,0.125,0.2801770480774355,square_vn__ql__plastic__intr1__struct0__synchronous__lesion__s2__40a69cab3b,0.0208248140600574,0.0247259462149099,0.25,0.7625761764758284,0.003,ql,50,100,0.9,0.2948142434412688,0.3,0.42,0.08,280,0.3859957394955065,20,1.4161859729276904,1.3332031005448865e-18,0.2,secondary,0.0490401420691753,False,50,250,390,-1,1.0,100,0.0023987541804957,0,35,1.0,2,0,0.55,0.0,0.75,35.0,30.0,0.45,0.2,0.1,0.002,8.0,0.0025613451598121006,0.004606148143081579,0.025407517673172498,0.039470435666829395,0.07204544664289557
72,500,0.3818873350021424,0.5,-0.1106636137808678,0.2180111991712246,0.125,0.0,square_vn__markov__plastic__intr1__struct1__synchronous__lesion__s3__65bbe57261,0.0059822300722103,-0.0001139034610946,0.25,False,0.7503163371210972,0.003,0.016,markov,0.68,square_vn,50,100,0.9,0.3013317751337833,0.3,1,0.42,0.08,280,0.3830040357660002,0.2,20,1.4100543038430786,2.7964881190448913e-18,0.2,plastic,secondary,0.0175848810264247,False,synchronous,50,250,390,3,-1,1.0,0.6,0.6,100,0.0025655550333802,23556,1,35,0.75,2,23556,0.55,0.0,0.75,35.0,lesion,30.0,0.45,0.2,0.1,0.002,8.0,72,500,0.3819467070508539,-0.0896559176557192,0.1343101311749434,0.125,0.2931858624246589,square_vn__ql__plastic__intr1__struct1__synchronous__lesion__s3__f07ce8ad99,0.0110582457496086,-0.0026712909560595,0.25,0.7474713255067288,0.003,ql,50,100,0.9,0.3007132982151718,0.3,0.42,0.08,280,0.3826268721817483,20,1.3828686459900583,1.7626870568366117e-18,0.2,secondary,-0.0026036036015562,False,50,250,390,-1,1.0,100,0.0023681049462625,27383,35,0.75,2,27383,0.55,0.0,0.75,35.0,30.0,0.45,0.2,0.1,0.002,8.0,5.937204871148127e-05,0.0028450116143684534,0.0201884846279809,0.027185657853020295,0.050278526144081126
72,500,0.1270898073828623,0.5,0.5796368722544368,0.0,0.125,0.0,square_vn__markov__plastic__intr0__struct0__synchronous__repeated_lesion__s3__c30e31c300,0.2823793120086383,0.2655153770439467,0.25,False,0.2432678245527752,0.003,0.016,markov,0.68,square_vn,50,100,0.9,0.0996742558583996,0.3,0,0.42,0.08,280,0.1291591431392859,0.2,20,1.050632624253589,3.3560324183108506e-18,0.2,plastic,secondary,0.2870733759259884,False,synchronous,50,250,390,3,-1,1.0,0.6,0.6,100,0.0943583534632728,0,0,35,1.0,2,0,0.55,0.0,0.75,35.0,repeated_lesion,30.0,0.45,0.2,0.1,0.002,8.0,72,500,0.3960480863505389,-0.1081728060477156,0.0,0.125,0.2588114957010055,square_vn__ql__plastic__intr0__struct0__synchronous__repeated_lesion__s3__c1850544b4,-0.0020118660844144,-0.0016156594178334,0.25,0.7669896575097666,0.003,ql,50,100,0.9,0.298641329054763,0.3,0.42,0.08,280,0.3950969560106028,20,1.4353723078896536,2.118076218409691e-18,0.2,secondary,0.0058354909784719,False,50,250,390,-1,1.0,100,0.0029256597699978,0,35,1.0,2,0,0.55,0.0,0.75,35.0,30.0,0.45,0.2,0.1,0.002,8.0,0.2689582789676766,0.5237218329569914,0.2812378849475165,0.3847396836360646,1.4586576805082492
72,500,0.2609594424116424,0.5,0.383304693788936,0.0,0.125,0.0,square_vn__markov__plastic__intr0__struct1__synchronous__repeated_lesion__s2__f2f718f1f5,0.1146840980152177,0.1064729409785687,0.25,False,0.5042918203574908,0.003,0.016,markov,0.68,square_vn,50,100,0.9,0.2048293509170196,0.3,0,0.42,0.08,280,0.2700911560237831,0.2,20,1.4577150238209768,3.654129318089973e-18,0.2,plastic,secondary,0.0924501454162145,False,synchronous,50,250,390,2,-1,1.0,0.6,0.6,100,0.0715224544671542,16795,1,35,0.75,2,16795,0.55,0.0,0.75,35.0,repeated_lesion,30.0,0.45,0.2,0.1,0.002,8.0,72,500,0.3837773650974148,-0.0765139953902198,0.0,0.125,0.2796322497354568,square_vn__ql__plastic__intr0__struct1__synchronous__repeated_lesion__s2__8db1c2c23b,-0.0081201321837216,0.0091849641032164,0.25,0.7495753341380139,0.003,ql,50,100,0.9,0.2983462225791219,0.3,0.42,0.08,280,0.3886834261419889,20,1.3722060793819764,1.744910034149069e-18,0.2,secondary,-0.0094220010527971,False,50,250,390,-1,1.0,100,0.0022906903638777,26370,35,0.75,2,26370,0.55,0.0,0.75,35.0,30.0,0.45,0.2,0.1,0.002,8.0,0.12281792268577241,0.24528351378052315,0.1018721464690116,0.08550894443900048,0.5554825273743076
72,500,0.3768889582017605,0.5,-0.1392213682762013,0.2243296919089763,0.125,0.0,square_vn__markov__plastic__intr1__struct0__synchronous__repeated_lesion__s1__e2d029acb5,0.0094685316228435,0.0154400026941206,0.25,False,0.7514667970579177,0.003,0.016,markov,0.68,square_vn,50,100,0.9,0.3028091138895197,0.3,1,0.42,0.08,280,0.3824890638198686,0.2,20,1.4581154081800078,2.202816759908377e-18,0.2,plastic,secondary,-0.0113626744513418,False,synchronous,50,250,390,1,-1,1.0,0.6,0.6,100,0.002699420742045,0,0,35,1.0,2,0,0.55,0.0,0.75,35.0,repeated_lesion,30.0,0.45,0.2,0.1,0.002,8.0,72,500,0.383512043053376,-0.1116114754888833,0.1299974857292543,0.125,0.277489991833681,square_vn__ql__plastic__intr1__struct0__synchronous__repeated_lesion__s1__45e66d304a,0.0179229805197713,0.0007983410161511,0.25,0.7573760852989035,0.003,ql,50,100,0.9,0.2990636985828921,0.3,0.42,0.08,280,0.3860992205210816,20,1.429525932996769,1.6298188587525817e-18,0.2,secondary,0.0228278198703029,False,50,250,390,-1,1.0,100,0.002778649183051,0,35,1.0,2,0,0.55,0.0,0.75,35.0,30.0,0.45,0.2,0.1,0.002,8.0,0.006623084851615502,0.005909288240985799,0.0341904943216447,0.028589475183238733,0.07531234259748473
72,500,0.3817289961987449,0.5,-0.1079994041209389,0.2150805104875891,0.125,0.0,square_vn__markov__plastic__intr1__struct1__synchronous__repeated_lesion__s1__595d7d0cf8,0.0226817671354103,0.0193258368525765,0.25,False,0.7460002547112439,0.003,0.016,markov,0.68,square_vn,50,100,0.9,0.3037892218270887,0.3,1,0.42,0.08,280,0.3827406498753155,0.2,20,1.4118597666483717,2.542070198233838e-18,0.2,plastic,secondary,0.0266582896628495,False,synchronous,50,250,390,1,-1,1.0,0.6,0.6,100,0.0023151064010509,23696,1,35,0.75,2,23696,0.55,0.0,0.75,35.0,repeated_lesion,30.0,0.45,0.2,0.1,0.002,8.0,72,500,0.3832810414391039,-0.0932041094099761,0.1367646711150637,0.125,0.2943616944603261,square_vn__ql__plastic__intr1__struct1__synchronous__repeated_lesion__s1__38e49311bd,-0.0006554176734827,0.0089817425708472,0.25,0.7483878937373202,0.003,ql,50,100,0.9,0.3008318771217359,0.3,0.42,0.08,280,0.3827654874103779,20,1.3850602470400852,1.812745005641347e-18,0.2,secondary,-0.0073997215702411,False,50,250,390,-1,1.0,100,0.0022229932606254,27111,35,0.75,2,27111,0.55,0.0,0.75,35.0,30.0,0.45,0.2,0.1,0.002,8.0,0.0015520452403590124,0.0023876390260763047,0.0340580112330906,0.026799519608286415,0.06479721510781233
