geometry,formalism,schedule,task,plasticity,intrinsic_enabled,structural_enabled,gamma,memory_strength,eta_weight,alpha_async,sigma_birth,sigma_survive,diagonal_ablation,activity_late__mean,activity_late__std,activity_late__median,activity_late__count,entropy_late__mean,entropy_late__std,entropy_late__median,entropy_late__count,repair_reference_corr__mean,repair_reference_corr__std,repair_reference_corr__median,repair_reference_corr__count,corr_A_late__mean,corr_A_late__std,corr_A_late__median,corr_A_late__count,corr_B_late__mean,corr_B_late__std,corr_B_late__median,corr_B_late__count,neighbor_pattern_entropy_late__mean,neighbor_pattern_entropy_late__std,neighbor_pattern_entropy_late__median,neighbor_pattern_entropy_late__count,spectral_peak_fraction_late__mean,spectral_peak_fraction_late__std,spectral_peak_fraction_late__median,spectral_peak_fraction_late__count,coherence_late__mean,coherence_late__std,coherence_late__median,coherence_late__count,structural_link_fraction_late__mean,structural_link_fraction_late__std,structural_link_fraction_late__median,structural_link_fraction_late__count,structural_additions_total__mean,structural_additions_total__std,structural_additions_total__median,structural_additions_total__count,structural_removals_total__mean,structural_removals_total__std,structural_removals_total__median,structural_removals_total__count
extended_hex_r2,markov,alpha_async,lesion,plastic,0,0,0.68,0.2,0.016,0.5,0.6,0.6,False,0.45188819823037113,0.029179147716333783,0.4358031452572866,3,0.8475787785073775,0.00329458293974901,0.8457820880271468,3,0.0004707574006904668,0.04772625452710265,0.0065240436937798,3,-0.012407628772600099,0.0034783929743398465,-0.0125154651114644,3,-0.012533190535267934,0.01138619156542761,-0.0077846163845158,3,0.7210395765805959,0.10914477160664768,0.701073715302244,3,0.008994780261698766,0.00767018346168434,0.0073598018001586,3,0.0,0.0,0.0,3,0.990651434613626,0.0003331393870609225,0.9908050411522634,3,0.0,0.0,0.0,3,0.0,0.0,0.0,3
extended_hex_r2,markov,alpha_async,lesion,plastic,0,1,0.68,0.2,0.016,0.5,0.6,0.6,False,0.43081777259996373,0.010877855949854812,0.4316209367590146,3,0.8408271622248971,0.006928130072691839,0.8415604177474139,3,-0.0137289777734615,0.01956447094400338,-0.0243856198838654,3,-0.016205149224138266,0.01158750313732138,-0.0206454090152032,3,-0.010789374263432702,0.009645669808774463,-0.0056160240361419,3,0.5398286884665268,0.14126778355639996,0.5715306052579633,3,0.004448822697600666,0.0013873975236096002,0.0049395319040146,3,0.0,0.0,0.0,3,0.7777456275720165,1.856192995082361e-05,0.7777563443072703,3,38489.666666666664,153.41881675118486,38443.0,3,38455.333333333336,149.51365600951985,38411.0,3
extended_hex_r2,markov,alpha_async,lesion,plastic,1,0,0.68,0.2,0.016,0.5,0.6,0.6,False,0.44992305659288273,0.03696260016420056,0.4689729839152011,3,0.8394361373226246,0.012769667900709367,0.846535471113202,3,0.012675951892624932,0.033695056572617954,0.0269598497221004,3,-0.006007191174270667,0.03442193092648084,-0.0061638911609189,3,-0.0005787845494731672,0.01782368498922645,-0.0009627978431165,3,0.6365446966421706,0.30851751433192787,0.8061092532802974,3,0.002835930144656667,0.00025836021910417796,0.0028678540034446,3,0.0,0.0,0.0,3,0.9894261545496114,0.0002541320360630169,0.9894975994513032,3,0.0,0.0,0.0,3,0.0,0.0,0.0,3
extended_hex_r2,markov,alpha_async,lesion,plastic,1,1,0.68,0.2,0.016,0.5,0.6,0.6,False,0.43062071260699003,0.02000596156121028,0.4295718428713725,3,0.8295653760854895,0.005919606846330288,0.831204367026408,3,-0.004150305543500867,0.04595485961732311,0.0062486032557762,3,0.006933235797791633,0.025899490981547174,0.0212985229140811,3,-0.0043539202806174,0.009437114447599792,-0.0054194657313088,3,0.5637621880353413,0.17275593429900118,0.5938596155433166,3,0.005039290133623866,0.0007135097129808646,0.0047919598683516,3,0.0,0.0,0.0,3,0.7776991883859168,6.187309983589174e-06,0.7777027606310014,3,38559.0,129.78058406402707,38538.0,3,38492.666666666664,131.47369825685135,38458.0,3
extended_hex_r2,markov,alpha_async,repeated_lesion,plastic,0,0,0.68,0.2,0.016,0.5,0.6,0.6,False,0.4518809230904941,0.029185608769183035,0.4359163737671888,3,0.8475337350888678,0.0033379047811322913,0.8457985363180521,3,3.753410080403289e-05,0.04773561831726948,0.0052412187434831,3,-0.012428242921151198,0.0036641059046086002,-0.0122014610859811,3,-0.0124199844205708,0.011070784123142802,-0.0077271518895967,3,0.7205520621173326,0.11032779063508472,0.7026711588191688,3,0.008969571694173,0.0077089145793715055,0.0072217396178051,3,0.0,0.0,0.0,3,0.9906621513488799,0.000323342450042205,0.9908157578875172,3,0.0,0.0,0.0,3,0.0,0.0,0.0,3
extended_hex_r2,markov,alpha_async,repeated_lesion,plastic,0,1,0.68,0.2,0.016,0.5,0.6,0.6,False,0.43101839934965996,0.010615517544930855,0.4333199965214337,3,0.8411193456087886,0.006474564521505748,0.8419321162716471,3,-0.0022676962573644,0.015409858285965439,-0.0053830951435741,3,-0.0134734943355909,0.011325095037268425,-0.0163797102754178,3,-0.008277182961957534,0.007647535357662756,-0.0057647156243013,3,0.540027980794298,0.1421478466960891,0.5886864313611999,3,0.004643516094362934,0.001406263900258581,0.0048557854059569,3,0.0,0.0,0.0,3,0.7777599165523549,1.237461996718636e-05,0.777767061042524,3,38489.666666666664,152.00438590163654,38445.0,3,38454.666666666664,147.96733873843118,38413.0,3
extended_hex_r2,markov,alpha_async,repeated_lesion,plastic,1,0,0.68,0.2,0.016,0.5,0.6,0.6,False,0.4498688779106778,0.037129269496008296,0.4689869797773851,3,0.8395359032401446,0.012652078121574125,0.8466357682752463,3,0.012503483698470666,0.03358119684952151,0.0260226170536505,3,-0.0060085492044417675,0.03431619972512218,-0.0057257073905327,3,-0.00038409382390216726,0.017263619246392515,-0.0005298924761528,3,0.6356295903861321,0.31057373095756075,0.8061258846943258,3,0.0028022216316362664,0.00021801002330581215,0.0028709530820317,3,0.0,0.0,0.0,3,0.9894154378143575,0.00029936607375312407,0.9894761659807956,3,0.0,0.0,0.0,3,0.0,0.0,0.0,3
extended_hex_r2,markov,alpha_async,repeated_lesion,plastic,1,1,0.68,0.2,0.016,0.5,0.6,0.6,False,0.42949462235367014,0.019168319502610734,0.427985665584764,3,0.8294582415259176,0.004872145392201753,0.8304968171842149,3,0.0041371427885718666,0.054276905552151665,0.011670792973704,3,0.007506019754639,0.028027114647918197,0.0204865438861539,3,-0.007944046447065133,0.013956828774379969,-0.0058665451723732,3,0.5545749601373183,0.16769672452972387,0.5824675209964443,3,0.0052176118197329,0.0006271574691253083,0.0054716053715662,3,0.0,0.0,0.0,3,0.7776920438957476,1.0716735253740728e-05,0.7776920438957476,3,38558.333333333336,129.47715371189267,38540.0,3,38492.333333333336,131.15766593429862,38462.0,3
extended_hex_r2,markov,block_async,lesion,plastic,0,0,0.68,0.2,0.016,0.5,0.6,0.6,False,0.443318509568894,0.004466679928037123,0.4457512041992413,3,0.9819388955855298,0.01327625731617782,0.9895588017033414,3,-0.028116521039765002,0.03956822303742148,-0.0085642808247682,3,-0.03276794300030394,0.04700755509601707,-0.0081352057825797,3,-0.005149570571646799,0.009287523541618303,-0.004141660743949,3,0.005539738603672967,0.009595108722212246,0.0,3,0.06473927293287643,0.03837053532548505,0.0814603931709219,3,0.0,0.0,0.0,3,0.9901906149977138,0.0016694160383346054,0.9910729595336076,3,0.0,0.0,0.0,3,0.0,0.0,0.0,3
extended_hex_r2,markov,block_async,lesion,plastic,0,1,0.68,0.2,0.016,0.5,0.6,0.6,False,0.41213683938332607,0.0033023248311252946,0.4135452583783336,3,0.8327376920697432,0.012351809492519532,0.8384648869292166,3,-0.004741256438744433,0.021136794863274345,-0.0070153598081953,3,-0.006937489647650032,0.013683581534284825,-0.0072972364988416,3,0.0025746699153373757,0.004767438371562046,-1.7230695674572747e-05,3,0.20367906112936826,0.009723988338777613,0.2084702739855665,3,0.016950078251582533,0.0036358068566103596,0.0155748169750817,3,0.0,0.0,0.0,3,0.7776491769547326,8.370037804254048e-05,0.7776920438957476,3,39531.666666666664,152.9455240709373,39452.0,3,39431.0,133.0,39366.0,3
extended_hex_r2,markov,block_async,lesion,plastic,1,0,0.68,0.2,0.016,0.5,0.6,0.6,False,0.36099389961011435,0.003411884441608672,0.3627563666626222,3,0.7507832025277213,0.000774933436463878,0.7506859966406461,3,0.0328265966926646,0.007544751472014266,0.0314921923013672,3,0.030222675071559665,0.0076812588005271114,0.0319118687179527,3,0.0016153689366836335,0.005018315721881523,-0.0003148466117566,3,0.18232014300991276,0.03013655195509196,0.1665058676945629,3,0.024516574447226002,0.00937653900929231,0.0203671735688834,3,0.0,0.0,0.0,3,0.9547325102880658,0.0011243893217253917,0.9549039780521262,3,0.0,0.0,0.0,3,0.0,0.0,0.0,3
extended_hex_r2,markov,block_async,lesion,plastic,1,1,0.68,0.2,0.016,0.5,0.6,0.6,False,0.34091571910409973,0.0020810194507259704,0.3397905703907667,3,0.7042483195181773,0.0016638964005556598,0.7049488836431093,3,0.02704814394160233,0.003815960296849895,0.0253251944840736,3,0.029674455116389598,0.0050072355592797905,0.0322078270433935,3,0.0041066127954584005,0.003650196626173378,0.0024293614408552,3,0.34925337685453967,0.009580891498113234,0.3520505642980563,3,0.013166265802787,0.003955596751521169,0.0146482983411716,3,0.0,0.0,0.0,3,0.7764917695473251,3.7123859901583116e-05,0.7765132030178327,3,38044.333333333336,112.5003703697597,38010.0,3,37608.666666666664,98.89556781440479,37575.0,3
extended_hex_r2,markov,block_async,repeated_lesion,plastic,0,0,0.68,0.2,0.016,0.5,0.6,0.6,False,0.44333153472634845,0.004460482407561952,0.4457548490410277,3,0.9819119415864205,0.013279764839048679,0.9895714854615192,3,-0.02761606115163033,0.04016207200063217,-0.0086688815751527,3,-0.03271405040873677,0.04667683632318786,-0.0089828010443081,3,-0.004978483833668633,0.009160440835869333,-0.0036393381674847,3,0.005408959004321166,0.009368591811541427,0.0,3,0.06101328463592373,0.03414563945347098,0.0801476837428014,3,0.0,0.0,0.0,3,0.9901834705075445,0.001662752501801011,0.9910729595336076,3,0.0,0.0,0.0,3,0.0,0.0,0.0,3
extended_hex_r2,markov,block_async,repeated_lesion,plastic,0,1,0.68,0.2,0.016,0.5,0.6,0.6,False,0.41224469884436316,0.0035366199560173586,0.4134832575860157,3,0.8321097218013201,0.012170281168903332,0.8371885052398775,3,-0.0077863676183881,0.013154702935946479,-0.0074392210160685,3,-0.008820884126645766,0.010969953019215366,-0.0095093066285278,3,-0.0005498147872337334,0.004267008410944498,-0.0026115897871381,3,0.20784812793666116,0.03350007318073817,0.2176546266339381,3,0.017280356802066434,0.00232415707600203,0.0161775317323848,3,0.0,0.0,0.0,3,0.7776598936899863,8.506144904405943e-05,0.7776920438957476,3,39534.666666666664,149.43337422856263,39456.0,3,39435.333333333336,131.8496618627938,39371.0,3
extended_hex_r2,markov,block_async,repeated_lesion,plastic,1,0,0.68,0.2,0.016,0.5,0.6,0.6,False,0.3612265203799945,0.003493244715320441,0.3629577093198121,3,0.7514241180513487,0.000612234713883486,0.751436295387321,3,0.033015557648845735,0.007290698833461642,0.0310678623456202,3,0.030971420549293634,0.008049163005415055,0.0325877472124787,3,0.0025048168538395667,0.006493802324472378,-0.0008042358359922,3,0.1791236667896929,0.024092706553532364,0.1661602451814365,3,0.023929526960448134,0.010067197912664633,0.0202582279641405,3,0.0,0.0,0.0,3,0.9547217935528121,0.0011170108213988273,0.9548075274348422,3,0.0,0.0,0.0,3,0.0,0.0,0.0,3
extended_hex_r2,markov,block_async,repeated_lesion,plastic,1,1,0.68,0.2,0.016,0.5,0.6,0.6,False,0.3411282045957002,0.0019750097774078154,0.3405701637815584,3,0.7034519882396203,0.0020127295446722144,0.7045093255196124,3,0.0274752583173674,0.013161468174393494,0.0304122652203703,3,0.028968092018835833,0.008397202699971611,0.0331570936376395,3,0.0034261179489073327,0.004674195003105223,0.004975829521006,3,0.34847974243694585,0.009421077604382704,0.3517718354428188,3,0.012848066661931402,0.0029909393407989357,0.0131318264051948,3,0.0,0.0,0.0,3,0.7764846250571559,1.6370083501101627e-05,0.7764810528120714,3,38079.333333333336,132.7867965323852,38051.0,3,37637.0,114.89560478973945,37613.0,3
extended_hex_r2,markov,synchronous,lesion,plastic,0,0,0.68,0.2,0.016,0.5,0.6,0.6,False,0.4171178932535755,0.004070407047595788,0.4178375223797715,3,0.8630451738792516,0.0029363470687669884,0.8619385340564385,3,-0.0037726284503704667,0.019893646924743973,-0.013078980401153,3,-0.0205590592586634,0.010018540918630766,-0.0220991613688768,3,0.021726511343908465,0.024994302144747217,0.0150517991767595,3,1.212719124125446,0.015199250748690643,1.205253361524808,3,0.010150190269216068,0.0009832851476957963,0.0098345320421721,3,0.0,0.0,0.0,3,0.9897583733424783,0.0002690590714684261,0.989690500685871,3,0.0,0.0,0.0,3,0.0,0.0,0.0,3
extended_hex_r2,markov,synchronous,lesion,plastic,0,1,0.68,0.2,0.016,0.5,0.6,0.6,False,0.41258348413150614,0.008986636546081873,0.4151064812685375,3,0.8587736008409926,0.003790787705250633,0.8598181272238087,3,0.006855125741826333,0.09135197403253896,0.0291753890777487,3,-0.015065735307405235,0.024468066000039024,-0.0133920515780419,3,-0.011668240866417733,0.011901531666221843,-0.0182912132322446,3,1.1611903465573226,0.014344826273190154,1.1677504101890537,3,0.0085051357046924,0.0006673363264503373,0.0081885169824918,3,0.0,0.0,0.0,3,0.7777777777777778,0.0,0.7777777777777778,3,37987.0,153.69775535120868,37996.0,3,37978.333333333336,156.2732649346428,37989.0,3
extended_hex_r2,markov,synchronous,lesion,plastic,1,0,0.68,0.2,0.016,0.5,0.6,0.6,False,0.4036023921258814,0.0030039904291272947,0.4032593309439078,3,0.862636115264701,0.0019599425569278264,0.8633528806402943,3,0.01220828316402233,0.045849521981329876,0.016349531595449,3,-0.010685798394958432,0.005303823188577934,-0.0076416807671741,3,-0.0013865255820058,0.01234709368035939,0.0005126196665959,3,1.1873311160179754,0.017717986896660615,1.194002022217611,3,0.009443312898732367,0.0007405294291954607,0.0090736868930937,3,0.0,0.0,0.0,3,0.9903656550068587,0.0002704781692412083,0.9902370541838136,3,0.0,0.0,0.0,3,0.0,0.0,0.0,3
extended_hex_r2,markov,synchronous,lesion,plastic,1,1,0.68,0.2,0.016,0.5,0.6,0.6,False,0.40835798423152836,0.0051710627471788975,0.4067997509060331,3,0.864866892314807,0.0030633366010751123,0.8643131384883487,3,0.0323504885150846,0.015173961972329704,0.0360182190859796,3,0.0147359714749345,0.021142655457483128,0.0089561563090518,3,0.0029774636606111327,0.02473239396091463,0.0094741363785083,3,1.144080146568178,0.018841286515715462,1.1421674817282286,3,0.009539960766924434,0.0010589803626828507,0.0090108570039813,3,0.0,0.0,0.0,3,0.7777777777777778,0.0,0.7777777777777778,3,38263.333333333336,144.29599209033174,38274.0,3,38252.333333333336,145.85037995608062,38264.0,3
extended_hex_r2,markov,synchronous,repeated_lesion,plastic,0,0,0.68,0.2,0.016,0.5,0.6,0.6,False,0.41595518359541866,0.005791861937797362,0.4176294029687258,3,0.8611620340042231,0.0019844756575660336,0.861718389749349,3,-0.04923695100445407,0.026290507281317686,-0.03889207177031,3,-0.03848084799061036,0.009162022717150352,-0.0419837594370582,3,0.0065584513934769,0.02354470036489197,0.0183318622710344,3,1.2081487005798637,0.030685573139684584,1.1949910557770864,3,0.009829216037823699,0.0009560144130888119,0.0095766346056697,3,0.0,0.0,0.0,3,0.9898155292638319,0.00032084647761238027,0.9896690672153636,3,0.0,0.0,0.0,3,0.0,0.0,0.0,3
extended_hex_r2,markov,synchronous,repeated_lesion,plastic,0,1,0.68,0.2,0.016,0.5,0.6,0.6,False,0.41947450323961905,0.003643515831174447,0.4200515991308665,3,0.8638064328552386,0.0025708741422195273,0.8631052389879684,3,-0.002933327946864364,0.08886721416547316,-0.0042398589729771,3,-0.012430607142360967,0.028416473852429184,-0.0151160955928748,3,-0.0121621381177339,0.018796877850089353,-0.0140300184554349,3,1.131520790203952,0.03270013380862552,1.118236750894881,3,0.0091725107787317,0.001496951239385956,0.0092704405686642,3,0.0,0.0,0.0,3,0.7777742055326932,6.187309983549112e-06,0.7777777777777778,3,37989.666666666664,157.00106156753725,37989.0,3,37981.0,159.50235107985085,37982.0,3
extended_hex_r2,markov,synchronous,repeated_lesion,plastic,1,0,0.68,0.2,0.016,0.5,0.6,0.6,False,0.4056909443128332,0.0028216971031585813,0.4068761310661821,3,0.8626932472984538,0.0030177983365482714,0.8640888421860973,3,-0.0045105564386954,0.02621767925784995,-0.014327568036475,3,-0.011701242006110432,0.01481760144527279,-0.0065186740161922,3,-0.000623238418030133,0.01488027611603473,-0.0082385482050836,3,1.2198164905501026,0.018503282423990138,1.2130326133295153,3,0.010151667569664367,0.00126486404102723,0.0108068532919923,3,0.0,0.0,0.0,3,0.9903692272519433,0.00021036853944242452,0.9902477709190672,3,0.0,0.0,0.0,3,0.0,0.0,0.0,3
extended_hex_r2,markov,synchronous,repeated_lesion,plastic,1,1,0.68,0.2,0.016,0.5,0.6,0.6,False,0.4044812959597312,0.0036627401280654188,0.4032878013110862,3,0.8637385518224111,0.0017240646622000352,0.8634873591773007,3,-0.0035129107361755014,0.04543716654913756,0.0009820519676509,3,0.013890554972531865,0.024914928359566477,0.0272722544511586,3,0.0173003041412261,0.022915272791365644,0.0117889299391205,3,1.1430110291416316,0.022202854275171484,1.1376491366560235,3,0.009382023656249234,0.0008254465868209472,0.0096195352171801,3,0.0,0.0,0.0,3,0.7777777777777778,0.0,0.7777777777777778,3,38258.666666666664,120.13880860626827,38252.0,3,38248.0,121.57713600837947,38243.0,3
extended_hex_r2,ql,alpha_async,lesion,plastic,0,0,0.68,0.2,0.016,0.5,0.6,0.6,False,0.45679869880437135,0.03990523588506079,0.4770805464328448,3,0.8435717397598667,0.01290839422152143,0.8507812594281099,3,-0.0013326486104893315,0.07030296692581042,0.0068090901858681,3,-0.002285058372278,0.00995032490556068,-0.0002248668092354,3,0.004374203757978,0.007315007205469233,0.0084045895187655,3,0.6568016251039253,0.3197242398268615,0.8243177294211639,3,0.0025016869456661,0.00014233163118494826,0.0024640247122942,3,0.12646169005725594,0.004267327002939004,0.1240848258917287,3,0.990755029721079,0.00022127744435800563,0.9906550068587106,3,0.0,0.0,0.0,3,0.0,0.0,0.0,3
extended_hex_r2,ql,alpha_async,lesion,plastic,0,1,0.68,0.2,0.016,0.5,0.6,0.6,False,0.44139560297732555,0.02766128588696847,0.438410144755482,3,0.8402832127708644,0.009915970588261415,0.8420024315567186,3,-0.002388584871898733,0.045667236795111664,-0.0209283728719403,3,0.0074090500010009,0.011871864203730107,0.0108840863911343,3,0.005750361367163434,0.00404457344010092,0.0073542124757261,3,0.6092875247919247,0.24629164495933129,0.655105059436643,3,0.004981355542022233,0.003955910197989906,0.00289914374615,3,0.13471029641469356,0.002269178083096899,0.1356455176974581,3,0.7777563443072703,2.8353816347990083e-05,0.777767061042524,3,39455.0,173.5540261705271,39376.0,3,39418.666666666664,170.21848704924412,39347.0,3
extended_hex_r2,ql,alpha_async,lesion,plastic,1,0,0.68,0.2,0.016,0.5,0.6,0.6,False,0.4432067907502824,0.03370299077729447,0.4413366962313823,3,0.8403128973933933,0.010130865752765667,0.8459638853358376,3,-0.0305541712830748,0.05729529547929829,-0.0104576618415677,3,-0.00043442363049756597,0.013952788987230857,0.005736715537694,3,-0.0004719714272353936,0.005943405902744217,3.988819062211852e-05,3,0.644457213181023,0.2530841868248344,0.7534725314546191,3,0.006426406003264534,0.005337935646471898,0.0040810901530076,3,0.1360879222622063,0.0038292743782274595,0.1359330954507274,3,0.989061785550983,0.00019770367658350615,0.9891117969821672,3,0.0,0.0,0.0,3,0.0,0.0,0.0,3
extended_hex_r2,ql,alpha_async,lesion,plastic,1,1,0.68,0.2,0.016,0.5,0.6,0.6,False,0.41707325596216127,0.025286607313369288,0.4066045223358805,3,0.8151863063708253,0.013601811104432903,0.8082656897475433,3,-0.018552618662939332,0.02994238136807788,-0.0267280031341436,3,0.0033794514122062005,0.015616452500359555,0.0040964241542881,3,-0.007394964297176433,0.02464840584577493,-0.0087279929765715,3,0.45184577814419163,0.21582339128463526,0.3869474433820912,3,0.005520771466493533,0.0010582153583175292,0.0055605759715366,3,0.1536424990428933,0.005064174738361108,0.1527488559263833,3,0.7776420324645633,3.7635937331651994e-05,0.7776384602194787,3,39321.0,181.35324645563972,39284.0,3,39247.666666666664,179.24657132936653,39215.0,3
extended_hex_r2,ql,alpha_async,repeated_lesion,plastic,0,0,0.68,0.2,0.016,0.5,0.6,0.6,False,0.45673235512329463,0.039957234361527955,0.4770530227206876,3,0.843359535542597,0.013273541978305856,0.8507831244961211,3,-0.0010476704502097635,0.06982102216002381,0.0067440956992026,3,-0.0021467594589715333,0.009934865607233462,-0.0001807302224832,3,0.004333721028325734,0.00697915579615194,0.007996656226566,3,0.6571563910488173,0.320231173689799,0.8252937603707029,3,0.0025110860824206333,0.00014104071037749637,0.0024774073532854,3,0.12646289671379643,0.004273423023638378,0.1240804755600864,3,0.9907514574759945,0.00020446227739567,0.9906442901234568,3,0.0,0.0,0.0,3,0.0,0.0,0.0,3
extended_hex_r2,ql,alpha_async,repeated_lesion,plastic,0,1,0.68,0.2,0.016,0.5,0.6,0.6,False,0.4407824986046573,0.02781171078815178,0.436650657377667,3,0.8403141644274622,0.008916559563747697,0.8419221798952259,3,-0.011611080470757837,0.04246826831539403,-0.0357684211316535,3,0.0048805783449219,0.012581523485087443,0.0107199886725153,3,0.0046498452209728,0.0039041048480838348,0.0058739152139057,3,0.601867522994248,0.24629847347205458,0.6394746632770147,3,0.005184013378611266,0.004141591857061986,0.0029830895959019,3,0.1345344012022807,0.002304651993814449,0.1356138473058109,3,0.7777491998171011,2.696985895084573e-05,0.7777456275720165,3,39453.666666666664,175.87021730052447,39376.0,3,39416.333333333336,173.7076087375938,39347.0,3
extended_hex_r2,ql,alpha_async,repeated_lesion,plastic,1,0,0.68,0.2,0.016,0.5,0.6,0.6,False,0.4432672631544381,0.0336919407644364,0.4413948463933619,3,0.8403023845855984,0.010100207648055881,0.8459210808438685,3,-0.027714840310414896,0.05962180934756784,-0.0014148644375369,3,0.0003331330609943328,0.01423572836048574,0.0078162450574041,3,0.0007897273383397002,0.006027026825857171,0.0032510481086386,3,0.6438417912612276,0.25164875426803457,0.7497966041372878,3,0.006271043340525167,0.00503113928265028,0.0041272610481252,3,0.13619458398206596,0.003809412643967989,0.1362993531867304,3,0.9890653577960676,0.0002128110855139214,0.9891117969821672,3,0.0,0.0,0.0,3,0.0,0.0,0.0,3
extended_hex_r2,ql,alpha_async,repeated_lesion,plastic,1,1,0.68,0.2,0.016,0.5,0.6,0.6,False,0.4181417001411907,0.026401449613768106,0.4069822733179545,3,0.8157973866293577,0.013537945318655611,0.8081806543927474,3,-0.02339361299692237,0.039395530893831236,-0.0395285430833661,3,0.0025415728839327,0.0076389219101835664,0.0049244222555773,3,-0.003658055731999501,0.00845326914796696,-0.0078153042855994,3,0.4527888441661052,0.22249031247365358,0.3843565013111408,3,0.005249930368377467,0.0005568844652499236,0.0054273656321224,3,0.15320836217612863,0.005416248835368067,0.1524985468722802,3,0.7776134545038866,2.2308663403045464e-05,0.7776063100137174,3,39324.333333333336,183.0227672540577,39293.0,3,39250.666666666664,182.65358833960445,39227.0,3
extended_hex_r2,ql,block_async,lesion,plastic,0,0,0.68,0.2,0.016,0.5,0.6,0.6,False,0.43318926372946115,0.012204197703198442,0.4388940660372363,3,0.9431455886962543,0.04627037578728303,0.9661158266494329,3,-0.018921335685778497,0.035400721713139835,-0.0068702583362977,3,-0.015529773762326332,0.026772638707436555,-0.0121804346023466,3,-0.012220907213126733,0.008661284974880142,-0.012103642052609,3,0.0465823634629888,0.05751301308426327,0.0162240677244414,3,0.031461634813714535,0.00816756393168863,0.0357900038419508,3,0.14863487240383358,0.01784178173641579,0.1392786095596157,3,0.9879293838591678,0.002043986070659779,0.9883937757201646,3,0.0,0.0,0.0,3,0.0,0.0,0.0,3
extended_hex_r2,ql,block_async,lesion,plastic,0,1,0.68,0.2,0.016,0.5,0.6,0.6,False,0.3974348388876137,0.004886547181676389,0.3965737072626136,3,0.7857744529552174,0.012884318784025179,0.7783821290243772,3,0.015566598790214667,0.008017457610002417,0.0118681990654776,3,0.011498326564375902,0.016127294123881,0.0143599492878318,3,-0.0023540760273372675,0.022108786219751927,-0.0103039579178657,3,0.2763159142562719,0.0073531293449288415,0.2735084373159782,3,0.015460625538420666,0.0017077702110022475,0.0148568058280873,3,0.18967459518610663,0.006969845690187809,0.1932795133646558,3,0.7775348651120256,2.4749239934396756e-05,0.7775205761316872,3,39534.333333333336,170.08625262887352,39471.0,3,39380.0,171.0818517552344,39320.0,3
extended_hex_r2,ql,block_async,lesion,plastic,1,0,0.68,0.2,0.016,0.5,0.6,0.6,False,0.34849463625582344,0.0029086914542957192,0.3483166033507955,3,0.7343122870374956,0.0024575288803455417,0.7349431568894159,3,0.028486137976198932,0.01178518309988778,0.027443090011038,3,0.025715511904310068,0.00926841393681919,0.0265080651469354,3,-0.005405221456160868,0.013117784364979979,-0.009700783347405,3,0.2566002244955843,0.02541180857609963,0.2595988037151489,3,0.018586138337261065,0.0065175430425632045,0.0207779844113449,3,0.23424865164522676,0.0016748700819459415,0.2344869530406444,3,0.9402434842249657,0.0032175023286029995,0.9393539951989026,3,0.0,0.0,0.0,3,0.0,0.0,0.0,3
extended_hex_r2,ql,block_async,lesion,plastic,1,1,0.68,0.2,0.016,0.5,0.6,0.6,False,0.33548137543203876,0.0010975533657138997,0.3349142890717692,3,0.6895367878767201,0.0011044660517106582,0.689373771606928,3,0.026786245768874905,0.009568923363581458,0.0212955710548627,3,0.031081311908771368,0.008943188934814108,0.0280511464737432,3,0.0067910861872005,0.000969770541753791,0.0073031359784462,3,0.40501471750503654,0.016304648715427018,0.4064389854377227,3,0.015114968636264834,0.009208827511805427,0.0120795742948936,3,0.2453850700341793,0.0012782766131654857,0.2452438288279587,3,0.7760595278920897,0.00010408666469717713,0.7760845336076817,3,38238.0,169.49631264425784,38155.0,3,37684.666666666664,163.866815839369,37620.0,3
extended_hex_r2,ql,block_async,repeated_lesion,plastic,0,0,0.68,0.2,0.016,0.5,0.6,0.6,False,0.43319954543419037,0.01207838461301124,0.4388738293186212,3,0.942940425038073,0.04643500757298878,0.96595397922772,3,-0.020986422892319067,0.0342538991023932,-0.0124959726003647,3,-0.017060441938662536,0.025448207120052295,-0.0142716279594911,3,-0.0124290658163021,0.00884800331963351,-0.0119454781424371,3,0.046719426569194034,0.05823138759808189,0.0158428609705063,3,0.03228864918686503,0.008818908370487068,0.0367233240060357,3,0.14844497767876028,0.017438790243277685,0.1393234224874432,3,0.9879758230452674,0.001950445816186537,0.9883830589849107,3,0.0,0.0,0.0,3,0.0,0.0,0.0,3
extended_hex_r2,ql,block_async,repeated_lesion,plastic,0,1,0.68,0.2,0.016,0.5,0.6,0.6,False,0.3981988028866641,0.0041753271291380765,0.3976199456892372,3,0.7852600349645883,0.01298965254210045,0.7782249109343491,3,0.028583123317232367,0.014723872605780229,0.0294058767309423,3,0.01610454668020597,0.003934212049866541,0.0177356046232427,3,0.005121326854646634,0.014790472170507048,-0.001899009263061,3,0.2802477564308083,0.0113276126420448,0.2864976557393418,3,0.0159838147675468,0.0020487657982006346,0.0168261010920163,3,0.18817478581304556,0.006456211241462509,0.1909813046187911,3,0.7775455818472793,2.696985895083838e-05,0.7775420096021948,3,39550.666666666664,176.91052352342894,39466.0,3,39395.666666666664,173.56362906246716,39314.0,3
extended_hex_r2,ql,block_async,repeated_lesion,plastic,1,0,0.68,0.2,0.016,0.5,0.6,0.6,False,0.348666822106569,0.0029526512285745887,0.3485221297667112,3,0.7344100382981145,0.0028337727307707074,0.7337985943647147,3,0.0335406262955312,0.0140411040239522,0.0309564032758051,3,0.028059060728269497,0.01129805375540978,0.0278421089947381,3,-0.005198869692432433,0.012140585370512923,-0.0058587069868702,3,0.2586829010011907,0.031861631819059814,0.2589528619816228,3,0.01856868227356227,0.006973467594309158,0.0206597230595093,3,0.23382240649341224,0.0009718964820727886,0.2334769668943807,3,0.9402792066758116,0.003268100585599425,0.9393968621399176,3,0.0,0.0,0.0,3,0.0,0.0,0.0,3
extended_hex_r2,ql,block_async,repeated_lesion,plastic,1,1,0.68,0.2,0.016,0.5,0.6,0.6,False,0.3355598070141718,0.000858967523260676,0.3351407392134764,3,0.6891992526011491,0.002091830724882586,0.6900552042210515,3,0.023884311027182633,0.007622059832655023,0.0203596591137053,3,0.030501650405117233,0.00851115190691889,0.028347776127774,3,0.0041749718439968,0.0009652087649316724,0.0036600459793238,3,0.40525778973617127,0.016786551629972037,0.4015740118223062,3,0.015228957029485233,0.008982209608259382,0.0125203718752533,3,0.24521829088805067,0.0012379720342202436,0.2449812889481313,3,0.7759666495198903,9.525242645441605e-05,0.775934499314129,3,38228.0,186.21224449536072,38123.0,3,37673.0,187.11226576576962,37612.0,3
extended_hex_r2,ql,synchronous,lesion,plastic,0,0,0.68,0.2,0.016,0.5,0.6,0.6,False,0.4074861049357998,0.0026069325523223235,0.4074360389332669,3,0.8496916443525802,0.0021432144910291124,0.8490214785729995,3,-0.007557524794348,0.018315930768379014,-0.0088413755158802,3,-0.022554790848103103,0.008772841971111795,-0.0177067300200476,3,-0.004627460380913133,0.025108532439430748,-0.0122265876995154,3,1.219755123425826,0.002626803839369955,1.220904972351873,3,0.009760812065158499,0.0008246193150534842,0.0098235671872834,3,0.21701899180076925,0.003973194490458803,0.2188735261158327,3,0.99140160608139,0.0002089992352009799,0.9913087277091908,3,0.0,0.0,0.0,3,0.0,0.0,0.0,3
extended_hex_r2,ql,synchronous,lesion,plastic,0,1,0.68,0.2,0.016,0.5,0.6,0.6,False,0.4039217681689499,0.004787449406892567,0.4059023766740832,3,0.8450500240852623,0.003581358523595654,0.8462830232187974,3,0.026869119166186034,0.025317358807607857,0.0233899331128817,3,0.009870288415883768,0.00674999079141163,0.0072864925954713,3,-0.0063945096477952,0.014032791994869629,-0.0093431518502456,3,1.1962543557908398,0.014727549525026645,1.18941124417204,3,0.009079303369465667,0.0016316179844552752,0.0082575192124521,3,0.2150732055495647,0.002838501351385708,0.2135493184168851,3,0.7777742055326932,6.1873099835971865e-06,0.7777777777777778,3,38921.0,174.07182425654074,38846.0,3,38914.666666666664,174.7264528722932,38842.0,3
extended_hex_r2,ql,synchronous,lesion,plastic,1,0,0.68,0.2,0.016,0.5,0.6,0.6,False,0.4011943775091125,0.0031164445393307406,0.4015810142490637,3,0.8519947901297545,0.0045977814002047665,0.8537619874943865,3,-0.031764725713895034,0.05211031392222019,-0.0078176968451128,3,-0.015776822978243933,0.030365026851213076,-0.0231994721551873,3,0.010674711395709233,0.009130143430272651,0.0070300195256651,3,1.197316720453992,0.002728862840105798,1.1986160692973258,3,0.0089305111171181,0.0010957365635010112,0.0091896805387012,3,0.23006493575170264,0.001776450479979316,0.229179523493666,3,0.9909122085048011,0.0003220374485878766,0.9909336419753086,3,0.0,0.0,0.0,3,0.0,0.0,0.0,3
extended_hex_r2,ql,synchronous,lesion,plastic,1,1,0.68,0.2,0.016,0.5,0.6,0.6,False,0.4034996361382109,0.001991668313398369,0.4044976357331354,3,0.8529715170651998,0.0016396919143327198,0.8525941459586021,3,-0.012726817686178131,0.025672499787600153,-0.0027785506229265,3,-0.0013175971416826658,0.03148956607607335,-0.0183307423784429,3,0.0005673934426765331,0.011009532719693318,0.0009098487146576,3,1.1384046866907154,0.007290709048353907,1.142493906934233,3,0.008658871432699266,0.0007293421484373167,0.0082768768149834,3,0.22264853171533425,0.0013417161519900594,0.2234140594006936,3,0.7777742055326932,6.1873099835811615e-06,0.7777777777777778,3,38817.0,199.36900461205096,38751.0,3,38809.333333333336,198.74690773275677,38742.0,3
extended_hex_r2,ql,synchronous,repeated_lesion,plastic,0,0,0.68,0.2,0.016,0.5,0.6,0.6,False,0.41223129105224743,0.0013833688816832861,0.4129582888221433,3,0.8487195560223054,0.00408939463319599,0.8492593298523461,3,-0.04306481269648214,0.021416834602270594,-0.0374154237693014,3,-0.0452053648249409,0.015033055416061985,-0.0433710810749607,3,-0.0045168104665241,0.0028047755948724636,-0.0058219994651186,3,1.2335105953695644,0.0024279252511889868,1.234545848862436,3,0.010678247414786934,0.0009224394420633811,0.010396347330285,3,0.21899761900610595,0.0006350313193192174,0.2189159282346718,3,0.9913944615912209,0.0003118919798280011,0.9912765775034292,3,0.0,0.0,0.0,3,0.0,0.0,0.0,3
extended_hex_r2,ql,synchronous,repeated_lesion,plastic,0,1,0.68,0.2,0.016,0.5,0.6,0.6,False,0.40902260417823294,0.0029415550895369276,0.4094603162800401,3,0.8509497682454215,0.0014207531660081628,0.8504784533859737,3,-0.0027893497130139036,0.06838495331471753,-0.0134397338480718,3,-0.013154046885920334,0.009864605877346574,-0.0116727856566131,3,0.004031646550314467,0.005632722283877895,0.0054656053603795,3,1.1541686292671667,0.009087225951071108,1.157701931837163,3,0.0093750334528225,0.000640924144202411,0.0090293153694389,3,0.21817410260878956,0.004032758701185056,0.2187095637487794,3,0.7777777777777778,0.0,0.7777777777777778,3,38914.0,179.96944185055418,38841.0,3,38907.666666666664,180.68019629537076,38837.0,3
extended_hex_r2,ql,synchronous,repeated_lesion,plastic,1,0,0.68,0.2,0.016,0.5,0.6,0.6,False,0.4039724084903997,0.000180185473869722,0.4039361646350572,3,0.8540041432405117,0.002035927844589596,0.8551084384381434,3,0.016110965460501035,0.024531825341248988,0.0266391464755123,3,0.0069830508322532335,0.005266302554757109,0.0045282974961892,3,0.007290448406129066,0.03727588588822333,0.0074856322397485,3,1.224098261428994,0.03047645721153016,1.2117692967635034,3,0.009668622315105667,0.0011921239855278841,0.0090936110740415,3,0.228919672382955,0.003035355829508355,0.2295071921883238,3,0.9908157578875171,0.00040511527287889775,0.9909765089163236,3,0.0,0.0,0.0,3,0.0,0.0,0.0,3
extended_hex_r2,ql,synchronous,repeated_lesion,plastic,1,1,0.68,0.2,0.016,0.5,0.6,0.6,False,0.4074487014451484,0.0010211500461980295,0.4073695817561957,3,0.8553464978069311,7.85604783765384e-05,0.8553260157180208,3,-0.009981061575725335,0.05629181378145519,-0.0208131755618636,3,0.005776218946512933,0.005902503304620692,0.0068550677794561,3,-0.004211014871961767,0.007824794968372526,-0.0025865375756137,3,1.15598418043005,0.019411232735813393,1.166128679970502,3,0.0077887597876700335,0.00016162298804340595,0.0077711217341656,3,0.22484793462959338,0.0009596191871277448,0.2247120813586413,3,0.7777777777777778,0.0,0.7777777777777778,3,38816.0,174.26129805553498,38753.0,3,38808.333333333336,173.67882235129582,38744.0,3
extended_moore_r2,markov,alpha_async,lesion,plastic,0,0,0.68,0.2,0.016,0.5,0.6,0.6,False,0.4645022159699323,0.007600718476550887,0.4649463378646432,3,0.8428307469763383,0.0017439276163662327,0.8437653906669041,3,0.011201761273894032,0.04910342019416105,0.0068264479048086,3,-0.012206242180333999,0.0033178643519015663,-0.0105192594678031,3,-0.00026225909465669967,0.011172294529763926,-0.0060631143000826,3,0.8514604628107736,0.019500541564854344,0.8497803311992609,3,0.010287663898874533,0.006427967677609176,0.0066657098101197,3,0.0,0.0,0.0,3,0.9819315843621399,0.0004132896133031064,0.981786908436214,3,0.0,0.0,0.0,3,0.0,0.0,0.0,3
extended_moore_r2,markov,alpha_async,lesion,plastic,0,1,0.68,0.2,0.016,0.5,0.6,0.6,False,0.4388741886251392,0.03370501418535555,0.4340966493806693,3,0.8233483433485745,0.01477330473975727,0.8161483876297162,3,-0.013415102295807202,0.013591105055202347,-0.0114465959918219,3,0.0003893655101932,0.006433263263859125,0.0016376352727565,3,0.00027118249414673337,0.0038992249651336837,-0.000206467732668,3,0.6114500129875771,0.30016767391426596,0.7548111291239736,3,0.008098412591296032,0.006852229190568181,0.004438463941867,3,0.0,0.0,0.0,3,0.7496651020233195,0.00010793486946204884,0.7497106481481481,3,39460.0,121.4454610102823,39397.0,3,38897.0,93.95211546314431,38859.0,3
extended_moore_r2,markov,alpha_async,lesion,plastic,1,0,0.68,0.2,0.016,0.5,0.6,0.6,False,0.43539173491832067,0.030251198927616275,0.442969866464488,3,0.8137430908425922,0.011397158319077762,0.8107653518603369,3,-0.019102835509699333,0.035261018141970114,0.000210401495531,3,-0.056118326508960335,0.03676343788575402,-0.0701345382818642,3,-0.0470178089968499,0.025631994787918402,-0.0543445378505538,3,0.7487042610183116,0.19338174311784745,0.8573851762793587,3,0.0099005530584041,0.0027019461603758075,0.0113309407873811,3,0.0,0.0,0.0,3,0.9705048653978053,0.0017743945359377164,0.9708558384773662,3,0.0,0.0,0.0,3,0.0,0.0,0.0,3
extended_moore_r2,markov,alpha_async,lesion,plastic,1,1,0.68,0.2,0.016,0.5,0.6,0.6,False,0.3423383204093921,0.00353354744562458,0.342757430132633,3,0.6612606062220144,0.005167572797299806,0.6641501141436591,3,0.008977604824291,0.00752731031009876,0.0052006713793919,3,0.008729856584963966,0.004202397367340032,0.0090552521704506,3,-0.013574164433756733,0.004437291502143275,-0.0117682279607705,3,0.6405215119603702,0.027470735118864675,0.6433804699171543,3,0.03186846676568993,0.00015195828606322532,0.0319084178522403,3,0.0,0.0,0.0,3,0.7459678283607681,0.00026770396083673444,0.7460535622427984,3,39446.666666666664,155.32009957933215,39374.0,3,38220.333333333336,170.1244642411343,38152.0,3
extended_moore_r2,markov,alpha_async,repeated_lesion,plastic,0,0,0.68,0.2,0.016,0.5,0.6,0.6,False,0.46447689806286796,0.007831652269059202,0.4651107955888072,3,0.8426084446551472,0.0014622721175153437,0.8432903088149759,3,0.010996939981142269,0.05085171170299199,0.0070462257510273,3,-0.011517021568491367,0.002658405359947589,-0.0102101922915284,3,-0.0004547132603553664,0.011983854886768713,-0.0069776794686092,3,0.8511210273549293,0.018496083189013864,0.8479505079880167,3,0.010330319138744933,0.0065646202351307545,0.0066174278995734,3,0.0,0.0,0.0,3,0.9819315843621399,0.00042689916810976375,0.981811021090535,3,0.0,0.0,0.0,3,0.0,0.0,0.0,3
extended_moore_r2,markov,alpha_async,repeated_lesion,plastic,0,1,0.68,0.2,0.016,0.5,0.6,0.6,False,0.43872876563775787,0.03350559159161822,0.433805551761721,3,0.8233807177446705,0.014310793640172754,0.8163051960747112,3,-0.010766762705661301,0.006765575995269717,-0.0114900718433902,3,0.0010965917764168,0.006884651327380746,0.0012095596249637,3,-0.00011380779470513335,0.003429642059162892,-0.000560570266369,3,0.6117998968132271,0.2995589856685006,0.7565533789777563,3,0.008070224929156366,0.006625023892781609,0.0045472739274978,3,0.0,0.0,0.0,3,0.7496865354938271,0.00010261658737465317,0.7497106481481481,3,39459.666666666664,121.76343183950421,39397.0,3,38899.0,92.57969539807311,38858.0,3
extended_moore_r2,markov,alpha_async,repeated_lesion,plastic,1,0,0.68,0.2,0.016,0.5,0.6,0.6,False,0.43654184325019885,0.030645420096175175,0.4467204344975578,3,0.8152736957659763,0.01068697680340251,0.8156388725386229,3,-0.017090116808591533,0.034859212162918304,-0.0025215385693817,3,-0.052554259573143365,0.035476436879965656,-0.0596417007572931,3,-0.040917257462521596,0.020868898241523756,-0.0498736006401224,3,0.7489539888774956,0.1932322591660665,0.8548799176287561,3,0.009446779217122067,0.002640866105233354,0.0098604992720075,3,0.0,0.0,0.0,3,0.9705316572359396,0.0016680646618474728,0.9708317258230452,3,0.0,0.0,0.0,3,0.0,0.0,0.0,3
extended_moore_r2,markov,alpha_async,repeated_lesion,plastic,1,1,0.68,0.2,0.016,0.5,0.6,0.6,False,0.3434347871815692,0.003884646422843333,0.3434412110126142,3,0.6627216702195932,0.0061573082272159555,0.6642495731370678,3,0.009440257083458367,0.0059462159705901945,0.0065097075847774,3,0.012627717705118932,0.007621597714023848,0.0118954955736837,3,-0.006934052553932366,0.011128350053085982,-0.0104126268950044,3,0.6413240648929258,0.030132370316808748,0.6486952133698227,3,0.030655655745905164,0.0009785622495110014,0.0303714554979982,3,0.0,0.0,0.0,3,0.7459410365226337,0.0002874478321477709,0.7459812242798354,3,39449.0,149.78985279383915,39386.0,3,38219.333333333336,170.45918377527502,38140.0,3
extended_moore_r2,markov,block_async,lesion,plastic,0,0,0.68,0.2,0.016,0.5,0.6,0.6,False,0.35227980874375814,0.013209481279522789,0.3518401048150968,3,0.7674106065994213,0.03114509199089199,0.771969765540337,3,0.010969772479749633,0.010365335566433423,0.0090706455214672,3,0.006162803797360933,0.009984693563844299,0.0023753545804802,3,-0.005531123097310666,0.00426574941713422,-0.0049798829584849,3,0.4240598452808433,0.06315074152251546,0.4280572405658579,3,0.050523429102804863,0.01779812972500904,0.051284346751503,3,0.0,0.0,0.0,3,0.8952948173868313,0.015116758286899285,0.8947964891975309,3,0.0,0.0,0.0,3,0.0,0.0,0.0,3
extended_moore_r2,markov,block_async,lesion,plastic,0,1,0.68,0.2,0.016,0.5,0.6,0.6,False,0.35948221116724066,0.0019989698261962236,0.3584372647714097,3,0.7200849670601853,0.0022911367456573627,0.7189277018694616,3,0.021529304438764534,0.014786447938532616,0.0241619667911116,3,0.017572498315329633,0.015210954290212134,0.0137919022019362,3,-0.004421828847708834,0.0024079625807694395,-0.0056021643106034,3,0.4834972513253842,0.016974987667965326,0.4900389331130094,3,0.0286489872732336,0.0013159482478575606,0.0284069391323246,3,0.0,0.0,0.0,3,0.7462223508230452,0.0002568246095143871,0.7463107638888888,3,39893.0,200.81583602893474,39840.0,3,38501.666666666664,229.58731091533298,38466.0,3
extended_moore_r2,markov,block_async,lesion,plastic,1,0,0.68,0.2,0.016,0.5,0.6,0.6,False,0.27944836277729784,0.0014526655174966591,0.279567303580999,3,0.6386315163069303,0.0052019141372671536,0.6398935249675838,3,0.0343907149637897,0.003453556110918143,0.0327548008307022,3,0.03482612803276277,0.0020293485840334594,0.0341493709560595,3,-0.0009768469010964,0.0023004053656856273,-0.0009821063446416,3,0.8679216500133503,0.009917693393642527,0.8697290276602457,3,0.08013160767408377,0.02519309849258696,0.0883406593419863,3,0.0,0.0,0.0,3,0.8401223851165981,0.000988466341525174,0.840623392489712,3,0.0,0.0,0.0,3,0.0,0.0,0.0,3
extended_moore_r2,markov,block_async,lesion,plastic,1,1,0.68,0.2,0.016,0.5,0.6,0.6,False,0.29244630612881245,0.00039158993422746944,0.2923837191671253,3,0.6267765656351337,0.0024449401014383343,0.626582113429914,3,0.029094750854188233,0.010233836033174711,0.0234768070965004,3,0.029638177437267533,0.006176551101283853,0.0268029199770348,3,0.0027356703446503334,0.002803722130467164,0.0032418987015486,3,0.7961787523176639,0.002917099305852623,0.7948810363143786,3,0.030416658095441796,0.006257173046513652,0.0314350540193286,3,0.0,0.0,0.0,3,0.7407916452331961,0.000373926151301543,0.7408050411522634,3,39314.0,177.11295830627412,39251.0,3,36295.333333333336,143.61522667646713,36230.0,3
extended_moore_r2,markov,block_async,repeated_lesion,plastic,0,0,0.68,0.2,0.016,0.5,0.6,0.6,False,0.3527351726869525,0.01294530906787768,0.3528541335381781,3,0.7676020605530921,0.03109156907343231,0.7728278827251914,3,0.012400283037569534,0.010379019122946097,0.014710862510743,3,0.0075368271813441,0.009567831125167865,0.0062001633927769,3,-0.00022592927351396697,0.009292738799952674,0.0013002317520318,3,0.4231608974646954,0.06145188133668295,0.4255476795940924,3,0.049775457251642834,0.017283653723813394,0.0497567614282292,3,0.0,0.0,0.0,3,0.8953001757544582,0.015143336350988624,0.8948688271604939,3,0.0,0.0,0.0,3,0.0,0.0,0.0,3
extended_moore_r2,markov,block_async,repeated_lesion,plastic,0,1,0.68,0.2,0.016,0.5,0.6,0.6,False,0.35955252651359587,0.0031494483345667307,0.3578140584338241,3,0.7212260528540876,0.0022722671659146784,0.7220584254022245,3,0.02149110431174747,0.01605215735317882,0.0187203972162771,3,0.018015971171414135,0.01524468021891446,0.0156592653680754,3,-0.001023604590378867,0.006745259628176343,-0.0037438509854358,3,0.4861455753175708,0.018749046921235163,0.493911252780404,3,0.0301578823856966,0.0016513938890739622,0.0298549158360822,3,0.0,0.0,0.0,3,0.7463000471536351,0.0003192166282709135,0.7464072145061729,3,39890.0,203.7375763083482,39837.0,3,38508.0,223.33606963497857,38475.0,3
extended_moore_r2,markov,block_async,repeated_lesion,plastic,1,0,0.68,0.2,0.016,0.5,0.6,0.6,False,0.2795244017050706,0.0014305737454016873,0.2792882523675019,3,0.6382854733961064,0.0051042748747483655,0.6383953031088027,3,0.03472289151801697,0.0037710645659039584,0.0356296283947613,3,0.03656443193109304,0.0017279286518792378,0.0372372401898467,3,0.0031976636567374334,0.00020631796179219837,0.0031752398423049,3,0.8676135748006925,0.011016608232074863,0.8731686889058998,3,0.08036355314877214,0.024916422420845644,0.0889427072184754,3,0.0,0.0,0.0,3,0.8402804569615911,0.0011571375970332001,0.8408243312757202,3,0.0,0.0,0.0,3,0.0,0.0,0.0,3
extended_moore_r2,markov,block_async,repeated_lesion,plastic,1,1,0.68,0.2,0.016,0.5,0.6,0.6,False,0.29232164862062265,0.0008029118265225603,0.2923005113811815,3,0.6259398702310289,0.001265964452878582,0.6260468078540795,3,0.028651064294069602,0.012166475977062325,0.0231615006142257,3,0.029266539343644832,0.006538412943817798,0.0266448405781517,3,0.0021888445614309335,0.0027201879629439913,0.0009649134659531,3,0.7971149830027712,0.007010296762079054,0.7955666584873181,3,0.029968562516852936,0.006429564056203832,0.0305549665187863,3,0.0,0.0,0.0,3,0.7407916452331961,0.00037753683319612997,0.7408532664609053,3,39311.666666666664,174.333970680799,39252.0,3,36290.333333333336,136.2142919569494,36232.0,3
extended_moore_r2,markov,synchronous,lesion,plastic,0,0,0.68,0.2,0.016,0.5,0.6,0.6,False,0.019311148254539067,0.008549245711017464,0.0241839027190689,3,0.039782282141647,0.017426551179707712,0.0495650099610802,3,0.09287242749179196,0.055055844341419816,0.0883415460455213,3,0.10000596222989783,0.07062510159183866,0.1287074948161212,3,0.2001824288339162,0.04265653885990146,0.2197530463474389,3,0.2422099782125765,0.10465135891274435,0.2970363653782958,3,0.0339980112536214,0.01358094774626018,0.0418313490505528,3,0.0,0.0,0.0,3,0.9786897719478738,5.64539059974174e-05,0.9786844135802468,3,0.0,0.0,0.0,3,0.0,0.0,0.0,3
extended_moore_r2,markov,synchronous,lesion,plastic,0,1,0.68,0.2,0.016,0.5,0.6,0.6,False,0.4101563395322729,0.00263697302590536,0.4102112511565379,3,0.8616463966989748,0.002793622233003809,0.8631537252427,3,-0.007005961206062235,0.06673276454688028,0.0230132376627522,3,-0.010695007108372833,0.020696342106619785,-0.0098563969005549,3,-0.011306645619853799,0.021923154433416893,-0.0058556337424702,3,1.1002721680968726,0.01855948075451712,1.0972011003956788,3,0.010932304981855533,0.0006632919884343169,0.0106146792387294,3,0.0,0.0,0.0,3,0.7499196244855968,1.3921447463101681e-05,0.7499115869341564,3,39458.666666666664,212.45313208642926,39401.0,3,39277.333333333336,231.65563522895977,39199.0,3
extended_moore_r2,markov,synchronous,lesion,plastic,1,0,0.68,0.2,0.016,0.5,0.6,0.6,False,0.4035398628046835,0.005845063456638187,0.4032715693784956,3,0.8646706481016064,0.003061700216643125,0.8655675585967388,3,-0.0459887974091712,0.004742049311440246,-0.0472052875395819,3,-0.02583812037714303,0.015050718962023748,-0.029813839333432,3,-0.009248625275785,0.01804014364903558,-0.008048809036458,3,1.1873113100155246,0.022115633933098854,1.1751478398293886,3,0.012860572579498833,0.001221248376848183,0.0131617447096344,3,0.0,0.0,0.0,3,0.9848840449245541,0.00017169785204481391,0.9847849151234568,3,0.0,0.0,0.0,3,0.0,0.0,0.0,3
extended_moore_r2,markov,synchronous,lesion,plastic,1,1,0.68,0.2,0.016,0.5,0.6,0.6,False,0.4093224954769685,0.003657094904510597,0.4097964064881843,3,0.8663673243261419,0.0017092294597562986,0.8662202310189914,3,0.0026546832171518,0.026561442276435986,0.0170729382320693,3,-0.0002905167933623997,0.00673405665648947,-0.0023782019467461,3,0.0008339073895785332,0.027272397756090645,0.0138177471596298,3,1.134645575341013,0.023909240232823196,1.1249039705090875,3,0.011383359291322767,0.0006813183906781671,0.0115936743128081,3,0.0,0.0,0.0,3,0.7499276620370371,3.6832687877454435e-05,0.7499196244855967,3,39633.0,200.0574917367505,39519.0,3,39442.333333333336,214.64932642180102,39340.0,3
extended_moore_r2,markov,synchronous,repeated_lesion,plastic,0,0,0.68,0.2,0.016,0.5,0.6,0.6,False,0.019311148254539067,0.008549245711017464,0.0241839027190689,3,0.039782282141647,0.017426551179707712,0.0495650099610802,3,0.09287242749179196,0.055055844341419816,0.0883415460455213,3,0.10000596222989783,0.07062510159183866,0.1287074948161212,3,0.2001824288339162,0.04265653885990146,0.2197530463474389,3,0.2422099782125765,0.10465135891274435,0.2970363653782958,3,0.0339980112536214,0.01358094774626018,0.0418313490505528,3,0.0,0.0,0.0,3,0.9786897719478738,5.64539059974174e-05,0.9786844135802468,3,0.0,0.0,0.0,3,0.0,0.0,0.0,3
extended_moore_r2,markov,synchronous,repeated_lesion,plastic,0,1,0.68,0.2,0.016,0.5,0.6,0.6,False,0.41477041819266064,0.0045624687677047375,0.4151429903515025,3,0.8643706372847997,0.004254239249496715,0.8656511355952274,3,-0.0261870856322633,0.033128165215917965,-0.0095148430331562,3,-0.008286675397750734,0.013389574039783863,-0.0136794206834103,3,-0.023145760696209935,0.013100285927182943,-0.0159093983951339,3,1.101534785744433,0.021341361739415983,1.110945106631784,3,0.010637292573926134,0.0024280050705301577,0.0103548485651034,3,0.0,0.0,0.0,3,0.7499356995884773,2.1265362260929618e-05,0.7499437371399177,3,39466.0,216.37698583721883,39416.0,3,39287.0,237.33731270072138,39215.0,3
extended_moore_r2,markov,synchronous,repeated_lesion,plastic,1,0,0.68,0.2,0.016,0.5,0.6,0.6,False,0.4089172504765781,0.0066104446138947545,0.4113700361011395,3,0.8677678504965368,0.0029405318430152055,0.8681834766034522,3,-0.02548130396276407,0.03397126087178701,-0.0111052572488617,3,-0.0358237883503515,0.02035739992744513,-0.0459960119845006,3,0.015759668488366,0.011752704817837592,0.0090542640251628,3,1.1713602955625897,0.016971675157398402,1.1802319773665046,3,0.012238479507600366,0.000994666732356717,0.0120168913920008,3,0.0,0.0,0.0,3,0.9848251028806585,0.00016254941821113166,0.9847608024691358,3,0.0,0.0,0.0,3,0.0,0.0,0.0,3
extended_moore_r2,markov,synchronous,repeated_lesion,plastic,1,1,0.68,0.2,0.016,0.5,0.6,0.6,False,0.4088471884732934,0.0056100964595962935,0.4065324529074295,3,0.8676322042539827,0.004286780870001669,0.8658469994999756,3,0.019746761485611167,0.01883897762151508,0.0133223644276973,3,0.0013188770937964998,0.001617884935258202,0.0005594199912731,3,0.009414363843551368,0.030373048151412993,0.013301457095774,3,1.1013086939924726,0.033056780485293,1.1004404754557815,3,0.0103740505922531,0.0014952286030410536,0.0103522942103459,3,0.0,0.0,0.0,3,0.7499249828532236,3.964829975497399e-05,0.7499437371399177,3,39631.666666666664,184.925210107583,39533.0,3,39442.666666666664,200.86147797259122,39358.0,3
extended_moore_r2,ql,alpha_async,lesion,plastic,0,0,0.68,0.2,0.016,0.5,0.6,0.6,False,0.46782529039816695,0.024202371246028174,0.4775696845879381,3,0.8360897202185938,0.004165700591165294,0.8347737483021535,3,0.0007882331171696332,0.03457416758781594,0.0178968064994609,3,-0.03552460962139447,0.01223920654805011,-0.0336346401753045,3,-0.0139803327550123,0.0036945420365990596,-0.0137265638301991,3,0.8223268675239549,0.005196253578596462,0.8252114610643156,3,0.010909794247809967,0.013258182272117546,0.0034044667022937,3,0.127505166595843,0.005578950185070182,0.1256095195780112,3,0.9803481867283951,0.001364088751361198,0.9797614454732512,3,0.0,0.0,0.0,3,0.0,0.0,0.0,3
extended_moore_r2,ql,alpha_async,lesion,plastic,0,1,0.68,0.2,0.016,0.5,0.6,0.6,False,0.46345718734594127,0.010107041399622306,0.4637982344948679,3,0.8310463399858369,0.006507190853827917,0.8302996763993136,3,0.0169249848557799,0.025181468979283878,0.0188818695118223,3,-0.0005036826562573668,0.007162906169213003,-0.0032566176385694,3,-0.007720605533843134,0.013894288296344735,-0.0005416209138073,3,0.8163239582136687,0.006218646345149208,0.8196006113648145,3,0.005988746777612733,0.0008609268837755065,0.005859035803004,3,0.13664737505198665,0.005679456723274558,0.1356967002384588,3,0.7494695216049383,0.0002842840017976489,0.7495418595679012,3,39924.666666666664,190.08506867540578,39835.0,3,39258.0,277.5121618956546,39177.0,3
extended_moore_r2,ql,alpha_async,lesion,plastic,1,0,0.68,0.2,0.016,0.5,0.6,0.6,False,0.43904872281368085,0.03028958361206646,0.455225652969049,3,0.8089862123448359,0.017098155834037676,0.81830164097847,3,-0.0261170525915087,0.015551373416756751,-0.0241433636962139,3,-0.07171670010978806,0.03488222913733977,-0.0885150752112204,3,-0.06572829909545407,0.0324050108956868,-0.0764561865680933,3,0.8181864563617459,0.10210655994095823,0.8766882302603018,3,0.010579412281423768,0.005052481557626702,0.0083269738917212,3,0.14988254691641945,0.009890048632011842,0.1445975636909945,3,0.9659047067901234,0.005763955608070161,0.9686455118312756,3,0.0,0.0,0.0,3,0.0,0.0,0.0,3
extended_moore_r2,ql,alpha_async,lesion,plastic,1,1,0.68,0.2,0.016,0.5,0.6,0.6,False,0.32535729855915885,0.004946013490620135,0.323359649990756,3,0.6381593960648345,0.013111100981056844,0.640645525105944,3,0.016597079459308033,0.007948520794056727,0.0160122135530345,3,0.014597047044147967,0.0030541688156578858,0.0140982113130469,3,-0.0043872950934287,0.0054156824699657415,-0.0057040332830182,3,0.6921193890290976,0.025574481494620306,0.695800762202324,3,0.03185076412007467,0.007577893721595514,0.0319654384137043,3,0.23454344344571984,0.002601927846798234,0.2339585490620803,3,0.7430019718792867,0.00041681763282520087,0.7431841563786008,3,39733.333333333336,202.78642295117518,39647.0,3,37936.666666666664,249.66844681163425,37846.0,3
extended_moore_r2,ql,alpha_async,repeated_lesion,plastic,0,0,0.68,0.2,0.016,0.5,0.6,0.6,False,0.467878565881124,0.02370805226980066,0.4772953405441972,3,0.8364766983207383,0.003987807349800976,0.8343559736520867,3,-0.001558325837244168,0.03681595793363229,0.0075527901066296,3,-0.033267954024557934,0.017786662290409826,-0.0339981768966729,3,-0.012917136057547832,0.0017172022000494745,-0.0133481710191815,3,0.8209802961768582,0.004051721116657711,0.8229397795200326,3,0.010774679181882267,0.013093070402906571,0.0034877188361635,3,0.1274340572042729,0.005620043045973217,0.1255901538233877,3,0.9803696201989026,0.0013994190330156788,0.9798016332304528,3,0.0,0.0,0.0,3,0.0,0.0,0.0,3
extended_moore_r2,ql,alpha_async,repeated_lesion,plastic,0,1,0.68,0.2,0.016,0.5,0.6,0.6,False,0.46347418610936425,0.009850015842427562,0.4634132005739632,3,0.8307633790680614,0.006682130150596117,0.8292098800245252,3,0.016144069463751867,0.02327647688432709,0.0158815088046503,3,0.0007122436618366002,0.00548191840866514,-0.0017421375936077,3,-0.007168441286013599,0.01844808140255931,0.0016529439589393,3,0.8177891920035002,0.0036375631702331005,0.8182165059906094,3,0.006090412621305034,0.0008580920638393609,0.0058472716509559,3,0.1365597496304532,0.005665562828904171,0.1355526315537805,3,0.7494695216049383,0.0003011669559413027,0.7495659722222222,3,39924.666666666664,190.08506867540578,39835.0,3,39258.333333333336,277.36678484153936,39178.0,3
extended_moore_r2,ql,alpha_async,repeated_lesion,plastic,1,0,0.68,0.2,0.016,0.5,0.6,0.6,False,0.43929128032925063,0.03079611359183702,0.456261056761823,3,0.8099148673408506,0.016611284785892758,0.8192783642957089,3,-0.02178275080850109,0.020944082136326845,-0.0234875597717696,3,-0.0693618420988151,0.032594149453980065,-0.0797100747098378,3,-0.06537033039141053,0.034957879545881664,-0.077181410122852,3,0.8116630685631033,0.1086032855681382,0.8710408456007117,3,0.010410160049225932,0.005029150319244688,0.0084390834666236,3,0.14947952232270734,0.0097871487692378,0.1447585826126377,3,0.9661485125171468,0.0056168301117901455,0.968774112654321,3,0.0,0.0,0.0,3,0.0,0.0,0.0,3
extended_moore_r2,ql,alpha_async,repeated_lesion,plastic,1,1,0.68,0.2,0.016,0.5,0.6,0.6,False,0.3250269614000792,0.004890080177259988,0.3226651268095714,3,0.6372612005862265,0.01382875082603748,0.6405692235933259,3,0.018851832778879567,0.005651107855797356,0.0178085668058901,3,0.014111843064570667,0.0033991135154733403,0.0155377399715916,3,-0.004852406442863767,0.004544655559523873,-0.0052767420414611,3,0.6930122157960904,0.023602679737703094,0.6935740491847429,3,0.0331198136599393,0.008796485830403919,0.0338292301744236,3,0.23478188919941442,0.003132510521996583,0.2340069218520876,3,0.743034122085048,0.0004436213884278952,0.7431921939300411,3,39734.666666666664,202.42858823134085,39648.0,3,37939.666666666664,247.18886166923835,37846.0,3
extended_moore_r2,ql,block_async,lesion,plastic,0,0,0.68,0.2,0.016,0.5,0.6,0.6,False,0.3229582924534215,0.005357668705364172,0.3205370357013378,3,0.7113475546993007,0.009830829591330806,0.7057864798462405,3,0.025335741125297895,0.006419769563237078,0.0221848602310297,3,0.022325383219340935,0.005444231605133387,0.021457485305355,3,0.0007108460726542817,0.0022881613750668204,-5.544370051685475e-05,3,0.5670444533803837,0.00908281989700826,0.5694081496371544,3,0.04114830670841207,0.009855490910845328,0.0364843659572012,3,0.23376576596269397,0.003594614340870627,0.2354300319402416,3,0.8656308942043897,0.004197959589691939,0.863940329218107,3,0.0,0.0,0.0,3,0.0,0.0,0.0,3
extended_moore_r2,ql,block_async,lesion,plastic,0,1,0.68,0.2,0.016,0.5,0.6,0.6,False,0.34228577940246213,0.004375735654536389,0.3420843957857191,3,0.6959751870690458,0.004115580892994417,0.6970026235311061,3,0.0126597012080519,0.018699507916604904,0.0112598630179738,3,0.011244082193505034,0.01361252845616104,0.0123761790881709,3,-0.005955914118172967,0.00907052612903454,-0.0068454265908928,3,0.5375437031221512,0.013469769782751087,0.536649763807931,3,0.0292166065147418,0.0033173377068159452,0.0291861635695603,3,0.22611073010439173,0.002623620539273919,0.2265816831293098,3,0.7439825531550069,0.0005154278968148809,0.7438994984567902,3,39877.333333333336,149.53706341015607,39840.0,3,37821.0,29.206163733020468,37817.0,3
extended_moore_r2,ql,block_async,lesion,plastic,1,0,0.68,0.2,0.016,0.5,0.6,0.6,False,0.2735814068850822,0.0010380460602857913,0.2733433386176335,3,0.6131516943151388,0.0011031361765750445,0.6133650599954866,3,0.037534076370476434,0.0034766788078204698,0.0360135622206862,3,0.038232133327293034,0.004984377117632982,0.0358218152011494,3,0.0021143497577843,0.0033585968598666967,0.0028170403853349,3,0.9169557221408912,0.007323985792773583,0.9177892563801996,3,0.08799017660241178,0.013945076447771714,0.094141528696458,3,0.2806895286249047,0.0006883179288025487,0.2804299598419094,3,0.8323018475651578,0.0004492648555773013,0.8322402263374485,3,0.0,0.0,0.0,3,0.0,0.0,0.0,3
extended_moore_r2,ql,block_async,lesion,plastic,1,1,0.68,0.2,0.016,0.5,0.6,0.6,False,0.2869850075781317,0.00043983889756082033,0.287140638588477,3,0.602950553001829,0.004265952477139954,0.604715798341134,3,0.027755935988993497,0.0027042833328439863,0.0278477001251334,3,0.03263917649344603,0.0019534760996606226,0.0327654035103649,3,0.005106615384030966,0.0016789848513012867,0.0046170958654946,3,0.8401343783061765,0.0032617487562495674,0.8387992831410592,3,0.033076489945905334,0.007435118757477153,0.0295205765672958,3,0.2772188885387531,0.001369129790828555,0.276676487038872,3,0.7384875471536351,0.00041782384812865384,0.7386349022633745,3,39443.666666666664,166.67433315700916,39366.0,3,35764.666666666664,151.87275375568078,35680.0,3
extended_moore_r2,ql,block_async,repeated_lesion,plastic,0,0,0.68,0.2,0.016,0.5,0.6,0.6,False,0.3231449587297521,0.0054509099469359406,0.3209433212546264,3,0.7113301208796519,0.01010195130181644,0.705845209606435,3,0.025811285095550068,0.006324723504104755,0.0226745720349983,3,0.02238012076863803,0.0052346074366142956,0.0213345672458135,3,0.0027610377566416014,0.002967182024531026,0.0024102580799751,3,0.5673267079639186,0.008870662095439292,0.5690989226290173,3,0.04133277492476007,0.009365022676912539,0.0374532144764129,3,0.23364213239329468,0.003712099893393006,0.2355553011751566,3,0.8657246656378601,0.0041559892761255934,0.863940329218107,3,0.0,0.0,0.0,3,0.0,0.0,0.0,3
extended_moore_r2,ql,block_async,repeated_lesion,plastic,0,1,0.68,0.2,0.016,0.5,0.6,0.6,False,0.3419540143608277,0.003781172012181013,0.3429628173660151,3,0.6950174815149381,0.003056929969590684,0.6965043368137531,3,0.0126783891405383,0.010583980900187855,0.0103579157475083,3,0.011718748975132531,0.005150139523274263,0.0121923632323844,3,-0.0026661919948671336,0.008208890626870805,0.0002506436858928,3,0.5358968901902388,0.015325448225657552,0.5346160844479956,3,0.027534426425898536,0.003209977412249623,0.0289272949045123,3,0.22702605081754357,0.001865732398096995,0.2265266811688664,3,0.7439262902949245,0.0005024809063547989,0.7439396862139918,3,39874.0,146.35914730552375,39838.0,3,37815.666666666664,38.42308333974924,37806.0,3
extended_moore_r2,ql,block_async,repeated_lesion,plastic,1,0,0.68,0.2,0.016,0.5,0.6,0.6,False,0.2736171804050714,0.0007444505243859777,0.2733481627221135,3,0.6117960589642938,0.00037199014372228255,0.6117263614241651,3,0.04246371630481507,0.006251789444489944,0.0459210609637367,3,0.0385645778266288,0.0076435335957763095,0.0368071841744852,3,0.003447036039645033,0.00364780006098985,0.0039905621703124,3,0.918446457220928,0.00563294283138696,0.9197700492031908,3,0.08833406330372996,0.015616366296180845,0.0920576905346296,3,0.2805571981921169,0.0005771382132749472,0.2803197119157797,3,0.8321732467421125,0.0004444216025750908,0.8319749871399177,3,0.0,0.0,0.0,3,0.0,0.0,0.0,3
extended_moore_r2,ql,block_async,repeated_lesion,plastic,1,1,0.68,0.2,0.016,0.5,0.6,0.6,False,0.28708108984108366,0.0004829220693075873,0.2870553481224566,3,0.6029695343986853,0.003666039289113301,0.6038868039248496,3,0.026623829060586166,0.0036058287015222957,0.0263447836661695,3,0.03292780124792847,0.0010421750989664882,0.0328288815704219,3,0.005075796365138033,0.0013281567295372683,0.0048954860420371,3,0.8396414184624769,0.0031141455428590216,0.8388728252722961,3,0.033741663163222836,0.007359461859580034,0.0297510927541849,3,0.27700351767734505,0.0011382420077298003,0.2765482526443623,3,0.7385089806241427,0.00040302797450273337,0.7386831275720165,3,39441.333333333336,171.79736125253197,39357.0,3,35762.666666666664,154.50674203196976,35678.0,3
extended_moore_r2,ql,synchronous,lesion,plastic,0,0,0.68,0.2,0.016,0.5,0.6,0.6,False,0.41111861670603905,0.0026073683127752646,0.4105865193427459,3,0.8520348035009878,0.00457046670001563,0.8522968138541265,3,-0.021122867943764168,0.014545276500707967,-0.0154254426140297,3,-0.06392885347700167,0.015761992085946332,-0.0563865204840682,3,-0.002554144899246333,0.005051582751568564,-0.0013918338740014,3,1.1940288546935214,0.012914743633183004,1.18677261175224,3,0.011027572645296033,0.0008566573769628574,0.0106436549135868,3,0.2159884792759179,0.011492175748257246,0.2179505727448601,3,0.984629522462277,0.00012277562625804416,0.9846563143004116,3,0.0,0.0,0.0,3,0.0,0.0,0.0,3
extended_moore_r2,ql,synchronous,lesion,plastic,0,1,0.68,0.2,0.016,0.5,0.6,0.6,False,0.4039460432860702,0.007150870158093968,0.4041248313459471,3,0.8516743667148335,0.00467579195904527,0.8510569773498503,3,0.004805379581834867,0.026395562217739813,-0.0013214386698189,3,0.005243530381100667,0.019891488356895543,0.0073605297862974,3,-0.0019128350637415213,0.01679040523690097,-8.317498971926255e-05,3,1.1228218659180464,0.002344455453672751,1.1217533293221706,3,0.009902959932323001,0.000801057825033556,0.0097504860063242,3,0.21226425956455905,0.005806444383895568,0.2109104195988154,3,0.7498928326474624,1.8561929950775532e-05,0.7499035493827161,3,39841.0,179.50208912433303,39765.0,3,39640.333333333336,195.7149287441633,39538.0,3
extended_moore_r2,ql,synchronous,lesion,plastic,1,0,0.68,0.2,0.016,0.5,0.6,0.6,False,0.40065159609304163,0.0031604608794446394,0.4022612687532285,3,0.8524190543645909,0.003615720720981618,0.8514170169900481,3,-0.05836663099254367,0.03316444372332727,-0.0608482821544717,3,-0.04166879635062976,0.02177801809186759,-0.0351179474036856,3,0.0018728499930549345,0.019112710044311323,0.0086236318656121,3,1.1748789144436405,0.021492321999682887,1.1828170209565896,3,0.0121073887710229,0.0009355891461298462,0.0121966628156084,3,0.23464335428507707,0.004976390340158582,0.234049180539509,3,0.9843240955075446,0.0001227756262581108,0.984350887345679,3,0.0,0.0,0.0,3,0.0,0.0,0.0,3
extended_moore_r2,ql,synchronous,lesion,plastic,1,1,0.68,0.2,0.016,0.5,0.6,0.6,False,0.4047516291080227,0.003358084048362163,0.4028589211199257,3,0.8573233015758973,0.0027155758821202367,0.857820763727495,3,0.008753122786718867,0.027536733265564377,0.0116751506302775,3,0.004987079461087733,0.0011356095552334418,0.0054128141467167,3,0.02427234662442193,0.014438770056060419,0.0324423710113586,3,1.1232001481866534,0.036472577334077654,1.139639975151376,3,0.010984841780172533,0.0011377014714398104,0.0108479292615456,3,0.2258292663598043,0.0056648949741840504,0.2266698783364632,3,0.7498660408093278,1.673149755230299e-05,0.7498713991769548,3,39839.0,181.66177363441105,39750.0,3,39624.0,213.1924013655271,39509.0,3
extended_moore_r2,ql,synchronous,repeated_lesion,plastic,0,0,0.68,0.2,0.016,0.5,0.6,0.6,False,0.4109899661955561,0.004666379426173499,0.413616280630923,3,0.8538150089878752,0.0043356565870635655,0.8546037647452472,3,-0.0333338990084801,0.01948722054490705,-0.0361066960487667,3,-0.03953842688742373,0.009880688107009894,-0.0411752166637971,3,-0.017644897713679965,0.009892669359240472,-0.017484140868032,3,1.194687443521422,0.027493804488366934,1.196938990218006,3,0.012913549912287133,0.0019156763082805576,0.0133763156325799,3,0.21271478907255884,0.0005997609643253019,0.212672425836898,3,0.9846402391975309,0.00011049806363224216,0.9846161265432098,3,0.0,0.0,0.0,3,0.0,0.0,0.0,3
extended_moore_r2,ql,synchronous,repeated_lesion,plastic,0,1,0.68,0.2,0.016,0.5,0.6,0.6,False,0.40531445810596595,0.005404634817550819,0.4082532314059652,3,0.8499478691632638,0.004578814179712341,0.8506156719517225,3,0.017161929709063602,0.042948468382829355,0.027492501453319,3,-0.015686789138967632,0.008043817134887016,-0.0134945395593468,3,0.0026040512377010668,0.0007764198837170096,0.0027632960376097,3,1.135142973426356,0.017149711286795915,1.1323915672890092,3,0.010294194335143501,0.000661961153006533,0.0103829447036225,3,0.2083995355117518,0.0006020017619550841,0.208699499930959,3,0.7498901534636487,3.248337741388065e-05,0.7498955118312757,3,39827.666666666664,186.71457718489395,39748.0,3,39624.333333333336,201.7952757953786,39519.0,3
extended_moore_r2,ql,synchronous,repeated_lesion,plastic,1,0,0.68,0.2,0.016,0.5,0.6,0.6,False,0.39685509445942424,0.0029100788251704385,0.3976968108212988,3,0.8532544338675607,0.001886447345470459,0.8525155386799202,3,-0.08218977518398213,0.03999492755125071,-0.0797454735954532,3,-0.05673542429704873,0.00785868939638998,-0.0575973937346369,3,-0.010265898836556866,0.006018761119686862,-0.009927301547153,3,1.1589662903416957,0.015245233375062367,1.1549995945704483,3,0.011527801755610198,0.0007596915166786031,0.011631104198422,3,0.2302767587888782,0.00672118788213573,0.2279272903875485,3,0.9842812285665296,0.00019042948006599267,0.9843830375514404,3,0.0,0.0,0.0,3,0.0,0.0,0.0,3
extended_moore_r2,ql,synchronous,repeated_lesion,plastic,1,1,0.68,0.2,0.016,0.5,0.6,0.6,False,0.403790265739343,0.0038470081500596057,0.4045408507482996,3,0.8548164993173302,0.003795819553624448,0.8535003108030583,3,-0.05790790193861376,0.03496049576054475,-0.0413712052081866,3,-0.012413156429346433,0.020186329411188357,-0.0075552248825848,3,-0.008841742858257466,0.02002340328584987,-0.0119260647240921,3,1.1079474073123345,0.020533101028725687,1.1015780454043282,3,0.009613226211155899,0.0008570575515650827,0.0095738966526646,3,0.22115701432059617,0.0026448505601695226,0.2225620527469501,3,0.7498660408093278,1.2277562625841362e-05,0.7498633616255144,3,39833.0,179.63295911385526,39751.0,3,39615.666666666664,209.4691703648386,39509.0,3
hex_cells,markov,alpha_async,lesion,plastic,0,0,0.68,0.2,0.016,0.5,0.6,0.6,False,0.43797388596944753,0.001856406405835806,0.4384637175457649,3,0.5790549876603878,0.0068590183136003485,0.5752544463983911,3,0.0030028799884325003,0.012351301292745248,-0.0020351218598573,3,0.0033760657413113688,0.002897621463354541,0.0046440996809592,3,0.007919270933623034,0.003827768162105309,0.0067953680402082,3,1.3383548123240747,0.014570169500126141,1.3453576743677242,3,0.007868193396562402,0.0007093805877593973,0.0079224007267337,3,0.0,0.0,0.0,3,1.0,0.0,1.0,3,0.0,0.0,0.0,3,0.0,0.0,0.0,3
hex_cells,markov,alpha_async,lesion,plastic,0,1,0.68,0.2,0.016,0.5,0.6,0.6,False,0.25899842631356834,0.015935852360872013,0.2655635912515364,3,0.4266500073990131,0.02497297725730972,0.4387856800565079,3,0.12839168959805283,0.014032050717362054,0.1287806431775513,3,0.15992709889162726,0.016463010846362893,0.1511445095587238,3,0.14174802773606698,0.01584309303851521,0.1326849914717509,3,1.435686137494291,0.012037346938462623,1.4337355400175107,3,0.10081610700543697,0.016274035948243948,0.0925275025991562,3,0.0,0.0,0.0,3,0.6666666666666666,0.0,0.6666666666666666,3,21845.666666666668,411.33238789734725,21984.0,3,21845.666666666668,411.33238789734725,21984.0,3
hex_cells,markov,alpha_async,lesion,plastic,1,0,0.68,0.2,0.016,0.5,0.6,0.6,False,0.4199807588725895,0.002217201466553717,0.420877016342189,3,0.6118056900952769,0.003894696712290204,0.610882064955588,3,0.017507692235676265,0.007718751037577948,0.0217847934322191,3,0.016539089567135568,0.002788291556847049,0.0152037247020443,3,0.010347937556228001,0.006772526778825725,0.0086256835153684,3,1.3181063966901088,0.0012401844641127236,1.3186790601531704,3,0.009408113605645666,0.005329564919319805,0.0074650271382575,3,0.0,0.0,0.0,3,1.0,0.0,1.0,3,0.0,0.0,0.0,3,0.0,0.0,0.0,3
hex_cells,markov,alpha_async,lesion,plastic,1,1,0.68,0.2,0.016,0.5,0.6,0.6,False,0.35747936152795895,0.007458160330796645,0.3565242220951804,3,0.5868044096810662,0.013739403603804134,0.5883968814769753,3,0.02100681314280117,0.017155254784008315,0.0222512796394598,3,0.0672077133790496,0.00507070397671441,0.0656091262969046,3,0.053614671656293134,0.007595955140132907,0.0529798874990611,3,1.3253705801704048,0.02390359569059173,1.3129199348767062,3,0.027592939199288135,0.003630230463165917,0.0292709563783175,3,0.0,0.0,0.0,3,0.6666666666666666,0.0,0.6666666666666666,3,24877.0,243.62471139028568,24781.0,3,24877.0,243.62471139028568,24781.0,3
hex_cells,markov,alpha_async,repeated_lesion,plastic,0,0,0.68,0.2,0.016,0.5,0.6,0.6,False,0.43874127515304845,0.0014180670566296318,0.4392759971080258,3,0.5779461640754313,0.005248860039768666,0.577418321485432,3,0.004318485036018334,0.0036167236536171887,0.0054515413499882,3,0.002603186592682933,0.0009395863823684071,0.0022950716592909,3,0.007889656275246302,0.006477304261796693,0.0097665231892998,3,1.3375799240374138,0.013607311568406775,1.3453426617201572,3,0.008035951643244034,0.0001594064598512436,0.0080449793445002,3,0.0,0.0,0.0,3,1.0,0.0,1.0,3,0.0,0.0,0.0,3,0.0,0.0,0.0,3
hex_cells,markov,alpha_async,repeated_lesion,plastic,0,1,0.68,0.2,0.016,0.5,0.6,0.6,False,0.25959091722914857,0.015785652585912215,0.2662375718382337,3,0.4270472628543554,0.025704731090367323,0.4386225454756792,3,0.11634315314747223,0.020435768515571957,0.1055113844318355,3,0.1598728135114322,0.017478121381916737,0.1545850265210398,3,0.13997097459103744,0.014921941645711007,0.1354193600254038,3,1.439112835915225,0.012747982074334767,1.4442330046587704,3,0.10270109003872913,0.016257360227212324,0.0939717941448897,3,0.0,0.0,0.0,3,0.6666666666666666,0.0,0.6666666666666666,3,21852.333333333332,404.9201567387488,21988.0,3,21852.333333333332,404.9201567387488,21988.0,3
hex_cells,markov,alpha_async,repeated_lesion,plastic,1,0,0.68,0.2,0.016,0.5,0.6,0.6,False,0.4205074889231886,0.001199156853872637,0.4199518720994487,3,0.6109816066851638,0.0034550984368510295,0.609941903417765,3,0.0140761437850971,0.0039920384158921435,0.016034654481025,3,0.016680043202286665,0.0012640966620202172,0.0167244961586355,3,0.0167327572727388,0.006757884836865697,0.0138226817169931,3,1.317379870170009,0.00026388504062652856,1.3172892689279674,3,0.0101462618081783,0.00475585940763234,0.0088248095554327,3,0.0,0.0,0.0,3,1.0,0.0,1.0,3,0.0,0.0,0.0,3,0.0,0.0,0.0,3
hex_cells,markov,alpha_async,repeated_lesion,plastic,1,1,0.68,0.2,0.016,0.5,0.6,0.6,False,0.35765106039292016,0.0075795666659079835,0.3572958769631342,3,0.5855622620507894,0.016362468914236816,0.5870634838445877,3,0.0335376007717354,0.012218468551194493,0.029715570180844,3,0.06578484339556007,0.007053128295767903,0.0651547332456191,3,0.0533442913486824,0.010651870933770126,0.0541811719200661,3,1.329828894555077,0.03663741395552881,1.3203178980293426,3,0.02803491134027733,0.0047775247883531605,0.0303556894661573,3,0.0,0.0,0.0,3,0.6666666666666666,0.0,0.6666666666666666,3,24877.0,276.04528613979267,24808.0,3,24877.0,276.04528613979267,24808.0,3
hex_cells,markov,block_async,lesion,plastic,0,0,0.68,0.2,0.016,0.5,0.6,0.6,False,0.44650837037577745,0.0032265405775934904,0.4449287887560738,3,0.5392081533662224,0.007704020940976723,0.5428576965327184,3,-0.0038577471590597,0.00487529486771184,-0.00389854231022,3,0.0028700061594212002,0.002085461591721472,0.00219851928547,3,-0.005898341646163233,0.0036537104908374867,-0.0066625506174076,3,1.3926472086599364,0.011706217931401154,1.3859752691655796,3,0.010668955043504832,0.002004955364745837,0.0099325504145521,3,0.0,0.0,0.0,3,1.0,0.0,1.0,3,0.0,0.0,0.0,3,0.0,0.0,0.0,3
hex_cells,markov,block_async,lesion,plastic,0,1,0.68,0.2,0.016,0.5,0.6,0.6,False,0.41973932676961817,0.0049062128866625004,0.4200518762107286,3,0.675361944568853,0.007999137040307873,0.6775370838180453,3,-0.0022636360420615,0.007935244020491911,0.000309160946038,3,0.009127914332645334,0.006736464061461411,0.0076623999444273,3,0.012260967405010198,0.006016778400059812,0.0134998036423975,3,1.1421353669259717,0.03013572962173514,1.134406473240097,3,0.0036505119827682665,0.0013348771591502244,0.0032853639511822,3,0.0,0.0,0.0,3,0.6666666666666666,0.0,0.6666666666666666,3,29712.333333333332,638.467957953516,29893.0,3,29712.333333333332,638.467957953516,29893.0,3
hex_cells,markov,block_async,lesion,plastic,1,0,0.68,0.2,0.016,0.5,0.6,0.6,False,0.41056746998054766,0.0020193276769125148,0.4108376052670172,3,0.6354782586138956,0.00639527783966042,0.6338217566122406,3,0.02061960632447773,0.005502115380052933,0.0216659004206257,3,0.0256677200769817,0.002803454524519511,0.0271186300527604,3,0.010254185020999633,0.005723460292209588,0.0097406419025657,3,1.281185015998208,0.01319222603913072,1.2872259884413702,3,0.007352623143032834,0.0005970635174343592,0.0076241887288836,3,0.0,0.0,0.0,3,0.9999678497942387,3.215020576131933e-05,0.9999678497942388,3,0.0,0.0,0.0,3,0.0,0.0,0.0,3
hex_cells,markov,block_async,lesion,plastic,1,1,0.68,0.2,0.016,0.5,0.6,0.6,False,0.4164553748156619,0.00038499607354248446,0.4164526548992279,3,0.6671862598999327,0.0008829037689840257,0.6671786274007626,3,0.0263615288806668,0.01566080163202966,0.0325697838695688,3,0.018692431297445102,0.005553958106375879,0.0189965539555148,3,0.0103105995232089,0.0026518247549592202,0.0099506584573101,3,1.1116272130419802,0.004721363877354898,1.1114094509042305,3,0.0026842831115546,8.525227787899105e-05,0.0027159684532752,3,0.0,0.0,0.0,3,0.6666666666666666,0.0,0.6666666666666666,3,33268.333333333336,110.59987944538234,33230.0,3,33268.333333333336,110.59987944538234,33230.0,3
hex_cells,markov,block_async,repeated_lesion,plastic,0,0,0.68,0.2,0.016,0.5,0.6,0.6,False,0.44810529064498716,0.004015510587075887,0.4466879532722451,3,0.5392832082906295,0.009498060141553863,0.539569799529677,3,-0.004017068009687233,0.008530752950200721,-0.0074753751109807,3,-0.0026256247388860335,0.0015466599367547449,-0.0021955070899538,3,-0.0020522667826002668,0.00044256077541744265,-0.001873368849305,3,1.3892116624489528,0.011186442255933049,1.3924737403441807,3,0.011983825726811866,0.005098582724977566,0.0092894588310163,3,0.0,0.0,0.0,3,1.0,0.0,1.0,3,0.0,0.0,0.0,3,0.0,0.0,0.0,3
hex_cells,markov,block_async,repeated_lesion,plastic,0,1,0.68,0.2,0.016,0.5,0.6,0.6,False,0.4191321427695436,0.004543609307037913,0.419248819132331,3,0.6742844947197351,0.008665952795646753,0.676819323806402,3,0.013163527820836301,0.0015739190295230273,0.0139001257836495,3,0.007484278707698567,0.008399501179098703,0.0061820491956872,3,0.012218347835258667,0.005175521391568995,0.0136506232721476,3,1.1433835672021846,0.03520809772362707,1.1386932551175648,3,0.0038113373341409997,0.0017313792471058394,0.0030453160466936,3,0.0,0.0,0.0,3,0.6666666666666666,0.0,0.6666666666666666,3,29738.333333333332,635.9515180682665,29940.0,3,29738.333333333332,635.9515180682665,29940.0,3
hex_cells,markov,block_async,repeated_lesion,plastic,1,0,0.68,0.2,0.016,0.5,0.6,0.6,False,0.4125361263840907,0.0009666997351701133,0.4120800973380206,3,0.6336982668144003,0.007805851719673892,0.6350329415030577,3,0.019434952661524268,0.002856973617471273,0.0185234828953975,3,0.022016501363364933,0.005564046976470907,0.0235360233967454,3,0.007897023338229933,0.008896364500805958,0.0058850801476673,3,1.2866862032066768,0.01074544896755454,1.2845755500082832,3,0.0068288165694443,0.001144883909942981,0.0068437758981286,3,0.0,0.0,0.0,3,1.0,0.0,1.0,3,0.0,0.0,0.0,3,0.0,0.0,0.0,3
hex_cells,markov,block_async,repeated_lesion,plastic,1,1,0.68,0.2,0.016,0.5,0.6,0.6,False,0.4151000920086026,0.0008504118832686583,0.4150708931017861,3,0.6685829439310466,0.001804865837756556,0.669302393409652,3,0.027331893773673798,0.009852335352460074,0.0302643080296126,3,0.02322968315279263,0.008489414644907151,0.0281132840431844,3,0.010987159012957033,0.0004206652589121882,0.0111980900072675,3,1.1043047295335104,0.00623386955962401,1.1049868895153236,3,0.0027271180539449,8.086838546598949e-05,0.0027006189148432,3,0.0,0.0,0.0,3,0.6666666666666666,0.0,0.6666666666666666,3,33258.333333333336,121.32738080636653,33198.0,3,33258.333333333336,121.32738080636653,33198.0,3
hex_cells,markov,synchronous,lesion,plastic,0,0,0.68,0.2,0.016,0.5,0.6,0.6,False,0.44488276171114255,0.0026507487311576857,0.4441751752374924,3,0.6725334583553213,0.006526701274496827,0.6734183922930004,3,0.0006474495446669332,0.005684782454841436,0.000175495201278,3,0.0007887358849099666,0.002476372276051559,0.0021157980323525,3,-0.0006799375993622333,0.0014613399157548022,-0.0002528544352853,3,1.322063075764672,0.009476709349484257,1.3181644157024357,3,0.022760169796129368,0.0014216557285867916,0.0231054143788283,3,0.0,0.0,0.0,3,1.0,0.0,1.0,3,0.0,0.0,0.0,3,0.0,0.0,0.0,3
hex_cells,markov,synchronous,lesion,plastic,0,1,0.68,0.2,0.016,0.5,0.6,0.6,False,0.39350193868578526,0.003750225812572031,0.3917072498352856,3,0.7215546642153802,0.007487783787045416,0.7204860044100199,3,0.008809554302553568,0.005240588917717973,0.0115611142440575,3,0.033850747927765996,0.004111718236867828,0.0319487474352039,3,0.034561829157662004,0.007956924669121996,0.0347519416491444,3,1.2785954412169087,0.018921321707841762,1.2737421866108531,3,0.0157400668382935,0.0031615523047948887,0.016521334455974,3,0.0,0.0,0.0,3,0.6666666666666666,0.0,0.6666666666666666,3,27572.666666666668,369.4486883632601,27671.0,3,27572.666666666668,369.4486883632601,27671.0,3
hex_cells,markov,synchronous,lesion,plastic,1,0,0.68,0.2,0.016,0.5,0.6,0.6,False,0.4220083514240231,0.00036592928422655936,0.4221454694488604,3,0.7484061840953805,0.0012732856913081996,0.7480291211759869,3,0.018706730739325467,0.001333905112634539,0.0193085717546791,3,0.0191066446123784,0.008315962276695328,0.0144629589453848,3,0.003126996927380567,0.0016057867661387897,0.0030847478027221,3,1.2819366711570266,0.003497217268424258,1.283312511596555,3,0.008292124522250366,0.0021846802439062494,0.0078496741777755,3,0.0,0.0,0.0,3,1.0,0.0,1.0,3,0.0,0.0,0.0,3,0.0,0.0,0.0,3
hex_cells,markov,synchronous,lesion,plastic,1,1,0.68,0.2,0.016,0.5,0.6,0.6,False,0.412449426618769,0.002817779152036346,0.4120954232938306,3,0.7628889576378236,0.0014938252093443256,0.7636875987708586,3,0.015894737003594766,0.0033381472248760554,0.0155696826492399,3,0.0202048391254418,0.00464746837354689,0.0185819882992143,3,0.009539626157833034,0.0027509587194507676,0.0110477714144042,3,1.1584008777636619,0.003486796958174166,1.1588284217883502,3,0.0021643258949277,0.00019985964939690505,0.0020784794884872,3,0.0,0.0,0.0,3,0.6666666666666666,0.0,0.6666666666666666,3,31711.0,225.2465316048174,31667.0,3,31711.0,225.2465316048174,31667.0,3
hex_cells,markov,synchronous,repeated_lesion,plastic,0,0,0.68,0.2,0.016,0.5,0.6,0.6,False,0.44176692857289446,0.0008322137253332926,0.4420143256925997,3,0.6717923230572828,0.0027134401492703913,0.6715641773469819,3,-0.007181437822693734,0.025093024623705336,-0.0159933353260138,3,0.0024274272963611004,0.008077782442022067,0.0058034652959231,3,0.0008563110521290665,0.0035499151256657593,-0.0008715427186978,3,1.3274250945189603,0.0024683585185357334,1.326812138888322,3,0.018989408597833102,0.0029903791215359554,0.0181258196602884,3,0.0,0.0,0.0,3,1.0,0.0,1.0,3,0.0,0.0,0.0,3,0.0,0.0,0.0,3
hex_cells,markov,synchronous,repeated_lesion,plastic,0,1,0.68,0.2,0.016,0.5,0.6,0.6,False,0.395730178946807,0.004025245616452672,0.3958995873774774,3,0.7232450731048629,0.01051798175140382,0.7199035636935484,3,0.016799060904087237,0.007973704420861615,0.0207581914495682,3,0.0360152889078404,0.009297505797687415,0.036370239967036,3,0.03166188986614127,0.0021894079306153513,0.0309058831905622,3,1.2735557916729947,0.024053270851108824,1.2853053310317208,3,0.0155658736199569,0.0027130178071643803,0.016325203540529,3,0.0,0.0,0.0,3,0.6666666666666666,0.0,0.6666666666666666,3,27613.0,385.9961139700761,27706.0,3,27613.0,385.9961139700761,27706.0,3
hex_cells,markov,synchronous,repeated_lesion,plastic,1,0,0.68,0.2,0.016,0.5,0.6,0.6,False,0.4206979500446318,0.0007660515602654073,0.4209175921639136,3,0.7421929031736575,0.010336434949656132,0.7413921362418231,3,0.01695852772325793,0.017325251023647424,0.0100127743052763,3,0.021057219012647104,0.007766055865713732,0.0221825783863738,3,0.013512287773281834,0.004144665690387108,0.0140154067281076,3,1.2918162815253298,0.008735319309732143,1.2889558083596668,3,0.010013520586769133,0.00331484635664718,0.009094986285713,3,0.0,0.0,0.0,3,1.0,0.0,1.0,3,0.0,0.0,0.0,3,0.0,0.0,0.0,3
hex_cells,markov,synchronous,repeated_lesion,plastic,1,1,0.68,0.2,0.016,0.5,0.6,0.6,False,0.40978943674051854,0.0011918939635994414,0.4100603279271835,3,0.760323865204521,0.003110200743192023,0.7617752484878466,3,0.01823894430544803,0.016579443776186725,0.0162736740700865,3,0.013219377556412835,0.007022375204863488,0.0168007465825507,3,0.009629303312550267,0.002483541027964972,0.0106298632046235,3,1.1562174005610233,0.010784675778509067,1.1556124712131366,3,0.0020005000955267333,7.670057538970723e-05,0.0020114329284242,3,0.0,0.0,0.0,3,0.6666666666666666,0.0,0.6666666666666666,3,31742.666666666668,237.1757435601992,31698.0,3,31742.666666666668,237.1757435601992,31698.0,3
hex_cells,ql,alpha_async,lesion,plastic,0,0,0.68,0.2,0.016,0.5,0.6,0.6,False,0.4395348302024884,0.0022127846934029425,0.4394066290900476,3,0.6046245491142329,0.0016241164287036838,0.6037076460188764,3,-0.0037600154082452673,0.007924354645351408,-0.0040993194590133,3,-0.00012283819946443345,0.0041677194016597864,-0.0014653532672069,3,0.0038457304361478,0.0005918389406239854,0.0036594856264605,3,1.3037944807635709,0.014568114029002568,1.3082520427871287,3,0.008348191847985067,0.0015295740657086663,0.0089047726502957,3,0.2713706297399128,0.0016019164963745516,0.2705477475289033,3,1.0,0.0,1.0,3,0.0,0.0,0.0,3,0.0,0.0,0.0,3
hex_cells,ql,alpha_async,lesion,plastic,0,1,0.68,0.2,0.016,0.5,0.6,0.6,False,0.4206316273935478,0.001341896652208511,0.4206316690098957,3,0.6998088180716708,0.0007414652266278766,0.6996952597766131,3,0.007219971261148434,0.013088727968629183,0.0044139523512726,3,0.0023628478865427003,0.007342573291976348,0.000652347982302,3,0.00046196559693149983,0.007024199753268298,-0.0008201129158285,3,1.0735986025160316,0.0023060189469359033,1.0745159085934612,3,0.0021461195535157,1.558956464674074e-05,0.0021529100159667,3,0.23075030990365986,0.0005084590798729011,0.2308153618851169,3,0.6666666666666666,0.0,0.6666666666666666,3,31192.333333333332,164.21429089252038,31158.0,3,31192.333333333332,164.21429089252038,31158.0,3
hex_cells,ql,alpha_async,lesion,plastic,1,0,0.68,0.2,0.016,0.5,0.6,0.6,False,0.4225486728279276,0.0012058482014597129,0.4220466568219397,3,0.6286862616165831,0.007355943276322044,0.6328363666966247,3,0.008577530624864733,0.010575889763651546,0.0029711305874885,3,0.0045719776651821,0.0019234145159917695,0.005151504182925,3,0.004928570768841866,0.003029722184329844,0.0053124775000256,3,1.2747594355299365,0.009056109151503863,1.274537146975963,3,0.007142439336214633,0.003432412289787972,0.0059611024964104,3,0.2685069936710461,0.0010904097411001496,0.2690234547408948,3,1.0,0.0,1.0,3,0.0,0.0,0.0,3,0.0,0.0,0.0,3
hex_cells,ql,alpha_async,lesion,plastic,1,1,0.68,0.2,0.016,0.5,0.6,0.6,False,0.41462614194813646,0.0011766861777515287,0.4145202913414936,3,0.6891462577270318,0.0033141728344505727,0.6895406138087516,3,0.0070654605439975674,0.0036826466615124884,0.0071205480259629,3,0.007609492416505267,0.00260831242431442,0.0066023279137547,3,0.0050954637789561,0.002312295703746968,0.0048870195016089,3,1.0809479552252534,0.006862230680200853,1.0812663748738156,3,0.0023262397421024666,0.00010474163224113314,0.0022991473496982,3,0.23787311430689206,0.0004095750444677623,0.2380940281300309,3,0.6666666666666666,0.0,0.6666666666666666,3,31826.666666666668,117.797849442735,31886.0,3,31826.666666666668,117.797849442735,31886.0,3
hex_cells,ql,alpha_async,repeated_lesion,plastic,0,0,0.68,0.2,0.016,0.5,0.6,0.6,False,0.43936684200786386,0.0020368642827882093,0.4393035892609534,3,0.6041720442815579,0.00047347458220228447,0.6039428570488187,3,-0.0032796055976260334,0.00970652029427445,-0.007385067564722,3,0.0019402940236172,0.002685043625837861,0.0017261648739448,3,0.0049048495708405,0.0020118840103542173,0.0059667181632996,3,1.3015631147242337,0.00980293902833274,1.3008580249684036,3,0.0070795718786241,0.001649534953502784,0.0063173282373705,3,0.2714899710346139,0.0004480902292129448,0.2716860903667928,3,1.0,0.0,1.0,3,0.0,0.0,0.0,3,0.0,0.0,0.0,3
hex_cells,ql,alpha_async,repeated_lesion,plastic,0,1,0.68,0.2,0.016,0.5,0.6,0.6,False,0.4218012508126314,0.0009275018796109089,0.4213698219289076,3,0.699868648942827,0.0031427644232505454,0.700868550064321,3,0.00012501619045270895,0.005180649376309829,2.589738279264589e-07,3,0.0008909398577903667,0.0018669128122250833,0.0015050363345354,3,0.006193584914701366,0.0011852460627394775,0.0055838353859958,3,1.0704777419487908,0.008757958587133009,1.066164279711843,3,0.0024276199019644,0.00018328944876947845,0.0025304410010364,3,0.22940583157719643,0.0013930408600144187,0.2289733136627418,3,0.6666666666666666,0.0,0.6666666666666666,3,31185.333333333332,146.2235731109499,31156.0,3,31185.333333333332,146.2235731109499,31156.0,3
hex_cells,ql,alpha_async,repeated_lesion,plastic,1,0,0.68,0.2,0.016,0.5,0.6,0.6,False,0.42273780915422715,0.0016311447818434797,0.4221433388946407,3,0.6301596160826479,0.005772388323672247,0.6311823654586399,3,0.0072524037404446,0.0019164212907795885,0.0076186578462096,3,0.0062353871037494,0.005307067104510677,0.0089497877700406,3,0.0067137860933316,0.008478449930416597,0.0063715475834812,3,1.2702938175286802,0.007940796000110096,1.2716894709218447,3,0.0070572240408845665,0.0017216569856673006,0.0072108727589499,3,0.26818827736193745,0.0011644482116525221,0.268592279045367,3,1.0,0.0,1.0,3,0.0,0.0,0.0,3,0.0,0.0,0.0,3
hex_cells,ql,alpha_async,repeated_lesion,plastic,1,1,0.68,0.2,0.016,0.5,0.6,0.6,False,0.4152411608057529,0.0006950904071850925,0.4152076667601956,3,0.6890586856100528,0.0010139903390536439,0.6884959567601353,3,0.020118922613770365,0.011449964045357055,0.0207184704275717,3,0.009963680923472367,0.005033256937959703,0.0124345321576531,3,0.005132066150613166,0.006682868038497016,0.0035702497909885,3,1.0845827896575932,0.0038628750264803418,1.0862298583606964,3,0.002289325882587833,6.244781985592923e-05,0.0023135232423021,3,0.23821534202486652,0.0004248985541669723,0.2381132472854941,3,0.6666666666666666,0.0,0.6666666666666666,3,31838.333333333332,104.84432904708474,31887.0,3,31838.333333333332,104.84432904708474,31887.0,3
hex_cells,ql,block_async,lesion,plastic,0,0,0.68,0.2,0.016,0.5,0.6,0.6,False,0.446105752987616,0.0022133078475278394,0.4472537832872272,3,0.5783012496941736,0.003118858805639669,0.5790761011717684,3,-0.0008250118987019336,0.004966046262016503,-0.0001702651736611,3,-0.0001520620185348,0.0004894473355130719,0.0001033581565167,3,-0.0017228803023310998,0.007361680881698413,0.0003769034798799,3,1.3480107521737044,0.010416575943645014,1.350702906464056,3,0.009180092946284066,0.0009728669296965088,0.0087823537718602,3,0.28646022970725543,0.0007865635017819483,0.2861213253045767,3,1.0,0.0,1.0,3,0.0,0.0,0.0,3,0.0,0.0,0.0,3
hex_cells,ql,block_async,lesion,plastic,0,1,0.68,0.2,0.016,0.5,0.6,0.6,False,0.42694843661069415,0.0010551967102989859,0.4264015690389836,3,0.6988276800341122,0.0022556924072868055,0.6979989238243919,3,-0.0034456997718808,0.005183691940429465,-0.0030570630245415,3,0.0006937722473462334,0.005970833540909886,-0.000823222769618,3,-0.0005652032508910333,0.0028808053007875196,-0.0005524370751561,3,1.0643601529322468,0.0056698570585879795,1.0669658283280443,3,0.0025008388243569664,0.00033096514385456575,0.0024132773529667,3,0.23120154212827096,0.0014472238934671205,0.2305960594290715,3,0.6666666666666666,0.0,0.6666666666666666,3,35880.666666666664,117.62794452566777,35841.0,3,35880.666666666664,117.62794452566777,35841.0,3
hex_cells,ql,block_async,lesion,plastic,1,0,0.68,0.2,0.016,0.5,0.6,0.6,False,0.40898706456283485,0.0012548757974638217,0.4090176929414909,3,0.6540805506416658,0.001455313343588089,0.6536498174587252,3,0.0153637614621562,0.006450364292624337,0.0179682704741786,3,0.020437040092846703,0.0035130766262785216,0.0192704753847432,3,0.0029404577333353335,0.004670750366762423,0.0025533190699288,3,1.2538831708368112,0.0063829207177533735,1.2573274456094905,3,0.0077737804801537,0.0017710578163491846,0.0072746969985384,3,0.2766152456596818,0.0009298662375998282,0.2766883004922247,3,0.999957133058985,1.8561929950847645e-05,0.9999678497942388,3,0.0,0.0,0.0,3,0.0,0.0,0.0,3
hex_cells,ql,block_async,lesion,plastic,1,1,0.68,0.2,0.016,0.5,0.6,0.6,False,0.4191023940956223,0.000607865656479411,0.4188475054936426,3,0.6872909822007974,0.0009334064611438147,0.6877568250879118,3,0.0086295203981877,0.0044511013546704205,0.0063650158592443,3,0.016494347898395902,0.002613604631180846,0.0177930311599718,3,0.0057235683339585675,0.0012051725142502069,0.0057801561400728,3,1.0739794414334423,0.002345922073343597,1.0737003562036154,3,0.0026580092361714338,0.00010160067255853495,0.0027110549828544,3,0.24476987037826434,0.0006367716575301872,0.2451354389582691,3,0.6666666666666666,0.0,0.6666666666666666,3,36001.333333333336,200.4652920915063,35969.0,3,36001.333333333336,200.4652920915063,35969.0,3
hex_cells,ql,block_async,repeated_lesion,plastic,0,0,0.68,0.2,0.016,0.5,0.6,0.6,False,0.44727336382141275,0.0017053391636315423,0.4481947317287587,3,0.577572795512289,0.0018698334608760081,0.578475836272156,3,0.005950099047253799,0.010335796930862238,0.00225278529394,3,0.008116470140212667,0.0022119832527806773,0.0079180737247159,3,0.004821836515051767,0.007909622086125922,0.0051205384688455,3,1.3474372701009336,0.00850481084650326,1.3514983685363886,3,0.008095881423174633,0.0005352511788166777,0.007927341562326,3,0.286561715499777,0.001529528337470713,0.2869532825198032,3,1.0,0.0,1.0,3,0.0,0.0,0.0,3,0.0,0.0,0.0,3
hex_cells,ql,block_async,repeated_lesion,plastic,0,1,0.68,0.2,0.016,0.5,0.6,0.6,False,0.42688150620686244,0.00088446088116911,0.4264951815235641,3,0.6988712046123954,0.002489517426649401,0.7000451760570423,3,-0.001792216290091567,0.010893916847494987,0.0029352478581441,3,0.0015320054680763335,0.007066483950589922,0.0038824702029599,3,0.0011675367819406663,0.004764485524894169,0.0028243739652026,3,1.0630782478734664,0.007787539815978051,1.0659429942925311,3,0.00247180507155,0.00018344288889393008,0.0025425400539289,3,0.23239455900896458,0.0011958186233583105,0.2329794333078094,3,0.6666666666666666,0.0,0.6666666666666666,3,35897.333333333336,97.64391088712665,35855.0,3,35897.333333333336,97.64391088712665,35855.0,3
hex_cells,ql,block_async,repeated_lesion,plastic,1,0,0.68,0.2,0.016,0.5,0.6,0.6,False,0.4102902666521499,0.0014442788839074605,0.4103823270525525,3,0.6554169424648031,0.001882695949755214,0.6547695355635593,3,0.0232026555077724,0.013005780366514104,0.0171359912946918,3,0.021053299006149533,0.013541522832952324,0.015310307078874,3,0.007393514238143733,0.0023503101719808076,0.0081398716530802,3,1.2411668400031735,0.002457130927057209,1.2402128130567271,3,0.006359819208120134,0.0013556256469084056,0.0057967121298962,3,0.2749486475439913,0.0005576275787402092,0.274999373138533,3,0.9999892832647462,1.8561929950711435e-05,1.0,3,0.0,0.0,0.0,3,0.0,0.0,0.0,3
hex_cells,ql,block_async,repeated_lesion,plastic,1,1,0.68,0.2,0.016,0.5,0.6,0.6,False,0.4184826671205885,0.00044143705518782955,0.4185644761175018,3,0.6885012091378067,0.0017170030052919135,0.687663071203654,3,0.014250704007463233,0.015167670543961545,0.0075470691432855,3,0.0160121069671075,0.002584190164044881,0.0154809640655909,3,0.004226468088027867,0.0014406289397774687,0.004837438636333,3,1.0718241817286767,0.007725746924804406,1.070968203766644,3,0.0026132934691030334,0.0002947106323966587,0.0025220510717301,3,0.24419621438304717,0.0008213081339499868,0.2441449788896141,3,0.6666666666666666,0.0,0.6666666666666666,3,35984.666666666664,195.369734947186,35958.0,3,35984.666666666664,195.369734947186,35958.0,3
hex_cells,ql,synchronous,lesion,plastic,0,0,0.68,0.2,0.016,0.5,0.6,0.6,False,0.43768390117551376,0.00321828240681295,0.4370154090645857,3,0.7036751935108504,0.0021199084234699087,0.7031130963204605,3,-0.0019904484887546,0.008524087269721418,-0.0014490815499793,3,0.005102113439332001,0.007334176906093796,0.0046580282548326,3,0.0006576368424826333,0.0034054860600882214,-0.0009931355051451,3,1.2909153379079,0.015320108413868517,1.2950462456760805,3,0.01772995306794217,0.0015621459673156664,0.0170398380852605,3,0.2457287068095131,0.0027720221565764934,0.2461399960102183,3,1.0,0.0,1.0,3,0.0,0.0,0.0,3,0.0,0.0,0.0,3
hex_cells,ql,synchronous,lesion,plastic,0,1,0.68,0.2,0.016,0.5,0.6,0.6,False,0.4199557425898468,0.0016335450332318792,0.4196780080653013,3,0.7783949397186185,0.0016916770663519675,0.7780531905106788,3,0.021234951423790397,0.018650227313407788,0.0275753502707802,3,0.0025617993855344997,0.006118203796407473,0.0005983623006203,3,0.0012888757409494332,0.009623063141819122,-0.0023654929321102,3,1.112576192830308,0.008600436591266214,1.1131040077936665,3,0.0018232531998627,6.879944541272266e-05,0.0018477722673518,3,0.21205569537159544,0.00048419396938541634,0.2121679135555772,3,0.6666666666666666,0.0,0.6666666666666666,3,34530.0,116.52896635600952,34555.0,3,34530.0,116.52896635600952,34555.0,3
hex_cells,ql,synchronous,lesion,plastic,1,0,0.68,0.2,0.016,0.5,0.6,0.6,False,0.41996171671311294,0.0031791769292809613,0.4207479911604215,3,0.7450283567819929,0.0025018475616060175,0.7458480528520498,3,0.014394518405759867,0.013110855157956031,0.0100830288554226,3,0.0200593418149413,0.0020117064157531175,0.0206789529013552,3,0.0060695689491577,0.0034931266163515493,0.0042734072944889,3,1.269136088615687,0.018143216686108916,1.2669502005943725,3,0.008555320479070967,0.001462875568457566,0.0089598320950326,3,0.23739765283426428,0.0012304471793481253,0.2368113206788472,3,1.0,0.0,1.0,3,0.0,0.0,0.0,3,0.0,0.0,0.0,3
hex_cells,ql,synchronous,lesion,plastic,1,1,0.68,0.2,0.016,0.5,0.6,0.6,False,0.4131321950894642,0.0016291679867037612,0.4138738226671652,3,0.7690351121288542,0.0016910124639438336,0.768312770312398,3,0.0166490576438509,0.0055262848410805405,0.0191079423890498,3,0.0156416419322262,0.0026762130131774407,0.0164829465778429,3,0.008363595654576767,0.0036152178864150876,0.0095096788560081,3,1.1429969793384014,0.006030003521604103,1.143183979226725,3,0.001984829638616167,6.654514572209571e-05,0.0019876394593981,3,0.22779053453854425,0.0006345965549956588,0.2278030153733182,3,0.6666666666666666,0.0,0.6666666666666666,3,34967.333333333336,149.37313457691462,34944.0,3,34967.333333333336,149.37313457691462,34944.0,3
hex_cells,ql,synchronous,repeated_lesion,plastic,0,0,0.68,0.2,0.016,0.5,0.6,0.6,False,0.439364656418372,0.0018729316508922108,0.4385661685134699,3,0.7036862795636241,0.001313864783058975,0.703401875511281,3,0.003939736982599234,0.009453402413864734,-0.0013670822679902,3,0.0025985681611690003,0.0020348589684724104,0.003663226726483,3,3.858356596886655e-05,0.005836945529480286,-0.0027330824001638,3,1.2930867974495301,0.004977184121322949,1.2933514279606522,3,0.020036376123976966,0.003968560574760013,0.0221786217545009,3,0.24585742304965374,0.0022279439021230204,0.246568991336065,3,1.0,0.0,1.0,3,0.0,0.0,0.0,3,0.0,0.0,0.0,3
hex_cells,ql,synchronous,repeated_lesion,plastic,0,1,0.68,0.2,0.016,0.5,0.6,0.6,False,0.42065062886880494,0.0014875510437533984,0.4210386419858457,3,0.7794024184106719,0.0010003361385493145,0.7792973407493626,3,0.012591216127250435,0.015703509876264437,0.019193114227322,3,-0.0024817983743482997,0.008657664841438222,-0.0073682053979393,3,0.0033851459648313333,0.007242189978356866,0.0042739603717632,3,1.1142259862350248,0.005695585772191809,1.1125314772346309,3,0.0018758321028811333,1.4736292350579003e-05,0.0018741059832776,3,0.21267538140973385,0.0016568846739892457,0.2125387221327654,3,0.6666666666666666,0.0,0.6666666666666666,3,34531.333333333336,147.75091652281924,34561.0,3,34531.333333333336,147.75091652281924,34561.0,3
hex_cells,ql,synchronous,repeated_lesion,plastic,1,0,0.68,0.2,0.016,0.5,0.6,0.6,False,0.4207282496313686,0.0008132141489986543,0.4206697478935979,3,0.745373979182946,0.006366870777640791,0.7483770854017366,3,0.012298909852405332,0.010584454844876964,0.0140411446372881,3,0.019182576852711034,0.005683054676285569,0.0185746896495847,3,0.008155095135525666,0.004552965844552164,0.0073994901558054,3,1.2712094867089194,0.006482019589232547,1.2708267543843237,3,0.009402390646898766,0.0025067833880834515,0.0084991514068841,3,0.236971021868042,0.00502982157948672,0.2363247785708373,3,1.0,0.0,1.0,3,0.0,0.0,0.0,3,0.0,0.0,0.0,3
hex_cells,ql,synchronous,repeated_lesion,plastic,1,1,0.68,0.2,0.016,0.5,0.6,0.6,False,0.4130459654185285,0.0027665038145038403,0.4142216203814056,3,0.7716847901673788,0.0017650667351231163,0.7711476636543875,3,0.024404189739954535,0.009966691016146705,0.0197670453520872,3,0.0134325482779656,0.004047780068899576,0.0131339939987258,3,0.0022496211116688667,0.005971115765600483,0.0051520754752973,3,1.1343447371805455,0.018750061838073647,1.1380721311410031,3,0.0020340415909378667,0.00026822414132858107,0.0021781322863238,3,0.22677755470400715,0.0012900347513404697,0.2274711434131,3,0.6666666666666666,0.0,0.6666666666666666,3,34986.333333333336,173.06164604941497,34946.0,3,34986.333333333336,173.06164604941497,34946.0,3
honeycomb,markov,alpha_async,lesion,plastic,0,0,0.68,0.2,0.016,0.5,0.6,0.6,False,0.20267514930458877,0.0066494630589280235,0.2053227325520792,3,0.3673024039674461,0.011060720439312732,0.3720361449037351,3,0.16891047719710525,0.01931961597253955,0.163968969886319,3,0.1980089208320439,0.0025432297484378565,0.1992153211661098,3,0.1821948357237321,0.006021284900875072,0.1812689761737174,3,1.3759915523343762,0.024363155625369108,1.388684464351719,3,0.18418513011038048,0.001955603313929567,0.183265893153991,3,0.0,0.0,0.0,3,1.0,0.0,1.0,3,0.0,0.0,0.0,3,0.0,0.0,0.0,3
honeycomb,markov,alpha_async,lesion,plastic,0,1,0.68,0.2,0.016,0.5,0.6,0.6,False,0.1787109474099823,0.03729735225939085,0.1900022591341203,3,0.3489608550235375,0.07363868137142737,0.3706060638531652,3,0.08798530524632764,0.027599958281406076,0.095740895434216,3,0.1129003741950672,0.03454880118675986,0.1014753808431351,3,0.11078960005792647,0.03719696141528963,0.100517617221702,3,1.186089530445244,0.12982785377067005,1.2359197001673816,3,0.08318532258361437,0.040664943023380064,0.0754191150403622,3,0.0,0.0,0.0,3,0.6666666666666666,0.0,0.6666666666666666,3,10994.0,1196.7259502492623,11123.0,3,10994.0,1196.7259502492623,11123.0,3
honeycomb,markov,alpha_async,lesion,plastic,1,0,0.68,0.2,0.016,0.5,0.6,0.6,False,0.29108475100879616,0.0199225815747785,0.2848029588435937,3,0.5249934607163663,0.03533306651127689,0.5120571567598604,3,0.06663582412840927,0.03460918409157434,0.0850397121205503,3,0.10781227868254235,0.027705194324065957,0.1225746413637026,3,0.09400214793094401,0.012309343509314138,0.0927480501719552,3,1.5580791460626653,0.01610105942187395,1.558819204876301,3,0.0954065385347892,0.027115199357947126,0.1018738453572879,3,0.0,0.0,0.0,3,1.0,0.0,1.0,3,0.0,0.0,0.0,3,0.0,0.0,0.0,3
honeycomb,markov,alpha_async,lesion,plastic,1,1,0.68,0.2,0.016,0.5,0.6,0.6,False,0.26313848366367565,0.031405404019555085,0.2534934021127507,3,0.5187730835871598,0.06163354100980668,0.4984796846777861,3,0.0139207423581414,0.048360908235968385,0.0353539851671222,3,0.0502121981784174,0.04372584584404215,0.0694866901614321,3,0.051608313443726406,0.03771561762230615,0.057205361919992,3,1.4001522433064562,0.039138118475647875,1.3986565316341764,3,0.0317231145060939,0.024000519942758584,0.0343756603049976,3,0.0,0.0,0.0,3,0.6666666666666666,0.0,0.6666666666666666,3,12997.333333333334,1065.8190903400694,12652.0,3,12997.333333333334,1065.8190903400694,12652.0,3
honeycomb,markov,alpha_async,repeated_lesion,plastic,0,0,0.68,0.2,0.016,0.5,0.6,0.6,False,0.19948253270148464,0.0033650199888729474,0.2011894953919859,3,0.3608166215532182,0.0038766791506159807,0.3625528563716039,3,0.18212155400898497,0.011398650280615107,0.1870738177843119,3,0.2025573623294864,0.0016937615810753274,0.2018962319958301,3,0.1779873598350609,0.007262592248662924,0.1793234722529919,3,1.3695002712915523,0.008399330612766114,1.3728253327245103,3,0.18640721983135786,0.006026454368743197,0.1833424536558223,3,0.0,0.0,0.0,3,1.0,0.0,1.0,3,0.0,0.0,0.0,3,0.0,0.0,0.0,3
honeycomb,markov,alpha_async,repeated_lesion,plastic,0,1,0.68,0.2,0.016,0.5,0.6,0.6,False,0.17716269692065686,0.03875296260988023,0.1850872023432959,3,0.3468793456745875,0.07542548997485495,0.3631792920415607,3,0.10965708996864543,0.04660884918051838,0.1128212987565091,3,0.12093223072944304,0.04789957979890387,0.1071960056568562,3,0.10116391125669323,0.05348219036327137,0.0789297365539697,3,1.1808971990060826,0.13493910861046632,1.2154870002122495,3,0.08483966039746087,0.04389748509315426,0.0693813958978048,3,0.0,0.0,0.0,3,0.6666666666666666,0.0,0.6666666666666666,3,11018.0,1234.0506472588554,11153.0,3,11018.0,1234.0506472588554,11153.0,3
honeycomb,markov,alpha_async,repeated_lesion,plastic,1,0,0.68,0.2,0.016,0.5,0.6,0.6,False,0.2930457001951892,0.01871329287375956,0.2852797293831642,3,0.5272268005643838,0.033075512272777066,0.5136114443783422,3,0.06663083790369297,0.02215840807874844,0.0733153270570358,3,0.1059416588110552,0.0157893265379956,0.1138055771228232,3,0.08840061369315594,0.009580376205126877,0.0914611860325717,3,1.5622408654726148,0.015130519141026547,1.5580935915996506,3,0.09176952391790144,0.024212376306081324,0.0989988020321757,3,0.0,0.0,0.0,3,1.0,0.0,1.0,3,0.0,0.0,0.0,3,0.0,0.0,0.0,3
honeycomb,markov,alpha_async,repeated_lesion,plastic,1,1,0.68,0.2,0.016,0.5,0.6,0.6,False,0.26278606898762463,0.03014324602001813,0.2524883839019135,3,0.5193077515276522,0.05980450102823679,0.4972260708250114,3,0.021157029564255733,0.01861655055555345,0.0305652451257916,3,0.0533458142541088,0.03646424960304418,0.069539388492125,3,0.04729951294780654,0.01791040791393828,0.0521997012084245,3,1.3952803207721474,0.04048194128596,1.3961768545469913,3,0.031275893956855996,0.022693172080014347,0.0362766215122093,3,0.0,0.0,0.0,3,0.6666666666666666,0.0,0.6666666666666666,3,13012.333333333334,1042.9248934287323,12646.0,3,13012.333333333334,1042.9248934287323,12646.0,3
honeycomb,markov,block_async,lesion,plastic,0,0,0.68,0.2,0.016,0.5,0.6,0.6,False,0.3052135564752894,0.013145988758626898,0.3089334624078746,3,0.5568717359131504,0.026315094707495573,0.5663053398596483,3,0.07467366248890879,0.01276269266013421,0.0819125516262331,3,0.0955105927443843,0.01675047465405028,0.0894127252561801,3,0.08392980988623887,0.009577123771936754,0.0791913389010871,3,1.5781988402844382,0.0034216750941405477,1.5798151805727094,3,0.08920904867677447,0.017286063429542014,0.0815284940549981,3,0.0,0.0,0.0,3,1.0,0.0,1.0,3,0.0,0.0,0.0,3,0.0,0.0,0.0,3
honeycomb,markov,block_async,lesion,plastic,0,1,0.68,0.2,0.016,0.5,0.6,0.6,False,0.2942990837563498,0.0044359017861069,0.2943721106529191,3,0.5923246007956213,0.009588320338273303,0.5934797295318398,3,0.015359227702656934,0.0043952564635712345,0.0140255759152966,3,0.0043236170569839,0.013699651990026542,-0.0015289524727531,3,-0.0006680486125693004,0.01734450120117316,-0.0073150058554976,3,1.4313552565877117,0.0062964091595534505,1.428049089960394,3,0.0039609128414235,0.0003186958320690451,0.0040950244621945,3,0.0,0.0,0.0,3,0.6666666666666666,0.0,0.6666666666666666,3,16749.0,713.434650125714,16817.0,3,16749.0,713.434650125714,16817.0,3
honeycomb,markov,block_async,lesion,plastic,1,0,0.68,0.2,0.016,0.5,0.6,0.6,False,0.3899510017649619,0.0026384498447177477,0.3905070907261988,3,0.7149234201228408,0.0016362599683094256,0.7140305747937103,3,0.015543640498496533,0.03127233240152156,0.0313407621535514,3,0.0144998755972934,0.005157273256539676,0.0151929827794271,3,0.0105013265641125,0.004835522442001406,0.0088026895956514,3,1.5332974716521388,0.006336122349605394,1.5338519908769483,3,0.0030505269123208,0.0002420001061459878,0.0030628470920796,3,0.0,0.0,0.0,3,1.0,0.0,1.0,3,0.0,0.0,0.0,3,0.0,0.0,0.0,3
honeycomb,markov,block_async,lesion,plastic,1,1,0.68,0.2,0.016,0.5,0.6,0.6,False,0.3359313231904808,0.004059019614922336,0.3344654976899019,3,0.6814339604147964,0.003348562660281247,0.6803010844683527,3,-0.0061923958722800996,0.0024751058529082497,-0.005466927631396,3,-0.013708546157796568,0.0035308549793822493,-0.0136090340902912,3,-0.004182567163472334,0.009440253519826573,-0.0033171522627525,3,1.4342450930836648,0.0033669449543702393,1.4345772549973734,3,0.0018807128753343665,0.00016890616271733795,0.0018435882911569,3,0.0,0.0,0.0,3,0.6666666666666666,0.0,0.6666666666666666,3,20499.0,457.3281097855237,20351.0,3,20499.0,457.3281097855237,20351.0,3
honeycomb,markov,block_async,repeated_lesion,plastic,0,0,0.68,0.2,0.016,0.5,0.6,0.6,False,0.30146664742565316,0.010245564703902794,0.3060970796827789,3,0.5523948268214681,0.02010533623376201,0.561590863430712,3,0.0879839469532515,0.02003217546181483,0.0771036118851201,3,0.10092583497222267,0.011832862571423136,0.0950665963529123,3,0.08770923031431867,0.009826714235289429,0.0863732865546504,3,1.5747357546780194,0.008122881783514235,1.5742249826149313,3,0.0949999478850555,0.016935793022593973,0.0869847667398846,3,0.0,0.0,0.0,3,1.0,0.0,1.0,3,0.0,0.0,0.0,3,0.0,0.0,0.0,3
honeycomb,markov,block_async,repeated_lesion,plastic,0,1,0.68,0.2,0.016,0.5,0.6,0.6,False,0.29496553121645797,0.002883390418195448,0.2937708426257814,3,0.5946724904900315,0.007748923643588209,0.5925336254252956,3,0.029866740757898,0.017237172136193486,0.0204964413848963,3,0.023221016116039234,0.006565044623890852,0.0263076754250672,3,0.0059626112410059336,0.008719117605810237,0.0043654484586846,3,1.429910100383564,0.006381264461693604,1.4286228460908157,3,0.0034211039568410664,0.0002831415028746031,0.0032902061144529,3,0.0,0.0,0.0,3,0.6666666666666666,0.0,0.6666666666666666,3,16719.666666666668,721.0272764142375,16851.0,3,16719.666666666668,721.0272764142375,16851.0,3
honeycomb,markov,block_async,repeated_lesion,plastic,1,0,0.68,0.2,0.016,0.5,0.6,0.6,False,0.39006338384526584,0.0014860964443604056,0.3901505075088055,3,0.7146004572116397,0.0006745525038280458,0.7146790154425513,3,0.0029601628915785663,0.01326653017649335,0.0087418675041787,3,0.017354885940959335,0.002879576784524455,0.0183491195839357,3,0.007690800427580167,0.004159616297757414,0.0053676239616244,3,1.5333100375212565,0.005917241650847961,1.5337618057119786,3,0.0030079196280252997,0.0004515987895983544,0.0029084980876878,3,0.0,0.0,0.0,3,1.0,0.0,1.0,3,0.0,0.0,0.0,3,0.0,0.0,0.0,3
honeycomb,markov,block_async,repeated_lesion,plastic,1,1,0.68,0.2,0.016,0.5,0.6,0.6,False,0.33790060680323375,0.0019878816816862113,0.3378030374373839,3,0.6825463658896215,0.002766543761804687,0.683183230009971,3,-0.005991819738976167,0.028687408935526248,-0.0111864475512423,3,-0.012022303495308834,0.0070039100101673,-0.0140876330283668,3,0.0019871644211614335,0.009390257427205572,-0.0001335841712728,3,1.4357380928409527,0.0038521632278031397,1.4372434721256533,3,0.0018180322636876,0.00019143450853900817,0.0019205007069958,3,0.0,0.0,0.0,3,0.6666666666666666,0.0,0.6666666666666666,3,20503.0,435.4170414671433,20337.0,3,20503.0,435.4170414671433,20337.0,3
honeycomb,markov,synchronous,lesion,plastic,0,0,0.68,0.2,0.016,0.5,0.6,0.6,False,0.25741145111075464,0.005345813094107752,0.2569964711579838,3,0.4871401966399453,0.008641288677415244,0.4870293605814659,3,0.12612711836273233,0.017278700088876248,0.1355502853737867,3,0.14799866258323593,0.0038228867637611305,0.1470326422471878,3,0.12812822957879744,0.00645581678312455,0.126611716991134,3,1.5118970179291136,0.010461548052913376,1.5107914195065058,3,0.1671456192872399,0.006536711819409384,0.1655772797773527,3,0.0,0.0,0.0,3,1.0,0.0,1.0,3,0.0,0.0,0.0,3,0.0,0.0,0.0,3
honeycomb,markov,synchronous,lesion,plastic,0,1,0.68,0.2,0.016,0.5,0.6,0.6,False,0.3553010616719874,0.004015800971305043,0.3534376249279473,3,0.7253979602537721,0.0052091365192055575,0.7245577475493068,3,0.003736348672773266,0.030370937821902956,-0.0121199651096128,3,-0.0028730328376835672,0.003433576570552826,-0.0046918558700909,3,-0.008285980558857034,0.006326160852640306,-0.0115396822185752,3,1.4145052335113142,0.004243677190285486,1.41520366071024,3,0.0017571682384443334,2.1862873016227277e-05,0.0017584627802425,3,0.0,0.0,0.0,3,0.6666666666666666,0.0,0.6666666666666666,3,19470.333333333332,101.63332786706036,19527.0,3,19470.333333333332,101.63332786706036,19527.0,3
honeycomb,markov,synchronous,lesion,plastic,1,0,0.68,0.2,0.016,0.5,0.6,0.6,False,0.387431263194879,0.0016047738232903336,0.3882953521757321,3,0.7469562226592711,0.0026843507133976143,0.7470147430961849,3,0.018393316757468334,0.004306873570114504,0.0193366336404083,3,0.0133374867236204,0.003518350813484074,0.0128294816778279,3,-0.0027988471870722,0.005541864883218111,-0.0047404758765948,3,1.5006819174399677,0.005945749260465826,1.5020507020613756,3,0.0029466350380989333,6.501190746892076e-05,0.0029138857603177,3,0.0,0.0,0.0,3,1.0,0.0,1.0,3,0.0,0.0,0.0,3,0.0,0.0,0.0,3
honeycomb,markov,synchronous,lesion,plastic,1,1,0.68,0.2,0.016,0.5,0.6,0.6,False,0.35992423361754783,0.0018077661843532362,0.3596802553524777,3,0.744247414255205,0.002017337828734739,0.7433586678910068,3,-0.006582200655371399,0.004525020238562982,-0.0057193444282643,3,-0.007536710178721533,0.0004825526679339798,-0.0073418087631793,3,0.0017269840193495096,0.004913345946516235,5.764743701412792e-05,3,1.4024369141010038,0.004923115342803626,1.40052053842869,3,0.0020805804142725666,0.00016376252225814328,0.0020431594399697,3,0.0,0.0,0.0,3,0.6666666666666666,0.0,0.6666666666666666,3,21731.333333333332,104.55779900769346,21783.0,3,21731.333333333332,104.55779900769346,21783.0,3
honeycomb,markov,synchronous,repeated_lesion,plastic,0,0,0.68,0.2,0.016,0.5,0.6,0.6,False,0.2558186385370776,0.00665437154585334,0.2572589392668823,3,0.48581744567577917,0.011549725136115116,0.4870655552905681,3,0.13763378237397803,0.017049201787605415,0.1440352073635055,3,0.1517009146993761,0.0061943080935560465,0.1543444717439467,3,0.1339750937823362,0.008319075871555087,0.1292030458833679,3,1.5044116822218927,0.01643967360947908,1.5090628979655825,3,0.1708820198145383,0.005582222797039296,0.1708934476609456,3,0.0,0.0,0.0,3,1.0,0.0,1.0,3,0.0,0.0,0.0,3,0.0,0.0,0.0,3
honeycomb,markov,synchronous,repeated_lesion,plastic,0,1,0.68,0.2,0.016,0.5,0.6,0.6,False,0.3550845329342271,0.002063589886838333,0.3542953922490121,3,0.7250763506858248,0.0021834984034883407,0.7240860053972197,3,-0.0007082469357596998,0.015922080665192368,-0.0013380441135509,3,-0.00027793917690160003,0.004594371564103127,-0.0002227067615283,3,-0.0027274962298221334,0.005302732758234295,-0.0012538252764031,3,1.407680827116872,0.001569955330610294,1.4073962392489283,3,0.0019368814570627666,5.052794869428154e-05,0.0019157719411584,3,0.0,0.0,0.0,3,0.6666666666666666,0.0,0.6666666666666666,3,19498.0,164.77560499054465,19552.0,3,19498.0,164.77560499054465,19552.0,3
honeycomb,markov,synchronous,repeated_lesion,plastic,1,0,0.68,0.2,0.016,0.5,0.6,0.6,False,0.38738817308537093,0.001873745780954741,0.386808236890574,3,0.7451811456322122,0.001172869156954344,0.7452955734127608,3,0.024686460715486167,0.010083019838009591,0.0190853405005104,3,0.0192606648863969,0.007061584551653194,0.0204192291022302,3,0.008973678349173399,0.009804118258513525,0.0137408041431274,3,1.502083607847131,0.006636611434895757,1.4995435422177317,3,0.0035411774205749667,7.507634011415866e-05,0.0035154536351542,3,0.0,0.0,0.0,3,1.0,0.0,1.0,3,0.0,0.0,0.0,3,0.0,0.0,0.0,3
honeycomb,markov,synchronous,repeated_lesion,plastic,1,1,0.68,0.2,0.016,0.5,0.6,0.6,False,0.35922298844179795,0.0028854660595743348,0.3591321959045162,3,0.7438037802035332,0.002648719807167169,0.7450731875933675,3,0.006417297981270667,0.014903090200076095,0.0123163434178381,3,-0.0010335423296578667,0.0036769844173766037,0.000529507100549,3,0.0038242766918112,0.004240615929588985,0.0052033762462744,3,1.4025842614231392,0.00807803182503841,1.4025830072328294,3,0.0019161473796356,8.206374724445756e-05,0.0019341058092785,3,0.0,0.0,0.0,3,0.6666666666666666,0.0,0.6666666666666666,3,21754.333333333332,131.16529012407665,21802.0,3,21754.333333333332,131.16529012407665,21802.0,3
honeycomb,ql,alpha_async,lesion,plastic,0,0,0.68,0.2,0.016,0.5,0.6,0.6,False,0.3941990177967829,0.0014774512844561833,0.3950242236917441,3,0.7177127061820935,0.000619227352302944,0.7173875397516892,3,-0.0033787465174015,0.01166910157740769,-0.0068448774595199,3,-0.0066994699319688,0.007372606029034334,-0.0089471552472516,3,0.0031208931478959663,0.004725961667797089,0.005631480217111,3,1.5036444855525108,0.006940257412262341,1.5022149372447438,3,0.0022282237964561997,3.786699561194376e-05,0.0022374320658606,3,0.2801235893754468,0.0017773142522917993,0.281071786903924,3,1.0,0.0,1.0,3,0.0,0.0,0.0,3,0.0,0.0,0.0,3
honeycomb,ql,alpha_async,lesion,plastic,0,1,0.68,0.2,0.016,0.5,0.6,0.6,False,0.32117708153651875,0.0019948683973083064,0.3208913587171511,3,0.6622026008546965,0.001693289178555989,0.6630470765296669,3,-0.0005519548734248999,0.005698267681551926,0.0011723803985937,3,-0.007411180579161434,0.010165058280058197,-0.0043440225218784,3,0.0035321762695195,0.0030455258033899655,0.0020455925139326,3,1.4409004998047505,0.010881748450267981,1.436739648662067,3,0.0018279820455038333,0.00021902088943750653,0.0018341585196075,3,0.3852392860984957,0.0007506360273913062,0.3853479631934425,3,0.6666666666666666,0.0,0.6666666666666666,3,19106.0,381.5586455579273,19008.0,3,19106.0,381.5586455579273,19008.0,3
honeycomb,ql,alpha_async,lesion,plastic,1,0,0.68,0.2,0.016,0.5,0.6,0.6,False,0.3890608786628767,0.0018259010796668072,0.3895447391797366,3,0.7114784535987716,0.0018838677659499098,0.7112105562750205,3,0.005063844403801467,0.009269379644652215,0.0039281688315938,3,0.0035912269094328327,0.0031693059600856276,0.0019536081171087,3,0.004979455141210933,0.00805247890898445,0.0079816895157446,3,1.5142515410361153,0.006543683261889287,1.5114470281568433,3,0.0025051769555168002,7.706115695577729e-05,0.0025116348812193,3,0.288080505487067,0.0012290576401676717,0.2877976203717918,3,1.0,0.0,1.0,3,0.0,0.0,0.0,3,0.0,0.0,0.0,3
honeycomb,ql,alpha_async,lesion,plastic,1,1,0.68,0.2,0.016,0.5,0.6,0.6,False,0.3225268235917444,0.001012394196072655,0.3228274497914459,3,0.6697163524288704,0.00047917127677071076,0.6699204999694734,3,-0.004258421941261567,0.034284730525560005,-0.0020558914212556,3,0.0005799301176519001,0.013788712339328251,0.0007894521398556,3,0.002267249224123667,0.0009338789593981476,0.0021964078611001,3,1.426135578561891,0.0041512693731607115,1.42704459562612,3,0.0017705373936087,9.77222650934783e-05,0.0017196728004364,3,0.38880886734963904,0.001596196945018899,0.3894991873052129,3,0.6666666666666666,0.0,0.6666666666666666,3,19608.333333333332,319.5814971698667,19773.0,3,19608.333333333332,319.5814971698667,19773.0,3
honeycomb,ql,alpha_async,repeated_lesion,plastic,0,0,0.68,0.2,0.016,0.5,0.6,0.6,False,0.39393827279229826,0.0008892673163634376,0.3941347795182364,3,0.7184925406091566,0.0025572484190801905,0.7187709169493379,3,-0.005003413174552567,0.007453456377077105,-0.0090186791902734,3,0.0019534813736312,0.005146547873589786,0.0010604272484724,3,0.0008612610112716,0.008557941235359882,-0.0001127185578661,3,1.5055265463324463,0.005913869011404132,1.5052554399567073,3,0.0024067533574703664,0.00022739404625996264,0.0024598433259417,3,0.28235860599244517,0.0027655623834415303,0.2808761419391495,3,1.0,0.0,1.0,3,0.0,0.0,0.0,3,0.0,0.0,0.0,3
honeycomb,ql,alpha_async,repeated_lesion,plastic,0,1,0.68,0.2,0.016,0.5,0.6,0.6,False,0.31840274312566486,0.003100037938085509,0.3183802356939341,3,0.6590908270804298,0.001962027445552784,0.6598543804715912,3,-0.0006702679523851995,0.02899829416108476,0.0016207397407156,3,-0.006968592758119566,0.01296936222681862,-0.00217756443013,3,0.0031650803271211663,0.0007573343194804242,0.0030457067458201,3,1.4350142250624083,0.0066926356872031596,1.437267347526037,3,0.0020093288730517,7.769243004533372e-05,0.0020465045071465,3,0.39054993826418466,0.0013526759360104673,0.3907184046485513,3,0.6666666666666666,0.0,0.6666666666666666,3,19114.0,354.4954160493475,19036.0,3,19114.0,354.4954160493475,19036.0,3
honeycomb,ql,alpha_async,repeated_lesion,plastic,1,0,0.68,0.2,0.016,0.5,0.6,0.6,False,0.3877811198671847,0.0011971556293762506,0.3875988128385811,3,0.7092089916516618,0.0018299026686373228,0.7085203822770132,3,0.0097123570842716,0.018962117775584153,0.0077552154378398,3,0.008983223933635034,0.003652842789998507,0.0082049351564288,3,0.0013773219110254,0.009480742832175822,-0.0034153419063249,3,1.5168774637693205,0.0054169847638450615,1.5146440167895685,3,0.0024761749647309,0.00017223628603626277,0.0023808880669178,3,0.2909094027124622,0.0019311747357316491,0.2898573136869776,3,1.0,0.0,1.0,3,0.0,0.0,0.0,3,0.0,0.0,0.0,3
honeycomb,ql,alpha_async,repeated_lesion,plastic,1,1,0.68,0.2,0.016,0.5,0.6,0.6,False,0.3225441620596516,0.0019485553549377598,0.3235747694626333,3,0.6698121964207312,0.0017874192513373582,0.6707008977618039,3,-0.006985399756102168,0.0240771147821048,-0.0029287782915375,3,-0.007637427966519232,0.009271982188986503,-0.0106966934156072,3,-0.0005696252256576,0.002340835908373889,0.0007151333059645,3,1.4300493364230984,0.003624362940120325,1.4310488809683324,3,0.0017523044195056666,4.846848377457099e-05,0.0017524513536546,3,0.3861185968780139,0.004009527605319105,0.3859545870152395,3,0.6666666666666666,0.0,0.6666666666666666,3,19586.0,352.3364868985328,19727.0,3,19586.0,352.3364868985328,19727.0,3
honeycomb,ql,block_async,lesion,plastic,0,0,0.68,0.2,0.016,0.5,0.6,0.6,False,0.39750760337090635,0.0006470935674261229,0.3976755412233346,3,0.7336131230739514,0.0007058199856554091,0.7339312865674605,3,0.0033996122699470332,0.00843460591625175,0.0018157268506634,3,0.0006917700511067998,0.0052511597361274325,0.0028500838141079,3,0.0007542623540627667,0.005372877291481735,-0.0007950261427162,3,1.4925904721132917,0.006179397487150967,1.493777602334898,3,0.0027105340528394335,0.0002543597523202675,0.0027271392771308,3,0.2654465648579831,0.0014157198792101402,0.265418779429273,3,1.0,0.0,1.0,3,0.0,0.0,0.0,3,0.0,0.0,0.0,3
honeycomb,ql,block_async,lesion,plastic,0,1,0.68,0.2,0.016,0.5,0.6,0.6,False,0.3265578219049446,0.0026536449105581876,0.3257054058987085,3,0.6808295254138681,0.0031179459560257863,0.6825083152412269,3,0.0070984200895972994,0.008069407407684026,0.0030975950101426,3,0.0025396122698198996,0.003927171213038865,0.002045645674807,3,-0.0003081412626953665,0.00571498082246078,-0.000667222820517,3,1.4208563945384893,0.011354113833190325,1.4239833744285,3,0.0021134524216816,0.00024056866966315566,0.0020271034829659,3,0.3740379334161387,0.007468878017883966,0.3727242167014132,3,0.6666666666666666,0.0,0.6666666666666666,3,21418.333333333332,157.4240557644653,21405.0,3,21418.333333333332,157.4240557644653,21405.0,3
honeycomb,ql,block_async,lesion,plastic,1,0,0.68,0.2,0.016,0.5,0.6,0.6,False,0.3905538163803264,0.001225150019317924,0.3912607959843774,3,0.7248143433666937,0.002367284575856085,0.7248981031641308,3,0.0025395675760849666,0.008836275883768837,0.0002937456248272,3,0.0087617692240695,0.006630106052295882,0.0057658264966379,3,0.006874520951326333,0.004289220167788791,0.0045398793741053,3,1.4998805180426613,0.003759823277421717,1.5014360311321209,3,0.0029959617247861336,0.000422409839925227,0.0032071300114122,3,0.28189818808668377,0.0004735625069809123,0.2818501947032029,3,1.0,0.0,1.0,3,0.0,0.0,0.0,3,0.0,0.0,0.0,3
honeycomb,ql,block_async,lesion,plastic,1,1,0.68,0.2,0.016,0.5,0.6,0.6,False,0.33348747456398514,0.002811856876543963,0.3321155320975352,3,0.6957156423041894,0.0024775145337589954,0.6952837741852658,3,0.0084527163455026,0.009111370940587893,0.0108492242462118,3,-0.003980741430462233,0.003732892524381002,-0.0023905499254328,3,-0.0017138417027618667,0.0033315782833989987,-0.0035962381285284,3,1.4101554576748896,0.004156485217117945,1.412273902599123,3,0.0017918096938681668,0.00021786395191624404,0.0018685097045544,3,0.37649679175551215,0.001748113459607575,0.3761188655747428,3,0.6666666666666666,0.0,0.6666666666666666,3,22348.666666666668,163.0040899282385,22430.0,3,22348.666666666668,163.0040899282385,22430.0,3
honeycomb,ql,block_async,repeated_lesion,plastic,0,0,0.68,0.2,0.016,0.5,0.6,0.6,False,0.39676168794259353,0.001590205792260321,0.3976718297426334,3,0.7334643852526644,0.0017886634032108044,0.7327782635368946,3,0.0037937689164454333,0.002994119409580238,0.0038493171619626,3,-0.00023031352497296666,0.005263159556145738,-0.000318164894662,3,0.0023007361241167332,0.008177580426638487,0.0023325586082979,3,1.489770146899331,0.003963833941868004,1.4905516941618724,3,0.002405052952475933,0.00021261429966931624,0.002296530675032,3,0.2667969866661896,0.0013352729522910136,0.2670901800871908,3,1.0,0.0,1.0,3,0.0,0.0,0.0,3,0.0,0.0,0.0,3
honeycomb,ql,block_async,repeated_lesion,plastic,0,1,0.68,0.2,0.016,0.5,0.6,0.6,False,0.32330495242873464,0.0023486597743515632,0.3244553233274379,3,0.6762590022509718,0.0014627170708576731,0.6764986112767164,3,0.0012428272913069327,0.02402090093117363,-0.0008831993882873,3,0.0002573774414870999,0.00438733658860609,-0.0009650461752816,3,0.006376040709551566,0.00743708403110471,0.0052303777662828,3,1.4196632267916691,0.003440271252194619,1.4187408381439088,3,0.0020981241501849667,8.637381268233798e-05,0.0020917322904129,3,0.3819454528524438,0.0019347540538225939,0.3814239573967368,3,0.6666666666666666,0.0,0.6666666666666666,3,21447.0,144.665130560201,21431.0,3,21447.0,144.665130560201,21431.0,3
honeycomb,ql,block_async,repeated_lesion,plastic,1,0,0.68,0.2,0.016,0.5,0.6,0.6,False,0.391497033137302,0.0016330532314934843,0.3915808617919499,3,0.7246076915709905,0.00228491488663443,0.7253526600561907,3,0.017007103609237333,0.003178461781553365,0.017746957880559,3,0.012436735759662566,0.0025161998317146223,0.0112794219199986,3,0.0014286880669292666,0.005644779749940594,0.0007271749298962,3,1.4998456391081547,0.003129573942177136,1.50030656763377,3,0.002688516861631733,6.16780424682662e-05,0.0026822392742548,3,0.27967900754087943,0.00043356931677432625,0.2797821914859342,3,1.0,0.0,1.0,3,0.0,0.0,0.0,3,0.0,0.0,0.0,3
honeycomb,ql,block_async,repeated_lesion,plastic,1,1,0.68,0.2,0.016,0.5,0.6,0.6,False,0.33135596840409337,0.0012253826488817128,0.3320068731713194,3,0.6945749305271655,0.0002895428157835426,0.6944656614275843,3,0.003142247128559267,0.014614320262547326,0.0106114703404461,3,1.4216708499966793e-05,0.009252983876263204,0.00245384399988,3,0.0010922485208812334,0.005972230644746455,0.0044437684472998,3,1.4100184074785116,0.007003970363297596,1.4105141100385628,3,0.0019795079078667667,0.00023704212433692484,0.0018583129339188,3,0.3759803627372807,0.0015694957815967439,0.3753008174448966,3,0.6666666666666666,0.0,0.6666666666666666,3,22372.0,227.85741155380484,22417.0,3,22372.0,227.85741155380484,22417.0,3
honeycomb,ql,synchronous,lesion,plastic,0,0,0.68,0.2,0.016,0.5,0.6,0.6,False,0.39774029416682666,0.0002725675265698708,0.3977103932801295,3,0.756543372297488,0.0005633585764694251,0.756277299746596,3,-0.0064339196924389,0.0163616997099368,0.0029467937450664,3,-0.003696640252836067,0.0032794840586998293,-0.0020473964735427,3,-0.004258803280474867,0.018748379895034993,0.0027438293686403,3,1.4720490382019655,0.007480429888243992,1.4707250242896657,3,0.0027325134632977337,0.0003373018918666686,0.0026862841600918,3,0.2600129477014546,0.0012714713996436235,0.2595824873588169,3,1.0,0.0,1.0,3,0.0,0.0,0.0,3,0.0,0.0,0.0,3
honeycomb,ql,synchronous,lesion,plastic,0,1,0.68,0.2,0.016,0.5,0.6,0.6,False,0.3488614348730432,0.0011859823302735404,0.3491621148320601,3,0.7220636528805059,0.0008923481044421341,0.7218438997556331,3,-0.007831262883854934,0.005299331360020198,-0.0071403314666559,3,0.0039056005171542664,0.005986374756974692,0.0037688251330068,3,0.0034633469546140002,0.004213641938913131,0.0040209090877117,3,1.3956031713323487,0.006216606865405266,1.3974363878571503,3,0.0017705142109713668,8.756203706996284e-05,0.0017972345741669,3,0.347513793224951,0.0010703554057124864,0.3470699234023108,3,0.6666666666666666,0.0,0.6666666666666666,3,21773.666666666668,101.9280792192869,21723.0,3,21773.666666666668,101.9280792192869,21723.0,3
honeycomb,ql,synchronous,lesion,plastic,1,0,0.68,0.2,0.016,0.5,0.6,0.6,False,0.387023051605603,0.002126980728665418,0.3879424737756777,3,0.7484030273725084,0.0016571770065845252,0.7484780902354702,3,0.011942949352145066,0.015701115845316593,0.0146446665906283,3,0.008407748537562966,0.00954222003906444,0.0122683696262404,3,0.0042242019976345,0.006833995253475759,0.0040296722888559,3,1.4824595624749792,0.0061424495461205614,1.4830125770483409,3,0.0027889394682669663,0.000320723748257951,0.0027473982313879,3,0.2768113002605714,0.0005528039655613234,0.2768477675970215,3,1.0,0.0,1.0,3,0.0,0.0,0.0,3,0.0,0.0,0.0,3
honeycomb,ql,synchronous,lesion,plastic,1,1,0.68,0.2,0.016,0.5,0.6,0.6,False,0.3494413740101468,0.002005402775005216,0.3494044423007305,3,0.7324380593517253,0.0014712245612936567,0.7321833766804627,3,-0.003965720384137833,0.014574475743969079,-0.0120333305434458,3,0.0032276878980583,0.005909468474760217,0.002239287124798,3,0.006565171850853566,0.005570995629998836,0.0037788030209071,3,1.3895538487452657,0.006079695546431584,1.3877047500988435,3,0.001985067732203733,5.549259989437848e-05,0.0019672760981823,3,0.3518542003438087,0.002163433331987095,0.3508807760796638,3,0.6666666666666666,0.0,0.6666666666666666,3,22251.666666666668,105.07774899251143,22247.0,3,22251.666666666668,105.07774899251143,22247.0,3
honeycomb,ql,synchronous,repeated_lesion,plastic,0,0,0.68,0.2,0.016,0.5,0.6,0.6,False,0.39704110442467927,0.0008179994725969317,0.3965852183367106,3,0.7568363287828718,0.00221817606721281,0.7580226957881955,3,-0.0017513846179511,0.0074078261558164216,0.0014235509946275,3,-0.00039855693264943354,0.00970189220655793,0.0008054904721844,3,0.0008137622903512665,0.009697823150135251,0.004889072164571,3,1.4684578579654264,0.004953034801456318,1.4710157699261803,3,0.0022926468212127334,6.21013048213652e-05,0.0023234862061622,3,0.2605046505142989,0.0026655453944752655,0.262018637092386,3,1.0,0.0,1.0,3,0.0,0.0,0.0,3,0.0,0.0,0.0,3
honeycomb,ql,synchronous,repeated_lesion,plastic,0,1,0.68,0.2,0.016,0.5,0.6,0.6,False,0.34751331497349375,0.0007373320055035547,0.3476901797050441,3,0.7222353290585036,0.0008687794564633978,0.7222456275160646,3,-0.000851571851595,0.0029475799593656317,-0.000962862573065,3,0.0014374136071127997,0.003944107113510604,0.0021560758449193,3,-0.003991577238248966,0.008282074203412563,-0.0031327344449332,3,1.3863419991669812,0.008234546350403564,1.390961782289151,3,0.0018761825300386665,0.00020095874245650946,0.001969868737753,3,0.34704864561699417,0.002487321648748755,0.3472893151765292,3,0.6666666666666666,0.0,0.6666666666666666,3,21731.333333333332,83.48253310323913,21708.0,3,21731.333333333332,83.48253310323913,21708.0,3
honeycomb,ql,synchronous,repeated_lesion,plastic,1,0,0.68,0.2,0.016,0.5,0.6,0.6,False,0.3891849450351856,0.0018123736778322007,0.3892207035939896,3,0.7499238741236584,0.0009716656920424528,0.7494330875282507,3,0.0149864612334862,0.0027746182629122965,0.0158834595130728,3,0.014549687728819335,0.003963649589404867,0.0138026066508615,3,0.0032586472375196,0.0035409170566099426,0.0025553015768177,3,1.47647885823229,0.011496394436283145,1.4776745468716583,3,0.0023817944212823666,0.00013581770264765172,0.0023479178138321,3,0.2777419601862132,0.002194082514594228,0.2767734868881684,3,1.0,0.0,1.0,3,0.0,0.0,0.0,3,0.0,0.0,0.0,3
honeycomb,ql,synchronous,repeated_lesion,plastic,1,1,0.68,0.2,0.016,0.5,0.6,0.6,False,0.35067567391240767,0.001221526019177944,0.3503940053833638,3,0.7336359720591393,0.0019173219342893883,0.7335177590756892,3,-0.010674002988424669,0.006098772539639514,-0.0117052368224739,3,-0.0029840866483570663,0.0012773979753234591,-0.0025055655448046,3,-0.0035634149591140334,0.0067838688505116275,-0.0032357582335549,3,1.387331011659045,0.002917275627749261,1.3875378632287716,3,0.0019242774193947668,0.00016142708802610934,0.0019290094628265,3,0.3524652813071642,0.002875108392162527,0.3531561228534945,3,0.6666666666666666,0.0,0.6666666666666666,3,22249.666666666668,82.28203530135411,22290.0,3,22249.666666666668,82.28203530135411,22290.0,3
honeycomb_nnn,markov,alpha_async,lesion,plastic,0,0,0.68,0.2,0.016,0.5,0.6,0.6,False,0.416532268402102,0.005542686597057165,0.4151359849940751,3,0.6175988567349004,0.010682136952184914,0.623664369492613,3,-0.0024339689333905336,0.0041609432891794385,-0.0032964758338146,3,-0.0036761273150829332,0.0022835638702328634,-0.0046726945637187,3,-0.0009254385973526333,0.0034267173107735134,-0.0024477346986334,3,1.0277889065980697,0.011409211143545048,1.030360969496605,3,0.0256518102789689,0.00601633537357643,0.0279508052931397,3,0.0,0.0,0.0,3,0.9995784750800182,0.0001427110793570364,0.9995070301783264,3,0.0,0.0,0.0,3,0.0,0.0,0.0,3
honeycomb_nnn,markov,alpha_async,lesion,plastic,0,1,0.68,0.2,0.016,0.5,0.6,0.6,False,0.4118171969462101,0.00247913540163826,0.4123591013845716,3,0.6165426441876746,0.0018776325255047347,0.6173257322130351,3,0.002790270234806033,0.015177490741318142,0.0060319093992156,3,0.011203802574301166,0.00727145413579127,0.0132932612629876,3,0.004453376577713935,0.0041086724821622535,0.005446568004848,3,1.0425810806007263,0.015414669697443407,1.0401141123055435,3,0.008084413048135466,0.0016087246288729478,0.0073417361267958,3,0.0,0.0,0.0,3,0.7777777777777778,0.0,0.7777777777777778,3,28808.333333333332,310.37450496671516,28982.0,3,28808.333333333332,310.37450496671516,28982.0,3
honeycomb_nnn,markov,alpha_async,lesion,plastic,1,0,0.68,0.2,0.016,0.5,0.6,0.6,False,0.39718586495421754,0.0019979952821836534,0.3975600503628937,3,0.6610784825036214,0.010158148681579523,0.6570215598537102,3,0.010464831059585433,0.008810824749833168,0.0112384808289986,3,0.012110919165066401,0.0015589050695228048,0.0114083189056678,3,0.0031140899361158333,0.004159307708184211,0.0045817006174647,3,0.9265421564736931,0.031607828630250745,0.939477162747018,3,0.023983183579685204,0.007793589510348414,0.024418532558152,3,0.0,0.0,0.0,3,0.9991426611796982,0.0002810973304313162,0.9990997942386832,3,0.0,0.0,0.0,3,0.0,0.0,0.0,3
honeycomb_nnn,markov,alpha_async,lesion,plastic,1,1,0.68,0.2,0.016,0.5,0.6,0.6,False,0.39666820107311557,0.0022919479116067197,0.3975995842604452,3,0.6141566596250073,0.002332966738891147,0.6132985096626211,3,0.0200552155305294,0.007392629251138244,0.0199231547590286,3,0.009188639075325,0.004758996820196163,0.0085994746650242,3,0.0008015922503271334,0.005338874815414218,0.0032995026349095,3,0.9704837983418694,0.003820196766392126,0.97079496278977,3,0.009290405922957599,0.0023271858314852603,0.0085001174368795,3,0.0,0.0,0.0,3,0.7777777777777778,0.0,0.7777777777777778,3,29639.0,232.05818235951085,29569.0,3,29639.0,232.05818235951085,29569.0,3
honeycomb_nnn,markov,alpha_async,repeated_lesion,plastic,0,0,0.68,0.2,0.016,0.5,0.6,0.6,False,0.4165946727889935,0.00441707606843892,0.4156329151543684,3,0.6189338968402757,0.011751389200027914,0.6251342352742998,3,-0.0046760576045491,0.00740389556909042,-0.007982207428745,3,-0.0035988093448816663,0.00214264574424811,-0.0026081477401758,3,0.001989861401005967,0.005015163303356249,0.0019477986993456,3,1.0252097279093881,0.013089952153889101,1.0194406136976777,3,0.025638760413668266,0.005326618955219662,0.0283185958605205,3,0.0,0.0,0.0,3,0.9995784750800182,0.0001797517379030301,0.9994855967078188,3,0.0,0.0,0.0,3,0.0,0.0,0.0,3
honeycomb_nnn,markov,alpha_async,repeated_lesion,plastic,0,1,0.68,0.2,0.016,0.5,0.6,0.6,False,0.4104883578895933,0.0037404295570130364,0.412196094038005,3,0.6150875520952466,0.004112744782541246,0.6169651933852223,3,-0.0003708674360921327,0.007379732653537831,-0.003940925088222,3,0.006397599648819,0.006460075281189145,0.0048798809432818,3,0.0026526696421416,0.009907773357489658,0.0050576250492271,3,1.046580685946889,0.01877462687526949,1.0463111530313216,3,0.008304202653667435,0.000931706632085518,0.0077953967385267,3,0.0,0.0,0.0,3,0.7777777777777778,0.0,0.7777777777777778,3,28797.333333333332,318.42790916207946,28967.0,3,28797.333333333332,318.42790916207946,28967.0,3
honeycomb_nnn,markov,alpha_async,repeated_lesion,plastic,1,0,0.68,0.2,0.016,0.5,0.6,0.6,False,0.39703614356059375,0.002523096424192977,0.397687194802682,3,0.6616141206388312,0.011570664428805354,0.6555746074402882,3,0.004871029405267733,0.007919919371129066,0.0076701732861322,3,0.008697874936079134,0.0031756643836405676,0.0101902991036415,3,0.003658753494670533,0.00045606335420302784,0.0037091488785592,3,0.923199463902569,0.037233435849726805,0.9441073188083696,3,0.023546167608457402,0.00840310801677624,0.025876489861606,3,0.0,0.0,0.0,3,0.9991569501600366,0.0003048780906114206,0.999014060356653,3,0.0,0.0,0.0,3,0.0,0.0,0.0,3
honeycomb_nnn,markov,alpha_async,repeated_lesion,plastic,1,1,0.68,0.2,0.016,0.5,0.6,0.6,False,0.3979418551554501,0.002247852833947689,0.3977618337080374,3,0.6162922504171066,0.0024110636150430375,0.6157199870600165,3,0.015277102748765333,0.0075796237762282195,0.019598466977741,3,0.0109068562640399,0.007672631763266153,0.013721799335536,3,0.004162008950353538,0.00484615468686906,0.0029882732330478,3,0.9733984752487398,0.007683669172994982,0.9694013259955986,3,0.010751125792414133,0.003030696188231514,0.0101887179378705,3,0.0,0.0,0.0,3,0.7777777777777778,0.0,0.7777777777777778,3,29664.0,232.07541877587983,29614.0,3,29664.0,232.07541877587983,29614.0,3
honeycomb_nnn,markov,block_async,lesion,plastic,0,0,0.68,0.2,0.016,0.5,0.6,0.6,False,0.4146749596435879,0.009860975605127406,0.4162690181046941,3,0.622644834843099,0.038460597571834454,0.6054663376729809,3,-0.001572390109012033,0.0049058383773617174,-0.003429592384105,3,0.004919411160533133,0.007350011157420032,0.0069162113336184,3,0.0012321209941759336,0.010529707183263376,-0.0019756020659193,3,1.0015984215922655,0.04960286832721071,1.0285779634397385,3,0.04325179951274607,0.01750998584783863,0.0471276269816314,3,0.0,0.0,0.0,3,0.9995141746684957,0.00014589461774589581,0.9994641632373114,3,0.0,0.0,0.0,3,0.0,0.0,0.0,3
honeycomb_nnn,markov,block_async,lesion,plastic,0,1,0.68,0.2,0.016,0.5,0.6,0.6,False,0.4232257037759953,0.0014750569840031654,0.4227147307550859,3,0.6057576283824826,0.0028103674240337684,0.6046753320449001,3,0.0149515865229155,0.0043933890798525995,0.0169627797127315,3,0.007640086458438433,0.0009901032806848215,0.0070891684689483,3,0.002385330328610167,0.0021880183090723544,0.0023561143196138,3,1.0016051001218906,0.0003280850636785418,1.0017591983070706,3,0.0103921429609814,0.0006586188374228252,0.010644435873058,3,0.0,0.0,0.0,3,0.7777777777777778,0.0,0.7777777777777778,3,34557.666666666664,258.68384822662125,34703.0,3,34557.666666666664,258.68384822662125,34703.0,3
honeycomb_nnn,markov,block_async,lesion,plastic,1,0,0.68,0.2,0.016,0.5,0.6,0.6,False,0.3798479768260816,0.0010556846542446236,0.3796813421893593,3,0.7437252589883875,0.0022407983529674014,0.74287869104678,3,0.018506780956290533,0.001685097564390876,0.0190461384845727,3,0.022633267671837803,0.0031461125147088267,0.0217976823932552,3,0.008718843587271867,0.0035772118750082584,0.0090354251302168,3,0.6676824612610242,0.013621512047257789,0.6651075984581891,3,0.0231931014592606,0.0033675769627552225,0.0223932926449946,3,0.0,0.0,0.0,3,0.9981638660265203,0.00030638119630769584,0.9980924211248284,3,0.0,0.0,0.0,3,0.0,0.0,0.0,3
honeycomb_nnn,markov,block_async,lesion,plastic,1,1,0.68,0.2,0.016,0.5,0.6,0.6,False,0.37573931108168884,0.0009478443763842693,0.3759039979922247,3,0.6081509695751488,0.007261556317766787,0.6049125390891208,3,0.024004515978059266,0.0021476562429161034,0.0228326563281285,3,0.019727812251679935,0.009336975139134672,0.0196104878532936,3,0.0029029506258119336,0.005275573326997704,0.0002668540124993,3,0.9583085583214631,0.012835130163682196,0.9509825198190246,3,0.013685700530277333,0.002992593768649919,0.0130619941651234,3,0.0,0.0,0.0,3,0.7777777777777778,0.0,0.7777777777777778,3,33328.0,182.7648762755032,33226.0,3,33328.0,182.7648762755032,33226.0,3
honeycomb_nnn,markov,block_async,repeated_lesion,plastic,0,0,0.68,0.2,0.016,0.5,0.6,0.6,False,0.41451620163570163,0.009912545726201946,0.4162315759200339,3,0.6232296619322358,0.03851786002268223,0.6044575712966177,3,-0.0010532975539255464,0.0021994021662550822,7.327385004596073e-05,3,0.004964403904484367,0.008417276869198945,0.0074693660298103,3,0.0014351209156501668,0.01225998668856481,0.0011471675951307,3,1.0023157490736339,0.05138560901133437,1.0270454960570217,3,0.044396670747327636,0.016916729030814752,0.0471012879964641,3,0.0,0.0,0.0,3,0.9994998856881573,0.00014271107935693564,0.9994641632373114,3,0.0,0.0,0.0,3,0.0,0.0,0.0,3
honeycomb_nnn,markov,block_async,repeated_lesion,plastic,0,1,0.68,0.2,0.016,0.5,0.6,0.6,False,0.42256084862227866,0.0015091751705833265,0.4228895730316687,3,0.6033900391576671,0.006499067618593615,0.6020114411198499,3,-0.0011017122256058995,0.0035475135694076395,-0.0021765603871046,3,0.006527781358555367,0.0008916349245665852,0.0066413903513918,3,0.0066713745188987,0.0017045451760827762,0.0058542298183422,3,1.004910830621225,0.014655438012434399,0.9975020449460604,3,0.010805958934218934,0.0008785650721378531,0.0108059826913225,3,0.0,0.0,0.0,3,0.7777777777777778,0.0,0.7777777777777778,3,34553.666666666664,279.0597307626695,34698.0,3,34553.666666666664,279.0597307626695,34698.0,3
honeycomb_nnn,markov,block_async,repeated_lesion,plastic,1,0,0.68,0.2,0.016,0.5,0.6,0.6,False,0.3807367024132729,0.0024606104917684396,0.3808975898496223,3,0.7423799725883864,0.0026546391273534436,0.7420175266598333,3,0.029107045598461802,0.008385743349994446,0.0329851446751738,3,0.025794519065532335,0.007649294063657554,0.0282552438983233,3,0.004666586999545233,0.013890408281382669,0.0071003939115954,3,0.6741328648303305,0.008902958026636057,0.6753454458052127,3,0.02435987661430933,0.002786238776691701,0.0235968780394486,3,0.0,0.0,0.0,3,0.9981281435756745,0.0004045951970384089,0.9982210219478738,3,0.0,0.0,0.0,3,0.0,0.0,0.0,3
honeycomb_nnn,markov,block_async,repeated_lesion,plastic,1,1,0.68,0.2,0.016,0.5,0.6,0.6,False,0.3751791297439806,0.0011304818008642404,0.3746601206707557,3,0.6081332023490816,0.007814640507755242,0.6068675160128418,3,0.0259161440455087,0.010531731700575636,0.0254001061949034,3,0.023404174391181268,0.0044834515434776625,0.0230314476490854,3,0.0051795478275431335,0.0031756408024072656,0.0036709109963122,3,0.9528711841788855,0.016258525613464123,0.9514529728248408,3,0.014499525926435433,0.0042913970519114775,0.0148367247528076,3,0.0,0.0,0.0,3,0.7777777777777778,0.0,0.7777777777777778,3,33327.666666666664,162.2385075539518,33235.0,3,33327.333333333336,161.66116829137724,33235.0,3
honeycomb_nnn,markov,synchronous,lesion,plastic,0,0,0.68,0.2,0.016,0.5,0.6,0.6,False,0.4155531206910066,0.0017399506689675735,0.4152588749048876,3,0.8601090553004949,0.0006373661101872565,0.8604012740185978,3,-0.030784914767220367,0.017187080363560755,-0.031160537302477,3,-0.0212741157934993,0.019317205378858626,-0.0223552255236034,3,-0.028930712689132432,0.0036721112433400526,-0.0298060753005925,3,1.2263698561281213,0.017919092881328022,1.2268116754305187,3,0.006210119455476199,0.0006166776300745759,0.0062456399863363,3,0.0,0.0,0.0,3,1.0,0.0,1.0,3,0.0,0.0,0.0,3,0.0,0.0,0.0,3
honeycomb_nnn,markov,synchronous,lesion,plastic,0,1,0.68,0.2,0.016,0.5,0.6,0.6,False,0.4173175049988038,0.0024576893982860893,0.4177023882562502,3,0.8508877747017726,0.00012107324446876314,0.8509139435076752,3,0.004439604156962565,0.012287867105796255,0.00417394444088,3,0.0089253865845026,0.002112085502130725,0.0096182136659647,3,0.0015766808292268664,0.010126444373300802,-0.0015854320150436,3,1.16294392785747,0.022899470300686984,1.1670690366647296,3,0.0050984532493795,0.00041751848716051296,0.0049564773391667,3,0.0,0.0,0.0,3,0.7777777777777778,0.0,0.7777777777777778,3,31060.333333333332,174.06129188689076,31117.0,3,31060.333333333332,174.06129188689076,31117.0,3
honeycomb_nnn,markov,synchronous,lesion,plastic,1,0,0.68,0.2,0.016,0.5,0.6,0.6,False,0.40781036907112456,0.0034553001252093435,0.406369914808541,3,0.864165098216155,0.0017421110378264383,0.8641938782279983,3,0.014268180975043699,0.03504715078310001,0.0309525349660369,3,0.006421413453374967,0.0052266875599919225,0.0054091374575648,3,0.009864003126511799,0.021665978360605367,0.0220292409505965,3,1.2176958247149896,0.01554509412389056,1.209726040464406,3,0.005979544024617966,0.00044563116967843134,0.0060462369727532,3,0.0,0.0,0.0,3,1.0,0.0,1.0,3,0.0,0.0,0.0,3,0.0,0.0,0.0,3
honeycomb_nnn,markov,synchronous,lesion,plastic,1,1,0.68,0.2,0.016,0.5,0.6,0.6,False,0.40862361496581245,0.0025163648230112543,0.4093606354202094,3,0.8519675219997461,0.0015291768127125432,0.8513745285821599,3,0.035680108352190605,0.018176129355251574,0.0428408227280687,3,0.018015640878523233,0.009868377568698718,0.0215782477987334,3,0.007967153531483001,0.011282923584193753,0.0025304064123251,3,1.1506003386392412,0.019849395170943918,1.1511836975223957,3,0.0048509599673011335,0.00015077825547355592,0.0048018633899877,3,0.0,0.0,0.0,3,0.7777777777777778,0.0,0.7777777777777778,3,32072.666666666668,204.51242831019647,32154.0,3,32072.666666666668,204.51242831019647,32154.0,3
honeycomb_nnn,markov,synchronous,repeated_lesion,plastic,0,0,0.68,0.2,0.016,0.5,0.6,0.6,False,0.4145181962122661,0.004314468829949929,0.4161948015045037,3,0.8580738815210353,0.003383796595480227,0.8575145489242185,3,0.030878175960359595,0.02151839208103171,0.0249593716550407,3,-0.005216665041488633,0.00807748332487967,-0.0098649980759913,3,0.010518866486544735,0.008771304381935525,0.0076438948461231,3,1.2316716750997836,0.02065095753385663,1.2434235638811617,3,0.0061454559726497006,0.00029216869676933254,0.0060239559460208,3,0.0,0.0,0.0,3,1.0,0.0,1.0,3,0.0,0.0,0.0,3,0.0,0.0,0.0,3
honeycomb_nnn,markov,synchronous,repeated_lesion,plastic,0,1,0.68,0.2,0.016,0.5,0.6,0.6,False,0.417611293251501,0.002692260732529861,0.4171383981181537,3,0.8504561389529557,0.0019254488882259212,0.8506955054476204,3,-0.0180322329615092,0.027181117441174484,-0.0062006702310981,3,-0.0095080742312627,0.01601081674921895,-0.0120398246954479,3,0.0012963969645844997,0.02006956801076733,-0.0096255997197584,3,1.1637208216336798,0.0209103265841327,1.1638955180781765,3,0.004951254921939833,0.0004625740242853706,0.005040124973113,3,0.0,0.0,0.0,3,0.7777777777777778,0.0,0.7777777777777778,3,31042.0,265.2941763401526,31118.0,3,31042.0,265.2941763401526,31118.0,3
honeycomb_nnn,markov,synchronous,repeated_lesion,plastic,1,0,0.68,0.2,0.016,0.5,0.6,0.6,False,0.40547689758866445,0.0009541950202148634,0.4059924581639843,3,0.8620356910334839,0.0011370945228436743,0.8625116577296034,3,-0.014349492741449433,0.026361003644932376,-0.0046778495301178,3,0.0175146307710194,0.016322450256687333,0.0227347795537548,3,0.019194579904130968,0.014547723820049607,0.0267085486212299,3,1.2270773577062146,0.010098765230850196,1.2308005871191483,3,0.0068792388004661,0.0001009371501851671,0.0068880073538273,3,0.0,0.0,0.0,3,1.0,0.0,1.0,3,0.0,0.0,0.0,3,0.0,0.0,0.0,3
honeycomb_nnn,markov,synchronous,repeated_lesion,plastic,1,1,0.68,0.2,0.016,0.5,0.6,0.6,False,0.41045857488602544,0.0053441924848173575,0.4098316591673616,3,0.8538577395225316,0.002816202510400721,0.8533478343092872,3,0.0177695125736631,0.02882826231172273,0.0316034309258698,3,0.027469343083703635,0.012427205482018066,0.0333258587981397,3,0.017804933110279902,0.008404196809504131,0.0168941930642216,3,1.1396925155434063,0.01390172235221351,1.1348257030357731,3,0.0057151713526926,0.0007132860396555549,0.0060993810842648,3,0.0,0.0,0.0,3,0.7777777777777778,0.0,0.7777777777777778,3,32050.0,162.8619046922883,32100.0,3,32050.0,162.8619046922883,32100.0,3
honeycomb_nnn,ql,alpha_async,lesion,plastic,0,0,0.68,0.2,0.016,0.5,0.6,0.6,False,0.4094602887542598,0.002870500429800697,0.4096827104307493,3,0.6624544643280631,0.00559163801987052,0.6597389620810448,3,0.004140366861214701,0.009810135534303288,0.0050366670399224,3,0.0006906363513812,0.008423838794122066,0.0014488001793075,3,0.005923339404431933,0.009096314669315564,0.0086325469436006,3,0.9573589357611086,0.010268451594164318,0.9552936379700616,3,0.022162468291167997,0.00305858609288311,0.022238560269323,3,0.23849780007602817,0.00038646079177216214,0.2383927181888775,3,0.9994070073159579,6.548033400429445e-05,0.9994212962962964,3,0.0,0.0,0.0,3,0.0,0.0,0.0,3
honeycomb_nnn,ql,alpha_async,lesion,plastic,0,1,0.68,0.2,0.016,0.5,0.6,0.6,False,0.409508011835315,0.0006797030213489835,0.4093973337239681,3,0.6388851149694995,0.0009029909123653019,0.6384228772627176,3,0.0018421346162638332,0.0113117740991142,-0.0037718543200684,3,-0.0012230897959216332,0.007698257650509369,-0.0030195120615474,3,0.0012729073695229665,0.008598027263881881,0.0018440271398449,3,0.9618441421253044,0.003423577285921014,0.9631026403952484,3,0.010105992427077666,0.0023275947871775602,0.0089681306626404,3,0.22375736175402303,0.0009593426028655108,0.2239600603340839,3,0.7777777777777778,0.0,0.7777777777777778,3,33263.333333333336,70.58564537732319,33283.0,3,33263.333333333336,70.58564537732319,33283.0,3
honeycomb_nnn,ql,alpha_async,lesion,plastic,1,0,0.68,0.2,0.016,0.5,0.6,0.6,False,0.3949564129633509,0.002125415861549292,0.3958052758085295,3,0.6955433148537745,0.006542919934029413,0.6981086356939987,3,0.013357437382117735,0.021792456862143674,0.018835586670939,3,0.013240379367125967,0.0076463601803981665,0.0110517360183772,3,0.00042138910170383317,0.0052308140034368796,-0.0005777293866971,3,0.848569170103802,0.0242160724210789,0.8391324018050653,3,0.0207985459176582,0.006258908073105915,0.0184913271801423,3,0.24125215125659386,0.002527136299084477,0.2399485527421978,3,0.998935470964792,0.00026192133601699616,0.9989926268861454,3,0.0,0.0,0.0,3,0.0,0.0,0.0,3
honeycomb_nnn,ql,alpha_async,lesion,plastic,1,1,0.68,0.2,0.016,0.5,0.6,0.6,False,0.39102362100646043,0.0009804235995797465,0.3911121176319964,3,0.6228938054357934,0.0011685003371782467,0.6230272761140044,3,0.016305252055064133,0.00858064913024936,0.0189636523080067,3,0.016011551069624232,0.0031892812010752922,0.0149655683170955,3,0.003650941389972433,0.004638256587216378,0.0023548766957349,3,0.9608350701007994,0.0048515073256276756,0.961341125471584,3,0.009746128355331765,0.0018009978424556351,0.0102186566769945,3,0.23832431568560672,0.0011242383865442916,0.2381314370763001,3,0.7777777777777778,0.0,0.7777777777777778,3,32555.333333333332,257.32145913882425,32433.0,3,32555.333333333332,257.32145913882425,32433.0,3
honeycomb_nnn,ql,alpha_async,repeated_lesion,plastic,0,0,0.68,0.2,0.016,0.5,0.6,0.6,False,0.41038944364289676,0.0031598951951232472,0.4115782101460031,3,0.6619900311745996,0.0068817130112383326,0.6594815048423348,3,0.008839610772410966,0.005786358239592542,0.0064547164398468,3,0.0003213267111641693,0.006967093575266082,3.932445304380798e-05,3,0.005814833255817266,0.00997254013634416,0.0056055508867605,3,0.9602359131984736,0.017056247170046238,0.9630154496740492,3,0.020713789501201497,0.003369842452126407,0.0220904171657441,3,0.23895267363105285,0.0014439298027810233,0.2393387201380703,3,0.9994212962962964,2.1433470507495334e-05,0.9994212962962964,3,0.0,0.0,0.0,3,0.0,0.0,0.0,3
honeycomb_nnn,ql,alpha_async,repeated_lesion,plastic,0,1,0.68,0.2,0.016,0.5,0.6,0.6,False,0.4099821906297365,0.0009469495613757977,0.4103753102293286,3,0.637747465332405,0.0005623394407782453,0.6379505746882776,3,-0.0019678405322875996,0.014744337073263485,-0.0044560168737911,3,-0.001973904636067767,0.00925974138923739,-0.0038388843894434,3,0.006364003539285666,0.00756494937684847,0.0074479851913806,3,0.9669798731307653,0.0021460532368742643,0.9680753455625344,3,0.010898804814088866,0.002983996782935107,0.0094760920627536,3,0.22514328631618363,0.0014408328871266562,0.2248638315743379,3,0.7777777777777778,0.0,0.7777777777777778,3,33260.666666666664,68.0906258844302,33280.0,3,33260.666666666664,68.0906258844302,33280.0,3
honeycomb_nnn,ql,alpha_async,repeated_lesion,plastic,1,0,0.68,0.2,0.016,0.5,0.6,0.6,False,0.39474478011498587,0.0015142498786310111,0.3953889876494544,3,0.6946629522886902,0.005392565696441401,0.6953737763947992,3,0.010498045244385667,0.006146420759217782,0.0123969181966905,3,0.010079646497485701,0.0014635871056685467,0.0103044051197564,3,0.0014862036495126,0.004709505015961831,0.0008299267717934,3,0.8436832228797612,0.014986747158392528,0.8413714435680072,3,0.0195710705431272,0.005883624258659675,0.0169622446403266,3,0.24076170650109016,0.0029273212280392772,0.2397135520480736,3,0.9989497599451304,0.0002633788950497287,0.999056927297668,3,0.0,0.0,0.0,3,0.0,0.0,0.0,3
honeycomb_nnn,ql,alpha_async,repeated_lesion,plastic,1,1,0.68,0.2,0.016,0.5,0.6,0.6,False,0.3907345419241679,0.0005407629901110218,0.39102100677394,3,0.6233334390158375,0.0032105379636030167,0.6242889979552227,3,0.024199809319559434,0.007981958304831952,0.0229850461204597,3,0.01699086039843663,0.004746691087831452,0.0178932178439088,3,0.0018077752046964533,0.0019255020446467019,0.0016075904017737,3,0.9628495927192944,0.0039424107403325396,0.9620642400167904,3,0.0104437278917529,0.0007887413988743982,0.0099887730207388,3,0.2383944935105982,0.0005621625837080823,0.2383193534998415,3,0.7777777777777778,0.0,0.7777777777777778,3,32562.666666666668,220.21428957570646,32455.0,3,32562.666666666668,220.21428957570646,32455.0,3
honeycomb_nnn,ql,block_async,lesion,plastic,0,0,0.68,0.2,0.016,0.5,0.6,0.6,False,0.39987041943354845,0.007908841935387123,0.3995458946839472,3,0.6891394982967146,0.029518039303827518,0.7011202551047182,3,0.012588914091528935,0.009935127186567734,0.0162217775038323,3,0.008579872608580766,0.0045763942501234126,0.0084696943957944,3,0.008439799533672833,0.00897599423367668,0.0099745043121043,3,0.8949150863980203,0.06553805064183375,0.8813877937168961,3,0.04113384691985703,0.00815769596264227,0.0436839304807543,3,0.2472732981368475,0.003099455184437762,0.2460797910614687,3,0.9993427069044353,0.00022513647771761026,0.999335562414266,3,0.0,0.0,0.0,3,0.0,0.0,0.0,3
honeycomb_nnn,ql,block_async,lesion,plastic,0,1,0.68,0.2,0.016,0.5,0.6,0.6,False,0.41659332565293794,0.0042204492827725495,0.4173825410136521,3,0.6166436724690714,0.0038748066564469105,0.6181756251009478,3,0.005668346938359333,0.00782010658023804,0.0073130111332091,3,0.005676588841776367,0.00243661850161429,0.0056829126236353,3,-0.0026507009325819667,0.008063138088593309,-0.0057480348316905,3,0.9955647702195926,0.010963625908144212,0.9998698841229025,3,0.010753720916190266,0.0013950615729180222,0.0113220849150676,3,0.23880850026031744,0.003498355812762492,0.2380137135217748,3,0.7777777777777778,0.0,0.7777777777777778,3,35947.0,223.07173734025562,35986.0,3,35947.0,223.07173734025562,35986.0,3
honeycomb_nnn,ql,block_async,lesion,plastic,1,0,0.68,0.2,0.016,0.5,0.6,0.6,False,0.3801344791455345,0.002025944163571518,0.3802774246811698,3,0.740441568823437,0.009181559436661378,0.7441232924983305,3,0.0170099371247608,0.008665087467461145,0.013696098581042,3,0.016880100357640898,0.005617184112727179,0.016451887657264,3,0.007989863885426133,0.004626095525305366,0.0093900844322644,3,0.6613515491539083,0.03136975519696387,0.6478529735829559,3,0.027509483539508134,0.0037915289098067783,0.0258043270826339,3,0.24701940449110316,0.0015882721561113354,0.2467854992974888,3,0.9975280064014632,8.66223397702965e-05,0.9975780178326474,3,0.0,0.0,0.0,3,0.0,0.0,0.0,3
honeycomb_nnn,ql,block_async,lesion,plastic,1,1,0.68,0.2,0.016,0.5,0.6,0.6,False,0.3694425706012255,0.0019514017284514313,0.3685590968805984,3,0.6142170937045989,0.0030733908338384064,0.6131946595257565,3,0.011989814022311,0.006982749759949626,0.0117599853761474,3,0.018446325700162833,0.006099371977140173,0.0163415898264683,3,0.0012660324927027335,0.0033933419565956037,0.001005990589315,3,0.9366790081571041,0.0018953888295078823,0.9369199532197604,3,0.0111442013604199,0.0012211652129086447,0.0106699690417431,3,0.2552761672793119,0.0007512494544170957,0.2556761309921152,3,0.7777777777777778,0.0,0.7777777777777778,3,33056.333333333336,128.0013020767096,32988.0,3,33056.333333333336,128.0013020767096,32988.0,3
honeycomb_nnn,ql,block_async,repeated_lesion,plastic,0,0,0.68,0.2,0.016,0.5,0.6,0.6,False,0.3988477446925079,0.00855228223670655,0.3962011487381315,3,0.6911711616755595,0.032720884248019194,0.7044740775003826,3,0.0127134744469214,0.01693207095483746,0.0117197261711924,3,0.007708577589176267,0.008102305250966793,0.0049003846026861,3,0.007799277154356633,0.011968228124418641,0.0053171654150083,3,0.8789121032781458,0.08379046800555677,0.8637140763093877,3,0.04163629512231983,0.010598212144455024,0.0476817749562916,3,0.24715400896813855,0.0036241923116511806,0.2466357880728805,3,0.9993855738454505,0.000257499161107336,0.9993998628257889,3,0.0,0.0,0.0,3,0.0,0.0,0.0,3
honeycomb_nnn,ql,block_async,repeated_lesion,plastic,0,1,0.68,0.2,0.016,0.5,0.6,0.6,False,0.41592817683889577,0.003939654396395121,0.4149120449567602,3,0.6153559001453466,0.005488128499258484,0.6145538273299957,3,0.000851573558366233,0.00898417123604493,-0.0021808184295897,3,0.005076366392625033,0.006086261797848463,0.0083799047407491,3,-0.0005157461784937334,0.009182288502973413,-0.004343447085545,3,0.9911552612504924,0.019510615394843483,0.9929453207275072,3,0.0093652492470183,0.0004643758246056184,0.0091408287992228,3,0.24005807205776708,0.002922373811276357,0.2384079371356493,3,0.7777777777777778,0.0,0.7777777777777778,3,35930.666666666664,192.02170016259532,35947.0,3,35930.666666666664,192.02170016259532,35947.0,3
honeycomb_nnn,ql,block_async,repeated_lesion,plastic,1,0,0.68,0.2,0.016,0.5,0.6,0.6,False,0.379415905573066,0.002035953817998325,0.3805827461829424,3,0.7421193860202298,0.007592614279255945,0.7453643492084987,3,0.009325071711018632,0.01602171075381494,0.0019923525670048,3,0.016027990325781265,0.006357158703168768,0.0155512509025104,3,0.009405954871546234,0.0037263787188860716,0.0093133968445369,3,0.6659694666866044,0.032915291416905676,0.6630109688933936,3,0.029487132312022435,0.005348515229688559,0.0296909793085082,3,0.24650448585848386,0.0013000180438724985,0.2459356782402185,3,0.997670896204847,8.662233977039495e-05,0.9976851851851852,3,0.0,0.0,0.0,3,0.0,0.0,0.0,3
honeycomb_nnn,ql,block_async,repeated_lesion,plastic,1,1,0.68,0.2,0.016,0.5,0.6,0.6,False,0.3691961935771207,0.0010333674073328037,0.3687721983348044,3,0.6170810944125564,0.0007020668027334701,0.617121461934675,3,0.014837723393265466,0.007023994071467364,0.0151596970908067,3,0.018272833000972,0.00993596611204275,0.0161447284011387,3,0.005709908813512066,0.0063842444592168415,0.0076451202716417,3,0.9304838323867971,0.0015298844141111295,0.9307764548732416,3,0.0119165477136956,0.0012157665043402459,0.0113242312762028,3,0.25632024290927746,0.001792073286712839,0.2560939587083439,3,0.7777777777777778,0.0,0.7777777777777778,3,33005.333333333336,160.06665278356087,33000.0,3,33005.333333333336,160.06665278356087,33000.0,3
honeycomb_nnn,ql,synchronous,lesion,plastic,0,0,0.68,0.2,0.016,0.5,0.6,0.6,False,0.41053586518293783,0.0022484019410159086,0.4111914134570235,3,0.8477052038735281,0.0016191378869771225,0.8474116862925104,3,-0.03737869276288907,0.040474777258635325,-0.0528441708142017,3,-0.0087523015677899,0.005131094814094465,-0.0085289947280197,3,0.021599655833215232,0.00776169774146334,0.01798173154137,3,1.2529601737872138,0.006613535605328684,1.2561548575871502,3,0.0059829803926844,0.0003201298364040579,0.0059939091092532,3,0.21022274056104306,0.0009017801969552206,0.2104800646286691,3,1.0,0.0,1.0,3,0.0,0.0,0.0,3,0.0,0.0,0.0,3
honeycomb_nnn,ql,synchronous,lesion,plastic,0,1,0.68,0.2,0.016,0.5,0.6,0.6,False,0.4134857195540704,0.004903464525689806,0.4139152969638344,3,0.8419969200146064,0.0024807937010481017,0.8412991471916523,3,0.0184342626428147,0.02249908457946564,0.0236530784129749,3,0.0072864958188647655,0.016938173980090943,0.0026676228654106,3,0.0033403903895076665,0.011386576969553846,-0.0021101734461118,3,1.1694333546145943,0.008724276266476002,1.166401504187195,3,0.004296051074129867,0.00040686584106528015,0.0041835121550576,3,0.20843500347531776,0.0016967348653996004,0.2090606332579397,3,0.7777777777777778,0.0,0.7777777777777778,3,33748.666666666664,189.20976014289994,33673.0,3,33748.666666666664,189.20976014289994,33673.0,3
honeycomb_nnn,ql,synchronous,lesion,plastic,1,0,0.68,0.2,0.016,0.5,0.6,0.6,False,0.4022891160187847,0.002958929876467054,0.4014760977412347,3,0.8517761296734593,0.001355455470774275,0.8510269920690268,3,0.0008226605388422332,0.028709150529525763,0.0071132383298376,3,-0.0006817762379971003,0.007053531547942134,-0.0019178495975048,3,-0.004428611627033533,0.012887163377530557,-0.0029798639688899,3,1.2292092605862441,0.013745839382891116,1.2226158380149343,3,0.006264764247623666,0.00040354400599251224,0.0061172575417026,3,0.22609451465747168,0.002921010357357941,0.2261900753821742,3,1.0,0.0,1.0,3,0.0,0.0,0.0,3,0.0,0.0,0.0,3
honeycomb_nnn,ql,synchronous,lesion,plastic,1,1,0.68,0.2,0.016,0.5,0.6,0.6,False,0.40586275037333336,0.0029270264117857805,0.4060264523584903,3,0.843585191527628,0.0016978047504618732,0.844442481393005,3,0.024286962633636968,0.03771318333464757,0.0070700381974751,3,0.016179185413354634,0.00920583180118144,0.0193705788912469,3,0.009768056219442933,0.03252290530355719,0.0273054161384939,3,1.1608702458000815,0.011044351751819986,1.166917853267308,3,0.005039983897941933,0.00014894771089033062,0.0051161140721237,3,0.21778937913995675,0.0026958477556637372,0.2190659382677883,3,0.7777777777777778,0.0,0.7777777777777778,3,33764.333333333336,159.66318715763205,33756.0,3,33764.333333333336,159.66318715763205,33756.0,3
honeycomb_nnn,ql,synchronous,repeated_lesion,plastic,0,0,0.68,0.2,0.016,0.5,0.6,0.6,False,0.406515387732874,0.004344676225764399,0.4058882448910395,3,0.8437902060362908,0.00312389949586983,0.8432906819431922,3,0.020906322206691367,0.032058419458503726,0.0282052516866416,3,-0.005145608905928634,0.024276402397586303,0.001792047511983,3,0.0005150232914437995,0.018777653676376564,0.0061795483571452,3,1.2496014805283997,0.0050469150038957855,1.251770464942577,3,0.006227018310756334,0.0009177630259581933,0.0066865997582357,3,0.21633030885729232,0.0020817690543069103,0.2164060877941229,3,1.0,0.0,1.0,3,0.0,0.0,0.0,3,0.0,0.0,0.0,3
honeycomb_nnn,ql,synchronous,repeated_lesion,plastic,0,1,0.68,0.2,0.016,0.5,0.6,0.6,False,0.4103343276407451,0.0015796422101507274,0.4111031236528083,3,0.8390236042820188,0.0017665192975514325,0.838842250831908,3,-0.02605462304912767,0.01938459179448866,-0.0231531917376909,3,0.0008690166216772337,0.007737161173539433,0.0052056144459844,3,0.008837951055730568,0.015641434929015163,0.0012260988068891,3,1.194484978344527,0.026418034480350724,1.198415091222515,3,0.004884251546142267,0.00011365441519034998,0.0049032703623393,3,0.20806429915523014,0.004478151737280586,0.2076808397852167,3,0.7777777777777778,0.0,0.7777777777777778,3,33766.333333333336,178.6234400445053,33725.0,3,33766.333333333336,178.6234400445053,33725.0,3
honeycomb_nnn,ql,synchronous,repeated_lesion,plastic,1,0,0.68,0.2,0.016,0.5,0.6,0.6,False,0.4038450217121841,0.001665339250093107,0.4032581643238421,3,0.8512496256476428,0.0003160621674603252,0.8511312700710615,3,0.0029256855435965665,0.020952861619500426,0.0009393435675566,3,0.0011406884324391333,0.012117333561016776,0.0068677156160601,3,0.014166746137483,0.020868408083710266,0.0130951567111936,3,1.2424684476282302,0.022820350194361048,1.2419226595391497,3,0.007330167719496267,0.0007115708951522494,0.0075790603197134,3,0.22593125059900876,0.002461003653278851,0.2259894494364866,3,1.0,0.0,1.0,3,0.0,0.0,0.0,3,0.0,0.0,0.0,3
honeycomb_nnn,ql,synchronous,repeated_lesion,plastic,1,1,0.68,0.2,0.016,0.5,0.6,0.6,False,0.4050649248945187,0.0022239882660162295,0.4050332496523049,3,0.8417079029754743,0.00046491675167516916,0.8415292054313153,3,0.0078680288669308,0.032367745875052874,0.0173590828317965,3,0.0173173765217892,0.018460392496693272,0.0184394697256326,3,0.0100105887958554,0.02005289962200305,0.0014443147439582,3,1.178354623276087,0.016539915973690453,1.1737380055476028,3,0.005324513661858934,0.0006783492543793407,0.0056939542717647,3,0.21911797484645582,0.0032626641342838984,0.2206306370214177,3,0.7777777777777778,0.0,0.7777777777777778,3,33766.0,171.70905625505023,33784.0,3,33766.0,171.70905625505023,33784.0,3
square_moore,markov,alpha_async,lesion,plastic,0,0,0.68,0.2,0.016,0.5,0.6,0.6,False,0.4093599947245257,0.0012372659051973116,0.4100227337141905,3,0.5461675185747308,0.003459491189061423,0.547057362422391,3,0.015222202830667832,0.0028596761259061447,0.0160918909131023,3,0.006342267230620767,0.0027906795279536204,0.0064000986587025,3,0.0061005060938947335,0.005390769042580082,0.0054472690714365,3,1.5241528152285004,0.002898774559708999,1.5240924926840267,3,0.04256781122845784,0.02257484064388228,0.0338779660629953,3,0.0,0.0,0.0,3,0.9990113811728395,0.00017387882308377616,0.9990596064814816,3,0.0,0.0,0.0,3,0.0,0.0,0.0,3
square_moore,markov,alpha_async,lesion,plastic,0,1,0.68,0.2,0.016,0.5,0.6,0.6,False,0.3640010708616989,0.005652366434657931,0.3656593195046436,3,0.5090833721697373,0.011498015493088853,0.5148902292443008,3,0.00018827810541030004,0.006504216341089004,0.0016435909174318,3,0.020113375362497667,0.008464071936607476,0.0207304481966491,3,0.021334337300449435,0.004697702518185282,0.0211250401734589,3,1.5078412602826676,0.013696022302739495,1.5113884924206975,3,0.016853189571419368,0.0025683146569664525,0.0170030771899835,3,0.0,0.0,0.0,3,0.75,0.0,0.75,3,24641.333333333332,312.12871276659814,24787.0,3,24641.333333333332,312.12871276659814,24787.0,3
square_moore,markov,alpha_async,lesion,plastic,1,0,0.68,0.2,0.016,0.5,0.6,0.6,False,0.3940721035366496,0.0011163597482349256,0.3936541074329386,3,0.5464667023629954,0.002636602908430659,0.5472737381783541,3,0.015316534034740198,0.002187991826852186,0.016465690366602,3,0.013020690832809101,0.003190874212490117,0.0127140713532908,3,0.006960368954269501,0.0029811975351319206,0.0079498366791758,3,1.5473225493939975,0.0030545796927372543,1.54603326062042,3,0.0331420188597569,0.008455815378799653,0.0326938258901707,3,0.0,0.0,0.0,3,0.9983281893004116,0.00024392346491598307,0.9984567901234568,3,0.0,0.0,0.0,3,0.0,0.0,0.0,3
square_moore,markov,alpha_async,lesion,plastic,1,1,0.68,0.2,0.016,0.5,0.6,0.6,False,0.3774655117571088,0.0013797109712097436,0.3768687744508564,3,0.5192329912888504,0.005381041569712605,0.5207130055356328,3,-0.007486331485596833,0.008962428489047835,-0.0080748879784558,3,-0.005963941786257,0.004814154471130888,-0.0059688532246359,3,-0.0029537916966344002,0.006320501253015083,-0.0056204244447369,3,1.5265836550347738,0.012944267842859548,1.5237704764994118,3,0.038338225366365566,0.01560908461719635,0.0373481888726275,3,0.0,0.0,0.0,3,0.75,0.0,0.75,3,26016.333333333332,214.01946951932558,26013.0,3,26016.333333333332,214.01946951932558,26013.0,3
square_moore,markov,alpha_async,repeated_lesion,plastic,0,0,0.68,0.2,0.016,0.5,0.6,0.6,False,0.40976513794373615,0.001115811289885779,0.4092577710428082,3,0.5471290117815766,0.0009010339746642259,0.5472248959955139,3,0.013673441851350566,0.0021907402497077172,0.0131128790116274,3,0.005044939858096766,0.005783329240455972,0.0056923639154123,3,0.005802036463765967,0.0007013121259681329,0.0054979163264214,3,1.5233069689091276,0.0011075736172297527,1.5235590172110307,3,0.04591664399226073,0.026671543627123994,0.0350139868191926,3,0.0,0.0,0.0,3,0.9990354938271606,0.00011049806363221188,0.9990113811728396,3,0.0,0.0,0.0,3,0.0,0.0,0.0,3
square_moore,markov,alpha_async,repeated_lesion,plastic,0,1,0.68,0.2,0.016,0.5,0.6,0.6,False,0.3640741479224401,0.006135122094073154,0.36428366729392,3,0.5084676595587482,0.006312736498234354,0.5112700550025293,3,0.0091950276917641,0.010227365458687042,0.0149153201828968,3,0.027637713010955935,0.005947055517450578,0.0261959003719664,3,0.026461328458154267,0.006385420313479464,0.0250723318746508,3,1.5091722575733024,0.0034201922494908024,1.508954895648717,3,0.017650176930721934,0.0025294096397761915,0.0170074257640438,3,0.0,0.0,0.0,3,0.75,0.0,0.75,3,24633.333333333332,293.0773504270391,24796.0,3,24633.333333333332,293.0773504270391,24796.0,3
square_moore,markov,alpha_async,repeated_lesion,plastic,1,0,0.68,0.2,0.016,0.5,0.6,0.6,False,0.3934135805972198,0.0009240555920443287,0.3934046192979729,3,0.5457391229721383,0.0020176826435843874,0.5449184854770748,3,0.010336542709554234,0.00733995444928805,0.0107011116878082,3,0.011206860634555801,0.003714138341023536,0.0092135371989326,3,0.003868201402072266,0.004494577063984774,0.0014499168154702,3,1.5472627136658772,0.004662761833070982,1.5458653589620432,3,0.03190296073294117,0.004071603562472213,0.0338491084676073,3,0.0,0.0,0.0,3,0.9983442644032922,0.00024152808644085862,0.9983603395061728,3,0.0,0.0,0.0,3,0.0,0.0,0.0,3
square_moore,markov,alpha_async,repeated_lesion,plastic,1,1,0.68,0.2,0.016,0.5,0.6,0.6,False,0.3782528475280203,0.0006886266698147439,0.3779656974743494,3,0.5206656992306121,0.006480363859107574,0.5206702483230218,3,0.0090747083976902,0.0029836784130758574,0.0103328723979405,3,-0.0014165976911048239,0.001896515946179097,-0.0008040073737631,3,-0.0005360566698170335,0.007887700280321559,-0.000792153949464,3,1.5251121592734511,0.01272119974827414,1.5259558854386857,3,0.04323585114575413,0.005881972518929493,0.044218297689543,3,0.0,0.0,0.0,3,0.75,0.0,0.75,3,26027.333333333332,169.09859057169425,26034.0,3,26027.333333333332,169.09859057169425,26034.0,3
square_moore,markov,block_async,lesion,plastic,0,0,0.68,0.2,0.016,0.5,0.6,0.6,False,0.40893091716005014,0.0024268593061929802,0.4088966521573307,3,0.5566312886996587,0.009757382377693108,0.5586870686687456,3,0.009330890798494966,0.009714496707458744,0.0105061691606672,3,0.005362655728656467,0.0035511553507522136,0.0033267885504068,3,0.003692367583491167,0.005438186836637997,0.0055092994588862,3,1.5001356136586708,0.00726255884341847,1.4968213980352998,3,0.029073398865287134,0.005165014178113464,0.0320362137489789,3,0.0,0.0,0.0,3,0.9988827803497943,9.745013224156068e-05,0.9988667052469136,3,0.0,0.0,0.0,3,0.0,0.0,0.0,3
square_moore,markov,block_async,lesion,plastic,0,1,0.68,0.2,0.016,0.5,0.6,0.6,False,0.4041727823229116,0.002168966989246017,0.4045903995115695,3,0.5315356025145365,0.006499512831592523,0.5315562512582861,3,-0.008782132895189533,0.004233905146809354,-0.010363010788861,3,4.818168327116665e-05,0.0039812433146080425,0.0001950981081846,3,-6.916558857150018e-05,0.005532981956890103,-0.0006560135403602,3,1.4857231480721562,0.01472214338123371,1.4802743787460613,3,0.0194490852736429,0.009517595543167166,0.0147272149293586,3,0.0,0.0,0.0,3,0.75,0.0,0.75,3,30909.0,279.7373768376332,30958.0,3,30909.0,279.7373768376332,30958.0,3
square_moore,markov,block_async,lesion,plastic,1,0,0.68,0.2,0.016,0.5,0.6,0.6,False,0.37983684231919784,0.00016063760380055848,0.3798993794928632,3,0.5835495010057729,0.0016158414279173645,0.5841567730488915,3,0.018042219906577034,0.0032908384215848178,0.0190624620835658,3,0.018196113661100768,0.0039391527980578685,0.0164404665876994,3,0.0080427544710203,0.005426904149105899,0.0056325492525113,3,1.5123776084844298,0.009092489504921369,1.512156564086317,3,0.04112533950096176,0.015807206755532988,0.0356095462000439,3,0.0,0.0,0.0,3,0.9977012602880658,8.468085899604245e-05,0.997709297839506,3,0.0,0.0,0.0,3,0.0,0.0,0.0,3
square_moore,markov,block_async,lesion,plastic,1,1,0.68,0.2,0.016,0.5,0.6,0.6,False,0.3588508055775718,0.002474504962979348,0.3590995520873161,3,0.49925066981899313,0.0052606185263945355,0.4969708496346333,3,-0.002243987577547866,0.008719381678474632,-0.0050379993613076,3,-0.0003977482275172335,0.007550629897219113,0.0030906147029901,3,-0.002176890216140467,0.0036945771704159497,-0.0026388206661063,3,1.5479885729640142,0.004512395181761282,1.5458082984300952,3,0.05074487411266837,0.029824619509894512,0.0350244959941208,3,0.0,0.0,0.0,3,0.75,0.0,0.75,3,28845.666666666668,268.2281367294143,28782.0,3,28845.666666666668,268.2281367294143,28782.0,3
square_moore,markov,block_async,repeated_lesion,plastic,0,0,0.68,0.2,0.016,0.5,0.6,0.6,False,0.4086440494869164,0.0019437460519518529,0.4092330264351758,3,0.5552649036705355,0.01006948865237411,0.5603393338150813,3,-0.0014305210174719333,0.005001961998274135,0.0010873975036985,3,0.0007422264918032667,0.0042624986383724365,0.0008138432424098,3,0.0021577168540656004,0.006865570111429581,0.0033888409914706,3,1.505754704031145,0.013212875823479573,1.5071280225123016,3,0.03227502689459577,0.007099797697166282,0.0318894031114475,3,0.0,0.0,0.0,3,0.9989229681069961,0.00011395195858051632,0.9989631558641976,3,0.0,0.0,0.0,3,0.0,0.0,0.0,3
square_moore,markov,block_async,repeated_lesion,plastic,0,1,0.68,0.2,0.016,0.5,0.6,0.6,False,0.40312558081043504,0.0011118524306159472,0.402986635093519,3,0.5311985693125529,0.0031173426624421427,0.531794959540905,3,0.0002960869172078334,0.0030074429701479203,-0.0003932536193766,3,0.003255111030926,0.004392527477685725,0.0007409277032645,3,0.0033684330194160336,0.0018851589682185512,0.0038456020242152,3,1.4908722904668952,0.011543495898369657,1.4884946652480102,3,0.0171227223157018,0.002334229813912593,0.0176709602881497,3,0.0,0.0,0.0,3,0.75,0.0,0.75,3,30907.0,262.82123201902846,30922.0,3,30907.0,262.82123201902846,30922.0,3
square_moore,markov,block_async,repeated_lesion,plastic,1,0,0.68,0.2,0.016,0.5,0.6,0.6,False,0.3795052539300047,0.0005922509530247348,0.3794625735536918,3,0.5814466876400536,0.0031312355808220953,0.5812222414562311,3,0.0178147565625271,0.005890041253354292,0.0187088845977825,3,0.013702897577425167,0.001607314887217045,0.0135000793279767,3,0.0069812406814016995,0.004071172661113699,0.0062991246431146,3,1.5182892974106466,0.004818017193835683,1.5188721840918518,3,0.03796594187087703,0.01163830716871491,0.0365085443929858,3,0.0,0.0,0.0,3,0.9976610725308642,0.00012056327160496483,0.9976610725308642,3,0.0,0.0,0.0,3,0.0,0.0,0.0,3
square_moore,markov,block_async,repeated_lesion,plastic,1,1,0.68,0.2,0.016,0.5,0.6,0.6,False,0.35714364552694294,0.00120383636181531,0.3565959589246718,3,0.49960244432182027,0.005921347615893896,0.4990567237557536,3,-0.005718543735094333,0.0030594394214213854,-0.0066296788035458,3,0.0025590824648273,0.0053652579479378905,0.0044950697424439,3,-0.0012849945419234332,0.0027613801545230197,-0.0011466763451398,3,1.5423982774796376,0.0051894815011467475,1.543102846079088,3,0.043145937330137996,0.021882294541510805,0.0316397755490744,3,0.0,0.0,0.0,3,0.75,0.0,0.75,3,28835.333333333332,247.6879757544425,28802.0,3,28835.333333333332,247.6879757544425,28802.0,3
square_moore,markov,synchronous,lesion,plastic,0,0,0.68,0.2,0.016,0.5,0.6,0.6,False,0.4140753241164142,0.00422087903865418,0.4125276553248337,3,0.849808723695296,0.001047873990163458,0.8503046808232944,3,0.0036574021657442006,0.025839731216794126,0.0016964834774902,3,-0.0014331499303427003,0.009101318583221869,-0.0038616966190235,3,0.005153183978844533,0.021406093255851466,0.0134083227096682,3,1.2501328681954147,0.005308933440446539,1.2484325372523082,3,0.004427901389026567,0.00025238276575588323,0.0043171759398689,3,0.0,0.0,0.0,3,1.0,0.0,1.0,3,0.0,0.0,0.0,3,0.0,0.0,0.0,3
square_moore,markov,synchronous,lesion,plastic,0,1,0.68,0.2,0.016,0.5,0.6,0.6,False,0.42011483848773584,0.003812410919364474,0.4196931783191279,3,0.8228398260638549,0.002748940671787606,0.8241312671773449,3,-0.021379063153584132,0.013583031014349316,-0.0188405786846908,3,-0.004108383230688867,0.0033236341415847017,-0.0042851909555236,3,-0.0034363637035783,0.004488664266212577,-0.005620907369424,3,1.185232703462413,0.01732167702071065,1.1941903819959288,3,0.0035544437536885,0.00024208889076670788,0.0035450887108673,3,0.0,0.0,0.0,3,0.75,0.0,0.75,3,31703.0,301.41831397577687,31659.0,3,31703.0,301.41831397577687,31659.0,3
square_moore,markov,synchronous,lesion,plastic,1,0,0.68,0.2,0.016,0.5,0.6,0.6,False,0.4063309695800317,0.00465836143901149,0.4038884837432012,3,0.8324161989376337,0.02236326167592005,0.8390145048290452,3,0.0165378695447058,0.0064201533053817456,0.0140166674561935,3,0.0043303910180026,0.005682216969427849,0.0073732512110053,3,0.0010240388447525339,0.020860385190846115,0.0087674154109112,3,1.2704239439710217,0.04594604185299556,1.2586173136929608,3,0.011474076738335367,0.011472745423575254,0.0052363585177238,3,0.0,0.0,0.0,3,1.0,0.0,1.0,3,0.0,0.0,0.0,3,0.0,0.0,0.0,3
square_moore,markov,synchronous,lesion,plastic,1,1,0.68,0.2,0.016,0.5,0.6,0.6,False,0.4071795275605355,0.0019027562462383732,0.4080367381974922,3,0.8077577887319268,0.0022505632976004154,0.8085111836640728,3,0.0317145261979972,0.025952837836482237,0.0274449861876338,3,0.019590312030445468,0.0016870190392274094,0.0203421081080176,3,0.018768836280880233,0.020511355989648445,0.0276156671912344,3,1.208074905807455,0.026340564736637078,1.2160558027989086,3,0.0038157624745585998,0.0006834674995690531,0.0034701983795554,3,0.0,0.0,0.0,3,0.75,0.0,0.75,3,32876.0,467.61843419608687,33003.0,3,32876.0,467.61843419608687,33003.0,3
square_moore,markov,synchronous,repeated_lesion,plastic,0,0,0.68,0.2,0.016,0.5,0.6,0.6,False,0.41468459219121284,0.005417464124242541,0.4176479564328842,3,0.8515633068162253,0.0023427545376452966,0.8526958887789877,3,0.0019761942378484997,0.016784215488043118,-0.0040465379893907,3,0.0042692126851208,0.01006745391585503,0.0010959326246911,3,0.0036317701101219,0.0012541222635708202,0.0039003820719087,3,1.2447764011027433,0.01289926759075065,1.246601799546977,3,0.005283248646045134,0.00027572349348947955,0.0054064033971929,3,0.0,0.0,0.0,3,1.0,0.0,1.0,3,0.0,0.0,0.0,3,0.0,0.0,0.0,3
square_moore,markov,synchronous,repeated_lesion,plastic,0,1,0.68,0.2,0.016,0.5,0.6,0.6,False,0.4187422612692502,0.002129286432850151,0.4181044944007805,3,0.8243672665716556,0.0021520754094976288,0.824940896942222,3,-0.011248459152749133,0.005198921242598848,-0.0088791647705625,3,-0.005236984185025234,0.006382805797798959,-0.0080899414298306,3,-0.013385022928585335,0.00037537536305236953,-0.0132519300588362,3,1.1651262963493876,0.016241338474529715,1.1712741898370107,3,0.003474670126269767,0.00027070252021422396,0.0035833735610372,3,0.0,0.0,0.0,3,0.75,0.0,0.75,3,31732.333333333332,265.4248167246869,31658.0,3,31732.333333333332,265.4248167246869,31658.0,3
square_moore,markov,synchronous,repeated_lesion,plastic,1,0,0.68,0.2,0.016,0.5,0.6,0.6,False,0.40827639765518425,0.0018784514614573278,0.4085316925029502,3,0.8334484554087854,0.011822240823317086,0.8381544833115135,3,0.029541289284754333,0.03075881647160623,0.038670369388714,3,0.010972488686968734,0.020775826842418035,0.008117617945075,3,0.002565251860191733,0.007452619988798612,0.003762759510422,3,1.2807840961455517,0.0255292400266611,1.2811420194147825,3,0.0105064043754551,0.008643091657459532,0.0057335929832413,3,0.0,0.0,0.0,3,1.0,0.0,1.0,3,0.0,0.0,0.0,3,0.0,0.0,0.0,3
square_moore,markov,synchronous,repeated_lesion,plastic,1,1,0.68,0.2,0.016,0.5,0.6,0.6,False,0.40947724121439855,0.0038679002808508665,0.4078755277647426,3,0.8095594447772262,0.006557149239387447,0.8100390094410457,3,0.008197911636274667,0.0540561379982487,0.0351649360300201,3,0.023786023705396103,0.00813740582072705,0.0214379250736441,3,0.0136980931485094,0.015463320476322517,0.0136927365744149,3,1.2129981857750922,0.009592503691834356,1.2107760891100896,3,0.004035781267245734,0.0002134600782906839,0.0039933671076414,3,0.0,0.0,0.0,3,0.75,0.0,0.75,3,32877.333333333336,462.2059425551911,33004.0,3,32877.333333333336,462.2059425551911,33004.0,3
square_moore,ql,alpha_async,lesion,plastic,0,0,0.68,0.2,0.016,0.5,0.6,0.6,False,0.4076587738133664,0.0016414112592784019,0.4074430238401684,3,0.5704523021738016,0.002689404952179115,0.5705635105623659,3,0.0037346191403915333,0.01228951077022075,-0.001192828588643,3,0.005138636063105466,0.0025293417951964985,0.0053115713893046,3,0.0036380256728493995,0.004254038961634408,0.0059365430281461,3,1.5002544409127745,0.009618479299291485,1.505152807763699,3,0.0226487510225776,0.002612808711811064,0.0237856437225578,3,0.2712164340897854,0.0013345528469123598,0.2717338942152222,3,0.9990596064814814,0.0003341147391143122,0.9992525077160492,3,0.0,0.0,0.0,3,0.0,0.0,0.0,3
square_moore,ql,alpha_async,lesion,plastic,0,1,0.68,0.2,0.016,0.5,0.6,0.6,False,0.391631402494411,0.0032580663369269035,0.3897761960258653,3,0.5664528958234895,0.005535648731109041,0.5640403645000125,3,0.00023569534213519977,0.009234670590235335,-0.0016866638936801,3,-0.0027887595973721,0.0013453301659256827,-0.0022673998494403,3,0.0019123329928550665,0.002534607085340032,0.0006759712592993,3,1.489629123475187,0.018933169448614832,1.4987375088923818,3,0.0224774997711244,0.005942255384748838,0.0254742014416222,3,0.2731753425810266,0.003964664824361234,0.2753844340720377,3,0.75,0.0,0.75,3,29322.333333333332,240.62903676267663,29237.0,3,29322.333333333332,240.62903676267663,29237.0,3
square_moore,ql,alpha_async,lesion,plastic,1,0,0.68,0.2,0.016,0.5,0.6,0.6,False,0.39205139450318777,0.0005833715942780607,0.3919801089347043,3,0.5833763979728076,0.0020531859537197676,0.5821949555536549,3,0.0176626636093213,0.004261352496786917,0.0190867721761909,3,0.011807730020271667,0.001012880013528171,0.0121029875487875,3,0.0040925955592813,0.0030831165968213266,0.0039987956572303,3,1.5151644541495106,0.0020936912590371155,1.516125455828258,3,0.03199684585431383,0.002598681288036195,0.0318802930410717,3,0.2750597043710285,0.0024848891365138208,0.274680693723869,3,0.9984567901234568,0.00025174350185454503,0.9985773533950616,3,0.0,0.0,0.0,3,0.0,0.0,0.0,3
square_moore,ql,alpha_async,lesion,plastic,1,1,0.68,0.2,0.016,0.5,0.6,0.6,False,0.369288487140581,0.0020968148126242906,0.3700413417170533,3,0.5422526371092858,0.0030881949650607217,0.5424134043904327,3,-0.0016560776393402662,0.008418159744742262,-0.0064756087606123,3,0.0003110894959327335,0.003247046249417778,-0.0006484719055698,3,-0.0010153546700464998,0.004239626889055952,0.0010426680721847,3,1.5422787561577085,0.005181208222717863,1.544934715203612,3,0.0449550307922006,0.02079425466072962,0.0420117620126708,3,0.28060323448960206,0.0010523525544406077,0.2808107440168143,3,0.75,0.0,0.75,3,28085.333333333332,324.7049943153532,28242.0,3,28085.333333333332,324.7049943153532,28242.0,3
square_moore,ql,alpha_async,repeated_lesion,plastic,0,0,0.68,0.2,0.016,0.5,0.6,0.6,False,0.40811686401388975,0.0014581321217992985,0.4084055142125498,3,0.5701159747409271,0.0037238532206538897,0.5716876069107316,3,0.0056560139736274995,0.004347969737570654,0.0056047656131052,3,0.007983604462460667,0.003848401739547314,0.0101370383425561,3,0.005440248338128367,0.0034753714885133935,0.0050889984745466,3,1.5031632440426572,0.008125281677190833,1.5043603985775291,3,0.0240583648149371,0.0029724868747502227,0.0240207121435868,3,0.27135308193114166,0.0004464684067007462,0.2715329253730158,3,0.9989872685185185,0.00035520157847847614,0.9991801697530864,3,0.0,0.0,0.0,3,0.0,0.0,0.0,3
square_moore,ql,alpha_async,repeated_lesion,plastic,0,1,0.68,0.2,0.016,0.5,0.6,0.6,False,0.3918543732346,0.004284028509280317,0.3903895650427711,3,0.5671817257020835,0.007222026836252458,0.5639316084900271,3,0.00030496998983096674,0.01214442116342341,-0.0005720787821977,3,-0.0022589084580601,0.006291541809999739,-0.0044028100023862,3,0.0004612646461465665,0.0054720901374116695,0.0020012904204134,3,1.48938170191645,0.02307328631412967,1.4993795505242429,3,0.022195198901997698,0.00519003447800378,0.0229245941681274,3,0.2727477311234588,0.005125015110829665,0.2755020211144449,3,0.75,0.0,0.75,3,29331.0,278.6897917039661,29235.0,3,29331.0,278.6897917039661,29235.0,3
square_moore,ql,alpha_async,repeated_lesion,plastic,1,0,0.68,0.2,0.016,0.5,0.6,0.6,False,0.3921772229161567,0.0009529758336965798,0.3919988808113996,3,0.5831441311341378,0.00137710897188656,0.5823888519817376,3,0.022644605294195364,0.008807927886282933,0.0183258769901774,3,0.009845270841291933,0.005097338108649142,0.0100977324392729,3,0.0054362722475968335,0.009005679436838582,0.0047000938288909,3,1.5145102454509038,0.0043292317561279894,1.516567935914361,3,0.033064102671821104,0.0056827074895148665,0.0357171560964552,3,0.27477855549336133,0.002721649508445503,0.2753371237804234,3,0.9984407150205762,0.00017773714303209848,0.9985050154320988,3,0.0,0.0,0.0,3,0.0,0.0,0.0,3
square_moore,ql,alpha_async,repeated_lesion,plastic,1,1,0.68,0.2,0.016,0.5,0.6,0.6,False,0.3691182602533037,0.0010262882155424753,0.369336152499669,3,0.5421722911899765,0.0035512327240496432,0.5435328096434925,3,-0.0045011936371569,0.011407281162877422,0.0010851166346793,3,0.0018151369072434333,0.002961797840824424,0.0019866211447436,3,-0.0014288226018805,0.0023969161021127217,-0.0010807677411787,3,1.5412234883889988,0.004579186351936833,1.5424455780558537,3,0.03846432989648693,0.018471380014809295,0.0399878489395784,3,0.28054995644308306,0.0005462267669643162,0.280660518239523,3,0.75,0.0,0.75,3,28082.0,355.47714413165863,28270.0,3,28082.0,355.47714413165863,28270.0,3
square_moore,ql,block_async,lesion,plastic,0,0,0.68,0.2,0.016,0.5,0.6,0.6,False,0.40605302326264486,0.0017592242609326817,0.4066760276530349,3,0.5817197899226508,0.0032310399264998697,0.5806579421684892,3,0.004499261444747,0.007265932605714322,0.0064326474810481,3,0.0050563331910786664,0.00409732747245901,0.0052714285771927,3,0.0022256153902398333,0.003916281392500726,0.0014685810548533,3,1.4775883486013066,0.013091737481039123,1.4735934827374908,3,0.027191292407748233,0.010382512782155828,0.0260510170548722,3,0.2726087257379282,0.0009422673827191823,0.2721268353418602,3,0.9988586676954733,0.00016054996427655217,0.9988184799382716,3,0.0,0.0,0.0,3,0.0,0.0,0.0,3
square_moore,ql,block_async,lesion,plastic,0,1,0.68,0.2,0.016,0.5,0.6,0.6,False,0.3961068505618559,0.001035105518653478,0.3966738968295901,3,0.5551926071036203,0.0034939248005988383,0.5551035811172025,3,0.0005065711699287333,0.006559813624104033,0.003037553900395,3,-0.0032334632736295663,0.005118258927888069,-0.0018400267266405,3,0.004539148442438467,0.004511651919014034,0.0026377745442528,3,1.5071276792741504,0.005601300181567303,1.5081767241043562,3,0.0325155863706696,0.014217550559521692,0.0327226780691827,3,0.2838925357469884,0.0017468536381999634,0.2846110955674414,3,0.75,0.0,0.75,3,31248.666666666668,274.6458325431738,31259.0,3,31248.666666666668,274.6458325431738,31259.0,3
square_moore,ql,block_async,lesion,plastic,1,0,0.68,0.2,0.016,0.5,0.6,0.6,False,0.377651395849856,0.0014849178577175785,0.3777037815066125,3,0.6009750720517205,0.004010211566547824,0.5994201502380554,3,0.0082519806099643,0.009898513291179188,0.0064177869002798,3,0.005806390272824834,0.0015417557040854227,0.0055209848945011,3,-0.00034726401320096686,0.009989710326795942,-0.0061034147727071,3,1.5081686127802467,0.011059423757660355,1.5047543780539638,3,0.055985020744720504,0.013224120962899159,0.0602222194259694,3,0.27360002172635256,0.0032225693653489644,0.2744296990648798,3,0.9976208847736624,0.0003034109131973343,0.9976610725308642,3,0.0,0.0,0.0,3,0.0,0.0,0.0,3
square_moore,ql,block_async,lesion,plastic,1,1,0.68,0.2,0.016,0.5,0.6,0.6,False,0.35101231169325614,0.0011770586498854032,0.3505479303465612,3,0.5399083228361203,0.005318194022964356,0.5422443652755022,3,0.014682727960239965,0.0047489226536479474,0.0126637709270958,3,0.0089178440134489,0.005766734546552667,0.0097631614912719,3,0.004939677489807267,0.0034823736956110045,0.0063220137916432,3,1.520279542765789,0.01155885818834593,1.5177435489596718,3,0.03477466814609,0.006510343210936233,0.035607057373421,3,0.2740144667156974,0.001876547988054633,0.2736460048314192,3,0.75,0.0,0.75,3,27045.0,295.9949323890529,27073.0,3,27045.0,295.9949323890529,27073.0,3
square_moore,ql,block_async,repeated_lesion,plastic,0,0,0.68,0.2,0.016,0.5,0.6,0.6,False,0.4061010290925325,0.0014466226841983096,0.406889030845102,3,0.5796306858668578,0.0035783811674713626,0.5785342545238911,3,0.007858936271163767,0.001305873120179643,0.0080029668685888,3,0.006774205269068134,0.005244619722169858,0.0095579790633614,3,0.0006885675402323667,0.00123669980579155,0.0011318714865423,3,1.483055495706043,0.017548861347307643,1.4852901886533123,3,0.026498112506214134,0.00833198595644368,0.0222418072196889,3,0.2734644704839532,0.001182626508043273,0.2728130545152887,3,0.9988586676954733,0.00015313592209396625,0.9987702546296297,3,0.0,0.0,0.0,3,0.0,0.0,0.0,3
square_moore,ql,block_async,repeated_lesion,plastic,0,1,0.68,0.2,0.016,0.5,0.6,0.6,False,0.394389093126667,0.002413868705105943,0.3953899413432301,3,0.5522966796302408,0.001153701083615607,0.5517083382707774,3,0.0031309499544000335,0.0062643222933358115,0.0039620505736663,3,-0.0012052832455096,0.003239647688147937,-0.0013513354006351,3,0.0003754333441155001,0.0025636499447329333,0.0012421831520136,3,1.5158991896299236,0.009780202182956103,1.517017756973427,3,0.03615886091228753,0.008946583408242559,0.0410931186439768,3,0.2867142171531056,0.002780002045044795,0.2867707908918633,3,0.75,0.0,0.75,3,31220.0,288.3036593593637,31262.0,3,31220.0,288.3036593593637,31262.0,3
square_moore,ql,block_async,repeated_lesion,plastic,1,0,0.68,0.2,0.016,0.5,0.6,0.6,False,0.37745980913175997,0.0018504359311604507,0.3776885358273117,3,0.5991159058692707,0.0008935133966810076,0.5987733223708462,3,0.0014816670327530996,0.010622562576948623,-0.0034807073114617,3,0.005256253878084833,0.0043190462424063155,0.0033038365411124,3,0.0008321748035713667,0.0006443725505111726,0.0006656009233732,3,1.5109224730663378,0.008923510034049544,1.5089155906320506,3,0.0549417194596383,0.01266590761455583,0.058029653493582,3,0.2739221243934363,0.0038351764782656624,0.2745719700612632,3,0.9975405092592592,0.00022099612726456005,0.9975887345679012,3,0.0,0.0,0.0,3,0.0,0.0,0.0,3
square_moore,ql,block_async,repeated_lesion,plastic,1,1,0.68,0.2,0.016,0.5,0.6,0.6,False,0.35061859951407076,0.0005403014235321377,0.3507172501672458,3,0.5378126070154371,0.003881674864228601,0.5359470802895494,3,0.013573314760891934,0.005910045639752918,0.0139910931432501,3,0.012182591499566667,0.0035840649300943757,0.0109612687035003,3,0.0035485297594971335,0.0031090137052808115,0.003401613967467,3,1.52212566269775,0.0030454609364827866,1.5209473094043953,3,0.03419051266039667,0.005540595919290814,0.0354410202470921,3,0.27377208816110116,0.0007473541567602962,0.2735148938258202,3,0.75,0.0,0.75,3,27093.666666666668,276.8326811150253,27150.0,3,27093.666666666668,276.8326811150253,27150.0,3
square_moore,ql,synchronous,lesion,plastic,0,0,0.68,0.2,0.016,0.5,0.6,0.6,False,0.41197121313713386,0.0010144370619236346,0.4118468950209871,3,0.8421281087667473,0.0027390777305262145,0.8415347400772564,3,0.021240326506918,0.057202901482415275,0.0348046030303479,3,-0.006046615310898634,0.006546791096520568,-0.003121925088289,3,0.0089641917063944,0.013667473310599804,0.0017684073776154,3,1.2433060298860117,0.004707666062438163,1.24077788710256,3,0.005024948564079034,0.000692221709332537,0.0047462933119436,3,0.21178705333209213,0.0022814388567817404,0.2105510102769008,3,1.0,0.0,1.0,3,0.0,0.0,0.0,3,0.0,0.0,0.0,3
square_moore,ql,synchronous,lesion,plastic,0,1,0.68,0.2,0.016,0.5,0.6,0.6,False,0.4184587959767609,0.002376739288591288,0.4192620580831462,3,0.8193274105057102,0.002428992903380281,0.818693337590293,3,-0.0035780789467752677,0.043387300866318874,0.0078067810521976,3,0.002254597134701733,0.00823187234311651,0.0030921380978749,3,0.013833509984685568,0.015475115581840632,0.017277446075861,3,1.1809846249238274,0.01589611182800374,1.1892670745338385,3,0.0033101527381034,0.0002278413170669954,0.0033888164762373,3,0.20472900528837804,0.0030182594776716615,0.2054182082484311,3,0.75,0.0,0.75,3,35015.666666666664,146.71173549969902,34948.0,3,35015.666666666664,146.71173549969902,34948.0,3
square_moore,ql,synchronous,lesion,plastic,1,0,0.68,0.2,0.016,0.5,0.6,0.6,False,0.401507692454874,0.004958400273174481,0.4026739926187923,3,0.8271665427701391,0.011830736426993178,0.8249207849705165,3,-0.0075317277212991335,0.020662474337277893,-0.012070225623565,3,0.0035044901354052,0.0024695906286230493,0.0045376466298161,3,0.0052632207279342995,0.01571306134120613,0.0118724468520163,3,1.2750456538660726,0.007555994276341694,1.2737857946830171,3,0.009835052559063166,0.0043235821356681445,0.0080888540644533,3,0.22981443091240686,0.0022381281321807276,0.2306371251193797,3,1.0,0.0,1.0,3,0.0,0.0,0.0,3,0.0,0.0,0.0,3
square_moore,ql,synchronous,lesion,plastic,1,1,0.68,0.2,0.016,0.5,0.6,0.6,False,0.40838594334464623,0.004514899597038485,0.4067664113145889,3,0.7976532881257533,0.011940782783008167,0.7951613421943277,3,0.027075887499881667,0.01657183272252179,0.018520311751063,3,0.008929178374325,0.012795172661166193,0.0029118041510866,3,0.004664925793086767,0.003378688752391208,0.0065267179484432,3,1.2192629988282342,0.018850571574226628,1.2200547495226537,3,0.004406542210737333,0.0015590258042385374,0.0036394578083903,3,0.22206653691241618,0.0023375428539451275,0.223160648594252,3,0.75,0.0,0.75,3,34698.333333333336,370.79958647945216,34767.0,3,34698.333333333336,370.79958647945216,34767.0,3
square_moore,ql,synchronous,repeated_lesion,plastic,0,0,0.68,0.2,0.016,0.5,0.6,0.6,False,0.411704299017948,0.002627540886660817,0.4115802437562449,3,0.8400868149999202,0.0037785215029115696,0.8389064955564068,3,-0.0175166452880656,0.005922468176416405,-0.0168366150632404,3,0.0043158108638062,0.0021814535512195464,0.0034813472399498,3,-0.0102597224165079,0.002204880094116561,-0.0095731087686709,3,1.247084258162342,0.008260746106047576,1.24751986282429,3,0.004932101723346,0.00015560654712366907,0.0049923889811898,3,0.21419639338620408,0.0012996389974045156,0.2140080825028303,3,1.0,0.0,1.0,3,0.0,0.0,0.0,3,0.0,0.0,0.0,3
square_moore,ql,synchronous,repeated_lesion,plastic,0,1,0.68,0.2,0.016,0.5,0.6,0.6,False,0.41682301300104374,0.0010459217080991618,0.4169311146597998,3,0.818515238661624,0.002755555899852792,0.8182598116328581,3,-0.008244323056071833,0.0223738940057975,-0.0100099838037445,3,-0.0005713811025367,0.0016684894613420965,0.0001283550399677,3,-0.005322561020759598,0.006608130404276884,-0.0032176105434494,3,1.1706595344333524,0.0029013109189201694,1.170837385205866,3,0.0036130479432792332,0.0001202212864822205,0.0035617823202672,3,0.20478192991382801,0.002470897696304195,0.2036928270480408,3,0.75,0.0,0.75,3,35020.666666666664,180.85445345175694,34929.0,3,35020.666666666664,180.85445345175694,34929.0,3
square_moore,ql,synchronous,repeated_lesion,plastic,1,0,0.68,0.2,0.016,0.5,0.6,0.6,False,0.4052472857753673,0.00015347496319519687,0.4051750064830441,3,0.8362714977734012,0.007841799131295115,0.8387320434469073,3,-0.0028812050584127668,0.017015176277270467,0.0011921103905084,3,-0.0098746479391699,0.016267111640018404,-0.0126173338242758,3,0.0066564744172939,0.005580279045657451,0.0068284179898089,3,1.2611907467139432,0.01712030279614066,1.2669833009858351,3,0.006177081063066833,0.0018646962527272453,0.0052154620855048,3,0.2315921319068527,0.0029917721716726598,0.2314249813304599,3,1.0,0.0,1.0,3,0.0,0.0,0.0,3,0.0,0.0,0.0,3
square_moore,ql,synchronous,repeated_lesion,plastic,1,1,0.68,0.2,0.016,0.5,0.6,0.6,False,0.40688247493590973,0.0011782605914829453,0.4062751656258895,3,0.7971079724170725,0.012344614483295938,0.7948795469476669,3,0.0308541091772104,0.030773949492459346,0.0407174462294101,3,0.018042928140188232,0.008170220695676349,0.0206122439515228,3,0.0062938189734866,0.007065859232123578,0.0083649193173755,3,1.2180542878592602,0.03556449864582015,1.228539149437235,3,0.005646910758632533,0.003980078279079145,0.0036139842984714,3,0.22435055084258504,0.0016115546282738304,0.2243517551143046,3,0.75,0.0,0.75,3,34688.0,339.6159595778738,34783.0,3,34688.0,339.6159595778738,34783.0,3
square_vn,markov,alpha_async,lesion,plastic,0,0,0.68,0.2,0.016,0.5,0.6,0.6,False,0.13736656196649252,0.0039421037330026505,0.1357298553742686,3,0.24655905938191194,0.007495694277232844,0.2445713911436661,3,0.232556833382862,0.00863373415700479,0.2327605175872827,3,0.25960658971760187,0.0015139494812203356,0.2594924754151496,3,0.24265585814251708,0.007188095785883837,0.2466743727852003,3,1.1132066481684486,0.01886915665557258,1.1024868980474376,3,0.089915780198194,0.00147734337097808,0.0899999886676617,3,0.0,0.0,0.0,3,1.0,0.0,1.0,3,0.0,0.0,0.0,3,0.0,0.0,0.0,3
square_vn,markov,alpha_async,lesion,plastic,0,1,0.68,0.2,0.016,0.5,0.6,0.6,False,0.1590334895023963,0.002893858174334984,0.1593832823510461,3,0.29230146703657406,0.0054046684170728655,0.2917879111753348,3,0.18746494895715227,0.0038598753687791526,0.1890273571108306,3,0.2193939364285741,0.0012519987226076613,0.2198903561126385,3,0.21195281898105714,0.004650770128764838,0.2119197711787646,3,1.1940704399895978,0.011324185876718488,1.1952541778263883,3,0.09247546841307801,0.006379025311640495,0.0897797761790734,3,0.0,0.0,0.0,3,0.75,0.0,0.75,3,12992.0,120.07914056987583,12942.0,3,12992.0,120.07914056987583,12942.0,3
square_vn,markov,alpha_async,lesion,plastic,1,0,0.68,0.2,0.016,0.5,0.6,0.6,False,0.2987244109151576,0.0011321421467229771,0.2990394291279468,3,0.5453103162389557,0.000788833188660722,0.5453103020612667,3,0.02777193560432213,0.006662427276503388,0.0282439582206824,3,0.08698012989572668,0.004979257208278764,0.0894599224937658,3,0.07843155206209247,0.0056355786739671655,0.0809648357212835,3,1.5127962396439896,0.00272010961761589,1.5127679634604678,3,0.035932640088398866,0.0035714744293359026,0.0355802532773471,3,0.0,0.0,0.0,3,1.0,0.0,1.0,3,0.0,0.0,0.0,3,0.0,0.0,0.0,3
square_vn,markov,alpha_async,lesion,plastic,1,1,0.68,0.2,0.016,0.5,0.6,0.6,False,0.26537614740644494,0.007658104101458589,0.2689836224640761,3,0.4909131815294325,0.012752685789773727,0.4963124943419086,3,0.0650317215702818,0.002218000271678845,0.0657698144830655,3,0.10879642164403584,0.008803741941628907,0.1062145875057003,3,0.10046275225819817,0.0055837839075531985,0.1008946937801205,3,1.453983106461794,0.012675410197349298,1.4611745090683574,3,0.05820130809905857,0.007552475499139976,0.0598881686379911,3,0.0,0.0,0.0,3,0.75,0.0,0.75,3,15643.0,185.94622878671134,15687.0,3,15643.0,185.94622878671134,15687.0,3
square_vn,markov,alpha_async,repeated_lesion,plastic,0,0,0.68,0.2,0.016,0.5,0.6,0.6,False,0.1360965402330546,0.0040363156338063125,0.1354305353923454,3,0.2455853147074082,0.007324277371510957,0.244575115095481,3,0.24167822909502953,0.009723381313346689,0.2407844134341672,3,0.2593983776777376,0.0047347461696715535,0.260159368536596,3,0.24777151333059103,0.004013292173096066,0.2455770189290626,3,1.1052171362635288,0.02009285139523629,1.099675734183616,3,0.09051161382741629,0.003124400731495515,0.0890394730349433,3,0.0,0.0,0.0,3,1.0,0.0,1.0,3,0.0,0.0,0.0,3,0.0,0.0,0.0,3
square_vn,markov,alpha_async,repeated_lesion,plastic,0,1,0.68,0.2,0.016,0.5,0.6,0.6,False,0.16079729525535305,0.003204527102273863,0.1611574105670423,3,0.29616748750711536,0.005150479284499362,0.2942734400056491,3,0.1842917104396394,0.007619101858228827,0.1851552538551066,3,0.2151297341607602,0.010224405088604198,0.2109701160830695,3,0.19788091991897308,0.0034072553245932924,0.1960833990062375,3,1.20078910171732,0.015120873742695351,1.2010305203902578,3,0.09148712338499938,0.006007106545568362,0.0895134277236704,3,0.0,0.0,0.0,3,0.75,0.0,0.75,3,12981.0,141.17011015083895,12956.0,3,12981.0,141.17011015083895,12956.0,3
square_vn,markov,alpha_async,repeated_lesion,plastic,1,0,0.68,0.2,0.016,0.5,0.6,0.6,False,0.2993459355303551,0.0003135413034796561,0.2994975883316821,3,0.5437400520859661,0.0004101678748122574,0.5435272777417165,3,0.03493086942786743,0.003748230632675393,0.0358528493298027,3,0.08932782584319833,0.006856454943563325,0.0890470486440244,3,0.07708314021173956,0.005823044005175496,0.075513258226022,3,1.5159077280613484,0.004858292861171358,1.5149204269447154,3,0.036361807193517066,0.0037649450334918968,0.0361233353509925,3,0.0,0.0,0.0,3,1.0,0.0,1.0,3,0.0,0.0,0.0,3,0.0,0.0,0.0,3
square_vn,markov,alpha_async,repeated_lesion,plastic,1,1,0.68,0.2,0.016,0.5,0.6,0.6,False,0.26680196744457985,0.00785614010415686,0.2705685035941837,3,0.49195162743724635,0.017429936201995,0.4988103301661706,3,0.06831186712866365,0.002493101145535595,0.068843464155903,3,0.10865865105003243,0.004465732709510728,0.1074387587579895,3,0.09730940041145804,0.007143319166643104,0.0946884362363231,3,1.4526037541585952,0.0050833762112686325,1.4553167893381045,3,0.056748374855782664,0.005229259521993969,0.057506291591599,3,0.0,0.0,0.0,3,0.75,0.0,0.75,3,15643.333333333334,203.97140322440612,15740.0,3,15643.333333333334,203.97140322440612,15740.0,3
square_vn,markov,block_async,lesion,plastic,0,0,0.68,0.2,0.016,0.5,0.6,0.6,False,0.28639645415867515,0.016715660708911975,0.2899118360002871,3,0.5300022616460762,0.03287515339261429,0.5372476700039022,3,0.06619388201127134,0.02130532075824051,0.0727638713919464,3,0.10056236914188586,0.016523701839611143,0.1017831381308246,3,0.09266100883179602,0.016278736436677783,0.0895313079306137,3,1.51648947433017,0.017638365533533658,1.524864073527912,3,0.03941337955243054,0.007329554053278268,0.0359037374812179,3,0.0,0.0,0.0,3,1.0,0.0,1.0,3,0.0,0.0,0.0,3,0.0,0.0,0.0,3
square_vn,markov,block_async,lesion,plastic,0,1,0.68,0.2,0.016,0.5,0.6,0.6,False,0.3124975886268495,0.011052213999912599,0.3119310456046122,3,0.5829682566288906,0.022520190679984686,0.5830529459258763,3,0.0329911342027398,0.016878093831281155,0.024213181852943,3,0.067169391449712,0.013252407395957342,0.0643735449024872,3,0.06580305220117079,0.01434195040510307,0.0608194232229546,3,1.494498252752213,0.002583435750016442,1.4951059014924173,3,0.039760352146638,0.007180242087260698,0.0431244122538977,3,0.0,0.0,0.0,3,0.75,0.0,0.75,3,18450.0,218.60466600692675,18384.0,3,18450.0,218.60466600692675,18384.0,3
square_vn,markov,block_async,lesion,plastic,1,0,0.68,0.2,0.016,0.5,0.6,0.6,False,0.38974962612140934,0.000710932571126172,0.3900171011686655,3,0.7286685144734841,0.0016054034768956005,0.7292576164258415,3,0.0170738474195086,0.013570465441568952,0.0170048380759566,3,0.015985694183283366,0.0068571785562239005,0.0131778563715777,3,0.011196326449649968,0.007298668220506124,0.0098976971035923,3,1.4667959355347964,0.00811839364482931,1.4646677860776809,3,0.0030142379090006334,0.00024431745367844694,0.0029859580288853,3,0.0,0.0,0.0,3,1.0,0.0,1.0,3,0.0,0.0,0.0,3,0.0,0.0,0.0,3
square_vn,markov,block_async,lesion,plastic,1,1,0.68,0.2,0.016,0.5,0.6,0.6,False,0.3850864759851687,0.0005748473145991746,0.3851573444215884,3,0.7186948449125747,0.000540822715252819,0.7184341177783387,3,0.0100538830041711,0.01570570615814056,0.0093623905000447,3,0.016502083628482034,0.0014911423443774538,0.0156725333702651,3,0.0098759539923714,0.003457349386615315,0.00916769498096,3,1.4184147423212459,0.004251035594416598,1.4162545704181593,3,0.0025219475490145,0.00028690595871591086,0.0023847800026119,3,0.0,0.0,0.0,3,0.75,0.0,0.75,3,24838.333333333332,108.90974856886457,24801.0,3,24838.333333333332,108.90974856886457,24801.0,3
square_vn,markov,block_async,repeated_lesion,plastic,0,0,0.68,0.2,0.016,0.5,0.6,0.6,False,0.2885770543389357,0.022091428046177322,0.2943427835163993,3,0.5334704027644097,0.040042631810113485,0.5440764527773952,3,0.0611957679053447,0.020462944981330368,0.0525153594392437,3,0.09890049883867473,0.016696502269809763,0.0911677064189619,3,0.09253758272260137,0.016458351038043776,0.0842267244951244,3,1.5189592624539046,0.02707159739007792,1.5265015157985506,3,0.0383732965866514,0.010385967273675557,0.0340430742746221,3,0.0,0.0,0.0,3,1.0,0.0,1.0,3,0.0,0.0,0.0,3,0.0,0.0,0.0,3
square_vn,markov,block_async,repeated_lesion,plastic,0,1,0.68,0.2,0.016,0.5,0.6,0.6,False,0.3083546063703017,0.012398152543777437,0.3069258386347784,3,0.5740563174489133,0.020483751174658008,0.5732518740206459,3,0.04069524934779523,0.008929164636463652,0.0399875063306381,3,0.07316060386124594,0.007712203880262227,0.0723479288764673,3,0.07002474004468263,0.007616901890815678,0.0669107189071501,3,1.4943322715743863,0.0010640081566299303,1.4937222417646558,3,0.04240178491464047,0.007418586787474066,0.0456455314368429,3,0.0,0.0,0.0,3,0.75,0.0,0.75,3,18386.333333333332,242.33310408058819,18269.0,3,18386.333333333332,242.33310408058819,18269.0,3
square_vn,markov,block_async,repeated_lesion,plastic,1,0,0.68,0.2,0.016,0.5,0.6,0.6,False,0.38923521692639257,0.0008316750190983907,0.388927950513701,3,0.7274017833500657,0.0016732761238683854,0.7273176376461462,3,0.016893840541072635,0.01107029742994746,0.0107996817735697,3,0.015869095213902566,0.0027209355218207657,0.0148380177907406,3,0.011109148400922066,0.003997175818494892,0.0090174778578807,3,1.4693815570511306,0.004720471528031191,1.4698322393342618,3,0.003183795066195767,0.0003439823786105349,0.0032088484148686,3,0.0,0.0,0.0,3,1.0,0.0,1.0,3,0.0,0.0,0.0,3,0.0,0.0,0.0,3
square_vn,markov,block_async,repeated_lesion,plastic,1,1,0.68,0.2,0.016,0.5,0.6,0.6,False,0.38448472611288137,0.000678182639901648,0.3846676969201558,3,0.7166109709042484,0.001326114930096898,0.7159473808244303,3,0.016852634900595635,0.013035776285079468,0.0154811524363289,3,0.02100807676898313,0.0010804617116681112,0.0209839263921922,3,0.007987118594721133,0.0039542460061021256,0.0094789755342002,3,1.424606696899411,0.0034212761738770105,1.4229348447047248,3,0.0024777191041343662,0.00023754232703304643,0.0025841290646192,3,0.0,0.0,0.0,3,0.75,0.0,0.75,3,24834.0,151.56186855538567,24748.0,3,24834.0,151.56186855538567,24748.0,3
square_vn,markov,synchronous,lesion,plastic,0,0,0.68,0.2,0.016,0.5,0.6,0.6,False,0.13611511886951214,0.009200042204933553,0.1354407195763859,3,0.2613429547927118,0.019176191482774274,0.2595483794414076,3,0.23071649372516911,0.03126749670666087,0.2157357090127082,3,0.26290389811130055,0.021083641550461527,0.2526379270128157,3,0.25006549790837757,0.014631251652123901,0.2454465505986797,3,1.0946536646115936,0.04189346865341719,1.0937063676895125,3,0.09604175177303069,0.0036249165439408404,0.0950084336967194,3,0.0,0.0,0.0,3,1.0,0.0,1.0,3,0.0,0.0,0.0,3,0.0,0.0,0.0,3
square_vn,markov,synchronous,lesion,plastic,0,1,0.68,0.2,0.016,0.5,0.6,0.6,False,0.2892567279230091,0.020064556336484466,0.2980305995726687,3,0.5563373292158023,0.03788271240206424,0.5724949125307403,3,0.059907670511146795,0.016491837815413347,0.0542462354437068,3,0.09123112053338771,0.02534996991799894,0.0834020330897284,3,0.08643782445642327,0.01823938878282122,0.0942710443661707,3,1.4805442586178945,0.015908394226840268,1.4870784242229766,3,0.054390691598073165,0.012126000620919066,0.0488358485349269,3,0.0,0.0,0.0,3,0.75,0.0,0.75,3,17367.0,441.52123391746403,17526.0,3,17367.0,441.52123391746403,17526.0,3
square_vn,markov,synchronous,lesion,plastic,1,0,0.68,0.2,0.016,0.5,0.6,0.6,False,0.3851081925040627,0.00150094823169018,0.3855212233762851,3,0.759121240574359,0.0012778225527482986,0.7588975574750555,3,0.01951452065679603,0.008099253971460387,0.0236326243960028,3,0.014272454134495833,0.003234067535813433,0.0148787914887239,3,0.017733305000758467,0.0002642495454544761,0.0178730984344921,3,1.4589745244684982,0.0031446182857606275,1.4593563962607612,3,0.0031292013650265995,0.0002898154647421735,0.0030003083334528,3,0.0,0.0,0.0,3,1.0,0.0,1.0,3,0.0,0.0,0.0,3,0.0,0.0,0.0,3
square_vn,markov,synchronous,lesion,plastic,1,1,0.68,0.2,0.016,0.5,0.6,0.6,False,0.38089885093220177,0.000871298829056649,0.3805668928524479,3,0.7476609363832791,0.002320712281876558,0.7466452307041462,3,0.0130568816595759,0.005580761091541782,0.0147637522411223,3,0.0099472804683032,0.005170823876454651,0.0080637739698104,3,0.0018149360626986664,0.0022621711814708144,0.0012538716316694,3,1.4071343017483313,0.004060166786683037,1.4088507995850577,3,0.0024899123387454665,7.8805857739728e-05,0.002495897386799,3,0.0,0.0,0.0,3,0.75,0.0,0.75,3,23683.666666666668,110.5637071255005,23747.0,3,23683.666666666668,110.5637071255005,23747.0,3
square_vn,markov,synchronous,repeated_lesion,plastic,0,0,0.68,0.2,0.016,0.5,0.6,0.6,False,0.136269880139807,0.011037369571499334,0.1332036625262307,3,0.2623495765313045,0.021564331032246642,0.2580363762633539,3,0.25730971181932377,0.02934102082484028,0.2564453234435293,3,0.2711760832672458,0.015798424102532186,0.2780426665790334,3,0.2504215738043339,0.0178128553420781,0.2549755251817626,3,1.0944758396939693,0.05166489149511015,1.0813604618405146,3,0.09428560146109637,0.0004335960053333701,0.0943583534632728,3,0.0,0.0,0.0,3,1.0,0.0,1.0,3,0.0,0.0,0.0,3,0.0,0.0,0.0,3
square_vn,markov,synchronous,repeated_lesion,plastic,0,1,0.68,0.2,0.016,0.5,0.6,0.6,False,0.28844230300204554,0.02394042648656833,0.2996023963015935,3,0.5551312488192235,0.04413917843358612,0.577423430787231,3,0.060002058419823166,0.02985743295108468,0.0538679871780057,3,0.09270073561790056,0.019430454220206964,0.0855938175374676,3,0.0892107610757492,0.015550908007201847,0.0848626138744209,3,1.4772396728216926,0.01737289769759171,1.4830134342399206,3,0.05479396605964093,0.014543612666712672,0.0477083641432876,3,0.0,0.0,0.0,3,0.75,0.0,0.75,3,17366.666666666668,504.9775572570854,17553.0,3,17366.666666666668,504.9775572570854,17553.0,3
square_vn,markov,synchronous,repeated_lesion,plastic,1,0,0.68,0.2,0.016,0.5,0.6,0.6,False,0.3829515503511223,0.005320723337155383,0.38512039112063,3,0.7565119976902532,0.00457361963656068,0.757682762397131,3,0.008496689212964433,0.01830223203715639,0.0121673013316107,3,0.016216419097104865,0.006846356211548714,0.016023556930988,3,0.013954477257135766,0.004166139458756268,0.0154400026941206,3,1.4533884054140114,0.007708358191985655,1.4575563946459993,3,0.0027616736467604,5.399879355247804e-05,0.0027897502473193,3,0.0,0.0,0.0,3,1.0,0.0,1.0,3,0.0,0.0,0.0,3,0.0,0.0,0.0,3
square_vn,markov,synchronous,repeated_lesion,plastic,1,1,0.68,0.2,0.016,0.5,0.6,0.6,False,0.3826851730440322,0.0009429779240097235,0.3827121497891813,3,0.7481495507554828,0.002016269261677883,0.7484491267672374,3,0.0108653457004678,0.01832261954913157,0.0151613130934556,3,0.017440764353679,0.004613500049338013,0.0156468826375462,3,0.008934968373775368,0.009216326503604107,0.00573027857132,3,1.4007497110249811,0.0097706797391488,1.3968950304127972,3,0.0023965551773276333,0.00037527783295431525,0.0023151064010509,3,0.0,0.0,0.0,3,0.75,0.0,0.75,3,23679.0,102.56217626396194,23696.0,3,23679.0,102.56217626396194,23696.0,3
square_vn,ql,alpha_async,lesion,plastic,0,0,0.68,0.2,0.016,0.5,0.6,0.6,False,0.400131150128841,0.0007484768354052507,0.3998721215960139,3,0.7293517799983397,0.002065185082884235,0.7301940425138923,3,-0.004149344732222,0.019221950177286087,-0.0049386041422435,3,-0.003031543957136833,0.0016825203078266611,-0.0021586337375517,3,0.0030815157386720996,0.0013067633295264487,0.0030538150228859,3,1.4443576271546348,0.0051934207206973905,1.4465456220456347,3,0.0026643292983614332,0.00022810163372461703,0.0025679422386082,3,0.2633500342294561,0.001402898623950217,0.2628194758079509,3,1.0,0.0,1.0,3,0.0,0.0,0.0,3,0.0,0.0,0.0,3
square_vn,ql,alpha_async,lesion,plastic,0,1,0.68,0.2,0.016,0.5,0.6,0.6,False,0.3848516929988995,0.00044886515663311886,0.3850058231709446,3,0.7184151868098249,0.002141154519716713,0.7172336888171138,3,-0.006370186873763333,0.00681114405094613,-0.0049934666583872,3,-0.005929423565178033,0.0007355300566286249,-0.0055577613189226,3,0.0001458123701249,0.0024368482604958785,0.0011343116821804,3,1.3938885521259046,0.004569177595434436,1.3931362563396013,3,0.0022006077121286332,0.00014527144973206004,0.0022207142183461,3,0.29292314364747774,0.0017081793260937729,0.2926089043368856,3,0.75,0.0,0.75,3,22331.333333333332,85.04312631443676,22363.0,3,22331.333333333332,85.04312631443676,22363.0,3
square_vn,ql,alpha_async,lesion,plastic,1,0,0.68,0.2,0.016,0.5,0.6,0.6,False,0.39396946591454524,0.0025345054064326543,0.3952042993284256,3,0.721754414527758,0.004633385141292982,0.7215527563871467,3,0.010715308809501433,0.006885925602517184,0.0136133894089653,3,0.004224944757311434,0.0026870252651962534,0.0043757230895282,3,0.006947425606358667,0.001965720409994564,0.0065384886599698,3,1.4517502422535913,0.0064136465463673735,1.45474900747026,3,0.0026024199746694666,0.00019505378580145604,0.0025241151106845,3,0.274687537815217,0.0023127171580967568,0.2743455890810864,3,1.0,0.0,1.0,3,0.0,0.0,0.0,3,0.0,0.0,0.0,3
square_vn,ql,alpha_async,lesion,plastic,1,1,0.68,0.2,0.016,0.5,0.6,0.6,False,0.38121814521686365,0.001405116689589659,0.3814488393781706,3,0.7091876069113434,0.0015218065871466368,0.7098365439457422,3,0.001063204241513966,0.01619876300553016,-0.0007656487437165,3,0.0064233432182424005,0.004150639070770258,0.0074131582800848,3,0.0044881177283042336,0.0019400803570954592,0.0042439704494907,3,1.3985285516754142,0.005532669375366128,1.3958707620351771,3,0.0023298178427807003,0.0003228140261539198,0.0023924435892208,3,0.2977777187371369,0.0005414855538418723,0.2978258664050295,3,0.75,0.0,0.75,3,23360.0,140.52401929919313,23433.0,3,23360.0,140.52401929919313,23433.0,3
square_vn,ql,alpha_async,repeated_lesion,plastic,0,0,0.68,0.2,0.016,0.5,0.6,0.6,False,0.3995818995445566,0.001463672886436715,0.3996975714451348,3,0.7286569252774568,0.0012718362990106456,0.729300741908651,3,-0.011071167679348466,0.014112197188706044,-0.0174295698138876,3,-0.0036925927351283898,0.0034415347636433083,-0.0043502930376057,3,0.0025168611969637665,0.006671340640154835,0.0027745742495071,3,1.4418303816108218,0.0038695970742911243,1.4399906509542355,3,0.0026807119368528003,8.096213974827694e-05,0.0026709949335104,3,0.264699821015059,0.0010670444888868972,0.264721908135792,3,1.0,0.0,1.0,3,0.0,0.0,0.0,3,0.0,0.0,0.0,3
square_vn,ql,alpha_async,repeated_lesion,plastic,0,1,0.68,0.2,0.016,0.5,0.6,0.6,False,0.3854438876725827,0.0007747838087846059,0.3858083220091389,3,0.7165370948771125,0.001440913653606635,0.7160217448035425,3,-0.0065702630911439,0.0029521221726704415,-0.0080887569563198,3,-0.0024751759206426333,0.004996559069144665,-0.005102843422671,3,0.001472447136799866,0.010151566069497832,0.0068072351945833,3,1.402865873609265,0.008673715525466454,1.4024083780981944,3,0.0019302251293204,2.5777701572101043e-05,0.0019295914027325,3,0.29232445015303604,0.0025006651645457807,0.2931970870213878,3,0.75,0.0,0.75,3,22315.666666666668,97.20768145230821,22323.0,3,22315.666666666668,97.20768145230821,22323.0,3
square_vn,ql,alpha_async,repeated_lesion,plastic,1,0,0.68,0.2,0.016,0.5,0.6,0.6,False,0.3939163325164707,0.0012339053292901305,0.3933165034404244,3,0.7208412155546798,0.002250185176788772,0.7212284641138123,3,0.004282881138956,0.007344084820917304,0.0039586294187251,3,0.007577969720999566,0.0037579327835713682,0.0066130267458322,3,0.005471441510469933,0.004952529719710595,0.0057474678746236,3,1.4540173110931247,0.008780070009580412,1.4531613584599163,3,0.003061289761307,0.0001489456557563125,0.0029774104534443,3,0.2741822941688265,0.001368336211627999,0.2739970972561109,3,1.0,0.0,1.0,3,0.0,0.0,0.0,3,0.0,0.0,0.0,3
square_vn,ql,alpha_async,repeated_lesion,plastic,1,1,0.68,0.2,0.016,0.5,0.6,0.6,False,0.38134409670322994,0.0008357852133571927,0.3814983957972824,3,0.7098438157777095,0.0022296712431574962,0.7088208772685747,3,0.017937714526761434,0.020850910680427177,0.0256661728713136,3,0.006993827834669567,0.003029735443179026,0.0053911892741522,3,0.0035488715372605666,0.0027345625467009274,0.0022465171548783,3,1.4059101608893334,0.003992138456130203,1.4048774133723163,3,0.002222500312822467,0.00014247841666915724,0.0021764606902357,3,0.29639496572835267,0.0015780090426255207,0.2970313367633094,3,0.75,0.0,0.75,3,23342.666666666668,181.81675757017976,23414.0,3,23342.666666666668,181.81675757017976,23414.0,3
square_vn,ql,block_async,lesion,plastic,0,0,0.68,0.2,0.016,0.5,0.6,0.6,False,0.402039414346192,0.00038845911769798283,0.4019957345199324,3,0.747711158274177,0.0030558664103671725,0.7477619640376456,3,-0.0019116197588863668,0.005938578662540758,0.001203605421064,3,-0.0017205957698619668,0.0032908011500222926,-0.0019881588456566,3,-0.003711245333789033,0.0010440056391812934,-0.0032242682523579,3,1.4264857606191141,0.004373525820197667,1.428771623130404,3,0.0029892519757357336,0.0001449060317589354,0.0030157661325305,3,0.24941806640694866,0.0010478101937150199,0.2497962744431225,3,1.0,0.0,1.0,3,0.0,0.0,0.0,3,0.0,0.0,0.0,3
square_vn,ql,block_async,lesion,plastic,0,1,0.68,0.2,0.016,0.5,0.6,0.6,False,0.3908677279606139,0.001722124228747303,0.3918412022222289,3,0.7372216044302218,0.0029085516131197213,0.7385393949814151,3,0.0016042714350380665,0.011246532678513114,-0.0027087609712233,3,0.003326105064091133,0.005482327874992031,0.0064320781458747,3,0.0020341273472593,0.0033296617827296535,0.0033974520366467,3,1.3767064735407206,0.009420281381338639,1.3748287858398975,3,0.0023254651822525664,9.145596289835394e-05,0.0022844906010523,3,0.2750347381943857,0.00033784763251104956,0.2749018691849621,3,0.75,0.0,0.75,3,27476.666666666668,72.62460556404635,27501.0,3,27476.666666666668,72.62460556404635,27501.0,3
square_vn,ql,block_async,lesion,plastic,1,0,0.68,0.2,0.016,0.5,0.6,0.6,False,0.3932611949314639,0.00212889119388769,0.3921739011450352,3,0.7386721513544976,0.0017025273676848267,0.7378766550975022,3,0.023348568854132733,0.012144345082171987,0.0264663660554081,3,0.014020923096208233,0.0066127729321332,0.0134935105218917,3,0.0023379862082240663,0.007508987203487619,0.0032449929719223,3,1.4379575553777821,0.00965163008503116,1.4349547971212684,3,0.003073166270389833,0.00033682863689589616,0.003047082680294,3,0.27041217921056454,0.0007899556654506802,0.2705397023592741,3,1.0,0.0,1.0,3,0.0,0.0,0.0,3,0.0,0.0,0.0,3
square_vn,ql,block_async,lesion,plastic,1,1,0.68,0.2,0.016,0.5,0.6,0.6,False,0.38357481843005664,0.0013812040373840804,0.3836236423670383,3,0.726662895445583,0.001262537256972785,0.7269725013497659,3,0.010918987310415634,0.00897272804299373,0.0059383179739612,3,0.0108568879737649,0.0010176094370487518,0.0103652126967877,3,0.007416529347087833,0.0022171824401740507,0.0076830291959467,3,1.3870889210543424,0.0021176759712602106,1.3869291579939769,3,0.0024063260362369664,0.00023274706273303353,0.002352794316792,3,0.2909839893532733,0.0015498912411708809,0.2910368493230423,3,0.75,0.0,0.75,3,28246.0,130.57181931795236,28251.0,3,28246.0,130.57181931795236,28251.0,3
square_vn,ql,block_async,repeated_lesion,plastic,0,0,0.68,0.2,0.016,0.5,0.6,0.6,False,0.40255456232435405,0.0008640381151708291,0.4022241114892943,3,0.7480013132503892,0.00196637592340551,0.7473300270654755,3,-0.0016347668466667666,0.016061567144935323,0.0012301085031419,3,-0.0028916350666583334,0.0082484619757702,-0.0055179823113588,3,0.002063419714922734,0.006556553904024843,-0.0010214509286977,3,1.425983874342099,0.005567280872493959,1.4286940818469285,3,0.003001777897036867,6.014824994767111e-05,0.0030308341344959,3,0.24969168358872507,0.0011370236899950466,0.2493865013097607,3,1.0,0.0,1.0,3,0.0,0.0,0.0,3,0.0,0.0,0.0,3
square_vn,ql,block_async,repeated_lesion,plastic,0,1,0.68,0.2,0.016,0.5,0.6,0.6,False,0.39058236481766445,0.001123206974852456,0.3907170308871951,3,0.735914338539463,0.0015988466238739628,0.7359840892785183,3,-0.0146456451722078,0.002993305933963426,-0.0160288991046521,3,-0.0035759253862863,0.0012739716448072805,-0.0028676454375758,3,-0.002364775943551223,0.002395384381723234,-0.0022737398948068,3,1.3811055042895741,0.00621281941810777,1.3780373816437446,3,0.002427124827879467,0.0005162494382655254,0.002406721428117,3,0.27391714558122904,0.002662831828012214,0.2742947921061696,3,0.75,0.0,0.75,3,27482.666666666668,97.17166939665718,27476.0,3,27482.666666666668,97.17166939665718,27476.0,3
square_vn,ql,block_async,repeated_lesion,plastic,1,0,0.68,0.2,0.016,0.5,0.6,0.6,False,0.393800453491478,0.001423514425654197,0.3938181853473453,3,0.7385957546276956,0.0016387636057758948,0.7377990190191991,3,0.021235335640041302,0.010265725342581432,0.0163670094788002,3,0.0142695992375852,0.004438513224662851,0.0135710181145755,3,0.005511526173710833,0.0024040581169225963,0.0063160182288361,3,1.4394102783115317,0.0027025813037289794,1.4406238264945446,3,0.0026288687704866,0.00015450073506842593,0.0026029851046184,3,0.2702152022619299,0.0006061043026762712,0.2704197288741873,3,1.0,0.0,1.0,3,0.0,0.0,0.0,3,0.0,0.0,0.0,3
square_vn,ql,block_async,repeated_lesion,plastic,1,1,0.68,0.2,0.016,0.5,0.6,0.6,False,0.3843679748260714,0.0007071496064375191,0.3846969381855311,3,0.7272225550657451,0.0026095127241359734,0.7279391458242708,3,0.004101945896249,0.0038660769630611607,0.0061483322834953,3,0.008646218786845935,0.008896241991699104,0.011322252833492,3,-0.0017171689404533999,0.0042450595472215665,-0.0005363067574745,3,1.3882263226139548,0.0057202529369696385,1.3881019492107218,3,0.0022197676830956335,0.0002161683834878756,0.0022834130467759,3,0.2908739973292275,0.0024050428073489867,0.2915911561888146,3,0.75,0.0,0.75,3,28184.0,88.88194417315589,28154.0,3,28184.0,88.88194417315589,28154.0,3
square_vn,ql,synchronous,lesion,plastic,0,0,0.68,0.2,0.016,0.5,0.6,0.6,False,0.39214480081439773,0.0011406115640668986,0.3917918028883427,3,0.7644821618822975,0.00035056906373720324,0.7646147578016856,3,0.0034667066909701005,0.01628545193774039,0.0067482580309736,3,-0.001156764123426567,0.007709599745734571,0.0004542555212674,3,0.008145907531449167,0.005720987389379443,0.0072898111392156,3,1.4307262373983498,0.006145347658491821,1.4315682741087647,3,0.0026004365827969667,0.00023658041315967367,0.0025483316711418,3,0.2574739081176704,0.003445923896597153,0.2591635118830196,3,1.0,0.0,1.0,3,0.0,0.0,0.0,3,0.0,0.0,0.0,3
square_vn,ql,synchronous,lesion,plastic,0,1,0.68,0.2,0.016,0.5,0.6,0.6,False,0.3884205864247005,0.0026944987419305903,0.388783268551948,3,0.7529424871823989,0.0020329322940497233,0.7519033772376427,3,0.006806510249762,0.011726605873304192,0.0055458354180393,3,-0.0028238888859962335,0.0015163000511164264,-0.0025579628830208,3,0.0033531142864178334,0.008829804025556946,0.0032024364283277,3,1.3798190510872679,0.006711334531399138,1.3785355011714402,3,0.0019353949677610998,0.00021562918186771165,0.0019059503351261,3,0.28087506366141723,0.0028041053164113913,0.2813058245406164,3,0.75,0.0,0.75,3,26401.0,24.331050121192877,26413.0,3,26401.0,24.331050121192877,26413.0,3
square_vn,ql,synchronous,lesion,plastic,1,0,0.68,0.2,0.016,0.5,0.6,0.6,False,0.3850881398407721,0.0009499391616133364,0.3851505798816682,3,0.7602737597718628,0.0021310033289425657,0.7598744378334688,3,0.01762543183119013,0.027334721973381382,0.0045683617647214,3,0.018129157697261034,0.0059295776897190355,0.0208248140600574,3,0.010429290344356868,0.012388139829059617,0.0036935537487487,3,1.4300449896288534,0.012939383955019867,1.4321398936323262,3,0.0027674410396177664,0.0004112815225041498,0.0026925452154259,3,0.27899773427108054,0.0010233490987915418,0.2784725567258628,3,1.0,0.0,1.0,3,0.0,0.0,0.0,3,0.0,0.0,0.0,3
square_vn,ql,synchronous,lesion,plastic,1,1,0.68,0.2,0.016,0.5,0.6,0.6,False,0.3804833706256991,0.00218310173720843,0.3815293182532608,3,0.7476152314764182,0.0007405928818674513,0.7474713255067288,3,0.0038222650425653337,0.01076571375808646,-0.0021806430736659,3,0.008942086710429667,0.0028987535221279923,0.0101299313152766,3,-0.00018769384333663336,0.004452623157055038,-0.0026712909560595,3,1.3856811842651948,0.006860046209047707,1.3828686459900583,3,0.0022639041944677667,0.0001567819471097575,0.0023400115852368,3,0.29337126781795625,0.001318800272957668,0.2931858624246589,3,0.75,0.0,0.75,3,27207.333333333332,152.82124634138242,27134.0,3,27207.333333333332,152.82124634138242,27134.0,3
square_vn,ql,synchronous,repeated_lesion,plastic,0,0,0.68,0.2,0.016,0.5,0.6,0.6,False,0.39691592129711123,0.0008858543416890968,0.3968809200206974,3,0.7680806491414144,0.0013414238183473751,0.7676739260721153,3,-0.007101254334678766,0.02040809430598234,0.0034882386058502,3,-0.0022729400132475,0.00028673251104586534,-0.0022271368640954,3,0.0030414296933468,0.011644966955596987,-0.0016156594178334,3,1.4314149548291326,0.0034320713815167484,1.429619667321488,3,0.0026462072353265003,0.000254854648153807,0.0025863596405821,3,0.2590995493903288,0.0002777168540181865,0.2591215292970684,3,1.0,0.0,1.0,3,0.0,0.0,0.0,3,0.0,0.0,0.0,3
square_vn,ql,synchronous,repeated_lesion,plastic,0,1,0.68,0.2,0.016,0.5,0.6,0.6,False,0.38584243124765644,0.001978598743266381,0.3860285133004494,3,0.7505882828572007,0.0009033711069746863,0.7508790478610857,3,-0.002497908380921533,0.007839281439061277,-0.0040853213214083,3,-0.0046040041495560005,0.004446865209227191,-0.0060866565539688,3,-0.0008719146526725,0.010589752753797598,0.0001235363778796,3,1.3822358532676595,0.010315709320326149,1.3816859773554448,3,0.0022089370650459667,0.00012383996032223318,0.0022696657027475,3,0.27857418779172277,0.0013076904774928476,0.2789781268501042,3,0.75,0.0,0.75,3,26375.666666666668,21.079215671682665,26370.0,3,26375.666666666668,21.079215671682665,26370.0,3
square_vn,ql,synchronous,repeated_lesion,plastic,1,0,0.68,0.2,0.016,0.5,0.6,0.6,False,0.38499616291865335,0.002964756337332008,0.383512043053376,3,0.7587652862998934,0.0034682185452387855,0.7573760852989035,3,0.010258511880129733,0.02209893396490028,0.0228278198703029,3,0.011673936403021667,0.01200452516189121,0.0179229805197713,3,0.005951416506030967,0.005121384354156386,0.0060153982914553,3,1.4320310597747188,0.008309207197723729,1.429525932996769,3,0.0025821230798079,0.0002724090295101289,0.002696556519499,3,0.27932993917033333,0.0015955962599793338,0.280167010645567,3,1.0,0.0,1.0,3,0.0,0.0,0.0,3,0.0,0.0,0.0,3
square_vn,ql,synchronous,repeated_lesion,plastic,1,1,0.68,0.2,0.016,0.5,0.6,0.6,False,0.3817957529863647,0.0016477960992969268,0.3820829974161021,3,0.7476737779653906,0.0016123526611924515,0.7483878937373202,3,0.006351470811482733,0.011916966499571071,0.0127881802145343,3,0.0017002207128714003,0.002105243566281151,0.0023581588447282,3,0.0021791346944134335,0.006375620058254797,0.0012154373050128,3,1.3827269421924753,0.002719905292503242,1.383380908115902,3,0.002081125367800267,0.00014623699618740367,0.0020895033674799,3,0.29277829482497336,0.0013736081481909167,0.292066804363672,3,0.75,0.0,0.75,3,27154.666666666668,125.34086856781073,27111.0,3,27154.666666666668,125.34086856781073,27111.0,3
