L,T,activity_late,alpha_async,autocorr_late,bias_mean_late,block_fraction,coherence_late,config_id,corr_A_late,corr_B_late,dephase,diagonal_ablation,entropy_late,eta_intrinsic,eta_weight,formalism,gamma,geometry,imprint_duration,imprint_start,imprint_strength,interface_density_late,intrinsic_bias_limit,intrinsic_enabled,intrinsic_target_activity,lesion_fraction,lesion_time,memory_mean_late,memory_strength,metric_stride,neighbor_pattern_entropy_late,orientation_anisotropy_late,p0,plasticity,profile,repair_reference_corr,save_dense,schedule,second_imprint_duration,second_imprint_start,second_lesion_time,seed,sensitivity_point,sequential_events_per_sweep,sigma_birth,sigma_survive,snapshot_every,spectral_peak_fraction_late,structural_additions_total,structural_enabled,structural_interval,structural_link_fraction_late,structural_min_degree,structural_removals_total,structural_rewire_probability,structural_swap_tolerance,structural_target_fraction,structural_utility_tau,task,tau_memory,theta_input,theta_memory,theta_phase,weight_decay,weight_sum
44,220,0.4196205599478442,0.5,-0.3933410084406061,0.0,0.125,0.0,square_moore__markov__plastic__intr0__struct0__alpha_async__baseline__s1__ba60de3f58,-0.009557964946486,-0.002444389742495,0.25,False,0.4857744616392233,0.002,0.006,markov,0.58,square_moore,30,70,0.9,0.5205404065496639,0.3,0,0.42,0.08,140,0.4133336066023952,0.2,10,1.5453727957706995,5.7794639321502274e-18,0.2,plastic,calibration,,False,alpha_async,30,130,180,1,-1,1.0,0.6,0.6,60,0.1119287786725178,0,0,40,1.0,2,0,0.25,0.01,0.75,50.0,baseline,30.0,0.45,0.2,0.1,0.002,8.0
44,220,0.42215145783538,0.5,-0.3879369382982979,0.0,0.125,0.0,square_moore__markov__plastic__intr0__struct0__alpha_async__baseline__s2__df6740586c,-0.009116210109508,0.0003113576830157,0.25,False,0.4745350754695171,0.002,0.006,markov,0.68,square_moore,30,70,0.9,0.52403910494305,0.3,0,0.42,0.08,140,0.4149683748500651,0.3,10,1.5376031259411858,3.805485271434567e-18,0.2,plastic,calibration,,False,alpha_async,30,130,180,2,-1,1.0,0.6,0.6,60,0.0877545308883474,0,0,40,1.0,2,0,0.25,0.01,0.75,50.0,baseline,30.0,0.45,0.2,0.1,0.002,8.0
44,220,0.2815072048473274,0.5,0.1354469044989648,0.0,0.125,0.0,square_moore__markov__plastic__intr0__struct0__alpha_async__lesion__s2__908b1fad1a,0.1149124195805651,0.0941729418570118,0.25,False,0.4083004291819462,0.002,0.006,markov,0.62,square_moore,30,70,0.9,0.3007440469209346,0.3,0,0.42,0.08,140,0.2194418734112079,0.4,10,1.5257724468816958,7.740321293533866e-18,0.2,plastic,calibration,0.0710516901838751,False,alpha_async,30,130,180,2,-1,1.0,0.6,0.6,60,0.0745064043997138,0,0,40,1.0,2,0,0.25,0.01,0.75,50.0,lesion,30.0,0.45,0.2,0.1,0.002,8.0
44,220,0.4174826319027632,0.5,-0.3765292968705342,0.0,0.125,0.3046897748178897,square_moore__ql__plastic__intr0__struct0__alpha_async__baseline__s2__fd239ba14c,-0.0023807181681279,-0.0080815096843763,0.25,False,0.5295426988147315,0.002,0.006,ql,0.62,square_moore,30,70,0.9,0.4973847746668812,0.3,0,0.42,0.08,140,0.4119914049254857,0.2,10,1.507169600063364,4.9200152228014325e-18,0.2,plastic,calibration,,False,alpha_async,30,130,180,2,-1,1.0,0.6,0.6,60,0.3426984441245221,0,0,40,1.0,2,0,0.25,0.01,0.75,50.0,baseline,30.0,0.45,0.2,0.1,0.002,8.0
44,220,0.4046613125427503,0.5,-0.2855602091686242,0.0,0.125,0.3283815189344639,square_moore__ql__plastic__intr0__struct0__alpha_async__lesion__s2__bea7282823,0.0144503861655851,0.0061048774896076,0.25,False,0.623609951342524,0.002,0.006,ql,0.58,square_moore,30,70,0.9,0.4199614254234012,0.3,0,0.42,0.08,140,0.3297545292358092,0.3,10,1.4345462696283051,5.51311190448793e-18,0.2,plastic,calibration,-0.003773533823117,False,alpha_async,30,130,180,2,-1,1.0,0.6,0.6,60,0.0528717276319723,0,0,40,1.0,2,0,0.25,0.01,0.75,50.0,lesion,30.0,0.45,0.2,0.1,0.002,8.0
44,220,0.4337842759677502,0.5,-0.3854415950878107,0.0,0.125,0.0,hex_cells__markov__plastic__intr0__struct0__alpha_async__baseline__s1__0594bb29ad,0.0047862316455666,0.0099012601791324,0.25,False,0.5601371542171423,0.002,0.006,markov,0.68,hex_cells,30,70,0.9,0.496226800874062,0.3,0,0.42,0.08,140,0.430906240285372,0.4,10,1.3643351357355515,3.7813087628000994e-18,0.2,plastic,calibration,,False,alpha_async,30,130,180,1,-1,1.0,0.6,0.6,60,0.0243090045936463,0,0,40,1.0,2,0,0.25,0.01,0.75,50.0,baseline,30.0,0.45,0.2,0.1,0.002,8.0
44,220,0.3914452850703135,0.5,-0.1493775263088523,0.0,0.125,0.0,hex_cells__markov__plastic__intr0__struct0__alpha_async__lesion__s1__8bb5f196ac,0.0409746734721991,0.0414393837421316,0.25,False,0.4954463965921666,0.002,0.006,markov,0.68,hex_cells,30,70,0.9,0.4348316455134845,0.3,0,0.42,0.08,140,0.2966337630272508,0.2,10,1.506211992102117,3.1645204780214373e-18,0.2,plastic,calibration,0.0165805460039115,False,alpha_async,30,130,180,1,-1,1.0,0.6,0.6,60,0.0378313167093007,0,0,40,1.0,2,0,0.25,0.01,0.75,50.0,lesion,30.0,0.45,0.2,0.1,0.002,8.0
44,220,0.4300141014398116,0.5,-0.3836029312084393,0.0,0.125,0.2830653204265184,hex_cells__ql__plastic__intr0__struct0__alpha_async__baseline__s1__17a9600856,0.0017530607585834,-0.0058444179836862,0.25,False,0.5795071876364118,0.002,0.006,ql,0.62,hex_cells,30,70,0.9,0.4917050746279824,0.3,0,0.42,0.08,140,0.4274182567957505,0.3,10,1.3575652940283391,3.552034191090365e-18,0.2,plastic,calibration,,False,alpha_async,30,130,180,1,-1,1.0,0.6,0.6,60,0.0309653366267824,0,0,40,1.0,2,0,0.25,0.01,0.75,50.0,baseline,30.0,0.45,0.2,0.1,0.002,8.0
44,220,0.436124382316596,0.5,-0.3733547767920003,0.0,0.125,0.3023559966164772,hex_cells__ql__plastic__intr0__struct0__alpha_async__lesion__s1__4af9e6d818,0.0015668979591509,-0.0223977096929776,0.25,False,0.594509337261365,0.002,0.006,ql,0.58,hex_cells,30,70,0.9,0.4833658435830598,0.3,0,0.42,0.08,140,0.3579138126620276,0.4,10,1.2803862093708838,3.978261167631563e-18,0.2,plastic,calibration,-0.0085272662251746,False,alpha_async,30,130,180,1,-1,1.0,0.6,0.6,60,0.0305238749361248,0,0,40,1.0,2,0,0.25,0.01,0.75,50.0,lesion,30.0,0.45,0.2,0.1,0.002,8.0
44,220,0.404331595624777,0.5,-0.2373847343220418,0.0,0.125,0.0,honeycomb__markov__plastic__intr0__struct0__alpha_async__baseline__s1__98f30951e6,0.0140289675081837,0.0081449344628363,0.25,False,0.7445071819927909,0.002,0.006,markov,0.58,honeycomb,30,70,0.9,0.3374586989016278,0.3,0,0.42,0.08,140,0.3969589358962374,0.2,10,1.4732102520619372,1.9085299538383453e-18,0.2,plastic,calibration,,False,alpha_async,30,130,180,1,-1,1.0,0.6,0.6,60,0.0063580384610267,0,0,40,1.0,2,0,0.25,0.01,0.75,50.0,baseline,30.0,0.45,0.2,0.1,0.002,8.0
44,220,0.3948342225857742,0.5,-0.1726360472963436,0.0,0.125,0.0,honeycomb__markov__plastic__intr0__struct0__alpha_async__baseline__s2__f41eb1a30a,0.0162734047943498,0.0205199794313272,0.25,False,0.708250867198472,0.002,0.006,markov,0.68,honeycomb,30,70,0.9,0.3451092619861031,0.3,0,0.42,0.08,140,0.393310251236734,0.3,10,1.5297604675337786,5.2489767655542945e-18,0.2,plastic,calibration,,False,alpha_async,30,130,180,2,-1,1.0,0.6,0.6,60,0.0047466688934024,0,0,40,1.0,2,0,0.25,0.01,0.75,50.0,baseline,30.0,0.45,0.2,0.1,0.002,8.0
44,220,0.1129965222544423,0.5,0.5421603368431555,0.0,0.125,0.0,honeycomb__markov__plastic__intr0__struct0__alpha_async__lesion__s2__7f1f3598db,0.3493424931881755,0.2767590335586957,0.25,False,0.2086971560342723,0.002,0.006,markov,0.62,honeycomb,30,70,0.9,0.0976832411050281,0.3,0,0.42,0.08,140,0.117038180742736,0.4,10,0.9782644064567054,4.080531199830529e-18,0.2,plastic,calibration,0.2990543957501142,False,alpha_async,30,130,180,2,-1,1.0,0.6,0.6,60,0.1465861718377088,0,0,40,1.0,2,0,0.25,0.01,0.75,50.0,lesion,30.0,0.45,0.2,0.1,0.002,8.0
44,220,0.4001192155191634,0.5,-0.2123265362364051,0.0,0.125,0.2705696145212309,honeycomb__ql__plastic__intr0__struct0__alpha_async__baseline__s2__3649c865b0,0.0083372660103788,0.0105551119578531,0.25,False,0.7411165703689304,0.002,0.006,ql,0.62,honeycomb,30,70,0.9,0.3330241806305035,0.3,0,0.42,0.08,140,0.3932882352469625,0.2,10,1.4780376906529018,2.2537608166839e-18,0.2,plastic,calibration,,False,alpha_async,30,130,180,2,-1,1.0,0.6,0.6,60,0.0059221923176548,0,0,40,1.0,2,0,0.25,0.01,0.75,50.0,baseline,30.0,0.45,0.2,0.1,0.002,8.0
44,220,0.2899583908576421,0.5,0.1992437913732769,0.0,0.125,0.4082435477122292,honeycomb__ql__plastic__intr0__struct0__alpha_async__lesion__s2__061ef893c2,0.1169447608257002,0.1097693693263583,0.25,False,0.6421693630555811,0.002,0.006,ql,0.58,honeycomb,30,70,0.9,0.2143923080649331,0.3,0,0.42,0.08,140,0.2478190505136603,0.3,10,1.4970348655680048,2.5769882361277225e-18,0.2,plastic,calibration,0.0845203762633985,False,alpha_async,30,130,180,2,-1,1.0,0.6,0.6,60,0.1157091748026513,0,0,40,1.0,2,0,0.25,0.01,0.75,50.0,lesion,30.0,0.45,0.2,0.1,0.002,8.0
44,220,0.455134881799203,0.5,-0.1424385595762909,0.0,0.125,0.0,extended_moore_r2__markov__plastic__intr0__struct0__alpha_async__baseline__s1__5f8ee0a42a,-0.0026190507081142,0.0217310821608766,0.25,False,0.7733776166190541,0.002,0.006,markov,0.68,extended_moore_r2,30,70,0.9,0.3143017796387267,0.3,0,0.42,0.08,140,0.4350301898497007,0.4,10,0.838874217795405,3.764728866418334e-18,0.2,plastic,calibration,,False,alpha_async,30,130,180,1,-1,1.0,0.6,0.6,60,0.0484305968711153,0,0,40,1.0,2,0,0.25,0.01,0.75,50.0,baseline,30.0,0.45,0.2,0.1,0.002,8.0
44,220,0.4125080055428086,0.5,0.0189094367499429,0.0,0.125,0.0,extended_moore_r2__markov__plastic__intr0__struct0__alpha_async__lesion__s1__2b45fa3438,0.0208420288201799,0.0042590508061484,0.25,False,0.7890357178010208,0.002,0.006,markov,0.68,extended_moore_r2,30,70,0.9,0.2533216492618919,0.3,0,0.42,0.08,140,0.3344302894661832,0.2,10,0.4058575601192684,4.962884211745433e-18,0.2,plastic,calibration,0.0278077422711696,False,alpha_async,30,130,180,1,-1,1.0,0.6,0.6,60,0.0076475061774842,0,0,40,1.0,2,0,0.25,0.01,0.75,50.0,lesion,30.0,0.45,0.2,0.1,0.002,8.0
44,220,0.422743374640899,0.5,-0.2813604424510595,0.0,0.125,0.2201778729394934,extended_moore_r2__ql__plastic__intr0__struct0__alpha_async__baseline__s1__82f9e5682d,0.0252486197989834,-0.0016625709378087,0.25,False,0.6051977804001037,0.002,0.006,ql,0.62,extended_moore_r2,30,70,0.9,0.4376531955328371,0.3,0,0.42,0.08,140,0.4193485387255013,0.3,10,0.8303428348278313,7.00939019715949e-18,0.2,plastic,calibration,,False,alpha_async,30,130,180,1,-1,1.0,0.6,0.6,60,0.2464029482334994,0,0,40,1.0,2,0,0.25,0.01,0.75,50.0,baseline,30.0,0.45,0.2,0.1,0.002,8.0
44,220,0.4251669831112207,0.5,-0.2864480581086386,0.0,0.125,0.232733297488521,extended_moore_r2__ql__plastic__intr0__struct0__alpha_async__lesion__s1__8197e9f86a,-0.0131270931861726,-0.0010291136207163,0.25,False,0.6100065429656194,0.002,0.006,ql,0.58,extended_moore_r2,30,70,0.9,0.4394028369876134,0.3,0,0.42,0.08,140,0.3721673727956073,0.4,10,0.8554221606330684,6.743374483514971e-18,0.2,plastic,calibration,-0.0238901236994875,False,alpha_async,30,130,180,1,-1,1.0,0.6,0.6,60,0.268728969410738,0,0,40,1.0,2,0,0.25,0.01,0.75,50.0,lesion,30.0,0.45,0.2,0.1,0.002,8.0
44,220,0.4605641897712551,0.5,-0.0814619043851963,0.0,0.125,0.0,extended_hex_r2__markov__plastic__intr0__struct0__alpha_async__baseline__s1__e303731955,-0.0232930842915765,-0.0150112758340845,0.25,False,0.917948135258368,0.002,0.006,markov,0.58,extended_hex_r2,30,70,0.9,0.1854226848404738,0.3,0,0.42,0.08,140,0.439491381863146,0.2,10,0.637630081847345,3.905841109848796e-18,0.2,plastic,calibration,,False,alpha_async,30,130,180,1,-1,1.0,0.6,0.6,60,0.0123830505326821,0,0,40,1.0,2,0,0.25,0.01,0.75,50.0,baseline,30.0,0.45,0.2,0.1,0.002,8.0
44,220,0.4815527110398284,0.5,-0.049844774707829,0.0,0.125,0.0,extended_hex_r2__markov__plastic__intr0__struct0__alpha_async__baseline__s2__8d2d2970ed,0.0010394643122857,-0.0067495641338301,0.25,False,0.8412257692258642,0.002,0.006,markov,0.68,extended_hex_r2,30,70,0.9,0.2535279774859922,0.3,0,0.42,0.08,140,0.442437377945054,0.3,10,0.7460667105937524,4.212400889275493e-18,0.2,plastic,calibration,,False,alpha_async,30,130,180,2,-1,1.0,0.6,0.6,60,0.0051875603103376,0,0,40,1.0,2,0,0.25,0.01,0.75,50.0,baseline,30.0,0.45,0.2,0.1,0.002,8.0
44,220,0.4414847912079261,0.5,0.0690321610524035,0.0,0.125,0.0,extended_hex_r2__markov__plastic__intr0__struct0__alpha_async__lesion__s2__e724c941c8,-0.041903905843043,-0.0235105112977611,0.25,False,0.8737274571299727,0.002,0.006,markov,0.62,extended_hex_r2,30,70,0.9,0.2029005244723495,0.3,0,0.42,0.08,140,0.342662514833407,0.4,10,0.8183934590197456,4.035850384955179e-18,0.2,plastic,calibration,0.00422783855251,False,alpha_async,30,130,180,2,-1,1.0,0.6,0.6,60,0.0270303857190327,0,0,40,1.0,2,0,0.25,0.01,0.75,50.0,lesion,30.0,0.45,0.2,0.1,0.002,8.0
44,220,0.4458218341149507,0.5,-0.0165711737347654,0.0,0.125,0.1327432275869494,extended_hex_r2__ql__plastic__intr0__struct0__alpha_async__baseline__s2__9f95309f89,0.0072941031340903,-0.0047673515610043,0.25,False,0.8923389381841133,0.002,0.006,ql,0.62,extended_hex_r2,30,70,0.9,0.2041050745124831,0.3,0,0.42,0.08,140,0.441051731533378,0.2,10,0.6893010720130768,5.0794480160417005e-18,0.2,plastic,calibration,,False,alpha_async,30,130,180,2,-1,1.0,0.6,0.6,60,0.0242281443493185,0,0,40,1.0,2,0,0.25,0.01,0.75,50.0,baseline,30.0,0.45,0.2,0.1,0.002,8.0
44,220,0.4574522826373914,0.5,-0.0822642026224418,0.0,0.125,0.1694077298152665,extended_hex_r2__ql__plastic__intr0__struct0__alpha_async__lesion__s2__cf8f4bd597,-0.0129028779972369,-0.013255069769221,0.25,False,0.9156666839841784,0.002,0.006,ql,0.58,extended_hex_r2,30,70,0.9,0.1877797931003808,0.3,0,0.42,0.08,140,0.3888961079596241,0.3,10,0.6163078247407346,3.740498268374235e-18,0.2,plastic,calibration,-0.0104935886656489,False,alpha_async,30,130,180,2,-1,1.0,0.6,0.6,60,0.0135794491864601,0,0,40,1.0,2,0,0.25,0.01,0.75,50.0,lesion,30.0,0.45,0.2,0.1,0.002,8.0
44,220,0.4125623610827839,0.5,-0.3966866698782613,0.0,0.125,0.0,square_moore__markov__plastic__intr0__struct0__alpha_async__baseline__s1__64cc19a9eb,0.0036621891451366,0.0033538743906435,0.25,False,0.497003425304143,0.002,0.01,markov,0.58,square_moore,30,70,0.9,0.5168112246162928,0.3,0,0.42,0.08,140,0.410864148289584,0.2,10,1.5555607866278385,6.67341497767287e-18,0.2,plastic,calibration,,False,alpha_async,30,130,180,1,-1,1.0,0.6,0.6,60,0.0665478187157035,0,0,40,1.0,2,0,0.25,0.01,0.75,50.0,baseline,30.0,0.45,0.2,0.1,0.002,8.0
44,220,0.4112572998927114,0.5,-0.3942275987552781,0.0,0.125,0.0,square_moore__markov__plastic__intr0__struct0__alpha_async__baseline__s2__06736d51fb,0.0009493001594625,0.0022638395490302,0.25,False,0.4978635989735275,0.002,0.01,markov,0.68,square_moore,30,70,0.9,0.5163460628618732,0.3,0,0.42,0.08,140,0.4087616627425903,0.3,10,1.5574476729615334,6.7513772508443216e-18,0.2,plastic,calibration,,False,alpha_async,30,130,180,2,-1,1.0,0.6,0.6,60,0.2455149882194681,0,0,40,1.0,2,0,0.25,0.01,0.75,50.0,baseline,30.0,0.45,0.2,0.1,0.002,8.0
44,220,0.2863052113556061,0.5,0.0958989555341933,0.0,0.125,0.0,square_moore__markov__plastic__intr0__struct0__alpha_async__lesion__s2__89d5587827,0.1079119567366275,0.1115301547399416,0.25,False,0.3933587351855332,0.002,0.01,markov,0.62,square_moore,30,70,0.9,0.3190594367034226,0.3,0,0.42,0.08,140,0.2204425812366867,0.4,10,1.5364932539452956,8.673810166111537e-18,0.2,plastic,calibration,0.0659031542004418,False,alpha_async,30,130,180,2,-1,1.0,0.6,0.6,60,0.0598438109593773,0,0,40,1.0,2,0,0.25,0.01,0.75,50.0,lesion,30.0,0.45,0.2,0.1,0.002,8.0
44,220,0.4137551896880931,0.5,-0.4040367792961192,0.0,0.125,0.29619770477644,square_moore__ql__plastic__intr0__struct0__alpha_async__baseline__s2__e74ca68332,0.0050532110343503,0.0089521084309837,0.25,False,0.5184826986353315,0.002,0.01,ql,0.62,square_moore,30,70,0.9,0.5156666809365692,0.3,0,0.42,0.08,140,0.4099202990308767,0.2,10,1.5476463560287708,5.8115543625977835e-18,0.2,plastic,calibration,,False,alpha_async,30,130,180,2,-1,1.0,0.6,0.6,60,0.2826596373480406,0,0,40,1.0,2,0,0.25,0.01,0.75,50.0,baseline,30.0,0.45,0.2,0.1,0.002,8.0
44,220,0.4014815587799683,0.5,-0.2965256239473315,0.0,0.125,0.327239574731945,square_moore__ql__plastic__intr0__struct0__alpha_async__lesion__s2__d7c33370e9,0.0110419190434454,0.0101388658648512,0.25,False,0.600821584745663,0.002,0.01,ql,0.58,square_moore,30,70,0.9,0.4331464513666057,0.3,0,0.42,0.08,140,0.3287572706626261,0.3,10,1.4620747257133098,6.2298779140652095e-18,0.2,plastic,calibration,0.0078190187224131,False,alpha_async,30,130,180,2,-1,1.0,0.6,0.6,60,0.0950631320768063,0,0,40,1.0,2,0,0.25,0.01,0.75,50.0,lesion,30.0,0.45,0.2,0.1,0.002,8.0
44,220,0.4290134752578676,0.5,-0.3608311361185125,0.0,0.125,0.0,hex_cells__markov__plastic__intr0__struct0__alpha_async__baseline__s1__41894dd0e2,0.0062523395286628,-0.0076256500845452,0.25,False,0.5562206406560939,0.002,0.01,markov,0.68,hex_cells,30,70,0.9,0.4884206498273161,0.3,0,0.42,0.08,140,0.4264009220903495,0.4,10,1.3453908897672695,3.019237283987411e-18,0.2,plastic,calibration,,False,alpha_async,30,130,180,1,-1,1.0,0.6,0.6,60,0.0237886607556693,0,0,40,1.0,2,0,0.25,0.01,0.75,50.0,baseline,30.0,0.45,0.2,0.1,0.002,8.0
44,220,0.3834725222641995,0.5,-0.1197036472167494,0.0,0.125,0.0,hex_cells__markov__plastic__intr0__struct0__alpha_async__lesion__s1__3c231980bf,0.0338742152285275,0.0299038200809511,0.25,False,0.5013981883634243,0.002,0.01,markov,0.68,hex_cells,30,70,0.9,0.4198642403300607,0.3,0,0.42,0.08,140,0.2916055375818817,0.2,10,1.5101095613534352,3.3982540180199308e-18,0.2,plastic,calibration,0.0001804643875674,False,alpha_async,30,130,180,1,-1,1.0,0.6,0.6,60,0.0303610992824885,0,0,40,1.0,2,0,0.25,0.01,0.75,50.0,lesion,30.0,0.45,0.2,0.1,0.002,8.0
44,220,0.4307579022588103,0.5,-0.3720664043814149,0.0,0.125,0.2857182649906623,hex_cells__ql__plastic__intr0__struct0__alpha_async__baseline__s1__c43f6e2ae5,0.0227077292552217,-0.0007135570275777,0.25,False,0.5858773552936372,0.002,0.01,ql,0.62,hex_cells,30,70,0.9,0.4811370165984294,0.3,0,0.42,0.08,140,0.4240812331066628,0.3,10,1.3282897594959613,4.5562134325112e-18,0.2,plastic,calibration,,False,alpha_async,30,130,180,1,-1,1.0,0.6,0.6,60,0.0231178192249162,0,0,40,1.0,2,0,0.25,0.01,0.75,50.0,baseline,30.0,0.45,0.2,0.1,0.002,8.0
44,220,0.4287548813938968,0.5,-0.3653958186160406,0.0,0.125,0.3010827779707941,hex_cells__ql__plastic__intr0__struct0__alpha_async__lesion__s1__ef4c283abe,-0.0044930823735745,-0.0180743945281437,0.25,False,0.6013992215303824,0.002,0.01,ql,0.58,hex_cells,30,70,0.9,0.4725855129074611,0.3,0,0.42,0.08,140,0.3531494039520725,0.4,10,1.3134502599264368,3.959414622755259e-18,0.2,plastic,calibration,-0.0116618988216236,False,alpha_async,30,130,180,1,-1,1.0,0.6,0.6,60,0.02616103696394,0,0,40,1.0,2,0,0.25,0.01,0.75,50.0,lesion,30.0,0.45,0.2,0.1,0.002,8.0
44,220,0.4059510829480088,0.5,-0.2609675296737281,0.0,0.125,0.0,honeycomb__markov__plastic__intr0__struct0__alpha_async__baseline__s1__046cf3b7be,-0.0028777240108431,-0.0149286091899016,0.25,False,0.7473245562009134,0.002,0.01,markov,0.58,honeycomb,30,70,0.9,0.3421385560745188,0.3,0,0.42,0.08,140,0.3967948251507199,0.2,10,1.4850714596836925,2.2279576253408076e-18,0.2,plastic,calibration,,False,alpha_async,30,130,180,1,-1,1.0,0.6,0.6,60,0.0072819007626322,0,0,40,1.0,2,0,0.25,0.01,0.75,50.0,baseline,30.0,0.45,0.2,0.1,0.002,8.0
44,220,0.3963865342562251,0.5,-0.1864921632474641,0.0,0.125,0.0,honeycomb__markov__plastic__intr0__struct0__alpha_async__baseline__s2__b98af22fc9,0.01057115169627,0.0010439923905484,0.25,False,0.7073380250613821,0.002,0.01,markov,0.68,honeycomb,30,70,0.9,0.3488305480172057,0.3,0,0.42,0.08,140,0.3905687531846808,0.3,10,1.541998630570088,4.226415260561685e-18,0.2,plastic,calibration,,False,alpha_async,30,130,180,2,-1,1.0,0.6,0.6,60,0.0057085248143496,0,0,40,1.0,2,0,0.25,0.01,0.75,50.0,baseline,30.0,0.45,0.2,0.1,0.002,8.0
44,220,0.1253116592850043,0.5,0.5296873342896364,0.0,0.125,0.0,honeycomb__markov__plastic__intr0__struct0__alpha_async__lesion__s2__addf7025f0,0.32240709363785,0.2623150835707329,0.25,False,0.2322684373372008,0.002,0.01,markov,0.62,honeycomb,30,70,0.9,0.1080465232235617,0.3,0,0.42,0.08,140,0.1233469422085988,0.4,10,1.046303090923778,4.0722350336468755e-18,0.2,plastic,calibration,0.3127770761959804,False,alpha_async,30,130,180,2,-1,1.0,0.6,0.6,60,0.1516253306274484,0,0,40,1.0,2,0,0.25,0.01,0.75,50.0,lesion,30.0,0.45,0.2,0.1,0.002,8.0
44,220,0.3993056861701387,0.5,-0.2230079160150645,0.0,0.125,0.2771961978991433,honeycomb__ql__plastic__intr0__struct0__alpha_async__baseline__s2__e760e2616c,-0.0056881333566964,-0.0050506430212393,0.25,False,0.7304692543639865,0.002,0.01,ql,0.62,honeycomb,30,70,0.9,0.3429917372369901,0.3,0,0.42,0.08,140,0.3935909211333077,0.2,10,1.50347685258595,4.211359227445591e-18,0.2,plastic,calibration,,False,alpha_async,30,130,180,2,-1,1.0,0.6,0.6,60,0.0055338735194269,0,0,40,1.0,2,0,0.25,0.01,0.75,50.0,baseline,30.0,0.45,0.2,0.1,0.002,8.0
44,220,0.3015220383473894,0.5,0.1869741891894785,0.0,0.125,0.3954284966589524,honeycomb__ql__plastic__intr0__struct0__alpha_async__lesion__s2__0ced1cfc49,0.1134709919800442,0.1159620290301696,0.25,False,0.6527899606446387,0.002,0.01,ql,0.58,honeycomb,30,70,0.9,0.2228897144667865,0.3,0,0.42,0.08,140,0.255572490431424,0.3,10,1.5060917731852783,6.067680083733785e-18,0.2,plastic,calibration,0.0728463365010527,False,alpha_async,30,130,180,2,-1,1.0,0.6,0.6,60,0.1038585298000912,0,0,40,1.0,2,0,0.25,0.01,0.75,50.0,lesion,30.0,0.45,0.2,0.1,0.002,8.0
44,220,0.4529042708337976,0.5,-0.0246110622724587,0.0,0.125,0.0,extended_moore_r2__markov__plastic__intr0__struct0__alpha_async__baseline__s1__c7a93ae558,0.0014115694910273,0.01616272929177,0.25,False,0.8256085456392077,0.002,0.01,markov,0.68,extended_moore_r2,30,70,0.9,0.2655419465350681,0.3,0,0.42,0.08,140,0.4371802388761346,0.4,10,0.8755850426498197,5.0180456520630775e-18,0.2,plastic,calibration,,False,alpha_async,30,130,180,1,-1,1.0,0.6,0.6,60,0.0279402421480247,0,0,40,1.0,2,0,0.25,0.01,0.75,50.0,baseline,30.0,0.45,0.2,0.1,0.002,8.0
44,220,0.4096152745576376,0.5,0.0334882029400316,0.0,0.125,0.0,extended_moore_r2__markov__plastic__intr0__struct0__alpha_async__lesion__s1__a0bad5f494,0.0242169857848649,0.0066449667996851,0.25,False,0.7849508673854334,0.002,0.01,markov,0.68,extended_moore_r2,30,70,0.9,0.2504814241902727,0.3,0,0.42,0.08,140,0.3302560283290065,0.2,10,0.4291452544655099,4.596932117491307e-18,0.2,plastic,calibration,0.0270996946924521,False,alpha_async,30,130,180,1,-1,1.0,0.6,0.6,60,0.0082901455862726,0,0,40,1.0,2,0,0.25,0.01,0.75,50.0,lesion,30.0,0.45,0.2,0.1,0.002,8.0
44,220,0.419203481030279,0.5,-0.2703187273032118,0.0,0.125,0.1975032166637308,extended_moore_r2__ql__plastic__intr0__struct0__alpha_async__baseline__s1__11be56d13c,-0.0494121004739599,0.0122846057985765,0.25,False,0.7060810625388229,0.002,0.01,ql,0.62,extended_moore_r2,30,70,0.9,0.3752436662036638,0.3,0,0.42,0.08,140,0.4146710541097752,0.3,10,0.7080925279612913,4.906592486448577e-18,0.2,plastic,calibration,,False,alpha_async,30,130,180,1,-1,1.0,0.6,0.6,60,0.1030004573145694,0,0,40,0.9994189049586776,2,0,0.25,0.01,0.75,50.0,baseline,30.0,0.45,0.2,0.1,0.002,8.0
44,220,0.4199974059000299,0.5,-0.2832039978651363,0.0,0.125,0.2241274017987431,extended_moore_r2__ql__plastic__intr0__struct0__alpha_async__lesion__s1__e671463f25,-0.0023581515967933,-0.0055259040790614,0.25,False,0.6494734031027669,0.002,0.01,ql,0.58,extended_moore_r2,30,70,0.9,0.4161357603620041,0.3,0,0.42,0.08,140,0.3679240560309046,0.4,10,0.8076112928321217,5.232653271481428e-18,0.2,plastic,calibration,-0.0021810988081157,False,alpha_async,30,130,180,1,-1,1.0,0.6,0.6,60,0.2206652213993557,0,0,40,0.99956955922865,2,0,0.25,0.01,0.75,50.0,lesion,30.0,0.45,0.2,0.1,0.002,8.0
44,220,0.4608193547464804,0.5,-0.0800671711754477,0.0,0.125,0.0,extended_hex_r2__markov__plastic__intr0__struct0__alpha_async__baseline__s1__572bb73b1e,-0.02185204105136,-0.0121078207370523,0.25,False,0.918315600884698,0.002,0.01,markov,0.58,extended_hex_r2,30,70,0.9,0.1846997197794493,0.3,0,0.42,0.08,140,0.4389519901659642,0.2,10,0.6357680098121024,4.922748491677015e-18,0.2,plastic,calibration,,False,alpha_async,30,130,180,1,-1,1.0,0.6,0.6,60,0.010534124039059,0,0,40,1.0,2,0,0.25,0.01,0.75,50.0,baseline,30.0,0.45,0.2,0.1,0.002,8.0
44,220,0.4806752748923144,0.5,-0.0493436991086954,0.0,0.125,0.0,extended_hex_r2__markov__plastic__intr0__struct0__alpha_async__baseline__s2__698f942f01,0.0004494372287647,-0.0066215916857658,0.25,False,0.8418996465711845,0.002,0.01,markov,0.68,extended_hex_r2,30,70,0.9,0.2528567879172841,0.3,0,0.42,0.08,140,0.4419114814489761,0.3,10,0.7501903853483645,4.2368493692549726e-18,0.2,plastic,calibration,,False,alpha_async,30,130,180,2,-1,1.0,0.6,0.6,60,0.0052147036592995,0,0,40,1.0,2,0,0.25,0.01,0.75,50.0,baseline,30.0,0.45,0.2,0.1,0.002,8.0
44,220,0.4442873631128099,0.5,0.0659217832459573,0.0,0.125,0.0,extended_hex_r2__markov__plastic__intr0__struct0__alpha_async__lesion__s2__089d7d09ad,-0.0282236541095747,-0.014021617068354,0.25,False,0.8737044803542824,0.002,0.01,markov,0.62,extended_hex_r2,30,70,0.9,0.2021648860518091,0.3,0,0.42,0.08,140,0.339051361723114,0.4,10,0.822113313588366,4.2705193714415626e-18,0.2,plastic,calibration,-0.0185820092247954,False,alpha_async,30,130,180,2,-1,1.0,0.6,0.6,60,0.0154613647865168,0,0,40,1.0,2,0,0.25,0.01,0.75,50.0,lesion,30.0,0.45,0.2,0.1,0.002,8.0
44,220,0.444392791338298,0.5,-0.0141193939556303,0.0,0.125,0.1325458843954736,extended_hex_r2__ql__plastic__intr0__struct0__alpha_async__baseline__s2__851e8123a2,0.0074332125136422,-0.0049738586627987,0.25,False,0.8928676661774736,0.002,0.01,ql,0.62,extended_hex_r2,30,70,0.9,0.20255962767049,0.3,0,0.42,0.08,140,0.4404902639997408,0.2,10,0.6723234344775945,4.275513328119377e-18,0.2,plastic,calibration,,False,alpha_async,30,130,180,2,-1,1.0,0.6,0.6,60,0.0243499168616714,0,0,40,1.0,2,0,0.25,0.01,0.75,50.0,baseline,30.0,0.45,0.2,0.1,0.002,8.0
44,220,0.4632478544247606,0.5,-0.0851772933897644,0.0,0.125,0.1674539857321288,extended_hex_r2__ql__plastic__intr0__struct0__alpha_async__lesion__s2__504335b7dc,0.0074929791885983,-0.0010573449583065,0.25,False,0.9123849784510344,0.002,0.01,ql,0.58,extended_hex_r2,30,70,0.9,0.1920510234997068,0.3,0,0.42,0.08,140,0.3884490195219793,0.3,10,0.6707413495128549,4.194355936618388e-18,0.2,plastic,calibration,0.0085299288788995,False,alpha_async,30,130,180,2,-1,1.0,0.6,0.6,60,0.0116269679439403,0,0,40,1.0,2,0,0.25,0.01,0.75,50.0,lesion,30.0,0.45,0.2,0.1,0.002,8.0
44,220,0.4103816191822107,0.5,-0.365292385410816,0.0,0.125,0.0,square_moore__markov__plastic__intr0__struct0__alpha_async__baseline__s1__1bbda25854,0.0092502947331899,0.0021939262566869,0.25,False,0.5495603330148116,0.002,0.016,markov,0.58,square_moore,30,70,0.9,0.4824986456263007,0.3,0,0.42,0.08,140,0.4060689038791782,0.2,10,1.489511326370211,4.321465382411053e-18,0.2,plastic,calibration,,False,alpha_async,30,130,180,1,-1,1.0,0.6,0.6,60,0.0566227593424771,0,0,40,1.0,2,0,0.25,0.01,0.75,50.0,baseline,30.0,0.45,0.2,0.1,0.002,8.0
44,220,0.4127440701529683,0.5,-0.3607282951678641,0.0,0.125,0.0,square_moore__markov__plastic__intr0__struct0__alpha_async__baseline__s2__a210322659,-0.0011391417484842,0.0014107422283146,0.25,False,0.544188714582394,0.002,0.016,markov,0.68,square_moore,30,70,0.9,0.4855537098086966,0.3,0,0.42,0.08,140,0.406920558362619,0.3,10,1.501729605333605,3.9144171576153895e-18,0.2,plastic,calibration,,False,alpha_async,30,130,180,2,-1,1.0,0.6,0.6,60,0.0407272371164721,0,0,40,1.0,2,0,0.25,0.01,0.75,50.0,baseline,30.0,0.45,0.2,0.1,0.002,8.0
44,220,0.2739798844989839,0.5,0.0841864015565837,0.0,0.125,0.0,square_moore__markov__plastic__intr0__struct0__alpha_async__lesion__s2__3933684224,0.1019384256477011,0.0972091367628704,0.25,False,0.3631423888623711,0.002,0.016,markov,0.62,square_moore,30,70,0.9,0.3191271839977723,0.3,0,0.42,0.08,140,0.2153380689026584,0.4,10,1.505845998309122,8.670253826455713e-18,0.2,plastic,calibration,0.0600988752691681,False,alpha_async,30,130,180,2,-1,1.0,0.6,0.6,60,0.0554058114396143,0,0,40,1.0,2,0,0.25,0.01,0.75,50.0,lesion,30.0,0.45,0.2,0.1,0.002,8.0
44,220,0.4078855913919616,0.5,-0.3543509242761672,0.0,0.125,0.2886109430780675,square_moore__ql__plastic__intr0__struct0__alpha_async__baseline__s2__f8630115f1,0.007800524484206,0.0053466885996918,0.25,False,0.5897978584777518,0.002,0.016,ql,0.62,square_moore,30,70,0.9,0.4606408138271716,0.3,0,0.42,0.08,140,0.4033545235554302,0.2,10,1.467993406717837,5.8110815660502355e-18,0.2,plastic,calibration,,False,alpha_async,30,130,180,2,-1,1.0,0.6,0.6,60,0.0686552000224028,0,0,40,1.0,2,0,0.25,0.01,0.75,50.0,baseline,30.0,0.45,0.2,0.1,0.002,8.0
44,220,0.4012703072554609,0.5,-0.3256754437061052,0.0,0.125,0.3199605495623236,square_moore__ql__plastic__intr0__struct0__alpha_async__lesion__s2__4e5342df9a,0.0131617584150856,0.0048384269489432,0.25,False,0.5737058289899659,0.002,0.016,ql,0.58,square_moore,30,70,0.9,0.4552673130137949,0.3,0,0.42,0.08,140,0.3286002354882582,0.3,10,1.5189078083144834,5.599287236010784e-18,0.2,plastic,calibration,0.0020490087594201,False,alpha_async,30,130,180,2,-1,1.0,0.6,0.6,60,0.1876919018637072,0,0,40,1.0,2,0,0.25,0.01,0.75,50.0,lesion,30.0,0.45,0.2,0.1,0.002,8.0
44,220,0.4305768061393498,0.5,-0.3460456572842467,0.0,0.125,0.0,hex_cells__markov__plastic__intr0__struct0__alpha_async__baseline__s1__739275cbb4,0.0165150903147124,0.0130125107199328,0.25,False,0.5960680055012135,0.002,0.016,markov,0.68,hex_cells,30,70,0.9,0.4624721475670343,0.3,0,0.42,0.08,140,0.4240207870879872,0.4,10,1.2984787132817166,4.424459320800515e-18,0.2,plastic,calibration,,False,alpha_async,30,130,180,1,-1,1.0,0.6,0.6,60,0.0192040038379643,0,0,40,1.0,2,0,0.25,0.01,0.75,50.0,baseline,30.0,0.45,0.2,0.1,0.002,8.0
44,220,0.3662632252186701,0.5,-0.0745159999913687,0.0,0.125,0.0,hex_cells__markov__plastic__intr0__struct0__alpha_async__lesion__s1__0ab08d8ae9,0.0511024913832765,0.0521470093014722,0.25,False,0.5071843559034823,0.002,0.016,markov,0.68,hex_cells,30,70,0.9,0.3931358744427916,0.3,0,0.42,0.08,140,0.2801205205872198,0.2,10,1.5039695372312525,4.731703539231541e-18,0.2,plastic,calibration,0.0271888417190027,False,alpha_async,30,130,180,1,-1,1.0,0.6,0.6,60,0.0342763494976322,0,0,40,1.0,2,0,0.25,0.01,0.75,50.0,lesion,30.0,0.45,0.2,0.1,0.002,8.0
44,220,0.423090004584044,0.5,-0.3511049053168837,0.0,0.125,0.2772427152622803,hex_cells__ql__plastic__intr0__struct0__alpha_async__baseline__s1__001ec31755,0.000254455315899,0.0155019431185822,0.25,False,0.6062385525791996,0.002,0.016,ql,0.62,hex_cells,30,70,0.9,0.4606231138384557,0.3,0,0.42,0.08,140,0.4179067572122904,0.3,10,1.3113436817589958,4.3967141236487376e-18,0.2,plastic,calibration,,False,alpha_async,30,130,180,1,-1,1.0,0.6,0.6,60,0.0135884856236078,0,0,40,1.0,2,0,0.25,0.01,0.75,50.0,baseline,30.0,0.45,0.2,0.1,0.002,8.0
44,220,0.4232836885305526,0.5,-0.3609677437348195,0.0,0.125,0.3015624822030994,hex_cells__ql__plastic__intr0__struct0__alpha_async__lesion__s1__f2c59a7e3c,0.0026224927279598,-0.0030455975390497,0.25,False,0.6105259472941399,0.002,0.016,ql,0.58,hex_cells,30,70,0.9,0.4632877874207409,0.3,0,0.42,0.08,140,0.3490632711029084,0.4,10,1.3123754706026896,3.713715627675181e-18,0.2,plastic,calibration,-0.0092246462298615,False,alpha_async,30,130,180,1,-1,1.0,0.6,0.6,60,0.0359080294527088,0,0,40,1.0,2,0,0.25,0.01,0.75,50.0,lesion,30.0,0.45,0.2,0.1,0.002,8.0
44,220,0.403585769091154,0.5,-0.2538618523803416,0.0,0.125,0.0,honeycomb__markov__plastic__intr0__struct0__alpha_async__baseline__s1__4d908486b5,-0.0044033954118744,0.0043504673756607,0.25,False,0.7393690894886655,0.002,0.016,markov,0.58,honeycomb,30,70,0.9,0.3437593329037754,0.3,0,0.42,0.08,140,0.3995161608302841,0.2,10,1.5026154562006877,2.806418346277381e-18,0.2,plastic,calibration,,False,alpha_async,30,130,180,1,-1,1.0,0.6,0.6,60,0.0059220861120121,0,0,40,1.0,2,0,0.25,0.01,0.75,50.0,baseline,30.0,0.45,0.2,0.1,0.002,8.0
44,220,0.394274972423781,0.5,-0.1727464555944435,0.0,0.125,0.0,honeycomb__markov__plastic__intr0__struct0__alpha_async__baseline__s2__a8f9cd76b9,-0.0115272189032653,0.0012787758272148,0.25,False,0.7096885421458101,0.002,0.016,markov,0.68,honeycomb,30,70,0.9,0.3446229322763746,0.3,0,0.42,0.08,140,0.3893932581125766,0.3,10,1.5404937985941625,5.128693472496008e-18,0.2,plastic,calibration,,False,alpha_async,30,130,180,2,-1,1.0,0.6,0.6,60,0.0055878571433007,0,0,40,1.0,2,0,0.25,0.01,0.75,50.0,baseline,30.0,0.45,0.2,0.1,0.002,8.0
44,220,0.1149023973251218,0.5,0.5233851245706739,0.0,0.125,0.0,honeycomb__markov__plastic__intr0__struct0__alpha_async__lesion__s2__34a955d698,0.3299111353246914,0.2615558005231868,0.25,False,0.2157918433800037,0.002,0.016,markov,0.62,honeycomb,30,70,0.9,0.1014831710147718,0.3,0,0.42,0.08,140,0.1203606389710851,0.4,10,0.9907167239602568,3.841604130470308e-18,0.2,plastic,calibration,0.2999327261935704,False,alpha_async,30,130,180,2,-1,1.0,0.6,0.6,60,0.1579794914785981,0,0,40,1.0,2,0,0.25,0.01,0.75,50.0,lesion,30.0,0.45,0.2,0.1,0.002,8.0
44,220,0.4007346920274046,0.5,-0.2372014771979884,0.0,0.125,0.272123630393604,honeycomb__ql__plastic__intr0__struct0__alpha_async__baseline__s2__8a53005d66,0.0034693922689129,-0.0042839747512817,0.25,False,0.7383464797260086,0.002,0.016,ql,0.62,honeycomb,30,70,0.9,0.3412222907017794,0.3,0,0.42,0.08,140,0.3945247808081941,0.2,10,1.4895417431143905,4.7886136449985335e-18,0.2,plastic,calibration,,False,alpha_async,30,130,180,2,-1,1.0,0.6,0.6,60,0.0070462217043225,0,0,40,1.0,2,0,0.25,0.01,0.75,50.0,baseline,30.0,0.45,0.2,0.1,0.002,8.0
44,220,0.2888717013744335,0.5,0.1981976344472824,0.0,0.125,0.4057256160030759,honeycomb__ql__plastic__intr0__struct0__alpha_async__lesion__s2__9eed49f61e,0.1372705763748904,0.1145631222114154,0.25,False,0.6384936010446928,0.002,0.016,ql,0.58,honeycomb,30,70,0.9,0.2150244213548894,0.3,0,0.42,0.08,140,0.2505779717279911,0.3,10,1.491571878635782,4.644159217303229e-18,0.2,plastic,calibration,0.1083461468215628,False,alpha_async,30,130,180,2,-1,1.0,0.6,0.6,60,0.113258331679575,0,0,40,1.0,2,0,0.25,0.01,0.75,50.0,lesion,30.0,0.45,0.2,0.1,0.002,8.0
44,220,0.4458843050561817,0.5,-0.0124098240743033,0.0,0.125,0.0,extended_moore_r2__markov__plastic__intr0__struct0__alpha_async__baseline__s1__1daefedf93,-0.0077575094604857,0.0094613429250919,0.25,False,0.8288250305464707,0.002,0.016,markov,0.68,extended_moore_r2,30,70,0.9,0.259760360299931,0.3,0,0.42,0.08,140,0.4367709078381379,0.4,10,0.8190420602329568,4.540189014340244e-18,0.2,plastic,calibration,,False,alpha_async,30,130,180,1,-1,1.0,0.6,0.6,60,0.0288771179232726,0,0,40,0.9999784779614324,2,0,0.25,0.01,0.75,50.0,baseline,30.0,0.45,0.2,0.1,0.002,8.0
44,220,0.4043029549431561,0.5,0.0566887233202034,0.0,0.125,0.0,extended_moore_r2__markov__plastic__intr0__struct0__alpha_async__lesion__s1__b7355d0597,0.0307756241286039,0.0089091178610966,0.25,False,0.7744020371638094,0.002,0.016,markov,0.68,extended_moore_r2,30,70,0.9,0.2484535351027214,0.3,0,0.42,0.08,140,0.3237164885954448,0.2,10,0.4869711900895275,4.825187079084856e-18,0.2,plastic,calibration,0.0244326971701909,False,alpha_async,30,130,180,1,-1,1.0,0.6,0.6,60,0.0105484183975261,0,0,40,0.9996341253443526,2,0,0.25,0.01,0.75,50.0,lesion,30.0,0.45,0.2,0.1,0.002,8.0
44,220,0.4045714663831183,0.5,-0.2292697541260891,0.0,0.125,0.1817786496515332,extended_moore_r2__ql__plastic__intr0__struct0__alpha_async__baseline__s1__94c9a86798,0.0131247930428245,-0.0299420778118964,0.25,False,0.7572122168521995,0.002,0.016,ql,0.62,extended_moore_r2,30,70,0.9,0.32219087947335,0.3,0,0.42,0.08,140,0.4076135652001371,0.3,10,0.4907098742444377,3.456140834236076e-18,0.2,plastic,calibration,,False,alpha_async,30,130,180,1,-1,1.0,0.6,0.6,60,0.0753113690039779,0,0,40,0.9891528925619836,2,0,0.25,0.01,0.75,50.0,baseline,30.0,0.45,0.2,0.1,0.002,8.0
44,220,0.411174859066719,0.5,-0.2665156645365656,0.0,0.125,0.2152231863596418,extended_moore_r2__ql__plastic__intr0__struct0__alpha_async__lesion__s1__e62ce3fc09,-0.0092390741384934,-0.021706042128562,0.25,False,0.7281402654988668,0.002,0.016,ql,0.58,extended_moore_r2,30,70,0.9,0.3562940285532857,0.3,0,0.42,0.08,140,0.3608789097913323,0.4,10,0.6028517091942023,3.998208444523097e-18,0.2,plastic,calibration,-0.0140022069208508,False,alpha_async,30,130,180,1,-1,1.0,0.6,0.6,60,0.118436264667896,0,0,40,0.9928116391184572,2,0,0.25,0.01,0.75,50.0,lesion,30.0,0.45,0.2,0.1,0.002,8.0
44,220,0.4602706583781294,0.5,-0.0792753901768199,0.0,0.125,0.0,extended_hex_r2__markov__plastic__intr0__struct0__alpha_async__baseline__s1__d5c2e1d5f2,-0.0190199383562514,-0.0105104643408333,0.25,False,0.9180360989142344,0.002,0.016,markov,0.58,extended_hex_r2,30,70,0.9,0.1844542365963291,0.3,0,0.42,0.08,140,0.4381746266412777,0.2,10,0.632633456316514,3.7748063454679065e-18,0.2,plastic,calibration,,False,alpha_async,30,130,180,1,-1,1.0,0.6,0.6,60,0.0089431994417926,0,0,40,1.0,2,0,0.25,0.01,0.75,50.0,baseline,30.0,0.45,0.2,0.1,0.002,8.0
44,220,0.4791241533018727,0.5,-0.0479158666205296,0.0,0.125,0.0,extended_hex_r2__markov__plastic__intr0__struct0__alpha_async__baseline__s2__a0bd643118,-0.0018924388220754,-0.0052066998237221,0.25,False,0.8427698055668928,0.002,0.016,markov,0.68,extended_hex_r2,30,70,0.9,0.2520259087480281,0.3,0,0.42,0.08,140,0.4410111898167614,0.3,10,0.7536008348397294,4.542074926106023e-18,0.2,plastic,calibration,,False,alpha_async,30,130,180,2,-1,1.0,0.6,0.6,60,0.0054003346879343,0,0,40,1.0,2,0,0.25,0.01,0.75,50.0,baseline,30.0,0.45,0.2,0.1,0.002,8.0
44,220,0.4373438711889583,0.5,0.0970862582647068,0.0,0.125,0.0,extended_hex_r2__markov__plastic__intr0__struct0__alpha_async__lesion__s2__a54e309552,-0.0285878139262303,-0.0191868947004208,0.25,False,0.8659857116027054,0.002,0.016,markov,0.62,extended_hex_r2,30,70,0.9,0.2008815642705227,0.3,0,0.42,0.08,140,0.3357240621168735,0.4,10,0.8359819288968282,4.941892114922036e-18,0.2,plastic,calibration,0.0164258651089012,False,alpha_async,30,130,180,2,-1,1.0,0.6,0.6,60,0.0295688807471651,0,0,40,0.9999426078971534,2,0,0.25,0.01,0.75,50.0,lesion,30.0,0.45,0.2,0.1,0.002,8.0
44,220,0.452627260193707,0.5,-0.0105116416912516,0.0,0.125,0.1306316865849243,extended_hex_r2__ql__plastic__intr0__struct0__alpha_async__baseline__s2__df9d4f5b0a,-0.0284371939435692,-0.0223115792397375,0.25,False,0.8958161507745046,0.002,0.016,ql,0.62,extended_hex_r2,30,70,0.9,0.2015045188090247,0.3,0,0.42,0.08,140,0.4389967765961625,0.2,10,0.7361856011084759,4.375398178124553e-18,0.2,plastic,calibration,,False,alpha_async,30,130,180,2,-1,1.0,0.6,0.6,60,0.0231277816973423,0,0,40,1.0,2,0,0.25,0.01,0.75,50.0,baseline,30.0,0.45,0.2,0.1,0.002,8.0
44,220,0.4611878388321037,0.5,-0.0873351854129016,0.0,0.125,0.1688790349604505,extended_hex_r2__ql__plastic__intr0__struct0__alpha_async__lesion__s2__02e6cae22e,0.0029495229932315,-0.0060214237307661,0.25,False,0.9122171759862852,0.002,0.016,ql,0.58,extended_hex_r2,30,70,0.9,0.1916914963065092,0.3,0,0.42,0.08,140,0.3870966644924147,0.3,10,0.6510334552252076,4.0898097783369236e-18,0.2,plastic,calibration,0.0098129457939612,False,alpha_async,30,130,180,2,-1,1.0,0.6,0.6,60,0.0125585206156961,0,0,40,1.0,2,0,0.25,0.01,0.75,50.0,lesion,30.0,0.45,0.2,0.1,0.002,8.0
44,220,0.4190304238393961,0.5,-0.3934951941010111,0.0,0.125,0.0,square_moore__markov__plastic__intr0__struct0__alpha_async__baseline__s1__fa1343a97e,0.0028566865176677,0.014069910196585,0.25,False,0.4830956859331825,0.002,0.006,markov,0.58,square_moore,30,70,0.9,0.522912465312827,0.3,0,0.42,0.08,140,0.4117515120457324,0.3,10,1.5473379026496537,4.6241708420102404e-18,0.2,plastic,calibration,,False,alpha_async,30,130,180,1,-1,1.0,0.6,0.6,60,0.1114974590078543,0,0,40,1.0,2,0,0.25,0.01,0.75,50.0,baseline,30.0,0.45,0.2,0.1,0.002,8.0
44,220,0.4176774208141885,0.5,-0.3724308350933536,0.0,0.125,0.0,square_moore__markov__plastic__intr0__struct0__alpha_async__baseline__s2__23fad26a83,0.0020873845457857,0.0059845733325399,0.25,False,0.5160876760519099,0.002,0.006,markov,0.68,square_moore,30,70,0.9,0.4981482120991323,0.3,0,0.42,0.08,140,0.4108863646608552,0.4,10,1.534546533069148,4.377785122031735e-18,0.2,plastic,calibration,,False,alpha_async,30,130,180,2,-1,1.0,0.6,0.6,60,0.4090492148985051,0,0,40,1.0,2,0,0.25,0.01,0.75,50.0,baseline,30.0,0.45,0.2,0.1,0.002,8.0
44,220,0.3238689473991018,0.5,0.0414102463634541,0.0,0.125,0.0,square_moore__markov__plastic__intr0__struct0__alpha_async__lesion__s2__66f826ca48,0.0917296773350446,0.0723142545892174,0.25,False,0.4716935651042376,0.002,0.006,markov,0.68,square_moore,30,70,0.9,0.3434439304643272,0.3,0,0.42,0.08,140,0.2478530109608825,0.2,10,1.5482608593675915,7.019079656740531e-18,0.2,plastic,calibration,0.057190880491479,False,alpha_async,30,130,180,2,-1,1.0,0.6,0.6,60,0.0996391878376224,0,0,40,1.0,2,0,0.25,0.01,0.75,50.0,lesion,30.0,0.45,0.2,0.1,0.002,8.0
44,220,0.4176605634236025,0.5,-0.373268067267981,0.0,0.125,0.3048302566827118,square_moore__ql__plastic__intr0__struct0__alpha_async__baseline__s2__530f0c5c56,-0.0080142173539875,0.0013734461002974,0.25,False,0.526151085162036,0.002,0.006,ql,0.62,square_moore,30,70,0.9,0.5008450597170652,0.3,0,0.42,0.08,140,0.4116859803932803,0.3,10,1.502706476971828,4.8619991583686975e-18,0.2,plastic,calibration,,False,alpha_async,30,130,180,2,-1,1.0,0.6,0.6,60,0.1740437898603007,0,0,40,1.0,2,0,0.25,0.01,0.75,50.0,baseline,30.0,0.45,0.2,0.1,0.002,8.0
44,220,0.398733618204718,0.5,-0.2823944204452329,0.0,0.125,0.3326543893460278,square_moore__ql__plastic__intr0__struct0__alpha_async__lesion__s2__4efa5e635e,0.0287060853716768,0.0171889894858976,0.25,False,0.6085718793603712,0.002,0.006,ql,0.58,square_moore,30,70,0.9,0.4249527161316639,0.3,0,0.42,0.08,140,0.3278826215629865,0.4,10,1.4556438964246856,7.073796374226551e-18,0.2,plastic,calibration,0.0164551586076821,False,alpha_async,30,130,180,2,-1,1.0,0.6,0.6,60,0.0426353552585031,0,0,40,1.0,2,0,0.25,0.01,0.75,50.0,lesion,30.0,0.45,0.2,0.1,0.002,8.0
44,220,0.4325732247921502,0.5,-0.3960874655701697,0.0,0.125,0.0,hex_cells__markov__plastic__intr0__struct0__alpha_async__baseline__s2__c4e8799a80,-0.0161913442524095,-0.0012661144143494,0.25,False,0.5432447353253176,0.002,0.006,markov,0.58,hex_cells,30,70,0.9,0.5076782131774767,0.3,0,0.42,0.08,140,0.428490835169434,0.2,10,1.375853402696824,2.9279872117942783e-18,0.2,plastic,calibration,,False,alpha_async,30,130,180,2,-1,1.0,0.6,0.6,60,0.0332233699523363,0,0,40,1.0,2,0,0.25,0.01,0.75,50.0,baseline,30.0,0.45,0.2,0.1,0.002,8.0
44,220,0.385379538032324,0.5,-0.1309645388221427,0.0,0.125,0.0,hex_cells__markov__plastic__intr0__struct0__alpha_async__lesion__s1__5da83809b7,0.0406699951779156,0.0398348092299512,0.25,False,0.4872785987740953,0.002,0.006,markov,0.68,hex_cells,30,70,0.9,0.429546685264732,0.3,0,0.42,0.08,140,0.2939605411515005,0.3,10,1.5178225822203006,3.4154704039872244e-18,0.2,plastic,calibration,-0.0043070072486598,False,alpha_async,30,130,180,1,-1,1.0,0.6,0.6,60,0.0396673876315312,0,0,40,1.0,2,0,0.25,0.01,0.75,50.0,lesion,30.0,0.45,0.2,0.1,0.002,8.0
44,220,0.4295390752932606,0.5,-0.3803889072395383,0.0,0.125,0.2814741291343732,hex_cells__ql__plastic__intr0__struct0__alpha_async__baseline__s1__0e360f36ec,-0.0163706335391113,-1.9744644541748457e-06,0.25,False,0.5810958175105457,0.002,0.006,ql,0.62,hex_cells,30,70,0.9,0.4893493828610654,0.3,0,0.42,0.08,140,0.4262245932608313,0.4,10,1.3510231498252638,3.3574647815106293e-18,0.2,plastic,calibration,,False,alpha_async,30,130,180,1,-1,1.0,0.6,0.6,60,0.0239970347274411,0,0,40,1.0,2,0,0.25,0.01,0.75,50.0,baseline,30.0,0.45,0.2,0.1,0.002,8.0
44,220,0.4406026311438482,0.5,-0.384206151076104,0.0,0.125,0.2977555670242628,hex_cells__ql__plastic__intr0__struct0__alpha_async__lesion__s1__51184407f3,0.0065080498899343,-0.0119890077629709,0.25,False,0.5918344172817174,0.002,0.006,ql,0.62,hex_cells,30,70,0.9,0.4898981235496883,0.3,0,0.42,0.08,140,0.3657474289244545,0.2,10,1.2788231303737652,4.327609664256354e-18,0.2,plastic,calibration,0.0144347484080267,False,alpha_async,30,130,180,1,-1,1.0,0.6,0.6,60,0.0352046215595075,0,0,40,1.0,2,0,0.25,0.01,0.75,50.0,lesion,30.0,0.45,0.2,0.1,0.002,8.0
44,220,0.4073681290355129,0.5,-0.2478705204391787,0.0,0.125,0.0,honeycomb__markov__plastic__intr0__struct0__alpha_async__baseline__s1__6b2e4ab586,0.0160782041902685,0.0093581958322699,0.25,False,0.7497406901865824,0.002,0.006,markov,0.58,honeycomb,30,70,0.9,0.3377453653539409,0.3,0,0.42,0.08,140,0.3973644157207971,0.3,10,1.4854475367293958,3.1376050080970845e-18,0.2,plastic,calibration,,False,alpha_async,30,130,180,1,-1,1.0,0.6,0.6,60,0.0059503222763302,0,0,40,1.0,2,0,0.25,0.01,0.75,50.0,baseline,30.0,0.45,0.2,0.1,0.002,8.0
44,220,0.3945580353935862,0.5,-0.1736148705215406,0.0,0.125,0.0,honeycomb__markov__plastic__intr0__struct0__alpha_async__baseline__s2__6fef42cd6c,0.0031735145934654,-0.0084607537796613,0.25,False,0.7095208487741277,0.002,0.006,markov,0.68,honeycomb,30,70,0.9,0.344328042627425,0.3,0,0.42,0.08,140,0.389691015051861,0.4,10,1.522139894329857,4.020674986660806e-18,0.2,plastic,calibration,,False,alpha_async,30,130,180,2,-1,1.0,0.6,0.6,60,0.0054490880379311,0,0,40,1.0,2,0,0.25,0.01,0.75,50.0,baseline,30.0,0.45,0.2,0.1,0.002,8.0
44,220,0.1130627824392566,0.5,0.5266861781914954,0.0,0.125,0.0,honeycomb__markov__plastic__intr0__struct0__alpha_async__lesion__s2__1a1e9e53c5,0.3378261537902043,0.2732087482213795,0.25,False,0.2070618403123002,0.002,0.006,markov,0.68,honeycomb,30,70,0.9,0.1007543012411737,0.3,0,0.42,0.08,140,0.1170782222306747,0.2,10,0.9769779382755742,4.178108146546377e-18,0.2,plastic,calibration,0.3079965080635453,False,alpha_async,30,130,180,2,-1,1.0,0.6,0.6,60,0.1348431708173535,0,0,40,1.0,2,0,0.25,0.01,0.75,50.0,lesion,30.0,0.45,0.2,0.1,0.002,8.0
44,220,0.3996037309706335,0.5,-0.2259353385193176,0.0,0.125,0.2712435186431389,honeycomb__ql__plastic__intr0__struct0__alpha_async__baseline__s2__b663ddd3f9,0.0113183159571686,0.0002508353956052,0.25,False,0.7329835354467201,0.002,0.006,ql,0.62,honeycomb,30,70,0.9,0.3427703974656345,0.3,0,0.42,0.08,140,0.3926902176194071,0.3,10,1.4936116984577354,5.0666485162819164e-18,0.2,plastic,calibration,,False,alpha_async,30,130,180,2,-1,1.0,0.6,0.6,60,0.0062401324088671,0,0,40,1.0,2,0,0.25,0.01,0.75,50.0,baseline,30.0,0.45,0.2,0.1,0.002,8.0
44,220,0.2836083409711881,0.5,0.2163516742404655,0.0,0.125,0.4054399260404598,honeycomb__ql__plastic__intr0__struct0__alpha_async__lesion__s2__6f38066907,0.1270264621772386,0.1034827823504178,0.25,False,0.6353711420826551,0.002,0.006,ql,0.58,honeycomb,30,70,0.9,0.2082420128897569,0.3,0,0.42,0.08,140,0.2466202213779726,0.4,10,1.467572255155682,4.165272357321176e-18,0.2,plastic,calibration,0.0918136188362205,False,alpha_async,30,130,180,2,-1,1.0,0.6,0.6,60,0.1230248981349828,0,0,40,1.0,2,0,0.25,0.01,0.75,50.0,lesion,30.0,0.45,0.2,0.1,0.002,8.0
44,220,0.4289874810291854,0.5,-0.275080710633801,0.0,0.125,0.0,extended_moore_r2__markov__plastic__intr0__struct0__alpha_async__baseline__s2__63b8a0849b,0.0177767367744907,0.0071291249093235,0.25,False,0.6688739420381717,0.002,0.006,markov,0.58,extended_moore_r2,30,70,0.9,0.400603935718503,0.3,0,0.42,0.08,140,0.4247960990459084,0.2,10,0.794230395366628,3.2042216039401466e-18,0.2,plastic,calibration,,False,alpha_async,30,130,180,2,-1,1.0,0.6,0.6,60,0.1110822298142997,0,0,40,1.0,2,0,0.25,0.01,0.75,50.0,baseline,30.0,0.45,0.2,0.1,0.002,8.0
44,220,0.4091278812475426,0.5,0.0354058732950917,0.0,0.125,0.0,extended_moore_r2__markov__plastic__intr0__struct0__alpha_async__lesion__s1__0420d3fefb,0.0242709983467495,0.0080017288432743,0.25,False,0.7825342671936582,0.002,0.006,markov,0.68,extended_moore_r2,30,70,0.9,0.2513319071246719,0.3,0,0.42,0.08,140,0.3303729353615087,0.3,10,0.4318596730088082,4.9214020525891615e-18,0.2,plastic,calibration,0.0266533000982336,False,alpha_async,30,130,180,1,-1,1.0,0.6,0.6,60,0.0084637469675241,0,0,40,1.0,2,0,0.25,0.01,0.75,50.0,lesion,30.0,0.45,0.2,0.1,0.002,8.0
44,220,0.4218140461018463,0.5,-0.2828085905082996,0.0,0.125,0.219201779503403,extended_moore_r2__ql__plastic__intr0__struct0__alpha_async__baseline__s1__95af6b9a99,0.0222029059673602,-0.003769368733137,0.25,False,0.6007813016056284,0.002,0.006,ql,0.62,extended_moore_r2,30,70,0.9,0.438916929859194,0.3,0,0.42,0.08,140,0.4192247987640012,0.4,10,0.8489683428760807,7.504558125284465e-18,0.2,plastic,calibration,,False,alpha_async,30,130,180,1,-1,1.0,0.6,0.6,60,0.2215089004862657,0,0,40,1.0,2,0,0.25,0.01,0.75,50.0,baseline,30.0,0.45,0.2,0.1,0.002,8.0
44,220,0.4251684888797696,0.5,-0.281319325122572,0.0,0.125,0.2230073477797527,extended_moore_r2__ql__plastic__intr0__struct0__alpha_async__lesion__s1__325fd338c4,0.0100036407799802,-0.0084222020134181,0.25,False,0.6373548933650782,0.002,0.006,ql,0.62,extended_moore_r2,30,70,0.9,0.4196524589703873,0.3,0,0.42,0.08,140,0.3791759839707141,0.2,10,0.8251945015230365,6.077890763871732e-18,0.2,plastic,calibration,-0.0056027157920798,False,alpha_async,30,130,180,1,-1,1.0,0.6,0.6,60,0.276983213939081,0,0,40,1.0,2,0,0.25,0.01,0.75,50.0,lesion,30.0,0.45,0.2,0.1,0.002,8.0
44,220,0.4602251911833255,0.5,-0.0817333885947915,0.0,0.125,0.0,extended_hex_r2__markov__plastic__intr0__struct0__alpha_async__baseline__s1__0188cdcc5b,-0.0219508875346029,-0.0146010991124926,0.25,False,0.9176612830212264,0.002,0.006,markov,0.58,extended_hex_r2,30,70,0.9,0.1856565257527715,0.3,0,0.42,0.08,140,0.4392390317686704,0.3,10,0.6339476908288733,4.0152292961596566e-18,0.2,plastic,calibration,,False,alpha_async,30,130,180,1,-1,1.0,0.6,0.6,60,0.0117881739705413,0,0,40,1.0,2,0,0.25,0.01,0.75,50.0,baseline,30.0,0.45,0.2,0.1,0.002,8.0
44,220,0.481366679121171,0.5,-0.0499160032221027,0.0,0.125,0.0,extended_hex_r2__markov__plastic__intr0__struct0__alpha_async__baseline__s2__b3f8f8808f,0.0011291727901659,-0.0066550157685715,0.25,False,0.8411532310296949,0.002,0.006,markov,0.68,extended_hex_r2,30,70,0.9,0.2535873805510437,0.3,0,0.42,0.08,140,0.4422676994923887,0.4,10,0.7467463479957863,4.000324830293033e-18,0.2,plastic,calibration,,False,alpha_async,30,130,180,2,-1,1.0,0.6,0.6,60,0.0052332153989363,0,0,40,1.0,2,0,0.25,0.01,0.75,50.0,baseline,30.0,0.45,0.2,0.1,0.002,8.0
44,220,0.4335425688478519,0.5,0.0071302893477047,0.0,0.125,0.0,extended_hex_r2__markov__plastic__intr0__struct0__alpha_async__lesion__s2__b1082a702c,-0.0365133010120772,-0.0129950291973138,0.25,False,0.8406188925841085,0.002,0.006,markov,0.68,extended_hex_r2,30,70,0.9,0.238763561472682,0.3,0,0.42,0.08,140,0.3566350156803354,0.2,10,0.6608629401089929,3.677838354353749e-18,0.2,plastic,calibration,-0.0640164648970773,False,alpha_async,30,130,180,2,-1,1.0,0.6,0.6,60,0.008977565050242,0,0,40,1.0,2,0,0.25,0.01,0.75,50.0,lesion,30.0,0.45,0.2,0.1,0.002,8.0
44,220,0.4445663400671379,0.5,-0.0163963350389872,0.0,0.125,0.1333343499152132,extended_hex_r2__ql__plastic__intr0__struct0__alpha_async__baseline__s2__20368fedd8,0.0044240324790026,-0.0084107152671169,0.25,False,0.8913922998541732,0.002,0.006,ql,0.62,extended_hex_r2,30,70,0.9,0.2044745141601517,0.3,0,0.42,0.08,140,0.4408809372864997,0.3,10,0.6788056094844235,4.853592982608927e-18,0.2,plastic,calibration,,False,alpha_async,30,130,180,2,-1,1.0,0.6,0.6,60,0.0240004909168491,0,0,40,1.0,2,0,0.25,0.01,0.75,50.0,baseline,30.0,0.45,0.2,0.1,0.002,8.0
44,220,0.4518891242337183,0.5,-0.0684402521631542,0.0,0.125,0.1723416019072144,extended_hex_r2__ql__plastic__intr0__struct0__alpha_async__lesion__s2__2e7018319a,-0.0013793039165062,-0.0105989100937063,0.25,False,0.9205789706162985,0.002,0.006,ql,0.58,extended_hex_r2,30,70,0.9,0.179381047681399,0.3,0,0.42,0.08,140,0.3883518482498604,0.4,10,0.5831565118191806,4.1806307404109396e-18,0.2,plastic,calibration,-0.0317844477291264,False,alpha_async,30,130,180,2,-1,1.0,0.6,0.6,60,0.0161477327720035,0,0,40,1.0,2,0,0.25,0.01,0.75,50.0,lesion,30.0,0.45,0.2,0.1,0.002,8.0
44,220,0.4109414400995383,0.5,-0.3966863711150614,0.0,0.125,0.0,square_moore__markov__plastic__intr0__struct0__alpha_async__baseline__s1__40bdb1389a,0.0065263600877309,0.0045332673101423,0.25,False,0.4970434082873943,0.002,0.01,markov,0.58,square_moore,30,70,0.9,0.5146935053714881,0.3,0,0.42,0.08,140,0.4078266816877129,0.3,10,1.5606212168161524,5.3501279504436986e-18,0.2,plastic,calibration,,False,alpha_async,30,130,180,1,-1,1.0,0.6,0.6,60,0.0606221382615718,0,0,40,1.0,2,0,0.25,0.01,0.75,50.0,baseline,30.0,0.45,0.2,0.1,0.002,8.0
44,220,0.4126851027685251,0.5,-0.402322097949801,0.0,0.125,0.0,square_moore__markov__plastic__intr0__struct0__alpha_async__baseline__s2__1dd6397892,0.002960769786654,-0.0009899882484326,0.25,False,0.4731337577380738,0.002,0.01,markov,0.68,square_moore,30,70,0.9,0.528843040014063,0.3,0,0.42,0.08,140,0.4095946035609021,0.4,10,1.5644512654149367,4.935928380979781e-18,0.2,plastic,calibration,,False,alpha_async,30,130,180,2,-1,1.0,0.6,0.6,60,0.1294350205860282,0,0,40,1.0,2,0,0.25,0.01,0.75,50.0,baseline,30.0,0.45,0.2,0.1,0.002,8.0
44,220,0.3209009734772713,0.5,0.0062136945211331,0.0,0.125,0.0,square_moore__markov__plastic__intr0__struct0__alpha_async__lesion__s2__d18b842f9e,0.0778368275983911,0.068563286569927,0.25,False,0.431833862132455,0.002,0.01,markov,0.68,square_moore,30,70,0.9,0.3601099865198894,0.3,0,0.42,0.08,140,0.2484825380583112,0.2,10,1.560345982058831,5.857089823854848e-18,0.2,plastic,calibration,0.0534138626013387,False,alpha_async,30,130,180,2,-1,1.0,0.6,0.6,60,0.0739310934734084,0,0,40,1.0,2,0,0.25,0.01,0.75,50.0,lesion,30.0,0.45,0.2,0.1,0.002,8.0
44,220,0.4104311871292438,0.5,-0.4001879917950387,0.0,0.125,0.2973044815666516,square_moore__ql__plastic__intr0__struct0__alpha_async__baseline__s2__71ddeb8785,-0.0026904931873294,0.0036580591255672,0.25,False,0.5165507884188982,0.002,0.01,ql,0.62,square_moore,30,70,0.9,0.5146949856440528,0.3,0,0.42,0.08,140,0.4087668051617619,0.3,10,1.5496700434705737,4.519107760019016e-18,0.2,plastic,calibration,,False,alpha_async,30,130,180,2,-1,1.0,0.6,0.6,60,0.1521486719385404,0,0,40,1.0,2,0,0.25,0.01,0.75,50.0,baseline,30.0,0.45,0.2,0.1,0.002,8.0
44,220,0.4025881366993098,0.5,-0.2956792791537252,0.0,0.125,0.325472942805508,square_moore__ql__plastic__intr0__struct0__alpha_async__lesion__s2__e3b72b73be,0.0138476075350685,0.0085088039695855,0.25,False,0.6015824561030657,0.002,0.01,ql,0.58,square_moore,30,70,0.9,0.4335148709402283,0.3,0,0.42,0.08,140,0.3280934196376784,0.4,10,1.4647582133724757,5.564634156243423e-18,0.2,plastic,calibration,0.0017458601098238,False,alpha_async,30,130,180,2,-1,1.0,0.6,0.6,60,0.0378759490617142,0,0,40,1.0,2,0,0.25,0.01,0.75,50.0,lesion,30.0,0.45,0.2,0.1,0.002,8.0
44,220,0.4307722236993835,0.5,-0.3744659854349245,0.0,0.125,0.0,hex_cells__markov__plastic__intr0__struct0__alpha_async__baseline__s2__5f6702aab6,0.0025927685118057,-0.0023692628257886,0.25,False,0.5397897984400846,0.002,0.01,markov,0.58,hex_cells,30,70,0.9,0.4995966224019086,0.3,0,0.42,0.08,140,0.4244534780176079,0.2,10,1.3641177176229933,4.3011100754733156e-18,0.2,plastic,calibration,,False,alpha_async,30,130,180,2,-1,1.0,0.6,0.6,60,0.013195093469609,0,0,40,1.0,2,0,0.25,0.01,0.75,50.0,baseline,30.0,0.45,0.2,0.1,0.002,8.0
44,220,0.3731612966217886,0.5,-0.0918099619765993,0.0,0.125,0.0,hex_cells__markov__plastic__intr0__struct0__alpha_async__lesion__s1__3d71ca99e6,0.0395782874843414,0.0438889561186721,0.25,False,0.5005789332177335,0.002,0.01,markov,0.68,hex_cells,30,70,0.9,0.405347956093633,0.3,0,0.42,0.08,140,0.2853136315857066,0.3,10,1.511873135105874,4.6315065993284474e-18,0.2,plastic,calibration,0.0213916033038487,False,alpha_async,30,130,180,1,-1,1.0,0.6,0.6,60,0.0318597651744528,0,0,40,1.0,2,0,0.25,0.01,0.75,50.0,lesion,30.0,0.45,0.2,0.1,0.002,8.0
44,220,0.4241413796696819,0.5,-0.3707007864299741,0.0,0.125,0.2802384583429013,hex_cells__ql__plastic__intr0__struct0__alpha_async__baseline__s1__1e30a07e32,0.006827329425825,0.0136997619684069,0.25,False,0.5847187295738232,0.002,0.01,ql,0.62,hex_cells,30,70,0.9,0.4798957229124334,0.3,0,0.42,0.08,140,0.4207322550838437,0.4,10,1.3524393385800186,5.5354547914494895e-18,0.2,plastic,calibration,,False,alpha_async,30,130,180,1,-1,1.0,0.6,0.6,60,0.0310929266584569,0,0,40,1.0,2,0,0.25,0.01,0.75,50.0,baseline,30.0,0.45,0.2,0.1,0.002,8.0
44,220,0.4337299217916094,0.5,-0.3799645835813334,0.0,0.125,0.2932416539051009,hex_cells__ql__plastic__intr0__struct0__alpha_async__lesion__s1__b37d521e6d,-0.0188600398642563,-0.0088336795043144,0.25,False,0.5989436216290422,0.002,0.01,ql,0.62,hex_cells,30,70,0.9,0.480636690092234,0.3,0,0.42,0.08,140,0.3634858971245965,0.2,10,1.2966227815235616,3.87780350887559e-18,0.2,plastic,calibration,-0.0260149852263289,False,alpha_async,30,130,180,1,-1,1.0,0.6,0.6,60,0.0268212105391883,0,0,40,1.0,2,0,0.25,0.01,0.75,50.0,lesion,30.0,0.45,0.2,0.1,0.002,8.0
44,220,0.4052324099014679,0.5,-0.2665674190128683,0.0,0.125,0.0,honeycomb__markov__plastic__intr0__struct0__alpha_async__baseline__s1__a2a11bb035,-0.0004798112371219,-0.0009904188745452,0.25,False,0.7426678571954706,0.002,0.01,markov,0.58,honeycomb,30,70,0.9,0.3456421859614484,0.3,0,0.42,0.08,140,0.3983959647970626,0.3,10,1.5054572571461344,3.4537090954292693e-18,0.2,plastic,calibration,,False,alpha_async,30,130,180,1,-1,1.0,0.6,0.6,60,0.0063797057273524,0,0,40,1.0,2,0,0.25,0.01,0.75,50.0,baseline,30.0,0.45,0.2,0.1,0.002,8.0
44,220,0.4015350668456206,0.5,-0.1928323558344395,0.0,0.125,0.0,honeycomb__markov__plastic__intr0__struct0__alpha_async__baseline__s2__53c15da1dd,-0.0062880595808631,-0.0006050120225574,0.25,False,0.7139967902041426,0.002,0.01,markov,0.68,honeycomb,30,70,0.9,0.3486827801891488,0.3,0,0.42,0.08,140,0.3905228964278216,0.4,10,1.5301632170429662,4.4452928867645346e-18,0.2,plastic,calibration,,False,alpha_async,30,130,180,2,-1,1.0,0.6,0.6,60,0.0048176570656241,0,0,40,1.0,2,0,0.25,0.01,0.75,50.0,baseline,30.0,0.45,0.2,0.1,0.002,8.0
44,220,0.1052769509010768,0.5,0.5277673337643938,0.0,0.125,0.0,honeycomb__markov__plastic__intr0__struct0__alpha_async__lesion__s2__cf7187c970,0.3512488552261472,0.2834271718700899,0.25,False,0.1930757034947409,0.002,0.01,markov,0.68,honeycomb,30,70,0.9,0.0945880470234751,0.3,0,0.42,0.08,140,0.1125537260062491,0.2,10,0.932976277236876,4.635580410414148e-18,0.2,plastic,calibration,0.340997176574299,False,alpha_async,30,130,180,2,-1,1.0,0.6,0.6,60,0.1431160891214518,0,0,40,1.0,2,0,0.25,0.01,0.75,50.0,lesion,30.0,0.45,0.2,0.1,0.002,8.0
44,220,0.3929958022819871,0.5,-0.2147278374238491,0.0,0.125,0.2757201102243085,honeycomb__ql__plastic__intr0__struct0__alpha_async__baseline__s2__61aae91357,0.0033612650020146,0.0093899573294845,0.25,False,0.7306392782956519,0.002,0.01,ql,0.62,honeycomb,30,70,0.9,0.3389729938466722,0.3,0,0.42,0.08,140,0.3923213806497268,0.3,10,1.4764124250470352,1.890487322593333e-18,0.2,plastic,calibration,,False,alpha_async,30,130,180,2,-1,1.0,0.6,0.6,60,0.0049923070287993,0,0,40,1.0,2,0,0.25,0.01,0.75,50.0,baseline,30.0,0.45,0.2,0.1,0.002,8.0
44,220,0.297940694983437,0.5,0.1548669887932096,0.0,0.125,0.3908641288567693,honeycomb__ql__plastic__intr0__struct0__alpha_async__lesion__s2__94a87dfa5a,0.1184235995398316,0.0945046450162752,0.25,False,0.6467960878234049,0.002,0.01,ql,0.58,honeycomb,30,70,0.9,0.2298829203780005,0.3,0,0.42,0.08,140,0.2578771886249461,0.4,10,1.5018159351160865,2.404289380294399e-18,0.2,plastic,calibration,0.0792162504003491,False,alpha_async,30,130,180,2,-1,1.0,0.6,0.6,60,0.0930439095203128,0,0,40,1.0,2,0,0.25,0.01,0.75,50.0,lesion,30.0,0.45,0.2,0.1,0.002,8.0
44,220,0.4222126738854395,0.5,-0.2698257842411471,0.0,0.125,0.0,extended_moore_r2__markov__plastic__intr0__struct0__alpha_async__baseline__s2__1751b6f0e0,-0.0210603384168641,0.0038510079753176,0.25,False,0.7487050324989223,0.002,0.01,markov,0.58,extended_moore_r2,30,70,0.9,0.3430135174414996,0.3,0,0.42,0.08,140,0.417838781915914,0.2,10,0.6460362961642445,5.312173292457014e-18,0.2,plastic,calibration,,False,alpha_async,30,130,180,2,-1,1.0,0.6,0.6,60,0.1299045031713319,0,0,40,0.999956955922865,2,0,0.25,0.01,0.75,50.0,baseline,30.0,0.45,0.2,0.1,0.002,8.0
44,220,0.4058239632646614,0.5,0.0524639045940047,0.0,0.125,0.0,extended_moore_r2__markov__plastic__intr0__struct0__alpha_async__lesion__s1__8100d0cfa7,0.0280151146628,0.0107181138375231,0.25,False,0.7760642298946482,0.002,0.01,markov,0.68,extended_moore_r2,30,70,0.9,0.2493841790463861,0.3,0,0.42,0.08,140,0.3258281450518581,0.3,10,0.4760479168002739,4.690168103101699e-18,0.2,plastic,calibration,0.0287172349481925,False,alpha_async,30,130,180,1,-1,1.0,0.6,0.6,60,0.0102587210413364,0,0,40,1.0,2,0,0.25,0.01,0.75,50.0,lesion,30.0,0.45,0.2,0.1,0.002,8.0
44,220,0.4151935853602186,0.5,-0.2655621661292097,0.0,0.125,0.1979243414646744,extended_moore_r2__ql__plastic__intr0__struct0__alpha_async__baseline__s1__97e6c13e5a,-0.02589356057917,0.0118372656875112,0.25,False,0.7075711917932748,0.002,0.01,ql,0.62,extended_moore_r2,30,70,0.9,0.3711698001781486,0.3,0,0.42,0.08,140,0.412181517017708,0.4,10,0.6709696870461159,4.336134521024369e-18,0.2,plastic,calibration,,False,alpha_async,30,130,180,1,-1,1.0,0.6,0.6,60,0.0623525265150835,0,0,40,0.9995049931129476,2,0,0.25,0.01,0.75,50.0,baseline,30.0,0.45,0.2,0.1,0.002,8.0
44,220,0.4173805664424428,0.5,-0.2658917817454397,0.0,0.125,0.2094886851855225,extended_moore_r2__ql__plastic__intr0__struct0__alpha_async__lesion__s1__96418c80a7,0.0023647161961116,0.0052846465243907,0.25,False,0.7108939358067556,0.002,0.01,ql,0.62,extended_moore_r2,30,70,0.9,0.3683463572142631,0.3,0,0.42,0.08,140,0.3761318515192464,0.2,10,0.6755181260638281,5.326829430875141e-18,0.2,plastic,calibration,-0.0181590389980506,False,alpha_async,30,130,180,1,-1,1.0,0.6,0.6,60,0.1906482430694843,0,0,40,0.9997632575757576,2,0,0.25,0.01,0.75,50.0,lesion,30.0,0.45,0.2,0.1,0.002,8.0
44,220,0.4602604437974367,0.5,-0.0797978050284386,0.0,0.125,0.0,extended_hex_r2__markov__plastic__intr0__struct0__alpha_async__baseline__s1__c14dbe339f,-0.0240683210803741,-0.0139874739773189,0.25,False,0.9180607591009684,0.002,0.01,markov,0.58,extended_hex_r2,30,70,0.9,0.1849821469498074,0.3,0,0.42,0.08,140,0.4387190887792054,0.3,10,0.6314637713540399,4.651125456280172e-18,0.2,plastic,calibration,,False,alpha_async,30,130,180,1,-1,1.0,0.6,0.6,60,0.0108326474643659,0,0,40,1.0,2,0,0.25,0.01,0.75,50.0,baseline,30.0,0.45,0.2,0.1,0.002,8.0
44,220,0.4804918522935074,0.5,-0.0494909788062111,0.0,0.125,0.0,extended_hex_r2__markov__plastic__intr0__struct0__alpha_async__baseline__s2__71b7b827f7,0.0008217878470654,-0.0063596757203109,0.25,False,0.8418154294514699,0.002,0.01,markov,0.68,extended_hex_r2,30,70,0.9,0.2529384494820482,0.3,0,0.42,0.08,140,0.4417504207892075,0.4,10,0.7493354063362215,4.53996074097235e-18,0.2,plastic,calibration,,False,alpha_async,30,130,180,2,-1,1.0,0.6,0.6,60,0.0052892267706114,0,0,40,1.0,2,0,0.25,0.01,0.75,50.0,baseline,30.0,0.45,0.2,0.1,0.002,8.0
44,220,0.446238884497509,0.5,0.0308245216166145,0.0,0.125,0.0,extended_hex_r2__markov__plastic__intr0__struct0__alpha_async__lesion__s2__f9fb1469ed,-0.0454571630592188,-0.0304202657276652,0.25,False,0.8449834203938642,0.002,0.01,markov,0.68,extended_hex_r2,30,70,0.9,0.2374111911669715,0.3,0,0.42,0.08,140,0.3529108550020521,0.2,10,0.8406450490977841,4.458775067875509e-18,0.2,plastic,calibration,0.000576939593235,False,alpha_async,30,130,180,2,-1,1.0,0.6,0.6,60,0.0244144191462821,0,0,40,1.0,2,0,0.25,0.01,0.75,50.0,lesion,30.0,0.45,0.2,0.1,0.002,8.0
44,220,0.4427392546202192,0.5,-0.0149912909686227,0.0,0.125,0.1333428541575108,extended_hex_r2__ql__plastic__intr0__struct0__alpha_async__baseline__s2__8f28c1dc5e,0.0025716354457843,-0.0050395244256353,0.25,False,0.8914870526215719,0.002,0.01,ql,0.62,extended_hex_r2,30,70,0.9,0.2028764861404387,0.3,0,0.42,0.08,140,0.440427397572403,0.3,10,0.6473484473666111,4.254520495282767e-18,0.2,plastic,calibration,,False,alpha_async,30,130,180,2,-1,1.0,0.6,0.6,60,0.0204457413457075,0,0,40,1.0,2,0,0.25,0.01,0.75,50.0,baseline,30.0,0.45,0.2,0.1,0.002,8.0
44,220,0.4630085931290025,0.5,-0.0857412273530182,0.0,0.125,0.168417160568447,extended_hex_r2__ql__plastic__intr0__struct0__alpha_async__lesion__s2__fb931b2cc5,0.0080004859701158,-0.0022532253907153,0.25,False,0.9120630164257438,0.002,0.01,ql,0.58,extended_hex_r2,30,70,0.9,0.1922350837886713,0.3,0,0.42,0.08,140,0.387794470006836,0.4,10,0.670685800712893,4.5802790763515795e-18,0.2,plastic,calibration,0.0096130905238817,False,alpha_async,30,130,180,2,-1,1.0,0.6,0.6,60,0.0116493827376337,0,0,40,1.0,2,0,0.25,0.01,0.75,50.0,lesion,30.0,0.45,0.2,0.1,0.002,8.0
44,220,0.4092341540605467,0.5,-0.3587608614554827,0.0,0.125,0.0,square_moore__markov__plastic__intr0__struct0__alpha_async__baseline__s1__661ca8b2e9,-0.0075083087259225,0.0061996851992794,0.25,False,0.547209417383314,0.002,0.016,markov,0.58,square_moore,30,70,0.9,0.482201814719776,0.3,0,0.42,0.08,140,0.4054058162892106,0.3,10,1.4944711676289846,3.151744883667169e-18,0.2,plastic,calibration,,False,alpha_async,30,130,180,1,-1,1.0,0.6,0.6,60,0.0466713824025392,0,0,40,1.0,2,0,0.25,0.01,0.75,50.0,baseline,30.0,0.45,0.2,0.1,0.002,8.0
44,220,0.4114568597761396,0.5,-0.3440522321899892,0.0,0.125,0.0,square_moore__markov__plastic__intr0__struct0__alpha_async__baseline__s2__d566286214,-0.004705326935407,0.000818836307727,0.25,False,0.5590474802033529,0.002,0.016,markov,0.68,square_moore,30,70,0.9,0.471478826771071,0.3,0,0.42,0.08,140,0.4058403965815235,0.4,10,1.4694910196922022,4.94003606321212e-18,0.2,plastic,calibration,,False,alpha_async,30,130,180,2,-1,1.0,0.6,0.6,60,0.0340003723205694,0,0,40,1.0,2,0,0.25,0.01,0.75,50.0,baseline,30.0,0.45,0.2,0.1,0.002,8.0
44,220,0.324057852964228,0.5,-0.0052226855953894,0.0,0.125,0.0,square_moore__markov__plastic__intr0__struct0__alpha_async__lesion__s2__7d5c84c1e3,0.0738946078524282,0.0677830356148312,0.25,False,0.4428203127193124,0.002,0.016,markov,0.68,square_moore,30,70,0.9,0.3632338019624567,0.3,0,0.42,0.08,140,0.2468837273606574,0.2,10,1.5540421750274491,6.735964038997475e-18,0.2,plastic,calibration,0.0399771599434189,False,alpha_async,30,130,180,2,-1,1.0,0.6,0.6,60,0.0494912143741433,0,0,40,1.0,2,0,0.25,0.01,0.75,50.0,lesion,30.0,0.45,0.2,0.1,0.002,8.0
44,220,0.4103006784886498,0.5,-0.3442789743123018,0.0,0.125,0.2854280083886301,square_moore__ql__plastic__intr0__struct0__alpha_async__baseline__s2__a4c412eaf7,0.0050505261546559,-1.1673346195883018e-05,0.25,False,0.5878302063150296,0.002,0.016,ql,0.62,square_moore,30,70,0.9,0.4597348199653112,0.3,0,0.42,0.08,140,0.4051052951818503,0.3,10,1.4360603492270438,5.559554315227099e-18,0.2,plastic,calibration,,False,alpha_async,30,130,180,2,-1,1.0,0.6,0.6,60,0.0636265059941681,0,0,40,1.0,2,0,0.25,0.01,0.75,50.0,baseline,30.0,0.45,0.2,0.1,0.002,8.0
44,220,0.3975755682570209,0.5,-0.3188672847741868,0.0,0.125,0.3229416876068627,square_moore__ql__plastic__intr0__struct0__alpha_async__lesion__s2__378f8b35b1,0.0122958356686568,0.0077232876275444,0.25,False,0.5738518283837913,0.002,0.016,ql,0.58,square_moore,30,70,0.9,0.4519197933390955,0.3,0,0.42,0.08,140,0.3275770308461078,0.4,10,1.5223479543849547,7.506551704938966e-18,0.2,plastic,calibration,0.0068643197341506,False,alpha_async,30,130,180,2,-1,1.0,0.6,0.6,60,0.0823257368865305,0,0,40,1.0,2,0,0.25,0.01,0.75,50.0,lesion,30.0,0.45,0.2,0.1,0.002,8.0
44,220,0.4239184312588825,0.5,-0.3627606534334353,0.0,0.125,0.0,hex_cells__markov__plastic__intr0__struct0__alpha_async__baseline__s2__b4ce67b29c,-0.0075165032762613,-0.0021492316595784,0.25,False,0.6070222640793237,0.002,0.016,markov,0.58,hex_cells,30,70,0.9,0.4595266697611491,0.3,0,0.42,0.08,140,0.4213333861254673,0.2,10,1.2754436860051126,4.073650384855144e-18,0.2,plastic,calibration,,False,alpha_async,30,130,180,2,-1,1.0,0.6,0.6,60,0.0231789003386472,0,0,40,1.0,2,0,0.25,0.01,0.75,50.0,baseline,30.0,0.45,0.2,0.1,0.002,8.0
44,220,0.3647888918942783,0.5,-0.0736104687075736,0.0,0.125,0.0,hex_cells__markov__plastic__intr0__struct0__alpha_async__lesion__s1__5af54e34a9,0.0420979350280471,0.0384446933773373,0.25,False,0.4910296494270261,0.002,0.016,markov,0.68,hex_cells,30,70,0.9,0.3976573307130725,0.3,0,0.42,0.08,140,0.2779532263602216,0.3,10,1.521870862014854,4.412118828536273e-18,0.2,plastic,calibration,0.0174505512717846,False,alpha_async,30,130,180,1,-1,1.0,0.6,0.6,60,0.0386815944577693,0,0,40,1.0,2,0,0.25,0.01,0.75,50.0,lesion,30.0,0.45,0.2,0.1,0.002,8.0
44,220,0.4182109673818292,0.5,-0.350157549035884,0.0,0.125,0.2752223959227274,hex_cells__ql__plastic__intr0__struct0__alpha_async__baseline__s1__4d4a87fdf3,0.0013826953606638,0.0088215707942568,0.25,False,0.6079600731046241,0.002,0.016,ql,0.62,hex_cells,30,70,0.9,0.4568979021640225,0.3,0,0.42,0.08,140,0.4167933451550226,0.4,10,1.3180679495918806,4.9541256558195465e-18,0.2,plastic,calibration,,False,alpha_async,30,130,180,1,-1,1.0,0.6,0.6,60,0.0189897249976935,0,0,40,1.0,2,0,0.25,0.01,0.75,50.0,baseline,30.0,0.45,0.2,0.1,0.002,8.0
44,220,0.4304422856474807,0.5,-0.3709501282702587,0.0,0.125,0.2905024339031295,hex_cells__ql__plastic__intr0__struct0__alpha_async__lesion__s1__2f9095e991,0.0006626845521034,0.0002556452896306,0.25,False,0.6115345960519225,0.002,0.016,ql,0.62,hex_cells,30,70,0.9,0.468541621464252,0.3,0,0.42,0.08,140,0.3589644276948809,0.2,10,1.2868564385414236,3.1351827842663424e-18,0.2,plastic,calibration,0.0009925980374747,False,alpha_async,30,130,180,1,-1,1.0,0.6,0.6,60,0.0229715015487662,0,0,40,1.0,2,0,0.25,0.01,0.75,50.0,lesion,30.0,0.45,0.2,0.1,0.002,8.0
44,220,0.4022407287673321,0.5,-0.2319822864348554,0.0,0.125,0.0,honeycomb__markov__plastic__intr0__struct0__alpha_async__baseline__s1__d817c40109,-0.0034786509097655,0.0037306127526804,0.25,False,0.7362809852888179,0.002,0.016,markov,0.58,honeycomb,30,70,0.9,0.3413649938215114,0.3,0,0.42,0.08,140,0.3975793984094596,0.3,10,1.484717405994508,2.327849972609916e-18,0.2,plastic,calibration,,False,alpha_async,30,130,180,1,-1,1.0,0.6,0.6,60,0.005794223882313,0,0,40,1.0,2,0,0.25,0.01,0.75,50.0,baseline,30.0,0.45,0.2,0.1,0.002,8.0
44,220,0.3961677664884563,0.5,-0.1738843855918272,0.0,0.125,0.0,honeycomb__markov__plastic__intr0__struct0__alpha_async__baseline__s2__8d4fd4f4d0,0.016721253386057,-0.0046881331634972,0.25,False,0.708078267210036,0.002,0.016,markov,0.68,honeycomb,30,70,0.9,0.3471429390426543,0.3,0,0.42,0.08,140,0.3898459356589758,0.4,10,1.5429983280327653,3.2844526893035933e-18,0.2,plastic,calibration,,False,alpha_async,30,130,180,2,-1,1.0,0.6,0.6,60,0.0056826167066375,0,0,40,1.0,2,0,0.25,0.01,0.75,50.0,baseline,30.0,0.45,0.2,0.1,0.002,8.0
44,220,0.1243619319515303,0.5,0.5000770228287854,0.0,0.125,0.0,honeycomb__markov__plastic__intr0__struct0__alpha_async__lesion__s2__0dd00f4002,0.3280836164502463,0.2855576589732382,0.25,False,0.2248253669425058,0.002,0.016,markov,0.68,honeycomb,30,70,0.9,0.1125568582621366,0.3,0,0.42,0.08,140,0.1220785478104706,0.2,10,1.0425035069433757,5.635891894165301e-18,0.2,plastic,calibration,0.2979562139285957,False,alpha_async,30,130,180,2,-1,1.0,0.6,0.6,60,0.1276440066377422,0,0,40,1.0,2,0,0.25,0.01,0.75,50.0,lesion,30.0,0.45,0.2,0.1,0.002,8.0
44,220,0.3955511607977438,0.5,-0.2238715297431975,0.0,0.125,0.2763648931230448,honeycomb__ql__plastic__intr0__struct0__alpha_async__baseline__s2__5e62f607c7,0.0004109849642132,-0.016554827082207,0.25,False,0.7322704989168001,0.002,0.016,ql,0.62,honeycomb,30,70,0.9,0.3391178560606052,0.3,0,0.42,0.08,140,0.3933217388762652,0.3,10,1.4930914295522115,2.728278591474707e-18,0.2,plastic,calibration,,False,alpha_async,30,130,180,2,-1,1.0,0.6,0.6,60,0.0070956222223901,0,0,40,1.0,2,0,0.25,0.01,0.75,50.0,baseline,30.0,0.45,0.2,0.1,0.002,8.0
44,220,0.2913310958069993,0.5,0.1761357045575469,0.0,0.125,0.3979736604607977,honeycomb__ql__plastic__intr0__struct0__alpha_async__lesion__s2__0e4d938604,0.1245179958289538,0.1142423125304917,0.25,False,0.6428029636814613,0.002,0.016,ql,0.58,honeycomb,30,70,0.9,0.2201229977539179,0.3,0,0.42,0.08,140,0.2508291069044666,0.4,10,1.4894616569794032,2.877547737481203e-18,0.2,plastic,calibration,0.1237885348898345,False,alpha_async,30,130,180,2,-1,1.0,0.6,0.6,60,0.1043011522424446,0,0,40,1.0,2,0,0.25,0.01,0.75,50.0,lesion,30.0,0.45,0.2,0.1,0.002,8.0
44,220,0.408128126200848,0.5,-0.2388347319889542,0.0,0.125,0.0,extended_moore_r2__markov__plastic__intr0__struct0__alpha_async__baseline__s2__fd8b8a2d0a,0.0126409988002074,0.0032336412281634,0.25,False,0.8064774925351328,0.002,0.016,markov,0.58,extended_moore_r2,30,70,0.9,0.283885469154326,0.3,0,0.42,0.08,140,0.4101687714998893,0.2,10,0.4013855150062518,4.5466282897792385e-18,0.2,plastic,calibration,,False,alpha_async,30,130,180,2,-1,1.0,0.6,0.6,60,0.10218273673976,0,0,40,0.987431129476584,2,0,0.25,0.01,0.75,50.0,baseline,30.0,0.45,0.2,0.1,0.002,8.0
44,220,0.4003907013686084,0.5,0.0735709339301162,0.0,0.125,0.0,extended_moore_r2__markov__plastic__intr0__struct0__alpha_async__lesion__s1__ebdd630269,0.0350055106802295,0.0130781304916266,0.25,False,0.7655568462662568,0.002,0.016,markov,0.68,extended_moore_r2,30,70,0.9,0.2472066910685895,0.3,0,0.42,0.08,140,0.319101986310858,0.3,10,0.5411319243229924,5.032569587888162e-18,0.2,plastic,calibration,0.026169127746908,False,alpha_async,30,130,180,1,-1,1.0,0.6,0.6,60,0.0134918672655131,0,0,40,0.9996341253443526,2,0,0.25,0.01,0.75,50.0,lesion,30.0,0.45,0.2,0.1,0.002,8.0
44,220,0.409353844150854,0.5,-0.2070172442240739,0.0,0.125,0.1733768665006627,extended_moore_r2__ql__plastic__intr0__struct0__alpha_async__baseline__s1__1079e8b780,0.0142716386882269,0.0016329314905891,0.25,False,0.7793440207557689,0.002,0.016,ql,0.62,extended_moore_r2,30,70,0.9,0.3034379308439152,0.3,0,0.42,0.08,140,0.4152540234630785,0.4,10,0.4882809082629123,4.9753622159473546e-18,0.2,plastic,calibration,,False,alpha_async,30,130,180,1,-1,1.0,0.6,0.6,60,0.0852314421098114,0,0,40,0.9932420798898072,2,0,0.25,0.01,0.75,50.0,baseline,30.0,0.45,0.2,0.1,0.002,8.0
44,220,0.4193509782727412,0.5,-0.2654972194167588,0.0,0.125,0.2077512176384343,extended_moore_r2__ql__plastic__intr0__struct0__alpha_async__lesion__s1__7b7d696561,0.0014001709110121,0.0083750616868702,0.25,False,0.7280961160162027,0.002,0.016,ql,0.62,extended_moore_r2,30,70,0.9,0.3608207605858108,0.3,0,0.42,0.08,140,0.3695208581267638,0.2,10,0.6908882271817895,4.307731591030368e-18,0.2,plastic,calibration,0.000791624378069,False,alpha_async,30,130,180,1,-1,1.0,0.6,0.6,60,0.105678788667717,0,0,40,0.9944688360881544,2,0,0.25,0.01,0.75,50.0,lesion,30.0,0.45,0.2,0.1,0.002,8.0
44,220,0.4600066758259927,0.5,-0.0794014134118776,0.0,0.125,0.0,extended_hex_r2__markov__plastic__intr0__struct0__alpha_async__baseline__s1__62a55591a9,-0.0216267937782971,-0.011583277649338,0.25,False,0.9180780678673522,0.002,0.016,markov,0.58,extended_hex_r2,30,70,0.9,0.1844495151726686,0.3,0,0.42,0.08,140,0.4379368628613301,0.3,10,0.6266664203685536,3.713557202928421e-18,0.2,plastic,calibration,,False,alpha_async,30,130,180,1,-1,1.0,0.6,0.6,60,0.0091546264781767,0,0,40,1.0,2,0,0.25,0.01,0.75,50.0,baseline,30.0,0.45,0.2,0.1,0.002,8.0
44,220,0.4793316702263232,0.5,-0.0486819168693832,0.0,0.125,0.0,extended_hex_r2__markov__plastic__intr0__struct0__alpha_async__baseline__s2__64e37a194e,-0.0004489707106664,-0.006021365695852,0.25,False,0.8428736029773254,0.002,0.016,markov,0.68,extended_hex_r2,30,70,0.9,0.2519777097466914,0.3,0,0.42,0.08,140,0.4409464123766966,0.4,10,0.7532007947693489,4.619841513245435e-18,0.2,plastic,calibration,,False,alpha_async,30,130,180,2,-1,1.0,0.6,0.6,60,0.0053800233968397,0,0,40,1.0,2,0,0.25,0.01,0.75,50.0,baseline,30.0,0.45,0.2,0.1,0.002,8.0
44,220,0.4560645166491575,0.5,0.0286509284766838,0.0,0.125,0.0,extended_hex_r2__markov__plastic__intr0__struct0__alpha_async__lesion__s2__0c3b427e60,-0.0193377929496028,-0.0082122315138195,0.25,False,0.8421977277750885,0.002,0.016,markov,0.68,extended_hex_r2,30,70,0.9,0.2393670945804966,0.3,0,0.42,0.08,140,0.3465581424301983,0.2,10,0.905189133853874,3.896415908491152e-18,0.2,plastic,calibration,-0.0252967236899591,False,alpha_async,30,130,180,2,-1,1.0,0.6,0.6,60,0.0098596217962864,0,0,40,0.9999426078971534,2,0,0.25,0.01,0.75,50.0,lesion,30.0,0.45,0.2,0.1,0.002,8.0
44,220,0.4490975238259856,0.5,-0.0107166686197376,0.0,0.125,0.1309172577695684,extended_hex_r2__ql__plastic__intr0__struct0__alpha_async__baseline__s2__dda253c0d6,-0.0199735720941655,-0.0186537358109068,0.25,False,0.8930331992598926,0.002,0.016,ql,0.62,extended_hex_r2,30,70,0.9,0.2033323808026603,0.3,0,0.42,0.08,140,0.4387359804775021,0.3,10,0.7102473863934295,4.240023985150186e-18,0.2,plastic,calibration,,False,alpha_async,30,130,180,2,-1,1.0,0.6,0.6,60,0.0243332984118061,0,0,40,1.0,2,0,0.25,0.01,0.75,50.0,baseline,30.0,0.45,0.2,0.1,0.002,8.0
44,220,0.4615180201424413,0.5,-0.0871468427500474,0.0,0.125,0.169638340077408,extended_hex_r2__ql__plastic__intr0__struct0__alpha_async__lesion__s2__6192d682a4,0.002144890958459,-0.006890599323354,0.25,False,0.9110660955717,0.002,0.016,ql,0.58,extended_hex_r2,30,70,0.9,0.1929755854877701,0.3,0,0.42,0.08,140,0.386451836393935,0.4,10,0.6571882636216638,4.2420559024397005e-18,0.2,plastic,calibration,0.0110224461237439,False,alpha_async,30,130,180,2,-1,1.0,0.6,0.6,60,0.0122512222167212,0,0,40,1.0,2,0,0.25,0.01,0.75,50.0,lesion,30.0,0.45,0.2,0.1,0.002,8.0
44,220,0.4178183253725491,0.5,-0.3890376123820109,0.0,0.125,0.0,square_moore__markov__plastic__intr0__struct0__alpha_async__baseline__s1__87c57788c7,0.0010527941153261,-0.0063936983288313,0.25,False,0.4852380656668794,0.002,0.006,markov,0.58,square_moore,30,70,0.9,0.5197495326790738,0.3,0,0.42,0.08,140,0.4104408759390137,0.4,10,1.5469000573223244,6.620601072450166e-18,0.2,plastic,calibration,,False,alpha_async,30,130,180,1,-1,1.0,0.6,0.6,60,0.0556285958109475,0,0,40,1.0,2,0,0.25,0.01,0.75,50.0,baseline,30.0,0.45,0.2,0.1,0.002,8.0
44,220,0.2837761410753431,0.5,0.1295703793445113,0.0,0.125,0.0,square_moore__markov__plastic__intr0__struct0__alpha_async__lesion__s1__f375cf663d,0.1234608881154435,0.1072354132548578,0.25,False,0.420198436655427,0.002,0.006,markov,0.58,square_moore,30,70,0.9,0.3008702665750614,0.3,0,0.42,0.08,140,0.2234938091524799,0.2,10,1.5287048523758648,4.9516471916855895e-18,0.2,plastic,calibration,0.0869192855852717,False,alpha_async,30,130,180,1,-1,1.0,0.6,0.6,60,0.0762270564057858,0,0,40,1.0,2,0,0.25,0.01,0.75,50.0,lesion,30.0,0.45,0.2,0.1,0.002,8.0
44,220,0.314277634630395,0.5,0.0498323396150134,0.0,0.125,0.0,square_moore__markov__plastic__intr0__struct0__alpha_async__lesion__s2__53e298b492,0.0859188682208785,0.0655461731630923,0.25,False,0.4509884927514185,0.002,0.006,markov,0.68,square_moore,30,70,0.9,0.3397700755210223,0.3,0,0.42,0.08,140,0.2414021948695991,0.3,10,1.551852959011589,6.979429144291007e-18,0.2,plastic,calibration,0.0374635157614487,False,alpha_async,30,130,180,2,-1,1.0,0.6,0.6,60,0.0639162058600904,0,0,40,1.0,2,0,0.25,0.01,0.75,50.0,lesion,30.0,0.45,0.2,0.1,0.002,8.0
44,220,0.4191471293443934,0.5,-0.3843929695864694,0.0,0.125,0.3028052652847482,square_moore__ql__plastic__intr0__struct0__alpha_async__baseline__s2__37a833dd3d,-0.0013744791763665,-0.0032061990186507,0.25,False,0.5133170078738168,0.002,0.006,ql,0.62,square_moore,30,70,0.9,0.5110120522032542,0.3,0,0.42,0.08,140,0.412130819553698,0.4,10,1.5202237808461985,5.615339619633073e-18,0.2,plastic,calibration,,False,alpha_async,30,130,180,2,-1,1.0,0.6,0.6,60,0.1078289588163119,0,0,40,1.0,2,0,0.25,0.01,0.75,50.0,baseline,30.0,0.45,0.2,0.1,0.002,8.0
44,220,0.4106931350486906,0.5,-0.3193273666737878,0.0,0.125,0.3227434790219928,square_moore__ql__plastic__intr0__struct0__alpha_async__lesion__s2__1bda7a55d7,0.0046807728067142,0.0041495135030637,0.25,False,0.6144715606293256,0.002,0.006,ql,0.62,square_moore,30,70,0.9,0.4397340056602391,0.3,0,0.42,0.08,140,0.3355226048457952,0.2,10,1.438361597894963,5.372627844581748e-18,0.2,plastic,calibration,-0.0032421957481405,False,alpha_async,30,130,180,2,-1,1.0,0.6,0.6,60,0.0455070546664228,0,0,40,1.0,2,0,0.25,0.01,0.75,50.0,lesion,30.0,0.45,0.2,0.1,0.002,8.0
44,220,0.4307473968489975,0.5,-0.3952821318842533,0.0,0.125,0.0,hex_cells__markov__plastic__intr0__struct0__alpha_async__baseline__s2__60d6fe42d0,0.0051291040682597,0.0082124585026216,0.25,False,0.5288329399503298,0.002,0.006,markov,0.58,hex_cells,30,70,0.9,0.5153317486923819,0.3,0,0.42,0.08,140,0.4273921351782814,0.3,10,1.400917031119857,4.7102371303242144e-18,0.2,plastic,calibration,,False,alpha_async,30,130,180,2,-1,1.0,0.6,0.6,60,0.0264210182310662,0,0,40,1.0,2,0,0.25,0.01,0.75,50.0,baseline,30.0,0.45,0.2,0.1,0.002,8.0
44,220,0.3744277725175572,0.5,-0.0857843034314765,0.0,0.125,0.0,hex_cells__markov__plastic__intr0__struct0__alpha_async__lesion__s1__1020495d4c,0.0475311173444642,0.0507972645920125,0.25,False,0.4817109608272548,0.002,0.006,markov,0.68,hex_cells,30,70,0.9,0.4120917737406601,0.3,0,0.42,0.08,140,0.2860504753375695,0.4,10,1.533019358129346,3.3788074317240373e-18,0.2,plastic,calibration,0.0212882113605016,False,alpha_async,30,130,180,1,-1,1.0,0.6,0.6,60,0.0433519562583839,0,0,40,1.0,2,0,0.25,0.01,0.75,50.0,lesion,30.0,0.45,0.2,0.1,0.002,8.0
44,220,0.4345293504195421,0.5,-0.3803983862265302,0.0,0.125,0.2736318800553222,hex_cells__ql__plastic__intr0__struct0__alpha_async__baseline__s1__22339e8501,-0.0064119638661542,-0.0053393079418514,0.25,False,0.5941641395693638,0.002,0.006,ql,0.68,hex_cells,30,70,0.9,0.4844205056916052,0.3,0,0.42,0.08,140,0.4292721504952441,0.2,10,1.3188095634639894,3.0859708745950087e-18,0.2,plastic,calibration,,False,alpha_async,30,130,180,1,-1,1.0,0.6,0.6,60,0.0769403504863016,0,0,40,1.0,2,0,0.25,0.01,0.75,50.0,baseline,30.0,0.45,0.2,0.1,0.002,8.0
44,220,0.4402685922688486,0.5,-0.3820574764513946,0.0,0.125,0.2974577798694996,hex_cells__ql__plastic__intr0__struct0__alpha_async__lesion__s1__51a0f90401,-0.0113568105675715,-0.0092838403011268,0.25,False,0.5871475933566294,0.002,0.006,ql,0.62,hex_cells,30,70,0.9,0.4922332788082175,0.3,0,0.42,0.08,140,0.365209793987916,0.3,10,1.2624258995530546,4.9949315429946445e-18,0.2,plastic,calibration,-0.0180253232241681,False,alpha_async,30,130,180,1,-1,1.0,0.6,0.6,60,0.0329720796739343,0,0,40,1.0,2,0,0.25,0.01,0.75,50.0,lesion,30.0,0.45,0.2,0.1,0.002,8.0
44,220,0.4022215188379543,0.5,-0.2421753874180738,0.0,0.125,0.0,honeycomb__markov__plastic__intr0__struct0__alpha_async__baseline__s1__896eb911ca,0.0040355013556581,0.0006022775192625,0.25,False,0.7449775372341148,0.002,0.006,markov,0.58,honeycomb,30,70,0.9,0.3376842882608988,0.3,0,0.42,0.08,140,0.3978184896852727,0.4,10,1.4809768748707013,2.3237162689189872e-18,0.2,plastic,calibration,,False,alpha_async,30,130,180,1,-1,1.0,0.6,0.6,60,0.0067050903735043,0,0,40,1.0,2,0,0.25,0.01,0.75,50.0,baseline,30.0,0.45,0.2,0.1,0.002,8.0
44,220,0.112149248826184,0.5,0.5251959580822793,0.0,0.125,0.0,honeycomb__markov__plastic__intr0__struct0__alpha_async__lesion__s1__0f9282472d,0.3678666411809624,0.3416049507837484,0.25,False,0.2092271172343113,0.002,0.006,markov,0.58,honeycomb,30,70,0.9,0.0997365567004312,0.3,0,0.42,0.08,140,0.1160067958427337,0.2,10,0.9702442331927664,6.589015988858428e-18,0.2,plastic,calibration,0.3072511537458761,False,alpha_async,30,130,180,1,-1,1.0,0.6,0.6,60,0.13159013552678,0,0,40,1.0,2,0,0.25,0.01,0.75,50.0,lesion,30.0,0.45,0.2,0.1,0.002,8.0
44,220,0.1055390433816881,0.5,0.5297912263380244,0.0,0.125,0.0,honeycomb__markov__plastic__intr0__struct0__alpha_async__lesion__s2__e5f6c70257,0.3392446831879908,0.3307508709257197,0.25,False,0.1912343801768543,0.002,0.006,markov,0.68,honeycomb,30,70,0.9,0.0944598792471978,0.3,0,0.42,0.08,140,0.1124523734441113,0.3,10,0.9414268166864176,4.784257658535704e-18,0.2,plastic,calibration,0.3407467895308549,False,alpha_async,30,130,180,2,-1,1.0,0.6,0.6,60,0.1416239055342136,0,0,40,1.0,2,0,0.25,0.01,0.75,50.0,lesion,30.0,0.45,0.2,0.1,0.002,8.0
44,220,0.4024556136291271,0.5,-0.2194753390013189,0.0,0.125,0.2692678117432391,honeycomb__ql__plastic__intr0__struct0__alpha_async__baseline__s2__48a62a5e6b,-0.0042107869985952,-0.0038154121125867,0.25,False,0.7412256254906754,0.002,0.006,ql,0.62,honeycomb,30,70,0.9,0.3370948806331318,0.3,0,0.42,0.08,140,0.3942824419938313,0.4,10,1.459028012982457,3.4453604799732365e-18,0.2,plastic,calibration,,False,alpha_async,30,130,180,2,-1,1.0,0.6,0.6,60,0.0069062096467867,0,0,40,1.0,2,0,0.25,0.01,0.75,50.0,baseline,30.0,0.45,0.2,0.1,0.002,8.0
44,220,0.3099955758516797,0.5,0.1358587255960828,0.0,0.125,0.383328153315533,honeycomb__ql__plastic__intr0__struct0__alpha_async__lesion__s2__72e306980e,0.0878671139151976,0.0938732320676612,0.25,False,0.6555169648286576,0.002,0.006,ql,0.62,honeycomb,30,70,0.9,0.240321046057297,0.3,0,0.42,0.08,140,0.2672941418314587,0.2,10,1.5287823842136157,2.5061138976780385e-18,0.2,plastic,calibration,0.0757745403824767,False,alpha_async,30,130,180,2,-1,1.0,0.6,0.6,60,0.0817312303839911,0,0,40,1.0,2,0,0.25,0.01,0.75,50.0,lesion,30.0,0.45,0.2,0.1,0.002,8.0
44,220,0.4283041474678399,0.5,-0.2780155158198133,0.0,0.125,0.0,extended_moore_r2__markov__plastic__intr0__struct0__alpha_async__baseline__s2__337e3e26cf,-0.0021968256026427,0.0041439595202537,0.25,False,0.6497093106172966,0.002,0.006,markov,0.58,extended_moore_r2,30,70,0.9,0.4114563691722865,0.3,0,0.42,0.08,140,0.4237062650266902,0.3,10,0.8198305043156568,4.069460396615608e-18,0.2,plastic,calibration,,False,alpha_async,30,130,180,2,-1,1.0,0.6,0.6,60,0.1589284090764654,0,0,40,1.0,2,0,0.25,0.01,0.75,50.0,baseline,30.0,0.45,0.2,0.1,0.002,8.0
44,220,0.4052754191222323,0.5,0.0546794674070859,0.0,0.125,0.0,extended_moore_r2__markov__plastic__intr0__struct0__alpha_async__lesion__s1__c312ee38c2,0.0290015251045026,0.0112542994871046,0.25,False,0.7734557533246557,0.002,0.006,markov,0.68,extended_moore_r2,30,70,0.9,0.2500175020257966,0.3,0,0.42,0.08,140,0.3259761865156466,0.4,10,0.4773322594212503,4.490750092934209e-18,0.2,plastic,calibration,0.0288502676065284,False,alpha_async,30,130,180,1,-1,1.0,0.6,0.6,60,0.0105297454820894,0,0,40,1.0,2,0,0.25,0.01,0.75,50.0,lesion,30.0,0.45,0.2,0.1,0.002,8.0
44,220,0.4412110779464839,0.5,-0.0932586083707073,0.0,0.125,0.1549495322355464,extended_moore_r2__ql__plastic__intr0__struct0__alpha_async__baseline__s1__3a8f7ae019,0.0125874620410184,0.0162658449822299,0.25,False,0.7902225397520903,0.002,0.006,ql,0.68,extended_moore_r2,30,70,0.9,0.2962439529182462,0.3,0,0.42,0.08,140,0.4353786506532348,0.2,10,0.8267195566205743,4.4576180007806485e-18,0.2,plastic,calibration,,False,alpha_async,30,130,180,1,-1,1.0,0.6,0.6,60,0.0478068793262826,0,0,40,1.0,2,0,0.25,0.01,0.75,50.0,baseline,30.0,0.45,0.2,0.1,0.002,8.0
44,220,0.4249402164469404,0.5,-0.2818831389945485,0.0,0.125,0.2239805649907093,extended_moore_r2__ql__plastic__intr0__struct0__alpha_async__lesion__s1__1acd69ae3b,0.0115670511991928,-0.0092682086229693,0.25,False,0.6313658030249577,0.002,0.006,ql,0.62,extended_moore_r2,30,70,0.9,0.4228508512966935,0.3,0,0.42,0.08,140,0.3782844520750017,0.3,10,0.8357930453283912,5.991110954452904e-18,0.2,plastic,calibration,-0.0035048234751884,False,alpha_async,30,130,180,1,-1,1.0,0.6,0.6,60,0.2894279444153632,0,0,40,1.0,2,0,0.25,0.01,0.75,50.0,lesion,30.0,0.45,0.2,0.1,0.002,8.0
44,220,0.4598490567949676,0.5,-0.0824397778525945,0.0,0.125,0.0,extended_hex_r2__markov__plastic__intr0__struct0__alpha_async__baseline__s1__3425d77333,-0.0224210363772405,-0.0146191966948093,0.25,False,0.917273646855651,0.002,0.006,markov,0.58,extended_hex_r2,30,70,0.9,0.1860366375891956,0.3,0,0.42,0.08,140,0.4389814315824749,0.4,10,0.6294175359321452,4.224388071825865e-18,0.2,plastic,calibration,,False,alpha_async,30,130,180,1,-1,1.0,0.6,0.6,60,0.0119945186113425,0,0,40,1.0,2,0,0.25,0.01,0.75,50.0,baseline,30.0,0.45,0.2,0.1,0.002,8.0
44,220,0.4317340560545272,0.5,0.049240666831044,0.0,0.125,0.0,extended_hex_r2__markov__plastic__intr0__struct0__alpha_async__lesion__s1__082366edf9,0.0366812019187672,0.0494843085663268,0.25,False,0.8985777185636814,0.002,0.006,markov,0.58,extended_hex_r2,30,70,0.9,0.1747177446393892,0.3,0,0.42,0.08,140,0.3408223519438708,0.2,10,0.5307584170726605,4.632411600175971e-18,0.2,plastic,calibration,-0.0598745446048536,False,alpha_async,30,130,180,1,-1,1.0,0.6,0.6,60,0.0182467483810903,0,0,40,1.0,2,0,0.25,0.01,0.75,50.0,lesion,30.0,0.45,0.2,0.1,0.002,8.0
44,220,0.4184997169607781,0.5,-0.0234159955319499,0.0,0.125,0.0,extended_hex_r2__markov__plastic__intr0__struct0__alpha_async__lesion__s2__a57561fb58,-0.0104164502142157,0.0084982389184915,0.25,False,0.8196652523404199,0.002,0.006,markov,0.68,extended_hex_r2,30,70,0.9,0.2473965368305238,0.3,0,0.42,0.08,140,0.3542738122680231,0.3,10,0.4126493993934772,4.130731499338362e-18,0.2,plastic,calibration,-0.0043695811783113,False,alpha_async,30,130,180,2,-1,1.0,0.6,0.6,60,0.0049877012692311,0,0,40,1.0,2,0,0.25,0.01,0.75,50.0,lesion,30.0,0.45,0.2,0.1,0.002,8.0
44,220,0.4466404191726327,0.5,-0.0173275220513672,0.0,0.125,0.1340292546192004,extended_hex_r2__ql__plastic__intr0__struct0__alpha_async__baseline__s2__ad4f7c4bd3,0.0217811264389524,-0.0011740356586393,0.25,False,0.8903460527902547,0.002,0.006,ql,0.62,extended_hex_r2,30,70,0.9,0.2064942239017548,0.3,0,0.42,0.08,140,0.4404898176541959,0.4,10,0.7007076071430953,4.6695459349851545e-18,0.2,plastic,calibration,,False,alpha_async,30,130,180,2,-1,1.0,0.6,0.6,60,0.0254106227213784,0,0,40,1.0,2,0,0.25,0.01,0.75,50.0,baseline,30.0,0.45,0.2,0.1,0.002,8.0
44,220,0.455908783491068,0.5,-0.025113129369294,0.0,0.125,0.1650772184140884,extended_hex_r2__ql__plastic__intr0__struct0__alpha_async__lesion__s2__bb8d5aba34,-0.0143106418231059,-0.0088644623080029,0.25,False,0.893061934357335,0.002,0.006,ql,0.62,extended_hex_r2,30,70,0.9,0.2068300277997522,0.3,0,0.42,0.08,140,0.3927358733732978,0.2,10,0.754370911929647,4.4205491496499895e-18,0.2,plastic,calibration,-0.0320793822091159,False,alpha_async,30,130,180,2,-1,1.0,0.6,0.6,60,0.0131185318442674,0,0,40,1.0,2,0,0.25,0.01,0.75,50.0,lesion,30.0,0.45,0.2,0.1,0.002,8.0
44,220,0.4119076750236384,0.5,-0.4041576428025126,0.0,0.125,0.0,square_moore__markov__plastic__intr0__struct0__alpha_async__baseline__s1__bf520bda3f,0.015695320081533,0.0007998472513939,0.25,False,0.4762907449228158,0.002,0.01,markov,0.58,square_moore,30,70,0.9,0.5267957731808913,0.3,0,0.42,0.08,140,0.4084086777823422,0.4,10,1.5642844358474657,5.5607485490799274e-18,0.2,plastic,calibration,,False,alpha_async,30,130,180,1,-1,1.0,0.6,0.6,60,0.0861033198108394,0,0,40,1.0,2,0,0.25,0.01,0.75,50.0,baseline,30.0,0.45,0.2,0.1,0.002,8.0
44,220,0.2849525995252826,0.5,0.0937135210369185,0.0,0.125,0.0,square_moore__markov__plastic__intr0__struct0__alpha_async__lesion__s1__bc66b78ffa,0.1178302171364357,0.0971680928355249,0.25,False,0.390459143382272,0.002,0.01,markov,0.58,square_moore,30,70,0.9,0.3181013444146429,0.3,0,0.42,0.08,140,0.2220346998899198,0.2,10,1.5305486772447536,7.545163969558158e-18,0.2,plastic,calibration,0.0777938052257153,False,alpha_async,30,130,180,1,-1,1.0,0.6,0.6,60,0.0850864642753297,0,0,40,1.0,2,0,0.25,0.01,0.75,50.0,lesion,30.0,0.45,0.2,0.1,0.002,8.0
44,220,0.3169035570037224,0.5,0.01860497127007,0.0,0.125,0.0,square_moore__markov__plastic__intr0__struct0__alpha_async__lesion__s2__ac2805bb9b,0.0763008461833514,0.074034625574677,0.25,False,0.4333164437367837,0.002,0.01,markov,0.68,square_moore,30,70,0.9,0.3550414971583391,0.3,0,0.42,0.08,140,0.2428735212862637,0.3,10,1.557254966117106,5.810827860076179e-18,0.2,plastic,calibration,0.0428919540879816,False,alpha_async,30,130,180,2,-1,1.0,0.6,0.6,60,0.0582596037860801,0,0,40,1.0,2,0,0.25,0.01,0.75,50.0,lesion,30.0,0.45,0.2,0.1,0.002,8.0
44,220,0.4114609463502771,0.5,-0.3930761479177145,0.0,0.125,0.2964298637060593,square_moore__ql__plastic__intr0__struct0__alpha_async__baseline__s2__095f4c464d,-0.0023077720357579,0.0061349706999265,0.25,False,0.5167919606222756,0.002,0.01,ql,0.62,square_moore,30,70,0.9,0.5121108250436351,0.3,0,0.42,0.08,140,0.4087175146881422,0.4,10,1.5434199542975746,5.5555860768698335e-18,0.2,plastic,calibration,,False,alpha_async,30,130,180,2,-1,1.0,0.6,0.6,60,0.1634299496369895,0,0,40,1.0,2,0,0.25,0.01,0.75,50.0,baseline,30.0,0.45,0.2,0.1,0.002,8.0
44,220,0.4139786600729466,0.5,-0.3318180695672382,0.0,0.125,0.3162844244368758,square_moore__ql__plastic__intr0__struct0__alpha_async__lesion__s2__c37e64bb3a,0.0133332876199823,0.0007173396663017,0.25,False,0.5873730875479641,0.002,0.01,ql,0.62,square_moore,30,70,0.9,0.4551043481129892,0.3,0,0.42,0.08,140,0.3378767348227999,0.2,10,1.4603507902291588,6.082252319759653e-18,0.2,plastic,calibration,-0.0020669203568009,False,alpha_async,30,130,180,2,-1,1.0,0.6,0.6,60,0.0570085148115046,0,0,40,1.0,2,0,0.25,0.01,0.75,50.0,lesion,30.0,0.45,0.2,0.1,0.002,8.0
44,220,0.4310754853817925,0.5,-0.3746609563755748,0.0,0.125,0.0,hex_cells__markov__plastic__intr0__struct0__alpha_async__baseline__s2__30cefe1e5f,0.0068587754739979,-0.0018589348841073,0.25,False,0.5476862555158716,0.002,0.01,markov,0.58,hex_cells,30,70,0.9,0.4939439012415012,0.3,0,0.42,0.08,140,0.4245763546144725,0.3,10,1.3465332530026592,3.589958436862432e-18,0.2,plastic,calibration,,False,alpha_async,30,130,180,2,-1,1.0,0.6,0.6,60,0.013224920543872,0,0,40,1.0,2,0,0.25,0.01,0.75,50.0,baseline,30.0,0.45,0.2,0.1,0.002,8.0
44,220,0.3769331816615147,0.5,-0.1014687928679569,0.0,0.125,0.0,hex_cells__markov__plastic__intr0__struct0__alpha_async__lesion__s1__755ce4c07a,0.0429594841135652,0.034731122660528,0.25,False,0.4840729281197691,0.002,0.01,markov,0.68,hex_cells,30,70,0.9,0.4173822581595111,0.3,0,0.42,0.08,140,0.2879991171974937,0.4,10,1.5276803791169278,2.456002909044497e-18,0.2,plastic,calibration,0.0160873803213074,False,alpha_async,30,130,180,1,-1,1.0,0.6,0.6,60,0.0365010906593774,0,0,40,1.0,2,0,0.25,0.01,0.75,50.0,lesion,30.0,0.45,0.2,0.1,0.002,8.0
44,220,0.4309128260499472,0.5,-0.3577252973130004,0.0,0.125,0.2739850282037904,hex_cells__ql__plastic__intr0__struct0__alpha_async__baseline__s1__ca627d7904,0.014014806689287,-0.0125611687622048,0.25,False,0.6104246551463938,0.002,0.01,ql,0.68,hex_cells,30,70,0.9,0.4637945202820935,0.3,0,0.42,0.08,140,0.4235669427787007,0.2,10,1.3025288152705214,4.073759896053521e-18,0.2,plastic,calibration,,False,alpha_async,30,130,180,1,-1,1.0,0.6,0.6,60,0.03632451528433,0,0,40,1.0,2,0,0.25,0.01,0.75,50.0,baseline,30.0,0.45,0.2,0.1,0.002,8.0
44,220,0.4371286131057871,0.5,-0.38030237819944,0.0,0.125,0.2971553628476846,hex_cells__ql__plastic__intr0__struct0__alpha_async__lesion__s1__68c4abee2c,-0.0161232407228833,-0.0175909867439177,0.25,False,0.5909921376178026,0.002,0.01,ql,0.62,hex_cells,30,70,0.9,0.4868519072657246,0.3,0,0.42,0.08,140,0.3634040721752687,0.3,10,1.2968273505303554,3.804542346599788e-18,0.2,plastic,calibration,-0.0148516681818171,False,alpha_async,30,130,180,1,-1,1.0,0.6,0.6,60,0.0260016284149641,0,0,40,1.0,2,0,0.25,0.01,0.75,50.0,lesion,30.0,0.45,0.2,0.1,0.002,8.0
44,220,0.4066688739259788,0.5,-0.2553944889240179,0.0,0.125,0.0,honeycomb__markov__plastic__intr0__struct0__alpha_async__baseline__s1__830bf43fbb,-0.0229528789532811,-0.0068226556699645,0.25,False,0.7507508156142934,0.002,0.01,markov,0.58,honeycomb,30,70,0.9,0.337436791035597,0.3,0,0.42,0.08,140,0.3967820654054902,0.4,10,1.473624361032101,2.3068769296660928e-18,0.2,plastic,calibration,,False,alpha_async,30,130,180,1,-1,1.0,0.6,0.6,60,0.0061326343772761,0,0,40,1.0,2,0,0.25,0.01,0.75,50.0,baseline,30.0,0.45,0.2,0.1,0.002,8.0
44,220,0.1177207525835791,0.5,0.5253152690679712,0.0,0.125,0.0,honeycomb__markov__plastic__intr0__struct0__alpha_async__lesion__s1__74ce62210e,0.3435106809217734,0.3180428971830015,0.25,False,0.2194916731506505,0.002,0.01,markov,0.58,honeycomb,30,70,0.9,0.1037182678920622,0.3,0,0.42,0.08,140,0.1190387204315127,0.2,10,1.0046535813512356,5.25725706792908e-18,0.2,plastic,calibration,0.3020071564779672,False,alpha_async,30,130,180,1,-1,1.0,0.6,0.6,60,0.1449607495237705,0,0,40,1.0,2,0,0.25,0.01,0.75,50.0,lesion,30.0,0.45,0.2,0.1,0.002,8.0
44,220,0.1080241010335507,0.5,0.5245422170542293,0.0,0.125,0.0,honeycomb__markov__plastic__intr0__struct0__alpha_async__lesion__s2__1f2263598c,0.363075985378493,0.2770028634489009,0.25,False,0.1953751416039365,0.002,0.01,markov,0.68,honeycomb,30,70,0.9,0.0973239853595309,0.3,0,0.42,0.08,140,0.1111137523904025,0.3,10,0.9500449423486927,3.1441482155703045e-18,0.2,plastic,calibration,0.3310547595745239,False,alpha_async,30,130,180,2,-1,1.0,0.6,0.6,60,0.1287942517762861,0,0,40,1.0,2,0,0.25,0.01,0.75,50.0,lesion,30.0,0.45,0.2,0.1,0.002,8.0
44,220,0.3988676825782731,0.5,-0.2184220412760553,0.0,0.125,0.272670220365382,honeycomb__ql__plastic__intr0__struct0__alpha_async__baseline__s2__2dff7d3f0e,0.0050964407046901,0.0100062635529195,0.25,False,0.7411511651541677,0.002,0.01,ql,0.62,honeycomb,30,70,0.9,0.3350311229798683,0.3,0,0.42,0.08,140,0.392812941117493,0.4,10,1.4814403006398915,5.6120980530912585e-18,0.2,plastic,calibration,,False,alpha_async,30,130,180,2,-1,1.0,0.6,0.6,60,0.0054317849757751,0,0,40,1.0,2,0,0.25,0.01,0.75,50.0,baseline,30.0,0.45,0.2,0.1,0.002,8.0
44,220,0.2968607079305544,0.5,0.1711627103452311,0.0,0.125,0.394696908718108,honeycomb__ql__plastic__intr0__struct0__alpha_async__lesion__s2__9f03ddb330,0.1069155388098885,0.0989475545665291,0.25,False,0.6413596325800217,0.002,0.01,ql,0.62,honeycomb,30,70,0.9,0.2285920835081935,0.3,0,0.42,0.08,140,0.2600306404675827,0.2,10,1.4965107031918785,2.678312657340073e-18,0.2,plastic,calibration,0.108450347721294,False,alpha_async,30,130,180,2,-1,1.0,0.6,0.6,60,0.08606878246257,0,0,40,1.0,2,0,0.25,0.01,0.75,50.0,lesion,30.0,0.45,0.2,0.1,0.002,8.0
44,220,0.4214434818250561,0.5,-0.266646887228083,0.0,0.125,0.0,extended_moore_r2__markov__plastic__intr0__struct0__alpha_async__baseline__s2__29b0a0f2d7,0.0199053178883231,0.005376753808063,0.25,False,0.7531206076595476,0.002,0.01,markov,0.58,extended_moore_r2,30,70,0.9,0.3397536300543181,0.3,0,0.42,0.08,140,0.4169123360976615,0.3,10,0.6301927680731687,4.292145385074304e-18,0.2,plastic,calibration,,False,alpha_async,30,130,180,2,-1,1.0,0.6,0.6,60,0.0643939182461216,0,0,40,0.999870867768595,2,0,0.25,0.01,0.75,50.0,baseline,30.0,0.45,0.2,0.1,0.002,8.0
44,220,0.3996752797166369,0.5,0.0770573084297451,0.0,0.125,0.0,extended_moore_r2__markov__plastic__intr0__struct0__alpha_async__lesion__s1__98ecb60ff2,0.0350701998401476,0.0164570115342604,0.25,False,0.7634899818118976,0.002,0.01,markov,0.68,extended_moore_r2,30,70,0.9,0.2469659492436176,0.3,0,0.42,0.08,140,0.320004558048268,0.4,10,0.5345628474233729,5.5177284616366775e-18,0.2,plastic,calibration,0.0279100982504248,False,alpha_async,30,130,180,1,-1,1.0,0.6,0.6,60,0.0138342704937878,0,0,40,1.0,2,0,0.25,0.01,0.75,50.0,lesion,30.0,0.45,0.2,0.1,0.002,8.0
44,220,0.4407558048856358,0.5,-0.0402712770416242,0.0,0.125,0.1415691950932905,extended_moore_r2__ql__plastic__intr0__struct0__alpha_async__baseline__s1__d4c1a32e2b,0.0222005504868727,0.0303080859988089,0.25,False,0.8171635423031068,0.002,0.01,ql,0.68,extended_moore_r2,30,70,0.9,0.2700051118999688,0.3,0,0.42,0.08,140,0.4357969421409049,0.2,10,0.7930495703851275,3.726413728490267e-18,0.2,plastic,calibration,,False,alpha_async,30,130,180,1,-1,1.0,0.6,0.6,60,0.0254042927902303,0,0,40,1.0,2,0,0.25,0.01,0.75,50.0,baseline,30.0,0.45,0.2,0.1,0.002,8.0
44,220,0.418034806278671,0.5,-0.2662853399663747,0.0,0.125,0.210282585664393,extended_moore_r2__ql__plastic__intr0__struct0__alpha_async__lesion__s1__1873500173,0.0058208572549131,0.0009787743000036,0.25,False,0.7058199891889397,0.002,0.01,ql,0.62,extended_moore_r2,30,70,0.9,0.371295425826559,0.3,0,0.42,0.08,140,0.3756178610170578,0.3,10,0.6891309640515617,6.2056982950791696e-18,0.2,plastic,calibration,-0.013435996225737,False,alpha_async,30,130,180,1,-1,1.0,0.6,0.6,60,0.1994166648924785,0,0,40,0.9996986914600552,2,0,0.25,0.01,0.75,50.0,lesion,30.0,0.45,0.2,0.1,0.002,8.0
44,220,0.4598634615684975,0.5,-0.0804585184555014,0.0,0.125,0.0,extended_hex_r2__markov__plastic__intr0__struct0__alpha_async__baseline__s1__eb1779a3e8,-0.0248489061602654,-0.0145189076032679,0.25,False,0.9176032095770952,0.002,0.01,markov,0.58,extended_hex_r2,30,70,0.9,0.1855226468786584,0.3,0,0.42,0.08,140,0.4384569607486471,0.4,10,0.6294308591498379,3.7855821694435665e-18,0.2,plastic,calibration,,False,alpha_async,30,130,180,1,-1,1.0,0.6,0.6,60,0.0110617265728613,0,0,40,1.0,2,0,0.25,0.01,0.75,50.0,baseline,30.0,0.45,0.2,0.1,0.002,8.0
44,220,0.4296182203561108,0.5,0.0447398425966195,0.0,0.125,0.0,extended_hex_r2__markov__plastic__intr0__struct0__alpha_async__lesion__s1__b286b5c8e3,0.0360695334016277,0.0408441009893407,0.25,False,0.8955531737463384,0.002,0.01,markov,0.58,extended_hex_r2,30,70,0.9,0.1752005833170579,0.3,0,0.42,0.08,140,0.3381776543254435,0.2,10,0.4912752834009409,3.919880284599508e-18,0.2,plastic,calibration,-0.0794727302046756,False,alpha_async,30,130,180,1,-1,1.0,0.6,0.6,60,0.0189228016433574,0,0,40,1.0,2,0,0.25,0.01,0.75,50.0,lesion,30.0,0.45,0.2,0.1,0.002,8.0
44,220,0.4374919586425539,0.5,0.0345954124033066,0.0,0.125,0.0,extended_hex_r2__markov__plastic__intr0__struct0__alpha_async__lesion__s2__258470e39f,-0.0233759409754397,-0.019571472117764,0.25,False,0.8434199762520316,0.002,0.01,markov,0.68,extended_hex_r2,30,70,0.9,0.2335268278661091,0.3,0,0.42,0.08,140,0.3501283738699613,0.3,10,0.7817483440090756,4.261452757891815e-18,0.2,plastic,calibration,-0.0718349484435963,False,alpha_async,30,130,180,2,-1,1.0,0.6,0.6,60,0.0120543879870028,0,0,40,1.0,2,0,0.25,0.01,0.75,50.0,lesion,30.0,0.45,0.2,0.1,0.002,8.0
44,220,0.4709417766011073,0.5,-0.0659552946797847,0.0,0.125,0.1275970245203822,extended_hex_r2__ql__plastic__intr0__struct0__alpha_async__baseline__s2__3ddcfe72d5,0.0006212995364666,-0.0035488076176642,0.25,False,0.8831260770030459,0.002,0.01,ql,0.62,extended_hex_r2,30,70,0.9,0.220538316916561,0.3,0,0.42,0.08,140,0.439445561816255,0.4,10,0.7512309338604456,4.672414699294192e-18,0.2,plastic,calibration,,False,alpha_async,30,130,180,2,-1,1.0,0.6,0.6,60,0.007470609362943,0,0,40,1.0,2,0,0.25,0.01,0.75,50.0,baseline,30.0,0.45,0.2,0.1,0.002,8.0
44,220,0.4573402185846915,0.5,-0.0266388844268766,0.0,0.125,0.1649996542014009,extended_hex_r2__ql__plastic__intr0__struct0__alpha_async__lesion__s2__0bf608c7d0,-0.0167521957524804,-0.0110472022051348,0.25,False,0.8934717400017015,0.002,0.01,ql,0.62,extended_hex_r2,30,70,0.9,0.2062923763675181,0.3,0,0.42,0.08,140,0.3921062982794399,0.2,10,0.7582267380150021,4.832420580035234e-18,0.2,plastic,calibration,-0.0301426807036039,False,alpha_async,30,130,180,2,-1,1.0,0.6,0.6,60,0.0100307569776653,0,0,40,1.0,2,0,0.25,0.01,0.75,50.0,lesion,30.0,0.45,0.2,0.1,0.002,8.0
44,220,0.4085226312012365,0.5,-0.3442068551926818,0.0,0.125,0.0,square_moore__markov__plastic__intr0__struct0__alpha_async__baseline__s1__76cde37597,-0.0032382354043546,0.0030302846280216,0.25,False,0.5679109821018409,0.002,0.016,markov,0.58,square_moore,30,70,0.9,0.4681260539668616,0.3,0,0.42,0.08,140,0.4036677704116597,0.4,10,1.4606756237122944,3.8855819052851896e-18,0.2,plastic,calibration,,False,alpha_async,30,130,180,1,-1,1.0,0.6,0.6,60,0.0390647293130473,0,0,40,1.0,2,0,0.25,0.01,0.75,50.0,baseline,30.0,0.45,0.2,0.1,0.002,8.0
44,220,0.2754684461062552,0.5,0.0954034449614654,0.0,0.125,0.0,square_moore__markov__plastic__intr0__struct0__alpha_async__lesion__s1__02b150fb71,0.1069437548762782,0.1060720161151096,0.25,False,0.3703347231445139,0.002,0.016,markov,0.58,square_moore,30,70,0.9,0.3151607470765211,0.3,0,0.42,0.08,140,0.2157379951787021,0.2,10,1.5135966972610329,7.815751439867325e-18,0.2,plastic,calibration,0.077951228790994,False,alpha_async,30,130,180,1,-1,1.0,0.6,0.6,60,0.0653191257457949,0,0,40,1.0,2,0,0.25,0.01,0.75,50.0,lesion,30.0,0.45,0.2,0.1,0.002,8.0
44,220,0.3198649633643036,0.5,-0.0221965455636372,0.0,0.125,0.0,square_moore__markov__plastic__intr0__struct0__alpha_async__lesion__s2__92c661bb63,0.0676188414013173,0.0658834527605644,0.25,False,0.4144956105461078,0.002,0.016,markov,0.68,square_moore,30,70,0.9,0.3732917190814371,0.3,0,0.42,0.08,140,0.2466000550765309,0.3,10,1.5624498709438794,6.84002451944921e-18,0.2,plastic,calibration,0.03081491513042,False,alpha_async,30,130,180,2,-1,1.0,0.6,0.6,60,0.0953496265196459,0,0,40,1.0,2,0,0.25,0.01,0.75,50.0,lesion,30.0,0.45,0.2,0.1,0.002,8.0
44,220,0.4056646173501634,0.5,-0.3590432903428057,0.0,0.125,0.2898189870585359,square_moore__ql__plastic__intr0__struct0__alpha_async__baseline__s2__2948c98890,0.0055951648636172,-0.0017873548690391,0.25,False,0.571771923736369,0.002,0.016,ql,0.62,square_moore,30,70,0.9,0.4705105421644748,0.3,0,0.42,0.08,140,0.4032676621255013,0.4,10,1.4907786672723442,5.547799244184149e-18,0.2,plastic,calibration,,False,alpha_async,30,130,180,2,-1,1.0,0.6,0.6,60,0.0439005780184339,0,0,40,1.0,2,0,0.25,0.01,0.75,50.0,baseline,30.0,0.45,0.2,0.1,0.002,8.0
44,220,0.4028975146107842,0.5,-0.3359890148867603,0.0,0.125,0.3146133604557133,square_moore__ql__plastic__intr0__struct0__alpha_async__lesion__s2__6f5cca4479,0.0123104072762536,0.0036820842656049,0.25,False,0.567452032134256,0.002,0.016,ql,0.62,square_moore,30,70,0.9,0.4629843130957026,0.3,0,0.42,0.08,140,0.3363426037093665,0.2,10,1.510527408859216,6.006996242563571e-18,0.2,plastic,calibration,-0.0085097535944732,False,alpha_async,30,130,180,2,-1,1.0,0.6,0.6,60,0.0716808986716942,0,0,40,1.0,2,0,0.25,0.01,0.75,50.0,lesion,30.0,0.45,0.2,0.1,0.002,8.0
44,220,0.4223965245043643,0.5,-0.3621883138196852,0.0,0.125,0.0,hex_cells__markov__plastic__intr0__struct0__alpha_async__baseline__s2__060d09285f,-0.0001223340103175,0.00162190500105,0.25,False,0.5887280692521142,0.002,0.016,markov,0.58,hex_cells,30,70,0.9,0.4680031722454905,0.3,0,0.42,0.08,140,0.4193057775769691,0.3,10,1.2981615852426147,3.810621425126353e-18,0.2,plastic,calibration,,False,alpha_async,30,130,180,2,-1,1.0,0.6,0.6,60,0.0134980925526552,0,0,40,1.0,2,0,0.25,0.01,0.75,50.0,baseline,30.0,0.45,0.2,0.1,0.002,8.0
44,220,0.350391975547218,0.5,-0.0342165532817691,0.0,0.125,0.0,hex_cells__markov__plastic__intr0__struct0__alpha_async__lesion__s1__1d9f969ab2,0.0545405920910753,0.0442372730747048,0.25,False,0.4883247731787071,0.002,0.016,markov,0.68,hex_cells,30,70,0.9,0.3793799995306153,0.3,0,0.42,0.08,140,0.2723878896642964,0.4,10,1.524096621224763,3.4778285500954855e-18,0.2,plastic,calibration,0.0443298904126888,False,alpha_async,30,130,180,1,-1,1.0,0.6,0.6,60,0.0435780765708185,0,0,40,1.0,2,0,0.25,0.01,0.75,50.0,lesion,30.0,0.45,0.2,0.1,0.002,8.0
44,220,0.4288282929479493,0.5,-0.3400214198852756,0.0,0.125,0.2684299113345676,hex_cells__ql__plastic__intr0__struct0__alpha_async__baseline__s1__a6240e4416,-0.030138132548587,-0.0143524494262377,0.25,False,0.6189947980363183,0.002,0.016,ql,0.68,hex_cells,30,70,0.9,0.4530206993287424,0.3,0,0.42,0.08,140,0.4215495294457399,0.2,10,1.2599435803538552,3.846728425593717e-18,0.2,plastic,calibration,,False,alpha_async,30,130,180,1,-1,1.0,0.6,0.6,60,0.0096699293712495,0,0,40,1.0,2,0,0.25,0.01,0.75,50.0,baseline,30.0,0.45,0.2,0.1,0.002,8.0
44,220,0.4276003910467459,0.5,-0.3667955110435895,0.0,0.125,0.2893659019851119,hex_cells__ql__plastic__intr0__struct0__alpha_async__lesion__s1__d6e3935dd9,-0.0058718278619364,-0.011179535323054,0.25,False,0.6084045410521992,0.002,0.016,ql,0.62,hex_cells,30,70,0.9,0.468289329835352,0.3,0,0.42,0.08,140,0.3578959941839554,0.3,10,1.3063255878518674,4.9913639306605255e-18,0.2,plastic,calibration,-0.0050659216143574,False,alpha_async,30,130,180,1,-1,1.0,0.6,0.6,60,0.0302489111138287,0,0,40,1.0,2,0,0.25,0.01,0.75,50.0,lesion,30.0,0.45,0.2,0.1,0.002,8.0
44,220,0.4012707745453278,0.5,-0.2244616968665495,0.0,0.125,0.0,honeycomb__markov__plastic__intr0__struct0__alpha_async__baseline__s1__df3ac8c14a,0.0013887774484871,-0.008188529354119,0.25,False,0.7426615834120502,0.002,0.016,markov,0.58,honeycomb,30,70,0.9,0.333624747692037,0.3,0,0.42,0.08,140,0.3966999755443874,0.4,10,1.4746837166235172,4.161461728551301e-18,0.2,plastic,calibration,,False,alpha_async,30,130,180,1,-1,1.0,0.6,0.6,60,0.0069597940798761,0,0,40,1.0,2,0,0.25,0.01,0.75,50.0,baseline,30.0,0.45,0.2,0.1,0.002,8.0
44,220,0.1117462769194549,0.5,0.5423521127131088,0.0,0.125,0.0,honeycomb__markov__plastic__intr0__struct0__alpha_async__lesion__s1__e85d348f16,0.3474902075395241,0.3145137628256924,0.25,False,0.2098701475659443,0.002,0.016,markov,0.58,honeycomb,30,70,0.9,0.096399350691485,0.3,0,0.42,0.08,140,0.1157942135614544,0.2,10,0.979603980824484,7.875122272829682e-18,0.2,plastic,calibration,0.3089504617832841,False,alpha_async,30,130,180,1,-1,1.0,0.6,0.6,60,0.1401482988296268,0,0,40,1.0,2,0,0.25,0.01,0.75,50.0,lesion,30.0,0.45,0.2,0.1,0.002,8.0
44,220,0.1330485625995422,0.5,0.491772085132103,0.0,0.125,0.0,honeycomb__markov__plastic__intr0__struct0__alpha_async__lesion__s2__3d221fa574,0.3217562369967628,0.2864723645856256,0.25,False,0.2397749176593232,0.002,0.016,markov,0.68,honeycomb,30,70,0.9,0.1203258960122783,0.3,0,0.42,0.08,140,0.1294475809752699,0.3,10,1.0865521792844988,4.580834089935912e-18,0.2,plastic,calibration,0.3071439386760478,False,alpha_async,30,130,180,2,-1,1.0,0.6,0.6,60,0.1403108690039083,0,0,40,1.0,2,0,0.25,0.01,0.75,50.0,lesion,30.0,0.45,0.2,0.1,0.002,8.0
44,220,0.3948038164980437,0.5,-0.1909104084162423,0.0,0.125,0.2790433280582497,honeycomb__ql__plastic__intr0__struct0__alpha_async__baseline__s2__ba03240c97,-0.0080322328520981,-0.0104885451365548,0.25,False,0.7371241001596789,0.002,0.016,ql,0.62,honeycomb,30,70,0.9,0.3296202088508393,0.3,0,0.42,0.08,140,0.391586947213304,0.4,10,1.4716056134266673,3.4903146549901564e-18,0.2,plastic,calibration,,False,alpha_async,30,130,180,2,-1,1.0,0.6,0.6,60,0.0057813247037746,0,0,40,1.0,2,0,0.25,0.01,0.75,50.0,baseline,30.0,0.45,0.2,0.1,0.002,8.0
44,220,0.3144189866454777,0.5,0.1179126108468431,0.0,0.125,0.3847077139917739,honeycomb__ql__plastic__intr0__struct0__alpha_async__lesion__s2__f4d8ae1f75,0.076618282079298,0.0783732032315102,0.25,False,0.6587813558453441,0.002,0.016,ql,0.62,honeycomb,30,70,0.9,0.2471005387029501,0.3,0,0.42,0.08,140,0.2659676059133957,0.2,10,1.5387636519777348,2.999239726590553e-18,0.2,plastic,calibration,0.0773675392348631,False,alpha_async,30,130,180,2,-1,1.0,0.6,0.6,60,0.0673067629967933,0,0,40,1.0,2,0,0.25,0.01,0.75,50.0,lesion,30.0,0.45,0.2,0.1,0.002,8.0
44,220,0.4078910779285845,0.5,-0.2127822917459504,0.0,0.125,0.0,extended_moore_r2__markov__plastic__intr0__struct0__alpha_async__baseline__s2__fbb8879d6b,0.0026707857085373,-0.0003273997471562,0.25,False,0.8270299929348877,0.002,0.016,markov,0.58,extended_moore_r2,30,70,0.9,0.2641663989397654,0.3,0,0.42,0.08,140,0.4079881884295721,0.3,10,0.3468819991499435,4.094208120781702e-18,0.2,plastic,calibration,,False,alpha_async,30,130,180,2,-1,1.0,0.6,0.6,60,0.0560269184383501,0,0,40,0.9856663223140496,2,0,0.25,0.01,0.75,50.0,baseline,30.0,0.45,0.2,0.1,0.002,8.0
44,220,0.3965570893602518,0.5,0.0896150998760813,0.0,0.125,0.0,extended_moore_r2__markov__plastic__intr0__struct0__alpha_async__lesion__s1__3b0d995523,0.0402218202436014,0.0172756582604833,0.25,False,0.7591939039713,0.002,0.016,markov,0.68,extended_moore_r2,30,70,0.9,0.2445906040431767,0.3,0,0.42,0.08,140,0.3144653441999676,0.4,10,0.5446328781857214,4.724636709366372e-18,0.2,plastic,calibration,0.0265953388584429,False,alpha_async,30,130,180,1,-1,1.0,0.6,0.6,60,0.0147253484590151,0,0,40,0.9995265151515152,2,0,0.25,0.01,0.75,50.0,lesion,30.0,0.45,0.2,0.1,0.002,8.0
44,220,0.441116903681188,0.5,-0.0063322989049849,0.0,0.125,0.1356256107659195,extended_moore_r2__ql__plastic__intr0__struct0__alpha_async__baseline__s1__8f3ecc533c,0.0321815607538754,0.0385835962571354,0.25,False,0.8304673208853692,0.002,0.016,ql,0.68,extended_moore_r2,30,70,0.9,0.2550956794853861,0.3,0,0.42,0.08,140,0.4354244731246074,0.2,10,0.7820139728611583,4.7649273782048124e-18,0.2,plastic,calibration,,False,alpha_async,30,130,180,1,-1,1.0,0.6,0.6,60,0.022473993561159,0,0,40,1.0,2,0,0.25,0.01,0.75,50.0,baseline,30.0,0.45,0.2,0.1,0.002,8.0
44,220,0.414394183195685,0.5,-0.270693085712489,0.0,0.125,0.2105026659672655,extended_moore_r2__ql__plastic__intr0__struct0__alpha_async__lesion__s1__4ffec1f43a,-0.006322773221301,-0.0199628213323834,0.25,False,0.7083321025930168,0.002,0.016,ql,0.62,extended_moore_r2,30,70,0.9,0.3736995535865945,0.3,0,0.42,0.08,140,0.3680960231763476,0.3,10,0.677097306784582,5.015997166582058e-18,0.2,plastic,calibration,-0.0139453503526755,False,alpha_async,30,130,180,1,-1,1.0,0.6,0.6,60,0.1374595388287788,0,0,40,0.9945334022038568,2,0,0.25,0.01,0.75,50.0,lesion,30.0,0.45,0.2,0.1,0.002,8.0
44,220,0.4597421526340511,0.5,-0.0799278622687939,0.0,0.125,0.0,extended_hex_r2__markov__plastic__intr0__struct0__alpha_async__baseline__s1__52f0bb2881,-0.0225545014488874,-0.0122257662452377,0.25,False,0.917735788639064,0.002,0.016,markov,0.58,extended_hex_r2,30,70,0.9,0.1849445880264961,0.3,0,0.42,0.08,140,0.4376770341752752,0.4,10,0.6237563745538591,4.081404651910072e-18,0.2,plastic,calibration,,False,alpha_async,30,130,180,1,-1,1.0,0.6,0.6,60,0.0094714450521515,0,0,40,1.0,2,0,0.25,0.01,0.75,50.0,baseline,30.0,0.45,0.2,0.1,0.002,8.0
44,220,0.4274371643406517,0.5,0.0635355909174101,0.0,0.125,0.0,extended_hex_r2__markov__plastic__intr0__struct0__alpha_async__lesion__s1__74160cd542,0.0330849285091697,0.0359666324730337,0.25,False,0.8911635071708168,0.002,0.016,markov,0.58,extended_hex_r2,30,70,0.9,0.1750831343458939,0.3,0,0.42,0.08,140,0.3343517791341698,0.2,10,0.5048646009996336,3.835771854045714e-18,0.2,plastic,calibration,-0.0846926536966076,False,alpha_async,30,130,180,1,-1,1.0,0.6,0.6,60,0.0181667247727074,0,0,40,1.0,2,0,0.25,0.01,0.75,50.0,lesion,30.0,0.45,0.2,0.1,0.002,8.0
44,220,0.4509728743767156,0.5,0.0496904794804681,0.0,0.125,0.0,extended_hex_r2__markov__plastic__intr0__struct0__alpha_async__lesion__s2__881b033959,-0.0291937291917192,-0.0331035297598566,0.25,False,0.8388548566801979,0.002,0.016,markov,0.68,extended_hex_r2,30,70,0.9,0.237790750990686,0.3,0,0.42,0.08,140,0.3439813805091542,0.3,10,0.9213347069927778,4.059441400352349e-18,0.2,plastic,calibration,-0.0035138528124524,False,alpha_async,30,130,180,2,-1,1.0,0.6,0.6,60,0.0140051168170541,0,0,40,0.9999426078971534,2,0,0.25,0.01,0.75,50.0,lesion,30.0,0.45,0.2,0.1,0.002,8.0
44,220,0.4695020553489129,0.5,-0.0649043473592137,0.0,0.125,0.1276715837039014,extended_hex_r2__ql__plastic__intr0__struct0__alpha_async__baseline__s2__5ac0d4a09e,-3.635296263787232e-05,-0.0044773204968322,0.25,False,0.8837380172814562,0.002,0.016,ql,0.62,extended_hex_r2,30,70,0.9,0.2196331383850437,0.3,0,0.42,0.08,140,0.4384389025494023,0.4,10,0.7448198190465878,3.965663195531985e-18,0.2,plastic,calibration,,False,alpha_async,30,130,180,2,-1,1.0,0.6,0.6,60,0.0070119623885118,0,0,40,1.0,2,0,0.25,0.01,0.75,50.0,baseline,30.0,0.45,0.2,0.1,0.002,8.0
44,220,0.4552368633752949,0.5,-0.0335073411742622,0.0,0.125,0.1645592569203847,extended_hex_r2__ql__plastic__intr0__struct0__alpha_async__lesion__s2__1ff0a2fd55,-0.0094170583329273,-0.0152522519465114,0.25,False,0.8912667327243311,0.002,0.016,ql,0.62,extended_hex_r2,30,70,0.9,0.2076651731956517,0.3,0,0.42,0.08,140,0.3909827545181225,0.2,10,0.7105678730888042,4.76998880934562e-18,0.2,plastic,calibration,-0.016622982197715,False,alpha_async,30,130,180,2,-1,1.0,0.6,0.6,60,0.0083608151810384,0,0,40,1.0,2,0,0.25,0.01,0.75,50.0,lesion,30.0,0.45,0.2,0.1,0.002,8.0
44,220,0.4197056256353171,0.5,-0.3770811000684733,0.0,0.125,0.0,square_moore__markov__plastic__intr0__struct0__alpha_async__baseline__s1__d36dd9868d,0.009041516320019,-0.0105513555640765,0.25,False,0.4970683057746112,0.002,0.006,markov,0.62,square_moore,30,70,0.9,0.5114126194937849,0.3,0,0.42,0.08,140,0.4120914434432358,0.2,10,1.528046675492196,8.26338140301299e-18,0.2,plastic,calibration,,False,alpha_async,30,130,180,1,-1,1.0,0.6,0.6,60,0.1735799304820099,0,0,40,1.0,2,0,0.25,0.01,0.75,50.0,baseline,30.0,0.45,0.2,0.1,0.002,8.0
44,220,0.2798855847225844,0.5,0.1217201280504645,0.0,0.125,0.0,square_moore__markov__plastic__intr0__struct0__alpha_async__lesion__s1__9b7537c08a,0.123887038084686,0.1103250642847668,0.25,False,0.4088871692395509,0.002,0.006,markov,0.58,square_moore,30,70,0.9,0.3034869590687021,0.3,0,0.42,0.08,140,0.220405889292291,0.3,10,1.5280621181355354,8.870294779548665e-18,0.2,plastic,calibration,0.0863528331061285,False,alpha_async,30,130,180,1,-1,1.0,0.6,0.6,60,0.0856594175203299,0,0,40,1.0,2,0,0.25,0.01,0.75,50.0,lesion,30.0,0.45,0.2,0.1,0.002,8.0
44,220,0.3094743024331552,0.5,0.0568490567119289,0.0,0.125,0.0,square_moore__markov__plastic__intr0__struct0__alpha_async__lesion__s2__7e6bc96e66,0.0982925366900782,0.080605141383734,0.25,False,0.4389546115600605,0.002,0.006,markov,0.68,square_moore,30,70,0.9,0.3371258478837156,0.3,0,0.42,0.08,140,0.2382953896925323,0.4,10,1.548288203987236,6.413378507005026e-18,0.2,plastic,calibration,0.0577178258996327,False,alpha_async,30,130,180,2,-1,1.0,0.6,0.6,60,0.0684274896369582,0,0,40,1.0,2,0,0.25,0.01,0.75,50.0,lesion,30.0,0.45,0.2,0.1,0.002,8.0
44,220,0.419878083809663,0.5,-0.3859146219813039,0.0,0.125,0.3001943597890745,square_moore__ql__plastic__intr0__struct0__alpha_async__baseline__s2__bb3909afed,0.0003108700005867,-0.0008917472203446,0.25,False,0.5122030182915869,0.002,0.006,ql,0.68,square_moore,30,70,0.9,0.5128696327271174,0.3,0,0.42,0.08,140,0.4134271095904935,0.2,10,1.5198448117447665,5.55338495605081e-18,0.2,plastic,calibration,,False,alpha_async,30,130,180,2,-1,1.0,0.6,0.6,60,0.0611585700859026,0,0,40,1.0,2,0,0.25,0.01,0.75,50.0,baseline,30.0,0.45,0.2,0.1,0.002,8.0
44,220,0.4056530422506788,0.5,-0.3015351624710828,0.0,0.125,0.3272521381978169,square_moore__ql__plastic__intr0__struct0__alpha_async__lesion__s2__b32d725bc1,0.0254622339572541,0.0012332024021707,0.25,False,0.6175744333422668,0.002,0.006,ql,0.62,square_moore,30,70,0.9,0.4296109128599921,0.3,0,0.42,0.08,140,0.3327372505671312,0.3,10,1.4505361523635256,5.749755449815632e-18,0.2,plastic,calibration,0.0228806530318808,False,alpha_async,30,130,180,2,-1,1.0,0.6,0.6,60,0.0716010229282787,0,0,40,1.0,2,0,0.25,0.01,0.75,50.0,lesion,30.0,0.45,0.2,0.1,0.002,8.0
44,220,0.4326218672067699,0.5,-0.3936295668629621,0.0,0.125,0.0,hex_cells__markov__plastic__intr0__struct0__alpha_async__baseline__s2__62217a048f,-0.0058510270822458,0.0042978281932697,0.25,False,0.5447788283593408,0.002,0.006,markov,0.58,hex_cells,30,70,0.9,0.506239884127114,0.3,0,0.42,0.08,140,0.4276161005316816,0.4,10,1.3798029369860698,2.5585742568257082e-18,0.2,plastic,calibration,,False,alpha_async,30,130,180,2,-1,1.0,0.6,0.6,60,0.0343654146561588,0,0,40,1.0,2,0,0.25,0.01,0.75,50.0,baseline,30.0,0.45,0.2,0.1,0.002,8.0
44,220,0.3571015826443326,0.5,-0.0391168881753853,0.0,0.125,0.0,hex_cells__markov__plastic__intr0__struct0__alpha_async__lesion__s2__c81daee66e,0.0628347382134919,0.0664313316114066,0.25,False,0.4545085071222333,0.002,0.006,markov,0.58,hex_cells,30,70,0.9,0.395764468770196,0.3,0,0.42,0.08,140,0.2716479475214644,0.2,10,1.548309640069374,4.2203776290188055e-18,0.2,plastic,calibration,0.0226180296167576,False,alpha_async,30,130,180,2,-1,1.0,0.6,0.6,60,0.0507470528335618,0,0,40,1.0,2,0,0.25,0.01,0.75,50.0,lesion,30.0,0.45,0.2,0.1,0.002,8.0
44,220,0.4306744657576598,0.5,-0.379131991324717,0.0,0.125,0.2732725205761618,hex_cells__ql__plastic__intr0__struct0__alpha_async__baseline__s1__8e7c07489d,-0.0052410987064207,0.0002037590285677,0.25,False,0.5896378226288437,0.002,0.006,ql,0.68,hex_cells,30,70,0.9,0.4855609761454058,0.3,0,0.42,0.08,140,0.4280980595608935,0.3,10,1.3433520406321393,3.762468307342928e-18,0.2,plastic,calibration,,False,alpha_async,30,130,180,1,-1,1.0,0.6,0.6,60,0.0527363495197128,0,0,40,1.0,2,0,0.25,0.01,0.75,50.0,baseline,30.0,0.45,0.2,0.1,0.002,8.0
44,220,0.4374890192306629,0.5,-0.3819943041865548,0.0,0.125,0.2954933681765938,hex_cells__ql__plastic__intr0__struct0__alpha_async__lesion__s1__d851dddf90,-0.0122602227174112,-0.0018816862119054,0.25,False,0.5981743888565058,0.002,0.006,ql,0.62,hex_cells,30,70,0.9,0.4841673639147402,0.3,0,0.42,0.08,140,0.363690844371752,0.4,10,1.2891609920635814,2.7334590287627292e-18,0.2,plastic,calibration,-0.0155300148471176,False,alpha_async,30,130,180,1,-1,1.0,0.6,0.6,60,0.0676475079363064,0,0,40,1.0,2,0,0.25,0.01,0.75,50.0,lesion,30.0,0.45,0.2,0.1,0.002,8.0
44,220,0.4039663614300434,0.5,-0.2409873178930874,0.0,0.125,0.0,honeycomb__markov__plastic__intr0__struct0__alpha_async__baseline__s1__7471a81687,-0.0020895040136783,-0.0127034895244175,0.25,False,0.7333698417078272,0.002,0.006,markov,0.62,honeycomb,30,70,0.9,0.3460828490484963,0.3,0,0.42,0.08,140,0.3972263698426538,0.2,10,1.4972831639298685,2.9876177945136637e-18,0.2,plastic,calibration,,False,alpha_async,30,130,180,1,-1,1.0,0.6,0.6,60,0.0066780313491527,0,0,40,1.0,2,0,0.25,0.01,0.75,50.0,baseline,30.0,0.45,0.2,0.1,0.002,8.0
44,220,0.1151938366369822,0.5,0.5281458919058337,0.0,0.125,0.0,honeycomb__markov__plastic__intr0__struct0__alpha_async__lesion__s1__5d296460a2,0.3515058136187164,0.285541351957751,0.25,False,0.2165958221621034,0.002,0.006,markov,0.58,honeycomb,30,70,0.9,0.1003234414565945,0.3,0,0.42,0.08,140,0.1163597824890507,0.3,10,0.9905698292472443,7.009631829802984e-18,0.2,plastic,calibration,0.3332587625826941,False,alpha_async,30,130,180,1,-1,1.0,0.6,0.6,60,0.1496125508449534,0,0,40,1.0,2,0,0.25,0.01,0.75,50.0,lesion,30.0,0.45,0.2,0.1,0.002,8.0
44,220,0.1054628677723825,0.5,0.520635052953674,0.0,0.125,0.0,honeycomb__markov__plastic__intr0__struct0__alpha_async__lesion__s2__ec5469eff1,0.3599157410322688,0.2944289999254411,0.25,False,0.194575759581396,0.002,0.006,markov,0.68,honeycomb,30,70,0.9,0.095613750814068,0.3,0,0.42,0.08,140,0.1124117425201732,0.4,10,0.9342561831403022,5.695365710266196e-18,0.2,plastic,calibration,0.3621922077591241,False,alpha_async,30,130,180,2,-1,1.0,0.6,0.6,60,0.1251598954891027,0,0,40,1.0,2,0,0.25,0.01,0.75,50.0,lesion,30.0,0.45,0.2,0.1,0.002,8.0
44,220,0.3935636509569605,0.5,-0.1769123770071076,0.0,0.125,0.2757210965037955,honeycomb__ql__plastic__intr0__struct0__alpha_async__baseline__s2__91b42ac286,0.0279937612168143,-0.0060897222089557,0.25,False,0.7159159263579036,0.002,0.006,ql,0.68,honeycomb,30,70,0.9,0.3423730439083952,0.3,0,0.42,0.08,140,0.3876208565375856,0.2,10,1.5124570822410672,2.512993609242152e-18,0.2,plastic,calibration,,False,alpha_async,30,130,180,2,-1,1.0,0.6,0.6,60,0.0044167014829194,0,0,40,1.0,2,0,0.25,0.01,0.75,50.0,baseline,30.0,0.45,0.2,0.1,0.002,8.0
44,220,0.3108926865266311,0.5,0.1431717418526349,0.0,0.125,0.3851394638612957,honeycomb__ql__plastic__intr0__struct0__alpha_async__lesion__s2__51396bbbf9,0.0920098297933203,0.082840747394134,0.25,False,0.6541401080024982,0.002,0.006,ql,0.62,honeycomb,30,70,0.9,0.2406277095268871,0.3,0,0.42,0.08,140,0.263628576071258,0.3,10,1.519408843829703,6.227736761705676e-18,0.2,plastic,calibration,0.0531757693022733,False,alpha_async,30,130,180,2,-1,1.0,0.6,0.6,60,0.0793148238655264,0,0,40,1.0,2,0,0.25,0.01,0.75,50.0,lesion,30.0,0.45,0.2,0.1,0.002,8.0
44,220,0.4282276602168164,0.5,-0.2812264601889483,0.0,0.125,0.0,extended_moore_r2__markov__plastic__intr0__struct0__alpha_async__baseline__s2__f0f0703f9f,0.0241392904280705,0.0002909764766307,0.25,False,0.6086850292811392,0.002,0.006,markov,0.58,extended_moore_r2,30,70,0.9,0.4357640814061443,0.3,0,0.42,0.08,140,0.4234511579945645,0.4,10,0.860014739275666,4.5171600065700015e-18,0.2,plastic,calibration,,False,alpha_async,30,130,180,2,-1,1.0,0.6,0.6,60,0.1662754743188639,0,0,40,1.0,2,0,0.25,0.01,0.75,50.0,baseline,30.0,0.45,0.2,0.1,0.002,8.0
44,220,0.3991847828256773,0.5,-0.1137455186376363,0.0,0.125,0.0,extended_moore_r2__markov__plastic__intr0__struct0__alpha_async__lesion__s2__1a7a0a63bf,0.0112076801298124,0.0330838668267379,0.25,False,0.589361131359236,0.002,0.006,markov,0.58,extended_moore_r2,30,70,0.9,0.3833920629919495,0.3,0,0.42,0.08,140,0.3023144672230912,0.2,10,1.1458779223611233,4.350801544586178e-18,0.2,plastic,calibration,-0.0223030880565591,False,alpha_async,30,130,180,2,-1,1.0,0.6,0.6,60,0.1769112552993977,0,0,40,1.0,2,0,0.25,0.01,0.75,50.0,lesion,30.0,0.45,0.2,0.1,0.002,8.0
44,220,0.4403875750677575,0.5,-0.0942596115714477,0.0,0.125,0.1545644572677865,extended_moore_r2__ql__plastic__intr0__struct0__alpha_async__baseline__s1__c8fcf63fc6,0.0124080422587746,0.0168222898129692,0.25,False,0.7895577570163765,0.002,0.006,ql,0.68,extended_moore_r2,30,70,0.9,0.2961402408831433,0.3,0,0.42,0.08,140,0.4342952944365273,0.3,10,0.8168591030807772,3.9906923719512925e-18,0.2,plastic,calibration,,False,alpha_async,30,130,180,1,-1,1.0,0.6,0.6,60,0.0460400661029062,0,0,40,1.0,2,0,0.25,0.01,0.75,50.0,baseline,30.0,0.45,0.2,0.1,0.002,8.0
44,220,0.4234610239789125,0.5,-0.2796995247468134,0.0,0.125,0.2226335354613447,extended_moore_r2__ql__plastic__intr0__struct0__alpha_async__lesion__s1__99ec1bcc88,0.0119259432176188,-0.0070277167866401,0.25,False,0.643759481865372,0.002,0.006,ql,0.62,extended_moore_r2,30,70,0.9,0.4134736724934557,0.3,0,0.42,0.08,140,0.3775078287666646,0.4,10,0.8183295402605812,5.976408551968635e-18,0.2,plastic,calibration,-0.0063459433804761,False,alpha_async,30,130,180,1,-1,1.0,0.6,0.6,60,0.2929157942729237,0,0,40,1.0,2,0,0.25,0.01,0.75,50.0,lesion,30.0,0.45,0.2,0.1,0.002,8.0
44,220,0.4480751945152727,0.5,-0.014780609239841,0.0,0.125,0.0,extended_hex_r2__markov__plastic__intr0__struct0__alpha_async__baseline__s1__4fc300b843,-0.020555284364712,-0.0406891166979231,0.25,False,0.8903235000865126,0.002,0.006,markov,0.62,extended_hex_r2,30,70,0.9,0.2067785061767217,0.3,0,0.42,0.08,140,0.4425945387587956,0.2,10,0.7024394369883422,3.941541415973507e-18,0.2,plastic,calibration,,False,alpha_async,30,130,180,1,-1,1.0,0.6,0.6,60,0.0238620744175863,0,0,40,1.0,2,0,0.25,0.01,0.75,50.0,baseline,30.0,0.45,0.2,0.1,0.002,8.0
44,220,0.4313559880751497,0.5,0.0480854914399717,0.0,0.125,0.0,extended_hex_r2__markov__plastic__intr0__struct0__alpha_async__lesion__s1__9732d00786,0.0409455422497207,0.0454613449766954,0.25,False,0.8935767708309237,0.002,0.006,markov,0.58,extended_hex_r2,30,70,0.9,0.1784290857398127,0.3,0,0.42,0.08,140,0.3391098377428237,0.3,10,0.5376885779945418,3.655217903897642e-18,0.2,plastic,calibration,-0.029205056891368,False,alpha_async,30,130,180,1,-1,1.0,0.6,0.6,60,0.0174158835197741,0,0,40,1.0,2,0,0.25,0.01,0.75,50.0,lesion,30.0,0.45,0.2,0.1,0.002,8.0
44,220,0.43639806869554,0.5,0.0353308122199225,0.0,0.125,0.0,extended_hex_r2__markov__plastic__intr0__struct0__alpha_async__lesion__s2__3b7664f10c,-0.0352513302964844,-0.0017177121469401,0.25,False,0.8400100967987855,0.002,0.006,markov,0.68,extended_hex_r2,30,70,0.9,0.2359702327130208,0.3,0,0.42,0.08,140,0.3507919030374983,0.4,10,0.7697032698233458,4.093980154647088e-18,0.2,plastic,calibration,-0.0448415468544342,False,alpha_async,30,130,180,2,-1,1.0,0.6,0.6,60,0.0144224118909246,0,0,40,1.0,2,0,0.25,0.01,0.75,50.0,lesion,30.0,0.45,0.2,0.1,0.002,8.0
44,220,0.4804176746677017,0.5,-0.0492332917604708,0.0,0.125,0.1254048417692056,extended_hex_r2__ql__plastic__intr0__struct0__alpha_async__baseline__s2__fb8864e598,0.0002509786499668,-0.007829120082574,0.25,False,0.8407519763508917,0.002,0.006,ql,0.68,extended_hex_r2,30,70,0.9,0.2535286773125383,0.3,0,0.42,0.08,140,0.4408182745824254,0.2,10,0.7480504972848095,5.094674873308139e-18,0.2,plastic,calibration,,False,alpha_async,30,130,180,2,-1,1.0,0.6,0.6,60,0.0052472140499693,0,0,40,1.0,2,0,0.25,0.01,0.75,50.0,baseline,30.0,0.45,0.2,0.1,0.002,8.0
44,220,0.4673068065434131,0.5,-0.0556988909742776,0.0,0.125,0.1635488783199649,extended_hex_r2__ql__plastic__intr0__struct0__alpha_async__lesion__s2__6cf4ab40d1,0.015201345903063,-0.0007851563051547,0.25,False,0.8876708153345698,0.002,0.006,ql,0.62,extended_hex_r2,30,70,0.9,0.2141790035046052,0.3,0,0.42,0.08,140,0.3918156329146446,0.3,10,0.7454510209418079,4.32598981483032e-18,0.2,plastic,calibration,0.0047291675317367,False,alpha_async,30,130,180,2,-1,1.0,0.6,0.6,60,0.0073180073268003,0,0,40,1.0,2,0,0.25,0.01,0.75,50.0,lesion,30.0,0.45,0.2,0.1,0.002,8.0
44,220,0.4184862713347343,0.5,-0.3915549540212259,0.0,0.125,0.0,square_moore__markov__plastic__intr0__struct0__alpha_async__baseline__s1__1a6bb09a55,-0.0023859143190271,0.0033088560842857,0.25,False,0.5144003331987591,0.002,0.01,markov,0.62,square_moore,30,70,0.9,0.5103941277418096,0.3,0,0.42,0.08,140,0.4106795526678665,0.2,10,1.5274762597542253,9.1301998104955e-18,0.2,plastic,calibration,,False,alpha_async,30,130,180,1,-1,1.0,0.6,0.6,60,0.1161373560837891,0,0,40,1.0,2,0,0.25,0.01,0.75,50.0,baseline,30.0,0.45,0.2,0.1,0.002,8.0
44,220,0.2714550074974999,0.5,0.1076889300455928,0.0,0.125,0.0,square_moore__markov__plastic__intr0__struct0__alpha_async__lesion__s1__97b636ba44,0.1255339147289716,0.1161835899851714,0.25,False,0.3672756822716171,0.002,0.01,markov,0.58,square_moore,30,70,0.9,0.308063984844268,0.3,0,0.42,0.08,140,0.2151418199979443,0.3,10,1.5091839027140768,9.275957216318929e-18,0.2,plastic,calibration,0.0870777740060915,False,alpha_async,30,130,180,1,-1,1.0,0.6,0.6,60,0.0715222679886695,0,0,40,1.0,2,0,0.25,0.01,0.75,50.0,lesion,30.0,0.45,0.2,0.1,0.002,8.0
44,220,0.304985959784647,0.5,0.0358899827523454,0.0,0.125,0.0,square_moore__markov__plastic__intr0__struct0__alpha_async__lesion__s2__9ff8c901b6,0.0987747924003434,0.0819123943772868,0.25,False,0.400414834828743,0.002,0.01,markov,0.68,square_moore,30,70,0.9,0.3476021760914408,0.3,0,0.42,0.08,140,0.2366404084684701,0.4,10,1.5456279635228969,4.4129725922742895e-18,0.2,plastic,calibration,0.0688011905821976,False,alpha_async,30,130,180,2,-1,1.0,0.6,0.6,60,0.0469445216916151,0,0,40,1.0,2,0,0.25,0.01,0.75,50.0,lesion,30.0,0.45,0.2,0.1,0.002,8.0
44,220,0.4121446105597278,0.5,-0.3801527168004261,0.0,0.125,0.2942578201036579,square_moore__ql__plastic__intr0__struct0__alpha_async__baseline__s2__de56fada3b,0.0041438429109929,0.0066236275439163,0.25,False,0.5432504609196054,0.002,0.01,ql,0.68,square_moore,30,70,0.9,0.4951869236542852,0.3,0,0.42,0.08,140,0.4105498486138564,0.2,10,1.517653580959633,5.9079065750915285e-18,0.2,plastic,calibration,,False,alpha_async,30,130,180,2,-1,1.0,0.6,0.6,60,0.0683522445117211,0,0,40,1.0,2,0,0.25,0.01,0.75,50.0,baseline,30.0,0.45,0.2,0.1,0.002,8.0
44,220,0.4086021412543353,0.5,-0.3238544576349659,0.0,0.125,0.3220474957757259,square_moore__ql__plastic__intr0__struct0__alpha_async__lesion__s2__effb0f9e5e,0.0208311311291242,0.0026066932595624,0.25,False,0.5912980562924768,0.002,0.01,ql,0.62,square_moore,30,70,0.9,0.4490941112554563,0.3,0,0.42,0.08,140,0.3342148719276782,0.3,10,1.464565384374196,5.3999195839045345e-18,0.2,plastic,calibration,0.0272991467690508,False,alpha_async,30,130,180,2,-1,1.0,0.6,0.6,60,0.0853007317889381,0,0,40,1.0,2,0,0.25,0.01,0.75,50.0,lesion,30.0,0.45,0.2,0.1,0.002,8.0
44,220,0.4249693839798096,0.5,-0.3753394855334287,0.0,0.125,0.0,hex_cells__markov__plastic__intr0__struct0__alpha_async__baseline__s2__4848721b7e,-0.0199243244890182,0.0020718594651327,0.25,False,0.5613928449488366,0.002,0.01,markov,0.58,hex_cells,30,70,0.9,0.4856686062198249,0.3,0,0.42,0.08,140,0.4223929040164328,0.4,10,1.3525211014902845,3.963929046459469e-18,0.2,plastic,calibration,,False,alpha_async,30,130,180,2,-1,1.0,0.6,0.6,60,0.0209766177545489,0,0,40,1.0,2,0,0.25,0.01,0.75,50.0,baseline,30.0,0.45,0.2,0.1,0.002,8.0
44,220,0.3407218884694892,0.5,0.0007993472704627,0.0,0.125,0.0,hex_cells__markov__plastic__intr0__struct0__alpha_async__lesion__s2__ae9dc8ad7e,0.0717617864813037,0.0643172184295958,0.25,False,0.4562577563182415,0.002,0.01,markov,0.58,hex_cells,30,70,0.9,0.3735268683712477,0.3,0,0.42,0.08,140,0.2632600834405105,0.2,10,1.5608290568225285,5.143030308375621e-18,0.2,plastic,calibration,0.0386823628887175,False,alpha_async,30,130,180,2,-1,1.0,0.6,0.6,60,0.0592186811753353,0,0,40,1.0,2,0,0.25,0.01,0.75,50.0,lesion,30.0,0.45,0.2,0.1,0.002,8.0
44,220,0.4276242018526009,0.5,-0.3610918447950093,0.0,0.125,0.2770128686564329,hex_cells__ql__plastic__intr0__struct0__alpha_async__baseline__s1__1aa211de75,0.0045277780068246,-0.0005568518592466,0.25,False,0.6025040504476928,0.002,0.01,ql,0.68,hex_cells,30,70,0.9,0.4680608028834306,0.3,0,0.42,0.08,140,0.4237402997627132,0.3,10,1.3086262079353554,3.5078785007763625e-18,0.2,plastic,calibration,,False,alpha_async,30,130,180,1,-1,1.0,0.6,0.6,60,0.0398684147719979,0,0,40,1.0,2,0,0.25,0.01,0.75,50.0,baseline,30.0,0.45,0.2,0.1,0.002,8.0
44,220,0.4317075829133168,0.5,-0.370515396451573,0.0,0.125,0.2955849342417422,hex_cells__ql__plastic__intr0__struct0__alpha_async__lesion__s1__b94eee027f,-0.0028836410279661,-0.0053383025087907,0.25,False,0.5930042596999737,0.002,0.01,ql,0.62,hex_cells,30,70,0.9,0.4811432834288024,0.3,0,0.42,0.08,140,0.3607377035050064,0.4,10,1.3022893194554432,3.7006094736739746e-18,0.2,plastic,calibration,-0.0133474617884425,False,alpha_async,30,130,180,1,-1,1.0,0.6,0.6,60,0.0285623023983295,0,0,40,1.0,2,0,0.25,0.01,0.75,50.0,lesion,30.0,0.45,0.2,0.1,0.002,8.0
44,220,0.4021562709012498,0.5,-0.2087498738299687,0.0,0.125,0.0,honeycomb__markov__plastic__intr0__struct0__alpha_async__baseline__s1__3bc7f6b1bd,-0.0008692785825579,0.0077617917457456,0.25,False,0.7270857797304,0.002,0.01,markov,0.62,honeycomb,30,70,0.9,0.3433820315721756,0.3,0,0.42,0.08,140,0.3944865982474548,0.2,10,1.5053326301690773,3.8101169266922404e-18,0.2,plastic,calibration,,False,alpha_async,30,130,180,1,-1,1.0,0.6,0.6,60,0.0068125207598905,0,0,40,1.0,2,0,0.25,0.01,0.75,50.0,baseline,30.0,0.45,0.2,0.1,0.002,8.0
44,220,0.1208129120090317,0.5,0.5193466319206503,0.0,0.125,0.0,honeycomb__markov__plastic__intr0__struct0__alpha_async__lesion__s1__2a46c0eab5,0.3452308552451673,0.3046069487959681,0.25,False,0.2237494479582094,0.002,0.01,markov,0.58,honeycomb,30,70,0.9,0.1064465338693698,0.3,0,0.42,0.08,140,0.1209760547346611,0.3,10,1.0202449338938837,8.484537940035142e-18,0.2,plastic,calibration,0.3503796790003355,False,alpha_async,30,130,180,1,-1,1.0,0.6,0.6,60,0.1503637556283011,0,0,40,1.0,2,0,0.25,0.01,0.75,50.0,lesion,30.0,0.45,0.2,0.1,0.002,8.0
44,220,0.1112889169057373,0.5,0.5330690902546675,0.0,0.125,0.0,honeycomb__markov__plastic__intr0__struct0__alpha_async__lesion__s2__811f9ffbde,0.3342914000992487,0.2781038505444063,0.25,False,0.205409562998264,0.002,0.01,markov,0.68,honeycomb,30,70,0.9,0.0981126724489184,0.3,0,0.42,0.08,140,0.1150362984532416,0.4,10,0.971543679663671,5.4815004579707954e-18,0.2,plastic,calibration,0.2934903633195219,False,alpha_async,30,130,180,2,-1,1.0,0.6,0.6,60,0.1356822116430899,0,0,40,1.0,2,0,0.25,0.01,0.75,50.0,lesion,30.0,0.45,0.2,0.1,0.002,8.0
44,220,0.3938339110951763,0.5,-0.1995582865538259,0.0,0.125,0.2736654832613851,honeycomb__ql__plastic__intr0__struct0__alpha_async__baseline__s2__fba7cd69dc,-0.0195200948109184,0.0051471134863842,0.25,False,0.7115960572022904,0.002,0.01,ql,0.68,honeycomb,30,70,0.9,0.3487998913763765,0.3,0,0.42,0.08,140,0.3900506871583764,0.2,10,1.5249910435654548,1.6718975199976191e-18,0.2,plastic,calibration,,False,alpha_async,30,130,180,2,-1,1.0,0.6,0.6,60,0.0055108100107956,0,0,40,1.0,2,0,0.25,0.01,0.75,50.0,baseline,30.0,0.45,0.2,0.1,0.002,8.0
44,220,0.3069584385103336,0.5,0.1461835821487097,0.0,0.125,0.3916043519384347,honeycomb__ql__plastic__intr0__struct0__alpha_async__lesion__s2__846d0a4286,0.1001346712682641,0.0954218313263145,0.25,False,0.6504410491475124,0.002,0.01,ql,0.62,honeycomb,30,70,0.9,0.2384962211105314,0.3,0,0.42,0.08,140,0.2591705219175436,0.3,10,1.5247991493938742,3.779195066477951e-18,0.2,plastic,calibration,0.0832821585970823,False,alpha_async,30,130,180,2,-1,1.0,0.6,0.6,60,0.0837163258954874,0,0,40,1.0,2,0,0.25,0.01,0.75,50.0,lesion,30.0,0.45,0.2,0.1,0.002,8.0
44,220,0.4191706298627787,0.5,-0.2684663271898866,0.0,0.125,0.0,extended_moore_r2__markov__plastic__intr0__struct0__alpha_async__baseline__s2__45fbf3d71f,-0.0395986021404489,0.0084173750239014,0.25,False,0.73380089718776,0.002,0.01,markov,0.58,extended_moore_r2,30,70,0.9,0.3517434635271955,0.3,0,0.42,0.08,140,0.4160928048714989,0.4,10,0.6371424588822545,4.796022699588834e-18,0.2,plastic,calibration,,False,alpha_async,30,130,180,2,-1,1.0,0.6,0.6,60,0.0817682380405923,0,0,40,0.9996771694214877,2,0,0.25,0.01,0.75,50.0,baseline,30.0,0.45,0.2,0.1,0.002,8.0
44,220,0.3913565868982025,0.5,-0.0793492909218882,0.0,0.125,0.0,extended_moore_r2__markov__plastic__intr0__struct0__alpha_async__lesion__s2__275fcee586,0.0103485568205094,0.0457616009251968,0.25,False,0.6406874207246677,0.002,0.01,markov,0.58,extended_moore_r2,30,70,0.9,0.3487051262872213,0.3,0,0.42,0.08,140,0.2957160002861549,0.2,10,1.0780727065940852,5.376300794759616e-18,0.2,plastic,calibration,-0.0149045497982196,False,alpha_async,30,130,180,2,-1,1.0,0.6,0.6,60,0.0929447172982086,0,0,40,0.9996986914600552,2,0,0.25,0.01,0.75,50.0,lesion,30.0,0.45,0.2,0.1,0.002,8.0
44,220,0.4428179070684539,0.5,-0.0298065517895651,0.0,0.125,0.1408180015377836,extended_moore_r2__ql__plastic__intr0__struct0__alpha_async__baseline__s1__ede18692a3,0.0300019242862066,0.037943037932514,0.25,False,0.8215490710491002,0.002,0.01,ql,0.68,extended_moore_r2,30,70,0.9,0.2657160383128076,0.3,0,0.42,0.08,140,0.4356788840395225,0.3,10,0.8102053770992013,4.096960486242272e-18,0.2,plastic,calibration,,False,alpha_async,30,130,180,1,-1,1.0,0.6,0.6,60,0.0254021686384305,0,0,40,1.0,2,0,0.25,0.01,0.75,50.0,baseline,30.0,0.45,0.2,0.1,0.002,8.0
44,220,0.4178705979085821,0.5,-0.2662587308531435,0.0,0.125,0.2108520178924256,extended_moore_r2__ql__plastic__intr0__struct0__alpha_async__lesion__s1__3453094b36,0.0074758307006625,-0.0035446116700078,0.25,False,0.7034328895361491,0.002,0.01,ql,0.62,extended_moore_r2,30,70,0.9,0.3719942431416571,0.3,0,0.42,0.08,140,0.3750699211073633,0.4,10,0.6981626447487221,5.272656980208994e-18,0.2,plastic,calibration,-0.0125654259397078,False,alpha_async,30,130,180,1,-1,1.0,0.6,0.6,60,0.2141778197169014,0,0,40,0.99974173553719,2,0,0.25,0.01,0.75,50.0,lesion,30.0,0.45,0.2,0.1,0.002,8.0
44,220,0.4504137533037262,0.5,-0.013118675252228,0.0,0.125,0.0,extended_hex_r2__markov__plastic__intr0__struct0__alpha_async__baseline__s1__6f6ad9390b,-0.0238941223036763,-0.0450630939027891,0.25,False,0.890723584956284,0.002,0.01,markov,0.62,extended_hex_r2,30,70,0.9,0.2071176408128952,0.3,0,0.42,0.08,140,0.4420692648293351,0.2,10,0.719200398539126,4.3116380789362835e-18,0.2,plastic,calibration,,False,alpha_async,30,130,180,1,-1,1.0,0.6,0.6,60,0.0245175571085269,0,0,40,1.0,2,0,0.25,0.01,0.75,50.0,baseline,30.0,0.45,0.2,0.1,0.002,8.0
44,220,0.4300144618387864,0.5,0.0588662005728463,0.0,0.125,0.0,extended_hex_r2__markov__plastic__intr0__struct0__alpha_async__lesion__s1__385d7366ec,0.0384334145708379,0.0439141786340999,0.25,False,0.8915599291600024,0.002,0.01,markov,0.58,extended_hex_r2,30,70,0.9,0.1770808823151989,0.3,0,0.42,0.08,140,0.3360839053668918,0.3,10,0.5362831682597538,4.80757787666129e-18,0.2,plastic,calibration,-0.0802856377102123,False,alpha_async,30,130,180,1,-1,1.0,0.6,0.6,60,0.017854179133196,0,0,40,1.0,2,0,0.25,0.01,0.75,50.0,lesion,30.0,0.45,0.2,0.1,0.002,8.0
44,220,0.4575941227259926,0.5,0.0361137581278628,0.0,0.125,0.0,extended_hex_r2__markov__plastic__intr0__struct0__alpha_async__lesion__s2__838699d217,-0.0005524520853295,-0.0122986001105083,0.25,False,0.8372724099591711,0.002,0.01,markov,0.68,extended_hex_r2,30,70,0.9,0.2420814304143059,0.3,0,0.42,0.08,140,0.3462946739436371,0.4,10,0.9139709925716208,4.273321347647673e-18,0.2,plastic,calibration,-0.0337431918255896,False,alpha_async,30,130,180,2,-1,1.0,0.6,0.6,60,0.0104996761759072,0,0,40,1.0,2,0,0.25,0.01,0.75,50.0,lesion,30.0,0.45,0.2,0.1,0.002,8.0
44,220,0.4794032764335308,0.5,-0.0487895219230133,0.0,0.125,0.1254423851930973,extended_hex_r2__ql__plastic__intr0__struct0__alpha_async__baseline__s2__57bfdbf1c5,-0.0007170830215659,-0.0080601662381414,0.25,False,0.8412043339267916,0.002,0.01,ql,0.68,extended_hex_r2,30,70,0.9,0.2530447936364756,0.3,0,0.42,0.08,140,0.4402625959317959,0.2,10,0.7522095201109879,4.134398670966861e-18,0.2,plastic,calibration,,False,alpha_async,30,130,180,2,-1,1.0,0.6,0.6,60,0.0052901472397469,0,0,40,1.0,2,0,0.25,0.01,0.75,50.0,baseline,30.0,0.45,0.2,0.1,0.002,8.0
44,220,0.4642084800699394,0.5,-0.0526948837037888,0.0,0.125,0.1641572767621185,extended_hex_r2__ql__plastic__intr0__struct0__alpha_async__lesion__s2__07b6dfb043,0.0095019236620547,-0.0032167244670016,0.25,False,0.8895862035705755,0.002,0.01,ql,0.62,extended_hex_r2,30,70,0.9,0.2114932837735247,0.3,0,0.42,0.08,140,0.391124402708933,0.3,10,0.7356796381466015,4.366978428232472e-18,0.2,plastic,calibration,0.0052118562427125,False,alpha_async,30,130,180,2,-1,1.0,0.6,0.6,60,0.0070721120152344,0,0,40,1.0,2,0,0.25,0.01,0.75,50.0,lesion,30.0,0.45,0.2,0.1,0.002,8.0
44,220,0.4130951549716926,0.5,-0.3640011365576515,0.0,0.125,0.0,square_moore__markov__plastic__intr0__struct0__alpha_async__baseline__s1__e8eb64d365,-0.019851640628141,-0.0050650447245359,0.25,False,0.554297945452954,0.002,0.016,markov,0.62,square_moore,30,70,0.9,0.4811767351339547,0.3,0,0.42,0.08,140,0.4067376607704295,0.2,10,1.4875566875809991,6.077565474295077e-18,0.2,plastic,calibration,,False,alpha_async,30,130,180,1,-1,1.0,0.6,0.6,60,0.0507844660993156,0,0,40,1.0,2,0,0.25,0.01,0.75,50.0,baseline,30.0,0.45,0.2,0.1,0.002,8.0
44,220,0.285862063151909,0.5,0.0637253647763933,0.0,0.125,0.0,square_moore__markov__plastic__intr0__struct0__alpha_async__lesion__s1__60f21ad2ba,0.0948095938668641,0.0962510667430913,0.25,False,0.3830514612406194,0.002,0.016,markov,0.58,square_moore,30,70,0.9,0.3292993243417774,0.3,0,0.42,0.08,140,0.2228936062280659,0.3,10,1.5306790882207315,6.64368779573266e-18,0.2,plastic,calibration,0.0627898725277793,False,alpha_async,30,130,180,1,-1,1.0,0.6,0.6,60,0.0632497225581151,0,0,40,1.0,2,0,0.25,0.01,0.75,50.0,lesion,30.0,0.45,0.2,0.1,0.002,8.0
44,220,0.30654424916757,0.5,0.023441084608657,0.0,0.125,0.0,square_moore__markov__plastic__intr0__struct0__alpha_async__lesion__s2__82bd6ca6ca,0.0763219085304114,0.089125063778247,0.25,False,0.4165456002740257,0.002,0.016,markov,0.68,square_moore,30,70,0.9,0.3485502026770843,0.3,0,0.42,0.08,140,0.2373004479840353,0.4,10,1.5521064399888551,6.671486918658078e-18,0.2,plastic,calibration,0.0477807724871011,False,alpha_async,30,130,180,2,-1,1.0,0.6,0.6,60,0.0598063740124711,0,0,40,1.0,2,0,0.25,0.01,0.75,50.0,lesion,30.0,0.45,0.2,0.1,0.002,8.0
44,220,0.4121908749559653,0.5,-0.3489333586319095,0.0,0.125,0.2893470600430667,square_moore__ql__plastic__intr0__struct0__alpha_async__baseline__s2__f1a4690b09,0.0041693976935018,-0.0008344624229841,0.25,False,0.583880473129067,0.002,0.016,ql,0.68,square_moore,30,70,0.9,0.4652674124094649,0.3,0,0.42,0.08,140,0.4064890177440908,0.2,10,1.4647658599470246,7.127396277212435e-18,0.2,plastic,calibration,,False,alpha_async,30,130,180,2,-1,1.0,0.6,0.6,60,0.0560467847118909,0,0,40,1.0,2,0,0.25,0.01,0.75,50.0,baseline,30.0,0.45,0.2,0.1,0.002,8.0
44,220,0.4025781080552793,0.5,-0.3296552266004637,0.0,0.125,0.3144031482641279,square_moore__ql__plastic__intr0__struct0__alpha_async__lesion__s2__e3c0b90fa9,0.0136816171151445,0.0021764439705787,0.25,False,0.5756949744016606,0.002,0.016,ql,0.62,square_moore,30,70,0.9,0.4582290524690321,0.3,0,0.42,0.08,140,0.3331149338324723,0.3,10,1.5016028724091384,5.4096452515405005e-18,0.2,plastic,calibration,-0.0009301143618238,False,alpha_async,30,130,180,2,-1,1.0,0.6,0.6,60,0.0768425750492984,0,0,40,1.0,2,0,0.25,0.01,0.75,50.0,lesion,30.0,0.45,0.2,0.1,0.002,8.0
44,220,0.4218395420498016,0.5,-0.3612559212875275,0.0,0.125,0.0,hex_cells__markov__plastic__intr0__struct0__alpha_async__baseline__s2__be13f721bb,-0.008514120737474,0.0041042658825787,0.25,False,0.5874853676286698,0.002,0.016,markov,0.58,hex_cells,30,70,0.9,0.4675256945125003,0.3,0,0.42,0.08,140,0.4189433197415026,0.4,10,1.315118503260401,5.037941312716059e-18,0.2,plastic,calibration,,False,alpha_async,30,130,180,2,-1,1.0,0.6,0.6,60,0.0179469810773623,0,0,40,1.0,2,0,0.25,0.01,0.75,50.0,baseline,30.0,0.45,0.2,0.1,0.002,8.0
44,220,0.3279219475540561,0.5,0.0331553021957669,0.0,0.125,0.0,hex_cells__markov__plastic__intr0__struct0__alpha_async__lesion__s2__341106573d,0.0756241217792625,0.0539577124464324,0.25,False,0.4501565310701989,0.002,0.016,markov,0.58,hex_cells,30,70,0.9,0.3558267203161717,0.3,0,0.42,0.08,140,0.2534168222780458,0.2,10,1.5587950823283687,4.616141416765648e-18,0.2,plastic,calibration,0.0308942843222961,False,alpha_async,30,130,180,2,-1,1.0,0.6,0.6,60,0.0552309459597914,0,0,40,1.0,2,0,0.25,0.01,0.75,50.0,lesion,30.0,0.45,0.2,0.1,0.002,8.0
44,220,0.4338378612192675,0.5,-0.3421773546517634,0.0,0.125,0.2759152360718861,hex_cells__ql__plastic__intr0__struct0__alpha_async__baseline__s1__ef58f7e69b,0.0146066901435034,0.0053938471356591,0.25,False,0.6185625497336135,0.002,0.016,ql,0.68,hex_cells,30,70,0.9,0.4544914300231731,0.3,0,0.42,0.08,140,0.423412093316504,0.3,10,1.2792028403543343,3.3213732847259797e-18,0.2,plastic,calibration,,False,alpha_async,30,130,180,1,-1,1.0,0.6,0.6,60,0.0195010987363899,0,0,40,1.0,2,0,0.25,0.01,0.75,50.0,baseline,30.0,0.45,0.2,0.1,0.002,8.0
44,220,0.4272103037634021,0.5,-0.36393931630691,0.0,0.125,0.2919027456281287,hex_cells__ql__plastic__intr0__struct0__alpha_async__lesion__s1__3427236e75,-0.0034990954238599,-0.0151288984206084,0.25,False,0.6079167144043554,0.002,0.016,ql,0.62,hex_cells,30,70,0.9,0.4674928265484792,0.3,0,0.42,0.08,140,0.3559757833080467,0.4,10,1.29963219471894,3.810692782466966e-18,0.2,plastic,calibration,-0.0046835863061263,False,alpha_async,30,130,180,1,-1,1.0,0.6,0.6,60,0.0221703327675122,0,0,40,1.0,2,0,0.25,0.01,0.75,50.0,lesion,30.0,0.45,0.2,0.1,0.002,8.0
44,220,0.4047282641980007,0.5,-0.2500191296228351,0.0,0.125,0.0,honeycomb__markov__plastic__intr0__struct0__alpha_async__baseline__s1__31c0fd056d,0.0052315689722408,-0.0059583446888837,0.25,False,0.728088406123216,0.002,0.016,markov,0.62,honeycomb,30,70,0.9,0.3521409415996551,0.3,0,0.42,0.08,140,0.3974230152990718,0.2,10,1.5192126401469732,2.1001945328961856e-18,0.2,plastic,calibration,,False,alpha_async,30,130,180,1,-1,1.0,0.6,0.6,60,0.0066043619485935,0,0,40,1.0,2,0,0.25,0.01,0.75,50.0,baseline,30.0,0.45,0.2,0.1,0.002,8.0
44,220,0.1158756175098713,0.5,0.5271898377554259,0.0,0.125,0.0,honeycomb__markov__plastic__intr0__struct0__alpha_async__lesion__s1__648a1cb142,0.3533279622024108,0.3079613322226457,0.25,False,0.2184258388165291,0.002,0.016,markov,0.58,honeycomb,30,70,0.9,0.1012552101806105,0.3,0,0.42,0.08,140,0.1177124567793875,0.3,10,0.9910631537913676,4.135807867572703e-18,0.2,plastic,calibration,0.3167189334678159,False,alpha_async,30,130,180,1,-1,1.0,0.6,0.6,60,0.1299488302571466,0,0,40,1.0,2,0,0.25,0.01,0.75,50.0,lesion,30.0,0.45,0.2,0.1,0.002,8.0
44,220,0.1214418542752282,0.5,0.5023899674656122,0.0,0.125,0.0,honeycomb__markov__plastic__intr0__struct0__alpha_async__lesion__s2__b3f391d5ff,0.3253606972207556,0.3002232570579675,0.25,False,0.2236142847796229,0.002,0.016,markov,0.68,honeycomb,30,70,0.9,0.1101657061725882,0.3,0,0.42,0.08,140,0.12262023492085,0.4,10,1.023308018277052,4.3648780313666624e-18,0.2,plastic,calibration,0.3118613121919716,False,alpha_async,30,130,180,2,-1,1.0,0.6,0.6,60,0.1399412608370454,0,0,40,1.0,2,0,0.25,0.01,0.75,50.0,lesion,30.0,0.45,0.2,0.1,0.002,8.0
44,220,0.3982431010321443,0.5,-0.188518473175392,0.0,0.125,0.2793953713188482,honeycomb__ql__plastic__intr0__struct0__alpha_async__baseline__s2__2309bc2754,-0.0007919891745679,0.0158577820226626,0.25,False,0.7171803756073819,0.002,0.016,ql,0.68,honeycomb,30,70,0.9,0.346160528197773,0.3,0,0.42,0.08,140,0.388627847747758,0.2,10,1.5292634718130675,2.3493819074068187e-18,0.2,plastic,calibration,,False,alpha_async,30,130,180,2,-1,1.0,0.6,0.6,60,0.0049242148507605,0,0,40,1.0,2,0,0.25,0.01,0.75,50.0,baseline,30.0,0.45,0.2,0.1,0.002,8.0
44,220,0.3124205675040735,0.5,0.1247400285568474,0.0,0.125,0.3827008219740495,honeycomb__ql__plastic__intr0__struct0__alpha_async__lesion__s2__cb54087288,0.0962644561986241,0.0892059593152451,0.25,False,0.6542860948463054,0.002,0.016,ql,0.62,honeycomb,30,70,0.9,0.2454403930077058,0.3,0,0.42,0.08,140,0.2626029361184361,0.3,10,1.5242950431553617,3.942322841976649e-18,0.2,plastic,calibration,0.0787847861967358,False,alpha_async,30,130,180,2,-1,1.0,0.6,0.6,60,0.0772512593456368,0,0,40,1.0,2,0,0.25,0.01,0.75,50.0,lesion,30.0,0.45,0.2,0.1,0.002,8.0
44,220,0.410524652646988,0.5,-0.2056953793753677,0.0,0.125,0.0,extended_moore_r2__markov__plastic__intr0__struct0__alpha_async__baseline__s2__039f89ebd9,-0.0025530987181291,-0.0051998361283762,0.25,False,0.8220939895603875,0.002,0.016,markov,0.58,extended_moore_r2,30,70,0.9,0.2661528847940054,0.3,0,0.42,0.08,140,0.4109143300733711,0.4,10,0.395181266748946,4.461443228400115e-18,0.2,plastic,calibration,,False,alpha_async,30,130,180,2,-1,1.0,0.6,0.6,60,0.0757351683474201,0,0,40,0.9862689393939394,2,0,0.25,0.01,0.75,50.0,baseline,30.0,0.45,0.2,0.1,0.002,8.0
44,220,0.3713961289351251,0.5,0.020210599092745,0.0,0.125,0.0,extended_moore_r2__markov__plastic__intr0__struct0__alpha_async__lesion__s2__266dac6606,0.0452446382328613,0.051659247407309,0.25,False,0.6610259739229913,0.002,0.016,markov,0.58,extended_moore_r2,30,70,0.9,0.3042094122935113,0.3,0,0.42,0.08,140,0.2809946648766514,0.2,10,1.0751798890627744,4.12562947276996e-18,0.2,plastic,calibration,0.011681788529085,False,alpha_async,30,130,180,2,-1,1.0,0.6,0.6,60,0.0713930286870802,0,0,40,0.9937801308539944,2,0,0.25,0.01,0.75,50.0,lesion,30.0,0.45,0.2,0.1,0.002,8.0
44,220,0.4407769567171495,0.5,-0.0073330864942544,0.0,0.125,0.136544606787116,extended_moore_r2__ql__plastic__intr0__struct0__alpha_async__baseline__s1__fb0ac21957,0.0314503747979643,0.0369595075897555,0.25,False,0.8293404797543373,0.002,0.016,ql,0.68,extended_moore_r2,30,70,0.9,0.2558652008562844,0.3,0,0.42,0.08,140,0.4349393398437467,0.3,10,0.7817244370865367,4.185695017375347e-18,0.2,plastic,calibration,,False,alpha_async,30,130,180,1,-1,1.0,0.6,0.6,60,0.0224412929951618,0,0,40,1.0,2,0,0.25,0.01,0.75,50.0,baseline,30.0,0.45,0.2,0.1,0.002,8.0
44,220,0.4206190695154077,0.5,-0.2546877028064271,0.0,0.125,0.2069296916987985,extended_moore_r2__ql__plastic__intr0__struct0__alpha_async__lesion__s1__953fb278a4,-0.0043613334922155,-0.0235190316482883,0.25,False,0.7423487820025502,0.002,0.016,ql,0.62,extended_moore_r2,30,70,0.9,0.348616133621384,0.3,0,0.42,0.08,140,0.3678753060122887,0.4,10,0.6758843868682998,6.0398833322504065e-18,0.2,plastic,calibration,0.0002337593466646,False,alpha_async,30,130,180,1,-1,1.0,0.6,0.6,60,0.099906908372029,0,0,40,0.9945979683195592,2,0,0.25,0.01,0.75,50.0,lesion,30.0,0.45,0.2,0.1,0.002,8.0
44,220,0.4492143545783175,0.5,-0.0120717041137327,0.0,0.125,0.0,extended_hex_r2__markov__plastic__intr0__struct0__alpha_async__baseline__s1__a0a05bb60b,-0.0237157324780114,-0.0442234217105572,0.25,False,0.8921975711978813,0.002,0.016,markov,0.62,extended_hex_r2,30,70,0.9,0.2052770009923885,0.3,0,0.42,0.08,140,0.4411687018057353,0.2,10,0.706667155116192,4.1870762363800456e-18,0.2,plastic,calibration,,False,alpha_async,30,130,180,1,-1,1.0,0.6,0.6,60,0.0249509411454773,0,0,40,1.0,2,0,0.25,0.01,0.75,50.0,baseline,30.0,0.45,0.2,0.1,0.002,8.0
44,220,0.4230853875715196,0.5,0.074103619533088,0.0,0.125,0.0,extended_hex_r2__markov__plastic__intr0__struct0__alpha_async__lesion__s1__9e256c6458,0.032455955522246,0.0312269135856646,0.25,False,0.8830434715482511,0.002,0.016,markov,0.58,extended_hex_r2,30,70,0.9,0.1782178850416452,0.3,0,0.42,0.08,140,0.3316493891391192,0.3,10,0.4892411105394781,3.817067329621876e-18,0.2,plastic,calibration,-0.0806841283493024,False,alpha_async,30,130,180,1,-1,1.0,0.6,0.6,60,0.0173917215864474,0,0,40,1.0,2,0,0.25,0.01,0.75,50.0,lesion,30.0,0.45,0.2,0.1,0.002,8.0
44,220,0.4492274616876632,0.5,0.0615510908148832,0.0,0.125,0.0,extended_hex_r2__markov__plastic__intr0__struct0__alpha_async__lesion__s2__3cb2ead7d6,-0.0276443336274427,-0.0266681605772643,0.25,False,0.8352217940951894,0.002,0.016,markov,0.68,extended_hex_r2,30,70,0.9,0.237504744516578,0.3,0,0.42,0.08,140,0.3413709113916642,0.4,10,0.9423859376614512,4.4235077503543234e-18,0.2,plastic,calibration,-0.0066723072488278,False,alpha_async,30,130,180,2,-1,1.0,0.6,0.6,60,0.0144545527401631,0,0,40,0.9999426078971534,2,0,0.25,0.01,0.75,50.0,lesion,30.0,0.45,0.2,0.1,0.002,8.0
44,220,0.4781307758299235,0.5,-0.0480645503226632,0.0,0.125,0.1255705389352343,extended_hex_r2__ql__plastic__intr0__struct0__alpha_async__baseline__s2__e3c028245b,-0.0020943364658874,-0.0085223961493949,0.25,False,0.8418261776852318,0.002,0.016,ql,0.68,extended_hex_r2,30,70,0.9,0.2523749894694932,0.3,0,0.42,0.08,140,0.4394201488837699,0.2,10,0.7519854732803263,4.800324524582736e-18,0.2,plastic,calibration,,False,alpha_async,30,130,180,2,-1,1.0,0.6,0.6,60,0.0053994702508182,0,0,40,1.0,2,0,0.25,0.01,0.75,50.0,baseline,30.0,0.45,0.2,0.1,0.002,8.0
44,220,0.4611609900034286,0.5,-0.0410627580485621,0.0,0.125,0.1647345970275761,extended_hex_r2__ql__plastic__intr0__struct0__alpha_async__lesion__s2__6d98af3422,-0.0055038977355669,-0.0147226086014905,0.25,False,0.8896887294356614,0.002,0.016,ql,0.62,extended_hex_r2,30,70,0.9,0.2103730757132833,0.3,0,0.42,0.08,140,0.390374781683377,0.3,10,0.7347657676319547,4.2279393147359706e-18,0.2,plastic,calibration,-0.0043875866242552,False,alpha_async,30,130,180,2,-1,1.0,0.6,0.6,60,0.0064598297183618,0,0,40,1.0,2,0,0.25,0.01,0.75,50.0,lesion,30.0,0.45,0.2,0.1,0.002,8.0
44,220,0.4188775964220579,0.5,-0.3842987328671015,0.0,0.125,0.0,square_moore__markov__plastic__intr0__struct0__alpha_async__baseline__s1__8ed7adf7ac,-0.0075056578429534,0.0062869827861641,0.25,False,0.4827898940782013,0.002,0.006,markov,0.62,square_moore,30,70,0.9,0.5191089485646985,0.3,0,0.42,0.08,140,0.4118794365991137,0.3,10,1.5414864104214423,5.2268280951974275e-18,0.2,plastic,calibration,,False,alpha_async,30,130,180,1,-1,1.0,0.6,0.6,60,0.0577567223931609,0,0,40,1.0,2,0,0.25,0.01,0.75,50.0,baseline,30.0,0.45,0.2,0.1,0.002,8.0
44,220,0.264642342760438,0.5,0.1668284745963323,0.0,0.125,0.0,square_moore__markov__plastic__intr0__struct0__alpha_async__lesion__s1__267092ccb0,0.138196858535689,0.1193272700290791,0.25,False,0.3863912489371371,0.002,0.006,markov,0.58,square_moore,30,70,0.9,0.2821746078997054,0.3,0,0.42,0.08,140,0.2096708281678324,0.4,10,1.5069227727376096,9.37378421713649e-18,0.2,plastic,calibration,0.0925836944882949,False,alpha_async,30,130,180,1,-1,1.0,0.6,0.6,60,0.0862657566525915,0,0,40,1.0,2,0,0.25,0.01,0.75,50.0,lesion,30.0,0.45,0.2,0.1,0.002,8.0
44,220,0.4213734478004866,0.5,-0.389279181550489,0.0,0.125,0.3061275949037051,square_moore__ql__plastic__intr0__struct0__alpha_async__baseline__s1__7e5bcb653e,0.0043342224235109,0.0062670126077236,0.25,False,0.510269334867293,0.002,0.006,ql,0.58,square_moore,30,70,0.9,0.5147144998069406,0.3,0,0.42,0.08,140,0.4125492252348339,0.2,10,1.5157614347546795,5.025474653282477e-18,0.2,plastic,calibration,,False,alpha_async,30,130,180,1,-1,1.0,0.6,0.6,60,0.1068062434010575,0,0,40,1.0,2,0,0.25,0.01,0.75,50.0,baseline,30.0,0.45,0.2,0.1,0.002,8.0
44,220,0.4235210266723502,0.5,-0.3892910935455956,0.0,0.125,0.3037784310501829,square_moore__ql__plastic__intr0__struct0__alpha_async__baseline__s2__9eca9a19e2,-0.0031177539882021,0.0009406016657092,0.25,False,0.5053079401683367,0.002,0.006,ql,0.68,square_moore,30,70,0.9,0.5178123395181474,0.3,0,0.42,0.08,140,0.4150044245934289,0.3,10,1.5137828721881668,5.18220052790873e-18,0.2,plastic,calibration,,False,alpha_async,30,130,180,2,-1,1.0,0.6,0.6,60,0.1689298352432623,0,0,40,1.0,2,0,0.25,0.01,0.75,50.0,baseline,30.0,0.45,0.2,0.1,0.002,8.0
44,220,0.4036944923094186,0.5,-0.3043806386861643,0.0,0.125,0.3280912329632574,square_moore__ql__plastic__intr0__struct0__alpha_async__lesion__s2__0c20c84d01,0.0075169353898306,-0.0161993235505415,0.25,False,0.6067910155921654,0.002,0.006,ql,0.62,square_moore,30,70,0.9,0.4345327774633721,0.3,0,0.42,0.08,140,0.3316912674386333,0.4,10,1.4603417677848547,5.444257507065251e-18,0.2,plastic,calibration,-0.0027276872393519,False,alpha_async,30,130,180,2,-1,1.0,0.6,0.6,60,0.0523986996521792,0,0,40,1.0,2,0,0.25,0.01,0.75,50.0,lesion,30.0,0.45,0.2,0.1,0.002,8.0
44,220,0.4321171943061503,0.5,-0.3918010945949737,0.0,0.125,0.0,hex_cells__markov__plastic__intr0__struct0__alpha_async__baseline__s2__a49f5e257b,0.0066422300524105,-0.0052986542294117,0.25,False,0.5529511073999429,0.002,0.006,markov,0.62,hex_cells,30,70,0.9,0.5017045129761211,0.3,0,0.42,0.08,140,0.4282154910054308,0.2,10,1.3681990656344565,4.187610960751444e-18,0.2,plastic,calibration,,False,alpha_async,30,130,180,2,-1,1.0,0.6,0.6,60,0.0275903043647612,0,0,40,1.0,2,0,0.25,0.01,0.75,50.0,baseline,30.0,0.45,0.2,0.1,0.002,8.0
44,220,0.3464848110458731,0.5,-0.0056537611656246,0.0,0.125,0.0,hex_cells__markov__plastic__intr0__struct0__alpha_async__lesion__s2__fd868e53c9,0.0828712323095999,0.0776157293546606,0.25,False,0.446613078388794,0.002,0.006,markov,0.58,hex_cells,30,70,0.9,0.3829108488592136,0.3,0,0.42,0.08,140,0.2660548063247661,0.3,10,1.5631792264354831,4.063563455661812e-18,0.2,plastic,calibration,0.0537556126758816,False,alpha_async,30,130,180,2,-1,1.0,0.6,0.6,60,0.054400414110828,0,0,40,1.0,2,0,0.25,0.01,0.75,50.0,lesion,30.0,0.45,0.2,0.1,0.002,8.0
44,220,0.4342270606389882,0.5,-0.3797500941048299,0.0,0.125,0.2708477489932627,hex_cells__ql__plastic__intr0__struct0__alpha_async__baseline__s1__5b7f175da4,0.0118720363775215,0.0045121566463334,0.25,False,0.5933185068237066,0.002,0.006,ql,0.68,hex_cells,30,70,0.9,0.484628306051727,0.3,0,0.42,0.08,140,0.4304955671231986,0.4,10,1.3250942144190354,2.6138618890021747e-18,0.2,plastic,calibration,,False,alpha_async,30,130,180,1,-1,1.0,0.6,0.6,60,0.0579232884782632,0,0,40,1.0,2,0,0.25,0.01,0.75,50.0,baseline,30.0,0.45,0.2,0.1,0.002,8.0
44,220,0.4457712906156967,0.5,-0.3949898528893239,0.0,0.125,0.2893330448877455,hex_cells__ql__plastic__intr0__struct0__alpha_async__lesion__s1__61208fd66c,0.0019843755586527,0.00204938904087,0.25,False,0.5989345491643405,0.002,0.006,ql,0.68,hex_cells,30,70,0.9,0.4900963633946507,0.3,0,0.42,0.08,140,0.3740187576673043,0.2,10,1.2368724122732564,4.723899959549965e-18,0.2,plastic,calibration,0.0093671294965334,False,alpha_async,30,130,180,1,-1,1.0,0.6,0.6,60,0.0594268717779709,0,0,40,1.0,2,0,0.25,0.01,0.75,50.0,lesion,30.0,0.45,0.2,0.1,0.002,8.0
44,220,0.4027123757932563,0.5,-0.2205484546061558,0.0,0.125,0.0,honeycomb__markov__plastic__intr0__struct0__alpha_async__baseline__s1__0fb02b7a4e,-0.0178758314563941,0.0080850337712099,0.25,False,0.7287373326937996,0.002,0.006,markov,0.62,honeycomb,30,70,0.9,0.3456696366731436,0.3,0,0.42,0.08,140,0.3961072950637494,0.3,10,1.510164868899997,3.916014544574729e-18,0.2,plastic,calibration,,False,alpha_async,30,130,180,1,-1,1.0,0.6,0.6,60,0.0060610903232082,0,0,40,1.0,2,0,0.25,0.01,0.75,50.0,baseline,30.0,0.45,0.2,0.1,0.002,8.0
44,220,0.1136758258420769,0.5,0.5296771907620355,0.0,0.125,0.0,honeycomb__markov__plastic__intr0__struct0__alpha_async__lesion__s1__302ef4e1d5,0.3701265097852174,0.3153127342256446,0.25,False,0.2094176621257105,0.002,0.006,markov,0.58,honeycomb,30,70,0.9,0.1003052538025674,0.3,0,0.42,0.08,140,0.116084268971924,0.4,10,0.9872685830313728,3.326710481460399e-18,0.2,plastic,calibration,0.331378554689765,False,alpha_async,30,130,180,1,-1,1.0,0.6,0.6,60,0.1416229850611661,0,0,40,1.0,2,0,0.25,0.01,0.75,50.0,lesion,30.0,0.45,0.2,0.1,0.002,8.0
44,220,0.3990128421354213,0.5,-0.2431713145957978,0.0,0.125,0.2688215527870424,honeycomb__ql__plastic__intr0__struct0__alpha_async__baseline__s1__7acd15fb1c,-0.0038809856910595,0.0013114062268367,0.25,False,0.7472581419700633,0.002,0.006,ql,0.58,honeycomb,30,70,0.9,0.3362033349664185,0.3,0,0.42,0.08,140,0.3946694436566317,0.2,10,1.4589086584713835,3.8806595055444536e-18,0.2,plastic,calibration,,False,alpha_async,30,130,180,1,-1,1.0,0.6,0.6,60,0.0070314544599472,0,0,40,1.0,2,0,0.25,0.01,0.75,50.0,baseline,30.0,0.45,0.2,0.1,0.002,8.0
44,220,0.3923070652556417,0.5,-0.176122420169986,0.0,0.125,0.2802000320971229,honeycomb__ql__plastic__intr0__struct0__alpha_async__baseline__s2__2086417987,0.001016900321724,0.0023384373245356,0.25,False,0.7121783859303521,0.002,0.006,ql,0.68,honeycomb,30,70,0.9,0.342335092384771,0.3,0,0.42,0.08,140,0.3885255164507504,0.3,10,1.5016059969581357,3.80872517973e-18,0.2,plastic,calibration,,False,alpha_async,30,130,180,2,-1,1.0,0.6,0.6,60,0.0053379562973413,0,0,40,1.0,2,0,0.25,0.01,0.75,50.0,baseline,30.0,0.45,0.2,0.1,0.002,8.0
44,220,0.3142181112296102,0.5,0.1271815029124821,0.0,0.125,0.3852203001808757,honeycomb__ql__plastic__intr0__struct0__alpha_async__lesion__s2__b4ffe810f6,0.0950194776073835,0.0937632476617326,0.25,False,0.6580751028597842,0.002,0.006,ql,0.62,honeycomb,30,70,0.9,0.2468684634170416,0.3,0,0.42,0.08,140,0.2683968659498776,0.4,10,1.527213316997517,2.308124157811315e-18,0.2,plastic,calibration,0.0750249888100925,False,alpha_async,30,130,180,2,-1,1.0,0.6,0.6,60,0.0738795868541093,0,0,40,1.0,2,0,0.25,0.01,0.75,50.0,lesion,30.0,0.45,0.2,0.1,0.002,8.0
44,220,0.4282819273042106,0.5,-0.2778749198129924,0.0,0.125,0.0,extended_moore_r2__markov__plastic__intr0__struct0__alpha_async__baseline__s2__b8183bfd52,-0.0050609130721958,-0.0155138303124977,0.25,False,0.6330710293184245,0.002,0.006,markov,0.62,extended_moore_r2,30,70,0.9,0.4215121121322931,0.3,0,0.42,0.08,140,0.4234597061355187,0.2,10,0.8360216073228113,3.860278291362345e-18,0.2,plastic,calibration,,False,alpha_async,30,130,180,2,-1,1.0,0.6,0.6,60,0.1449248450297726,0,0,40,1.0,2,0,0.25,0.01,0.75,50.0,baseline,30.0,0.45,0.2,0.1,0.002,8.0
44,220,0.3923679663673675,0.5,-0.0892912773916824,0.0,0.125,0.0,extended_moore_r2__markov__plastic__intr0__struct0__alpha_async__lesion__s2__acdc7d54e6,0.0173638423994773,0.0373547342886418,0.25,False,0.5755889526015261,0.002,0.006,markov,0.58,extended_moore_r2,30,70,0.9,0.3794178373795784,0.3,0,0.42,0.08,140,0.2967208272890136,0.3,10,1.1851862141646132,4.292609642837138e-18,0.2,plastic,calibration,-0.0182447464959148,False,alpha_async,30,130,180,2,-1,1.0,0.6,0.6,60,0.1750049869979887,0,0,40,1.0,2,0,0.25,0.01,0.75,50.0,lesion,30.0,0.45,0.2,0.1,0.002,8.0
44,220,0.4787962564157853,0.5,-0.0439326770763159,0.0,0.125,0.1290239690910653,extended_moore_r2__ql__plastic__intr0__struct0__alpha_async__baseline__s1__61c7009dca,-0.010656924767656,0.0068153211316488,0.25,False,0.826343283323774,0.002,0.006,ql,0.68,extended_moore_r2,30,70,0.9,0.2616297179554046,0.3,0,0.42,0.08,140,0.4380477796194471,0.4,10,0.7187026071670706,4.8155401894279435e-18,0.2,plastic,calibration,,False,alpha_async,30,130,180,1,-1,1.0,0.6,0.6,60,0.0055893578029601,0,0,40,1.0,2,0,0.25,0.01,0.75,50.0,baseline,30.0,0.45,0.2,0.1,0.002,8.0
44,220,0.4177723958568818,0.5,-0.0457686369444537,0.0,0.125,0.1697158357653846,extended_moore_r2__ql__plastic__intr0__struct0__alpha_async__lesion__s1__3fece211e6,0.0118040507628032,-0.0038794105797974,0.25,False,0.8054416312285182,0.002,0.006,ql,0.68,extended_moore_r2,30,70,0.9,0.2606523900173524,0.3,0,0.42,0.08,140,0.3944746634378526,0.2,10,0.2529223512709543,4.636673154591141e-18,0.2,plastic,calibration,0.0284224270886955,False,alpha_async,30,130,180,1,-1,1.0,0.6,0.6,60,0.0045932306959939,0,0,40,1.0,2,0,0.25,0.01,0.75,50.0,lesion,30.0,0.45,0.2,0.1,0.002,8.0
44,220,0.4657886727848634,0.5,-0.0565165932754036,0.0,0.125,0.0,extended_hex_r2__markov__plastic__intr0__struct0__alpha_async__baseline__s1__7966c3fb74,-0.0307962659116656,-0.023067686106195,0.25,False,0.889003766958586,0.002,0.006,markov,0.62,extended_hex_r2,30,70,0.9,0.2140641810099365,0.3,0,0.42,0.08,140,0.4406250652426657,0.3,10,0.7366156488809085,3.676845483667783e-18,0.2,plastic,calibration,,False,alpha_async,30,130,180,1,-1,1.0,0.6,0.6,60,0.0068517346621384,0,0,40,1.0,2,0,0.25,0.01,0.75,50.0,baseline,30.0,0.45,0.2,0.1,0.002,8.0
44,220,0.4303287998052985,0.5,0.0574804226527791,0.0,0.125,0.0,extended_hex_r2__markov__plastic__intr0__struct0__alpha_async__lesion__s1__28c93e5930,0.0414425060351538,0.0496041229933401,0.25,False,0.8908996241290358,0.002,0.006,markov,0.58,extended_hex_r2,30,70,0.9,0.17857182788727,0.3,0,0.42,0.08,140,0.3364042746232673,0.4,10,0.5565966468143133,4.159171794198081e-18,0.2,plastic,calibration,-0.0718315270351521,False,alpha_async,30,130,180,1,-1,1.0,0.6,0.6,60,0.0204006566384246,0,0,40,1.0,2,0,0.25,0.01,0.75,50.0,lesion,30.0,0.45,0.2,0.1,0.002,8.0
44,220,0.4305049839488162,0.5,-0.0895526572972787,0.0,0.125,0.137297894783388,extended_hex_r2__ql__plastic__intr0__struct0__alpha_async__baseline__s1__d5a7a4e4b4,0.0005336712512227,-0.001216992158759,0.25,False,0.9000592164852211,0.002,0.006,ql,0.58,extended_hex_r2,30,70,0.9,0.1937449810300532,0.3,0,0.42,0.08,140,0.4411032414390476,0.2,10,0.2625280758560575,3.821788883595035e-18,0.2,plastic,calibration,,False,alpha_async,30,130,180,1,-1,1.0,0.6,0.6,60,0.0122494032373322,0,0,40,1.0,2,0,0.25,0.01,0.75,50.0,baseline,30.0,0.45,0.2,0.1,0.002,8.0
44,220,0.4803552988568771,0.5,-0.0491562775874961,0.0,0.125,0.1258867265285835,extended_hex_r2__ql__plastic__intr0__struct0__alpha_async__baseline__s2__db7deeda4b,2.042575164809773e-05,-0.007891056355719,0.25,False,0.8408396355309002,0.002,0.006,ql,0.68,extended_hex_r2,30,70,0.9,0.2534759081309809,0.3,0,0.42,0.08,140,0.4406381778709696,0.3,10,0.7470174625253296,3.888453206903651e-18,0.2,plastic,calibration,,False,alpha_async,30,130,180,2,-1,1.0,0.6,0.6,60,0.0052286190616069,0,0,40,1.0,2,0,0.25,0.01,0.75,50.0,baseline,30.0,0.45,0.2,0.1,0.002,8.0
44,220,0.4672782820097393,0.5,-0.0561619054802031,0.0,0.125,0.1644806275219774,extended_hex_r2__ql__plastic__intr0__struct0__alpha_async__lesion__s2__b043c9faca,0.0158328169625367,-0.0015503666744133,0.25,False,0.8868002537992967,0.002,0.006,ql,0.62,extended_hex_r2,30,70,0.9,0.2150863298502884,0.3,0,0.42,0.08,140,0.3910999433532394,0.4,10,0.7451954064437954,3.720598454787517e-18,0.2,plastic,calibration,0.0054953519410258,False,alpha_async,30,130,180,2,-1,1.0,0.6,0.6,60,0.0071869751762628,0,0,40,1.0,2,0,0.25,0.01,0.75,50.0,lesion,30.0,0.45,0.2,0.1,0.002,8.0
44,220,0.415356457618453,0.5,-0.3956823609639808,0.0,0.125,0.0,square_moore__markov__plastic__intr0__struct0__alpha_async__baseline__s1__61230dd293,-0.0099141761887612,-0.0046717312347575,0.25,False,0.4915500852890777,0.002,0.01,markov,0.62,square_moore,30,70,0.9,0.5185654491495486,0.3,0,0.42,0.08,140,0.40950606762234,0.3,10,1.5540694123472345,6.3152560715070114e-18,0.2,plastic,calibration,,False,alpha_async,30,130,180,1,-1,1.0,0.6,0.6,60,0.2225501997875778,0,0,40,1.0,2,0,0.25,0.01,0.75,50.0,baseline,30.0,0.45,0.2,0.1,0.002,8.0
44,220,0.270590128576843,0.5,0.1282711747876411,0.0,0.125,0.0,square_moore__markov__plastic__intr0__struct0__alpha_async__lesion__s1__76d600915c,0.1275815915614146,0.1122844422396894,0.25,False,0.3827636659628103,0.002,0.01,markov,0.58,square_moore,30,70,0.9,0.2977951827599177,0.3,0,0.42,0.08,140,0.2141298217344695,0.4,10,1.5129047444863442,7.63549086235969e-18,0.2,plastic,calibration,0.0895111247764799,False,alpha_async,30,130,180,1,-1,1.0,0.6,0.6,60,0.0681349808337467,0,0,40,1.0,2,0,0.25,0.01,0.75,50.0,lesion,30.0,0.45,0.2,0.1,0.002,8.0
44,220,0.4102576926928282,0.5,-0.3929896202349053,0.0,0.125,0.3005689493443601,square_moore__ql__plastic__intr0__struct0__alpha_async__baseline__s1__15bd60e29b,-0.0084257982453092,-0.0064143594525558,0.25,False,0.5342510561623351,0.002,0.01,ql,0.58,square_moore,30,70,0.9,0.501486326817139,0.3,0,0.42,0.08,140,0.4085055407358644,0.2,10,1.5426661652921192,6.3024507471251836e-18,0.2,plastic,calibration,,False,alpha_async,30,130,180,1,-1,1.0,0.6,0.6,60,0.1367212509044535,0,0,40,1.0,2,0,0.25,0.01,0.75,50.0,baseline,30.0,0.45,0.2,0.1,0.002,8.0
44,220,0.4131030179748282,0.5,-0.4058238740239119,0.0,0.125,0.2938405944568623,square_moore__ql__plastic__intr0__struct0__alpha_async__baseline__s2__85aa995fa1,0.0024941555302314,-0.0006719815603053,0.25,False,0.5018953353601363,0.002,0.01,ql,0.68,square_moore,30,70,0.9,0.5244720938573637,0.3,0,0.42,0.08,140,0.4091528285763114,0.3,10,1.554554899241228,7.20753505811945e-18,0.2,plastic,calibration,,False,alpha_async,30,130,180,2,-1,1.0,0.6,0.6,60,0.2546261742205251,0,0,40,1.0,2,0,0.25,0.01,0.75,50.0,baseline,30.0,0.45,0.2,0.1,0.002,8.0
44,220,0.4070291655458813,0.5,-0.3191911919639651,0.0,0.125,0.3229479315744937,square_moore__ql__plastic__intr0__struct0__alpha_async__lesion__s2__aef79d6add,0.0183667088871925,0.0004472743537186,0.25,False,0.5818752818964249,0.002,0.01,ql,0.62,square_moore,30,70,0.9,0.4520312316620286,0.3,0,0.42,0.08,140,0.3331793525967083,0.4,10,1.4687870816323445,4.201739764518871e-18,0.2,plastic,calibration,0.0133829345432654,False,alpha_async,30,130,180,2,-1,1.0,0.6,0.6,60,0.0615467620700677,0,0,40,1.0,2,0,0.25,0.01,0.75,50.0,lesion,30.0,0.45,0.2,0.1,0.002,8.0
44,220,0.4331655108365951,0.5,-0.3739132808210331,0.0,0.125,0.0,hex_cells__markov__plastic__intr0__struct0__alpha_async__baseline__s2__91a83b779c,-0.0098201286269456,-0.0043292972580696,0.25,False,0.5652840900642353,0.002,0.01,markov,0.62,hex_cells,30,70,0.9,0.4875355404319184,0.3,0,0.42,0.08,140,0.426653214026763,0.2,10,1.3151001673756426,2.5277473704561425e-18,0.2,plastic,calibration,,False,alpha_async,30,130,180,2,-1,1.0,0.6,0.6,60,0.0177956112835876,0,0,40,1.0,2,0,0.25,0.01,0.75,50.0,baseline,30.0,0.45,0.2,0.1,0.002,8.0
44,220,0.3349346609433289,0.5,0.0176636930727745,0.0,0.125,0.0,hex_cells__markov__plastic__intr0__struct0__alpha_async__lesion__s2__d5f2c03c42,0.0794889748075808,0.0604527888384673,0.25,False,0.4433155446611296,0.002,0.01,markov,0.58,hex_cells,30,70,0.9,0.3680620933072212,0.3,0,0.42,0.08,140,0.2599701693049311,0.3,10,1.5548366091855286,3.6481184218481865e-18,0.2,plastic,calibration,0.0475828374919909,False,alpha_async,30,130,180,2,-1,1.0,0.6,0.6,60,0.0557520947005389,0,0,40,1.0,2,0,0.25,0.01,0.75,50.0,lesion,30.0,0.45,0.2,0.1,0.002,8.0
44,220,0.4288514198545696,0.5,-0.3604544633628297,0.0,0.125,0.2800741880071562,hex_cells__ql__plastic__intr0__struct0__alpha_async__baseline__s1__84fd9ca3c0,0.0066386736318066,0.001277983348553,0.25,False,0.596501116229823,0.002,0.01,ql,0.68,hex_cells,30,70,0.9,0.472317704288862,0.3,0,0.42,0.08,140,0.4240229113564592,0.4,10,1.3260455433097234,3.807419898258839e-18,0.2,plastic,calibration,,False,alpha_async,30,130,180,1,-1,1.0,0.6,0.6,60,0.0225494255322955,0,0,40,1.0,2,0,0.25,0.01,0.75,50.0,baseline,30.0,0.45,0.2,0.1,0.002,8.0
44,220,0.4403758684968542,0.5,-0.376966666742377,0.0,0.125,0.287672158171234,hex_cells__ql__plastic__intr0__struct0__alpha_async__lesion__s1__2dec7101e6,-0.0004343496257206,0.0058124974659424,0.25,False,0.5847649451778141,0.002,0.01,ql,0.68,hex_cells,30,70,0.9,0.4904821483226529,0.3,0,0.42,0.08,140,0.3690774914386257,0.2,10,1.283136318253908,4.008668374660423e-18,0.2,plastic,calibration,1.1970452759773989e-06,False,alpha_async,30,130,180,1,-1,1.0,0.6,0.6,60,0.0149340659656179,0,0,40,1.0,2,0,0.25,0.01,0.75,50.0,lesion,30.0,0.45,0.2,0.1,0.002,8.0
44,220,0.401181148127775,0.5,-0.2120466893329061,0.0,0.125,0.0,honeycomb__markov__plastic__intr0__struct0__alpha_async__baseline__s1__0628008328,-0.027350093799708,-0.0128972439255037,0.25,False,0.7289517572808994,0.002,0.01,markov,0.62,honeycomb,30,70,0.9,0.3419141662273729,0.3,0,0.42,0.08,140,0.3953701424487718,0.3,10,1.4901017588341634,2.1630368300448826e-18,0.2,plastic,calibration,,False,alpha_async,30,130,180,1,-1,1.0,0.6,0.6,60,0.0054222856161679,0,0,40,1.0,2,0,0.25,0.01,0.75,50.0,baseline,30.0,0.45,0.2,0.1,0.002,8.0
44,220,0.1141353178869637,0.5,0.5575905917969606,0.0,0.125,0.0,honeycomb__markov__plastic__intr0__struct0__alpha_async__lesion__s1__47e1ed605f,0.3632449560454076,0.3253353233203645,0.25,False,0.2123245097938801,0.002,0.01,markov,0.58,honeycomb,30,70,0.9,0.0955886629144661,0.3,0,0.42,0.08,140,0.1135631179334342,0.4,10,0.990011588193723,6.607781778908784e-18,0.2,plastic,calibration,0.3321723429325954,False,alpha_async,30,130,180,1,-1,1.0,0.6,0.6,60,0.1405603866985188,0,0,40,1.0,2,0,0.25,0.01,0.75,50.0,lesion,30.0,0.45,0.2,0.1,0.002,8.0
44,220,0.4007515048981803,0.5,-0.2586163377719143,0.0,0.125,0.2707589672139209,honeycomb__ql__plastic__intr0__struct0__alpha_async__baseline__s1__5b075fe72e,-0.001160787662928,-0.0065732018053214,0.25,False,0.7402465481836631,0.002,0.01,ql,0.58,honeycomb,30,70,0.9,0.3433182210400575,0.3,0,0.42,0.08,140,0.3964736687942223,0.2,10,1.4882563265447697,3.808125584145322e-18,0.2,plastic,calibration,,False,alpha_async,30,130,180,1,-1,1.0,0.6,0.6,60,0.0076209729273054,0,0,40,1.0,2,0,0.25,0.01,0.75,50.0,baseline,30.0,0.45,0.2,0.1,0.002,8.0
44,220,0.397863832528871,0.5,-0.1860271897653163,0.0,0.125,0.2781415639067089,honeycomb__ql__plastic__intr0__struct0__alpha_async__baseline__s2__4ff87cd009,0.0075587543936328,-0.0093355893869861,0.25,False,0.7161332987393842,0.002,0.01,ql,0.68,honeycomb,30,70,0.9,0.3451366917924572,0.3,0,0.42,0.08,140,0.3890106542761822,0.3,10,1.5107391128062506,2.6607509887422633e-18,0.2,plastic,calibration,,False,alpha_async,30,130,180,2,-1,1.0,0.6,0.6,60,0.0051573305777091,0,0,40,1.0,2,0,0.25,0.01,0.75,50.0,baseline,30.0,0.45,0.2,0.1,0.002,8.0
44,220,0.3032564457245976,0.5,0.1555886145288106,0.0,0.125,0.3884163604065633,honeycomb__ql__plastic__intr0__struct0__alpha_async__lesion__s2__73fc840a51,0.1261588864967489,0.1096891188438734,0.25,False,0.6493045854913411,0.002,0.01,ql,0.62,honeycomb,30,70,0.9,0.2337320808828396,0.3,0,0.42,0.08,140,0.2605545866241919,0.4,10,1.5166850976412238,1.3139369643481588e-18,0.2,plastic,calibration,0.1195832048553997,False,alpha_async,30,130,180,2,-1,1.0,0.6,0.6,60,0.0906305386945879,0,0,40,1.0,2,0,0.25,0.01,0.75,50.0,lesion,30.0,0.45,0.2,0.1,0.002,8.0
44,220,0.4254083160500469,0.5,-0.254369870159483,0.0,0.125,0.0,extended_moore_r2__markov__plastic__intr0__struct0__alpha_async__baseline__s2__e7df59efcc,-0.0027686538039441,-0.0101669355934416,0.25,False,0.7398263451076408,0.002,0.01,markov,0.62,extended_moore_r2,30,70,0.9,0.3482693368824731,0.3,0,0.42,0.08,140,0.4193264268412093,0.2,10,0.7002489637996692,3.460562967611964e-18,0.2,plastic,calibration,,False,alpha_async,30,130,180,2,-1,1.0,0.6,0.6,60,0.1102865583571746,0,0,40,1.0,2,0,0.25,0.01,0.75,50.0,baseline,30.0,0.45,0.2,0.1,0.002,8.0
44,220,0.3804872010337692,0.5,-0.0359274103651143,0.0,0.125,0.0,extended_moore_r2__markov__plastic__intr0__struct0__alpha_async__lesion__s2__40b1006724,0.0193976838051857,0.053470726663193,0.25,False,0.6210047278492216,0.002,0.01,markov,0.58,extended_moore_r2,30,70,0.9,0.3418367594411189,0.3,0,0.42,0.08,140,0.287951977193179,0.3,10,1.1494830330399897,4.880294465257724e-18,0.2,plastic,calibration,-0.0062192266256407,False,alpha_async,30,130,180,2,-1,1.0,0.6,0.6,60,0.083498574330674,0,0,40,0.9996771694214877,2,0,0.25,0.01,0.75,50.0,lesion,30.0,0.45,0.2,0.1,0.002,8.0
44,220,0.4781166364265635,0.5,-0.0430139680194695,0.0,0.125,0.1256166448604112,extended_moore_r2__ql__plastic__intr0__struct0__alpha_async__baseline__s1__68faf62318,-0.0080261277442966,0.0069870208724985,0.25,False,0.8271407438979889,0.002,0.01,ql,0.68,extended_moore_r2,30,70,0.9,0.2609705563113113,0.3,0,0.42,0.08,140,0.4385672208715109,0.4,10,0.7256187774346097,4.6988747635744404e-18,0.2,plastic,calibration,,False,alpha_async,30,130,180,1,-1,1.0,0.6,0.6,60,0.0050795486486454,0,0,40,1.0,2,0,0.25,0.01,0.75,50.0,baseline,30.0,0.45,0.2,0.1,0.002,8.0
44,220,0.4170640154497137,0.5,-0.0451028281876378,0.0,0.125,0.1699341222742195,extended_moore_r2__ql__plastic__intr0__struct0__alpha_async__lesion__s1__a929f5ca45,0.012698699847604,-0.00400241965235,0.25,False,0.8056770550530878,0.002,0.01,ql,0.68,extended_moore_r2,30,70,0.9,0.2600292993355246,0.3,0,0.42,0.08,140,0.3932454384111248,0.2,10,0.2541174282773609,5.0461877831805485e-18,0.2,plastic,calibration,0.0288688168944048,False,alpha_async,30,130,180,1,-1,1.0,0.6,0.6,60,0.0046015138209775,0,0,40,0.999956955922865,2,0,0.25,0.01,0.75,50.0,lesion,30.0,0.45,0.2,0.1,0.002,8.0
44,220,0.4689796381428963,0.5,-0.0647919820073424,0.0,0.125,0.0,extended_hex_r2__markov__plastic__intr0__struct0__alpha_async__baseline__s1__3335ea6460,-0.005425642051812,-0.0012876982135817,0.25,False,0.8856771082291613,0.002,0.01,markov,0.62,extended_hex_r2,30,70,0.9,0.2179475658300452,0.3,0,0.42,0.08,140,0.4400601809798086,0.3,10,0.7490766748901093,4.138494117952836e-18,0.2,plastic,calibration,,False,alpha_async,30,130,180,1,-1,1.0,0.6,0.6,60,0.0062507189803381,0,0,40,1.0,2,0,0.25,0.01,0.75,50.0,baseline,30.0,0.45,0.2,0.1,0.002,8.0
44,220,0.4270637285854527,0.5,0.0698749991022184,0.0,0.125,0.0,extended_hex_r2__markov__plastic__intr0__struct0__alpha_async__lesion__s1__d8da147138,0.0405779389132355,0.0459021231582262,0.25,False,0.8872250477690001,0.002,0.01,markov,0.58,extended_hex_r2,30,70,0.9,0.1772574058114131,0.3,0,0.42,0.08,140,0.3336674978898934,0.4,10,0.5376165111984627,4.69946632941282e-18,0.2,plastic,calibration,-0.0754669010423116,False,alpha_async,30,130,180,1,-1,1.0,0.6,0.6,60,0.0209666785092172,0,0,40,1.0,2,0,0.25,0.01,0.75,50.0,lesion,30.0,0.45,0.2,0.1,0.002,8.0
44,220,0.4298725548117358,0.5,-0.0876265440903686,0.0,0.125,0.1370083754297164,extended_hex_r2__ql__plastic__intr0__struct0__alpha_async__baseline__s1__4e847abec2,0.0020752699495623,-0.0006293326735371,0.25,False,0.9004926602434831,0.002,0.01,ql,0.58,extended_hex_r2,30,70,0.9,0.1926960324034912,0.3,0,0.42,0.08,140,0.4404562404273041,0.2,10,0.2624501696780372,4.417885064965541e-18,0.2,plastic,calibration,,False,alpha_async,30,130,180,1,-1,1.0,0.6,0.6,60,0.0112637819840075,0,0,40,1.0,2,0,0.25,0.01,0.75,50.0,baseline,30.0,0.45,0.2,0.1,0.002,8.0
44,220,0.4797138072151595,0.5,-0.048097343785249,0.0,0.125,0.1260134898682096,extended_hex_r2__ql__plastic__intr0__struct0__alpha_async__baseline__s2__4c6bf7cbb7,-0.0010447848635093,-0.0082673235832625,0.25,False,0.8414260436099055,0.002,0.01,ql,0.68,extended_hex_r2,30,70,0.9,0.2527941432155025,0.3,0,0.42,0.08,140,0.4399542456935619,0.3,10,0.7501744830670921,4.3042681036939176e-18,0.2,plastic,calibration,,False,alpha_async,30,130,180,2,-1,1.0,0.6,0.6,60,0.0052406252086503,0,0,40,1.0,2,0,0.25,0.01,0.75,50.0,baseline,30.0,0.45,0.2,0.1,0.002,8.0
44,220,0.4616538836628046,0.5,-0.0412782571947464,0.0,0.125,0.1653551219600866,extended_hex_r2__ql__plastic__intr0__struct0__alpha_async__lesion__s2__081f7d386c,-0.0032803872224097,-0.0134827174702617,0.25,False,0.8892275098785207,0.002,0.01,ql,0.62,extended_hex_r2,30,70,0.9,0.2109816101199324,0.3,0,0.42,0.08,140,0.3904125492467479,0.4,10,0.7403253489685498,4.3532827314942616e-18,0.2,plastic,calibration,-0.0041281224171349,False,alpha_async,30,130,180,2,-1,1.0,0.6,0.6,60,0.006783051436593,0,0,40,1.0,2,0,0.25,0.01,0.75,50.0,lesion,30.0,0.45,0.2,0.1,0.002,8.0
44,220,0.4145325814333487,0.5,-0.3781424621716854,0.0,0.125,0.0,square_moore__markov__plastic__intr0__struct0__alpha_async__baseline__s1__d3e4000fc9,0.0016036268011147,-0.0048039801893568,0.25,False,0.5356605466924979,0.002,0.016,markov,0.62,square_moore,30,70,0.9,0.4941310304686914,0.3,0,0.42,0.08,140,0.4059467516994456,0.3,10,1.5119059215649933,5.8556806796537765e-18,0.2,plastic,calibration,,False,alpha_async,30,130,180,1,-1,1.0,0.6,0.6,60,0.1169635188372966,0,0,40,1.0,2,0,0.25,0.01,0.75,50.0,baseline,30.0,0.45,0.2,0.1,0.002,8.0
44,220,0.2665762568876026,0.5,0.1075375097588564,0.0,0.125,0.0,square_moore__markov__plastic__intr0__struct0__alpha_async__lesion__s1__2e560d30fe,0.1167997803700255,0.1157000094705774,0.25,False,0.3617097965678607,0.002,0.016,markov,0.58,square_moore,30,70,0.9,0.3055781773016202,0.3,0,0.42,0.08,140,0.2119504906088658,0.4,10,1.4992396007885849,8.196704653360611e-18,0.2,plastic,calibration,0.0853532252564849,False,alpha_async,30,130,180,1,-1,1.0,0.6,0.6,60,0.0615657202993202,0,0,40,1.0,2,0,0.25,0.01,0.75,50.0,lesion,30.0,0.45,0.2,0.1,0.002,8.0
44,220,0.4054246337183445,0.5,-0.3556411788618098,0.0,0.125,0.295422743455137,square_moore__ql__plastic__intr0__struct0__alpha_async__baseline__s1__3ffb26bbdb,-0.0062058842517044,-0.0084220002238889,0.25,False,0.5938611722328339,0.002,0.016,ql,0.58,square_moore,30,70,0.9,0.456792917670773,0.3,0,0.42,0.08,140,0.4013599616480832,0.2,10,1.4715469610961884,5.1697375579040896e-18,0.2,plastic,calibration,,False,alpha_async,30,130,180,1,-1,1.0,0.6,0.6,60,0.083494222017862,0,0,40,1.0,2,0,0.25,0.01,0.75,50.0,baseline,30.0,0.45,0.2,0.1,0.002,8.0
44,220,0.4050589383324325,0.5,-0.374370088007234,0.0,0.125,0.287113880912399,square_moore__ql__plastic__intr0__struct0__alpha_async__baseline__s2__8b971ce9fb,-0.0049697134894545,-0.0129294532309429,0.25,False,0.5448613859496927,0.002,0.016,ql,0.68,square_moore,30,70,0.9,0.4902468660206743,0.3,0,0.42,0.08,140,0.4037314073330515,0.3,10,1.5376378400197006,7.323930767548801e-18,0.2,plastic,calibration,,False,alpha_async,30,130,180,2,-1,1.0,0.6,0.6,60,0.1165873417323281,0,0,40,1.0,2,0,0.25,0.01,0.75,50.0,baseline,30.0,0.45,0.2,0.1,0.002,8.0
44,220,0.4027990864118845,0.5,-0.339842091053278,0.0,0.125,0.3176730180937671,square_moore__ql__plastic__intr0__struct0__alpha_async__lesion__s2__bd8957c335,0.0155552592889552,0.0072523225324991,0.25,False,0.5677663853596128,0.002,0.016,ql,0.62,square_moore,30,70,0.9,0.4624907368484366,0.3,0,0.42,0.08,140,0.3324461459808674,0.4,10,1.5176101725321427,5.782097697877877e-18,0.2,plastic,calibration,0.0020623113400627,False,alpha_async,30,130,180,2,-1,1.0,0.6,0.6,60,0.0855702109515502,0,0,40,1.0,2,0,0.25,0.01,0.75,50.0,lesion,30.0,0.45,0.2,0.1,0.002,8.0
44,220,0.427482234639,0.5,-0.3582618998259971,0.0,0.125,0.0,hex_cells__markov__plastic__intr0__struct0__alpha_async__baseline__s2__e27ef7943b,0.0229290020617777,-0.0125710133136986,0.25,False,0.5947426008457924,0.002,0.016,markov,0.62,hex_cells,30,70,0.9,0.4664921102594905,0.3,0,0.42,0.08,140,0.4222025375415036,0.2,10,1.286919390640897,4.2394977503590584e-18,0.2,plastic,calibration,,False,alpha_async,30,130,180,2,-1,1.0,0.6,0.6,60,0.0165566494388041,0,0,40,1.0,2,0,0.25,0.01,0.75,50.0,baseline,30.0,0.45,0.2,0.1,0.002,8.0
44,220,0.3233976049949041,0.5,0.0526968177498355,0.0,0.125,0.0,hex_cells__markov__plastic__intr0__struct0__alpha_async__lesion__s2__20269c8709,0.0848084543683359,0.0720270283292916,0.25,False,0.4511331557422006,0.002,0.016,markov,0.58,hex_cells,30,70,0.9,0.3472705746744924,0.3,0,0.42,0.08,140,0.2509119365073669,0.3,10,1.5496418828847347,4.002194928175983e-18,0.2,plastic,calibration,0.0435454813268569,False,alpha_async,30,130,180,2,-1,1.0,0.6,0.6,60,0.0686543927203298,0,0,40,1.0,2,0,0.25,0.01,0.75,50.0,lesion,30.0,0.45,0.2,0.1,0.002,8.0
44,220,0.429614650345262,0.5,-0.3456974404317181,0.0,0.125,0.2728551150708459,hex_cells__ql__plastic__intr0__struct0__alpha_async__baseline__s1__291bbbead3,0.0056108345024878,0.0109375701389154,0.25,False,0.6181562031044375,0.002,0.016,ql,0.68,hex_cells,30,70,0.9,0.4546428155182078,0.3,0,0.42,0.08,140,0.4217069996030947,0.4,10,1.2744350040009205,5.016509328510074e-18,0.2,plastic,calibration,,False,alpha_async,30,130,180,1,-1,1.0,0.6,0.6,60,0.0152075573549401,0,0,40,1.0,2,0,0.25,0.01,0.75,50.0,baseline,30.0,0.45,0.2,0.1,0.002,8.0
44,220,0.4310078684070755,0.5,-0.3732744657412271,0.0,0.125,0.2835725461007535,hex_cells__ql__plastic__intr0__struct0__alpha_async__lesion__s1__fdeec906c9,-0.0145671055817294,-0.0084564382797013,0.25,False,0.6020682851462414,0.002,0.016,ql,0.68,hex_cells,30,70,0.9,0.4763050648017867,0.3,0,0.42,0.08,140,0.3654749745930735,0.2,10,1.304832762464415,4.717789102200167e-18,0.2,plastic,calibration,-0.0102375453658917,False,alpha_async,30,130,180,1,-1,1.0,0.6,0.6,60,0.0260934900062886,0,0,40,1.0,2,0,0.25,0.01,0.75,50.0,lesion,30.0,0.45,0.2,0.1,0.002,8.0
44,220,0.3997776128950507,0.5,-0.2210805073574102,0.0,0.125,0.0,honeycomb__markov__plastic__intr0__struct0__alpha_async__baseline__s1__ed73869418,-0.0112978171356025,-0.0071874976300266,0.25,False,0.7290817018906877,0.002,0.016,markov,0.62,honeycomb,30,70,0.9,0.3426962359610166,0.3,0,0.42,0.08,140,0.3954526358914926,0.3,10,1.519247756622293,3.309716680008567e-18,0.2,plastic,calibration,,False,alpha_async,30,130,180,1,-1,1.0,0.6,0.6,60,0.0069640882276162,0,0,40,1.0,2,0,0.25,0.01,0.75,50.0,baseline,30.0,0.45,0.2,0.1,0.002,8.0
44,220,0.1164210474017352,0.5,0.5432615558461084,0.0,0.125,0.0,honeycomb__markov__plastic__intr0__struct0__alpha_async__lesion__s1__c79362747f,0.3479726444873572,0.3053396894383122,0.25,False,0.2196303310054103,0.002,0.016,markov,0.58,honeycomb,30,70,0.9,0.0998592804346014,0.3,0,0.42,0.08,140,0.1175283979628006,0.4,10,0.9975058488189588,5.471285725774941e-18,0.2,plastic,calibration,0.3120581124320213,False,alpha_async,30,130,180,1,-1,1.0,0.6,0.6,60,0.1393996677453743,0,0,40,1.0,2,0,0.25,0.01,0.75,50.0,lesion,30.0,0.45,0.2,0.1,0.002,8.0
44,220,0.3970935175534783,0.5,-0.2436532408207364,0.0,0.125,0.2672581313289016,honeycomb__ql__plastic__intr0__struct0__alpha_async__baseline__s1__7dfdf6c76d,-0.0010130710783285,-0.0215079098489491,0.25,False,0.7476182971037102,0.002,0.016,ql,0.58,honeycomb,30,70,0.9,0.334118209731821,0.3,0,0.42,0.08,140,0.3951893384815371,0.2,10,1.447046115958198,5.1752560656399954e-18,0.2,plastic,calibration,,False,alpha_async,30,130,180,1,-1,1.0,0.6,0.6,60,0.0056317023805381,0,0,40,1.0,2,0,0.25,0.01,0.75,50.0,baseline,30.0,0.45,0.2,0.1,0.002,8.0
44,220,0.3967369565264234,0.5,-0.1801928300986141,0.0,0.125,0.2788487498571868,honeycomb__ql__plastic__intr0__struct0__alpha_async__baseline__s2__78be9b939d,0.0077683816767595,0.0222118309173423,0.25,False,0.721460333922852,0.002,0.016,ql,0.68,honeycomb,30,70,0.9,0.3409490916318421,0.3,0,0.42,0.08,140,0.3895674903639182,0.3,10,1.4911598527996517,1.9362545051885906e-18,0.2,plastic,calibration,,False,alpha_async,30,130,180,2,-1,1.0,0.6,0.6,60,0.0057150773527196,0,0,40,1.0,2,0,0.25,0.01,0.75,50.0,baseline,30.0,0.45,0.2,0.1,0.002,8.0
44,220,0.2944752914566405,0.5,0.1813462534499082,0.0,0.125,0.3942182465177076,honeycomb__ql__plastic__intr0__struct0__alpha_async__lesion__s2__dd88fea039,0.1337699538329764,0.1034523515140561,0.25,False,0.6373330033474496,0.002,0.016,ql,0.62,honeycomb,30,70,0.9,0.2247205918436881,0.3,0,0.42,0.08,140,0.2551522539890474,0.4,10,1.5130619725726062,4.982943496135151e-18,0.2,plastic,calibration,0.1269164925731121,False,alpha_async,30,130,180,2,-1,1.0,0.6,0.6,60,0.1047711944648811,0,0,40,1.0,2,0,0.25,0.01,0.75,50.0,lesion,30.0,0.45,0.2,0.1,0.002,8.0
44,220,0.4314598841617749,0.5,-0.1939018414034077,0.0,0.125,0.0,extended_moore_r2__markov__plastic__intr0__struct0__alpha_async__baseline__s2__3273bae7bb,0.0070220582006237,0.0039433524544115,0.25,False,0.797152752491475,0.002,0.016,markov,0.62,extended_moore_r2,30,70,0.9,0.2972305150183885,0.3,0,0.42,0.08,140,0.4161260957267951,0.2,10,0.6386978372151473,4.1458755816244594e-18,0.2,plastic,calibration,,False,alpha_async,30,130,180,2,-1,1.0,0.6,0.6,60,0.1108595151752049,0,0,40,0.9946410123966942,2,0,0.25,0.01,0.75,50.0,baseline,30.0,0.45,0.2,0.1,0.002,8.0
44,220,0.3639791853139351,0.5,0.0444011998288845,0.0,0.125,0.0,extended_moore_r2__markov__plastic__intr0__struct0__alpha_async__lesion__s2__f36c6d6d2d,0.0509224962462894,0.0532431105419447,0.25,False,0.6464022619899901,0.002,0.016,markov,0.58,extended_moore_r2,30,70,0.9,0.3004045973211089,0.3,0,0.42,0.08,140,0.2755715417567115,0.3,10,1.0914110220733546,4.31306512102904e-18,0.2,plastic,calibration,0.0197559476799502,False,alpha_async,30,130,180,2,-1,1.0,0.6,0.6,60,0.0664966868255009,0,0,40,0.9934788223140496,2,0,0.25,0.01,0.75,50.0,lesion,30.0,0.45,0.2,0.1,0.002,8.0
44,220,0.4411534915519827,0.5,-0.0083703385484165,0.0,0.125,0.1372821894933291,extended_moore_r2__ql__plastic__intr0__struct0__alpha_async__baseline__s1__11b5c98d5d,0.0293965787362959,0.0396261351119078,0.25,False,0.8286490758234845,0.002,0.016,ql,0.68,extended_moore_r2,30,70,0.9,0.2567593628672794,0.3,0,0.42,0.08,140,0.4342533031391004,0.4,10,0.7869698966474168,4.3622287432287354e-18,0.2,plastic,calibration,,False,alpha_async,30,130,180,1,-1,1.0,0.6,0.6,60,0.0232224762308192,0,0,40,0.999956955922865,2,0,0.25,0.01,0.75,50.0,baseline,30.0,0.45,0.2,0.1,0.002,8.0
44,220,0.4159679455439803,0.5,-0.0450956035108625,0.0,0.125,0.1707893112575499,extended_moore_r2__ql__plastic__intr0__struct0__alpha_async__lesion__s1__b68fc07730,0.0164239384336524,-0.005531489666058,0.25,False,0.806576076013168,0.002,0.016,ql,0.68,extended_moore_r2,30,70,0.9,0.2588592475673823,0.3,0,0.42,0.08,140,0.3913325215927367,0.2,10,0.2562956763116076,4.7673407681389765e-18,0.2,plastic,calibration,0.0281139006235365,False,alpha_async,30,130,180,1,-1,1.0,0.6,0.6,60,0.0049698670189732,0,0,40,0.9975464876033058,2,0,0.25,0.01,0.75,50.0,lesion,30.0,0.45,0.2,0.1,0.002,8.0
44,220,0.470117386982547,0.5,-0.0642815638818356,0.0,0.125,0.0,extended_hex_r2__markov__plastic__intr0__struct0__alpha_async__baseline__s1__12e203d41b,0.0050212284602194,0.0082225773304296,0.25,False,0.8831898653748448,0.002,0.016,markov,0.62,extended_hex_r2,30,70,0.9,0.2207212573777129,0.3,0,0.42,0.08,140,0.4396007424323521,0.3,10,0.7541555233161615,4.243350842271653e-18,0.2,plastic,calibration,,False,alpha_async,30,130,180,1,-1,1.0,0.6,0.6,60,0.0061436678744373,0,0,40,1.0,2,0,0.25,0.01,0.75,50.0,baseline,30.0,0.45,0.2,0.1,0.002,8.0
44,220,0.4191130878471273,0.5,0.0774102582353657,0.0,0.125,0.0,extended_hex_r2__markov__plastic__intr0__struct0__alpha_async__lesion__s1__5b83878483,0.0215376887700226,0.0103750446199105,0.25,False,0.8680417221667429,0.002,0.016,markov,0.58,extended_hex_r2,30,70,0.9,0.1865900994150298,0.3,0,0.42,0.08,140,0.3300070766501629,0.4,10,0.500688723579671,3.965177493014456e-18,0.2,plastic,calibration,0.011762305731087,False,alpha_async,30,130,180,1,-1,1.0,0.6,0.6,60,0.0184403633751431,0,0,40,1.0,2,0,0.25,0.01,0.75,50.0,lesion,30.0,0.45,0.2,0.1,0.002,8.0
44,220,0.4288949412643377,0.5,-0.0858505074487147,0.0,0.125,0.1368652733135358,extended_hex_r2__ql__plastic__intr0__struct0__alpha_async__baseline__s1__627a0d53fa,0.0045405663994248,0.0002852542012112,0.25,False,0.9008004101163908,0.002,0.016,ql,0.58,extended_hex_r2,30,70,0.9,0.1917308038166771,0.3,0,0.42,0.08,140,0.4394999794860841,0.2,10,0.2612142527749267,4.443808866551779e-18,0.2,plastic,calibration,,False,alpha_async,30,130,180,1,-1,1.0,0.6,0.6,60,0.0110379228058574,0,0,40,1.0,2,0,0.25,0.01,0.75,50.0,baseline,30.0,0.45,0.2,0.1,0.002,8.0
44,220,0.4782472975476773,0.5,-0.0481283295811884,0.0,0.125,0.1259192927596967,extended_hex_r2__ql__plastic__intr0__struct0__alpha_async__baseline__s2__3fedc565ae,-0.0031236220355945,-0.0092087263103265,0.25,False,0.8420478730419517,0.002,0.016,ql,0.68,extended_hex_r2,30,70,0.9,0.2522137573910149,0.3,0,0.42,0.08,140,0.4392697544611649,0.3,10,0.7509033850773085,4.0722564940662e-18,0.2,plastic,calibration,,False,alpha_async,30,130,180,2,-1,1.0,0.6,0.6,60,0.0053280429188481,0,0,40,1.0,2,0,0.25,0.01,0.75,50.0,baseline,30.0,0.45,0.2,0.1,0.002,8.0
44,220,0.4641878487577846,0.5,-0.0576424246272379,0.0,0.125,0.1650703337606929,extended_hex_r2__ql__plastic__intr0__struct0__alpha_async__lesion__s2__8ae4635b14,-0.011126311124288,-0.0179598727566606,0.25,False,0.885217405632312,0.002,0.016,ql,0.62,extended_hex_r2,30,70,0.9,0.2162730893722155,0.3,0,0.42,0.08,140,0.3893841651825875,0.4,10,0.7235161031603174,4.294811607594362e-18,0.2,plastic,calibration,0.0093918420023772,False,alpha_async,30,130,180,2,-1,1.0,0.6,0.6,60,0.0063699448990629,0,0,40,1.0,2,0,0.25,0.01,0.75,50.0,lesion,30.0,0.45,0.2,0.1,0.002,8.0
44,220,0.4200895136540916,0.5,-0.3872715958908492,0.0,0.125,0.0,square_moore__markov__plastic__intr0__struct0__alpha_async__baseline__s1__3861393b7e,0.0081776378662958,-0.0008295188628618,0.25,False,0.4633278992699275,0.002,0.006,markov,0.62,square_moore,30,70,0.9,0.5273529111672408,0.3,0,0.42,0.08,140,0.413876893694143,0.4,10,1.5534296359330786,6.07169170186599e-18,0.2,plastic,calibration,,False,alpha_async,30,130,180,1,-1,1.0,0.6,0.6,60,0.0855071703579858,0,0,40,1.0,2,0,0.25,0.01,0.75,50.0,baseline,30.0,0.45,0.2,0.1,0.002,8.0
44,220,0.3032752675921804,0.5,0.0680450456911511,0.0,0.125,0.0,square_moore__markov__plastic__intr0__struct0__alpha_async__lesion__s1__e2e54e632a,0.0959406267200198,0.0873708804096304,0.25,False,0.4330147924312759,0.002,0.006,markov,0.62,square_moore,30,70,0.9,0.3298682110252864,0.3,0,0.42,0.08,140,0.2348279188182763,0.2,10,1.5463523809456512,8.031951195193839e-18,0.2,plastic,calibration,0.0660517256027668,False,alpha_async,30,130,180,1,-1,1.0,0.6,0.6,60,0.0849522945255024,0,0,40,1.0,2,0,0.25,0.01,0.75,50.0,lesion,30.0,0.45,0.2,0.1,0.002,8.0
44,220,0.4167590362986482,0.5,-0.3855920138140384,0.0,0.125,0.3056802779209585,square_moore__ql__plastic__intr0__struct0__alpha_async__baseline__s1__01505a587b,0.0084827974184081,0.000283046028438,0.25,False,0.5265255366658381,0.002,0.006,ql,0.58,square_moore,30,70,0.9,0.5044339681244727,0.3,0,0.42,0.08,140,0.4098526271050715,0.3,10,1.519548398226186,5.9874746206392364e-18,0.2,plastic,calibration,,False,alpha_async,30,130,180,1,-1,1.0,0.6,0.6,60,0.0978746035651653,0,0,40,1.0,2,0,0.25,0.01,0.75,50.0,baseline,30.0,0.45,0.2,0.1,0.002,8.0
44,220,0.4222296600612867,0.5,-0.3857240946123049,0.0,0.125,0.3012499523890941,square_moore__ql__plastic__intr0__struct0__alpha_async__baseline__s2__cb7224a0a5,-0.0020607056264146,0.0076452459061548,0.25,False,0.5076149471091174,0.002,0.006,ql,0.68,square_moore,30,70,0.9,0.5163599857329707,0.3,0,0.42,0.08,140,0.4142115513440848,0.4,10,1.512485332264157,4.424398579909489e-18,0.2,plastic,calibration,,False,alpha_async,30,130,180,2,-1,1.0,0.6,0.6,60,0.0612932423551221,0,0,40,1.0,2,0,0.25,0.01,0.75,50.0,baseline,30.0,0.45,0.2,0.1,0.002,8.0
44,220,0.4126958478255804,0.5,-0.3237263792959713,0.0,0.125,0.3129830073626714,square_moore__ql__plastic__intr0__struct0__alpha_async__lesion__s2__58c067b707,0.0153108329009492,-0.0057110087112108,0.25,False,0.6058618061517191,0.002,0.006,ql,0.68,square_moore,30,70,0.9,0.4463442212550242,0.3,0,0.42,0.08,140,0.3457973007453018,0.2,10,1.4125401547647298,6.967970577323459e-18,0.2,plastic,calibration,0.0235073348485699,False,alpha_async,30,130,180,2,-1,1.0,0.6,0.6,60,0.0568197937372316,0,0,40,1.0,2,0,0.25,0.01,0.75,50.0,lesion,30.0,0.45,0.2,0.1,0.002,8.0
44,220,0.4337547650566334,0.5,-0.3892228812013857,0.0,0.125,0.0,hex_cells__markov__plastic__intr0__struct0__alpha_async__baseline__s2__465c960747,8.882178118232748e-05,-0.0133646099358326,0.25,False,0.5553809520732389,0.002,0.006,markov,0.62,hex_cells,30,70,0.9,0.4995015021361541,0.3,0,0.42,0.08,140,0.429512962225761,0.3,10,1.3595570024419978,3.324566081090109e-18,0.2,plastic,calibration,,False,alpha_async,30,130,180,2,-1,1.0,0.6,0.6,60,0.0229505175202532,0,0,40,1.0,2,0,0.25,0.01,0.75,50.0,baseline,30.0,0.45,0.2,0.1,0.002,8.0
44,220,0.3418458933763972,0.5,-0.0026269105453845,0.0,0.125,0.0,hex_cells__markov__plastic__intr0__struct0__alpha_async__lesion__s2__e45adfa0ba,0.0902716961431933,0.0643148570335636,0.25,False,0.4411213398355435,0.002,0.006,markov,0.58,hex_cells,30,70,0.9,0.3799731497314262,0.3,0,0.42,0.08,140,0.263112411515188,0.4,10,1.5676715188168124,3.5777177374270694e-18,0.2,plastic,calibration,0.054857255207163,False,alpha_async,30,130,180,2,-1,1.0,0.6,0.6,60,0.0519462670565953,0,0,40,1.0,2,0,0.25,0.01,0.75,50.0,lesion,30.0,0.45,0.2,0.1,0.002,8.0
44,220,0.4291273291182839,0.5,-0.3873626834045165,0.0,0.125,0.2841237890518113,hex_cells__ql__plastic__intr0__struct0__alpha_async__baseline__s2__5b3cb91da3,-0.0043826776549008,0.0006411582526314,0.25,False,0.5792507476533901,0.002,0.006,ql,0.58,hex_cells,30,70,0.9,0.4924666917648268,0.3,0,0.42,0.08,140,0.4257447454361097,0.2,10,1.3692078164186734,3.464749810403113e-18,0.2,plastic,calibration,,False,alpha_async,30,130,180,2,-1,1.0,0.6,0.6,60,0.0175510723644571,0,0,40,1.0,2,0,0.25,0.01,0.75,50.0,baseline,30.0,0.45,0.2,0.1,0.002,8.0
44,220,0.4444506523027771,0.5,-0.3913694931989154,0.0,0.125,0.2915170023891124,hex_cells__ql__plastic__intr0__struct0__alpha_async__lesion__s1__4859aacd4c,-0.0074819589411596,0.0020780903499293,0.25,False,0.5967777417289528,0.002,0.006,ql,0.68,hex_cells,30,70,0.9,0.4897659644551166,0.3,0,0.42,0.08,140,0.3719236884480659,0.3,10,1.2786865427617269,3.3153528347116543e-18,0.2,plastic,calibration,-0.0026394210977735,False,alpha_async,30,130,180,1,-1,1.0,0.6,0.6,60,0.0264028991111576,0,0,40,1.0,2,0,0.25,0.01,0.75,50.0,lesion,30.0,0.45,0.2,0.1,0.002,8.0
44,220,0.4025939829408172,0.5,-0.2399569194086887,0.0,0.125,0.0,honeycomb__markov__plastic__intr0__struct0__alpha_async__baseline__s1__40624ca672,-0.009337738319432,-0.0189468995850582,0.25,False,0.7317632539456365,0.002,0.006,markov,0.62,honeycomb,30,70,0.9,0.3468385429527309,0.3,0,0.42,0.08,140,0.3962375150548033,0.4,10,1.513497809780427,2.8219428711312925e-18,0.2,plastic,calibration,,False,alpha_async,30,130,180,1,-1,1.0,0.6,0.6,60,0.0059756303962745,0,0,40,1.0,2,0,0.25,0.01,0.75,50.0,baseline,30.0,0.45,0.2,0.1,0.002,8.0
44,220,0.1175523161308239,0.5,0.5270132160026288,0.0,0.125,0.0,honeycomb__markov__plastic__intr0__struct0__alpha_async__lesion__s1__8b91c941c4,0.34944010233327,0.3032258694777967,0.25,False,0.2216907851849436,0.002,0.006,markov,0.62,honeycomb,30,70,0.9,0.1032457582023699,0.3,0,0.42,0.08,140,0.1199296061792958,0.2,10,1.00366934931089,3.169765377998023e-18,0.2,plastic,calibration,0.3101782477093482,False,alpha_async,30,130,180,1,-1,1.0,0.6,0.6,60,0.1386262664516309,0,0,40,1.0,2,0,0.25,0.01,0.75,50.0,lesion,30.0,0.45,0.2,0.1,0.002,8.0
44,220,0.3970998247257278,0.5,-0.2288063198658274,0.0,0.125,0.2700315423790118,honeycomb__ql__plastic__intr0__struct0__alpha_async__baseline__s1__f7dd312e10,0.0007897005683946,-0.0115020560100193,0.25,False,0.7479454940486239,0.002,0.006,ql,0.58,honeycomb,30,70,0.9,0.3305015085983401,0.3,0,0.42,0.08,140,0.3944113711402026,0.3,10,1.4553627156314684,3.765222586385813e-18,0.2,plastic,calibration,,False,alpha_async,30,130,180,1,-1,1.0,0.6,0.6,60,0.0065460703645176,0,0,40,1.0,2,0,0.25,0.01,0.75,50.0,baseline,30.0,0.45,0.2,0.1,0.002,8.0
44,220,0.391891147010797,0.5,-0.1865635656009763,0.0,0.125,0.2807882784870569,honeycomb__ql__plastic__intr0__struct0__alpha_async__baseline__s2__71f1f286c5,-0.0075505482640186,-0.0107428264982952,0.25,False,0.7144840209199536,0.002,0.006,ql,0.68,honeycomb,30,70,0.9,0.3423407634463185,0.3,0,0.42,0.08,140,0.3873069790271101,0.4,10,1.5106925880197262,1.9069756897493565e-18,0.2,plastic,calibration,,False,alpha_async,30,130,180,2,-1,1.0,0.6,0.6,60,0.0060420075827412,0,0,40,1.0,2,0,0.25,0.01,0.75,50.0,baseline,30.0,0.45,0.2,0.1,0.002,8.0
44,220,0.3426460978290283,0.5,0.0368024905303473,0.0,0.125,0.3623105972963357,honeycomb__ql__plastic__intr0__struct0__alpha_async__lesion__s2__c051a75719,0.0717869181120184,0.0661357739548329,0.25,False,0.6743700684819756,0.002,0.006,ql,0.68,honeycomb,30,70,0.9,0.2826207076016837,0.3,0,0.42,0.08,140,0.2831950044037457,0.2,10,1.5409475493130975,4.1028317081032735e-18,0.2,plastic,calibration,0.0418012602838327,False,alpha_async,30,130,180,2,-1,1.0,0.6,0.6,60,0.0276011028321988,0,0,40,1.0,2,0,0.25,0.01,0.75,50.0,lesion,30.0,0.45,0.2,0.1,0.002,8.0
44,220,0.4283857227373773,0.5,-0.2742171584183291,0.0,0.125,0.0,extended_moore_r2__markov__plastic__intr0__struct0__alpha_async__baseline__s2__40ab41e9e0,-0.0230272672317944,-0.0029253651570288,0.25,False,0.6497600495185338,0.002,0.006,markov,0.62,extended_moore_r2,30,70,0.9,0.4111805884494457,0.3,0,0.42,0.08,140,0.4230309060722519,0.3,10,0.8234409939244932,2.994535695580791e-18,0.2,plastic,calibration,,False,alpha_async,30,130,180,2,-1,1.0,0.6,0.6,60,0.0907575993782033,0,0,40,1.0,2,0,0.25,0.01,0.75,50.0,baseline,30.0,0.45,0.2,0.1,0.002,8.0
44,220,0.3852307147806175,0.5,-0.060442946767264,0.0,0.125,0.0,extended_moore_r2__markov__plastic__intr0__struct0__alpha_async__lesion__s2__884186d698,0.0244081668655307,0.0414430395767965,0.25,False,0.5623259589589701,0.002,0.006,markov,0.58,extended_moore_r2,30,70,0.9,0.3735440918502961,0.3,0,0.42,0.08,140,0.2910392996354144,0.4,10,1.2338383185684756,4.415998850677042e-18,0.2,plastic,calibration,-0.0117304854208539,False,alpha_async,30,130,180,2,-1,1.0,0.6,0.6,60,0.1743380955844706,0,0,40,1.0,2,0,0.25,0.01,0.75,50.0,lesion,30.0,0.45,0.2,0.1,0.002,8.0
44,220,0.4253074732904425,0.5,-0.2829588622363838,0.0,0.125,0.2224510302090194,extended_moore_r2__ql__plastic__intr0__struct0__alpha_async__baseline__s2__296c04bc8b,-0.0211853259214659,0.0230351393155009,0.25,False,0.5883115675246102,0.002,0.006,ql,0.58,extended_moore_r2,30,70,0.9,0.4469774017120838,0.3,0,0.42,0.08,140,0.4208381928543426,0.2,10,0.8612256885449672,2.512937103615872e-18,0.2,plastic,calibration,,False,alpha_async,30,130,180,2,-1,1.0,0.6,0.6,60,0.2475747550608028,0,0,40,1.0,2,0,0.25,0.01,0.75,50.0,baseline,30.0,0.45,0.2,0.1,0.002,8.0
44,220,0.4173717669287882,0.5,-0.0458172442030229,0.0,0.125,0.1709025615629767,extended_moore_r2__ql__plastic__intr0__struct0__alpha_async__lesion__s1__211aee1661,0.0126494370352979,-0.0036056550915418,0.25,False,0.8052210749857386,0.002,0.006,ql,0.68,extended_moore_r2,30,70,0.9,0.260709062418368,0.3,0,0.42,0.08,140,0.3934601169630745,0.3,10,0.2528495168021356,5.089764557329936e-18,0.2,plastic,calibration,0.0277100690137,False,alpha_async,30,130,180,1,-1,1.0,0.6,0.6,60,0.0045933788819837,0,0,40,1.0,2,0,0.25,0.01,0.75,50.0,lesion,30.0,0.45,0.2,0.1,0.002,8.0
44,220,0.4687854552198318,0.5,-0.0652721837642469,0.0,0.125,0.0,extended_hex_r2__markov__plastic__intr0__struct0__alpha_async__baseline__s1__ec90ea6351,-0.0111706772154073,-0.0036701740821379,0.25,False,0.8849850295442635,0.002,0.006,markov,0.62,extended_hex_r2,30,70,0.9,0.2188952042062333,0.3,0,0.42,0.08,140,0.4402313505035893,0.4,10,0.7481653822826618,4.506802332275851e-18,0.2,plastic,calibration,,False,alpha_async,30,130,180,1,-1,1.0,0.6,0.6,60,0.0061630189853621,0,0,40,1.0,2,0,0.25,0.01,0.75,50.0,baseline,30.0,0.45,0.2,0.1,0.002,8.0
44,220,0.4337999989537885,0.5,-0.0047378862687789,0.0,0.125,0.0,extended_hex_r2__markov__plastic__intr0__struct0__alpha_async__lesion__s1__ee198e552e,0.0189682635004876,0.0025617389879282,0.25,False,0.8726077439028024,0.002,0.006,markov,0.62,extended_hex_r2,30,70,0.9,0.2085620095460852,0.3,0,0.42,0.08,140,0.3490620806292667,0.2,10,0.5080186248864198,4.308503712978726e-18,0.2,plastic,calibration,0.0272511177296717,False,alpha_async,30,130,180,1,-1,1.0,0.6,0.6,60,0.0082503623862868,0,0,40,1.0,2,0,0.25,0.01,0.75,50.0,lesion,30.0,0.45,0.2,0.1,0.002,8.0
44,220,0.4303292363922022,0.5,-0.0896649441196985,0.0,0.125,0.1377305587372814,extended_hex_r2__ql__plastic__intr0__struct0__alpha_async__baseline__s1__f575d65dfe,-0.0006741610633409,-0.0008488408678694,0.25,False,0.8997508289928937,0.002,0.006,ql,0.58,extended_hex_r2,30,70,0.9,0.1941027801855491,0.3,0,0.42,0.08,140,0.440899842423043,0.3,10,0.2630704479759134,3.860600180686143e-18,0.2,plastic,calibration,,False,alpha_async,30,130,180,1,-1,1.0,0.6,0.6,60,0.0125573692047899,0,0,40,1.0,2,0,0.25,0.01,0.75,50.0,baseline,30.0,0.45,0.2,0.1,0.002,8.0
44,220,0.4802220094477442,0.5,-0.0493986362727278,0.0,0.125,0.1262053804287246,extended_hex_r2__ql__plastic__intr0__struct0__alpha_async__baseline__s2__dda0499e2e,0.0007027592004549,-0.0077730938746507,0.25,False,0.84082695803954,0.002,0.006,ql,0.68,extended_hex_r2,30,70,0.9,0.2534864783350421,0.3,0,0.42,0.08,140,0.4405090789244008,0.4,10,0.7476403523624526,4.547025633069218e-18,0.2,plastic,calibration,,False,alpha_async,30,130,180,2,-1,1.0,0.6,0.6,60,0.0051895443590718,0,0,40,1.0,2,0,0.25,0.01,0.75,50.0,baseline,30.0,0.45,0.2,0.1,0.002,8.0
44,220,0.4177433330218102,0.5,-0.0487181327264343,0.0,0.125,0.1682140415008367,extended_hex_r2__ql__plastic__intr0__struct0__alpha_async__lesion__s2__8b4a6f3418,0.0075732219257386,0.0061235888570103,0.25,False,0.8233813188937147,0.002,0.006,ql,0.68,extended_hex_r2,30,70,0.9,0.2496381193615517,0.3,0,0.42,0.08,140,0.3975632246297382,0.2,10,0.3240195531215465,4.6838515093906425e-18,0.2,plastic,calibration,-0.004489741008834,False,alpha_async,30,130,180,2,-1,1.0,0.6,0.6,60,0.0044655153426096,0,0,40,1.0,2,0,0.25,0.01,0.75,50.0,lesion,30.0,0.45,0.2,0.1,0.002,8.0
44,220,0.4136525606081825,0.5,-0.399433445775647,0.0,0.125,0.0,square_moore__markov__plastic__intr0__struct0__alpha_async__baseline__s1__23521d8191,-0.0014887688321902,-0.0055952334016223,0.25,False,0.483010104128815,0.002,0.01,markov,0.62,square_moore,30,70,0.9,0.5239041445127627,0.3,0,0.42,0.08,140,0.4091088127157912,0.4,10,1.5597835327972596,5.2298470129681336e-18,0.2,plastic,calibration,,False,alpha_async,30,130,180,1,-1,1.0,0.6,0.6,60,0.0879363784027731,0,0,40,1.0,2,0,0.25,0.01,0.75,50.0,baseline,30.0,0.45,0.2,0.1,0.002,8.0
44,220,0.3002166069771466,0.5,0.0583743777874082,0.0,0.125,0.0,square_moore__markov__plastic__intr0__struct0__alpha_async__lesion__s1__1c39fb27c8,0.103792345030554,0.0957894309248566,0.25,False,0.4195015631320956,0.002,0.01,markov,0.62,square_moore,30,70,0.9,0.3327959525815225,0.3,0,0.42,0.08,140,0.2326485482564558,0.2,10,1.5504694149206126,5.726743549772808e-18,0.2,plastic,calibration,0.0751748960549514,False,alpha_async,30,130,180,1,-1,1.0,0.6,0.6,60,0.0984503939503947,0,0,40,1.0,2,0,0.25,0.01,0.75,50.0,lesion,30.0,0.45,0.2,0.1,0.002,8.0
44,220,0.4132941891995818,0.5,-0.4152692661877496,0.0,0.125,0.298022433548177,square_moore__ql__plastic__intr0__struct0__alpha_async__baseline__s1__277e810dc0,-0.0089525160968486,0.0056865038275461,0.25,False,0.4981169597144646,0.002,0.01,ql,0.58,square_moore,30,70,0.9,0.5288917473747977,0.3,0,0.42,0.08,140,0.4085217909257005,0.3,10,1.5583383064294791,5.3381048961235656e-18,0.2,plastic,calibration,,False,alpha_async,30,130,180,1,-1,1.0,0.6,0.6,60,0.1129521304052952,0,0,40,1.0,2,0,0.25,0.01,0.75,50.0,baseline,30.0,0.45,0.2,0.1,0.002,8.0
44,220,0.4153185850120429,0.5,-0.3936189556812859,0.0,0.125,0.2949626929167226,square_moore__ql__plastic__intr0__struct0__alpha_async__baseline__s2__553659c881,0.0023247510463099,0.0110444733287716,0.25,False,0.5105180082262508,0.002,0.01,ql,0.68,square_moore,30,70,0.9,0.5165756744265926,0.3,0,0.42,0.08,140,0.4115968909468133,0.4,10,1.5413556284557637,5.1709526344671466e-18,0.2,plastic,calibration,,False,alpha_async,30,130,180,2,-1,1.0,0.6,0.6,60,0.0757172476319499,0,0,40,1.0,2,0,0.25,0.01,0.75,50.0,baseline,30.0,0.45,0.2,0.1,0.002,8.0
44,220,0.4162366062630547,0.5,-0.3503675686595619,0.0,0.125,0.311928202017793,square_moore__ql__plastic__intr0__struct0__alpha_async__lesion__s2__1e5141e4a1,0.0048762542123008,-0.0068837346318207,0.25,False,0.5765871001449627,0.002,0.01,ql,0.68,square_moore,30,70,0.9,0.4699871879480113,0.3,0,0.42,0.08,140,0.3450580419416066,0.2,10,1.4648660475357649,4.979450317710807e-18,0.2,plastic,calibration,0.0118019930806029,False,alpha_async,30,130,180,2,-1,1.0,0.6,0.6,60,0.0693135623100471,0,0,40,1.0,2,0,0.25,0.01,0.75,50.0,lesion,30.0,0.45,0.2,0.1,0.002,8.0
44,220,0.4320613805231283,0.5,-0.3719892885534257,0.0,0.125,0.0,hex_cells__markov__plastic__intr0__struct0__alpha_async__baseline__s2__d60fb498b4,0.0079260384113822,-0.0074786645686397,0.25,False,0.5515733734878687,0.002,0.01,markov,0.62,hex_cells,30,70,0.9,0.4925132787503538,0.3,0,0.42,0.08,140,0.4256358366381234,0.3,10,1.334659651221134,4.942065265388612e-18,0.2,plastic,calibration,,False,alpha_async,30,130,180,2,-1,1.0,0.6,0.6,60,0.018123760714779,0,0,40,1.0,2,0,0.25,0.01,0.75,50.0,baseline,30.0,0.45,0.2,0.1,0.002,8.0
44,220,0.3304036816708353,0.5,0.0268779775020188,0.0,0.125,0.0,hex_cells__markov__plastic__intr0__struct0__alpha_async__lesion__s2__07e7283c4e,0.0830069316830539,0.0617315564858687,0.25,False,0.436914776244189,0.002,0.01,markov,0.58,hex_cells,30,70,0.9,0.363522207633102,0.3,0,0.42,0.08,140,0.2554861575392217,0.4,10,1.5620680145649797,4.130937714623791e-18,0.2,plastic,calibration,0.0470260894602774,False,alpha_async,30,130,180,2,-1,1.0,0.6,0.6,60,0.057860262975413,0,0,40,1.0,2,0,0.25,0.01,0.75,50.0,lesion,30.0,0.45,0.2,0.1,0.002,8.0
44,220,0.4273571104567676,0.5,-0.3716487719120804,0.0,0.125,0.2863513619575887,hex_cells__ql__plastic__intr0__struct0__alpha_async__baseline__s2__752a6c789a,0.0043335052822215,0.005317051774895,0.25,False,0.5735714750161764,0.002,0.01,ql,0.58,hex_cells,30,70,0.9,0.4866171734044536,0.3,0,0.42,0.08,140,0.421036840479187,0.2,10,1.3351700814243368,4.728633154663369e-18,0.2,plastic,calibration,,False,alpha_async,30,130,180,2,-1,1.0,0.6,0.6,60,0.0101449554933149,0,0,40,1.0,2,0,0.25,0.01,0.75,50.0,baseline,30.0,0.45,0.2,0.1,0.002,8.0
44,220,0.4357977407466101,0.5,-0.3732777898962908,0.0,0.125,0.2855654186083322,hex_cells__ql__plastic__intr0__struct0__alpha_async__lesion__s1__c14118e221,-0.0023920863296514,0.0053572681911548,0.25,False,0.5931746064110601,0.002,0.01,ql,0.68,hex_cells,30,70,0.9,0.4829267115410616,0.3,0,0.42,0.08,140,0.3674367500023934,0.3,10,1.3015547924851485,4.3236729530313184e-18,0.2,plastic,calibration,-0.0089665407907689,False,alpha_async,30,130,180,1,-1,1.0,0.6,0.6,60,0.0201259205499895,0,0,40,1.0,2,0,0.25,0.01,0.75,50.0,lesion,30.0,0.45,0.2,0.1,0.002,8.0
44,220,0.402316960820785,0.5,-0.2252172538849064,0.0,0.125,0.0,honeycomb__markov__plastic__intr0__struct0__alpha_async__baseline__s1__2e1bb06acc,0.0070420299800939,-0.0018094341832572,0.25,False,0.7316572458687969,0.002,0.01,markov,0.62,honeycomb,30,70,0.9,0.3452267298657331,0.3,0,0.42,0.08,140,0.3953772774536652,0.4,10,1.50222944685411,3.937627679277213e-18,0.2,plastic,calibration,,False,alpha_async,30,130,180,1,-1,1.0,0.6,0.6,60,0.0056500069198093,0,0,40,1.0,2,0,0.25,0.01,0.75,50.0,baseline,30.0,0.45,0.2,0.1,0.002,8.0
44,220,0.1303455848016721,0.5,0.5185580820685239,0.0,0.125,0.0,honeycomb__markov__plastic__intr0__struct0__alpha_async__lesion__s1__f31ecbfd52,0.3227109538880696,0.285589993446155,0.25,False,0.2409930182345601,0.002,0.01,markov,0.62,honeycomb,30,70,0.9,0.1131097554458022,0.3,0,0.42,0.08,140,0.1255694505411501,0.2,10,1.0806476167616546,6.938078872771702e-18,0.2,plastic,calibration,0.2745588468138797,False,alpha_async,30,130,180,1,-1,1.0,0.6,0.6,60,0.155691942254047,0,0,40,1.0,2,0,0.25,0.01,0.75,50.0,lesion,30.0,0.45,0.2,0.1,0.002,8.0
44,220,0.4004469137682082,0.5,-0.2340821613050929,0.0,0.125,0.2679827497025552,honeycomb__ql__plastic__intr0__struct0__alpha_async__baseline__s1__41f4281987,-0.0117003644068793,-0.0031632933060462,0.25,False,0.7477336413890951,0.002,0.01,ql,0.58,honeycomb,30,70,0.9,0.3333360623989045,0.3,0,0.42,0.08,140,0.3949983118221798,0.3,10,1.448257463069225,3.0566000652857753e-18,0.2,plastic,calibration,,False,alpha_async,30,130,180,1,-1,1.0,0.6,0.6,60,0.0058749327552482,0,0,40,1.0,2,0,0.25,0.01,0.75,50.0,baseline,30.0,0.45,0.2,0.1,0.002,8.0
44,220,0.3930106656515897,0.5,-0.167238967452896,0.0,0.125,0.2787780983983614,honeycomb__ql__plastic__intr0__struct0__alpha_async__baseline__s2__32f6ff2301,0.0093528644582348,-0.0028359416824464,0.25,False,0.7177274273863284,0.002,0.01,ql,0.68,honeycomb,30,70,0.9,0.3384548818602033,0.3,0,0.42,0.08,140,0.3875916379534476,0.4,10,1.505268492417206,3.496245620715997e-18,0.2,plastic,calibration,,False,alpha_async,30,130,180,2,-1,1.0,0.6,0.6,60,0.004584752819183,0,0,40,1.0,2,0,0.25,0.01,0.75,50.0,baseline,30.0,0.45,0.2,0.1,0.002,8.0
44,220,0.3361133424317206,0.5,0.0387242390863305,0.0,0.125,0.3667149469607171,honeycomb__ql__plastic__intr0__struct0__alpha_async__lesion__s2__22c8c3ffcf,0.0645060604190244,0.0404917341647971,0.25,False,0.6638294419595024,0.002,0.01,ql,0.68,honeycomb,30,70,0.9,0.2813253893105134,0.3,0,0.42,0.08,140,0.280112381896107,0.2,10,1.5567242876258751,4.1555694230448445e-18,0.2,plastic,calibration,0.0326833972218479,False,alpha_async,30,130,180,2,-1,1.0,0.6,0.6,60,0.0371729358459826,0,0,40,1.0,2,0,0.25,0.01,0.75,50.0,lesion,30.0,0.45,0.2,0.1,0.002,8.0
44,220,0.4226319738850276,0.5,-0.2672234403510811,0.0,0.125,0.0,extended_moore_r2__markov__plastic__intr0__struct0__alpha_async__baseline__s2__8d73056fad,-0.0008513733425171,-0.0103370753507345,0.25,False,0.7032031349567229,0.002,0.01,markov,0.62,extended_moore_r2,30,70,0.9,0.3748901654249513,0.3,0,0.42,0.08,140,0.4185150501601847,0.3,10,0.7451468066771667,3.314423079356776e-18,0.2,plastic,calibration,,False,alpha_async,30,130,180,2,-1,1.0,0.6,0.6,60,0.1669567356977329,0,0,40,0.999956955922865,2,0,0.25,0.01,0.75,50.0,baseline,30.0,0.45,0.2,0.1,0.002,8.0
44,220,0.3717235695219479,0.5,-0.0051427366396546,0.0,0.125,0.0,extended_moore_r2__markov__plastic__intr0__struct0__alpha_async__lesion__s2__32caab10e2,0.0259638945298254,0.0592318471890946,0.25,False,0.6054376217132605,0.002,0.01,markov,0.58,extended_moore_r2,30,70,0.9,0.3361893856002317,0.3,0,0.42,0.08,140,0.2821677563037165,0.4,10,1.18889568493638,5.233000679641722e-18,0.2,plastic,calibration,-0.0002356020627419,False,alpha_async,30,130,180,2,-1,1.0,0.6,0.6,60,0.0762087438963763,0,0,40,0.99965564738292,2,0,0.25,0.01,0.75,50.0,lesion,30.0,0.45,0.2,0.1,0.002,8.0
44,220,0.4164191314714561,0.5,-0.2726863148014989,0.0,0.125,0.1972520197749374,extended_moore_r2__ql__plastic__intr0__struct0__alpha_async__baseline__s2__f424b2868e,-0.0373119309235515,0.0168037543568839,0.25,False,0.72247261841981,0.002,0.01,ql,0.58,extended_moore_r2,30,70,0.9,0.360135786004282,0.3,0,0.42,0.08,140,0.412924374559682,0.2,10,0.6659806972014228,3.9408911148729776e-18,0.2,plastic,calibration,,False,alpha_async,30,130,180,2,-1,1.0,0.6,0.6,60,0.1300454758148232,0,0,40,0.9992252066115702,2,0,0.25,0.01,0.75,50.0,baseline,30.0,0.45,0.2,0.1,0.002,8.0
44,220,0.4166185775202263,0.5,-0.0451525629016023,0.0,0.125,0.1712654202565389,extended_moore_r2__ql__plastic__intr0__struct0__alpha_async__lesion__s1__3ff137b707,0.0134300375261008,-0.0037255089294432,0.25,False,0.8054232026013339,0.002,0.01,ql,0.68,extended_moore_r2,30,70,0.9,0.2600917821681472,0.3,0,0.42,0.08,140,0.3920513559275226,0.3,10,0.2548063736093443,4.930311986412857e-18,0.2,plastic,calibration,0.0281127133893232,False,alpha_async,30,130,180,1,-1,1.0,0.6,0.6,60,0.0045962974217966,0,0,40,0.9999784779614324,2,0,0.25,0.01,0.75,50.0,lesion,30.0,0.45,0.2,0.1,0.002,8.0
44,220,0.4685731123177319,0.5,-0.0638658012427366,0.0,0.125,0.0,extended_hex_r2__markov__plastic__intr0__struct0__alpha_async__baseline__s1__21319ccbb3,-0.0098077396185055,-0.0003468421023881,0.25,False,0.8852295686520182,0.002,0.01,markov,0.62,extended_hex_r2,30,70,0.9,0.2184193887636591,0.3,0,0.42,0.08,140,0.4397486434235649,0.4,10,0.7476070939001015,4.482710945471495e-18,0.2,plastic,calibration,,False,alpha_async,30,130,180,1,-1,1.0,0.6,0.6,60,0.0060963206634697,0,0,40,1.0,2,0,0.25,0.01,0.75,50.0,baseline,30.0,0.45,0.2,0.1,0.002,8.0
44,220,0.4319746269870615,0.5,0.0421509402602591,0.0,0.125,0.0,extended_hex_r2__markov__plastic__intr0__struct0__alpha_async__lesion__s1__5fb61dbb1d,0.0444202446587526,0.0486797933726248,0.25,False,0.8755645408632651,0.002,0.01,markov,0.62,extended_hex_r2,30,70,0.9,0.2016763197361748,0.3,0,0.42,0.08,140,0.3443890747664264,0.2,10,0.6381720641273019,4.65776572637996e-18,0.2,plastic,calibration,-0.0336066815341182,False,alpha_async,30,130,180,1,-1,1.0,0.6,0.6,60,0.0193875871227637,0,0,40,1.0,2,0,0.25,0.01,0.75,50.0,lesion,30.0,0.45,0.2,0.1,0.002,8.0
44,220,0.4295868515434729,0.5,-0.0879906441204527,0.0,0.125,0.1374958622605044,extended_hex_r2__ql__plastic__intr0__struct0__alpha_async__baseline__s1__1a3960272e,0.0013063399247285,8.634807267562461e-05,0.25,False,0.9000311552660835,0.002,0.01,ql,0.58,extended_hex_r2,30,70,0.9,0.1932653223384323,0.3,0,0.42,0.08,140,0.4402041883449545,0.3,10,0.2619842540070939,3.767467944412002e-18,0.2,plastic,calibration,,False,alpha_async,30,130,180,1,-1,1.0,0.6,0.6,60,0.011883249751566,0,0,40,1.0,2,0,0.25,0.01,0.75,50.0,baseline,30.0,0.45,0.2,0.1,0.002,8.0
44,220,0.4795809208323242,0.5,-0.0483342903146902,0.0,0.125,0.1264647423176086,extended_hex_r2__ql__plastic__intr0__struct0__alpha_async__baseline__s2__262c5f5d86,-0.0015410467176042,-0.0085213816585543,0.25,False,0.8412702349428103,0.002,0.01,ql,0.68,extended_hex_r2,30,70,0.9,0.252941044283239,0.3,0,0.42,0.08,140,0.4397288268013858,0.4,10,0.7495672346516635,3.837202228638802e-18,0.2,plastic,calibration,,False,alpha_async,30,130,180,2,-1,1.0,0.6,0.6,60,0.0052390275174002,0,0,40,1.0,2,0,0.25,0.01,0.75,50.0,baseline,30.0,0.45,0.2,0.1,0.002,8.0
44,220,0.4161586365888114,0.5,-0.0483155727136357,0.0,0.125,0.1681551921182354,extended_hex_r2__ql__plastic__intr0__struct0__alpha_async__lesion__s2__e14a97d841,-0.0081747628598904,0.0061165189951052,0.25,False,0.8220912247094526,0.002,0.01,ql,0.68,extended_hex_r2,30,70,0.9,0.2495178123512813,0.3,0,0.42,0.08,140,0.3970223572482794,0.2,10,0.303406991020548,3.874012089800456e-18,0.2,plastic,calibration,-0.0061682273148224,False,alpha_async,30,130,180,2,-1,1.0,0.6,0.6,60,0.0044560328321153,0,0,40,1.0,2,0,0.25,0.01,0.75,50.0,lesion,30.0,0.45,0.2,0.1,0.002,8.0
44,220,0.4075696976915798,0.5,-0.3668581897765992,0.0,0.125,0.0,square_moore__markov__plastic__intr0__struct0__alpha_async__baseline__s1__8cc928eb86,0.0009020600069166,0.0013882856093298,0.25,False,0.5384697840902113,0.002,0.016,markov,0.62,square_moore,30,70,0.9,0.4880293086900666,0.3,0,0.42,0.08,140,0.4029369402569058,0.4,10,1.5145742137725515,5.8321400401075385e-18,0.2,plastic,calibration,,False,alpha_async,30,130,180,1,-1,1.0,0.6,0.6,60,0.0500941794970939,0,0,40,1.0,2,0,0.25,0.01,0.75,50.0,baseline,30.0,0.45,0.2,0.1,0.002,8.0
44,220,0.2880089180454662,0.5,0.0701545701527972,0.0,0.125,0.0,square_moore__markov__plastic__intr0__struct0__alpha_async__lesion__s1__5764946fbb,0.1025940382705295,0.0929813607735612,0.25,False,0.390729430339376,0.002,0.016,markov,0.62,square_moore,30,70,0.9,0.3279407834451922,0.3,0,0.42,0.08,140,0.2241431434870704,0.2,10,1.5315693017503622,5.292532801420845e-18,0.2,plastic,calibration,0.0644533650876449,False,alpha_async,30,130,180,1,-1,1.0,0.6,0.6,60,0.0728195674919726,0,0,40,1.0,2,0,0.25,0.01,0.75,50.0,lesion,30.0,0.45,0.2,0.1,0.002,8.0
44,220,0.4042083196311657,0.5,-0.3595853744155791,0.0,0.125,0.291999453728398,square_moore__ql__plastic__intr0__struct0__alpha_async__baseline__s1__52e8309126,-0.0056580861345631,0.0028060932823715,0.25,False,0.5813502083869955,0.002,0.016,ql,0.58,square_moore,30,70,0.9,0.4650876365695342,0.3,0,0.42,0.08,140,0.4006890330351703,0.3,10,1.4933248834038766,4.795413911387815e-18,0.2,plastic,calibration,,False,alpha_async,30,130,180,1,-1,1.0,0.6,0.6,60,0.0710141213879919,0,0,40,1.0,2,0,0.25,0.01,0.75,50.0,baseline,30.0,0.45,0.2,0.1,0.002,8.0
44,220,0.4097952574286631,0.5,-0.3641464431690361,0.0,0.125,0.2846374543219949,square_moore__ql__plastic__intr0__struct0__alpha_async__baseline__s2__ca3f5e292d,0.0119628843825721,-0.0045513842043815,0.25,False,0.562342938668767,0.002,0.016,ql,0.68,square_moore,30,70,0.9,0.4794757067070072,0.3,0,0.42,0.08,140,0.4055096638927348,0.4,10,1.4951508350716969,6.2142754679944984e-18,0.2,plastic,calibration,,False,alpha_async,30,130,180,2,-1,1.0,0.6,0.6,60,0.0395844153023961,0,0,40,1.0,2,0,0.25,0.01,0.75,50.0,baseline,30.0,0.45,0.2,0.1,0.002,8.0
44,220,0.4121147073836056,0.5,-0.3590563165444793,0.0,0.125,0.3026181377361508,square_moore__ql__plastic__intr0__struct0__alpha_async__lesion__s2__5038455c40,-0.0145896796600471,-0.0016651193123501,0.25,False,0.5683034852001059,0.002,0.016,ql,0.68,square_moore,30,70,0.9,0.476392325936489,0.3,0,0.42,0.08,140,0.3442667577433211,0.2,10,1.4956744468090362,4.534246539389293e-18,0.2,plastic,calibration,-0.0107107947646928,False,alpha_async,30,130,180,2,-1,1.0,0.6,0.6,60,0.1377571912168389,0,0,40,1.0,2,0,0.25,0.01,0.75,50.0,lesion,30.0,0.45,0.2,0.1,0.002,8.0
44,220,0.4228491375163328,0.5,-0.3542599182406862,0.0,0.125,0.0,hex_cells__markov__plastic__intr0__struct0__alpha_async__baseline__s2__76ead6cceb,0.0020465581655358,0.0051392173172375,0.25,False,0.5734476104708752,0.002,0.016,markov,0.62,hex_cells,30,70,0.9,0.4731682547596607,0.3,0,0.42,0.08,140,0.4200384720028249,0.3,10,1.3341754164756168,4.632461386090468e-18,0.2,plastic,calibration,,False,alpha_async,30,130,180,2,-1,1.0,0.6,0.6,60,0.0126868412144294,0,0,40,1.0,2,0,0.25,0.01,0.75,50.0,baseline,30.0,0.45,0.2,0.1,0.002,8.0
44,220,0.3195989586336107,0.5,0.0505007845351728,0.0,0.125,0.0,hex_cells__markov__plastic__intr0__struct0__alpha_async__lesion__s2__12b3ffd567,0.0797011909314518,0.0657975954518651,0.25,False,0.4351324102646609,0.002,0.016,markov,0.58,hex_cells,30,70,0.9,0.3499427982550951,0.3,0,0.42,0.08,140,0.249183340868509,0.4,10,1.5467448748176218,5.417696488687928e-18,0.2,plastic,calibration,0.0366749695302218,False,alpha_async,30,130,180,2,-1,1.0,0.6,0.6,60,0.0653275801198227,0,0,40,1.0,2,0,0.25,0.01,0.75,50.0,lesion,30.0,0.45,0.2,0.1,0.002,8.0
44,220,0.4229011475452507,0.5,-0.3628494758353585,0.0,0.125,0.2787161221818534,hex_cells__ql__plastic__intr0__struct0__alpha_async__baseline__s2__20b937be37,-0.001941580948366,0.0126733316094699,0.25,False,0.612425677370271,0.002,0.016,ql,0.58,hex_cells,30,70,0.9,0.4597230098261643,0.3,0,0.42,0.08,140,0.4173249055615649,0.2,10,1.2806116676113102,2.6024785575967133e-18,0.2,plastic,calibration,,False,alpha_async,30,130,180,2,-1,1.0,0.6,0.6,60,0.0112703281559063,0,0,40,1.0,2,0,0.25,0.01,0.75,50.0,baseline,30.0,0.45,0.2,0.1,0.002,8.0
44,220,0.4298299604420872,0.5,-0.3594482656348856,0.0,0.125,0.2816071324846664,hex_cells__ql__plastic__intr0__struct0__alpha_async__lesion__s1__268dc35cef,-0.0121561964878855,-0.0070494014299352,0.25,False,0.6089073294921424,0.002,0.016,ql,0.68,hex_cells,30,70,0.9,0.4668027793744317,0.3,0,0.42,0.08,140,0.3629520716009017,0.3,10,1.304400321088067,3.7169594174398384e-18,0.2,plastic,calibration,-0.0150268773288337,False,alpha_async,30,130,180,1,-1,1.0,0.6,0.6,60,0.0197430187271918,0,0,40,1.0,2,0,0.25,0.01,0.75,50.0,lesion,30.0,0.45,0.2,0.1,0.002,8.0
44,220,0.4015847236809592,0.5,-0.2256896900345013,0.0,0.125,0.0,honeycomb__markov__plastic__intr0__struct0__alpha_async__baseline__s1__0d40695f42,0.0203126754606097,0.0073844791390731,0.25,False,0.7291538000762223,0.002,0.016,markov,0.62,honeycomb,30,70,0.9,0.3453015550165195,0.3,0,0.42,0.08,140,0.393395681275325,0.4,10,1.5160799913707712,4.5566522655784756e-18,0.2,plastic,calibration,,False,alpha_async,30,130,180,1,-1,1.0,0.6,0.6,60,0.0055393097674449,0,0,40,1.0,2,0,0.25,0.01,0.75,50.0,baseline,30.0,0.45,0.2,0.1,0.002,8.0
44,220,0.1268073466227086,0.5,0.5308693636595815,0.0,0.125,0.0,honeycomb__markov__plastic__intr0__struct0__alpha_async__lesion__s1__014e9eea4e,0.3320302883672896,0.2863417338272653,0.25,False,0.2339545093033035,0.002,0.016,markov,0.62,honeycomb,30,70,0.9,0.108926587016614,0.3,0,0.42,0.08,140,0.1241121865982349,0.2,10,1.0550018028257169,5.231603372779592e-18,0.2,plastic,calibration,0.2995081704255948,False,alpha_async,30,130,180,1,-1,1.0,0.6,0.6,60,0.1400292630865542,0,0,40,1.0,2,0,0.25,0.01,0.75,50.0,lesion,30.0,0.45,0.2,0.1,0.002,8.0
44,220,0.3994704335505585,0.5,-0.2358383526365813,0.0,0.125,0.2758907208222976,honeycomb__ql__plastic__intr0__struct0__alpha_async__baseline__s1__2f5a6ab30e,-0.0126897559189709,-0.0045860311994935,0.25,False,0.7424588073876439,0.002,0.016,ql,0.58,honeycomb,30,70,0.9,0.3357992318413768,0.3,0,0.42,0.08,140,0.3922632276016204,0.3,10,1.4726064262922631,4.910025979822039e-18,0.2,plastic,calibration,,False,alpha_async,30,130,180,1,-1,1.0,0.6,0.6,60,0.0062124666838759,0,0,40,1.0,2,0,0.25,0.01,0.75,50.0,baseline,30.0,0.45,0.2,0.1,0.002,8.0
44,220,0.3959044582751083,0.5,-0.1811427517437961,0.0,0.125,0.2800967622380091,honeycomb__ql__plastic__intr0__struct0__alpha_async__baseline__s2__9163f05d28,-0.0057187686957478,-0.006563954865562,0.25,False,0.7216497353834713,0.002,0.016,ql,0.68,honeycomb,30,70,0.9,0.3402894541182276,0.3,0,0.42,0.08,140,0.3877517396104775,0.4,10,1.507404253214615,2.7696129770515872e-18,0.2,plastic,calibration,,False,alpha_async,30,130,180,2,-1,1.0,0.6,0.6,60,0.0051745280620113,0,0,40,1.0,2,0,0.25,0.01,0.75,50.0,baseline,30.0,0.45,0.2,0.1,0.002,8.0
44,220,0.3329786971340653,0.5,0.0437234231723266,0.0,0.125,0.3731221389797279,honeycomb__ql__plastic__intr0__struct0__alpha_async__lesion__s2__5ff66a13cc,0.0718066838467556,0.0528861547182185,0.25,False,0.6676219733090889,0.002,0.016,ql,0.68,honeycomb,30,70,0.9,0.2756649765201893,0.3,0,0.42,0.08,140,0.2743416671775621,0.2,10,1.529773814097282,5.016211477118473e-18,0.2,plastic,calibration,0.0446848490057334,False,alpha_async,30,130,180,2,-1,1.0,0.6,0.6,60,0.0358435641030954,0,0,40,1.0,2,0,0.25,0.01,0.75,50.0,lesion,30.0,0.45,0.2,0.1,0.002,8.0
44,220,0.4262783974026378,0.5,-0.20612296619721,0.0,0.125,0.0,extended_moore_r2__markov__plastic__intr0__struct0__alpha_async__baseline__s2__98764a45cd,0.0098479775796426,0.0059000336678867,0.25,False,0.7892374022894137,0.002,0.016,markov,0.62,extended_moore_r2,30,70,0.9,0.3046842375550607,0.3,0,0.42,0.08,140,0.4141989027258005,0.3,10,0.5953028196776415,4.311931360432192e-18,0.2,plastic,calibration,,False,alpha_async,30,130,180,2,-1,1.0,0.6,0.6,60,0.0499831231710293,0,0,40,0.993586432506887,2,0,0.25,0.01,0.75,50.0,baseline,30.0,0.45,0.2,0.1,0.002,8.0
44,220,0.3553108812111593,0.5,0.0746096044399752,0.0,0.125,0.0,extended_moore_r2__markov__plastic__intr0__struct0__alpha_async__lesion__s2__87752d736c,0.0565812944587052,0.0590209835440946,0.25,False,0.6331008712929883,0.002,0.016,markov,0.58,extended_moore_r2,30,70,0.9,0.2934833135128928,0.3,0,0.42,0.08,140,0.2699204036387614,0.4,10,1.1061398411756065,4.349237402612823e-18,0.2,plastic,calibration,0.0235535736343079,False,alpha_async,30,130,180,2,-1,1.0,0.6,0.6,60,0.0589075302345239,0,0,40,0.9933066460055096,2,0,0.25,0.01,0.75,50.0,lesion,30.0,0.45,0.2,0.1,0.002,8.0
44,220,0.4043050640005221,0.5,-0.2298585090774945,0.0,0.125,0.1781560491101847,extended_moore_r2__ql__plastic__intr0__struct0__alpha_async__baseline__s2__1ea14f5ca9,-0.0062984079674056,-0.0064999535990449,0.25,False,0.7989339291969085,0.002,0.016,ql,0.58,extended_moore_r2,30,70,0.9,0.2879251009455114,0.3,0,0.42,0.08,140,0.4025788901473686,0.2,10,0.3779127904256907,5.037349646459238e-18,0.2,plastic,calibration,,False,alpha_async,30,130,180,2,-1,1.0,0.6,0.6,60,0.1174535164676945,0,0,40,0.9788653581267218,2,0,0.25,0.01,0.75,50.0,baseline,30.0,0.45,0.2,0.1,0.002,8.0
44,220,0.4155764823733524,0.5,-0.0449418005686991,0.0,0.125,0.1722807376455429,extended_moore_r2__ql__plastic__intr0__struct0__alpha_async__lesion__s1__d847c82e6b,0.017215674433032,-0.0048928150075273,0.25,False,0.8064708238083031,0.002,0.016,ql,0.68,extended_moore_r2,30,70,0.9,0.2587522028300568,0.3,0,0.42,0.08,140,0.3899546740377294,0.3,10,0.2560466121323053,4.3725976383197615e-18,0.2,plastic,calibration,0.0275354684078542,False,alpha_async,30,130,180,1,-1,1.0,0.6,0.6,60,0.0050691840317204,0,0,40,0.997460399449036,2,0,0.25,0.01,0.75,50.0,lesion,30.0,0.45,0.2,0.1,0.002,8.0
44,220,0.4687631876679898,0.5,-0.0642180943034776,0.0,0.125,0.0,extended_hex_r2__markov__plastic__intr0__struct0__alpha_async__baseline__s1__10c345913d,0.0003504247061135,0.0023620188997468,0.25,False,0.8851075291636029,0.002,0.016,markov,0.62,extended_hex_r2,30,70,0.9,0.2186052775931153,0.3,0,0.42,0.08,140,0.4390858813581323,0.4,10,0.7486615854865971,4.432177237429866e-18,0.2,plastic,calibration,,False,alpha_async,30,130,180,1,-1,1.0,0.6,0.6,60,0.0063479027309911,0,0,40,1.0,2,0,0.25,0.01,0.75,50.0,baseline,30.0,0.45,0.2,0.1,0.002,8.0
44,220,0.4352468270398058,0.5,0.0648269785956678,0.0,0.125,0.0,extended_hex_r2__markov__plastic__intr0__struct0__alpha_async__lesion__s1__9baa358742,0.0405591577895194,0.0534567400708747,0.25,False,0.8713463784062841,0.002,0.016,markov,0.62,extended_hex_r2,30,70,0.9,0.2026418964422187,0.3,0,0.42,0.08,140,0.3395266628952548,0.2,10,0.7322327959123889,4.6639173524462164e-18,0.2,plastic,calibration,-0.0461691965652251,False,alpha_async,30,130,180,1,-1,1.0,0.6,0.6,60,0.0261588954310086,0,0,40,1.0,2,0,0.25,0.01,0.75,50.0,lesion,30.0,0.45,0.2,0.1,0.002,8.0
44,220,0.4286790679877722,0.5,-0.0862825179812322,0.0,0.125,0.1372872907193914,extended_hex_r2__ql__plastic__intr0__struct0__alpha_async__baseline__s1__33f52ee070,0.0032591485249737,0.0008710538411993,0.25,False,0.9004507873885967,0.002,0.016,ql,0.58,extended_hex_r2,30,70,0.9,0.1921063215970909,0.3,0,0.42,0.08,140,0.4392861985649903,0.3,10,0.2618216800740432,3.9261384451889166e-18,0.2,plastic,calibration,,False,alpha_async,30,130,180,1,-1,1.0,0.6,0.6,60,0.0116372785902683,0,0,40,1.0,2,0,0.25,0.01,0.75,50.0,baseline,30.0,0.45,0.2,0.1,0.002,8.0
44,220,0.4774880058584081,0.5,-0.0456227217491084,0.0,0.125,0.1266374751409223,extended_hex_r2__ql__plastic__intr0__struct0__alpha_async__baseline__s2__bdae97eb38,-0.0019198942153479,-0.0074282958006587,0.25,False,0.8416755802095089,0.002,0.016,ql,0.68,extended_hex_r2,30,70,0.9,0.2522149901787975,0.3,0,0.42,0.08,140,0.4387920179026958,0.4,10,0.749518359655814,4.795674074078851e-18,0.2,plastic,calibration,,False,alpha_async,30,130,180,2,-1,1.0,0.6,0.6,60,0.0051898193977834,0,0,40,1.0,2,0,0.25,0.01,0.75,50.0,baseline,30.0,0.45,0.2,0.1,0.002,8.0
44,220,0.4306664257873627,0.5,-0.0181608822845729,0.0,0.125,0.1670686447526879,extended_hex_r2__ql__plastic__intr0__struct0__alpha_async__lesion__s2__3ec647e926,-0.0235591449502646,-0.0032411664748267,0.25,False,0.8417769306471677,0.002,0.016,ql,0.68,extended_hex_r2,30,70,0.9,0.2397889597786231,0.3,0,0.42,0.08,140,0.395728234817721,0.2,10,0.5677553146134813,4.160278931296571e-18,0.2,plastic,calibration,0.0025217362053288,False,alpha_async,30,130,180,2,-1,1.0,0.6,0.6,60,0.0070789554663056,0,0,40,1.0,2,0,0.25,0.01,0.75,50.0,lesion,30.0,0.45,0.2,0.1,0.002,8.0
44,220,0.4204213252762233,0.5,-0.3850696248739909,0.0,0.125,0.0,square_moore__markov__plastic__intr0__struct0__alpha_async__baseline__s1__348dac70c9,0.0064604901479509,0.0039930896228355,0.25,False,0.4666893615629653,0.002,0.006,markov,0.68,square_moore,30,70,0.9,0.5252626402993525,0.3,0,0.42,0.08,140,0.4133926016962289,0.2,10,1.548174960595397,4.776367624124727e-18,0.2,plastic,calibration,,False,alpha_async,30,130,180,1,-1,1.0,0.6,0.6,60,0.1049941008852891,0,0,40,1.0,2,0,0.25,0.01,0.75,50.0,baseline,30.0,0.45,0.2,0.1,0.002,8.0
44,220,0.2914039387577685,0.5,0.1044319876477746,0.0,0.125,0.0,square_moore__markov__plastic__intr0__struct0__alpha_async__lesion__s1__642517bd29,0.1101100258253668,0.0965701084339281,0.25,False,0.4249243444933754,0.002,0.006,markov,0.62,square_moore,30,70,0.9,0.3131447703641671,0.3,0,0.42,0.08,140,0.2282792176722723,0.3,10,1.5384910231024185,6.962254472372526e-18,0.2,plastic,calibration,0.0863980062273636,False,alpha_async,30,130,180,1,-1,1.0,0.6,0.6,60,0.0807267672912886,0,0,40,1.0,2,0,0.25,0.01,0.75,50.0,lesion,30.0,0.45,0.2,0.1,0.002,8.0
44,220,0.4185536164626678,0.5,-0.3864738901056344,0.0,0.125,0.306349812182999,square_moore__ql__plastic__intr0__struct0__alpha_async__baseline__s1__4122f29ef8,-0.0060743730118431,0.0087173819651542,0.25,False,0.5023492306277126,0.002,0.006,ql,0.58,square_moore,30,70,0.9,0.5179664210820618,0.3,0,0.42,0.08,140,0.4123147367738578,0.4,10,1.524339609715332,5.0515222359924534e-18,0.2,plastic,calibration,,False,alpha_async,30,130,180,1,-1,1.0,0.6,0.6,60,0.0742879550547258,0,0,40,1.0,2,0,0.25,0.01,0.75,50.0,baseline,30.0,0.45,0.2,0.1,0.002,8.0
44,220,0.4013345948270549,0.5,-0.2956550856882525,0.0,0.125,0.3325018310529515,square_moore__ql__plastic__intr0__struct0__alpha_async__lesion__s1__7aa4a5c46f,0.0268296223198855,0.0024123322454459,0.25,False,0.6244643345680542,0.002,0.006,ql,0.58,square_moore,30,70,0.9,0.4205955956057518,0.3,0,0.42,0.08,140,0.3303457833787793,0.2,10,1.4460781723260203,5.563962982061863e-18,0.2,plastic,calibration,0.0077178294578468,False,alpha_async,30,130,180,1,-1,1.0,0.6,0.6,60,0.0974033167337145,0,0,40,1.0,2,0,0.25,0.01,0.75,50.0,lesion,30.0,0.45,0.2,0.1,0.002,8.0
44,220,0.409728251620962,0.5,-0.3197844860380189,0.0,0.125,0.3129615465881289,square_moore__ql__plastic__intr0__struct0__alpha_async__lesion__s2__dbeba32983,0.0087531983196731,0.0110320244472852,0.25,False,0.6009795729342589,0.002,0.006,ql,0.68,square_moore,30,70,0.9,0.4466965221496761,0.3,0,0.42,0.08,140,0.3438657140095384,0.3,10,1.4213327579015702,4.182929420988623e-18,0.2,plastic,calibration,0.012067307796257,False,alpha_async,30,130,180,2,-1,1.0,0.6,0.6,60,0.0354066628487684,0,0,40,1.0,2,0,0.25,0.01,0.75,50.0,lesion,30.0,0.45,0.2,0.1,0.002,8.0
44,220,0.4324042643338698,0.5,-0.3923752363593583,0.0,0.125,0.0,hex_cells__markov__plastic__intr0__struct0__alpha_async__baseline__s2__4fdf2434e6,0.0061335142968178,-0.0022852093145388,0.25,False,0.5404920635040157,0.002,0.006,markov,0.62,hex_cells,30,70,0.9,0.508212675701447,0.3,0,0.42,0.08,140,0.4286867002184367,0.4,10,1.3962835457672789,2.6827372411879e-18,0.2,plastic,calibration,,False,alpha_async,30,130,180,2,-1,1.0,0.6,0.6,60,0.0400874137288866,0,0,40,1.0,2,0,0.25,0.01,0.75,50.0,baseline,30.0,0.45,0.2,0.1,0.002,8.0
44,220,0.3652983457065175,0.5,-0.0687862742202076,0.0,0.125,0.0,hex_cells__markov__plastic__intr0__struct0__alpha_async__lesion__s2__a834a46d57,0.0556883426719518,0.0565665329930526,0.25,False,0.4716002200087138,0.002,0.006,markov,0.62,hex_cells,30,70,0.9,0.4045857575801191,0.3,0,0.42,0.08,140,0.2788112661136943,0.2,10,1.5333585812906576,3.7514704745920816e-18,0.2,plastic,calibration,0.0295535461259783,False,alpha_async,30,130,180,2,-1,1.0,0.6,0.6,60,0.0564266736854587,0,0,40,1.0,2,0,0.25,0.01,0.75,50.0,lesion,30.0,0.45,0.2,0.1,0.002,8.0
44,220,0.4302421044647869,0.5,-0.3860016525251202,0.0,0.125,0.2835368329394632,hex_cells__ql__plastic__intr0__struct0__alpha_async__baseline__s2__59f8af7607,-0.014653488383952,0.0011380037852771,0.25,False,0.5742939699038968,0.002,0.006,ql,0.58,hex_cells,30,70,0.9,0.4940971141870035,0.3,0,0.42,0.08,140,0.4260242262863641,0.3,10,1.3475146488971266,4.881038158448219e-18,0.2,plastic,calibration,,False,alpha_async,30,130,180,2,-1,1.0,0.6,0.6,60,0.0178650381956212,0,0,40,1.0,2,0,0.25,0.01,0.75,50.0,baseline,30.0,0.45,0.2,0.1,0.002,8.0
44,220,0.4424770651979658,0.5,-0.3808365830815003,0.0,0.125,0.2908072523552991,hex_cells__ql__plastic__intr0__struct0__alpha_async__lesion__s1__6d4bf70d7b,-0.0064818726315874,-0.004796054166439,0.25,False,0.5877183084752422,0.002,0.006,ql,0.68,hex_cells,30,70,0.9,0.491526495112743,0.3,0,0.42,0.08,140,0.3697917647433393,0.4,10,1.2700396609204816,2.7043684308340448e-18,0.2,plastic,calibration,-0.017140079891457,False,alpha_async,30,130,180,1,-1,1.0,0.6,0.6,60,0.0212607501230943,0,0,40,1.0,2,0,0.25,0.01,0.75,50.0,lesion,30.0,0.45,0.2,0.1,0.002,8.0
44,220,0.3968283640327266,0.5,-0.1800477197483212,0.0,0.125,0.0,honeycomb__markov__plastic__intr0__struct0__alpha_async__baseline__s1__357d04bd91,0.005288779276872,0.0082256414637812,0.25,False,0.7156766109916018,0.002,0.006,markov,0.68,honeycomb,30,70,0.9,0.3425152820102169,0.3,0,0.42,0.08,140,0.3906385862538638,0.2,10,1.5084420935869938,3.702093852536775e-18,0.2,plastic,calibration,,False,alpha_async,30,130,180,1,-1,1.0,0.6,0.6,60,0.0044127315067514,0,0,40,1.0,2,0,0.25,0.01,0.75,50.0,baseline,30.0,0.45,0.2,0.1,0.002,8.0
44,220,0.1079371135145048,0.5,0.5286587090632856,0.0,0.125,0.0,honeycomb__markov__plastic__intr0__struct0__alpha_async__lesion__s1__96701f06fd,0.3672219755179441,0.2931973887161284,0.25,False,0.2038125786691727,0.002,0.006,markov,0.62,honeycomb,30,70,0.9,0.095896108196616,0.3,0,0.42,0.08,140,0.1126250561397156,0.3,10,0.950207848816322,7.250073672669212e-18,0.2,plastic,calibration,0.3763357018363654,False,alpha_async,30,130,180,1,-1,1.0,0.6,0.6,60,0.1262010453729897,0,0,40,1.0,2,0,0.25,0.01,0.75,50.0,lesion,30.0,0.45,0.2,0.1,0.002,8.0
44,220,0.4010523075117435,0.5,-0.2320457669853067,0.0,0.125,0.2744405256564703,honeycomb__ql__plastic__intr0__struct0__alpha_async__baseline__s1__1438fde7dc,-0.0138450885733708,0.0038332354174845,0.25,False,0.7467615361653228,0.002,0.006,ql,0.58,honeycomb,30,70,0.9,0.3336142682318858,0.3,0,0.42,0.08,140,0.3937086826138414,0.4,10,1.469743107322792,2.8607626008263546e-18,0.2,plastic,calibration,,False,alpha_async,30,130,180,1,-1,1.0,0.6,0.6,60,0.0063254426191177,0,0,40,1.0,2,0,0.25,0.01,0.75,50.0,baseline,30.0,0.45,0.2,0.1,0.002,8.0
44,220,0.2628580264272401,0.5,0.2651875915549911,0.0,0.125,0.4262259778718912,honeycomb__ql__plastic__intr0__struct0__alpha_async__lesion__s1__1cfd0104f0,0.157169825835001,0.1440987547355415,0.25,False,0.6095976243786666,0.002,0.006,ql,0.58,honeycomb,30,70,0.9,0.1871895218701863,0.3,0,0.42,0.08,140,0.2296570858780788,0.2,10,1.423401513794725,3.2530009486338293e-18,0.2,plastic,calibration,0.1577244112180676,False,alpha_async,30,130,180,1,-1,1.0,0.6,0.6,60,0.1498037062503226,0,0,40,1.0,2,0,0.25,0.01,0.75,50.0,lesion,30.0,0.45,0.2,0.1,0.002,8.0
44,220,0.3143190565489515,0.5,0.1336672054083235,0.0,0.125,0.385294720193461,honeycomb__ql__plastic__intr0__struct0__alpha_async__lesion__s2__ec3669a50c,0.0930713876782977,0.1088366638444588,0.25,False,0.6472285434462248,0.002,0.006,ql,0.68,honeycomb,30,70,0.9,0.2501451682967011,0.3,0,0.42,0.08,140,0.2624452730508173,0.3,10,1.5385894982290167,5.637921158482499e-18,0.2,plastic,calibration,0.0580171995475375,False,alpha_async,30,130,180,2,-1,1.0,0.6,0.6,60,0.0656996110818029,0,0,40,1.0,2,0,0.25,0.01,0.75,50.0,lesion,30.0,0.45,0.2,0.1,0.002,8.0
44,220,0.4257551571898064,0.5,-0.2733082120355937,0.0,0.125,0.0,extended_moore_r2__markov__plastic__intr0__struct0__alpha_async__baseline__s2__b39d74387a,-0.0176731689787438,-0.0050829479030691,0.25,False,0.6484979525854604,0.002,0.006,markov,0.62,extended_moore_r2,30,70,0.9,0.4098923684049558,0.3,0,0.42,0.08,140,0.4222956212419361,0.4,10,0.7932589334811914,3.097015100837195e-18,0.2,plastic,calibration,,False,alpha_async,30,130,180,2,-1,1.0,0.6,0.6,60,0.1703921838776893,0,0,40,1.0,2,0,0.25,0.01,0.75,50.0,baseline,30.0,0.45,0.2,0.1,0.002,8.0
44,220,0.408595762359954,0.5,-0.1594130705363285,0.0,0.125,0.0,extended_moore_r2__markov__plastic__intr0__struct0__alpha_async__lesion__s2__2f5bd92305,0.0008749480137614,0.0226766345067077,0.25,False,0.5986499300900285,0.002,0.006,markov,0.62,extended_moore_r2,30,70,0.9,0.3966522119757078,0.3,0,0.42,0.08,140,0.3122829144888234,0.2,10,1.090170680584973,4.459813534435535e-18,0.2,plastic,calibration,-0.0261927166054466,False,alpha_async,30,130,180,2,-1,1.0,0.6,0.6,60,0.2153522868193142,0,0,40,1.0,2,0,0.25,0.01,0.75,50.0,lesion,30.0,0.45,0.2,0.1,0.002,8.0
44,220,0.4239657608203425,0.5,-0.2827939337502345,0.0,0.125,0.2226364496261982,extended_moore_r2__ql__plastic__intr0__struct0__alpha_async__baseline__s2__28d4e0f540,-0.0205695958195807,0.0124300944118419,0.25,False,0.5847640987228984,0.002,0.006,ql,0.58,extended_moore_r2,30,70,0.9,0.4480475268303591,0.3,0,0.42,0.08,140,0.4201412080364822,0.3,10,0.8551346159599105,2.37520939563854e-18,0.2,plastic,calibration,,False,alpha_async,30,130,180,2,-1,1.0,0.6,0.6,60,0.2335961747694109,0,0,40,1.0,2,0,0.25,0.01,0.75,50.0,baseline,30.0,0.45,0.2,0.1,0.002,8.0
44,220,0.417067989351191,0.5,-0.0459092010810522,0.0,0.125,0.1719566928692504,extended_moore_r2__ql__plastic__intr0__struct0__alpha_async__lesion__s1__3a1edb0c82,0.0158281070829436,-0.0035215322254483,0.25,False,0.8049565991568182,0.002,0.006,ql,0.68,extended_moore_r2,30,70,0.9,0.2608387680618235,0.3,0,0.42,0.08,140,0.3928603976823532,0.4,10,0.2548063736093443,4.018774807058593e-18,0.2,plastic,calibration,0.0317239079380031,False,alpha_async,30,130,180,1,-1,1.0,0.6,0.6,60,0.0045475713405525,0,0,40,1.0,2,0,0.25,0.01,0.75,50.0,lesion,30.0,0.45,0.2,0.1,0.002,8.0
44,220,0.4240571048502397,0.5,-0.0526756053103572,0.0,0.125,0.0,extended_hex_r2__markov__plastic__intr0__struct0__alpha_async__baseline__s1__e33edb817e,-0.0005083227066521,-0.0030854526140642,0.25,False,0.8230625483735963,0.002,0.006,markov,0.68,extended_hex_r2,30,70,0.9,0.2523839648145897,0.3,0,0.42,0.08,140,0.4451949295515325,0.2,10,0.2850647417681254,4.035358947261768e-18,0.2,plastic,calibration,,False,alpha_async,30,130,180,1,-1,1.0,0.6,0.6,60,0.004989273342046,0,0,40,1.0,2,0,0.25,0.01,0.75,50.0,baseline,30.0,0.45,0.2,0.1,0.002,8.0
44,220,0.4323785949913025,0.5,0.0267633369296815,0.0,0.125,0.0,extended_hex_r2__markov__plastic__intr0__struct0__alpha_async__lesion__s1__e66b1583e0,0.0360065684021251,0.0270625062180191,0.25,False,0.8728989668607269,0.002,0.006,markov,0.62,extended_hex_r2,30,70,0.9,0.2055866165434113,0.3,0,0.42,0.08,140,0.3458832890826868,0.3,10,0.6104521483364178,4.799762832463377e-18,0.2,plastic,calibration,-0.0037754653008031,False,alpha_async,30,130,180,1,-1,1.0,0.6,0.6,60,0.0109472997804211,0,0,40,1.0,2,0,0.25,0.01,0.75,50.0,lesion,30.0,0.45,0.2,0.1,0.002,8.0
44,220,0.4397332748708162,0.5,-0.094481131647426,0.0,0.125,0.1431563645168498,extended_hex_r2__ql__plastic__intr0__struct0__alpha_async__baseline__s1__2dd3704770,-0.0178287918667795,-0.0270193725918843,0.25,False,0.9080667412849106,0.002,0.006,ql,0.58,extended_hex_r2,30,70,0.9,0.1917003777645603,0.3,0,0.42,0.08,140,0.4387968520609376,0.4,10,0.4173962048277798,3.688521177219756e-18,0.2,plastic,calibration,,False,alpha_async,30,130,180,1,-1,1.0,0.6,0.6,60,0.0199093273191079,0,0,40,1.0,2,0,0.25,0.01,0.75,50.0,baseline,30.0,0.45,0.2,0.1,0.002,8.0
44,220,0.4317480629593186,0.5,-0.0814266647884498,0.0,0.125,0.1718868007750036,extended_hex_r2__ql__plastic__intr0__struct0__alpha_async__lesion__s1__8aab5f9ec5,0.0055861047769408,-0.0052157354177305,0.25,False,0.904338757283414,0.002,0.006,ql,0.58,extended_hex_r2,30,70,0.9,0.1882028672001419,0.3,0,0.42,0.08,140,0.3921158860809769,0.2,10,0.2741562978847958,4.384795098473371e-18,0.2,plastic,calibration,0.0230595759619523,False,alpha_async,30,130,180,1,-1,1.0,0.6,0.6,60,0.0104040067118045,0,0,40,1.0,2,0,0.25,0.01,0.75,50.0,lesion,30.0,0.45,0.2,0.1,0.002,8.0
44,220,0.4239454183068797,0.5,-0.02491518380296,0.0,0.125,0.1676404142724832,extended_hex_r2__ql__plastic__intr0__struct0__alpha_async__lesion__s2__7714e0d2c0,0.0169917353407112,-0.0095789216371987,0.25,False,0.8334339783213518,0.002,0.006,ql,0.68,extended_hex_r2,30,70,0.9,0.2439275251293534,0.3,0,0.42,0.08,140,0.3967042512461088,0.3,10,0.4728575996027244,4.2931051826183095e-18,0.2,plastic,calibration,0.0083515247837352,False,alpha_async,30,130,180,2,-1,1.0,0.6,0.6,60,0.0058731284796751,0,0,40,1.0,2,0,0.25,0.01,0.75,50.0,lesion,30.0,0.45,0.2,0.1,0.002,8.0
44,220,0.4149488227431396,0.5,-0.3986237233138796,0.0,0.125,0.0,square_moore__markov__plastic__intr0__struct0__alpha_async__baseline__s1__5d406982e5,0.0158719457701385,-0.0027742032173467,0.25,False,0.4850741086044037,0.002,0.01,markov,0.68,square_moore,30,70,0.9,0.5243143010579587,0.3,0,0.42,0.08,140,0.410562306515042,0.2,10,1.5563496050213097,6.093558932539083e-18,0.2,plastic,calibration,,False,alpha_async,30,130,180,1,-1,1.0,0.6,0.6,60,0.0697658407039453,0,0,40,1.0,2,0,0.25,0.01,0.75,50.0,baseline,30.0,0.45,0.2,0.1,0.002,8.0
44,220,0.2940479410016311,0.5,0.0565488511831526,0.0,0.125,0.0,square_moore__markov__plastic__intr0__struct0__alpha_async__lesion__s1__05799eb410,0.1097196900153637,0.1057029422946572,0.25,False,0.4040636570069696,0.002,0.01,markov,0.62,square_moore,30,70,0.9,0.3327701922498615,0.3,0,0.42,0.08,140,0.2299595023974212,0.3,10,1.5410962681913627,6.24995399591217e-18,0.2,plastic,calibration,0.0827562483974719,False,alpha_async,30,130,180,1,-1,1.0,0.6,0.6,60,0.0877926850357943,0,0,40,1.0,2,0,0.25,0.01,0.75,50.0,lesion,30.0,0.45,0.2,0.1,0.002,8.0
44,220,0.4089471688243294,0.5,-0.3866630177131805,0.0,0.125,0.3020726611059912,square_moore__ql__plastic__intr0__struct0__alpha_async__baseline__s1__57bcc64e54,-0.0014901792018479,-0.002870891805712,0.25,False,0.5305393307319205,0.002,0.01,ql,0.58,square_moore,30,70,0.9,0.4994349841007114,0.3,0,0.42,0.08,140,0.4070246737657133,0.4,10,1.5453353966781145,6.011166432361592e-18,0.2,plastic,calibration,,False,alpha_async,30,130,180,1,-1,1.0,0.6,0.6,60,0.0962382507276284,0,0,40,1.0,2,0,0.25,0.01,0.75,50.0,baseline,30.0,0.45,0.2,0.1,0.002,8.0
44,220,0.4045913877823414,0.5,-0.3111580236303195,0.0,0.125,0.3308493662649,square_moore__ql__plastic__intr0__struct0__alpha_async__lesion__s1__11ff063bff,0.0212271013243093,0.0137174649193343,0.25,False,0.6031798828918353,0.002,0.01,ql,0.58,square_moore,30,70,0.9,0.436146199378146,0.3,0,0.42,0.08,140,0.330223262904386,0.2,10,1.479067657420735,6.507055506320411e-18,0.2,plastic,calibration,0.0107657327367168,False,alpha_async,30,130,180,1,-1,1.0,0.6,0.6,60,0.1059503975522052,0,0,40,1.0,2,0,0.25,0.01,0.75,50.0,lesion,30.0,0.45,0.2,0.1,0.002,8.0
44,220,0.4133150984911176,0.5,-0.3394663325231755,0.0,0.125,0.3117103300897644,square_moore__ql__plastic__intr0__struct0__alpha_async__lesion__s2__fe600b17e5,0.0098415536582253,0.0136240412807341,0.25,False,0.5863998899592853,0.002,0.01,ql,0.68,square_moore,30,70,0.9,0.4601130748273856,0.3,0,0.42,0.08,140,0.3435250973133051,0.3,10,1.4595893968072868,6.222019884302112e-18,0.2,plastic,calibration,0.004127428806025,False,alpha_async,30,130,180,2,-1,1.0,0.6,0.6,60,0.1098253532833955,0,0,40,1.0,2,0,0.25,0.01,0.75,50.0,lesion,30.0,0.45,0.2,0.1,0.002,8.0
44,220,0.4289474032421032,0.5,-0.3703858874196222,0.0,0.125,0.0,hex_cells__markov__plastic__intr0__struct0__alpha_async__baseline__s2__ccee63028d,0.0003266152358556,-0.016103786452505,0.25,False,0.556813821022903,0.002,0.01,markov,0.62,hex_cells,30,70,0.9,0.48797788614041,0.3,0,0.42,0.08,140,0.4230608587274604,0.4,10,1.3463834947607018,2.945218484544777e-18,0.2,plastic,calibration,,False,alpha_async,30,130,180,2,-1,1.0,0.6,0.6,60,0.0166441298415269,0,0,40,1.0,2,0,0.25,0.01,0.75,50.0,baseline,30.0,0.45,0.2,0.1,0.002,8.0
44,220,0.3489145638841186,0.5,-0.0101635400596995,0.0,0.125,0.0,hex_cells__markov__plastic__intr0__struct0__alpha_async__lesion__s2__6415675cde,0.0791565588207663,0.0643637327429736,0.25,False,0.4645935418210578,0.002,0.01,markov,0.62,hex_cells,30,70,0.9,0.3792398587880129,0.3,0,0.42,0.08,140,0.2678892821198359,0.2,10,1.5535530922313756,4.255599174535262e-18,0.2,plastic,calibration,0.0453806714182948,False,alpha_async,30,130,180,2,-1,1.0,0.6,0.6,60,0.0483928389169884,0,0,40,1.0,2,0,0.25,0.01,0.75,50.0,lesion,30.0,0.45,0.2,0.1,0.002,8.0
44,220,0.421759306705343,0.5,-0.3681025567900249,0.0,0.125,0.2877048223229095,hex_cells__ql__plastic__intr0__struct0__alpha_async__baseline__s2__29f164a46d,-0.0050560010834157,0.008488920880471,0.25,False,0.5757379323972326,0.002,0.01,ql,0.58,hex_cells,30,70,0.9,0.4818385032248999,0.3,0,0.42,0.08,140,0.4199285246921172,0.3,10,1.36401293476191,2.9887742589238342e-18,0.2,plastic,calibration,,False,alpha_async,30,130,180,2,-1,1.0,0.6,0.6,60,0.012070987442595,0,0,40,1.0,2,0,0.25,0.01,0.75,50.0,baseline,30.0,0.45,0.2,0.1,0.002,8.0
44,220,0.4391899808242786,0.5,-0.3800109197373756,0.0,0.125,0.2904860377125232,hex_cells__ql__plastic__intr0__struct0__alpha_async__lesion__s1__40b0899c19,-0.0101674735268142,-0.0055641075775128,0.25,False,0.5940408306512894,0.002,0.01,ql,0.68,hex_cells,30,70,0.9,0.4857235267482319,0.3,0,0.42,0.08,140,0.3657103614569803,0.4,10,1.304928664969473,4.2348787405201395e-18,0.2,plastic,calibration,0.0015026184140866,False,alpha_async,30,130,180,1,-1,1.0,0.6,0.6,60,0.0372042540273373,0,0,40,1.0,2,0,0.25,0.01,0.75,50.0,lesion,30.0,0.45,0.2,0.1,0.002,8.0
44,220,0.3998324772972473,0.5,-0.1959944286439758,0.0,0.125,0.0,honeycomb__markov__plastic__intr0__struct0__alpha_async__baseline__s1__76268af740,-0.0034304383863037,-0.0088833089341341,0.25,False,0.7079348927970442,0.002,0.01,markov,0.68,honeycomb,30,70,0.9,0.3527765503417231,0.3,0,0.42,0.08,140,0.3920321943565008,0.2,10,1.531796133169003,2.638236422401236e-18,0.2,plastic,calibration,,False,alpha_async,30,130,180,1,-1,1.0,0.6,0.6,60,0.0066998843488035,0,0,40,1.0,2,0,0.25,0.01,0.75,50.0,baseline,30.0,0.45,0.2,0.1,0.002,8.0
44,220,0.1245126008090766,0.5,0.5268411445812522,0.0,0.125,0.0,honeycomb__markov__plastic__intr0__struct0__alpha_async__lesion__s1__227ad17358,0.3275622507554239,0.2915804788833155,0.25,False,0.2261239908023387,0.002,0.01,markov,0.62,honeycomb,30,70,0.9,0.1088254650448555,0.3,0,0.42,0.08,140,0.1242532371587433,0.3,10,1.047570755979829,4.185124229582021e-18,0.2,plastic,calibration,0.315642290521947,False,alpha_async,30,130,180,1,-1,1.0,0.6,0.6,60,0.1591652898915792,0,0,40,1.0,2,0,0.25,0.01,0.75,50.0,lesion,30.0,0.45,0.2,0.1,0.002,8.0
44,220,0.4007193557899829,0.5,-0.2321045919238242,0.0,0.125,0.2694730530277361,honeycomb__ql__plastic__intr0__struct0__alpha_async__baseline__s1__cc945efbad,-0.0049079816846955,-0.0062231491716883,0.25,False,0.7431724082421933,0.002,0.01,ql,0.58,honeycomb,30,70,0.9,0.3357338743317088,0.3,0,0.42,0.08,140,0.3932375774139642,0.4,10,1.4711901774861629,3.586967629029604e-18,0.2,plastic,calibration,,False,alpha_async,30,130,180,1,-1,1.0,0.6,0.6,60,0.0049901011337187,0,0,40,1.0,2,0,0.25,0.01,0.75,50.0,baseline,30.0,0.45,0.2,0.1,0.002,8.0
44,220,0.2790791959932214,0.5,0.2201986301447291,0.0,0.125,0.4142121858747069,honeycomb__ql__plastic__intr0__struct0__alpha_async__lesion__s1__8965115f50,0.1243089003096076,0.1319512868714565,0.25,False,0.6283168299764685,0.002,0.01,ql,0.58,honeycomb,30,70,0.9,0.2059636340146329,0.3,0,0.42,0.08,140,0.2390702037221319,0.2,10,1.473018100216547,2.613148962429857e-18,0.2,plastic,calibration,0.1101011045572989,False,alpha_async,30,130,180,1,-1,1.0,0.6,0.6,60,0.1149092670830603,0,0,40,1.0,2,0,0.25,0.01,0.75,50.0,lesion,30.0,0.45,0.2,0.1,0.002,8.0
44,220,0.3267384265541343,0.5,0.0847046289939469,0.0,0.125,0.3750377065335541,honeycomb__ql__plastic__intr0__struct0__alpha_async__lesion__s2__05096dd3e7,0.0824890925715206,0.056099077111493,0.25,False,0.6570218509000832,0.002,0.01,ql,0.68,honeycomb,30,70,0.9,0.2670489704250215,0.3,0,0.42,0.08,140,0.2695603355630454,0.3,10,1.550403599945522,5.122955348005401e-18,0.2,plastic,calibration,0.0488371362770682,False,alpha_async,30,130,180,2,-1,1.0,0.6,0.6,60,0.0494742238940889,0,0,40,1.0,2,0,0.25,0.01,0.75,50.0,lesion,30.0,0.45,0.2,0.1,0.002,8.0
44,220,0.4220961508117245,0.5,-0.2782103513556502,0.0,0.125,0.0,extended_moore_r2__markov__plastic__intr0__struct0__alpha_async__baseline__s2__31a8bea79f,-0.0060795177832401,-0.0035061256937737,0.25,False,0.6826073793555534,0.002,0.01,markov,0.62,extended_moore_r2,30,70,0.9,0.3920814817408073,0.3,0,0.42,0.08,140,0.4171315137362992,0.4,10,0.7714736629790753,3.7991319244989415e-18,0.2,plastic,calibration,,False,alpha_async,30,130,180,2,-1,1.0,0.6,0.6,60,0.2352938759033086,0,0,40,0.9999354338842976,2,0,0.25,0.01,0.75,50.0,baseline,30.0,0.45,0.2,0.1,0.002,8.0
44,220,0.4035112652761196,0.5,-0.1217357161684481,0.0,0.125,0.0,extended_moore_r2__markov__plastic__intr0__struct0__alpha_async__lesion__s2__91ee245180,0.0117487164101211,0.0129767576753412,0.25,False,0.6535824023668892,0.002,0.01,markov,0.62,extended_moore_r2,30,70,0.9,0.3584716543091847,0.3,0,0.42,0.08,140,0.3068984751336147,0.2,10,1.0527738461350011,4.024269687845763e-18,0.2,plastic,calibration,-0.0105753666336192,False,alpha_async,30,130,180,2,-1,1.0,0.6,0.6,60,0.1201578690999897,0,0,40,0.9998063016528924,2,0,0.25,0.01,0.75,50.0,lesion,30.0,0.45,0.2,0.1,0.002,8.0
44,220,0.4148050547491001,0.5,-0.2677115264098781,0.0,0.125,0.196365305332704,extended_moore_r2__ql__plastic__intr0__struct0__alpha_async__baseline__s2__7f8d19c3c2,-0.0368240258777421,0.0157852406092924,0.25,False,0.7271347275604061,0.002,0.01,ql,0.58,extended_moore_r2,30,70,0.9,0.3547528469351528,0.3,0,0.42,0.08,140,0.4122076317793791,0.3,10,0.621041777567127,3.7789271730069354e-18,0.2,plastic,calibration,,False,alpha_async,30,130,180,2,-1,1.0,0.6,0.6,60,0.1032989588009348,0,0,40,0.9992682506887052,2,0,0.25,0.01,0.75,50.0,baseline,30.0,0.45,0.2,0.1,0.002,8.0
44,220,0.4162328858734599,0.5,-0.0450548181027556,0.0,0.125,0.1724962816316986,extended_moore_r2__ql__plastic__intr0__struct0__alpha_async__lesion__s1__67f5dc03af,0.0155990211873752,-0.0032313911961316,0.25,False,0.8049893185127852,0.002,0.01,ql,0.68,extended_moore_r2,30,70,0.9,0.2602413447472326,0.3,0,0.42,0.08,140,0.3910964420331784,0.4,10,0.2562422783509033,4.750512927086541e-18,0.2,plastic,calibration,0.0293912758690902,False,alpha_async,30,130,180,1,-1,1.0,0.6,0.6,60,0.0044905665079397,0,0,40,0.999956955922865,2,0,0.25,0.01,0.75,50.0,lesion,30.0,0.45,0.2,0.1,0.002,8.0
44,220,0.4237420822904096,0.5,-0.0520962865844354,0.0,0.125,0.0,extended_hex_r2__markov__plastic__intr0__struct0__alpha_async__baseline__s1__f72d6e8f2a,0.0002163114522952,-0.0028099104597705,0.25,False,0.8233748335209155,0.002,0.01,markov,0.68,extended_hex_r2,30,70,0.9,0.2518758759795906,0.3,0,0.42,0.08,140,0.4447001885127864,0.2,10,0.2881285978579777,4.757214265307559e-18,0.2,plastic,calibration,,False,alpha_async,30,130,180,1,-1,1.0,0.6,0.6,60,0.0050029357430026,0,0,40,1.0,2,0,0.25,0.01,0.75,50.0,baseline,30.0,0.45,0.2,0.1,0.002,8.0
44,220,0.4352081460507981,0.5,0.0590515059216643,0.0,0.125,0.0,extended_hex_r2__markov__plastic__intr0__struct0__alpha_async__lesion__s1__e0eecac2ec,0.0494516547601791,0.060171132526089,0.25,False,0.8711837639939276,0.002,0.01,markov,0.62,extended_hex_r2,30,70,0.9,0.2041878136481885,0.3,0,0.42,0.08,140,0.3415364842288843,0.3,10,0.7428731649989073,4.779635834651758e-18,0.2,plastic,calibration,-0.0465121723151453,False,alpha_async,30,130,180,1,-1,1.0,0.6,0.6,60,0.0243316014799541,0,0,40,1.0,2,0,0.25,0.01,0.75,50.0,lesion,30.0,0.45,0.2,0.1,0.002,8.0
44,220,0.4402367368278357,0.5,-0.0732892022703843,0.0,0.125,0.1403965842963209,extended_hex_r2__ql__plastic__intr0__struct0__alpha_async__baseline__s1__8345729328,-0.0192417184874399,-0.0304961226668262,0.25,False,0.9129001234357744,0.002,0.01,ql,0.58,extended_hex_r2,30,70,0.9,0.1835187602252743,0.3,0,0.42,0.08,140,0.4383751090706369,0.4,10,0.4370954962543418,3.8083028608100455e-18,0.2,plastic,calibration,,False,alpha_async,30,130,180,1,-1,1.0,0.6,0.6,60,0.0138651263751955,0,0,40,1.0,2,0,0.25,0.01,0.75,50.0,baseline,30.0,0.45,0.2,0.1,0.002,8.0
44,220,0.4314594820735458,0.5,-0.0792065172948749,0.0,0.125,0.1721609028624603,extended_hex_r2__ql__plastic__intr0__struct0__alpha_async__lesion__s1__e10c030d17,0.0074774396384485,-0.0052149480408775,0.25,False,0.905188876019962,0.002,0.01,ql,0.58,extended_hex_r2,30,70,0.9,0.186872809395551,0.3,0,0.42,0.08,140,0.3913593909807593,0.2,10,0.2787876216062744,3.868918299589819e-18,0.2,plastic,calibration,0.027863826406281,False,alpha_async,30,130,180,1,-1,1.0,0.6,0.6,60,0.0104257599357775,0,0,40,1.0,2,0,0.25,0.01,0.75,50.0,lesion,30.0,0.45,0.2,0.1,0.002,8.0
44,220,0.4160448932051878,0.5,-0.0492337141585218,0.0,0.125,0.1689784908231112,extended_hex_r2__ql__plastic__intr0__struct0__alpha_async__lesion__s2__ec2001cd10,-0.006898783074435,0.0069383720681278,0.25,False,0.8218467884715266,0.002,0.01,ql,0.68,extended_hex_r2,30,70,0.9,0.2497729603302065,0.3,0,0.42,0.08,140,0.3963695461875235,0.3,10,0.3086854438852801,3.7386841448313625e-18,0.2,plastic,calibration,-0.0061242164433121,False,alpha_async,30,130,180,2,-1,1.0,0.6,0.6,60,0.0045645461738381,0,0,40,1.0,2,0,0.25,0.01,0.75,50.0,lesion,30.0,0.45,0.2,0.1,0.002,8.0
44,220,0.4101254562254314,0.5,-0.3531392805615228,0.0,0.125,0.0,square_moore__markov__plastic__intr0__struct0__alpha_async__baseline__s1__00b33cbda8,-0.009942369877147,0.000596289927658,0.25,False,0.5595706962437013,0.002,0.016,markov,0.68,square_moore,30,70,0.9,0.4747958982658589,0.3,0,0.42,0.08,140,0.4067628370007288,0.2,10,1.4910636647429758,5.0919107208947415e-18,0.2,plastic,calibration,,False,alpha_async,30,130,180,1,-1,1.0,0.6,0.6,60,0.0533691363597854,0,0,40,1.0,2,0,0.25,0.01,0.75,50.0,baseline,30.0,0.45,0.2,0.1,0.002,8.0
44,220,0.2873484837917234,0.5,0.0741622534085214,0.0,0.125,0.0,square_moore__markov__plastic__intr0__struct0__alpha_async__lesion__s1__6b6620928a,0.1000096837485832,0.0951254617674884,0.25,False,0.3967066988430776,0.002,0.016,markov,0.62,square_moore,30,70,0.9,0.3244944764182028,0.3,0,0.42,0.08,140,0.2230057568849331,0.3,10,1.530617512949668,5.465699603721371e-18,0.2,plastic,calibration,0.0631371602466468,False,alpha_async,30,130,180,1,-1,1.0,0.6,0.6,60,0.0799478111540765,0,0,40,1.0,2,0,0.25,0.01,0.75,50.0,lesion,30.0,0.45,0.2,0.1,0.002,8.0
44,220,0.4064616821132435,0.5,-0.3543832702956259,0.0,0.125,0.2932455815048616,square_moore__ql__plastic__intr0__struct0__alpha_async__baseline__s1__0364bbb8e4,-0.0060330448508263,0.0013826357350576,0.25,False,0.5918800247155931,0.002,0.016,ql,0.58,square_moore,30,70,0.9,0.4584662808853601,0.3,0,0.42,0.08,140,0.4005935961158475,0.4,10,1.4629843973395886,5.73883408726484e-18,0.2,plastic,calibration,,False,alpha_async,30,130,180,1,-1,1.0,0.6,0.6,60,0.0904928430460354,0,0,40,1.0,2,0,0.25,0.01,0.75,50.0,baseline,30.0,0.45,0.2,0.1,0.002,8.0
44,220,0.4035242427322291,0.5,-0.3302494216117851,0.0,0.125,0.3175418001369809,square_moore__ql__plastic__intr0__struct0__alpha_async__lesion__s1__7a0ef19f33,0.0108670494578998,0.0107243641192929,0.25,False,0.58503505831338,0.002,0.016,ql,0.58,square_moore,30,70,0.9,0.4509033275378465,0.3,0,0.42,0.08,140,0.3317724018560894,0.2,10,1.5065169258915596,7.504248788536691e-18,0.2,plastic,calibration,-0.0024431608527571,False,alpha_async,30,130,180,1,-1,1.0,0.6,0.6,60,0.1440490456296522,0,0,40,1.0,2,0,0.25,0.01,0.75,50.0,lesion,30.0,0.45,0.2,0.1,0.002,8.0
44,220,0.4091322502138373,0.5,-0.3531370887997548,0.0,0.125,0.3030109155690997,square_moore__ql__plastic__intr0__struct0__alpha_async__lesion__s2__9ec4e0cc01,0.0060310373819381,-0.0012246194898181,0.25,False,0.5595309306088802,0.002,0.016,ql,0.68,square_moore,30,70,0.9,0.4779361092406474,0.3,0,0.42,0.08,140,0.3435723464560087,0.3,10,1.5082949477116232,5.797384251590627e-18,0.2,plastic,calibration,0.0039205908066934,False,alpha_async,30,130,180,2,-1,1.0,0.6,0.6,60,0.0703728041398012,0,0,40,1.0,2,0,0.25,0.01,0.75,50.0,lesion,30.0,0.45,0.2,0.1,0.002,8.0
44,220,0.4298885968913558,0.5,-0.3625355791424727,0.0,0.125,0.0,hex_cells__markov__plastic__intr0__struct0__alpha_async__baseline__s2__099f33b794,0.0053377418535204,0.0144801598540751,0.25,False,0.5752235839634818,0.002,0.016,markov,0.62,hex_cells,30,70,0.9,0.4781031512333659,0.3,0,0.42,0.08,140,0.4218573522881827,0.4,10,1.304212492156403,2.614189121022928e-18,0.2,plastic,calibration,,False,alpha_async,30,130,180,2,-1,1.0,0.6,0.6,60,0.0317807666964337,0,0,40,1.0,2,0,0.25,0.01,0.75,50.0,baseline,30.0,0.45,0.2,0.1,0.002,8.0
44,220,0.3288061011956127,0.5,0.0343361520533079,0.0,0.125,0.0,hex_cells__markov__plastic__intr0__struct0__alpha_async__lesion__s2__2f72270628,0.0854353723749361,0.0637631678110437,0.25,False,0.4616909883503177,0.002,0.016,markov,0.62,hex_cells,30,70,0.9,0.3540829337810754,0.3,0,0.42,0.08,140,0.2540755422675017,0.2,10,1.5412320645022357,5.3664540200659914e-18,0.2,plastic,calibration,0.0589419343299411,False,alpha_async,30,130,180,2,-1,1.0,0.6,0.6,60,0.0560924189375411,0,0,40,1.0,2,0,0.25,0.01,0.75,50.0,lesion,30.0,0.45,0.2,0.1,0.002,8.0
44,220,0.4224303005120835,0.5,-0.3625335631125466,0.0,0.125,0.280088242941412,hex_cells__ql__plastic__intr0__struct0__alpha_async__baseline__s2__5816748d21,-0.0012641619571599,0.0086176978975146,0.25,False,0.6205519192885143,0.002,0.016,ql,0.58,hex_cells,30,70,0.9,0.4561115878789274,0.3,0,0.42,0.08,140,0.4173514680555995,0.3,10,1.2584623641673722,4.0750934166729886e-18,0.2,plastic,calibration,,False,alpha_async,30,130,180,2,-1,1.0,0.6,0.6,60,0.0179936085716614,0,0,40,1.0,2,0,0.25,0.01,0.75,50.0,baseline,30.0,0.45,0.2,0.1,0.002,8.0
44,220,0.4307419343065295,0.5,-0.3598688993033359,0.0,0.125,0.2863175113355476,hex_cells__ql__plastic__intr0__struct0__alpha_async__lesion__s1__b60cb81304,-0.0029649351514062,0.0023590976572849,0.25,False,0.6106355980641461,0.002,0.016,ql,0.68,hex_cells,30,70,0.9,0.4670637718942486,0.3,0,0.42,0.08,140,0.360277376210914,0.4,10,1.2807880473516131,3.8333070535076724e-18,0.2,plastic,calibration,0.0061494027959982,False,alpha_async,30,130,180,1,-1,1.0,0.6,0.6,60,0.026085388035101,0,0,40,1.0,2,0,0.25,0.01,0.75,50.0,lesion,30.0,0.45,0.2,0.1,0.002,8.0
44,220,0.3956377511738363,0.5,-0.1860942930163187,0.0,0.125,0.0,honeycomb__markov__plastic__intr0__struct0__alpha_async__baseline__s1__fa927f4da5,0.0044739500123649,0.0073125146021903,0.25,False,0.7068037382065447,0.002,0.016,markov,0.68,honeycomb,30,70,0.9,0.3488153285588382,0.3,0,0.42,0.08,140,0.3919657822967661,0.2,10,1.5222240958660351,2.3417053582065252e-18,0.2,plastic,calibration,,False,alpha_async,30,130,180,1,-1,1.0,0.6,0.6,60,0.0061079463696558,0,0,40,1.0,2,0,0.25,0.01,0.75,50.0,baseline,30.0,0.45,0.2,0.1,0.002,8.0
44,220,0.1226769365496336,0.5,0.5246436835397935,0.0,0.125,0.0,honeycomb__markov__plastic__intr0__struct0__alpha_async__lesion__s1__a2c6576508,0.3313239368123332,0.2775269684721003,0.25,False,0.2234847732974249,0.002,0.016,markov,0.62,honeycomb,30,70,0.9,0.1071559839521199,0.3,0,0.42,0.08,140,0.1208153849643441,0.3,10,1.0400908783322826,4.8285210077871086e-18,0.2,plastic,calibration,0.3375272955586836,False,alpha_async,30,130,180,1,-1,1.0,0.6,0.6,60,0.1517297243666487,0,0,40,1.0,2,0,0.25,0.01,0.75,50.0,lesion,30.0,0.45,0.2,0.1,0.002,8.0
44,220,0.4018703420705082,0.5,-0.2417927545534341,0.0,0.125,0.2727854737460513,honeycomb__ql__plastic__intr0__struct0__alpha_async__baseline__s1__faf68b7b0f,0.0136263557173895,-0.0005758954714803,0.25,False,0.7455009957886151,0.002,0.016,ql,0.58,honeycomb,30,70,0.9,0.3360296701357228,0.3,0,0.42,0.08,140,0.3947571239588142,0.4,10,1.4561561824150284,3.2025012144765337e-18,0.2,plastic,calibration,,False,alpha_async,30,130,180,1,-1,1.0,0.6,0.6,60,0.0067658070836995,0,0,40,1.0,2,0,0.25,0.01,0.75,50.0,baseline,30.0,0.45,0.2,0.1,0.002,8.0
44,220,0.2825674615649503,0.5,0.2121473269202275,0.0,0.125,0.4086131250654538,honeycomb__ql__plastic__intr0__struct0__alpha_async__lesion__s1__9ad5c53f1a,0.120812604617052,0.1191133741734942,0.25,False,0.6315370134903564,0.002,0.016,ql,0.58,honeycomb,30,70,0.9,0.2087049446339715,0.3,0,0.42,0.08,140,0.2436100616966682,0.2,10,1.4823374574574506,4.717988473393565e-18,0.2,plastic,calibration,0.091153481795552,False,alpha_async,30,130,180,1,-1,1.0,0.6,0.6,60,0.1250432013084294,0,0,40,1.0,2,0,0.25,0.01,0.75,50.0,lesion,30.0,0.45,0.2,0.1,0.002,8.0
44,220,0.3241274130498817,0.5,0.1072017862614767,0.0,0.125,0.3770513206095198,honeycomb__ql__plastic__intr0__struct0__alpha_async__lesion__s2__a87c68cd89,0.0974300738561769,0.0754031159744694,0.25,False,0.6590843159977631,0.002,0.016,ql,0.68,honeycomb,30,70,0.9,0.2593239576497709,0.3,0,0.42,0.08,140,0.271976738380249,0.3,10,1.5419892926964125,3.926135513674061e-18,0.2,plastic,calibration,0.084400032502018,False,alpha_async,30,130,180,2,-1,1.0,0.6,0.6,60,0.0507841749147472,0,0,40,1.0,2,0,0.25,0.01,0.75,50.0,lesion,30.0,0.45,0.2,0.1,0.002,8.0
44,220,0.4166831141531693,0.5,-0.2176332836671974,0.0,0.125,0.0,extended_moore_r2__markov__plastic__intr0__struct0__alpha_async__baseline__s2__45e39beeee,0.0099729999925068,0.0210293273004743,0.25,False,0.7824360448097343,0.002,0.016,markov,0.62,extended_moore_r2,30,70,0.9,0.3063053494119929,0.3,0,0.42,0.08,140,0.4149524848936235,0.4,10,0.5443805547707302,4.3487432700294294e-18,0.2,plastic,calibration,,False,alpha_async,30,130,180,2,-1,1.0,0.6,0.6,60,0.0577256155224324,0,0,40,0.9922951101928374,2,0,0.25,0.01,0.75,50.0,baseline,30.0,0.45,0.2,0.1,0.002,8.0
44,220,0.3993930102597018,0.5,-0.007867767168952,0.0,0.125,0.0,extended_moore_r2__markov__plastic__intr0__struct0__alpha_async__lesion__s2__7805c845b8,0.0260749793574665,0.0434619728957409,0.25,False,0.7226340290889751,0.002,0.016,markov,0.62,extended_moore_r2,30,70,0.9,0.2913175749317142,0.3,0,0.42,0.08,140,0.2966742570886585,0.2,10,0.981821822760931,4.751283641350773e-18,0.2,plastic,calibration,-0.015934523082653,False,alpha_async,30,130,180,2,-1,1.0,0.6,0.6,60,0.0726111773016949,0,0,40,0.994232093663912,2,0,0.25,0.01,0.75,50.0,lesion,30.0,0.45,0.2,0.1,0.002,8.0
44,220,0.3948715132753311,0.5,-0.2364742088179224,0.0,0.125,0.1821507791691117,extended_moore_r2__ql__plastic__intr0__struct0__alpha_async__baseline__s2__2a5299458e,-0.0124319607970438,0.0020615456367904,0.25,False,0.7832073005553559,0.002,0.016,ql,0.58,extended_moore_r2,30,70,0.9,0.2969741477314399,0.3,0,0.42,0.08,140,0.3987729150209739,0.3,10,0.3428072952440746,4.4246657841331164e-18,0.2,plastic,calibration,,False,alpha_async,30,130,180,2,-1,1.0,0.6,0.6,60,0.0693815592470912,0,0,40,0.9750990013774103,2,0,0.25,0.01,0.75,50.0,baseline,30.0,0.45,0.2,0.1,0.002,8.0
44,220,0.4150876846705266,0.5,-0.0456319554385892,0.0,0.125,0.1745523810433772,extended_moore_r2__ql__plastic__intr0__struct0__alpha_async__lesion__s1__5907ae520a,0.0178564386573674,-0.0038491653604234,0.25,False,0.8060260809683268,0.002,0.016,ql,0.68,extended_moore_r2,30,70,0.9,0.2592015547499386,0.3,0,0.42,0.08,140,0.3879851805719458,0.4,10,0.2596034219913777,5.1783282764820175e-18,0.2,plastic,calibration,0.0210474934624496,False,alpha_async,30,130,180,1,-1,1.0,0.6,0.6,60,0.0052239528075673,0,0,40,0.9961905991735536,2,0,0.25,0.01,0.75,50.0,lesion,30.0,0.45,0.2,0.1,0.002,8.0
44,220,0.4235668885208451,0.5,-0.051592591643448,0.0,0.125,0.0,extended_hex_r2__markov__plastic__intr0__struct0__alpha_async__baseline__s1__60cffa10b0,0.0015087717290252,-0.000866147423423,0.25,False,0.8244547696627521,0.002,0.016,markov,0.68,extended_hex_r2,30,70,0.9,0.2509668832863108,0.3,0,0.42,0.08,140,0.4438499045263071,0.2,10,0.2981414444221816,4.184220143968e-18,0.2,plastic,calibration,,False,alpha_async,30,130,180,1,-1,1.0,0.6,0.6,60,0.0050224159894798,0,0,40,1.0,2,0,0.25,0.01,0.75,50.0,baseline,30.0,0.45,0.2,0.1,0.002,8.0
44,220,0.4381493489213852,0.5,0.0723639744671015,0.0,0.125,0.0,extended_hex_r2__markov__plastic__intr0__struct0__alpha_async__lesion__s1__fd4c31a456,0.0357521105112333,0.048630448902482,0.25,False,0.8683266124811047,0.002,0.016,markov,0.62,extended_hex_r2,30,70,0.9,0.2040907664637635,0.3,0,0.42,0.08,140,0.3370727357135977,0.3,10,0.7883018868034544,5.300843170561279e-18,0.2,plastic,calibration,-0.0330607590771885,False,alpha_async,30,130,180,1,-1,1.0,0.6,0.6,60,0.0268023830697888,0,0,40,1.0,2,0,0.25,0.01,0.75,50.0,lesion,30.0,0.45,0.2,0.1,0.002,8.0
44,220,0.429064756683348,0.5,-0.0866528404557752,0.0,0.125,0.1381616770215403,extended_hex_r2__ql__plastic__intr0__struct0__alpha_async__baseline__s1__b3ce332f00,-0.0015760211172046,8.947279603659531e-05,0.25,False,0.9007350717663216,0.002,0.016,ql,0.58,extended_hex_r2,30,70,0.9,0.1917918597075315,0.3,0,0.42,0.08,140,0.4387352265338335,0.4,10,0.2606723317990234,4.273985803850253e-18,0.2,plastic,calibration,,False,alpha_async,30,130,180,1,-1,1.0,0.6,0.6,60,0.0106312743707909,0,0,40,1.0,2,0,0.25,0.01,0.75,50.0,baseline,30.0,0.45,0.2,0.1,0.002,8.0
44,220,0.4338856976823194,0.5,-0.0774189112765676,0.0,0.125,0.1736156239823023,extended_hex_r2__ql__plastic__intr0__struct0__alpha_async__lesion__s1__9173291843,0.0159748545997405,-0.0086338196520452,0.25,False,0.908105748372657,0.002,0.016,ql,0.58,extended_hex_r2,30,70,0.9,0.1861728979704423,0.3,0,0.42,0.08,140,0.3895077377138606,0.2,10,0.3476873816348876,3.840528745574591e-18,0.2,plastic,calibration,0.0247821667069957,False,alpha_async,30,130,180,1,-1,1.0,0.6,0.6,60,0.0104574801933614,0,0,40,1.0,2,0,0.25,0.01,0.75,50.0,lesion,30.0,0.45,0.2,0.1,0.002,8.0
44,220,0.4257767460121907,0.5,-0.0218076407492604,0.0,0.125,0.1683357540660215,extended_hex_r2__ql__plastic__intr0__struct0__alpha_async__lesion__s2__48fc6dc379,-0.0214931688350088,0.0031735087355136,0.25,False,0.8388355364309572,0.002,0.016,ql,0.68,extended_hex_r2,30,70,0.9,0.2399385245687805,0.3,0,0.42,0.08,140,0.3953255263586496,0.3,10,0.4951364775536926,4.2523026454467914e-18,0.2,plastic,calibration,0.0054016552558636,False,alpha_async,30,130,180,2,-1,1.0,0.6,0.6,60,0.0052279140464658,0,0,40,1.0,2,0,0.25,0.01,0.75,50.0,lesion,30.0,0.45,0.2,0.1,0.002,8.0
44,220,0.4185587574949717,0.5,-0.3808293774034379,0.0,0.125,0.0,square_moore__markov__plastic__intr0__struct0__alpha_async__baseline__s1__26596943d6,-0.004312444914348,-0.0035908815171672,0.25,False,0.4843377550410752,0.002,0.006,markov,0.68,square_moore,30,70,0.9,0.5177688743008816,0.3,0,0.42,0.08,140,0.4131286311235909,0.3,10,1.5414983170217118,5.554906541821028e-18,0.2,plastic,calibration,,False,alpha_async,30,130,180,1,-1,1.0,0.6,0.6,60,0.1194970706004816,0,0,40,1.0,2,0,0.25,0.01,0.75,50.0,baseline,30.0,0.45,0.2,0.1,0.002,8.0
44,220,0.285254590770104,0.5,0.1197967178214357,0.0,0.125,0.0,square_moore__markov__plastic__intr0__struct0__alpha_async__lesion__s1__8769d1b7eb,0.1149862582667219,0.0995776197976203,0.25,False,0.4159268396981898,0.002,0.006,markov,0.62,square_moore,30,70,0.9,0.3065321260734726,0.3,0,0.42,0.08,140,0.2239959955196196,0.4,10,1.5305361984725256,5.1512832121288084e-18,0.2,plastic,calibration,0.0860144715148118,False,alpha_async,30,130,180,1,-1,1.0,0.6,0.6,60,0.0858637914891872,0,0,40,1.0,2,0,0.25,0.01,0.75,50.0,lesion,30.0,0.45,0.2,0.1,0.002,8.0
44,220,0.4218301764386905,0.5,-0.3912572765294053,0.0,0.125,0.3063120083893909,square_moore__ql__plastic__intr0__struct0__alpha_async__baseline__s1__d661403873,0.0030989159777773,-0.0025599411443321,0.25,False,0.5065508394382946,0.002,0.006,ql,0.62,square_moore,30,70,0.9,0.5171409811415941,0.3,0,0.42,0.08,140,0.4122601207487545,0.2,10,1.5164553251376212,9.097199855680173e-18,0.2,plastic,calibration,,False,alpha_async,30,130,180,1,-1,1.0,0.6,0.6,60,0.3232372250491429,0,0,40,1.0,2,0,0.25,0.01,0.75,50.0,baseline,30.0,0.45,0.2,0.1,0.002,8.0
44,220,0.4049313466647683,0.5,-0.2844844779255027,0.0,0.125,0.3294418505844745,square_moore__ql__plastic__intr0__struct0__alpha_async__lesion__s1__98388cc929,0.0107160807449688,0.0073074359970464,0.25,False,0.6297991571656236,0.002,0.006,ql,0.58,square_moore,30,70,0.9,0.4158052695596559,0.3,0,0.42,0.08,140,0.3282167799129619,0.3,10,1.4166162058908365,6.2923886553873305e-18,0.2,plastic,calibration,0.0026155220138458,False,alpha_async,30,130,180,1,-1,1.0,0.6,0.6,60,0.0765135210292912,0,0,40,1.0,2,0,0.25,0.01,0.75,50.0,lesion,30.0,0.45,0.2,0.1,0.002,8.0
44,220,0.4135433988763501,0.5,-0.3288667982280328,0.0,0.125,0.3142985642886341,square_moore__ql__plastic__intr0__struct0__alpha_async__lesion__s2__33fa6a894f,0.0190049656220785,0.0070074807237174,0.25,False,0.6079277331261611,0.002,0.006,ql,0.68,square_moore,30,70,0.9,0.4466389404592616,0.3,0,0.42,0.08,140,0.3417697327603758,0.4,10,1.4267845772826044,4.5614660457503376e-18,0.2,plastic,calibration,0.0016487005450237,False,alpha_async,30,130,180,2,-1,1.0,0.6,0.6,60,0.051372002103894,0,0,40,1.0,2,0,0.25,0.01,0.75,50.0,lesion,30.0,0.45,0.2,0.1,0.002,8.0
44,220,0.4329368890193036,0.5,-0.3820460437406291,0.0,0.125,0.0,hex_cells__markov__plastic__intr0__struct0__alpha_async__baseline__s2__6c1c1eb1c3,-0.0047703739627918,-0.0009176283757399,0.25,False,0.5559591327734341,0.002,0.006,markov,0.68,hex_cells,30,70,0.9,0.4979769440109129,0.3,0,0.42,0.08,140,0.4313488189041803,0.2,10,1.3561409270103717,4.605889259121831e-18,0.2,plastic,calibration,,False,alpha_async,30,130,180,2,-1,1.0,0.6,0.6,60,0.0298728255510822,0,0,40,1.0,2,0,0.25,0.01,0.75,50.0,baseline,30.0,0.45,0.2,0.1,0.002,8.0
44,220,0.35871493472751,0.5,-0.042325108055896,0.0,0.125,0.0,hex_cells__markov__plastic__intr0__struct0__alpha_async__lesion__s2__51fb38884d,0.0654082856360136,0.0558047188602147,0.25,False,0.4637408573442231,0.002,0.006,markov,0.62,hex_cells,30,70,0.9,0.394828888233402,0.3,0,0.42,0.08,140,0.2741472589738604,0.3,10,1.558467619615948,3.8611664585593225e-18,0.2,plastic,calibration,0.0264268689639738,False,alpha_async,30,130,180,2,-1,1.0,0.6,0.6,60,0.0569931108884085,0,0,40,1.0,2,0,0.25,0.01,0.75,50.0,lesion,30.0,0.45,0.2,0.1,0.002,8.0
44,220,0.4286268226371231,0.5,-0.3870730899953469,0.0,0.125,0.2822793839456874,hex_cells__ql__plastic__intr0__struct0__alpha_async__baseline__s2__2c82872f1e,-0.0107009446882585,0.0008734126826161,0.25,False,0.5706133786236975,0.002,0.006,ql,0.58,hex_cells,30,70,0.9,0.4969130292170671,0.3,0,0.42,0.08,140,0.4261906552433773,0.4,10,1.37044790275298,2.4919043702370784e-18,0.2,plastic,calibration,,False,alpha_async,30,130,180,2,-1,1.0,0.6,0.6,60,0.0256004598292779,0,0,40,1.0,2,0,0.25,0.01,0.75,50.0,baseline,30.0,0.45,0.2,0.1,0.002,8.0
44,220,0.4384273260987958,0.5,-0.3833656203865031,0.0,0.125,0.3006705765308993,hex_cells__ql__plastic__intr0__struct0__alpha_async__lesion__s2__2945825508,0.0089082827199033,-0.020954250858202,0.25,False,0.5893639522221817,0.002,0.006,ql,0.58,hex_cells,30,70,0.9,0.4906003704988703,0.3,0,0.42,0.08,140,0.3624142066274027,0.2,10,1.2778212196737837,3.7732002831872145e-18,0.2,plastic,calibration,0.0124271264908027,False,alpha_async,30,130,180,2,-1,1.0,0.6,0.6,60,0.0396836901262462,0,0,40,1.0,2,0,0.25,0.01,0.75,50.0,lesion,30.0,0.45,0.2,0.1,0.002,8.0
44,220,0.3960272583266213,0.5,-0.1774844698566101,0.0,0.125,0.0,honeycomb__markov__plastic__intr0__struct0__alpha_async__baseline__s1__249523a249,-0.0108106438330498,-0.0171008331937199,0.25,False,0.7079738666965165,0.002,0.006,markov,0.68,honeycomb,30,70,0.9,0.3469908031863594,0.3,0,0.42,0.08,140,0.3902023091402843,0.3,10,1.5317527008606766,3.0119409106730582e-18,0.2,plastic,calibration,,False,alpha_async,30,130,180,1,-1,1.0,0.6,0.6,60,0.0057735070185878,0,0,40,1.0,2,0,0.25,0.01,0.75,50.0,baseline,30.0,0.45,0.2,0.1,0.002,8.0
44,220,0.1181915360362902,0.5,0.5240644215061732,0.0,0.125,0.0,honeycomb__markov__plastic__intr0__struct0__alpha_async__lesion__s1__0a57b64ba5,0.3404827217380587,0.2975524082024477,0.25,False,0.2212815175590082,0.002,0.006,markov,0.62,honeycomb,30,70,0.9,0.1041211443427806,0.3,0,0.42,0.08,140,0.1192389792207234,0.4,10,0.9987051723128866,4.262475284689704e-18,0.2,plastic,calibration,0.3456924401182048,False,alpha_async,30,130,180,1,-1,1.0,0.6,0.6,60,0.1319536810095815,0,0,40,1.0,2,0,0.25,0.01,0.75,50.0,lesion,30.0,0.45,0.2,0.1,0.002,8.0
44,220,0.3987830610001056,0.5,-0.2187543866915552,0.0,0.125,0.276937673302756,honeycomb__ql__plastic__intr0__struct0__alpha_async__baseline__s1__2145b976d2,-0.0051668056869389,0.014667585042444,0.25,False,0.7376339935829359,0.002,0.006,ql,0.62,honeycomb,30,70,0.9,0.3372120970734313,0.3,0,0.42,0.08,140,0.391375933922372,0.2,10,1.4850642209808191,3.8404174609306775e-18,0.2,plastic,calibration,,False,alpha_async,30,130,180,1,-1,1.0,0.6,0.6,60,0.0056591838045177,0,0,40,1.0,2,0,0.25,0.01,0.75,50.0,baseline,30.0,0.45,0.2,0.1,0.002,8.0
44,220,0.2665105687521557,0.5,0.2676202532973696,0.0,0.125,0.4228352119982451,honeycomb__ql__plastic__intr0__struct0__alpha_async__lesion__s1__4d8a01e795,0.159424519422135,0.1541328486729734,0.25,False,0.6139394891128573,0.002,0.006,ql,0.58,honeycomb,30,70,0.9,0.1880986921818058,0.3,0,0.42,0.08,140,0.234413106020945,0.3,10,1.437474722371886,2.373398859127446e-18,0.2,plastic,calibration,0.1228918572818608,False,alpha_async,30,130,180,1,-1,1.0,0.6,0.6,60,0.1390508633823713,0,0,40,1.0,2,0,0.25,0.01,0.75,50.0,lesion,30.0,0.45,0.2,0.1,0.002,8.0
44,220,0.328008273712944,0.5,0.0965546902387277,0.0,0.125,0.3765745660494953,honeycomb__ql__plastic__intr0__struct0__alpha_async__lesion__s2__73e9f00952,0.0747475279371589,0.0599728455897124,0.25,False,0.6615509293673834,0.002,0.006,ql,0.68,honeycomb,30,70,0.9,0.2636341197039694,0.3,0,0.42,0.08,140,0.2699275091484825,0.4,10,1.5399492859122228,3.790716475104136e-18,0.2,plastic,calibration,0.0321503811803405,False,alpha_async,30,130,180,2,-1,1.0,0.6,0.6,60,0.0477694643932971,0,0,40,1.0,2,0,0.25,0.01,0.75,50.0,lesion,30.0,0.45,0.2,0.1,0.002,8.0
44,220,0.486172183414962,0.5,-0.0470674296183903,0.0,0.125,0.0,extended_moore_r2__markov__plastic__intr0__struct0__alpha_async__baseline__s2__c960993c42,-0.0017131072874425,-0.0062439759275005,0.25,False,0.8292642167137627,0.002,0.006,markov,0.68,extended_moore_r2,30,70,0.9,0.2608682056188773,0.3,0,0.42,0.08,140,0.4426130487278126,0.2,10,0.694899758280262,4.2600094221202615e-18,0.2,plastic,calibration,,False,alpha_async,30,130,180,2,-1,1.0,0.6,0.6,60,0.0047312417659746,0,0,40,1.0,2,0,0.25,0.01,0.75,50.0,baseline,30.0,0.45,0.2,0.1,0.002,8.0
44,220,0.4028539557625227,0.5,-0.1439277796815859,0.0,0.125,0.0,extended_moore_r2__markov__plastic__intr0__struct0__alpha_async__lesion__s2__b427d61ec6,0.0070584341249657,0.0251544772965842,0.25,False,0.5859534873102066,0.002,0.006,markov,0.62,extended_moore_r2,30,70,0.9,0.3943547274793837,0.3,0,0.42,0.08,140,0.3078834737841147,0.3,10,1.1126384042168225,3.5794871811313365e-18,0.2,plastic,calibration,-0.0261641801752261,False,alpha_async,30,130,180,2,-1,1.0,0.6,0.6,60,0.2240302026489436,0,0,40,1.0,2,0,0.25,0.01,0.75,50.0,lesion,30.0,0.45,0.2,0.1,0.002,8.0
44,220,0.4229630853764355,0.5,-0.283211218323629,0.0,0.125,0.2233019538683365,extended_moore_r2__ql__plastic__intr0__struct0__alpha_async__baseline__s2__8300c4a61e,-0.0217520084353646,0.0086536360014671,0.25,False,0.5812779095802244,0.002,0.006,ql,0.58,extended_moore_r2,30,70,0.9,0.4489318234017657,0.3,0,0.42,0.08,140,0.4194548401707114,0.4,10,0.8659997853407168,2.3854692977396357e-18,0.2,plastic,calibration,,False,alpha_async,30,130,180,2,-1,1.0,0.6,0.6,60,0.2437051302233515,0,0,40,1.0,2,0,0.25,0.01,0.75,50.0,baseline,30.0,0.45,0.2,0.1,0.002,8.0
44,220,0.4254502825132675,0.5,-0.2870119687152097,0.0,0.125,0.2330014709208786,extended_moore_r2__ql__plastic__intr0__struct0__alpha_async__lesion__s2__da2ee58615,0.0105208786609054,3.642355540979568e-05,0.25,False,0.614452788886968,0.002,0.006,ql,0.58,extended_moore_r2,30,70,0.9,0.4372671305723368,0.3,0,0.42,0.08,140,0.3732167427414807,0.2,10,0.8535156726469266,3.357674563952259e-18,0.2,plastic,calibration,-0.0014135848343113,False,alpha_async,30,130,180,2,-1,1.0,0.6,0.6,60,0.3011402581452824,0,0,40,1.0,2,0,0.25,0.01,0.75,50.0,lesion,30.0,0.45,0.2,0.1,0.002,8.0
44,220,0.4238779224799282,0.5,-0.0527332814305791,0.0,0.125,0.0,extended_hex_r2__markov__plastic__intr0__struct0__alpha_async__baseline__s1__fa897f3a0e,-0.0009208826238152,-0.003281675193808,0.25,False,0.8228336041514129,0.002,0.006,markov,0.68,extended_hex_r2,30,70,0.9,0.2525338048854715,0.3,0,0.42,0.08,140,0.445069121749263,0.3,10,0.2843178333652994,4.699438274527465e-18,0.2,plastic,calibration,,False,alpha_async,30,130,180,1,-1,1.0,0.6,0.6,60,0.00490566524829,0,0,40,1.0,2,0,0.25,0.01,0.75,50.0,baseline,30.0,0.45,0.2,0.1,0.002,8.0
44,220,0.430310358812942,0.5,0.0512442544364573,0.0,0.125,0.0,extended_hex_r2__markov__plastic__intr0__struct0__alpha_async__lesion__s1__d34bdb3c9b,0.0460465657119599,0.041884373072828,0.25,False,0.8708621214359236,0.002,0.006,markov,0.62,extended_hex_r2,30,70,0.9,0.2034716470922491,0.3,0,0.42,0.08,140,0.3428643322635764,0.4,10,0.6679511822995798,4.7635737776959e-18,0.2,plastic,calibration,-0.0294196985259806,False,alpha_async,30,130,180,1,-1,1.0,0.6,0.6,60,0.0194696205609889,0,0,40,1.0,2,0,0.25,0.01,0.75,50.0,lesion,30.0,0.45,0.2,0.1,0.002,8.0
44,220,0.4274207124386482,0.5,-0.0689354714654169,0.0,0.125,0.1350096128501066,extended_hex_r2__ql__plastic__intr0__struct0__alpha_async__baseline__s1__e208e9658e,0.0021434452012943,-0.0024619256275017,0.25,False,0.8678329543666543,0.002,0.006,ql,0.62,extended_hex_r2,30,70,0.9,0.2209079769099099,0.3,0,0.42,0.08,140,0.4429381346257563,0.2,10,0.2776137565078719,4.1371897271261944e-18,0.2,plastic,calibration,,False,alpha_async,30,130,180,1,-1,1.0,0.6,0.6,60,0.0065317229679218,0,0,40,1.0,2,0,0.25,0.01,0.75,50.0,baseline,30.0,0.45,0.2,0.1,0.002,8.0
44,220,0.4330035420370328,0.5,-0.0806602341494608,0.0,0.125,0.173395717182588,extended_hex_r2__ql__plastic__intr0__struct0__alpha_async__lesion__s1__c7ad06e32f,0.0109655301441855,-0.009020703740987,0.25,False,0.9073525512619488,0.002,0.006,ql,0.58,extended_hex_r2,30,70,0.9,0.1853535706463785,0.3,0,0.42,0.08,140,0.3910468039725921,0.3,10,0.2878801619506851,4.222764150579597e-18,0.2,plastic,calibration,0.027795419846878,False,alpha_async,30,130,180,1,-1,1.0,0.6,0.6,60,0.0114726738716274,0,0,40,1.0,2,0,0.25,0.01,0.75,50.0,lesion,30.0,0.45,0.2,0.1,0.002,8.0
44,220,0.425472351714229,0.5,-0.015641873836151,0.0,0.125,0.1682189514042461,extended_hex_r2__ql__plastic__intr0__struct0__alpha_async__lesion__s2__1003c08147,0.0160669840288808,-0.0080895296922854,0.25,False,0.833980776596308,0.002,0.006,ql,0.68,extended_hex_r2,30,70,0.9,0.2437197709816744,0.3,0,0.42,0.08,140,0.3958688263590433,0.4,10,0.5274222008234835,4.662341477232152e-18,0.2,plastic,calibration,0.0155613823469577,False,alpha_async,30,130,180,2,-1,1.0,0.6,0.6,60,0.0067277737991954,0,0,40,1.0,2,0,0.25,0.01,0.75,50.0,lesion,30.0,0.45,0.2,0.1,0.002,8.0
44,220,0.4143294269455383,0.5,-0.3861162859120703,0.0,0.125,0.0,square_moore__markov__plastic__intr0__struct0__alpha_async__baseline__s1__ba7a63a0f0,-0.0072960723850163,-0.0042690679562271,0.25,False,0.504637714083656,0.002,0.01,markov,0.68,square_moore,30,70,0.9,0.5107397189919249,0.3,0,0.42,0.08,140,0.409138584233146,0.3,10,1.5460277446037811,5.869566262795164e-18,0.2,plastic,calibration,,False,alpha_async,30,130,180,1,-1,1.0,0.6,0.6,60,0.078881596595277,0,0,40,1.0,2,0,0.25,0.01,0.75,50.0,baseline,30.0,0.45,0.2,0.1,0.002,8.0
44,220,0.2878555061956462,0.5,0.0871345706778258,0.0,0.125,0.0,square_moore__markov__plastic__intr0__struct0__alpha_async__lesion__s1__aecb158f59,0.11135292985401,0.0955869310016756,0.25,False,0.4049529603337863,0.002,0.01,markov,0.62,square_moore,30,70,0.9,0.3195004421505107,0.3,0,0.42,0.08,140,0.2259237635836158,0.4,10,1.5295533474417589,8.054450812034341e-18,0.2,plastic,calibration,0.0877256248129109,False,alpha_async,30,130,180,1,-1,1.0,0.6,0.6,60,0.092295825864824,0,0,40,1.0,2,0,0.25,0.01,0.75,50.0,lesion,30.0,0.45,0.2,0.1,0.002,8.0
44,220,0.4129185054765213,0.5,-0.4119109627506958,0.0,0.125,0.2999730019827579,square_moore__ql__plastic__intr0__struct0__alpha_async__baseline__s1__177a340afd,0.0017746807121472,0.0070745486221739,0.25,False,0.5075706186084237,0.002,0.01,ql,0.62,square_moore,30,70,0.9,0.5227309818342181,0.3,0,0.42,0.08,140,0.4089921036571989,0.2,10,1.555839150052334,7.065735166479129e-18,0.2,plastic,calibration,,False,alpha_async,30,130,180,1,-1,1.0,0.6,0.6,60,0.4020366777685785,0,0,40,1.0,2,0,0.25,0.01,0.75,50.0,baseline,30.0,0.45,0.2,0.1,0.002,8.0
44,220,0.4012774054193225,0.5,-0.2855317545989118,0.0,0.125,0.3291854808141133,square_moore__ql__plastic__intr0__struct0__alpha_async__lesion__s1__0e76af60da,0.0308090047634431,0.0071969502726254,0.25,False,0.605307618882412,0.002,0.01,ql,0.58,square_moore,30,70,0.9,0.4244854945578499,0.3,0,0.42,0.08,140,0.3280072024102989,0.3,10,1.4606996256163636,4.776047283794792e-18,0.2,plastic,calibration,0.0120818051109467,False,alpha_async,30,130,180,1,-1,1.0,0.6,0.6,60,0.080701765218675,0,0,40,1.0,2,0,0.25,0.01,0.75,50.0,lesion,30.0,0.45,0.2,0.1,0.002,8.0
44,220,0.4129246169030933,0.5,-0.3373392502480672,0.0,0.125,0.3079573811754342,square_moore__ql__plastic__intr0__struct0__alpha_async__lesion__s2__3a5a1b0dab,0.0174895431075557,-0.0040573506684218,0.25,False,0.5818055352089622,0.002,0.01,ql,0.68,square_moore,30,70,0.9,0.4616063762745083,0.3,0,0.42,0.08,140,0.3425871025484863,0.4,10,1.4546829778497825,5.5502496262581235e-18,0.2,plastic,calibration,0.0131428020472864,False,alpha_async,30,130,180,2,-1,1.0,0.6,0.6,60,0.0543051933121177,0,0,40,1.0,2,0,0.25,0.01,0.75,50.0,lesion,30.0,0.45,0.2,0.1,0.002,8.0
44,220,0.43243403336346,0.5,-0.3588769484525126,0.0,0.125,0.0,hex_cells__markov__plastic__intr0__struct0__alpha_async__baseline__s2__f9b454b0f5,0.0061301467852879,-0.0033951736362407,0.25,False,0.5674681713486609,0.002,0.01,markov,0.68,hex_cells,30,70,0.9,0.4822352830655372,0.3,0,0.42,0.08,140,0.42571888483709,0.2,10,1.3184642980404138,3.934038791732251e-18,0.2,plastic,calibration,,False,alpha_async,30,130,180,2,-1,1.0,0.6,0.6,60,0.0153761063052984,0,0,40,1.0,2,0,0.25,0.01,0.75,50.0,baseline,30.0,0.45,0.2,0.1,0.002,8.0
44,220,0.342566751515393,0.5,0.004890596969138,0.0,0.125,0.0,hex_cells__markov__plastic__intr0__struct0__alpha_async__lesion__s2__dc9d4008ff,0.0828685845743582,0.0763220039388623,0.25,False,0.4586802595324389,0.002,0.01,markov,0.62,hex_cells,30,70,0.9,0.3709392118592091,0.3,0,0.42,0.08,140,0.2621158260782912,0.3,10,1.5357429390409114,3.758020550489273e-18,0.2,plastic,calibration,0.0377291546111512,False,alpha_async,30,130,180,2,-1,1.0,0.6,0.6,60,0.0492781042677366,0,0,40,1.0,2,0,0.25,0.01,0.75,50.0,lesion,30.0,0.45,0.2,0.1,0.002,8.0
44,220,0.4286560233769558,0.5,-0.3743385432291614,0.0,0.125,0.2879460284898256,hex_cells__ql__plastic__intr0__struct0__alpha_async__baseline__s2__6dcf4edd0a,-0.0006494735910233,-0.007559264242328,0.25,False,0.584629653215575,0.002,0.01,ql,0.58,hex_cells,30,70,0.9,0.4829036387219756,0.3,0,0.42,0.08,140,0.4221856309778478,0.4,10,1.3080495842414115,3.897889731132407e-18,0.2,plastic,calibration,,False,alpha_async,30,130,180,2,-1,1.0,0.6,0.6,60,0.0233691142740084,0,0,40,1.0,2,0,0.25,0.01,0.75,50.0,baseline,30.0,0.45,0.2,0.1,0.002,8.0
44,220,0.4319136125878618,0.5,-0.3680141003246017,0.0,0.125,0.3005782346310202,hex_cells__ql__plastic__intr0__struct0__alpha_async__lesion__s2__10b52c82a4,0.0052148028718739,-0.0119313023160428,0.25,False,0.5958834273734115,0.002,0.01,ql,0.58,hex_cells,30,70,0.9,0.4771841622654471,0.3,0,0.42,0.08,140,0.3569618318087189,0.2,10,1.2974111241866164,3.2890476323797626e-18,0.2,plastic,calibration,-0.0015767728679114,False,alpha_async,30,130,180,2,-1,1.0,0.6,0.6,60,0.0188239282167722,0,0,40,1.0,2,0,0.25,0.01,0.75,50.0,lesion,30.0,0.45,0.2,0.1,0.002,8.0
44,220,0.3966536587736381,0.5,-0.1852369899844783,0.0,0.125,0.0,honeycomb__markov__plastic__intr0__struct0__alpha_async__baseline__s1__c6cb1e77f5,0.0024283390427392,0.0114831438559396,0.25,False,0.713812586557274,0.002,0.01,markov,0.68,honeycomb,30,70,0.9,0.3457939370511124,0.3,0,0.42,0.08,140,0.3898734605921257,0.3,10,1.52865451541845,2.3107527901823293e-18,0.2,plastic,calibration,,False,alpha_async,30,130,180,1,-1,1.0,0.6,0.6,60,0.0054866637096237,0,0,40,1.0,2,0,0.25,0.01,0.75,50.0,baseline,30.0,0.45,0.2,0.1,0.002,8.0
44,220,0.1179354324754495,0.5,0.5241758645095788,0.0,0.125,0.0,honeycomb__markov__plastic__intr0__struct0__alpha_async__lesion__s1__053c07217c,0.3670717132763625,0.277956445707736,0.25,False,0.2201679358837889,0.002,0.01,markov,0.62,honeycomb,30,70,0.9,0.1039820102309708,0.3,0,0.42,0.08,140,0.1187931863917953,0.4,10,1.0000196071734797,3.547508653031796e-18,0.2,plastic,calibration,0.3520040697559343,False,alpha_async,30,130,180,1,-1,1.0,0.6,0.6,60,0.1479723094745915,0,0,40,1.0,2,0,0.25,0.01,0.75,50.0,lesion,30.0,0.45,0.2,0.1,0.002,8.0
44,220,0.3995960215606499,0.5,-0.2196030870671763,0.0,0.125,0.2712613624977253,honeycomb__ql__plastic__intr0__struct0__alpha_async__baseline__s1__621730f184,-0.0027503642873382,0.0077589572126147,0.25,False,0.7356409876072975,0.002,0.01,ql,0.62,honeycomb,30,70,0.9,0.3391955572799272,0.3,0,0.42,0.08,140,0.3935493473298123,0.2,10,1.482411940208225,5.113207365597267e-18,0.2,plastic,calibration,,False,alpha_async,30,130,180,1,-1,1.0,0.6,0.6,60,0.0066618676097931,0,0,40,1.0,2,0,0.25,0.01,0.75,50.0,baseline,30.0,0.45,0.2,0.1,0.002,8.0
44,220,0.2683149552312536,0.5,0.2265436965298023,0.0,0.125,0.4175469108067653,honeycomb__ql__plastic__intr0__struct0__alpha_async__lesion__s1__1bf3b4df80,0.1571091927696042,0.1368673790674186,0.25,False,0.610766558299917,0.002,0.01,ql,0.58,honeycomb,30,70,0.9,0.1999884927656616,0.3,0,0.42,0.08,140,0.234707423216284,0.3,10,1.4564672541052703,3.3668747411584814e-18,0.2,plastic,calibration,0.1089737699239958,False,alpha_async,30,130,180,1,-1,1.0,0.6,0.6,60,0.1310796262730879,0,0,40,1.0,2,0,0.25,0.01,0.75,50.0,lesion,30.0,0.45,0.2,0.1,0.002,8.0
44,220,0.330987469997281,0.5,0.0764166501600643,0.0,0.125,0.3750670403281137,honeycomb__ql__plastic__intr0__struct0__alpha_async__lesion__s2__6ccc805907,0.069817583856704,0.0727072990860423,0.25,False,0.657428314484178,0.002,0.01,ql,0.68,honeycomb,30,70,0.9,0.2707658705461094,0.3,0,0.42,0.08,140,0.2716735709239493,0.4,10,1.5547753060011762,3.1259090311265927e-18,0.2,plastic,calibration,0.0448711186675125,False,alpha_async,30,130,180,2,-1,1.0,0.6,0.6,60,0.0496735967980526,0,0,40,1.0,2,0,0.25,0.01,0.75,50.0,lesion,30.0,0.45,0.2,0.1,0.002,8.0
44,220,0.4852734642007848,0.5,-0.0458936414958872,0.0,0.125,0.0,extended_moore_r2__markov__plastic__intr0__struct0__alpha_async__baseline__s2__94fc0e46f0,-0.0028468893397698,-0.0062489024200083,0.25,False,0.8298711054984416,0.002,0.01,markov,0.68,extended_moore_r2,30,70,0.9,0.2603169110070942,0.3,0,0.42,0.08,140,0.4419834835389514,0.2,10,0.703594373169041,4.769950880335275e-18,0.2,plastic,calibration,,False,alpha_async,30,130,180,2,-1,1.0,0.6,0.6,60,0.0047495011858556,0,0,40,1.0,2,0,0.25,0.01,0.75,50.0,baseline,30.0,0.45,0.2,0.1,0.002,8.0
44,220,0.3994179377849337,0.5,-0.0829020967207192,0.0,0.125,0.0,extended_moore_r2__markov__plastic__intr0__struct0__alpha_async__lesion__s2__c7e2b09997,0.0208985234492131,0.0170492643114001,0.25,False,0.6597069345312926,0.002,0.01,markov,0.62,extended_moore_r2,30,70,0.9,0.3412205184640871,0.3,0,0.42,0.08,140,0.3027597023231078,0.3,10,1.0627721793605214,3.684924433566545e-18,0.2,plastic,calibration,-0.0067917379775958,False,alpha_async,30,130,180,2,-1,1.0,0.6,0.6,60,0.1362385483874626,0,0,40,0.9997632575757576,2,0,0.25,0.01,0.75,50.0,lesion,30.0,0.45,0.2,0.1,0.002,8.0
44,220,0.4153530577083925,0.5,-0.269288457901129,0.0,0.125,0.1998595067177858,extended_moore_r2__ql__plastic__intr0__struct0__alpha_async__baseline__s2__cb83c126d9,-7.61694887853881e-05,-9.156758335067404e-05,0.25,False,0.7118274575376238,0.002,0.01,ql,0.58,extended_moore_r2,30,70,0.9,0.3668196767985365,0.3,0,0.42,0.08,140,0.412041282892596,0.4,10,0.665822439957704,4.9441946179300914e-18,0.2,plastic,calibration,,False,alpha_async,30,130,180,2,-1,1.0,0.6,0.6,60,0.0856387641635284,0,0,40,0.9986656336088154,2,0,0.25,0.01,0.75,50.0,baseline,30.0,0.45,0.2,0.1,0.002,8.0
44,220,0.4202700886361823,0.5,-0.2837105964676596,0.0,0.125,0.2227088756858008,extended_moore_r2__ql__plastic__intr0__struct0__alpha_async__lesion__s2__914419dc04,-0.0116552403741828,-0.0074554300634035,0.25,False,0.6439195032816223,0.002,0.01,ql,0.58,extended_moore_r2,30,70,0.9,0.4174606715855156,0.3,0,0.42,0.08,140,0.3690418217038386,0.2,10,0.8048996739648546,3.692562086296803e-18,0.2,plastic,calibration,-0.0151883790277653,False,alpha_async,30,130,180,2,-1,1.0,0.6,0.6,60,0.2059713556857906,0,0,40,0.9992682506887052,2,0,0.25,0.01,0.75,50.0,lesion,30.0,0.45,0.2,0.1,0.002,8.0
44,220,0.4235469058361472,0.5,-0.0522822289649304,0.0,0.125,0.0,extended_hex_r2__markov__plastic__intr0__struct0__alpha_async__baseline__s1__f5243577d8,1.1233063879695186e-05,-0.003395349044393,0.25,False,0.8231632795302174,0.002,0.01,markov,0.68,extended_hex_r2,30,70,0.9,0.2520114541744685,0.3,0,0.42,0.08,140,0.444538174738361,0.3,10,0.284245170282538,5.533249617314828e-18,0.2,plastic,calibration,,False,alpha_async,30,130,180,1,-1,1.0,0.6,0.6,60,0.004902869255815,0,0,40,1.0,2,0,0.25,0.01,0.75,50.0,baseline,30.0,0.45,0.2,0.1,0.002,8.0
44,220,0.4322603650694029,0.5,0.0657050147124845,0.0,0.125,0.0,extended_hex_r2__markov__plastic__intr0__struct0__alpha_async__lesion__s1__c703047174,0.0451660228683979,0.0556647570437651,0.25,False,0.8670079405716845,0.002,0.01,markov,0.62,extended_hex_r2,30,70,0.9,0.2046946120165613,0.3,0,0.42,0.08,140,0.3392417173891254,0.4,10,0.7265093440347968,4.240851254582579e-18,0.2,plastic,calibration,-0.0549282429842539,False,alpha_async,30,130,180,1,-1,1.0,0.6,0.6,60,0.0257715979148552,0,0,40,1.0,2,0,0.25,0.01,0.75,50.0,lesion,30.0,0.45,0.2,0.1,0.002,8.0
44,220,0.4271020116015819,0.5,-0.0684460105391438,0.0,0.125,0.1351093823142208,extended_hex_r2__ql__plastic__intr0__struct0__alpha_async__baseline__s1__620c2dfbeb,0.0032923618591099,-0.0014838217192335,0.25,False,0.8680845064876388,0.002,0.01,ql,0.62,extended_hex_r2,30,70,0.9,0.2204666241267102,0.3,0,0.42,0.08,140,0.4422790159094794,0.2,10,0.278700165306312,4.596847024119983e-18,0.2,plastic,calibration,,False,alpha_async,30,130,180,1,-1,1.0,0.6,0.6,60,0.0064414980255141,0,0,40,1.0,2,0,0.25,0.01,0.75,50.0,baseline,30.0,0.45,0.2,0.1,0.002,8.0
44,220,0.4360331944717414,0.5,-0.0701151128566264,0.0,0.125,0.1737546284660742,extended_hex_r2__ql__plastic__intr0__struct0__alpha_async__lesion__s1__2755c31cfd,0.021717070659229,-0.0062909987865774,0.25,False,0.9106040410812384,0.002,0.01,ql,0.58,extended_hex_r2,30,70,0.9,0.1837630881179194,0.3,0,0.42,0.08,140,0.3898634348818134,0.3,10,0.381390300404241,4.8751989513298804e-18,0.2,plastic,calibration,0.0367910480391938,False,alpha_async,30,130,180,1,-1,1.0,0.6,0.6,60,0.0108168148580908,0,0,40,1.0,2,0,0.25,0.01,0.75,50.0,lesion,30.0,0.45,0.2,0.1,0.002,8.0
44,220,0.4230902550158141,0.5,-0.0286767989017218,0.0,0.125,0.1692800352028338,extended_hex_r2__ql__plastic__intr0__struct0__alpha_async__lesion__s2__89334ed5ac,-0.0173568100343901,0.0030708085997263,0.25,False,0.8325100427071885,0.002,0.01,ql,0.68,extended_hex_r2,30,70,0.9,0.2448086468474712,0.3,0,0.42,0.08,140,0.395396440568066,0.4,10,0.4690930570344699,4.308413015438375e-18,0.2,plastic,calibration,0.0092257010788337,False,alpha_async,30,130,180,2,-1,1.0,0.6,0.6,60,0.0047921219152891,0,0,40,1.0,2,0,0.25,0.01,0.75,50.0,lesion,30.0,0.45,0.2,0.1,0.002,8.0
44,220,0.4134931002062902,0.5,-0.3721179572129871,0.0,0.125,0.0,square_moore__markov__plastic__intr0__struct0__alpha_async__baseline__s1__8f4d28e206,-0.0044788692436089,0.0057601710750885,0.25,False,0.5407553794764737,0.002,0.016,markov,0.68,square_moore,30,70,0.9,0.4901541130889921,0.3,0,0.42,0.08,140,0.4068822441204717,0.3,10,1.5164535447728724,6.5818858521509884e-18,0.2,plastic,calibration,,False,alpha_async,30,130,180,1,-1,1.0,0.6,0.6,60,0.0593966900036414,0,0,40,1.0,2,0,0.25,0.01,0.75,50.0,baseline,30.0,0.45,0.2,0.1,0.002,8.0
44,220,0.2716665574982088,0.5,0.0924917988897516,0.0,0.125,0.0,square_moore__markov__plastic__intr0__struct0__alpha_async__lesion__s1__0c4fdc6a21,0.1127253449678871,0.1186661727299326,0.25,False,0.3655609567608623,0.002,0.016,markov,0.62,square_moore,30,70,0.9,0.3140372949725789,0.3,0,0.42,0.08,140,0.2144301173797152,0.4,10,1.5036420419509562,6.533037713912005e-18,0.2,plastic,calibration,0.0744347288170898,False,alpha_async,30,130,180,1,-1,1.0,0.6,0.6,60,0.0753504289536288,0,0,40,1.0,2,0,0.25,0.01,0.75,50.0,lesion,30.0,0.45,0.2,0.1,0.002,8.0
44,220,0.4102261570849307,0.5,-0.3528515459780684,0.0,0.125,0.2871296720526629,square_moore__ql__plastic__intr0__struct0__alpha_async__baseline__s1__247800a134,-0.0172533065092631,-0.0044045182475215,0.25,False,0.5886699506031211,0.002,0.016,ql,0.62,square_moore,30,70,0.9,0.462824303560993,0.3,0,0.42,0.08,140,0.4042781532725142,0.2,10,1.464996358313479,7.258381584898608e-18,0.2,plastic,calibration,,False,alpha_async,30,130,180,1,-1,1.0,0.6,0.6,60,0.0643842146569913,0,0,40,1.0,2,0,0.25,0.01,0.75,50.0,baseline,30.0,0.45,0.2,0.1,0.002,8.0
44,220,0.399933824980452,0.5,-0.311618145022991,0.0,0.125,0.3216724744408099,square_moore__ql__plastic__intr0__struct0__alpha_async__lesion__s1__6990e512ac,0.0162689655392375,0.0049890214139014,0.25,False,0.5934966027899519,0.002,0.016,ql,0.58,square_moore,30,70,0.9,0.4393064019113016,0.3,0,0.42,0.08,140,0.3284821513851564,0.3,10,1.4907390538930074,8.373618462222885e-18,0.2,plastic,calibration,0.0025433886825643,False,alpha_async,30,130,180,1,-1,1.0,0.6,0.6,60,0.074837973469257,0,0,40,1.0,2,0,0.25,0.01,0.75,50.0,lesion,30.0,0.45,0.2,0.1,0.002,8.0
44,220,0.4085005887439494,0.5,-0.3493456150150991,0.0,0.125,0.3078330015054972,square_moore__ql__plastic__intr0__struct0__alpha_async__lesion__s2__2c5ec83e95,-0.0009207176443713,-0.0003269216304325,0.25,False,0.5654191867264161,0.002,0.016,ql,0.68,square_moore,30,70,0.9,0.4710852761943171,0.3,0,0.42,0.08,140,0.3392471467342576,0.4,10,1.5127455059163415,4.354967037096855e-18,0.2,plastic,calibration,-0.0071373745421425,False,alpha_async,30,130,180,2,-1,1.0,0.6,0.6,60,0.1000019885242743,0,0,40,1.0,2,0,0.25,0.01,0.75,50.0,lesion,30.0,0.45,0.2,0.1,0.002,8.0
44,220,0.433634040945253,0.5,-0.3462495100247764,0.0,0.125,0.0,hex_cells__markov__plastic__intr0__struct0__alpha_async__baseline__s2__ab8c3097d8,0.0091717543574659,0.0168144154647528,0.25,False,0.5952397231980462,0.002,0.016,markov,0.68,hex_cells,30,70,0.9,0.4639995896409058,0.3,0,0.42,0.08,140,0.4255332917549951,0.2,10,1.27073620472629,4.049297434283604e-18,0.2,plastic,calibration,,False,alpha_async,30,130,180,2,-1,1.0,0.6,0.6,60,0.014424952047938,0,0,40,1.0,2,0,0.25,0.01,0.75,50.0,baseline,30.0,0.45,0.2,0.1,0.002,8.0
44,220,0.3311818611419347,0.5,0.0200802730196482,0.0,0.125,0.0,hex_cells__markov__plastic__intr0__struct0__alpha_async__lesion__s2__3ac58507cd,0.0817946066789852,0.0499952241379937,0.25,False,0.4662248729175865,0.002,0.016,markov,0.62,hex_cells,30,70,0.9,0.3580176357449012,0.3,0,0.42,0.08,140,0.2571436801782227,0.3,10,1.5352733757380157,4.19815188519606e-18,0.2,plastic,calibration,0.0417293181725213,False,alpha_async,30,130,180,2,-1,1.0,0.6,0.6,60,0.0472407624605704,0,0,40,1.0,2,0,0.25,0.01,0.75,50.0,lesion,30.0,0.45,0.2,0.1,0.002,8.0
44,220,0.4227701011564668,0.5,-0.3594764987799025,0.0,0.125,0.2809169225523066,hex_cells__ql__plastic__intr0__struct0__alpha_async__baseline__s2__caf1674fff,0.0045057450535385,-0.0036833847993934,0.25,False,0.6075441704683378,0.002,0.016,ql,0.58,hex_cells,30,70,0.9,0.460661501396853,0.3,0,0.42,0.08,140,0.4171342092020672,0.4,10,1.2836290935406875,4.573715066169709e-18,0.2,plastic,calibration,,False,alpha_async,30,130,180,2,-1,1.0,0.6,0.6,60,0.0115921080288747,0,0,40,1.0,2,0,0.25,0.01,0.75,50.0,baseline,30.0,0.45,0.2,0.1,0.002,8.0
44,220,0.4265835458988556,0.5,-0.3603464452854559,0.0,0.125,0.2988172703619964,hex_cells__ql__plastic__intr0__struct0__alpha_async__lesion__s2__23feee8152,0.0004823132893314,-0.0066961565764664,0.25,False,0.6124593571528621,0.002,0.016,ql,0.58,hex_cells,30,70,0.9,0.4634967470958303,0.3,0,0.42,0.08,140,0.3530119072128354,0.2,10,1.3138691763982306,3.3653732044691693e-18,0.2,plastic,calibration,0.0011724741635828,False,alpha_async,30,130,180,2,-1,1.0,0.6,0.6,60,0.0251923866646829,0,0,40,1.0,2,0,0.25,0.01,0.75,50.0,lesion,30.0,0.45,0.2,0.1,0.002,8.0
44,220,0.3961706715778634,0.5,-0.1752971072906146,0.0,0.125,0.0,honeycomb__markov__plastic__intr0__struct0__alpha_async__baseline__s1__a7ff9a3b35,0.0103127876471925,0.0029119241095832,0.25,False,0.7155939823668357,0.002,0.016,markov,0.68,honeycomb,30,70,0.9,0.3427653172609041,0.3,0,0.42,0.08,140,0.3903676390358644,0.3,10,1.5122078777207484,2.374805368233841e-18,0.2,plastic,calibration,,False,alpha_async,30,130,180,1,-1,1.0,0.6,0.6,60,0.0054959918873728,0,0,40,1.0,2,0,0.25,0.01,0.75,50.0,baseline,30.0,0.45,0.2,0.1,0.002,8.0
44,220,0.1145651165603277,0.5,0.5225448134207777,0.0,0.125,0.0,honeycomb__markov__plastic__intr0__struct0__alpha_async__lesion__s1__1b12e9d11f,0.3624240530505828,0.3064226715015994,0.25,False,0.2094681276290725,0.002,0.016,markov,0.62,honeycomb,30,70,0.9,0.1017952796792581,0.3,0,0.42,0.08,140,0.1164924784091554,0.4,10,0.9950675696362667,7.12119039662543e-18,0.2,plastic,calibration,0.3501565192376417,False,alpha_async,30,130,180,1,-1,1.0,0.6,0.6,60,0.1438891658782425,0,0,40,1.0,2,0,0.25,0.01,0.75,50.0,lesion,30.0,0.45,0.2,0.1,0.002,8.0
44,220,0.4001792408307418,0.5,-0.2140634676015746,0.0,0.125,0.2691971185133028,honeycomb__ql__plastic__intr0__struct0__alpha_async__baseline__s1__0a250a798d,0.0041035720543172,0.0053709845932348,0.25,False,0.7433203390782072,0.002,0.016,ql,0.62,honeycomb,30,70,0.9,0.3322185008565088,0.3,0,0.42,0.08,140,0.3936169351130726,0.2,10,1.4705177732714052,3.339433878754036e-18,0.2,plastic,calibration,,False,alpha_async,30,130,180,1,-1,1.0,0.6,0.6,60,0.0057930348667808,0,0,40,1.0,2,0,0.25,0.01,0.75,50.0,baseline,30.0,0.45,0.2,0.1,0.002,8.0
44,220,0.2884343688278227,0.5,0.1913674228034146,0.0,0.125,0.4039630395126102,honeycomb__ql__plastic__intr0__struct0__alpha_async__lesion__s1__ae912c905f,0.1392350607403477,0.1203100859810196,0.25,False,0.6339791458935687,0.002,0.016,ql,0.58,honeycomb,30,70,0.9,0.2174866666642674,0.3,0,0.42,0.08,140,0.2489181020296945,0.3,10,1.4897206548601285,4.8129471113592594e-18,0.2,plastic,calibration,0.1085351469266632,False,alpha_async,30,130,180,1,-1,1.0,0.6,0.6,60,0.1147459231782837,0,0,40,1.0,2,0,0.25,0.01,0.75,50.0,lesion,30.0,0.45,0.2,0.1,0.002,8.0
44,220,0.3366708129444721,0.5,0.0579160874566157,0.0,0.125,0.3686399439153897,honeycomb__ql__plastic__intr0__struct0__alpha_async__lesion__s2__c4cb057075,0.0629962909472013,0.0501705227343938,0.25,False,0.6691902481701779,0.002,0.016,ql,0.68,honeycomb,30,70,0.9,0.2755951199029668,0.3,0,0.42,0.08,140,0.2767826831704377,0.4,10,1.5422056644827709,2.536290114402618e-18,0.2,plastic,calibration,0.0485118504828885,False,alpha_async,30,130,180,2,-1,1.0,0.6,0.6,60,0.0357399436693813,0,0,40,1.0,2,0,0.25,0.01,0.75,50.0,lesion,30.0,0.45,0.2,0.1,0.002,8.0
44,220,0.4838825872120252,0.5,-0.044168750778511,0.0,0.125,0.0,extended_moore_r2__markov__plastic__intr0__struct0__alpha_async__baseline__s2__6e0cb006b1,-0.0030288068571971,-0.0061827164393177,0.25,False,0.8308669392612708,0.002,0.016,markov,0.68,extended_moore_r2,30,70,0.9,0.2594653984277449,0.3,0,0.42,0.08,140,0.4409596792650658,0.2,10,0.7118921374742299,5.0075745888067625e-18,0.2,plastic,calibration,,False,alpha_async,30,130,180,2,-1,1.0,0.6,0.6,60,0.0047045046678808,0,0,40,1.0,2,0,0.25,0.01,0.75,50.0,baseline,30.0,0.45,0.2,0.1,0.002,8.0
44,220,0.3861206196640709,0.5,0.017591991197052,0.0,0.125,0.0,extended_moore_r2__markov__plastic__intr0__struct0__alpha_async__lesion__s2__bf2b9c8d25,0.0320662628088685,0.0487615144902444,0.25,False,0.6978961954374813,0.002,0.016,markov,0.62,extended_moore_r2,30,70,0.9,0.2931518359915034,0.3,0,0.42,0.08,140,0.289131455259481,0.3,10,1.0391840458858737,4.588946369570944e-18,0.2,plastic,calibration,-0.0084936048739688,False,alpha_async,30,130,180,2,-1,1.0,0.6,0.6,60,0.0798414144155417,0,0,40,0.993801652892562,2,0,0.25,0.01,0.75,50.0,lesion,30.0,0.45,0.2,0.1,0.002,8.0
44,220,0.3924711980665563,0.5,-0.2319855835571806,0.0,0.125,0.1843622628562314,extended_moore_r2__ql__plastic__intr0__struct0__alpha_async__baseline__s2__2fa56178a0,0.0570462750766515,-0.0169892544041117,0.25,False,0.7705095040325639,0.002,0.016,ql,0.58,extended_moore_r2,30,70,0.9,0.3028092342764056,0.3,0,0.42,0.08,140,0.3972491994120967,0.4,10,0.3633379665030097,4.0140343658362015e-18,0.2,plastic,calibration,,False,alpha_async,30,130,180,2,-1,1.0,0.6,0.6,60,0.0427874501454273,0,0,40,0.9752711776859504,2,0,0.25,0.01,0.75,50.0,baseline,30.0,0.45,0.2,0.1,0.002,8.0
44,220,0.4146873817048108,0.5,-0.2749040681084277,0.0,0.125,0.2130310084316872,extended_moore_r2__ql__plastic__intr0__struct0__alpha_async__lesion__s2__f6845639dc,0.0097298031104143,0.0106472486925728,0.25,False,0.7138139045272263,0.002,0.016,ql,0.58,extended_moore_r2,30,70,0.9,0.3705748658060193,0.3,0,0.42,0.08,140,0.3635253635329558,0.2,10,0.6590497724510229,4.411970484084968e-18,0.2,plastic,calibration,0.0165922337801127,False,alpha_async,30,130,180,2,-1,1.0,0.6,0.6,60,0.123124073482112,0,0,40,0.9926609848484848,2,0,0.25,0.01,0.75,50.0,lesion,30.0,0.45,0.2,0.1,0.002,8.0
44,220,0.4233603648052454,0.5,-0.0519933340278549,0.0,0.125,0.0,extended_hex_r2__markov__plastic__intr0__struct0__alpha_async__baseline__s1__350a2b4ad6,0.000747531831371,-0.0038536545352579,0.25,False,0.8244498399067379,0.002,0.016,markov,0.68,extended_hex_r2,30,70,0.9,0.2509301100872977,0.3,0,0.42,0.08,140,0.4437279003546818,0.3,10,0.2874600003680185,4.4859755904004355e-18,0.2,plastic,calibration,,False,alpha_async,30,130,180,1,-1,1.0,0.6,0.6,60,0.004922156549595,0,0,40,1.0,2,0,0.25,0.01,0.75,50.0,baseline,30.0,0.45,0.2,0.1,0.002,8.0
44,220,0.43373630271179,0.5,0.0760599985559294,0.0,0.125,0.0,extended_hex_r2__markov__plastic__intr0__struct0__alpha_async__lesion__s1__fd9af62d51,0.0405404879306524,0.0520054474185505,0.25,False,0.864563868733114,0.002,0.016,markov,0.62,extended_hex_r2,30,70,0.9,0.2047264040660149,0.3,0,0.42,0.08,140,0.3350526911612734,0.4,10,0.7496257152620136,4.103936810614992e-18,0.2,plastic,calibration,-0.0337741894095631,False,alpha_async,30,130,180,1,-1,1.0,0.6,0.6,60,0.0256425949138545,0,0,40,1.0,2,0,0.25,0.01,0.75,50.0,lesion,30.0,0.45,0.2,0.1,0.002,8.0
44,220,0.4643211388370145,0.5,-0.0592018363840229,0.0,0.125,0.1280836956236298,extended_hex_r2__ql__plastic__intr0__struct0__alpha_async__baseline__s1__159139badc,-0.002876624609482,0.0107283597918235,0.25,False,0.8879587662509993,0.002,0.016,ql,0.62,extended_hex_r2,30,70,0.9,0.214224964098659,0.3,0,0.42,0.08,140,0.4369069300482829,0.2,10,0.7353284874870859,3.823606210628754e-18,0.2,plastic,calibration,,False,alpha_async,30,130,180,1,-1,1.0,0.6,0.6,60,0.0062514935657477,0,0,40,1.0,2,0,0.25,0.01,0.75,50.0,baseline,30.0,0.45,0.2,0.1,0.002,8.0
44,220,0.4353409803102366,0.5,-0.075932352258227,0.0,0.125,0.1746069042282886,extended_hex_r2__ql__plastic__intr0__struct0__alpha_async__lesion__s1__c959056199,0.0129592809027489,-0.0105120149109436,0.25,False,0.9099750109637064,0.002,0.016,ql,0.58,extended_hex_r2,30,70,0.9,0.1855983912042408,0.3,0,0.42,0.08,140,0.3882375550572463,0.3,10,0.3809821458103398,4.169424899825278e-18,0.2,plastic,calibration,0.0122294730632553,False,alpha_async,30,130,180,1,-1,1.0,0.6,0.6,60,0.0124451944854755,0,0,40,1.0,2,0,0.25,0.01,0.75,50.0,lesion,30.0,0.45,0.2,0.1,0.002,8.0
44,220,0.4544260849538134,0.5,0.0059618283645981,0.0,0.125,0.1666263440695161,extended_hex_r2__ql__plastic__intr0__struct0__alpha_async__lesion__s2__515f0476ea,-0.0383919957899113,-0.0083833729654608,0.25,False,0.8566399880908824,0.002,0.016,ql,0.68,extended_hex_r2,30,70,0.9,0.2356486156854337,0.3,0,0.42,0.08,140,0.3926145345906975,0.4,10,0.8326331942174459,4.18528194214159e-18,0.2,plastic,calibration,-0.0047309023758775,False,alpha_async,30,130,180,2,-1,1.0,0.6,0.6,60,0.0233215752564179,0,0,40,1.0,2,0,0.25,0.01,0.75,50.0,lesion,30.0,0.45,0.2,0.1,0.002,8.0
44,220,0.4214969425116836,0.5,-0.3802542874073507,0.0,0.125,0.0,square_moore__markov__plastic__intr0__struct0__alpha_async__baseline__s1__a1d6226a2c,0.0090022048515825,-0.0047641449215358,0.25,False,0.4840443355379697,0.002,0.006,markov,0.68,square_moore,30,70,0.9,0.5182217276394347,0.3,0,0.42,0.08,140,0.4127654317408982,0.4,10,1.525910748172223,5.8811600398554934e-18,0.2,plastic,calibration,,False,alpha_async,30,130,180,1,-1,1.0,0.6,0.6,60,0.0715389583503981,0,0,40,1.0,2,0,0.25,0.01,0.75,50.0,baseline,30.0,0.45,0.2,0.1,0.002,8.0
44,220,0.3296680248352769,0.5,0.0107801649354708,0.0,0.125,0.0,square_moore__markov__plastic__intr0__struct0__alpha_async__lesion__s1__802b90efa5,0.0846089448795447,0.0630854648272888,0.25,False,0.4765551391567708,0.002,0.006,markov,0.68,square_moore,30,70,0.9,0.3533455927345262,0.3,0,0.42,0.08,140,0.2528871584581796,0.2,10,1.5457211354980036,5.481608894906688e-18,0.2,plastic,calibration,0.0596272916522191,False,alpha_async,30,130,180,1,-1,1.0,0.6,0.6,60,0.0621006295776999,0,0,40,1.0,2,0,0.25,0.01,0.75,50.0,lesion,30.0,0.45,0.2,0.1,0.002,8.0
44,220,0.4218984922884468,0.5,-0.3892470475670574,0.0,0.125,0.3075357830354609,square_moore__ql__plastic__intr0__struct0__alpha_async__baseline__s1__73cfd3b5cc,0.0072350583085602,-0.006990859771762,0.25,False,0.4945218473705713,0.002,0.006,ql,0.62,square_moore,30,70,0.9,0.5224960325220538,0.3,0,0.42,0.08,140,0.4130382252245461,0.3,10,1.51521954453766,6.951758461826814e-18,0.2,plastic,calibration,,False,alpha_async,30,130,180,1,-1,1.0,0.6,0.6,60,0.1100828617134349,0,0,40,1.0,2,0,0.25,0.01,0.75,50.0,baseline,30.0,0.45,0.2,0.1,0.002,8.0
44,220,0.3957218559943743,0.5,-0.2674642621890105,0.0,0.125,0.3349980713921637,square_moore__ql__plastic__intr0__struct0__alpha_async__lesion__s1__8dc68fac52,0.0300196324729604,0.0226366665513976,0.25,False,0.6280083677630437,0.002,0.006,ql,0.58,square_moore,30,70,0.9,0.4076481098375318,0.3,0,0.42,0.08,140,0.3239556007700065,0.4,10,1.453906375258587,5.807750207193422e-18,0.2,plastic,calibration,0.0193596190043241,False,alpha_async,30,130,180,1,-1,1.0,0.6,0.6,60,0.0869704462164333,0,0,40,1.0,2,0,0.25,0.01,0.75,50.0,lesion,30.0,0.45,0.2,0.1,0.002,8.0
44,220,0.4301750464716803,0.5,-0.3991029358318451,0.0,0.125,0.0,hex_cells__markov__plastic__intr0__struct0__alpha_async__baseline__s1__528c331f09,0.003442293155027,0.0013784824226323,0.25,False,0.554261736009402,0.002,0.006,markov,0.58,hex_cells,30,70,0.9,0.5033465288026802,0.3,0,0.42,0.08,140,0.4288079107914066,0.2,10,1.3932644645143384,3.3409689950254773e-18,0.2,plastic,calibration,,False,alpha_async,30,130,180,1,-1,1.0,0.6,0.6,60,0.0396655913198598,0,0,40,1.0,2,0,0.25,0.01,0.75,50.0,baseline,30.0,0.45,0.2,0.1,0.002,8.0
44,220,0.4366580870750716,0.5,-0.3889484137774465,0.0,0.125,0.0,hex_cells__markov__plastic__intr0__struct0__alpha_async__baseline__s2__000b9fad11,0.0097808830212848,-0.0021244970618594,0.25,False,0.5585011471453261,0.002,0.006,markov,0.68,hex_cells,30,70,0.9,0.5010133163729139,0.3,0,0.42,0.08,140,0.4313758536685944,0.3,10,1.3644871616945595,4.22483123317921e-18,0.2,plastic,calibration,,False,alpha_async,30,130,180,2,-1,1.0,0.6,0.6,60,0.0454697341712668,0,0,40,1.0,2,0,0.25,0.01,0.75,50.0,baseline,30.0,0.45,0.2,0.1,0.002,8.0
44,220,0.3510610835754362,0.5,-0.0313147308894725,0.0,0.125,0.0,hex_cells__markov__plastic__intr0__struct0__alpha_async__lesion__s2__4cdd962e81,0.0897907138458239,0.056016408216171,0.25,False,0.4391921006835322,0.002,0.006,markov,0.62,hex_cells,30,70,0.9,0.3967518120760858,0.3,0,0.42,0.08,140,0.2707817456697717,0.4,10,1.573142543399122,2.614152526334388e-18,0.2,plastic,calibration,0.0639829400486678,False,alpha_async,30,130,180,2,-1,1.0,0.6,0.6,60,0.0505278939023591,0,0,40,1.0,2,0,0.25,0.01,0.75,50.0,lesion,30.0,0.45,0.2,0.1,0.002,8.0
44,220,0.4322932530758209,0.5,-0.3889110333593159,0.0,0.125,0.2793169065898855,hex_cells__ql__plastic__intr0__struct0__alpha_async__baseline__s2__364f3886d7,0.0103543284840759,0.0047349814223055,0.25,False,0.5843491627519557,0.002,0.006,ql,0.62,hex_cells,30,70,0.9,0.4928989265003448,0.3,0,0.42,0.08,140,0.4299305760434523,0.2,10,1.3536695744761764,2.7171181013637765e-18,0.2,plastic,calibration,,False,alpha_async,30,130,180,2,-1,1.0,0.6,0.6,60,0.0333720927398493,0,0,40,1.0,2,0,0.25,0.01,0.75,50.0,baseline,30.0,0.45,0.2,0.1,0.002,8.0
44,220,0.4371200471852194,0.5,-0.3796241431128252,0.0,0.125,0.3011909865034003,hex_cells__ql__plastic__intr0__struct0__alpha_async__lesion__s2__bc0c2c6eae,-0.0117946883831939,-0.0132116481075215,0.25,False,0.5903864459245732,0.002,0.006,ql,0.58,hex_cells,30,70,0.9,0.4877624035386622,0.3,0,0.42,0.08,140,0.3600488850555836,0.3,10,1.2954586122748906,4.29741590529589e-18,0.2,plastic,calibration,-0.0212152065557546,False,alpha_async,30,130,180,2,-1,1.0,0.6,0.6,60,0.0236521035277099,0,0,40,1.0,2,0,0.25,0.01,0.75,50.0,lesion,30.0,0.45,0.2,0.1,0.002,8.0
44,220,0.3897213137560708,0.5,-0.1678095196142551,0.0,0.125,0.0,honeycomb__markov__plastic__intr0__struct0__alpha_async__baseline__s1__8fd68a6dcb,0.0025426356681483,0.0023086464238721,0.25,False,0.709339723916331,0.002,0.006,markov,0.68,honeycomb,30,70,0.9,0.3417355209459531,0.3,0,0.42,0.08,140,0.3887431734483318,0.4,10,1.513323059700019,2.772158313248968e-18,0.2,plastic,calibration,,False,alpha_async,30,130,180,1,-1,1.0,0.6,0.6,60,0.0055369387055599,0,0,40,1.0,2,0,0.25,0.01,0.75,50.0,baseline,30.0,0.45,0.2,0.1,0.002,8.0
44,220,0.1366343253917665,0.5,0.4832565216915343,0.0,0.125,0.0,honeycomb__markov__plastic__intr0__struct0__alpha_async__lesion__s1__3ccc329542,0.3125094292312581,0.2905567064759688,0.25,False,0.2481949493479711,0.002,0.006,markov,0.68,honeycomb,30,70,0.9,0.1243928480733516,0.3,0,0.42,0.08,140,0.1294870361602635,0.2,10,1.1014860583669512,4.513971801143193e-18,0.2,plastic,calibration,0.3066986022105855,False,alpha_async,30,130,180,1,-1,1.0,0.6,0.6,60,0.1340099025240286,0,0,40,1.0,2,0,0.25,0.01,0.75,50.0,lesion,30.0,0.45,0.2,0.1,0.002,8.0
44,220,0.4026054335339333,0.5,-0.2212321189406821,0.0,0.125,0.2735106137041643,honeycomb__ql__plastic__intr0__struct0__alpha_async__baseline__s1__49260a1df5,0.0047846765834783,0.011090971221879,0.25,False,0.7420300234606202,0.002,0.006,ql,0.62,honeycomb,30,70,0.9,0.3369941796380256,0.3,0,0.42,0.08,140,0.3936619288981154,0.3,10,1.4609098183306692,2.098416059191597e-18,0.2,plastic,calibration,,False,alpha_async,30,130,180,1,-1,1.0,0.6,0.6,60,0.006164834713802,0,0,40,1.0,2,0,0.25,0.01,0.75,50.0,baseline,30.0,0.45,0.2,0.1,0.002,8.0
44,220,0.2562294289991252,0.5,0.2778127852654994,0.0,0.125,0.4329391226914883,honeycomb__ql__plastic__intr0__struct0__alpha_async__lesion__s1__dfa4b29d59,0.1521083307915233,0.1472061837595124,0.25,False,0.6045772329409574,0.002,0.006,ql,0.58,honeycomb,30,70,0.9,0.1810815237395934,0.3,0,0.42,0.08,140,0.2260406176050686,0.4,10,1.401740372288443,4.614533031137629e-18,0.2,plastic,calibration,0.1138820099177049,False,alpha_async,30,130,180,1,-1,1.0,0.6,0.6,60,0.148008607909544,0,0,40,1.0,2,0,0.25,0.01,0.75,50.0,lesion,30.0,0.45,0.2,0.1,0.002,8.0
44,220,0.4302161583034965,0.5,-0.2828651040479328,0.0,0.125,0.0,extended_moore_r2__markov__plastic__intr0__struct0__alpha_async__baseline__s1__f542e16464,-0.0069699852091571,0.0055444065045733,0.25,False,0.6122506805979558,0.002,0.006,markov,0.58,extended_moore_r2,30,70,0.9,0.4361251555270767,0.3,0,0.42,0.08,140,0.4239474371797447,0.2,10,0.8717653851266404,3.872890503999462e-18,0.2,plastic,calibration,,False,alpha_async,30,130,180,1,-1,1.0,0.6,0.6,60,0.1723802658090788,0,0,40,1.0,2,0,0.25,0.01,0.75,50.0,baseline,30.0,0.45,0.2,0.1,0.002,8.0
44,220,0.4860700566593434,0.5,-0.0475998739969736,0.0,0.125,0.0,extended_moore_r2__markov__plastic__intr0__struct0__alpha_async__baseline__s2__6b8b61f02e,-0.0019858166818604,-0.0061931264187572,0.25,False,0.8287464336137662,0.002,0.006,markov,0.68,extended_moore_r2,30,70,0.9,0.2613530754320416,0.3,0,0.42,0.08,140,0.4426525397506156,0.3,10,0.6951674169242076,4.040492019199468e-18,0.2,plastic,calibration,,False,alpha_async,30,130,180,2,-1,1.0,0.6,0.6,60,0.0046786661421012,0,0,40,1.0,2,0,0.25,0.01,0.75,50.0,baseline,30.0,0.45,0.2,0.1,0.002,8.0
44,220,0.3997918214307733,0.5,-0.1297556596307924,0.0,0.125,0.0,extended_moore_r2__markov__plastic__intr0__struct0__alpha_async__lesion__s2__5371db0014,0.0085464068566476,0.0289961308848766,0.25,False,0.5771699386989648,0.002,0.006,markov,0.62,extended_moore_r2,30,70,0.9,0.3926826259531011,0.3,0,0.42,0.08,140,0.3039506639691724,0.4,10,1.1284509679136654,4.061632545920091e-18,0.2,plastic,calibration,-0.024958179161852,False,alpha_async,30,130,180,2,-1,1.0,0.6,0.6,60,0.196877376429142,0,0,40,1.0,2,0,0.25,0.01,0.75,50.0,lesion,30.0,0.45,0.2,0.1,0.002,8.0
44,220,0.4251346467578443,0.5,-0.2823672679252528,0.0,0.125,0.2189216683994596,extended_moore_r2__ql__plastic__intr0__struct0__alpha_async__baseline__s2__d30f240fbe,-0.0428859080780567,0.0097268555710673,0.25,False,0.6049744438813305,0.002,0.006,ql,0.62,extended_moore_r2,30,70,0.9,0.4382363078617589,0.3,0,0.42,0.08,140,0.4217038099328483,0.2,10,0.8527023115757528,2.314089531790261e-18,0.2,plastic,calibration,,False,alpha_async,30,130,180,2,-1,1.0,0.6,0.6,60,0.2327960629200506,0,0,40,1.0,2,0,0.25,0.01,0.75,50.0,baseline,30.0,0.45,0.2,0.1,0.002,8.0
44,220,0.4249245545452583,0.5,-0.2865938509928969,0.0,0.125,0.2330759826895134,extended_moore_r2__ql__plastic__intr0__struct0__alpha_async__lesion__s2__82b612705a,0.0152381933433861,0.0031161848453743,0.25,False,0.6122949041741113,0.002,0.006,ql,0.58,extended_moore_r2,30,70,0.9,0.4375763615609186,0.3,0,0.42,0.08,140,0.3720785317952697,0.3,10,0.85675344055798,3.0888391326648484e-18,0.2,plastic,calibration,0.0049817790012865,False,alpha_async,30,130,180,2,-1,1.0,0.6,0.6,60,0.2977703247239417,0,0,40,1.0,2,0,0.25,0.01,0.75,50.0,lesion,30.0,0.45,0.2,0.1,0.002,8.0
44,220,0.4574759500160243,0.5,0.0042291467220374,0.0,0.125,0.0,extended_hex_r2__markov__plastic__intr0__struct0__alpha_async__baseline__s1__688a2b1a2e,-0.0037044221173324,-0.0246559496316667,0.25,False,0.8504669851131688,0.002,0.006,markov,0.68,extended_hex_r2,30,70,0.9,0.2418409411260015,0.3,0,0.42,0.08,140,0.4422482719918679,0.4,10,0.8520973301958334,4.5666863179014134e-18,0.2,plastic,calibration,,False,alpha_async,30,130,180,1,-1,1.0,0.6,0.6,60,0.020563261131261,0,0,40,1.0,2,0,0.25,0.01,0.75,50.0,baseline,30.0,0.45,0.2,0.1,0.002,8.0
44,220,0.4727665609079193,0.5,-0.0221585695397329,0.0,0.125,0.0,extended_hex_r2__markov__plastic__intr0__struct0__alpha_async__lesion__s1__edd225e688,0.0078210679775438,0.010046941684031,0.25,False,0.8325703800667392,0.002,0.006,markov,0.68,extended_hex_r2,30,70,0.9,0.2544186164678566,0.3,0,0.42,0.08,140,0.3529393503241529,0.2,10,0.797358865308122,3.859168162560402e-18,0.2,plastic,calibration,-0.0024008013420565,False,alpha_async,30,130,180,1,-1,1.0,0.6,0.6,60,0.0060141335654298,0,0,40,1.0,2,0,0.25,0.01,0.75,50.0,lesion,30.0,0.45,0.2,0.1,0.002,8.0
44,220,0.427158979291763,0.5,-0.068923580832779,0.0,0.125,0.135346645283985,extended_hex_r2__ql__plastic__intr0__struct0__alpha_async__baseline__s1__7bba837903,0.0016809029889914,-0.0030235732888498,0.25,False,0.8673703363759584,0.002,0.006,ql,0.62,extended_hex_r2,30,70,0.9,0.2212242000929224,0.3,0,0.42,0.08,140,0.4427605053968281,0.3,10,0.2775574521278505,4.245758269428449e-18,0.2,plastic,calibration,,False,alpha_async,30,130,180,1,-1,1.0,0.6,0.6,60,0.0064708463553901,0,0,40,1.0,2,0,0.25,0.01,0.75,50.0,baseline,30.0,0.45,0.2,0.1,0.002,8.0
44,220,0.4359461596916599,0.5,-0.0833317536121381,0.0,0.125,0.175129200524234,extended_hex_r2__ql__plastic__intr0__struct0__alpha_async__lesion__s1__12c8d70986,0.0205867453074504,-0.0081765573734856,0.25,False,0.908113926312742,0.002,0.006,ql,0.58,extended_hex_r2,30,70,0.9,0.1868734873836918,0.3,0,0.42,0.08,140,0.389986967919721,0.4,10,0.338542561834819,4.5964482712224495e-18,0.2,plastic,calibration,0.017297702388801,False,alpha_async,30,130,180,1,-1,1.0,0.6,0.6,60,0.0118261608269112,0,0,40,1.0,2,0,0.25,0.01,0.75,50.0,lesion,30.0,0.45,0.2,0.1,0.002,8.0
44,220,0.4158549929310278,0.5,-0.3991824606600034,0.0,0.125,0.0,square_moore__markov__plastic__intr0__struct0__alpha_async__baseline__s1__db7e378da1,-0.0092447947527018,-0.0046181847785276,0.25,False,0.4757605784457811,0.002,0.01,markov,0.68,square_moore,30,70,0.9,0.5264629833882063,0.3,0,0.42,0.08,140,0.4107882117467291,0.4,10,1.559637683307066,3.4891348531653654e-18,0.2,plastic,calibration,,False,alpha_async,30,130,180,1,-1,1.0,0.6,0.6,60,0.073222009605746,0,0,40,1.0,2,0,0.25,0.01,0.75,50.0,baseline,30.0,0.45,0.2,0.1,0.002,8.0
44,220,0.3286695293639218,0.5,-0.0025006074235994,0.0,0.125,0.0,square_moore__markov__plastic__intr0__struct0__alpha_async__lesion__s1__6c70675861,0.0787043750757365,0.0764953354742788,0.25,False,0.4460280137913017,0.002,0.01,markov,0.68,square_moore,30,70,0.9,0.364514374914012,0.3,0,0.42,0.08,140,0.2513387073037597,0.2,10,1.5635424431142506,7.338834077429046e-18,0.2,plastic,calibration,0.0512993765458999,False,alpha_async,30,130,180,1,-1,1.0,0.6,0.6,60,0.0774777480557026,0,0,40,1.0,2,0,0.25,0.01,0.75,50.0,lesion,30.0,0.45,0.2,0.1,0.002,8.0
44,220,0.4110346853694609,0.5,-0.4111158011063426,0.0,0.125,0.2965838727428119,square_moore__ql__plastic__intr0__struct0__alpha_async__baseline__s1__e561768354,-0.0056261263169147,-0.0019273634201046,0.25,False,0.5040637996258914,0.002,0.01,ql,0.62,square_moore,30,70,0.9,0.5248470966552644,0.3,0,0.42,0.08,140,0.4081163647969205,0.3,10,1.560184384024388,7.971687982514499e-18,0.2,plastic,calibration,,False,alpha_async,30,130,180,1,-1,1.0,0.6,0.6,60,0.2089210882561403,0,0,40,1.0,2,0,0.25,0.01,0.75,50.0,baseline,30.0,0.45,0.2,0.1,0.002,8.0
44,220,0.3997994838049952,0.5,-0.2931447683044509,0.0,0.125,0.3289140124434447,square_moore__ql__plastic__intr0__struct0__alpha_async__lesion__s1__d8a19e4783,0.0161285770727792,0.0213779221295683,0.25,False,0.602362746049661,0.002,0.01,ql,0.58,square_moore,30,70,0.9,0.4297330011777094,0.3,0,0.42,0.08,140,0.326436848053679,0.4,10,1.4702953768393612,6.40254564146754e-18,0.2,plastic,calibration,0.0020520845434385,False,alpha_async,30,130,180,1,-1,1.0,0.6,0.6,60,0.1048287722716964,0,0,40,1.0,2,0,0.25,0.01,0.75,50.0,lesion,30.0,0.45,0.2,0.1,0.002,8.0
44,220,0.4316965468211542,0.5,-0.3756318019956061,0.0,0.125,0.0,hex_cells__markov__plastic__intr0__struct0__alpha_async__baseline__s1__142c7fd370,0.0191470941100913,0.0010249238799845,0.25,False,0.550974747930655,0.002,0.01,markov,0.58,hex_cells,30,70,0.9,0.4939179136663173,0.3,0,0.42,0.08,140,0.423640347681286,0.2,10,1.3398457346679755,3.589869790433782e-18,0.2,plastic,calibration,,False,alpha_async,30,130,180,1,-1,1.0,0.6,0.6,60,0.0165897629124247,0,0,40,1.0,2,0,0.25,0.01,0.75,50.0,baseline,30.0,0.45,0.2,0.1,0.002,8.0
44,220,0.4376794904740233,0.5,-0.3673938741632617,0.0,0.125,0.0,hex_cells__markov__plastic__intr0__struct0__alpha_async__baseline__s2__04a8533291,-0.0035163896367374,0.0053157937049871,0.25,False,0.5702348699235484,0.002,0.01,markov,0.68,hex_cells,30,70,0.9,0.4849956659922889,0.3,0,0.42,0.08,140,0.4296593034362311,0.3,10,1.3126788353020966,3.656024160703228e-18,0.2,plastic,calibration,,False,alpha_async,30,130,180,2,-1,1.0,0.6,0.6,60,0.0160911437000227,0,0,40,1.0,2,0,0.25,0.01,0.75,50.0,baseline,30.0,0.45,0.2,0.1,0.002,8.0
44,220,0.3487253316678666,0.5,-0.0230097058599821,0.0,0.125,0.0,hex_cells__markov__plastic__intr0__struct0__alpha_async__lesion__s2__5fcb1ab5ce,0.0659895997898575,0.0507180593696951,0.25,False,0.4558906171670979,0.002,0.01,markov,0.62,hex_cells,30,70,0.9,0.3855516342557012,0.3,0,0.42,0.08,140,0.2668365209303553,0.4,10,1.5514197131339986,3.970714158841284e-18,0.2,plastic,calibration,0.0368744028450848,False,alpha_async,30,130,180,2,-1,1.0,0.6,0.6,60,0.0450695337182369,0,0,40,1.0,2,0,0.25,0.01,0.75,50.0,lesion,30.0,0.45,0.2,0.1,0.002,8.0
44,220,0.4279555045839649,0.5,-0.3702230585202585,0.0,0.125,0.2822659947736686,hex_cells__ql__plastic__intr0__struct0__alpha_async__baseline__s2__e4ffaae597,0.0117207861690994,0.0055810619247124,0.25,False,0.5886022059159595,0.002,0.01,ql,0.62,hex_cells,30,70,0.9,0.4784344468801739,0.3,0,0.42,0.08,140,0.4235473239685186,0.2,10,1.3069143443316635,5.11092198103225e-18,0.2,plastic,calibration,,False,alpha_async,30,130,180,2,-1,1.0,0.6,0.6,60,0.0192394807313282,0,0,40,1.0,2,0,0.25,0.01,0.75,50.0,baseline,30.0,0.45,0.2,0.1,0.002,8.0
44,220,0.4319733690844993,0.5,-0.3677761490283714,0.0,0.125,0.2986392686874706,hex_cells__ql__plastic__intr0__struct0__alpha_async__lesion__s2__0c6a390b00,0.0014925450043231,-0.004094091809696,0.25,False,0.5995449526156034,0.002,0.01,ql,0.58,hex_cells,30,70,0.9,0.4741872505348178,0.3,0,0.42,0.08,140,0.3561352422097457,0.3,10,1.2857957112872382,3.2938109938641934e-18,0.2,plastic,calibration,0.0061070020307175,False,alpha_async,30,130,180,2,-1,1.0,0.6,0.6,60,0.0225273774269423,0,0,40,1.0,2,0,0.25,0.01,0.75,50.0,lesion,30.0,0.45,0.2,0.1,0.002,8.0
44,220,0.3940637410841027,0.5,-0.182181742988737,0.0,0.125,0.0,honeycomb__markov__plastic__intr0__struct0__alpha_async__baseline__s1__bac013f16f,-6.501073319769776e-05,0.012293612334599,0.25,False,0.7088647832843464,0.002,0.01,markov,0.68,honeycomb,30,70,0.9,0.3469530136130804,0.3,0,0.42,0.08,140,0.3911174490323684,0.4,10,1.544515176727606,2.965278657399704e-18,0.2,plastic,calibration,,False,alpha_async,30,130,180,1,-1,1.0,0.6,0.6,60,0.0068611937329918,0,0,40,1.0,2,0,0.25,0.01,0.75,50.0,baseline,30.0,0.45,0.2,0.1,0.002,8.0
44,220,0.1231855075451402,0.5,0.510440863161491,0.0,0.125,0.0,honeycomb__markov__plastic__intr0__struct0__alpha_async__lesion__s1__803b2a8cdc,0.3330704560087186,0.2866980205526251,0.25,False,0.2176947754631548,0.002,0.01,markov,0.68,honeycomb,30,70,0.9,0.1112025107370846,0.3,0,0.42,0.08,140,0.1200645438531841,0.2,10,1.036980403568684,5.868894953048675e-18,0.2,plastic,calibration,0.317217405196155,False,alpha_async,30,130,180,1,-1,1.0,0.6,0.6,60,0.1492693766210914,0,0,40,1.0,2,0,0.25,0.01,0.75,50.0,lesion,30.0,0.45,0.2,0.1,0.002,8.0
44,220,0.3959320576745651,0.5,-0.2162745519488831,0.0,0.125,0.2734164049984481,honeycomb__ql__plastic__intr0__struct0__alpha_async__baseline__s1__9c947df790,-0.0016979545356965,-0.0084290400163336,0.25,False,0.7401253435570821,0.002,0.01,ql,0.62,honeycomb,30,70,0.9,0.3331225551697716,0.3,0,0.42,0.08,140,0.3919396822954774,0.3,10,1.4747522403924598,3.5266051716891535e-18,0.2,plastic,calibration,,False,alpha_async,30,130,180,1,-1,1.0,0.6,0.6,60,0.0066388295915739,0,0,40,1.0,2,0,0.25,0.01,0.75,50.0,baseline,30.0,0.45,0.2,0.1,0.002,8.0
44,220,0.2724843909902089,0.5,0.2410589046550448,0.0,0.125,0.4143431188594642,honeycomb__ql__plastic__intr0__struct0__alpha_async__lesion__s1__f69f79888f,0.1646868218588952,0.1239899698600704,0.25,False,0.6225072386349649,0.002,0.01,ql,0.58,honeycomb,30,70,0.9,0.1967036266467648,0.3,0,0.42,0.08,140,0.2380571199462096,0.4,10,1.4527396880526116,4.876466319225984e-18,0.2,plastic,calibration,0.1433712150966862,False,alpha_async,30,130,180,1,-1,1.0,0.6,0.6,60,0.1299464781676294,0,0,40,1.0,2,0,0.25,0.01,0.75,50.0,lesion,30.0,0.45,0.2,0.1,0.002,8.0
44,220,0.4247043585225581,0.5,-0.2685925236011433,0.0,0.125,0.0,extended_moore_r2__markov__plastic__intr0__struct0__alpha_async__baseline__s1__fffe5cf61d,0.0112986598976179,6.22794423651811e-05,0.25,False,0.7320323875295851,0.002,0.01,markov,0.58,extended_moore_r2,30,70,0.9,0.3582652496715117,0.3,0,0.42,0.08,140,0.4192017857624281,0.2,10,0.7038025726077122,4.1054170465965175e-18,0.2,plastic,calibration,,False,alpha_async,30,130,180,1,-1,1.0,0.6,0.6,60,0.1067490589221159,0,0,40,0.99991391184573,2,0,0.25,0.01,0.75,50.0,baseline,30.0,0.45,0.2,0.1,0.002,8.0
44,220,0.4851986305803982,0.5,-0.046273007481836,0.0,0.125,0.0,extended_moore_r2__markov__plastic__intr0__struct0__alpha_async__baseline__s2__ec26456fa5,-0.0032940321892036,-0.0063214263139044,0.25,False,0.8294506932500078,0.002,0.01,markov,0.68,extended_moore_r2,30,70,0.9,0.2606765712538136,0.3,0,0.42,0.08,140,0.4419291550329672,0.3,10,0.7030736341949431,4.16584231545594e-18,0.2,plastic,calibration,,False,alpha_async,30,130,180,2,-1,1.0,0.6,0.6,60,0.004625202112846,0,0,40,1.0,2,0,0.25,0.01,0.75,50.0,baseline,30.0,0.45,0.2,0.1,0.002,8.0
44,220,0.3981791697682669,0.5,-0.0679640226362698,0.0,0.125,0.0,extended_moore_r2__markov__plastic__intr0__struct0__alpha_async__lesion__s2__a83c34215c,0.0213829359677176,0.0155515925788129,0.25,False,0.6533939918334547,0.002,0.01,markov,0.62,extended_moore_r2,30,70,0.9,0.3391986124196807,0.3,0,0.42,0.08,140,0.2995237264442697,0.4,10,1.0859410558137133,3.886624129196716e-18,0.2,plastic,calibration,-0.00678499789585,False,alpha_async,30,130,180,2,-1,1.0,0.6,0.6,60,0.1386293161411432,0,0,40,0.9996771694214877,2,0,0.25,0.01,0.75,50.0,lesion,30.0,0.45,0.2,0.1,0.002,8.0
44,220,0.4181305580253955,0.5,-0.2630017767353818,0.0,0.125,0.1960837429770122,extended_moore_r2__ql__plastic__intr0__struct0__alpha_async__baseline__s2__82598d218f,-0.0010723586505422,-0.0129834534994235,0.25,False,0.7150507349921158,0.002,0.01,ql,0.62,extended_moore_r2,30,70,0.9,0.3660433633852684,0.3,0,0.42,0.08,140,0.4149949791709658,0.2,10,0.6967302019438113,3.710924387458318e-18,0.2,plastic,calibration,,False,alpha_async,30,130,180,2,-1,1.0,0.6,0.6,60,0.0703307804305282,0,0,40,0.9996126033057852,2,0,0.25,0.01,0.75,50.0,baseline,30.0,0.45,0.2,0.1,0.002,8.0
44,220,0.4196237905872241,0.5,-0.284266006461705,0.0,0.125,0.2237960797223312,extended_moore_r2__ql__plastic__intr0__struct0__alpha_async__lesion__s2__101d88ce1a,-0.0110183951253491,-0.0089519145276475,0.25,False,0.6350358779756647,0.002,0.01,ql,0.58,extended_moore_r2,30,70,0.9,0.4221524322520725,0.3,0,0.42,0.08,140,0.3680436738585834,0.3,10,0.8127477364706596,3.49773960087768e-18,0.2,plastic,calibration,-0.0139897426002346,False,alpha_async,30,130,180,2,-1,1.0,0.6,0.6,60,0.2183820453434628,0,0,40,0.9992252066115702,2,0,0.25,0.01,0.75,50.0,lesion,30.0,0.45,0.2,0.1,0.002,8.0
44,220,0.4770696657311566,0.5,-0.0490834206112397,0.0,0.125,0.0,extended_hex_r2__markov__plastic__intr0__struct0__alpha_async__baseline__s1__d45abc6026,0.0051754902949404,0.0058105841376358,0.25,False,0.8386970086253839,0.002,0.01,markov,0.68,extended_hex_r2,30,70,0.9,0.2551676129074144,0.3,0,0.42,0.08,140,0.4403447926600949,0.4,10,0.7567690126405534,4.3758702604760915e-18,0.2,plastic,calibration,,False,alpha_async,30,130,180,1,-1,1.0,0.6,0.6,60,0.0050857044172769,0,0,40,1.0,2,0,0.25,0.01,0.75,50.0,baseline,30.0,0.45,0.2,0.1,0.002,8.0
44,220,0.4714153392871957,0.5,-0.0213112446970203,0.0,0.125,0.0,extended_hex_r2__markov__plastic__intr0__struct0__alpha_async__lesion__s1__707338b109,0.0063686560179313,0.0107122953431869,0.25,False,0.8336808067878506,0.002,0.01,markov,0.68,extended_hex_r2,30,70,0.9,0.2531779094166069,0.3,0,0.42,0.08,140,0.3516028893329826,0.2,10,0.8026570356494074,4.016674157805866e-18,0.2,plastic,calibration,-0.0029922860955074,False,alpha_async,30,130,180,1,-1,1.0,0.6,0.6,60,0.0063114624894956,0,0,40,1.0,2,0,0.25,0.01,0.75,50.0,lesion,30.0,0.45,0.2,0.1,0.002,8.0
44,220,0.4268339310567228,0.5,-0.0684054259258578,0.0,0.125,0.1354018291584442,extended_hex_r2__ql__plastic__intr0__struct0__alpha_async__baseline__s1__5a6e91c628,0.002620445272873,-0.0019509263618637,0.25,False,0.8677395660894871,0.002,0.01,ql,0.62,extended_hex_r2,30,70,0.9,0.2206771681550602,0.3,0,0.42,0.08,140,0.442148732905559,0.3,10,0.2788365944509844,5.01089525507245e-18,0.2,plastic,calibration,,False,alpha_async,30,130,180,1,-1,1.0,0.6,0.6,60,0.0063920453658975,0,0,40,1.0,2,0,0.25,0.01,0.75,50.0,baseline,30.0,0.45,0.2,0.1,0.002,8.0
44,220,0.4347667283570297,0.5,-0.082435424639702,0.0,0.125,0.1752165105206076,extended_hex_r2__ql__plastic__intr0__struct0__alpha_async__lesion__s1__08897a656e,0.0216732370483928,-0.005854754933176,0.25,False,0.9078608788353658,0.002,0.01,ql,0.58,extended_hex_r2,30,70,0.9,0.1867678446256457,0.3,0,0.42,0.08,140,0.3891914720172535,0.4,10,0.3378992481400215,3.9387134731482695e-18,0.2,plastic,calibration,0.0182288300634412,False,alpha_async,30,130,180,1,-1,1.0,0.6,0.6,60,0.0115619752758094,0,0,40,1.0,2,0,0.25,0.01,0.75,50.0,lesion,30.0,0.45,0.2,0.1,0.002,8.0
44,220,0.4136584048190628,0.5,-0.3610611964131595,0.0,0.125,0.0,square_moore__markov__plastic__intr0__struct0__alpha_async__baseline__s1__6cec31967d,-0.006888747666345,-0.0071090970973973,0.25,False,0.5576838018992933,0.002,0.016,markov,0.68,square_moore,30,70,0.9,0.4788397827859068,0.3,0,0.42,0.08,140,0.4065403214757406,0.4,10,1.4869437172529023,4.484931590055492e-18,0.2,plastic,calibration,,False,alpha_async,30,130,180,1,-1,1.0,0.6,0.6,60,0.0622457007543965,0,0,40,1.0,2,0,0.25,0.01,0.75,50.0,baseline,30.0,0.45,0.2,0.1,0.002,8.0
44,220,0.3151061847055121,0.5,0.0014554370827058,0.0,0.125,0.0,square_moore__markov__plastic__intr0__struct0__alpha_async__lesion__s1__087f2ddcd1,0.0819887025804523,0.0688027774819143,0.25,False,0.4178903598674799,0.002,0.016,markov,0.68,square_moore,30,70,0.9,0.3634973893393846,0.3,0,0.42,0.08,140,0.2410509331134936,0.2,10,1.556019035775634,5.4195209401678186e-18,0.2,plastic,calibration,0.0315312351766943,False,alpha_async,30,130,180,1,-1,1.0,0.6,0.6,60,0.0418912675174333,0,0,40,1.0,2,0,0.25,0.01,0.75,50.0,lesion,30.0,0.45,0.2,0.1,0.002,8.0
44,220,0.4030203720486079,0.5,-0.3595770178204632,0.0,0.125,0.293516698054058,square_moore__ql__plastic__intr0__struct0__alpha_async__baseline__s1__c398ba3e04,0.0061832627704921,-0.0084438212064197,0.25,False,0.5844965666097945,0.002,0.016,ql,0.62,square_moore,30,70,0.9,0.4644112972355966,0.3,0,0.42,0.08,140,0.4002865074622479,0.3,10,1.5053296920025383,6.573392162461952e-18,0.2,plastic,calibration,,False,alpha_async,30,130,180,1,-1,1.0,0.6,0.6,60,0.0846997756906919,0,0,40,1.0,2,0,0.25,0.01,0.75,50.0,baseline,30.0,0.45,0.2,0.1,0.002,8.0
44,220,0.3992263874769937,0.5,-0.3102001679447011,0.0,0.125,0.3248701536034714,square_moore__ql__plastic__intr0__struct0__alpha_async__lesion__s1__8b9e9b6102,0.0082024089409372,0.0118021779926788,0.25,False,0.5850795689252606,0.002,0.016,ql,0.58,square_moore,30,70,0.9,0.4429424556975414,0.3,0,0.42,0.08,140,0.3255405369480929,0.4,10,1.5147712637992192,5.868949526349511e-18,0.2,plastic,calibration,-0.0070245075346408,False,alpha_async,30,130,180,1,-1,1.0,0.6,0.6,60,0.1558090571064973,0,0,40,1.0,2,0,0.25,0.01,0.75,50.0,lesion,30.0,0.45,0.2,0.1,0.002,8.0
44,220,0.4238000415201702,0.5,-0.3731353622506778,0.0,0.125,0.0,hex_cells__markov__plastic__intr0__struct0__alpha_async__baseline__s1__2fd85f454d,0.0063151706104338,0.0113450407599007,0.25,False,0.5929235843445307,0.002,0.016,markov,0.58,hex_cells,30,70,0.9,0.4700137969259313,0.3,0,0.42,0.08,140,0.4204334494963893,0.2,10,1.300226919749571,3.8882134672776015e-18,0.2,plastic,calibration,,False,alpha_async,30,130,180,1,-1,1.0,0.6,0.6,60,0.0212686006356275,0,0,40,1.0,2,0,0.25,0.01,0.75,50.0,baseline,30.0,0.45,0.2,0.1,0.002,8.0
44,220,0.4315715051536755,0.5,-0.3479105749596011,0.0,0.125,0.0,hex_cells__markov__plastic__intr0__struct0__alpha_async__baseline__s2__be46fd3de5,0.0011316029444663,-0.0088916531549665,0.25,False,0.5914230815203378,0.002,0.016,markov,0.68,hex_cells,30,70,0.9,0.4665730521252459,0.3,0,0.42,0.08,140,0.4254682076372926,0.3,10,1.2874229951135685,3.698229130653815e-18,0.2,plastic,calibration,,False,alpha_async,30,130,180,2,-1,1.0,0.6,0.6,60,0.0161445254677097,0,0,40,1.0,2,0,0.25,0.01,0.75,50.0,baseline,30.0,0.45,0.2,0.1,0.002,8.0
44,220,0.3405640791439512,0.5,-0.0015272160845696,0.0,0.125,0.0,hex_cells__markov__plastic__intr0__struct0__alpha_async__lesion__s2__3fe36fb1c2,0.065792916589688,0.0725127863734132,0.25,False,0.4606636934551688,0.002,0.016,markov,0.62,hex_cells,30,70,0.9,0.3719969057481078,0.3,0,0.42,0.08,140,0.2622547559598828,0.4,10,1.543108368327179,3.3919628870667546e-18,0.2,plastic,calibration,0.0302790075426525,False,alpha_async,30,130,180,2,-1,1.0,0.6,0.6,60,0.0535731599711494,0,0,40,1.0,2,0,0.25,0.01,0.75,50.0,lesion,30.0,0.45,0.2,0.1,0.002,8.0
44,220,0.4244321118660537,0.5,-0.3572353706086512,0.0,0.125,0.2738959377098389,hex_cells__ql__plastic__intr0__struct0__alpha_async__baseline__s2__e5644a1036,-0.0158738402194791,-0.0082365594074751,0.25,False,0.6208517153848474,0.002,0.016,ql,0.62,hex_cells,30,70,0.9,0.4545994595173392,0.3,0,0.42,0.08,140,0.4187478623089205,0.2,10,1.2697859686973014,3.2156662034368423e-18,0.2,plastic,calibration,,False,alpha_async,30,130,180,2,-1,1.0,0.6,0.6,60,0.0174554752652303,0,0,40,1.0,2,0,0.25,0.01,0.75,50.0,baseline,30.0,0.45,0.2,0.1,0.002,8.0
44,220,0.422845132867054,0.5,-0.3551571838797048,0.0,0.125,0.2973546519697602,hex_cells__ql__plastic__intr0__struct0__alpha_async__lesion__s2__ab91df81c4,-0.0082564194113637,-0.004820457738293,0.25,False,0.6047515452371078,0.002,0.016,ql,0.58,hex_cells,30,70,0.9,0.4629378945937241,0.3,0,0.42,0.08,140,0.3492506383125197,0.3,10,1.3068941785739625,3.741033884830157e-18,0.2,plastic,calibration,-0.013121215905116,False,alpha_async,30,130,180,2,-1,1.0,0.6,0.6,60,0.0221934978459351,0,0,40,1.0,2,0,0.25,0.01,0.75,50.0,lesion,30.0,0.45,0.2,0.1,0.002,8.0
44,220,0.3932552438167801,0.5,-0.1683807960184573,0.0,0.125,0.0,honeycomb__markov__plastic__intr0__struct0__alpha_async__baseline__s1__a267db0528,0.0085700233848951,0.0071305949771586,0.25,False,0.7124342080054932,0.002,0.016,markov,0.68,honeycomb,30,70,0.9,0.3413897305983976,0.3,0,0.42,0.08,140,0.3884706149800013,0.4,10,1.5227267002188838,3.8508887650200824e-18,0.2,plastic,calibration,,False,alpha_async,30,130,180,1,-1,1.0,0.6,0.6,60,0.0048349048613084,0,0,40,1.0,2,0,0.25,0.01,0.75,50.0,baseline,30.0,0.45,0.2,0.1,0.002,8.0
44,220,0.1362652941446903,0.5,0.4827566419642267,0.0,0.125,0.0,honeycomb__markov__plastic__intr0__struct0__alpha_async__lesion__s1__c570b1a46f,0.2977144651611861,0.2647337514178081,0.25,False,0.2455812016640177,0.002,0.016,markov,0.68,honeycomb,30,70,0.9,0.1244126895339668,0.3,0,0.42,0.08,140,0.1303338318867224,0.2,10,1.102871863575623,4.7445374541076616e-18,0.2,plastic,calibration,0.2852517449518134,False,alpha_async,30,130,180,1,-1,1.0,0.6,0.6,60,0.1317764731303664,0,0,40,1.0,2,0,0.25,0.01,0.75,50.0,lesion,30.0,0.45,0.2,0.1,0.002,8.0
44,220,0.3980537019092092,0.5,-0.2266694392175469,0.0,0.125,0.2702687625190847,honeycomb__ql__plastic__intr0__struct0__alpha_async__baseline__s1__1265c52d34,-0.0184865546268727,-0.0110483865151333,0.25,False,0.7365197912192235,0.002,0.016,ql,0.62,honeycomb,30,70,0.9,0.3398068437548909,0.3,0,0.42,0.08,140,0.3938300202119113,0.3,10,1.4887861361368917,3.3710221577601363e-18,0.2,plastic,calibration,,False,alpha_async,30,130,180,1,-1,1.0,0.6,0.6,60,0.0057295026726492,0,0,40,1.0,2,0,0.25,0.01,0.75,50.0,baseline,30.0,0.45,0.2,0.1,0.002,8.0
44,220,0.2782397651668753,0.5,0.2334044154943227,0.0,0.125,0.4130620815301194,honeycomb__ql__plastic__intr0__struct0__alpha_async__lesion__s1__54dae04116,0.139263935627795,0.1283259673380441,0.25,False,0.6302848833942755,0.002,0.016,ql,0.58,honeycomb,30,70,0.9,0.2016284867196214,0.3,0,0.42,0.08,140,0.2405040348847468,0.4,10,1.4639246260473802,4.4257551262179355e-18,0.2,plastic,calibration,0.1104225737080564,False,alpha_async,30,130,180,1,-1,1.0,0.6,0.6,60,0.1228464860280551,0,0,40,1.0,2,0,0.25,0.01,0.75,50.0,lesion,30.0,0.45,0.2,0.1,0.002,8.0
44,220,0.4176161830319089,0.5,-0.2315789281368847,0.0,0.125,0.0,extended_moore_r2__markov__plastic__intr0__struct0__alpha_async__baseline__s1__62e7e13339,-0.0080446651167681,0.0141804126322009,0.25,False,0.817060566325015,0.002,0.016,markov,0.58,extended_moore_r2,30,70,0.9,0.2811014574962586,0.3,0,0.42,0.08,140,0.4130276155730041,0.2,10,0.4718617914651,3.440354721778947e-18,0.2,plastic,calibration,,False,alpha_async,30,130,180,1,-1,1.0,0.6,0.6,60,0.0546142261676538,0,0,40,0.9928546831955924,2,0,0.25,0.01,0.75,50.0,baseline,30.0,0.45,0.2,0.1,0.002,8.0
44,220,0.4839087124177283,0.5,-0.0441890203632218,0.0,0.125,0.0,extended_moore_r2__markov__plastic__intr0__struct0__alpha_async__baseline__s2__d5ea1f53cc,-0.0036688660478531,-0.006310898195965,0.25,False,0.8305571999955881,0.002,0.016,markov,0.68,extended_moore_r2,30,70,0.9,0.2596372333116084,0.3,0,0.42,0.08,140,0.4408197263394721,0.3,10,0.7070646101321705,4.9083804732529826e-18,0.2,plastic,calibration,,False,alpha_async,30,130,180,2,-1,1.0,0.6,0.6,60,0.0045639441776026,0,0,40,1.0,2,0,0.25,0.01,0.75,50.0,baseline,30.0,0.45,0.2,0.1,0.002,8.0
44,220,0.3743511471122996,0.5,0.011860108085921,0.0,0.125,0.0,extended_moore_r2__markov__plastic__intr0__struct0__alpha_async__lesion__s2__028a6e8ceb,0.046851869904852,0.0542834170008867,0.25,False,0.6543969927373834,0.002,0.016,markov,0.62,extended_moore_r2,30,70,0.9,0.3112821380514924,0.3,0,0.42,0.08,140,0.2816521958431133,0.4,10,1.1146749668932,3.637010765320831e-18,0.2,plastic,calibration,0.0141844811242584,False,alpha_async,30,130,180,2,-1,1.0,0.6,0.6,60,0.0845276276280514,0,0,40,0.9932636019283748,2,0,0.25,0.01,0.75,50.0,lesion,30.0,0.45,0.2,0.1,0.002,8.0
44,220,0.4120050339373555,0.5,-0.1683398697986381,0.0,0.125,0.1733208358849668,extended_moore_r2__ql__plastic__intr0__struct0__alpha_async__baseline__s2__976dda4390,5.201366469913694e-05,0.0053377560082483,0.25,False,0.8087778623252262,0.002,0.016,ql,0.62,extended_moore_r2,30,70,0.9,0.274804386087092,0.3,0,0.42,0.08,140,0.414473552024211,0.2,10,0.3973666228405477,3.610134415112508e-18,0.2,plastic,calibration,,False,alpha_async,30,130,180,2,-1,1.0,0.6,0.6,60,0.0716807086955821,0,0,40,0.9876248278236914,2,0,0.25,0.01,0.75,50.0,baseline,30.0,0.45,0.2,0.1,0.002,8.0
44,220,0.4137545621940848,0.5,-0.2724482018067733,0.0,0.125,0.2135658572076006,extended_moore_r2__ql__plastic__intr0__struct0__alpha_async__lesion__s2__20b87c1a5e,0.0137579735426691,0.013870976318894,0.25,False,0.7201374245014475,0.002,0.016,ql,0.58,extended_moore_r2,30,70,0.9,0.3648538662917835,0.3,0,0.42,0.08,140,0.3623303910136361,0.3,10,0.6364546393796618,4.4582277473145794e-18,0.2,plastic,calibration,0.0232657986111088,False,alpha_async,30,130,180,2,-1,1.0,0.6,0.6,60,0.099540954912396,0,0,40,0.9922951101928374,2,0,0.25,0.01,0.75,50.0,lesion,30.0,0.45,0.2,0.1,0.002,8.0
44,220,0.476007179548887,0.5,-0.04848351901213,0.0,0.125,0.0,extended_hex_r2__markov__plastic__intr0__struct0__alpha_async__baseline__s1__93cd24447f,0.0067838571332346,0.0073285945690603,0.25,False,0.8393733709719664,0.002,0.016,markov,0.68,extended_hex_r2,30,70,0.9,0.2543194702330773,0.3,0,0.42,0.08,140,0.4398152903372888,0.4,10,0.7572578363092555,4.1121248171771195e-18,0.2,plastic,calibration,,False,alpha_async,30,130,180,1,-1,1.0,0.6,0.6,60,0.0050392159156945,0,0,40,1.0,2,0,0.25,0.01,0.75,50.0,baseline,30.0,0.45,0.2,0.1,0.002,8.0
44,220,0.4574799390189257,0.5,0.0149039401512278,0.0,0.125,0.0,extended_hex_r2__markov__plastic__intr0__struct0__alpha_async__lesion__s1__7823e3ca5b,0.0156068602853178,0.0271565842036212,0.25,False,0.8377331208358194,0.002,0.016,markov,0.68,extended_hex_r2,30,70,0.9,0.2424317541339646,0.3,0,0.42,0.08,140,0.3454201736155594,0.2,10,0.838892850719048,4.9469696688938774e-18,0.2,plastic,calibration,-0.0145326313720642,False,alpha_async,30,130,180,1,-1,1.0,0.6,0.6,60,0.0091900755070289,0,0,40,1.0,2,0,0.25,0.01,0.75,50.0,lesion,30.0,0.45,0.2,0.1,0.002,8.0
44,220,0.4263435802810432,0.5,-0.0678910964989147,0.0,0.125,0.1355865671960034,extended_hex_r2__ql__plastic__intr0__struct0__alpha_async__baseline__s1__33b1ec0f15,0.0038056364517766,-0.0013733593528488,0.25,False,0.8680078270908316,0.002,0.016,ql,0.62,extended_hex_r2,30,70,0.9,0.2202439637522719,0.3,0,0.42,0.08,140,0.4412397804464993,0.3,10,0.275876931630197,4.388180296146363e-18,0.2,plastic,calibration,,False,alpha_async,30,130,180,1,-1,1.0,0.6,0.6,60,0.0064445774601469,0,0,40,1.0,2,0,0.25,0.01,0.75,50.0,baseline,30.0,0.45,0.2,0.1,0.002,8.0
44,220,0.43423992400627,0.5,-0.0769281213547614,0.0,0.125,0.1757725652921446,extended_hex_r2__ql__plastic__intr0__struct0__alpha_async__lesion__s1__f07df9e95c,0.0132241622315239,-0.0117512790734814,0.25,False,0.9083682173444498,0.002,0.016,ql,0.58,extended_hex_r2,30,70,0.9,0.1866165995973394,0.3,0,0.42,0.08,140,0.3874217451466933,0.4,10,0.3709238784795592,3.902498543518275e-18,0.2,plastic,calibration,0.0152571789578985,False,alpha_async,30,130,180,1,-1,1.0,0.6,0.6,60,0.0126196197396952,0,0,40,1.0,2,0,0.25,0.01,0.75,50.0,lesion,30.0,0.45,0.2,0.1,0.002,8.0
44,220,0.4183920889487114,0.5,-0.3802210011124573,0.0,0.125,0.0,square_moore__markov__plastic__intr0__struct0__alpha_async__baseline__s2__9cf8d2864c,0.0018162569873072,-0.0024098983495928,0.25,False,0.4944111115540836,0.002,0.006,markov,0.58,square_moore,30,70,0.9,0.5118668157199595,0.3,0,0.42,0.08,140,0.4115620501340006,0.2,10,1.5407246275658897,5.56850108730527e-18,0.2,plastic,calibration,,False,alpha_async,30,130,180,2,-1,1.0,0.6,0.6,60,0.2095519385043119,0,0,40,1.0,2,0,0.25,0.01,0.75,50.0,baseline,30.0,0.45,0.2,0.1,0.002,8.0
44,220,0.3240914126166617,0.5,0.0185879950767077,0.0,0.125,0.0,square_moore__markov__plastic__intr0__struct0__alpha_async__lesion__s1__2581380943,0.0808885755582744,0.0760994670875112,0.25,False,0.4644927453998085,0.002,0.006,markov,0.68,square_moore,30,70,0.9,0.3532963323265365,0.3,0,0.42,0.08,140,0.2495362553055517,0.3,10,1.5575130537983544,6.47605293516474e-18,0.2,plastic,calibration,0.0674442458826066,False,alpha_async,30,130,180,1,-1,1.0,0.6,0.6,60,0.0645543114607681,0,0,40,1.0,2,0,0.25,0.01,0.75,50.0,lesion,30.0,0.45,0.2,0.1,0.002,8.0
44,220,0.4176785986707577,0.5,-0.3837167117916346,0.0,0.125,0.304612272752306,square_moore__ql__plastic__intr0__struct0__alpha_async__baseline__s1__3f88f01ddb,-0.0032664105545433,0.0002933779117546,0.25,False,0.5090127331158172,0.002,0.006,ql,0.62,square_moore,30,70,0.9,0.5131448402870951,0.3,0,0.42,0.08,140,0.4113569802357266,0.4,10,1.5264519690218878,6.654835227997224e-18,0.2,plastic,calibration,,False,alpha_async,30,130,180,1,-1,1.0,0.6,0.6,60,0.1272442486415765,0,0,40,1.0,2,0,0.25,0.01,0.75,50.0,baseline,30.0,0.45,0.2,0.1,0.002,8.0
44,220,0.408641537098077,0.5,-0.3252648981134147,0.0,0.125,0.3228162909874673,square_moore__ql__plastic__intr0__struct0__alpha_async__lesion__s1__ae8e59cc56,0.0092172568125441,0.0098015831794566,0.25,False,0.6215294566356915,0.002,0.006,ql,0.62,square_moore,30,70,0.9,0.4352441482475868,0.3,0,0.42,0.08,140,0.3381216073994375,0.2,10,1.446913663912543,7.874920841987213e-18,0.2,plastic,calibration,0.0036599498015082,False,alpha_async,30,130,180,1,-1,1.0,0.6,0.6,60,0.122990794207194,0,0,40,1.0,2,0,0.25,0.01,0.75,50.0,lesion,30.0,0.45,0.2,0.1,0.002,8.0
44,220,0.4269688226238343,0.5,-0.39126360676859,0.0,0.125,0.0,hex_cells__markov__plastic__intr0__struct0__alpha_async__baseline__s1__32877994ec,-0.0002039363021051,-0.0031339178775926,0.25,False,0.5600696135524553,0.002,0.006,markov,0.58,hex_cells,30,70,0.9,0.4951263853253873,0.3,0,0.42,0.08,140,0.4262955000114996,0.3,10,1.3818002511526568,3.914945222240884e-18,0.2,plastic,calibration,,False,alpha_async,30,130,180,1,-1,1.0,0.6,0.6,60,0.022132427420579,0,0,40,1.0,2,0,0.25,0.01,0.75,50.0,baseline,30.0,0.45,0.2,0.1,0.002,8.0
44,220,0.4309834944741874,0.5,-0.3845168929154268,0.0,0.125,0.0,hex_cells__markov__plastic__intr0__struct0__alpha_async__baseline__s2__045628981b,0.0120249647437979,-0.0148907691502812,0.25,False,0.5532770091326888,0.002,0.006,markov,0.68,hex_cells,30,70,0.9,0.500157112409856,0.3,0,0.42,0.08,140,0.4303507338071094,0.4,10,1.3767160319033709,3.300035392689348e-18,0.2,plastic,calibration,,False,alpha_async,30,130,180,2,-1,1.0,0.6,0.6,60,0.0285438942668054,0,0,40,1.0,2,0,0.25,0.01,0.75,50.0,baseline,30.0,0.45,0.2,0.1,0.002,8.0
44,220,0.3776792559203609,0.5,-0.1042955055055945,0.0,0.125,0.0,hex_cells__markov__plastic__intr0__struct0__alpha_async__lesion__s2__5d4e4c2922,0.0642757785106949,0.042425295275205,0.25,False,0.4823989188825979,0.002,0.006,markov,0.68,hex_cells,30,70,0.9,0.4187540125484664,0.3,0,0.42,0.08,140,0.2868167818891186,0.2,10,1.524094129704862,3.139701744081777e-18,0.2,plastic,calibration,0.0383347302034749,False,alpha_async,30,130,180,2,-1,1.0,0.6,0.6,60,0.0376961105494821,0,0,40,1.0,2,0,0.25,0.01,0.75,50.0,lesion,30.0,0.45,0.2,0.1,0.002,8.0
44,220,0.4305949180630765,0.5,-0.3902239547713966,0.0,0.125,0.2784692873425053,hex_cells__ql__plastic__intr0__struct0__alpha_async__baseline__s2__1b945a11e1,0.0100186400197293,0.0052330270139039,0.25,False,0.5835139979031477,0.002,0.006,ql,0.62,hex_cells,30,70,0.9,0.4924470223915062,0.3,0,0.42,0.08,140,0.427798347654401,0.3,10,1.3462688278453514,4.0592816944930324e-18,0.2,plastic,calibration,,False,alpha_async,30,130,180,2,-1,1.0,0.6,0.6,60,0.0343990936312373,0,0,40,1.0,2,0,0.25,0.01,0.75,50.0,baseline,30.0,0.45,0.2,0.1,0.002,8.0
44,220,0.4374517835629428,0.5,-0.3706198631277473,0.0,0.125,0.303069529814838,hex_cells__ql__plastic__intr0__struct0__alpha_async__lesion__s2__f0380c87b8,0.0113867100858927,-0.0159502091628175,0.25,False,0.5805552933932749,0.002,0.006,ql,0.58,hex_cells,30,70,0.9,0.4907971644563035,0.3,0,0.42,0.08,140,0.3598343605448797,0.4,10,1.2908888472184537,2.9909531968090033e-18,0.2,plastic,calibration,0.0001562639191798,False,alpha_async,30,130,180,2,-1,1.0,0.6,0.6,60,0.0517103624948786,0,0,40,1.0,2,0,0.25,0.01,0.75,50.0,lesion,30.0,0.45,0.2,0.1,0.002,8.0
44,220,0.407242096493345,0.5,-0.2598820450082235,0.0,0.125,0.0,honeycomb__markov__plastic__intr0__struct0__alpha_async__baseline__s2__98b263176d,0.0075156730808757,0.0061463387565458,0.25,False,0.7394010549827147,0.002,0.006,markov,0.58,honeycomb,30,70,0.9,0.3473829155829654,0.3,0,0.42,0.08,140,0.3994920095097256,0.2,10,1.4865717511474654,2.6699496770272997e-18,0.2,plastic,calibration,,False,alpha_async,30,130,180,2,-1,1.0,0.6,0.6,60,0.0063140295634186,0,0,40,1.0,2,0,0.25,0.01,0.75,50.0,baseline,30.0,0.45,0.2,0.1,0.002,8.0
44,220,0.0926977252483065,0.5,0.5224516228875846,0.0,0.125,0.0,honeycomb__markov__plastic__intr0__struct0__alpha_async__lesion__s1__bdc3311c54,0.3826434538652251,0.2784742356856838,0.25,False,0.172317009670157,0.002,0.006,markov,0.68,honeycomb,30,70,0.9,0.0851070309699627,0.3,0,0.42,0.08,140,0.1026150359728835,0.3,10,0.8517164509316484,3.831259964599306e-18,0.2,plastic,calibration,0.3448810563268021,False,alpha_async,30,130,180,1,-1,1.0,0.6,0.6,60,0.1160867430261515,0,0,40,1.0,2,0,0.25,0.01,0.75,50.0,lesion,30.0,0.45,0.2,0.1,0.002,8.0
44,220,0.3992972345694046,0.5,-0.2331718199862342,0.0,0.125,0.2702015464160494,honeycomb__ql__plastic__intr0__struct0__alpha_async__baseline__s1__d41ff4ca58,-0.0150068722799032,-0.0067252296897775,0.25,False,0.7411419551333625,0.002,0.006,ql,0.62,honeycomb,30,70,0.9,0.3374846177287416,0.3,0,0.42,0.08,140,0.3939364270117611,0.4,10,1.486893434719714,2.850817672565637e-18,0.2,plastic,calibration,,False,alpha_async,30,130,180,1,-1,1.0,0.6,0.6,60,0.0065107079019387,0,0,40,1.0,2,0,0.25,0.01,0.75,50.0,baseline,30.0,0.45,0.2,0.1,0.002,8.0
44,220,0.3172904113681851,0.5,0.1034258926450806,0.0,0.125,0.3834684353888348,honeycomb__ql__plastic__intr0__struct0__alpha_async__lesion__s1__f07f7c24ac,0.0923731809221469,0.0816347609539429,0.25,False,0.6589858625974598,0.002,0.006,ql,0.62,honeycomb,30,70,0.9,0.2512623472459386,0.3,0,0.42,0.08,140,0.2626483097632804,0.2,10,1.5453467701670942,3.119262028076951e-18,0.2,plastic,calibration,0.0574334829910136,False,alpha_async,30,130,180,1,-1,1.0,0.6,0.6,60,0.0745180213887439,0,0,40,1.0,2,0,0.25,0.01,0.75,50.0,lesion,30.0,0.45,0.2,0.1,0.002,8.0
44,220,0.4280402108224585,0.5,-0.2794676759633593,0.0,0.125,0.0,extended_moore_r2__markov__plastic__intr0__struct0__alpha_async__baseline__s1__635b8e66e9,-0.0133747741867672,-0.0056860419551253,0.25,False,0.6406043848424261,0.002,0.006,markov,0.58,extended_moore_r2,30,70,0.9,0.4192029708250164,0.3,0,0.42,0.08,140,0.4229537052774009,0.3,10,0.822810705133221,3.896378935590898e-18,0.2,plastic,calibration,,False,alpha_async,30,130,180,1,-1,1.0,0.6,0.6,60,0.114091432823561,0,0,40,1.0,2,0,0.25,0.01,0.75,50.0,baseline,30.0,0.45,0.2,0.1,0.002,8.0
44,220,0.4857128592460722,0.5,-0.0477555850599677,0.0,0.125,0.0,extended_moore_r2__markov__plastic__intr0__struct0__alpha_async__baseline__s2__baf9f1fcdb,-0.0018605589913929,-0.0059990779178815,0.25,False,0.8288841176618731,0.002,0.006,markov,0.68,extended_moore_r2,30,70,0.9,0.2613393698616008,0.3,0,0.42,0.08,140,0.4419612508118431,0.4,10,0.6976992587538702,4.447319115542468e-18,0.2,plastic,calibration,,False,alpha_async,30,130,180,2,-1,1.0,0.6,0.6,60,0.0047289855714591,0,0,40,1.0,2,0,0.25,0.01,0.75,50.0,baseline,30.0,0.45,0.2,0.1,0.002,8.0
44,220,0.4677680420481706,0.5,0.0587831186127006,0.0,0.125,0.0,extended_moore_r2__markov__plastic__intr0__struct0__alpha_async__lesion__s2__927731a2e4,0.0165514409239346,0.0120038514142847,0.25,False,0.8041803589886087,0.002,0.006,markov,0.68,extended_moore_r2,30,70,0.9,0.2552204317679433,0.3,0,0.42,0.08,140,0.331524150061267,0.2,10,0.8433403551926983,5.00439049280533e-18,0.2,plastic,calibration,-0.0066949099949871,False,alpha_async,30,130,180,2,-1,1.0,0.6,0.6,60,0.0117154393034766,0,0,40,1.0,2,0,0.25,0.01,0.75,50.0,lesion,30.0,0.45,0.2,0.1,0.002,8.0
44,220,0.4242244223365166,0.5,-0.2779654676495303,0.0,0.125,0.2187926199202565,extended_moore_r2__ql__plastic__intr0__struct0__alpha_async__baseline__s2__fe40fe7109,0.0490398381604086,-0.0011380203727007,0.25,False,0.6008407836583061,0.002,0.006,ql,0.62,extended_moore_r2,30,70,0.9,0.4398917383645965,0.3,0,0.42,0.08,140,0.4207577956243785,0.3,10,0.8310452763489337,3.6574958153744094e-18,0.2,plastic,calibration,,False,alpha_async,30,130,180,2,-1,1.0,0.6,0.6,60,0.0776372494461724,0,0,40,1.0,2,0,0.25,0.01,0.75,50.0,baseline,30.0,0.45,0.2,0.1,0.002,8.0
44,220,0.4244611289003092,0.5,-0.2869014237094154,0.0,0.125,0.2341251596135645,extended_moore_r2__ql__plastic__intr0__struct0__alpha_async__lesion__s2__551fe7def3,0.012357613067724,0.0075312411265557,0.25,False,0.6083249044958976,0.002,0.006,ql,0.58,extended_moore_r2,30,70,0.9,0.4387499784497796,0.3,0,0.42,0.08,140,0.3711569529472036,0.4,10,0.8506855911841574,2.971160237170076e-18,0.2,plastic,calibration,0.0015848934104529,False,alpha_async,30,130,180,2,-1,1.0,0.6,0.6,60,0.3119962824600364,0,0,40,1.0,2,0,0.25,0.01,0.75,50.0,lesion,30.0,0.45,0.2,0.1,0.002,8.0
44,220,0.4664992159463648,0.5,-0.0841008955787367,0.0,0.125,0.0,extended_hex_r2__markov__plastic__intr0__struct0__alpha_async__baseline__s2__e22388c409,0.0005698072587305,-0.0009472432076199,0.25,False,0.91492392014586,0.002,0.006,markov,0.58,extended_hex_r2,30,70,0.9,0.1899194798324237,0.3,0,0.42,0.08,140,0.441255283973373,0.2,10,0.6998017059098915,4.61531334500356e-18,0.2,plastic,calibration,,False,alpha_async,30,130,180,2,-1,1.0,0.6,0.6,60,0.0121083155422428,0,0,40,1.0,2,0,0.25,0.01,0.75,50.0,baseline,30.0,0.45,0.2,0.1,0.002,8.0
44,220,0.4711757104344856,0.5,-0.0158246034851528,0.0,0.125,0.0,extended_hex_r2__markov__plastic__intr0__struct0__alpha_async__lesion__s1__8d85810106,0.0095366716341306,0.0116992013281652,0.25,False,0.8309979199200123,0.002,0.006,markov,0.68,extended_hex_r2,30,70,0.9,0.2538122948984069,0.3,0,0.42,0.08,140,0.3506392857511552,0.3,10,0.8063283164677825,4.5332253873561475e-18,0.2,plastic,calibration,-0.0020204398502804,False,alpha_async,30,130,180,1,-1,1.0,0.6,0.6,60,0.0070071503067765,0,0,40,1.0,2,0,0.25,0.01,0.75,50.0,lesion,30.0,0.45,0.2,0.1,0.002,8.0
44,220,0.4270256550266575,0.5,-0.0691400402713743,0.0,0.125,0.1357901633760999,extended_hex_r2__ql__plastic__intr0__struct0__alpha_async__baseline__s1__f2f91100c8,0.0013119298391579,-0.0031505993864593,0.25,False,0.8670546741815439,0.002,0.006,ql,0.62,extended_hex_r2,30,70,0.9,0.221479607157239,0.3,0,0.42,0.08,140,0.442552867445498,0.4,10,0.2766877020999231,4.611614398839773e-18,0.2,plastic,calibration,,False,alpha_async,30,130,180,1,-1,1.0,0.6,0.6,60,0.0065310901997252,0,0,40,1.0,2,0,0.25,0.01,0.75,50.0,baseline,30.0,0.45,0.2,0.1,0.002,8.0
44,220,0.4339453029194041,0.5,-0.0422254009412557,0.0,0.125,0.1683382855086921,extended_hex_r2__ql__plastic__intr0__struct0__alpha_async__lesion__s1__92b6631ace,0.019718632295938,0.0109859447311841,0.25,False,0.8833650280156886,0.002,0.006,ql,0.62,extended_hex_r2,30,70,0.9,0.2098146258019361,0.3,0,0.42,0.08,140,0.394438013482219,0.2,10,0.4716427296082576,4.155909086989624e-18,0.2,plastic,calibration,-0.0237684561484174,False,alpha_async,30,130,180,1,-1,1.0,0.6,0.6,60,0.0067479402600093,0,0,40,1.0,2,0,0.25,0.01,0.75,50.0,lesion,30.0,0.45,0.2,0.1,0.002,8.0
44,220,0.4101570916506619,0.5,-0.4053487316063639,0.0,0.125,0.0,square_moore__markov__plastic__intr0__struct0__alpha_async__baseline__s2__d7babbfe22,0.0023818525339204,0.0031004055613194,0.25,False,0.4914235332968873,0.002,0.01,markov,0.58,square_moore,30,70,0.9,0.5205416059353496,0.3,0,0.42,0.08,140,0.4071391527121508,0.2,10,1.566393605144352,5.11119347908382e-18,0.2,plastic,calibration,,False,alpha_async,30,130,180,2,-1,1.0,0.6,0.6,60,0.3594266193392161,0,0,40,1.0,2,0,0.25,0.01,0.75,50.0,baseline,30.0,0.45,0.2,0.1,0.002,8.0
44,220,0.3180256111935036,0.5,0.0441604353707245,0.0,0.125,0.0,square_moore__markov__plastic__intr0__struct0__alpha_async__lesion__s1__19b1c86217,0.0896369623734259,0.0871786586130314,0.25,False,0.4544398417430899,0.002,0.01,markov,0.68,square_moore,30,70,0.9,0.3421362008092586,0.3,0,0.42,0.08,140,0.2422173633739725,0.3,10,1.5555080396382404,6.518570721829427e-18,0.2,plastic,calibration,0.0672374487215528,False,alpha_async,30,130,180,1,-1,1.0,0.6,0.6,60,0.0627042013503641,0,0,40,1.0,2,0,0.25,0.01,0.75,50.0,lesion,30.0,0.45,0.2,0.1,0.002,8.0
44,220,0.4116199329948399,0.5,-0.4031439778311538,0.0,0.125,0.296662499186111,square_moore__ql__plastic__intr0__struct0__alpha_async__baseline__s1__88ea80d52a,0.0062551654079446,-0.0005270452546903,0.25,False,0.5050564960306257,0.002,0.01,ql,0.62,square_moore,30,70,0.9,0.5209666294699867,0.3,0,0.42,0.08,140,0.4076709364418702,0.4,10,1.5554813312549487,6.7308160055513424e-18,0.2,plastic,calibration,,False,alpha_async,30,130,180,1,-1,1.0,0.6,0.6,60,0.0992402620281901,0,0,40,1.0,2,0,0.25,0.01,0.75,50.0,baseline,30.0,0.45,0.2,0.1,0.002,8.0
44,220,0.4085042013431891,0.5,-0.3312748241021246,0.0,0.125,0.3228562955562537,square_moore__ql__plastic__intr0__struct0__alpha_async__lesion__s1__091d3442a9,0.020203278908767,0.0014681799850846,0.25,False,0.594457712253235,0.002,0.01,ql,0.62,square_moore,30,70,0.9,0.4493255997119179,0.3,0,0.42,0.08,140,0.3378690172531436,0.2,10,1.4715218965403607,7.724005519324634e-18,0.2,plastic,calibration,0.0128308004876634,False,alpha_async,30,130,180,1,-1,1.0,0.6,0.6,60,0.1270766840693939,0,0,40,1.0,2,0,0.25,0.01,0.75,50.0,lesion,30.0,0.45,0.2,0.1,0.002,8.0
44,220,0.4301991290935669,0.5,-0.37842715556712,0.0,0.125,0.0,hex_cells__markov__plastic__intr0__struct0__alpha_async__baseline__s1__44dff017c1,-0.0068157778452782,0.0048268349119903,0.25,False,0.5618860077219849,0.002,0.01,markov,0.58,hex_cells,30,70,0.9,0.489250993587641,0.3,0,0.42,0.08,140,0.4243615177905672,0.3,10,1.3605501895185457,3.3933721917990508e-18,0.2,plastic,calibration,,False,alpha_async,30,130,180,1,-1,1.0,0.6,0.6,60,0.0184502578212216,0,0,40,1.0,2,0,0.25,0.01,0.75,50.0,baseline,30.0,0.45,0.2,0.1,0.002,8.0
44,220,0.4331543537478156,0.5,-0.3653809631296628,0.0,0.125,0.0,hex_cells__markov__plastic__intr0__struct0__alpha_async__baseline__s2__c270ac44c8,0.004752922341853,0.0012719631710649,0.25,False,0.569782680953287,0.002,0.01,markov,0.68,hex_cells,30,70,0.9,0.4844685132274644,0.3,0,0.42,0.08,140,0.4281347339387172,0.4,10,1.332246998531886,3.173316498568945e-18,0.2,plastic,calibration,,False,alpha_async,30,130,180,2,-1,1.0,0.6,0.6,60,0.0358659127359642,0,0,40,1.0,2,0,0.25,0.01,0.75,50.0,baseline,30.0,0.45,0.2,0.1,0.002,8.0
44,220,0.3774754290531762,0.5,-0.0978094166531771,0.0,0.125,0.0,hex_cells__markov__plastic__intr0__struct0__alpha_async__lesion__s2__bff02e6694,0.0710213199643862,0.0478553491101782,0.25,False,0.4978300042638648,0.002,0.01,markov,0.68,hex_cells,30,70,0.9,0.4096735838793426,0.3,0,0.42,0.08,140,0.2876061606051432,0.2,10,1.5130165892303309,4.8202352693400746e-18,0.2,plastic,calibration,0.0440278116452041,False,alpha_async,30,130,180,2,-1,1.0,0.6,0.6,60,0.0424152541951096,0,0,40,1.0,2,0,0.25,0.01,0.75,50.0,lesion,30.0,0.45,0.2,0.1,0.002,8.0
44,220,0.4279800195851162,0.5,-0.3693485552666846,0.0,0.125,0.2827854364099738,hex_cells__ql__plastic__intr0__struct0__alpha_async__baseline__s2__d41d9b5dd1,0.0123377263490113,-0.0050098847688206,0.25,False,0.5799461583432689,0.002,0.01,ql,0.62,hex_cells,30,70,0.9,0.4829430104170373,0.3,0,0.42,0.08,140,0.4233736687822571,0.3,10,1.3209820511552557,3.633492625651323e-18,0.2,plastic,calibration,,False,alpha_async,30,130,180,2,-1,1.0,0.6,0.6,60,0.0167604823608465,0,0,40,1.0,2,0,0.25,0.01,0.75,50.0,baseline,30.0,0.45,0.2,0.1,0.002,8.0
44,220,0.4294500509771453,0.5,-0.3624389321175397,0.0,0.125,0.3008034052036529,hex_cells__ql__plastic__intr0__struct0__alpha_async__lesion__s2__de78b322b2,0.0121531431158573,-0.0083265981486104,0.25,False,0.5943444787955354,0.002,0.01,ql,0.58,hex_cells,30,70,0.9,0.4751989256234185,0.3,0,0.42,0.08,140,0.3543272503023142,0.4,10,1.2903036245301522,3.637649576545213e-18,0.2,plastic,calibration,0.0018901592761909,False,alpha_async,30,130,180,2,-1,1.0,0.6,0.6,60,0.0222785282448162,0,0,40,1.0,2,0,0.25,0.01,0.75,50.0,lesion,30.0,0.45,0.2,0.1,0.002,8.0
44,220,0.4053471178192573,0.5,-0.2383273481357961,0.0,0.125,0.0,honeycomb__markov__plastic__intr0__struct0__alpha_async__baseline__s2__8c7557c858,0.0146123988434805,0.0020184135671643,0.25,False,0.7421527814201865,0.002,0.01,markov,0.58,honeycomb,30,70,0.9,0.3408209102780023,0.3,0,0.42,0.08,140,0.3996858132024361,0.2,10,1.4716178388092254,2.83160037982514e-18,0.2,plastic,calibration,,False,alpha_async,30,130,180,2,-1,1.0,0.6,0.6,60,0.0066553114078489,0,0,40,1.0,2,0,0.25,0.01,0.75,50.0,baseline,30.0,0.45,0.2,0.1,0.002,8.0
44,220,0.1214722211347905,0.5,0.5244906628761699,0.0,0.125,0.0,honeycomb__markov__plastic__intr0__struct0__alpha_async__lesion__s1__355a50ec6f,0.3294033121846066,0.27018578633962,0.25,False,0.2260835904639201,0.002,0.01,markov,0.68,honeycomb,30,70,0.9,0.1066826979299201,0.3,0,0.42,0.08,140,0.1213480830286502,0.3,10,1.025146498600038,4.0806358231428175e-18,0.2,plastic,calibration,0.3409317518128936,False,alpha_async,30,130,180,1,-1,1.0,0.6,0.6,60,0.124022648131614,0,0,40,1.0,2,0,0.25,0.01,0.75,50.0,lesion,30.0,0.45,0.2,0.1,0.002,8.0
44,220,0.3963887598206375,0.5,-0.2176903751977326,0.0,0.125,0.274028094582079,honeycomb__ql__plastic__intr0__struct0__alpha_async__baseline__s1__f8a879c3eb,0.001961297499309,0.0037242631918323,0.25,False,0.7325002456561149,0.002,0.01,ql,0.62,honeycomb,30,70,0.9,0.3387631032818552,0.3,0,0.42,0.08,140,0.3917493650705766,0.4,10,1.485217549547727,2.6281035864651215e-18,0.2,plastic,calibration,,False,alpha_async,30,130,180,1,-1,1.0,0.6,0.6,60,0.0059694407865909,0,0,40,1.0,2,0,0.25,0.01,0.75,50.0,baseline,30.0,0.45,0.2,0.1,0.002,8.0
44,220,0.2926711493365238,0.5,0.1839566568727702,0.0,0.125,0.4013134615341188,honeycomb__ql__plastic__intr0__struct0__alpha_async__lesion__s1__67c25e7540,0.1181379955349329,0.1183546925471221,0.25,False,0.6357594696705904,0.002,0.01,ql,0.62,honeycomb,30,70,0.9,0.221897632075347,0.3,0,0.42,0.08,140,0.249164220581376,0.2,10,1.5006399248240363,5.105373414349648e-18,0.2,plastic,calibration,0.1064387578601165,False,alpha_async,30,130,180,1,-1,1.0,0.6,0.6,60,0.1082199176785302,0,0,40,1.0,2,0,0.25,0.01,0.75,50.0,lesion,30.0,0.45,0.2,0.1,0.002,8.0
44,220,0.4213304675524242,0.5,-0.2636109532369957,0.0,0.125,0.0,extended_moore_r2__markov__plastic__intr0__struct0__alpha_async__baseline__s1__2421b3fd77,-0.0254045839424523,0.0020981781890537,0.25,False,0.7395988158991813,0.002,0.01,markov,0.58,extended_moore_r2,30,70,0.9,0.3516475675537805,0.3,0,0.42,0.08,140,0.4171165494845709,0.3,10,0.633579329051456,3.996190179648836e-18,0.2,plastic,calibration,,False,alpha_async,30,130,180,1,-1,1.0,0.6,0.6,60,0.048998823941893,0,0,40,0.9999784779614324,2,0,0.25,0.01,0.75,50.0,baseline,30.0,0.45,0.2,0.1,0.002,8.0
44,220,0.4848487594850854,0.5,-0.0465532743745246,0.0,0.125,0.0,extended_moore_r2__markov__plastic__intr0__struct0__alpha_async__baseline__s2__7c6352417c,-0.0032417439465827,-0.0061789945352891,0.25,False,0.8294766799337492,0.002,0.01,markov,0.68,extended_moore_r2,30,70,0.9,0.2606963437204767,0.3,0,0.42,0.08,140,0.4415198991640908,0.4,10,0.703888334235997,5.063219432208668e-18,0.2,plastic,calibration,,False,alpha_async,30,130,180,2,-1,1.0,0.6,0.6,60,0.0046110406012749,0,0,40,1.0,2,0,0.25,0.01,0.75,50.0,baseline,30.0,0.45,0.2,0.1,0.002,8.0
44,220,0.4628647453057149,0.5,0.0809976544126208,0.0,0.125,0.0,extended_moore_r2__markov__plastic__intr0__struct0__alpha_async__lesion__s2__f4eb4bc09c,0.0195229591095141,0.0153258889994827,0.25,False,0.7969640013841168,0.002,0.01,markov,0.68,extended_moore_r2,30,70,0.9,0.2532697304333193,0.3,0,0.42,0.08,140,0.3269040211609393,0.2,10,0.8691439442858788,5.704688537209513e-18,0.2,plastic,calibration,-0.0062415612018686,False,alpha_async,30,130,180,2,-1,1.0,0.6,0.6,60,0.0146971498255393,0,0,40,1.0,2,0,0.25,0.01,0.75,50.0,lesion,30.0,0.45,0.2,0.1,0.002,8.0
44,220,0.4184399534569245,0.5,-0.2669371490568906,0.0,0.125,0.1967921553120334,extended_moore_r2__ql__plastic__intr0__struct0__alpha_async__baseline__s2__f8907a6b78,0.0047297295577723,-0.0043833283198182,0.25,False,0.7004209287567325,0.002,0.01,ql,0.62,extended_moore_r2,30,70,0.9,0.3757125664503964,0.3,0,0.42,0.08,140,0.4144621163379984,0.3,10,0.7059138840287154,4.065679212703376e-18,0.2,plastic,calibration,,False,alpha_async,30,130,180,2,-1,1.0,0.6,0.6,60,0.1415180376851829,0,0,40,0.9995265151515152,2,0,0.25,0.01,0.75,50.0,baseline,30.0,0.45,0.2,0.1,0.002,8.0
44,220,0.4189286113163472,0.5,-0.2836943127965201,0.0,0.125,0.2248246059695269,extended_moore_r2__ql__plastic__intr0__struct0__alpha_async__lesion__s2__cc2d6a961b,-0.0093953037889677,-0.009326981693553,0.25,False,0.6329273344265549,0.002,0.01,ql,0.58,extended_moore_r2,30,70,0.9,0.422840974780762,0.3,0,0.42,0.08,140,0.3667851527054868,0.4,10,0.8092668406575458,3.719672035799258e-18,0.2,plastic,calibration,-0.0114391367881299,False,alpha_async,30,130,180,2,-1,1.0,0.6,0.6,60,0.215374599225405,0,0,40,0.9991606404958676,2,0,0.25,0.01,0.75,50.0,lesion,30.0,0.45,0.2,0.1,0.002,8.0
44,220,0.4660309971871851,0.5,-0.0823994532062501,0.0,0.125,0.0,extended_hex_r2__markov__plastic__intr0__struct0__alpha_async__baseline__s2__5004da1359,0.0007920706600331,-0.0010481466463253,0.25,False,0.9154109344137424,0.002,0.01,markov,0.58,extended_hex_r2,30,70,0.9,0.1890027894486851,0.3,0,0.42,0.08,140,0.4408188406218858,0.2,10,0.6921945926617756,3.9823678701790874e-18,0.2,plastic,calibration,,False,alpha_async,30,130,180,2,-1,1.0,0.6,0.6,60,0.0115233682346903,0,0,40,1.0,2,0,0.25,0.01,0.75,50.0,baseline,30.0,0.45,0.2,0.1,0.002,8.0
44,220,0.4705023719370891,0.5,-0.014033824702046,0.0,0.125,0.0,extended_hex_r2__markov__plastic__intr0__struct0__alpha_async__lesion__s1__5f22770272,0.0069006560460065,0.011564455086894,0.25,False,0.8311782908495668,0.002,0.01,markov,0.68,extended_hex_r2,30,70,0.9,0.2533041512549616,0.3,0,0.42,0.08,140,0.3488095093847945,0.3,10,0.8093377255047938,3.850936610277984e-18,0.2,plastic,calibration,-0.0028737030928383,False,alpha_async,30,130,180,1,-1,1.0,0.6,0.6,60,0.0065922470244824,0,0,40,1.0,2,0,0.25,0.01,0.75,50.0,lesion,30.0,0.45,0.2,0.1,0.002,8.0
44,220,0.4265678032588551,0.5,-0.0684245871438214,0.0,0.125,0.1357614313517028,extended_hex_r2__ql__plastic__intr0__struct0__alpha_async__baseline__s1__e7afa3bca6,0.0021386646543101,-0.0027287667515965,0.25,False,0.8672161681363899,0.002,0.01,ql,0.62,extended_hex_r2,30,70,0.9,0.221014591020636,0.3,0,0.42,0.08,140,0.441940876076092,0.4,10,0.2758808125622163,4.450276034342977e-18,0.2,plastic,calibration,,False,alpha_async,30,130,180,1,-1,1.0,0.6,0.6,60,0.0062938244394612,0,0,40,1.0,2,0,0.25,0.01,0.75,50.0,baseline,30.0,0.45,0.2,0.1,0.002,8.0
44,220,0.4256376019480151,0.5,-0.0669826664397627,0.0,0.125,0.1691368519753393,extended_hex_r2__ql__plastic__intr0__struct0__alpha_async__lesion__s1__ea126e5ac4,0.0089626878655651,-0.0017617816502433,0.25,False,0.8659701392268107,0.002,0.01,ql,0.62,extended_hex_r2,30,70,0.9,0.2214610532532324,0.3,0,0.42,0.08,140,0.3950819408693554,0.2,10,0.2738760310757716,4.190796807524426e-18,0.2,plastic,calibration,0.0249965583306665,False,alpha_async,30,130,180,1,-1,1.0,0.6,0.6,60,0.0062271931555475,0,0,40,1.0,2,0,0.25,0.01,0.75,50.0,lesion,30.0,0.45,0.2,0.1,0.002,8.0
44,220,0.4119150969848018,0.5,-0.3670643505657407,0.0,0.125,0.0,square_moore__markov__plastic__intr0__struct0__alpha_async__baseline__s2__09b64270d0,-0.0119686433767038,-0.0044056771164167,0.25,False,0.5477102424413562,0.002,0.016,markov,0.58,square_moore,30,70,0.9,0.4858945854404756,0.3,0,0.42,0.08,140,0.4061574826344986,0.2,10,1.4920612125796358,4.9353419412068236e-18,0.2,plastic,calibration,,False,alpha_async,30,130,180,2,-1,1.0,0.6,0.6,60,0.0439810671274599,0,0,40,1.0,2,0,0.25,0.01,0.75,50.0,baseline,30.0,0.45,0.2,0.1,0.002,8.0
44,220,0.3189928580858712,0.5,-0.0018680449711904,0.0,0.125,0.0,square_moore__markov__plastic__intr0__struct0__alpha_async__lesion__s1__064db2a652,0.0795838365018608,0.0817090669897407,0.25,False,0.4241190705605948,0.002,0.016,markov,0.68,square_moore,30,70,0.9,0.3631084781002489,0.3,0,0.42,0.08,140,0.2443579114014241,0.3,10,1.5632403721677908,8.749036574003459e-18,0.2,plastic,calibration,0.0475922404734343,False,alpha_async,30,130,180,1,-1,1.0,0.6,0.6,60,0.0868779301487009,0,0,40,1.0,2,0,0.25,0.01,0.75,50.0,lesion,30.0,0.45,0.2,0.1,0.002,8.0
44,220,0.4074277551354117,0.5,-0.3625691346591163,0.0,0.125,0.2940159931088246,square_moore__ql__plastic__intr0__struct0__alpha_async__baseline__s1__d46c947bd4,0.0070902532732909,-0.0017833596485476,0.25,False,0.5791623147966495,0.002,0.016,ql,0.62,square_moore,30,70,0.9,0.4676774884691244,0.3,0,0.42,0.08,140,0.4017425127802958,0.4,10,1.496790795211571,7.429978750684949e-18,0.2,plastic,calibration,,False,alpha_async,30,130,180,1,-1,1.0,0.6,0.6,60,0.0738993030863502,0,0,40,1.0,2,0,0.25,0.01,0.75,50.0,baseline,30.0,0.45,0.2,0.1,0.002,8.0
44,220,0.4085384987443108,0.5,-0.3462768520814813,0.0,0.125,0.3115045544710989,square_moore__ql__plastic__intr0__struct0__alpha_async__lesion__s1__e65ff45e08,0.0052618161967913,-0.0015463335036221,0.25,False,0.5812930789844166,0.002,0.016,ql,0.62,square_moore,30,70,0.9,0.4620524058571665,0.3,0,0.42,0.08,140,0.338961746216869,0.2,10,1.5004441456530362,8.01896362068211e-18,0.2,plastic,calibration,-0.005844804615533,False,alpha_async,30,130,180,1,-1,1.0,0.6,0.6,60,0.1024259921571404,0,0,40,1.0,2,0,0.25,0.01,0.75,50.0,lesion,30.0,0.45,0.2,0.1,0.002,8.0
44,220,0.4254474131654812,0.5,-0.3658899808784115,0.0,0.125,0.0,hex_cells__markov__plastic__intr0__struct0__alpha_async__baseline__s1__5b7d7798f8,-0.006855361977434,0.0050652346748589,0.25,False,0.597827569037479,0.002,0.016,markov,0.58,hex_cells,30,70,0.9,0.4652186337727976,0.3,0,0.42,0.08,140,0.4205764196897668,0.3,10,1.2681121838697127,2.8106227144316465e-18,0.2,plastic,calibration,,False,alpha_async,30,130,180,1,-1,1.0,0.6,0.6,60,0.0148395172396832,0,0,40,1.0,2,0,0.25,0.01,0.75,50.0,baseline,30.0,0.45,0.2,0.1,0.002,8.0
44,220,0.434545959788456,0.5,-0.3466652802872669,0.0,0.125,0.0,hex_cells__markov__plastic__intr0__struct0__alpha_async__baseline__s2__e094694726,-0.0083686810598638,0.0129024832205485,0.25,False,0.5845717526985762,0.002,0.016,markov,0.68,hex_cells,30,70,0.9,0.4706665361699428,0.3,0,0.42,0.08,140,0.4250154505698752,0.4,10,1.2772735721564108,4.439899540685612e-18,0.2,plastic,calibration,,False,alpha_async,30,130,180,2,-1,1.0,0.6,0.6,60,0.0146152106952732,0,0,40,1.0,2,0,0.25,0.01,0.75,50.0,baseline,30.0,0.45,0.2,0.1,0.002,8.0
44,220,0.3550498603562236,0.5,-0.0433416641871174,0.0,0.125,0.0,hex_cells__markov__plastic__intr0__struct0__alpha_async__lesion__s2__d4c254f874,0.0586401073094639,0.0541956708932165,0.25,False,0.4967946771932394,0.002,0.016,markov,0.68,hex_cells,30,70,0.9,0.3820677708640836,0.3,0,0.42,0.08,140,0.2742785802522666,0.2,10,1.520776695158841,3.918403751441395e-18,0.2,plastic,calibration,0.0344859537469743,False,alpha_async,30,130,180,2,-1,1.0,0.6,0.6,60,0.0436711817715142,0,0,40,1.0,2,0,0.25,0.01,0.75,50.0,lesion,30.0,0.45,0.2,0.1,0.002,8.0
44,220,0.422416788438811,0.5,-0.353049292920579,0.0,0.125,0.2732201724852889,hex_cells__ql__plastic__intr0__struct0__alpha_async__baseline__s2__8ee6700375,0.0079559380434206,0.0043553769154637,0.25,False,0.6094434867330081,0.002,0.016,ql,0.62,hex_cells,30,70,0.9,0.4582816368391462,0.3,0,0.42,0.08,140,0.4182581894010733,0.3,10,1.2992168561297686,4.3810871300135586e-18,0.2,plastic,calibration,,False,alpha_async,30,130,180,2,-1,1.0,0.6,0.6,60,0.0150991055255772,0,0,40,1.0,2,0,0.25,0.01,0.75,50.0,baseline,30.0,0.45,0.2,0.1,0.002,8.0
44,220,0.4231334581869093,0.5,-0.3503326483306487,0.0,0.125,0.2985599301747699,hex_cells__ql__plastic__intr0__struct0__alpha_async__lesion__s2__4c09cfe4dc,-0.0123503118406708,0.0106824097363329,0.25,False,0.5946409522484826,0.002,0.016,ql,0.58,hex_cells,30,70,0.9,0.4675714243122422,0.3,0,0.42,0.08,140,0.3494334748278894,0.4,10,1.3284908979612942,3.983220543522582e-18,0.2,plastic,calibration,-0.0087834867593821,False,alpha_async,30,130,180,2,-1,1.0,0.6,0.6,60,0.0339123715713559,0,0,40,1.0,2,0,0.25,0.01,0.75,50.0,lesion,30.0,0.45,0.2,0.1,0.002,8.0
44,220,0.4026092467355725,0.5,-0.2617892373860809,0.0,0.125,0.0,honeycomb__markov__plastic__intr0__struct0__alpha_async__baseline__s2__d3be6cc63a,0.0062462108458159,-0.0037487357005405,0.25,False,0.7350831982316391,0.002,0.016,markov,0.58,honeycomb,30,70,0.9,0.3467474201739344,0.3,0,0.42,0.08,140,0.3976909872984318,0.2,10,1.5061769484739291,5.056755824478195e-18,0.2,plastic,calibration,,False,alpha_async,30,130,180,2,-1,1.0,0.6,0.6,60,0.0065859973045371,0,0,40,1.0,2,0,0.25,0.01,0.75,50.0,baseline,30.0,0.45,0.2,0.1,0.002,8.0
44,220,0.1162560582270878,0.5,0.5239584015582017,0.0,0.125,0.0,honeycomb__markov__plastic__intr0__struct0__alpha_async__lesion__s1__7a7e063069,0.3628352800490483,0.303374980506394,0.25,False,0.2142846236596454,0.002,0.016,markov,0.68,honeycomb,30,70,0.9,0.103063591344374,0.3,0,0.42,0.08,140,0.1169999331391658,0.3,10,0.9987379795648356,8.606311581589979e-18,0.2,plastic,calibration,0.3388117539844441,False,alpha_async,30,130,180,1,-1,1.0,0.6,0.6,60,0.1467018881007884,0,0,40,1.0,2,0,0.25,0.01,0.75,50.0,lesion,30.0,0.45,0.2,0.1,0.002,8.0
44,220,0.3979578348301904,0.5,-0.2152557855669299,0.0,0.125,0.2741348779261991,honeycomb__ql__plastic__intr0__struct0__alpha_async__baseline__s1__414199b384,-0.0046300096202547,0.0069544241514196,0.25,False,0.7355389124966053,0.002,0.016,ql,0.62,honeycomb,30,70,0.9,0.3360618371277038,0.3,0,0.42,0.08,140,0.393385704222245,0.4,10,1.4742257375537475,4.194154561316395e-18,0.2,plastic,calibration,,False,alpha_async,30,130,180,1,-1,1.0,0.6,0.6,60,0.0052192878720131,0,0,40,1.0,2,0,0.25,0.01,0.75,50.0,baseline,30.0,0.45,0.2,0.1,0.002,8.0
44,220,0.2811403343319327,0.5,0.203763466689586,0.0,0.125,0.4063767863964546,honeycomb__ql__plastic__intr0__struct0__alpha_async__lesion__s1__fac43d82a4,0.127074526906467,0.1141842918287379,0.25,False,0.6243830348635435,0.002,0.016,ql,0.62,honeycomb,30,70,0.9,0.2127181403216717,0.3,0,0.42,0.08,140,0.2426596174239623,0.2,10,1.4794920841052752,5.889527133183422e-18,0.2,plastic,calibration,0.0964375411606608,False,alpha_async,30,130,180,1,-1,1.0,0.6,0.6,60,0.1157557209205626,0,0,40,1.0,2,0,0.25,0.01,0.75,50.0,lesion,30.0,0.45,0.2,0.1,0.002,8.0
44,220,0.4116439537675581,0.5,-0.2386829917811884,0.0,0.125,0.0,extended_moore_r2__markov__plastic__intr0__struct0__alpha_async__baseline__s1__76ddd1dd67,0.000738632432832,0.0045841638807324,0.25,False,0.8030795009983864,0.002,0.016,markov,0.58,extended_moore_r2,30,70,0.9,0.29244877427505,0.3,0,0.42,0.08,140,0.4096691851573775,0.3,10,0.4281129583176049,3.7505135133890586e-18,0.2,plastic,calibration,,False,alpha_async,30,130,180,1,-1,1.0,0.6,0.6,60,0.0791834791362502,0,0,40,0.9891098484848484,2,0,0.25,0.01,0.75,50.0,baseline,30.0,0.45,0.2,0.1,0.002,8.0
44,220,0.4835068388467735,0.5,-0.0447473570537366,0.0,0.125,0.0,extended_moore_r2__markov__plastic__intr0__struct0__alpha_async__baseline__s2__ae8d71e731,-0.0033545749533261,-0.0061297867603785,0.25,False,0.830699874691337,0.002,0.016,markov,0.68,extended_moore_r2,30,70,0.9,0.2596378993461506,0.3,0,0.42,0.08,140,0.4404479970548952,0.4,10,0.7104945169467806,4.7706694111818116e-18,0.2,plastic,calibration,,False,alpha_async,30,130,180,2,-1,1.0,0.6,0.6,60,0.0045429241764193,0,0,40,1.0,2,0,0.25,0.01,0.75,50.0,baseline,30.0,0.45,0.2,0.1,0.002,8.0
44,220,0.4534211569477062,0.5,0.1329897726348922,0.0,0.125,0.0,extended_moore_r2__markov__plastic__intr0__struct0__alpha_async__lesion__s2__a0fe51cdfa,0.0253588632593586,0.0213747554106732,0.25,False,0.7853228427462381,0.002,0.016,markov,0.68,extended_moore_r2,30,70,0.9,0.248204493343399,0.3,0,0.42,0.08,140,0.3190315717243187,0.2,10,0.9322094764932904,5.6104632566448745e-18,0.2,plastic,calibration,-0.0048425827316542,False,alpha_async,30,130,180,2,-1,1.0,0.6,0.6,60,0.0201735869203936,0,0,40,0.9991175964187328,2,0,0.25,0.01,0.75,50.0,lesion,30.0,0.45,0.2,0.1,0.002,8.0
44,220,0.4017291749876012,0.5,-0.2093961314399472,0.0,0.125,0.1829924239372288,extended_moore_r2__ql__plastic__intr0__struct0__alpha_async__baseline__s2__25ba31ba12,0.0194382756329073,-0.0024356978936851,0.25,False,0.7666514486745948,0.002,0.016,ql,0.62,extended_moore_r2,30,70,0.9,0.3098840473014383,0.3,0,0.42,0.08,140,0.4045815621400844,0.3,10,0.4653585809114307,4.2696771391128135e-18,0.2,plastic,calibration,,False,alpha_async,30,130,180,2,-1,1.0,0.6,0.6,60,0.0784422313911319,0,0,40,0.9831912878787878,2,0,0.25,0.01,0.75,50.0,baseline,30.0,0.45,0.2,0.1,0.002,8.0
44,220,0.411316166889212,0.5,-0.2718749497197965,0.0,0.125,0.2158864638678538,extended_moore_r2__ql__plastic__intr0__struct0__alpha_async__lesion__s2__c6b5382087,0.01515850546938,0.001705635633215,0.25,False,0.706626963833174,0.002,0.016,ql,0.58,extended_moore_r2,30,70,0.9,0.3728203492901921,0.3,0,0.42,0.08,140,0.3604690582144895,0.4,10,0.6451582567698261,3.1855789371375007e-18,0.2,plastic,calibration,0.015421464880113,False,alpha_async,30,130,180,2,-1,1.0,0.6,0.6,60,0.1340045141141129,0,0,40,0.9921229338842976,2,0,0.25,0.01,0.75,50.0,lesion,30.0,0.45,0.2,0.1,0.002,8.0
44,220,0.4652556651069361,0.5,-0.0807315036768822,0.0,0.125,0.0,extended_hex_r2__markov__plastic__intr0__struct0__alpha_async__baseline__s2__6634f73586,0.0008000507892435,-0.0013121728280999,0.25,False,0.9159673041770128,0.002,0.016,markov,0.58,extended_hex_r2,30,70,0.9,0.1879104677017554,0.3,0,0.42,0.08,140,0.4401893710911738,0.2,10,0.6848458507359388,4.495471603442727e-18,0.2,plastic,calibration,,False,alpha_async,30,130,180,2,-1,1.0,0.6,0.6,60,0.0109311409716517,0,0,40,1.0,2,0,0.25,0.01,0.75,50.0,baseline,30.0,0.45,0.2,0.1,0.002,8.0
44,220,0.4642894891445158,0.5,0.0155743622361744,0.0,0.125,0.0,extended_hex_r2__markov__plastic__intr0__struct0__alpha_async__lesion__s1__c1d030ad3b,0.0086276288885509,0.0144422294968783,0.25,False,0.8268061743584315,0.002,0.016,markov,0.68,extended_hex_r2,30,70,0.9,0.2500074335734752,0.3,0,0.42,0.08,140,0.3428634515444914,0.3,10,0.8389833711641066,4.647851446973528e-18,0.2,plastic,calibration,-0.0042266147166284,False,alpha_async,30,130,180,1,-1,1.0,0.6,0.6,60,0.0082101892783432,0,0,40,1.0,2,0,0.25,0.01,0.75,50.0,lesion,30.0,0.45,0.2,0.1,0.002,8.0
44,220,0.4261126898596969,0.5,-0.0680946481502982,0.0,0.125,0.1359952455586797,extended_hex_r2__ql__plastic__intr0__struct0__alpha_async__baseline__s1__739513ed67,0.0031531414798382,-0.0016518143498407,0.25,False,0.8677927935676802,0.002,0.016,ql,0.62,extended_hex_r2,30,70,0.9,0.2203026310891111,0.3,0,0.42,0.08,140,0.4409496489339408,0.4,10,0.2749879378275957,4.5839110819191374e-18,0.2,plastic,calibration,,False,alpha_async,30,130,180,1,-1,1.0,0.6,0.6,60,0.0062940544220465,0,0,40,1.0,2,0,0.25,0.01,0.75,50.0,baseline,30.0,0.45,0.2,0.1,0.002,8.0
44,220,0.4631714620982055,0.5,-0.0603604954720766,0.0,0.125,0.1626327638504456,extended_hex_r2__ql__plastic__intr0__struct0__alpha_async__lesion__s1__a0e98b4e50,-0.0144952916919962,-0.0050741000213372,0.25,False,0.8862427801299151,0.002,0.016,ql,0.62,extended_hex_r2,30,70,0.9,0.2154595030076769,0.3,0,0.42,0.08,140,0.3907821039606682,0.2,10,0.7271261837353575,3.952481978196405e-18,0.2,plastic,calibration,-0.0129741709320025,False,alpha_async,30,130,180,1,-1,1.0,0.6,0.6,60,0.0083766280928766,0,0,40,1.0,2,0,0.25,0.01,0.75,50.0,lesion,30.0,0.45,0.2,0.1,0.002,8.0
44,220,0.4196107339265584,0.5,-0.3898570352259753,0.0,0.125,0.0,square_moore__markov__plastic__intr0__struct0__alpha_async__baseline__s2__ac33a91ef1,0.0101555854237093,-0.003271474543198,0.25,False,0.4764689980641696,0.002,0.006,markov,0.58,square_moore,30,70,0.9,0.5214921078704536,0.3,0,0.42,0.08,140,0.4116672526849008,0.3,10,1.5511881927345392,4.192948130049236e-18,0.2,plastic,calibration,,False,alpha_async,30,130,180,2,-1,1.0,0.6,0.6,60,0.2325719635751544,0,0,40,1.0,2,0,0.25,0.01,0.75,50.0,baseline,30.0,0.45,0.2,0.1,0.002,8.0
44,220,0.3186402292732823,0.5,0.0403055717448111,0.0,0.125,0.0,square_moore__markov__plastic__intr0__struct0__alpha_async__lesion__s1__42dc534ff5,0.0858846653701393,0.071968871480943,0.25,False,0.4678256234015308,0.002,0.006,markov,0.68,square_moore,30,70,0.9,0.340810863006972,0.3,0,0.42,0.08,140,0.245918898214403,0.4,10,1.543274972056062,7.676146745408608e-18,0.2,plastic,calibration,0.0352076400976567,False,alpha_async,30,130,180,1,-1,1.0,0.6,0.6,60,0.065466152035232,0,0,40,1.0,2,0,0.25,0.01,0.75,50.0,lesion,30.0,0.45,0.2,0.1,0.002,8.0
44,220,0.4227745850012162,0.5,-0.3936554387791198,0.0,0.125,0.3019757589550013,square_moore__ql__plastic__intr0__struct0__alpha_async__baseline__s1__f3a734a91c,-0.0049590179059942,0.0057016692466962,0.25,False,0.4868459342488966,0.002,0.006,ql,0.68,square_moore,30,70,0.9,0.5284777243938816,0.3,0,0.42,0.08,140,0.4152404307253415,0.2,10,1.5277440390387484,9.158787242217473e-18,0.2,plastic,calibration,,False,alpha_async,30,130,180,1,-1,1.0,0.6,0.6,60,0.0894804689119446,0,0,40,1.0,2,0,0.25,0.01,0.75,50.0,baseline,30.0,0.45,0.2,0.1,0.002,8.0
44,220,0.4083293948195785,0.5,-0.3092252625525468,0.0,0.125,0.3245092429168995,square_moore__ql__plastic__intr0__struct0__alpha_async__lesion__s1__862ca8a04b,0.0139739926999426,-0.0018695860497225,0.25,False,0.6271353688179122,0.002,0.006,ql,0.62,square_moore,30,70,0.9,0.427274832651393,0.3,0,0.42,0.08,140,0.3355127965403963,0.3,10,1.424019325048096,6.431129784526317e-18,0.2,plastic,calibration,0.0193327362743557,False,alpha_async,30,130,180,1,-1,1.0,0.6,0.6,60,0.0975389834248011,0,0,40,1.0,2,0,0.25,0.01,0.75,50.0,lesion,30.0,0.45,0.2,0.1,0.002,8.0
44,220,0.4299191615754086,0.5,-0.3925906856115449,0.0,0.125,0.0,hex_cells__markov__plastic__intr0__struct0__alpha_async__baseline__s1__a47e98863a,0.0111763747234624,0.0057287300934421,0.25,False,0.5540706841559438,0.002,0.006,markov,0.58,hex_cells,30,70,0.9,0.4993472287310968,0.3,0,0.42,0.08,140,0.4255129825855391,0.4,10,1.3768690345381749,4.254588333796652e-18,0.2,plastic,calibration,,False,alpha_async,30,130,180,1,-1,1.0,0.6,0.6,60,0.0234556774052262,0,0,40,1.0,2,0,0.25,0.01,0.75,50.0,baseline,30.0,0.45,0.2,0.1,0.002,8.0
44,220,0.3482936431307199,0.5,-0.0160179574241729,0.0,0.125,0.0,hex_cells__markov__plastic__intr0__struct0__alpha_async__lesion__s1__86f1c3e820,0.0719352211073837,0.0706657531221984,0.25,False,0.4686831739471657,0.002,0.006,markov,0.58,hex_cells,30,70,0.9,0.3795256607311107,0.3,0,0.42,0.08,140,0.2670046212884623,0.2,10,1.5354432214701292,3.322814825876749e-18,0.2,plastic,calibration,0.0232359495493242,False,alpha_async,30,130,180,1,-1,1.0,0.6,0.6,60,0.0523945098232734,0,0,40,1.0,2,0,0.25,0.01,0.75,50.0,lesion,30.0,0.45,0.2,0.1,0.002,8.0
44,220,0.3804289401959609,0.5,-0.1098385797533708,0.0,0.125,0.0,hex_cells__markov__plastic__intr0__struct0__alpha_async__lesion__s2__9a98817a5f,0.055058782704749,0.0555994717865857,0.25,False,0.4880066578366653,0.002,0.006,markov,0.68,hex_cells,30,70,0.9,0.4203943062285,0.3,0,0.42,0.08,140,0.2891112871351341,0.3,10,1.535323193653905,2.6428329910691493e-18,0.2,plastic,calibration,0.0305211513177952,False,alpha_async,30,130,180,2,-1,1.0,0.6,0.6,60,0.0454129247600883,0,0,40,1.0,2,0,0.25,0.01,0.75,50.0,lesion,30.0,0.45,0.2,0.1,0.002,8.0
44,220,0.4293557329556494,0.5,-0.3839944676612293,0.0,0.125,0.2790943045695767,hex_cells__ql__plastic__intr0__struct0__alpha_async__baseline__s2__142e5c659b,-0.0115896019283047,-0.0035293627124987,0.25,False,0.5712586249191816,0.002,0.006,ql,0.62,hex_cells,30,70,0.9,0.496596143696503,0.3,0,0.42,0.08,140,0.4269671509983443,0.4,10,1.369904502438319,2.9575214555020952e-18,0.2,plastic,calibration,,False,alpha_async,30,130,180,2,-1,1.0,0.6,0.6,60,0.0243707910567672,0,0,40,1.0,2,0,0.25,0.01,0.75,50.0,baseline,30.0,0.45,0.2,0.1,0.002,8.0
44,220,0.4434727535950608,0.5,-0.3932008665976803,0.0,0.125,0.2945647039947748,hex_cells__ql__plastic__intr0__struct0__alpha_async__lesion__s2__3649527fde,0.0002329070497984,-0.0136916909296033,0.25,False,0.5884611611925005,0.002,0.006,ql,0.62,hex_cells,30,70,0.9,0.4958341342279703,0.3,0,0.42,0.08,140,0.3672755792071799,0.2,10,1.2666748570881656,3.927721816254207e-18,0.2,plastic,calibration,-0.0063789975286889,False,alpha_async,30,130,180,2,-1,1.0,0.6,0.6,60,0.0553652250939496,0,0,40,1.0,2,0,0.25,0.01,0.75,50.0,lesion,30.0,0.45,0.2,0.1,0.002,8.0
44,220,0.4063020934201318,0.5,-0.2613453990182705,0.0,0.125,0.0,honeycomb__markov__plastic__intr0__struct0__alpha_async__baseline__s2__ce7b8b9c9f,-0.0156286847532135,0.0101674577565312,0.25,False,0.7456824662202062,0.002,0.006,markov,0.58,honeycomb,30,70,0.9,0.3425295451756044,0.3,0,0.42,0.08,140,0.3991244376983268,0.3,10,1.4805288040266098,2.061890686066553e-18,0.2,plastic,calibration,,False,alpha_async,30,130,180,2,-1,1.0,0.6,0.6,60,0.0078627762532844,0,0,40,1.0,2,0,0.25,0.01,0.75,50.0,baseline,30.0,0.45,0.2,0.1,0.002,8.0
44,220,0.1092695914683752,0.5,0.5220729107205989,0.0,0.125,0.0,honeycomb__markov__plastic__intr0__struct0__alpha_async__lesion__s1__37f52f497e,0.3520708891312029,0.2702527176244623,0.25,False,0.2033535271929883,0.002,0.006,markov,0.68,honeycomb,30,70,0.9,0.0978674303495034,0.3,0,0.42,0.08,140,0.1124059284337097,0.4,10,0.9610408709161748,8.069498687778703e-18,0.2,plastic,calibration,0.3365830625489325,False,alpha_async,30,130,180,1,-1,1.0,0.6,0.6,60,0.1298099796729925,0,0,40,1.0,2,0,0.25,0.01,0.75,50.0,lesion,30.0,0.45,0.2,0.1,0.002,8.0
44,220,0.3941699985736556,0.5,-0.1784573748107261,0.0,0.125,0.2786780136707844,honeycomb__ql__plastic__intr0__struct0__alpha_async__baseline__s1__838b270a09,0.0076402877662256,0.0035465423773266,0.25,False,0.7158677469410523,0.002,0.006,ql,0.68,honeycomb,30,70,0.9,0.3435283104556058,0.3,0,0.42,0.08,140,0.3884163459270413,0.2,10,1.50034749052408,3.4042993689967906e-18,0.2,plastic,calibration,,False,alpha_async,30,130,180,1,-1,1.0,0.6,0.6,60,0.0061348378890093,0,0,40,1.0,2,0,0.25,0.01,0.75,50.0,baseline,30.0,0.45,0.2,0.1,0.002,8.0
44,220,0.3038951354387274,0.5,0.1709210216428536,0.0,0.125,0.3933806672299219,honeycomb__ql__plastic__intr0__struct0__alpha_async__lesion__s1__45d2887f82,0.1069248299420461,0.1048984488468022,0.25,False,0.6479675381743452,0.002,0.006,ql,0.62,honeycomb,30,70,0.9,0.2310857454427732,0.3,0,0.42,0.08,140,0.2567306786771743,0.3,10,1.525312097693987,5.453844271653618e-18,0.2,plastic,calibration,0.0629253413786899,False,alpha_async,30,130,180,1,-1,1.0,0.6,0.6,60,0.0837235422116099,0,0,40,1.0,2,0,0.25,0.01,0.75,50.0,lesion,30.0,0.45,0.2,0.1,0.002,8.0
44,220,0.426298527822242,0.5,-0.2805838830798836,0.0,0.125,0.0,extended_moore_r2__markov__plastic__intr0__struct0__alpha_async__baseline__s1__3b99b041bd,-0.0142660004539174,0.0004055020703466,0.25,False,0.6204117509195857,0.002,0.006,markov,0.58,extended_moore_r2,30,70,0.9,0.4295691527990428,0.3,0,0.42,0.08,140,0.4222620922149009,0.4,10,0.8279757932222118,5.9415970119876674e-18,0.2,plastic,calibration,,False,alpha_async,30,130,180,1,-1,1.0,0.6,0.6,60,0.1844481796334295,0,0,40,1.0,2,0,0.25,0.01,0.75,50.0,baseline,30.0,0.45,0.2,0.1,0.002,8.0
44,220,0.3967992260945913,0.5,-0.1135191297741091,0.0,0.125,0.0,extended_moore_r2__markov__plastic__intr0__struct0__alpha_async__lesion__s1__6052cc5415,0.0137437439052722,0.0272082555552118,0.25,False,0.5970330697394312,0.002,0.006,markov,0.58,extended_moore_r2,30,70,0.9,0.3793828811788469,0.3,0,0.42,0.08,140,0.3015770461252857,0.2,10,1.1598409310161584,9.194254889161107e-18,0.2,plastic,calibration,-0.0229314915032711,False,alpha_async,30,130,180,1,-1,1.0,0.6,0.6,60,0.246003428046654,0,0,40,1.0,2,0,0.25,0.01,0.75,50.0,lesion,30.0,0.45,0.2,0.1,0.002,8.0
44,220,0.4626616907632286,0.5,0.0823396959734739,0.0,0.125,0.0,extended_moore_r2__markov__plastic__intr0__struct0__alpha_async__lesion__s2__00541aaddf,0.0214179751105047,0.0166349177332489,0.25,False,0.7958208396965223,0.002,0.006,markov,0.68,extended_moore_r2,30,70,0.9,0.2535214736408603,0.3,0,0.42,0.08,140,0.3267942218399171,0.3,10,0.8703688600507706,5.419110829586284e-18,0.2,plastic,calibration,-0.0062488692155435,False,alpha_async,30,130,180,2,-1,1.0,0.6,0.6,60,0.014628303837701,0,0,40,1.0,2,0,0.25,0.01,0.75,50.0,lesion,30.0,0.45,0.2,0.1,0.002,8.0
44,220,0.4246530771646777,0.5,-0.2843096660901048,0.0,0.125,0.2248341564563964,extended_moore_r2__ql__plastic__intr0__struct0__alpha_async__baseline__s2__3f359947df,0.0365874512067612,-0.0049233242059778,0.25,False,0.5667109427168446,0.002,0.006,ql,0.62,extended_moore_r2,30,70,0.9,0.4579408716271935,0.3,0,0.42,0.08,140,0.4208432941382513,0.4,10,0.8768962737718994,2.709832328950892e-18,0.2,plastic,calibration,,False,alpha_async,30,130,180,2,-1,1.0,0.6,0.6,60,0.3409632791862799,0,0,40,1.0,2,0,0.25,0.01,0.75,50.0,baseline,30.0,0.45,0.2,0.1,0.002,8.0
44,220,0.4282352824031658,0.5,-0.2850775453511001,0.0,0.125,0.2269956612574875,extended_moore_r2__ql__plastic__intr0__struct0__alpha_async__lesion__s2__c434a57474,-0.0015294589117149,-0.0202029995907081,0.25,False,0.6192336918407257,0.002,0.006,ql,0.62,extended_moore_r2,30,70,0.9,0.4345975887774244,0.3,0,0.42,0.08,140,0.3781097835921177,0.2,10,0.8537946198332187,2.7226606384111842e-18,0.2,plastic,calibration,-0.0146748007254094,False,alpha_async,30,130,180,2,-1,1.0,0.6,0.6,60,0.2536206807243,0,0,40,1.0,2,0,0.25,0.01,0.75,50.0,lesion,30.0,0.45,0.2,0.1,0.002,8.0
44,220,0.4663004627719649,0.5,-0.0845883461133959,0.0,0.125,0.0,extended_hex_r2__markov__plastic__intr0__struct0__alpha_async__baseline__s2__6f3995bccf,0.0003257229253223,-0.000792871972933,0.25,False,0.9145240971647122,0.002,0.006,markov,0.58,extended_hex_r2,30,70,0.9,0.190428641399246,0.3,0,0.42,0.08,140,0.441045709327325,0.3,10,0.6984083341481213,4.213374033687838e-18,0.2,plastic,calibration,,False,alpha_async,30,130,180,2,-1,1.0,0.6,0.6,60,0.0123502126003811,0,0,40,1.0,2,0,0.25,0.01,0.75,50.0,baseline,30.0,0.45,0.2,0.1,0.002,8.0
44,220,0.4701513331367158,0.5,-0.0078982607253722,0.0,0.125,0.0,extended_hex_r2__markov__plastic__intr0__struct0__alpha_async__lesion__s1__af9fc3ef20,0.0116433880798243,0.0130191412305953,0.25,False,0.8278099816855172,0.002,0.006,markov,0.68,extended_hex_r2,30,70,0.9,0.2545468647874715,0.3,0,0.42,0.08,140,0.3486783615378141,0.4,10,0.8141423761471054,3.904332172504803e-18,0.2,plastic,calibration,-0.0007807742065498,False,alpha_async,30,130,180,1,-1,1.0,0.6,0.6,60,0.0069446475660374,0,0,40,1.0,2,0,0.25,0.01,0.75,50.0,lesion,30.0,0.45,0.2,0.1,0.002,8.0
44,220,0.4222792405837086,0.5,-0.0523172366235715,0.0,0.125,0.1357243868302027,extended_hex_r2__ql__plastic__intr0__struct0__alpha_async__baseline__s1__713df7c4a4,-0.0015453169549472,-0.0032155568896937,0.25,False,0.8215786863460107,0.002,0.006,ql,0.68,extended_hex_r2,30,70,0.9,0.2529021873271876,0.3,0,0.42,0.08,140,0.4436684728549588,0.2,10,0.2820497076684587,4.1136954983163095e-18,0.2,plastic,calibration,,False,alpha_async,30,130,180,1,-1,1.0,0.6,0.6,60,0.0048871739657837,0,0,40,1.0,2,0,0.25,0.01,0.75,50.0,baseline,30.0,0.45,0.2,0.1,0.002,8.0
44,220,0.4257199598519537,0.5,-0.0681510338763365,0.0,0.125,0.1698626775322368,extended_hex_r2__ql__plastic__intr0__struct0__alpha_async__lesion__s1__094011ed1d,0.0078247684775574,-0.0034364183312168,0.25,False,0.8650036209885883,0.002,0.006,ql,0.62,extended_hex_r2,30,70,0.9,0.2226482774119896,0.3,0,0.42,0.08,140,0.3951087206623228,0.3,10,0.2727885198066938,4.37913217417631e-18,0.2,plastic,calibration,0.024331578971177,False,alpha_async,30,130,180,1,-1,1.0,0.6,0.6,60,0.0061807732078747,0,0,40,1.0,2,0,0.25,0.01,0.75,50.0,lesion,30.0,0.45,0.2,0.1,0.002,8.0
44,220,0.4104472973295654,0.5,-0.402802323091868,0.0,0.125,0.0,square_moore__markov__plastic__intr0__struct0__alpha_async__baseline__s2__496a48d473,-0.0006726818190286,0.0078855763008974,0.25,False,0.483689723046988,0.002,0.01,markov,0.58,square_moore,30,70,0.9,0.5250315891443395,0.3,0,0.42,0.08,140,0.4074409282668615,0.3,10,1.5621545790466005,4.699215588615403e-18,0.2,plastic,calibration,,False,alpha_async,30,130,180,2,-1,1.0,0.6,0.6,60,0.2078879213136755,0,0,40,1.0,2,0,0.25,0.01,0.75,50.0,baseline,30.0,0.45,0.2,0.1,0.002,8.0
44,220,0.3257273605036627,0.5,-0.0020071888205219,0.0,0.125,0.0,square_moore__markov__plastic__intr0__struct0__alpha_async__lesion__s1__31143ca945,0.093819357780895,0.0704923316476517,0.25,False,0.4444430043768255,0.002,0.01,markov,0.68,square_moore,30,70,0.9,0.3633434508508693,0.3,0,0.42,0.08,140,0.2477459731976397,0.4,10,1.5642385979902598,5.5092382656597234e-18,0.2,plastic,calibration,0.0645350741668831,False,alpha_async,30,130,180,1,-1,1.0,0.6,0.6,60,0.0698713485323678,0,0,40,1.0,2,0,0.25,0.01,0.75,50.0,lesion,30.0,0.45,0.2,0.1,0.002,8.0
44,220,0.4124527420100189,0.5,-0.4038876672186904,0.0,0.125,0.2953861395988552,square_moore__ql__plastic__intr0__struct0__alpha_async__baseline__s1__e5118e8cf6,0.0001432028639062,-0.0092208534825486,0.25,False,0.4959484571395596,0.002,0.01,ql,0.68,square_moore,30,70,0.9,0.5268112683613522,0.3,0,0.42,0.08,140,0.4105980329161805,0.2,10,1.5597021422805837,6.201782144321772e-18,0.2,plastic,calibration,,False,alpha_async,30,130,180,1,-1,1.0,0.6,0.6,60,0.1893973325242888,0,0,40,1.0,2,0,0.25,0.01,0.75,50.0,baseline,30.0,0.45,0.2,0.1,0.002,8.0
44,220,0.406516774026356,0.5,-0.3164878171782699,0.0,0.125,0.3211946344344815,square_moore__ql__plastic__intr0__struct0__alpha_async__lesion__s1__b74bd4ee0a,0.0190629057434556,0.0058539118719052,0.25,False,0.6031261243539914,0.002,0.01,ql,0.62,square_moore,30,70,0.9,0.4398456537858827,0.3,0,0.42,0.08,140,0.3357414746131765,0.3,10,1.4530208399583713,6.2253450762471504e-18,0.2,plastic,calibration,0.0172608397861386,False,alpha_async,30,130,180,1,-1,1.0,0.6,0.6,60,0.1052162362372277,0,0,40,1.0,2,0,0.25,0.01,0.75,50.0,lesion,30.0,0.45,0.2,0.1,0.002,8.0
44,220,0.4313466685535709,0.5,-0.3778128578255184,0.0,0.125,0.0,hex_cells__markov__plastic__intr0__struct0__alpha_async__baseline__s1__047a0449d0,0.0004447950122024,-0.0025827828935208,0.25,False,0.552688181957715,0.002,0.01,markov,0.58,hex_cells,30,70,0.9,0.4947903716760337,0.3,0,0.42,0.08,140,0.4232858874394447,0.4,10,1.3473479001237685,3.129904890517592e-18,0.2,plastic,calibration,,False,alpha_async,30,130,180,1,-1,1.0,0.6,0.6,60,0.0218785789709256,0,0,40,1.0,2,0,0.25,0.01,0.75,50.0,baseline,30.0,0.45,0.2,0.1,0.002,8.0
44,220,0.3260865555478467,0.5,0.0370314184281844,0.0,0.125,0.0,hex_cells__markov__plastic__intr0__struct0__alpha_async__lesion__s1__69cc432ef9,0.0782990416470938,0.0752749562902726,0.25,False,0.4539281519635855,0.002,0.01,markov,0.58,hex_cells,30,70,0.9,0.3529055340407692,0.3,0,0.42,0.08,140,0.2522396036176941,0.2,10,1.5429717679357555,4.52871578803175e-18,0.2,plastic,calibration,0.0373638677686734,False,alpha_async,30,130,180,1,-1,1.0,0.6,0.6,60,0.0538020213703562,0,0,40,1.0,2,0,0.25,0.01,0.75,50.0,lesion,30.0,0.45,0.2,0.1,0.002,8.0
44,220,0.3698337789245574,0.5,-0.0842020553718033,0.0,0.125,0.0,hex_cells__markov__plastic__intr0__struct0__alpha_async__lesion__s2__17186de637,0.0593063007721362,0.0545359717245199,0.25,False,0.4839889848458359,0.002,0.01,markov,0.68,hex_cells,30,70,0.9,0.407825700165236,0.3,0,0.42,0.08,140,0.2812210523571367,0.3,10,1.5421414476500546,3.7066720918840495e-18,0.2,plastic,calibration,0.0276337907254304,False,alpha_async,30,130,180,2,-1,1.0,0.6,0.6,60,0.0393335169579518,0,0,40,1.0,2,0,0.25,0.01,0.75,50.0,lesion,30.0,0.45,0.2,0.1,0.002,8.0
44,220,0.4277315087481784,0.5,-0.3653574792463944,0.0,0.125,0.2841160145448906,hex_cells__ql__plastic__intr0__struct0__alpha_async__baseline__s2__fe405f3b76,0.0055794521616367,0.0037566400689434,0.25,False,0.5795233489448549,0.002,0.01,ql,0.62,hex_cells,30,70,0.9,0.4804573503617719,0.3,0,0.42,0.08,140,0.4223547663119494,0.4,10,1.3142134433976311,3.974875623198978e-18,0.2,plastic,calibration,,False,alpha_async,30,130,180,2,-1,1.0,0.6,0.6,60,0.0161861510582669,0,0,40,1.0,2,0,0.25,0.01,0.75,50.0,baseline,30.0,0.45,0.2,0.1,0.002,8.0
44,220,0.4342738529045897,0.5,-0.3766585546129183,0.0,0.125,0.2934424150699859,hex_cells__ql__plastic__intr0__struct0__alpha_async__lesion__s2__0d118ed001,0.0006429038515666,-0.0093650893473332,0.25,False,0.5996992758907151,0.002,0.01,ql,0.62,hex_cells,30,70,0.9,0.4792105909386435,0.3,0,0.42,0.08,140,0.3601620088569374,0.2,10,1.2780602389342977,3.2065647114927373e-18,0.2,plastic,calibration,0.0019763729947262,False,alpha_async,30,130,180,2,-1,1.0,0.6,0.6,60,0.025516925396571,0,0,40,1.0,2,0,0.25,0.01,0.75,50.0,lesion,30.0,0.45,0.2,0.1,0.002,8.0
44,220,0.403090092745391,0.5,-0.2492415758175865,0.0,0.125,0.0,honeycomb__markov__plastic__intr0__struct0__alpha_async__baseline__s2__35db5249f9,0.0014279140929855,-0.0057442069361285,0.25,False,0.7410106966672079,0.002,0.01,markov,0.58,honeycomb,30,70,0.9,0.3417043090292678,0.3,0,0.42,0.08,140,0.3973135218124113,0.3,10,1.496409901669781,4.784109765648036e-18,0.2,plastic,calibration,,False,alpha_async,30,130,180,2,-1,1.0,0.6,0.6,60,0.0065300491000552,0,0,40,1.0,2,0,0.25,0.01,0.75,50.0,baseline,30.0,0.45,0.2,0.1,0.002,8.0
44,220,0.1150680588562978,0.5,0.5174001620108115,0.0,0.125,0.0,honeycomb__markov__plastic__intr0__struct0__alpha_async__lesion__s1__264f571745,0.3345743243249305,0.2994791936676133,0.25,False,0.2106361926317573,0.002,0.01,markov,0.68,honeycomb,30,70,0.9,0.1033256577639913,0.3,0,0.42,0.08,140,0.1171075509073786,0.4,10,0.9857168029985282,3.8450945859609364e-18,0.2,plastic,calibration,0.3570288291337609,False,alpha_async,30,130,180,1,-1,1.0,0.6,0.6,60,0.1423409864648233,0,0,40,1.0,2,0,0.25,0.01,0.75,50.0,lesion,30.0,0.45,0.2,0.1,0.002,8.0
44,220,0.3912416062950181,0.5,-0.1696641763061332,0.0,0.125,0.2772856366375419,honeycomb__ql__plastic__intr0__struct0__alpha_async__baseline__s1__bd8e20c9dd,0.0081843745627699,0.004460495015409,0.25,False,0.7164721740098193,0.002,0.01,ql,0.68,honeycomb,30,70,0.9,0.3384720370533659,0.3,0,0.42,0.08,140,0.3884086516598429,0.2,10,1.507208960721392,2.8049565334856745e-18,0.2,plastic,calibration,,False,alpha_async,30,130,180,1,-1,1.0,0.6,0.6,60,0.0050621348938271,0,0,40,1.0,2,0,0.25,0.01,0.75,50.0,baseline,30.0,0.45,0.2,0.1,0.002,8.0
44,220,0.2829025210331372,0.5,0.2088563651676911,0.0,0.125,0.4107495507059685,honeycomb__ql__plastic__intr0__struct0__alpha_async__lesion__s1__80b05cdff6,0.1369160500710839,0.1233653759249521,0.25,False,0.6252922752495418,0.002,0.01,ql,0.62,honeycomb,30,70,0.9,0.2130678447326391,0.3,0,0.42,0.08,140,0.2427937096438109,0.3,10,1.4853170022276905,5.081849507084868e-18,0.2,plastic,calibration,0.0700686639751446,False,alpha_async,30,130,180,1,-1,1.0,0.6,0.6,60,0.1114336017064036,0,0,40,1.0,2,0,0.25,0.01,0.75,50.0,lesion,30.0,0.45,0.2,0.1,0.002,8.0
44,220,0.4223570648508959,0.5,-0.2656263052783265,0.0,0.125,0.0,extended_moore_r2__markov__plastic__intr0__struct0__alpha_async__baseline__s1__ccb2c68af6,0.0208489829355734,-0.0104286735845706,0.25,False,0.728931900131949,0.002,0.01,markov,0.58,extended_moore_r2,30,70,0.9,0.3588841755875906,0.3,0,0.42,0.08,140,0.4163005415284453,0.4,10,0.6700645544253472,3.8810003588226445e-18,0.2,plastic,calibration,,False,alpha_async,30,130,180,1,-1,1.0,0.6,0.6,60,0.0783377907085274,0,0,40,0.9996986914600552,2,0,0.25,0.01,0.75,50.0,baseline,30.0,0.45,0.2,0.1,0.002,8.0
44,220,0.3908490773978103,0.5,-0.0711604889014577,0.0,0.125,0.0,extended_moore_r2__markov__plastic__intr0__struct0__alpha_async__lesion__s1__50954513ea,0.0146986043390927,0.0275492626583208,0.25,False,0.6385843580894837,0.002,0.01,markov,0.58,extended_moore_r2,30,70,0.9,0.347768306574944,0.3,0,0.42,0.08,140,0.2943015054371697,0.2,10,1.1297746210636408,7.20801374515111e-18,0.2,plastic,calibration,-0.0176419849911842,False,alpha_async,30,130,180,1,-1,1.0,0.6,0.6,60,0.1898064319829664,0,0,40,0.9993328168044076,2,0,0.25,0.01,0.75,50.0,lesion,30.0,0.45,0.2,0.1,0.002,8.0
44,220,0.4558305865706221,0.5,0.1174941547066967,0.0,0.125,0.0,extended_moore_r2__markov__plastic__intr0__struct0__alpha_async__lesion__s2__5f275cf490,0.0264622415563128,0.0222482984776329,0.25,False,0.7866306274249375,0.002,0.01,markov,0.68,extended_moore_r2,30,70,0.9,0.2511529494820865,0.3,0,0.42,0.08,140,0.3218262876985338,0.3,10,0.9171402452953228,5.4793603692735895e-18,0.2,plastic,calibration,-0.0061574226693152,False,alpha_async,30,130,180,2,-1,1.0,0.6,0.6,60,0.018588812696013,0,0,40,1.0,2,0,0.25,0.01,0.75,50.0,lesion,30.0,0.45,0.2,0.1,0.002,8.0
44,220,0.4166792697671955,0.5,-0.2653091782994478,0.0,0.125,0.1961676083359126,extended_moore_r2__ql__plastic__intr0__struct0__alpha_async__baseline__s2__f578f731d2,-0.0288428900699664,0.0039986014542676,0.25,False,0.7076832219879289,0.002,0.01,ql,0.62,extended_moore_r2,30,70,0.9,0.3695589768931968,0.3,0,0.42,0.08,140,0.4133022146241687,0.4,10,0.6827319500442712,5.0455365608708445e-18,0.2,plastic,calibration,,False,alpha_async,30,130,180,2,-1,1.0,0.6,0.6,60,0.1623574313201691,0,0,40,0.9992467286501376,2,0,0.25,0.01,0.75,50.0,baseline,30.0,0.45,0.2,0.1,0.002,8.0
44,220,0.4264899080556654,0.5,-0.2748280871606664,0.0,0.125,0.2154984069098936,extended_moore_r2__ql__plastic__intr0__struct0__alpha_async__lesion__s2__266b0a9295,-2.604977324425508e-05,-0.0334883232179947,0.25,False,0.6724384480911774,0.002,0.01,ql,0.62,extended_moore_r2,30,70,0.9,0.4003049411305412,0.3,0,0.42,0.08,140,0.3740101866842065,0.2,10,0.8103490149198255,2.8945055701234462e-18,0.2,plastic,calibration,0.0013579268448516,False,alpha_async,30,130,180,2,-1,1.0,0.6,0.6,60,0.161908036692255,0,0,40,0.9996341253443526,2,0,0.25,0.01,0.75,50.0,lesion,30.0,0.45,0.2,0.1,0.002,8.0
44,220,0.4657788638772493,0.5,-0.0827250784947652,0.0,0.125,0.0,extended_hex_r2__markov__plastic__intr0__struct0__alpha_async__baseline__s2__23645c3a98,0.0005197000577465,-0.0008096628989343,0.25,False,0.9150506542736282,0.002,0.01,markov,0.58,extended_hex_r2,30,70,0.9,0.1894515744602955,0.3,0,0.42,0.08,140,0.4405719661739741,0.3,10,0.6908568302242438,3.5614103987653865e-18,0.2,plastic,calibration,,False,alpha_async,30,130,180,2,-1,1.0,0.6,0.6,60,0.0117070420409448,0,0,40,1.0,2,0,0.25,0.01,0.75,50.0,baseline,30.0,0.45,0.2,0.1,0.002,8.0
44,220,0.4684713711146768,0.5,-0.0005013794174326,0.0,0.125,0.0,extended_hex_r2__markov__plastic__intr0__struct0__alpha_async__lesion__s1__63c40ecf0d,0.0097446294369391,0.0138769771385384,0.25,False,0.8265716118171846,0.002,0.01,markov,0.68,extended_hex_r2,30,70,0.9,0.2537129198344888,0.3,0,0.42,0.08,140,0.3459146696337007,0.4,10,0.8268461758228615,4.2047414313614455e-18,0.2,plastic,calibration,-0.0019210463131463,False,alpha_async,30,130,180,1,-1,1.0,0.6,0.6,60,0.007026066552296,0,0,40,1.0,2,0,0.25,0.01,0.75,50.0,lesion,30.0,0.45,0.2,0.1,0.002,8.0
44,220,0.4218108711756511,0.5,-0.0518873669540088,0.0,0.125,0.1357356393931124,extended_hex_r2__ql__plastic__intr0__struct0__alpha_async__baseline__s1__2246f4ab88,-0.001283208218218,-0.0040156282655436,0.25,False,0.8218745499071437,0.002,0.01,ql,0.68,extended_hex_r2,30,70,0.9,0.2524090491898559,0.3,0,0.42,0.08,140,0.4430889177804829,0.2,10,0.2820623050613737,4.114666374494612e-18,0.2,plastic,calibration,,False,alpha_async,30,130,180,1,-1,1.0,0.6,0.6,60,0.0048750389294235,0,0,40,1.0,2,0,0.25,0.01,0.75,50.0,baseline,30.0,0.45,0.2,0.1,0.002,8.0
44,220,0.4409328032602309,0.5,-0.0360047053233365,0.0,0.125,0.1701775207643481,extended_hex_r2__ql__plastic__intr0__struct0__alpha_async__lesion__s1__e889807dbe,0.0113467959215146,-0.0104636733832762,0.25,False,0.8873202264807688,0.002,0.01,ql,0.62,extended_hex_r2,30,70,0.9,0.206742344315104,0.3,0,0.42,0.08,140,0.3931377104750591,0.3,10,0.5357470377936038,3.9022362506482915e-18,0.2,plastic,calibration,0.045918445305737,False,alpha_async,30,130,180,1,-1,1.0,0.6,0.6,60,0.0096249188125389,0,0,40,1.0,2,0,0.25,0.01,0.75,50.0,lesion,30.0,0.45,0.2,0.1,0.002,8.0
44,220,0.4137996605263774,0.5,-0.3563575118516367,0.0,0.125,0.0,square_moore__markov__plastic__intr0__struct0__alpha_async__baseline__s2__ba4a9fc652,0.008884292724954,0.002683597044616,0.25,False,0.5530546945484853,0.002,0.016,markov,0.58,square_moore,30,70,0.9,0.4801990728023591,0.3,0,0.42,0.08,140,0.4062481776264383,0.3,10,1.471421032153181,5.986266397950499e-18,0.2,plastic,calibration,,False,alpha_async,30,130,180,2,-1,1.0,0.6,0.6,60,0.0702424974471221,0,0,40,1.0,2,0,0.25,0.01,0.75,50.0,baseline,30.0,0.45,0.2,0.1,0.002,8.0
44,220,0.3087549236818296,0.5,0.0149945421158456,0.0,0.125,0.0,square_moore__markov__plastic__intr0__struct0__alpha_async__lesion__s1__693d87e774,0.0894432412600858,0.0833070164676982,0.25,False,0.410712536052843,0.002,0.016,markov,0.68,square_moore,30,70,0.9,0.355520461152125,0.3,0,0.42,0.08,140,0.2366849885127639,0.4,10,1.5503715220023775,6.165286804589588e-18,0.2,plastic,calibration,0.0500294105194314,False,alpha_async,30,130,180,1,-1,1.0,0.6,0.6,60,0.0539229368486715,0,0,40,1.0,2,0,0.25,0.01,0.75,50.0,lesion,30.0,0.45,0.2,0.1,0.002,8.0
44,220,0.4100881643510397,0.5,-0.3705364799797244,0.0,0.125,0.2851428127089356,square_moore__ql__plastic__intr0__struct0__alpha_async__baseline__s1__440f529321,-0.0126883807427889,0.0029299263330843,0.25,False,0.5655960250410543,0.002,0.016,ql,0.68,square_moore,30,70,0.9,0.4805989610415198,0.3,0,0.42,0.08,140,0.4056949132075773,0.2,10,1.5145957383485933,6.612238723908686e-18,0.2,plastic,calibration,,False,alpha_async,30,130,180,1,-1,1.0,0.6,0.6,60,0.0829848690721979,0,0,40,1.0,2,0,0.25,0.01,0.75,50.0,baseline,30.0,0.45,0.2,0.1,0.002,8.0
44,220,0.4060591665623288,0.5,-0.3242754297311735,0.0,0.125,0.3180720018582217,square_moore__ql__plastic__intr0__struct0__alpha_async__lesion__s1__e58854b580,0.0178059177118684,-0.0001293681355717,0.25,False,0.5980690577621611,0.002,0.016,ql,0.62,square_moore,30,70,0.9,0.4449742427133117,0.3,0,0.42,0.08,140,0.3340973968440068,0.3,10,1.487284828102747,7.079952772812667e-18,0.2,plastic,calibration,0.0119667527335688,False,alpha_async,30,130,180,1,-1,1.0,0.6,0.6,60,0.1128391933900775,0,0,40,1.0,2,0,0.25,0.01,0.75,50.0,lesion,30.0,0.45,0.2,0.1,0.002,8.0
44,220,0.4224143426553088,0.5,-0.363239897612817,0.0,0.125,0.0,hex_cells__markov__plastic__intr0__struct0__alpha_async__baseline__s1__0b11477b3f,-0.0043840725392909,0.0035362333053019,0.25,False,0.5975460261872102,0.002,0.016,markov,0.58,hex_cells,30,70,0.9,0.4627069619073662,0.3,0,0.42,0.08,140,0.4173770918388386,0.4,10,1.3099524578217294,4.898444043086249e-18,0.2,plastic,calibration,,False,alpha_async,30,130,180,1,-1,1.0,0.6,0.6,60,0.0177605062151093,0,0,40,1.0,2,0,0.25,0.01,0.75,50.0,baseline,30.0,0.45,0.2,0.1,0.002,8.0
44,220,0.323096825371299,0.5,0.0466708892685751,0.0,0.125,0.0,hex_cells__markov__plastic__intr0__struct0__alpha_async__lesion__s1__7d5c52132e,0.0862081391305073,0.0709546200727719,0.25,False,0.4560407328067666,0.002,0.016,markov,0.58,hex_cells,30,70,0.9,0.3474484989756011,0.3,0,0.42,0.08,140,0.2501090262820701,0.2,10,1.531039130256774,6.0278356737577054e-18,0.2,plastic,calibration,0.0428845552031174,False,alpha_async,30,130,180,1,-1,1.0,0.6,0.6,60,0.050870367666743,0,0,40,1.0,2,0,0.25,0.01,0.75,50.0,lesion,30.0,0.45,0.2,0.1,0.002,8.0
44,220,0.3501347049288047,0.5,-0.0268705891158843,0.0,0.125,0.0,hex_cells__markov__plastic__intr0__struct0__alpha_async__lesion__s2__b0147b0028,0.0729097470359163,0.0679343064029416,0.25,False,0.4836111580894707,0.002,0.016,markov,0.68,hex_cells,30,70,0.9,0.3776311347825825,0.3,0,0.42,0.08,140,0.2687417042634523,0.3,10,1.5275014160398843,5.317562915321069e-18,0.2,plastic,calibration,0.0535412438061964,False,alpha_async,30,130,180,2,-1,1.0,0.6,0.6,60,0.0459352661937572,0,0,40,1.0,2,0,0.25,0.01,0.75,50.0,lesion,30.0,0.45,0.2,0.1,0.002,8.0
44,220,0.4227660261754688,0.5,-0.3558606414892585,0.0,0.125,0.2787007415156037,hex_cells__ql__plastic__intr0__struct0__alpha_async__baseline__s2__46cab30ef6,-0.0086410723958677,0.0004913449913594,0.25,False,0.600199314795351,0.002,0.016,ql,0.62,hex_cells,30,70,0.9,0.4661925177789678,0.3,0,0.42,0.08,140,0.4177172303110693,0.4,10,1.3025214599657144,3.3821871620179466e-18,0.2,plastic,calibration,,False,alpha_async,30,130,180,2,-1,1.0,0.6,0.6,60,0.0154255003485878,0,0,40,1.0,2,0,0.25,0.01,0.75,50.0,baseline,30.0,0.45,0.2,0.1,0.002,8.0
44,220,0.4249345424481004,0.5,-0.3678602869926154,0.0,0.125,0.2924610041945092,hex_cells__ql__plastic__intr0__struct0__alpha_async__lesion__s2__4a9e9536ef,-0.0071634371338356,-0.0069148811540392,0.25,False,0.6104022288134181,0.002,0.016,ql,0.62,hex_cells,30,70,0.9,0.4670060346803232,0.3,0,0.42,0.08,140,0.3563047179396791,0.2,10,1.3187828089573674,3.51374221792899e-18,0.2,plastic,calibration,-0.0136710719339224,False,alpha_async,30,130,180,2,-1,1.0,0.6,0.6,60,0.0231403946610684,0,0,40,1.0,2,0,0.25,0.01,0.75,50.0,lesion,30.0,0.45,0.2,0.1,0.002,8.0
44,220,0.4069438481709405,0.5,-0.2601702815779032,0.0,0.125,0.0,honeycomb__markov__plastic__intr0__struct0__alpha_async__baseline__s2__0a1b6c5255,0.0091888230589357,-0.0040042187338205,0.25,False,0.743189073344342,0.002,0.016,markov,0.58,honeycomb,30,70,0.9,0.3443568332134185,0.3,0,0.42,0.08,140,0.3977103871218622,0.3,10,1.498087961270268,1.554938263570494e-18,0.2,plastic,calibration,,False,alpha_async,30,130,180,2,-1,1.0,0.6,0.6,60,0.006483984933889,0,0,40,1.0,2,0,0.25,0.01,0.75,50.0,baseline,30.0,0.45,0.2,0.1,0.002,8.0
44,220,0.1156511369130295,0.5,0.495404146726431,0.0,0.125,0.0,honeycomb__markov__plastic__intr0__struct0__alpha_async__lesion__s1__694e6cf693,0.3377526873694626,0.3008357149592507,0.25,False,0.2106691427909451,0.002,0.016,markov,0.68,honeycomb,30,70,0.9,0.1071507073727881,0.3,0,0.42,0.08,140,0.1175446834926066,0.4,10,0.995774163894094,6.149634675113133e-18,0.2,plastic,calibration,0.3299002212771086,False,alpha_async,30,130,180,1,-1,1.0,0.6,0.6,60,0.1380566891679624,0,0,40,1.0,2,0,0.25,0.01,0.75,50.0,lesion,30.0,0.45,0.2,0.1,0.002,8.0
44,220,0.3938419821907351,0.5,-0.1961958919622075,0.0,0.125,0.2783939985882695,honeycomb__ql__plastic__intr0__struct0__alpha_async__baseline__s1__37bd547242,0.0094945778622362,0.0110454307080176,0.25,False,0.7135195915075154,0.002,0.016,ql,0.68,honeycomb,30,70,0.9,0.3473018496898843,0.3,0,0.42,0.08,140,0.3883121984071093,0.2,10,1.5155677614577625,2.375632492474506e-18,0.2,plastic,calibration,,False,alpha_async,30,130,180,1,-1,1.0,0.6,0.6,60,0.0057949580663199,0,0,40,1.0,2,0,0.25,0.01,0.75,50.0,baseline,30.0,0.45,0.2,0.1,0.002,8.0
44,220,0.3018539413746987,0.5,0.1601008210110877,0.0,0.125,0.3953467638278062,honeycomb__ql__plastic__intr0__struct0__alpha_async__lesion__s1__a2dddb08c5,0.1104049932509366,0.109014795423866,0.25,False,0.6485685485491001,0.002,0.016,ql,0.62,honeycomb,30,70,0.9,0.2310084725260373,0.3,0,0.42,0.08,140,0.2549457481014717,0.3,10,1.5157052302782936,3.226580334679112e-18,0.2,plastic,calibration,0.0673345858037039,False,alpha_async,30,130,180,1,-1,1.0,0.6,0.6,60,0.0831430299019326,0,0,40,1.0,2,0,0.25,0.01,0.75,50.0,lesion,30.0,0.45,0.2,0.1,0.002,8.0
44,220,0.4163909689208533,0.5,-0.2441672960044665,0.0,0.125,0.0,extended_moore_r2__markov__plastic__intr0__struct0__alpha_async__baseline__s1__30b4c128e7,-0.012914088557264,0.0114904096327057,0.25,False,0.8031387479142689,0.002,0.016,markov,0.58,extended_moore_r2,30,70,0.9,0.2931033917277839,0.3,0,0.42,0.08,140,0.4109536809864931,0.4,10,0.4809797745050572,4.912935305547811e-18,0.2,plastic,calibration,,False,alpha_async,30,130,180,1,-1,1.0,0.6,0.6,60,0.0885174258975351,0,0,40,0.988787017906336,2,0,0.25,0.01,0.75,50.0,baseline,30.0,0.45,0.2,0.1,0.002,8.0
44,220,0.3792765744125275,0.5,0.0040847021771817,0.0,0.125,0.0,extended_moore_r2__markov__plastic__intr0__struct0__alpha_async__lesion__s1__6db781696b,0.0365307981788991,0.0397279630720374,0.25,False,0.6763609761159428,0.002,0.016,markov,0.58,extended_moore_r2,30,70,0.9,0.3032067821036596,0.3,0,0.42,0.08,140,0.2843710590697352,0.2,10,1.059963199858269,6.108290098768288e-18,0.2,plastic,calibration,0.0091075613149633,False,alpha_async,30,130,180,1,-1,1.0,0.6,0.6,60,0.1193053249773801,0,0,40,0.9928331611570248,2,0,0.25,0.01,0.75,50.0,lesion,30.0,0.45,0.2,0.1,0.002,8.0
44,220,0.4480445491958322,0.5,0.1554094217067031,0.0,0.125,0.0,extended_moore_r2__markov__plastic__intr0__struct0__alpha_async__lesion__s2__5286a4efc9,0.0302830315744853,0.0262002830652166,0.25,False,0.7776458322552113,0.002,0.016,markov,0.68,extended_moore_r2,30,70,0.9,0.2464997288373883,0.3,0,0.42,0.08,140,0.3147028874283835,0.3,10,0.9609701448914044,5.139336558360042e-18,0.2,plastic,calibration,-0.0057025713622699,False,alpha_async,30,130,180,2,-1,1.0,0.6,0.6,60,0.0235801643744011,0,0,40,0.9991391184573004,2,0,0.25,0.01,0.75,50.0,lesion,30.0,0.45,0.2,0.1,0.002,8.0
44,220,0.4015020036270441,0.5,-0.1980499685523289,0.0,0.125,0.1809688342298455,extended_moore_r2__ql__plastic__intr0__struct0__alpha_async__baseline__s2__71529fd17b,0.0099882593808117,-0.0093112011424011,0.25,False,0.7779636143571129,0.002,0.016,ql,0.62,extended_moore_r2,30,70,0.9,0.2990656123549603,0.3,0,0.42,0.08,140,0.4051966827138699,0.4,10,0.4176141612175414,4.9287396481814796e-18,0.2,plastic,calibration,,False,alpha_async,30,130,180,2,-1,1.0,0.6,0.6,60,0.0898420261194948,0,0,40,0.9826532369146006,2,0,0.25,0.01,0.75,50.0,baseline,30.0,0.45,0.2,0.1,0.002,8.0
44,220,0.4403256113388491,0.5,-0.1981804012185695,0.0,0.125,0.1940003419507297,extended_moore_r2__ql__plastic__intr0__struct0__alpha_async__lesion__s2__0997609e8e,-0.0134226519802427,-0.0448139102208222,0.25,False,0.7957996481701792,0.002,0.016,ql,0.62,extended_moore_r2,30,70,0.9,0.3036589304896245,0.3,0,0.42,0.08,140,0.372798068814536,0.2,10,0.7373978258675689,3.0949465075692668e-18,0.2,plastic,calibration,0.0156932748561519,False,alpha_async,30,130,180,2,-1,1.0,0.6,0.6,60,0.1354833193340984,0,0,40,0.9938231749311296,2,0,0.25,0.01,0.75,50.0,lesion,30.0,0.45,0.2,0.1,0.002,8.0
44,220,0.4649656025602743,0.5,-0.0808369634626545,0.0,0.125,0.0,extended_hex_r2__markov__plastic__intr0__struct0__alpha_async__baseline__s2__3736ae08ab,0.0004436381352184,-0.001017562343857,0.25,False,0.9156906758202036,0.002,0.016,markov,0.58,extended_hex_r2,30,70,0.9,0.1882621173828865,0.3,0,0.42,0.08,140,0.4399118058558283,0.3,10,0.6828770648372614,4.389271903165492e-18,0.2,plastic,calibration,,False,alpha_async,30,130,180,2,-1,1.0,0.6,0.6,60,0.0110555769107985,0,0,40,1.0,2,0,0.25,0.01,0.75,50.0,baseline,30.0,0.45,0.2,0.1,0.002,8.0
44,220,0.4625274769966638,0.5,0.0255832351188822,0.0,0.125,0.0,extended_hex_r2__markov__plastic__intr0__struct0__alpha_async__lesion__s1__188d72e717,0.011523293901655,0.019818664505261,0.25,False,0.8216396278343262,0.002,0.016,markov,0.68,extended_hex_r2,30,70,0.9,0.2511716798519957,0.3,0,0.42,0.08,140,0.3399564184867278,0.4,10,0.8582655232519882,3.707408520809932e-18,0.2,plastic,calibration,-0.0039578023873149,False,alpha_async,30,130,180,1,-1,1.0,0.6,0.6,60,0.0080997482129598,0,0,40,1.0,2,0,0.25,0.01,0.75,50.0,lesion,30.0,0.45,0.2,0.1,0.002,8.0
44,220,0.4449339734829126,0.5,0.0075990659607351,0.0,0.125,0.1309403376324964,extended_hex_r2__ql__plastic__intr0__struct0__alpha_async__baseline__s1__4c3dc5f3b6,0.0501574061069566,0.0353608349565452,0.25,False,0.8468965341422766,0.002,0.016,ql,0.68,extended_hex_r2,30,70,0.9,0.2406463401836965,0.3,0,0.42,0.08,140,0.4393971958844367,0.2,10,0.7559714744879562,4.068644777950381e-18,0.2,plastic,calibration,,False,alpha_async,30,130,180,1,-1,1.0,0.6,0.6,60,0.0239058055924461,0,0,40,1.0,2,0,0.25,0.01,0.75,50.0,baseline,30.0,0.45,0.2,0.1,0.002,8.0
44,220,0.4652628872692221,0.5,-0.0618422229578207,0.0,0.125,0.163450533178218,extended_hex_r2__ql__plastic__intr0__struct0__alpha_async__lesion__s1__09047ee144,-0.0014824520622335,0.0036011439352028,0.25,False,0.8838082430209308,0.002,0.016,ql,0.62,extended_hex_r2,30,70,0.9,0.218149873170514,0.3,0,0.42,0.08,140,0.3898976553441344,0.3,10,0.738822364712188,4.113138966540172e-18,0.2,plastic,calibration,-0.0101360950028499,False,alpha_async,30,130,180,1,-1,1.0,0.6,0.6,60,0.0061827660868723,0,0,40,1.0,2,0,0.25,0.01,0.75,50.0,lesion,30.0,0.45,0.2,0.1,0.002,8.0
44,220,0.4211116123477565,0.5,-0.3962352770979234,0.0,0.125,0.0,square_moore__markov__plastic__intr0__struct0__alpha_async__baseline__s2__5a0533e3af,0.0086309849793504,0.0036151323450699,0.25,False,0.4649579793483577,0.002,0.006,markov,0.58,square_moore,30,70,0.9,0.5313567025771027,0.3,0,0.42,0.08,140,0.4128590506050097,0.4,10,1.550112669291468,4.9776212047576095e-18,0.2,plastic,calibration,,False,alpha_async,30,130,180,2,-1,1.0,0.6,0.6,60,0.0902338071130935,0,0,40,1.0,2,0,0.25,0.01,0.75,50.0,baseline,30.0,0.45,0.2,0.1,0.002,8.0
44,220,0.2827235672162118,0.5,0.1225680565660953,0.0,0.125,0.0,square_moore__markov__plastic__intr0__struct0__alpha_async__lesion__s2__d4e948f3e4,0.1117825014344827,0.1118262084445424,0.25,False,0.4063159247866446,0.002,0.006,markov,0.58,square_moore,30,70,0.9,0.3055709194502581,0.3,0,0.42,0.08,140,0.2199425604025719,0.2,10,1.5295094301101786,7.880086529883279e-18,0.2,plastic,calibration,0.0752500624296857,False,alpha_async,30,130,180,2,-1,1.0,0.6,0.6,60,0.0628580366506657,0,0,40,1.0,2,0,0.25,0.01,0.75,50.0,lesion,30.0,0.45,0.2,0.1,0.002,8.0
44,220,0.4222246183656767,0.5,-0.3820835336296087,0.0,0.125,0.3016787662026725,square_moore__ql__plastic__intr0__struct0__alpha_async__baseline__s1__40834d1e0c,-0.0097563860682425,0.0038256155937994,0.25,False,0.505916516155769,0.002,0.006,ql,0.68,square_moore,30,70,0.9,0.5157516367175864,0.3,0,0.42,0.08,140,0.4137609566335047,0.3,10,1.5088624914879998,4.6088281980706634e-18,0.2,plastic,calibration,,False,alpha_async,30,130,180,1,-1,1.0,0.6,0.6,60,0.1216326775697743,0,0,40,1.0,2,0,0.25,0.01,0.75,50.0,baseline,30.0,0.45,0.2,0.1,0.002,8.0
44,220,0.4057667550652938,0.5,-0.2925271324248436,0.0,0.125,0.3279468057250465,square_moore__ql__plastic__intr0__struct0__alpha_async__lesion__s1__f8d3591ca8,0.0209886815977798,0.0016704751284963,0.25,False,0.6304093688584331,0.002,0.006,ql,0.62,square_moore,30,70,0.9,0.4184749266692057,0.3,0,0.42,0.08,140,0.3323562480520879,0.4,10,1.4084273541390877,5.7145718920868875e-18,0.2,plastic,calibration,0.0196296764210981,False,alpha_async,30,130,180,1,-1,1.0,0.6,0.6,60,0.0874108179558588,0,0,40,1.0,2,0,0.25,0.01,0.75,50.0,lesion,30.0,0.45,0.2,0.1,0.002,8.0
44,220,0.4322363084252196,0.5,-0.3894718743802934,0.0,0.125,0.0,hex_cells__markov__plastic__intr0__struct0__alpha_async__baseline__s1__d830e2f116,-0.0018592897276801,0.0037269933495906,0.25,False,0.5563968939546997,0.002,0.006,markov,0.62,hex_cells,30,70,0.9,0.4999288060641066,0.3,0,0.42,0.08,140,0.4281316124013148,0.2,10,1.3450576061338635,3.561722000000462e-18,0.2,plastic,calibration,,False,alpha_async,30,130,180,1,-1,1.0,0.6,0.6,60,0.0292978412154766,0,0,40,1.0,2,0,0.25,0.01,0.75,50.0,baseline,30.0,0.45,0.2,0.1,0.002,8.0
44,220,0.3425575167439814,0.5,0.0051239226680805,0.0,0.125,0.0,hex_cells__markov__plastic__intr0__struct0__alpha_async__lesion__s1__1bc18eec38,0.0747216234623621,0.0729000887372282,0.25,False,0.4493260732360408,0.002,0.006,markov,0.58,hex_cells,30,70,0.9,0.374910303720051,0.3,0,0.42,0.08,140,0.2629620700840619,0.3,10,1.555660303722177,2.763456634293629e-18,0.2,plastic,calibration,0.0335254866555406,False,alpha_async,30,130,180,1,-1,1.0,0.6,0.6,60,0.0521963350510985,0,0,40,1.0,2,0,0.25,0.01,0.75,50.0,lesion,30.0,0.45,0.2,0.1,0.002,8.0
44,220,0.3732616934371888,0.5,-0.0816039844072405,0.0,0.125,0.0,hex_cells__markov__plastic__intr0__struct0__alpha_async__lesion__s2__ffbbda8599,0.0648342930575293,0.0565756001075621,0.25,False,0.4790776701602731,0.002,0.006,markov,0.68,hex_cells,30,70,0.9,0.4104163536775533,0.3,0,0.42,0.08,140,0.2838279140243491,0.4,10,1.556984895740205,2.7498008834226405e-18,0.2,plastic,calibration,0.0307265589460727,False,alpha_async,30,130,180,2,-1,1.0,0.6,0.6,60,0.0486603435583722,0,0,40,1.0,2,0,0.25,0.01,0.75,50.0,lesion,30.0,0.45,0.2,0.1,0.002,8.0
44,220,0.4334892705043416,0.5,-0.3826266966279659,0.0,0.125,0.2739467108754452,hex_cells__ql__plastic__intr0__struct0__alpha_async__baseline__s2__f6e0498905,-0.0013266069227082,-0.0077019718201756,0.25,False,0.5949446709365785,0.002,0.006,ql,0.68,hex_cells,30,70,0.9,0.4847201526760316,0.3,0,0.42,0.08,140,0.4300983349917121,0.2,10,1.3200508979141712,5.488662729903803e-18,0.2,plastic,calibration,,False,alpha_async,30,130,180,2,-1,1.0,0.6,0.6,60,0.0436806644547778,0,0,40,1.0,2,0,0.25,0.01,0.75,50.0,baseline,30.0,0.45,0.2,0.1,0.002,8.0
44,220,0.4432830995014252,0.5,-0.3860179415235495,0.0,0.125,0.2965122577448483,hex_cells__ql__plastic__intr0__struct0__alpha_async__lesion__s2__48df29f13b,0.0052828879106846,-0.0099427841779455,0.25,False,0.5842376346498059,0.002,0.006,ql,0.62,hex_cells,30,70,0.9,0.4952012726625294,0.3,0,0.42,0.08,140,0.3651293697113934,0.3,10,1.2466837329274842,2.9321312072586843e-18,0.2,plastic,calibration,-0.004616137871926,False,alpha_async,30,130,180,2,-1,1.0,0.6,0.6,60,0.0291070431220239,0,0,40,1.0,2,0,0.25,0.01,0.75,50.0,lesion,30.0,0.45,0.2,0.1,0.002,8.0
44,220,0.4028757972267482,0.5,-0.2434189263201608,0.0,0.125,0.0,honeycomb__markov__plastic__intr0__struct0__alpha_async__baseline__s2__65922df217,-0.0007240684784588,0.0124680505285776,0.25,False,0.7424937438951646,0.002,0.006,markov,0.58,honeycomb,30,70,0.9,0.3397332586497502,0.3,0,0.42,0.08,140,0.3972537755825864,0.4,10,1.4942271773462417,3.768818103896069e-18,0.2,plastic,calibration,,False,alpha_async,30,130,180,2,-1,1.0,0.6,0.6,60,0.0067663977190688,0,0,40,1.0,2,0,0.25,0.01,0.75,50.0,baseline,30.0,0.45,0.2,0.1,0.002,8.0
44,220,0.1091561160422164,0.5,0.543834700443282,0.0,0.125,0.0,honeycomb__markov__plastic__intr0__struct0__alpha_async__lesion__s2__e8b63e5829,0.3924348166089169,0.298947971794364,0.25,False,0.2036560072455289,0.002,0.006,markov,0.58,honeycomb,30,70,0.9,0.0947495266011797,0.3,0,0.42,0.08,140,0.1156389560591335,0.2,10,0.9665745599541936,7.512475345604351e-18,0.2,plastic,calibration,0.367371584377939,False,alpha_async,30,130,180,2,-1,1.0,0.6,0.6,60,0.1446238549893534,0,0,40,1.0,2,0,0.25,0.01,0.75,50.0,lesion,30.0,0.45,0.2,0.1,0.002,8.0
44,220,0.3914552850312731,0.5,-0.1700013754679029,0.0,0.125,0.2812369669631434,honeycomb__ql__plastic__intr0__struct0__alpha_async__baseline__s1__d73b9c1b5e,0.0003687269514095,-0.0101572128536717,0.25,False,0.7129876371620842,0.002,0.006,ql,0.68,honeycomb,30,70,0.9,0.3403662331988845,0.3,0,0.42,0.08,140,0.3874325400937983,0.3,10,1.5244891478959173,2.890399164711051e-18,0.2,plastic,calibration,,False,alpha_async,30,130,180,1,-1,1.0,0.6,0.6,60,0.0059089340854697,0,0,40,1.0,2,0,0.25,0.01,0.75,50.0,baseline,30.0,0.45,0.2,0.1,0.002,8.0
44,220,0.2929531010866535,0.5,0.2014869673530506,0.0,0.125,0.4037653406588672,honeycomb__ql__plastic__intr0__struct0__alpha_async__lesion__s1__106b110891,0.1338698550051197,0.1233535683505273,0.25,False,0.6381378548099055,0.002,0.006,ql,0.62,honeycomb,30,70,0.9,0.2179368465161962,0.3,0,0.42,0.08,140,0.2480623196856849,0.4,10,1.5005169899711,3.82239691488927e-18,0.2,plastic,calibration,0.1027565488778293,False,alpha_async,30,130,180,1,-1,1.0,0.6,0.6,60,0.1062472648295085,0,0,40,1.0,2,0,0.25,0.01,0.75,50.0,lesion,30.0,0.45,0.2,0.1,0.002,8.0
44,220,0.430418731368072,0.5,-0.2773243456622374,0.0,0.125,0.0,extended_moore_r2__markov__plastic__intr0__struct0__alpha_async__baseline__s1__4246354d12,0.0263785320123247,-0.0055530141605782,0.25,False,0.637175443873112,0.002,0.006,markov,0.62,extended_moore_r2,30,70,0.9,0.4188885591975217,0.3,0,0.42,0.08,140,0.4252401526651921,0.2,10,0.8335878998219413,4.40037764791568e-18,0.2,plastic,calibration,,False,alpha_async,30,130,180,1,-1,1.0,0.6,0.6,60,0.0873239247961938,0,0,40,1.0,2,0,0.25,0.01,0.75,50.0,baseline,30.0,0.45,0.2,0.1,0.002,8.0
44,220,0.3936668373791455,0.5,-0.0965837614131804,0.0,0.125,0.0,extended_moore_r2__markov__plastic__intr0__struct0__alpha_async__lesion__s1__89364c1916,0.0161423685137647,0.0340447106546222,0.25,False,0.5907226813592222,0.002,0.006,markov,0.58,extended_moore_r2,30,70,0.9,0.3753924422122678,0.3,0,0.42,0.08,140,0.2976064538520218,0.3,10,1.1762277351558923,8.161570415874732e-18,0.2,plastic,calibration,-0.0234938445724188,False,alpha_async,30,130,180,1,-1,1.0,0.6,0.6,60,0.2329710569787356,0,0,40,1.0,2,0,0.25,0.01,0.75,50.0,lesion,30.0,0.45,0.2,0.1,0.002,8.0
44,220,0.4555119775686453,0.5,0.117239756974403,0.0,0.125,0.0,extended_moore_r2__markov__plastic__intr0__struct0__alpha_async__lesion__s2__a1a7ee7e75,0.028673566591051,0.023430855499858,0.25,False,0.7859578228906701,0.002,0.006,markov,0.68,extended_moore_r2,30,70,0.9,0.251655543015033,0.3,0,0.42,0.08,140,0.3222625473420404,0.4,10,0.9202428951442831,6.2258361036651504e-18,0.2,plastic,calibration,-0.0052743802533793,False,alpha_async,30,130,180,2,-1,1.0,0.6,0.6,60,0.0187727955075651,0,0,40,1.0,2,0,0.25,0.01,0.75,50.0,lesion,30.0,0.45,0.2,0.1,0.002,8.0
44,220,0.4842491850237933,0.5,-0.0460493251852452,0.0,0.125,0.1244669216189112,extended_moore_r2__ql__plastic__intr0__struct0__alpha_async__baseline__s2__c2385edef7,-0.0028145094545916,-0.0080523543903942,0.25,False,0.8294477644094547,0.002,0.006,ql,0.68,extended_moore_r2,30,70,0.9,0.2600820153740532,0.3,0,0.42,0.08,140,0.4401680351611213,0.2,10,0.6996749792296753,4.466920349399732e-18,0.2,plastic,calibration,,False,alpha_async,30,130,180,2,-1,1.0,0.6,0.6,60,0.0045821940714364,0,0,40,1.0,2,0,0.25,0.01,0.75,50.0,baseline,30.0,0.45,0.2,0.1,0.002,8.0
44,220,0.4275317570740327,0.5,-0.2859248582774285,0.0,0.125,0.2282691613425486,extended_moore_r2__ql__plastic__intr0__struct0__alpha_async__lesion__s2__f0c1357c09,0.0005879016991203,-0.0191452991445868,0.25,False,0.6093146045683275,0.002,0.006,ql,0.62,extended_moore_r2,30,70,0.9,0.4390994926576438,0.3,0,0.42,0.08,140,0.3770786249410087,0.3,10,0.8591146018561302,2.767333254352228e-18,0.2,plastic,calibration,-0.0131708734453774,False,alpha_async,30,130,180,2,-1,1.0,0.6,0.6,60,0.2847231971332896,0,0,40,1.0,2,0,0.25,0.01,0.75,50.0,lesion,30.0,0.45,0.2,0.1,0.002,8.0
44,220,0.4661656073555325,0.5,-0.0851652310714682,0.0,0.125,0.0,extended_hex_r2__markov__plastic__intr0__struct0__alpha_async__baseline__s2__98e1ef8fdd,-0.0002115880243424,-0.0007837123845764,0.25,False,0.9141254939824466,0.002,0.006,markov,0.58,extended_hex_r2,30,70,0.9,0.1909400633984615,0.3,0,0.42,0.08,140,0.4408533291234771,0.4,10,0.6965489813311129,3.904532681641035e-18,0.2,plastic,calibration,,False,alpha_async,30,130,180,2,-1,1.0,0.6,0.6,60,0.0125836870951315,0,0,40,1.0,2,0,0.25,0.01,0.75,50.0,baseline,30.0,0.45,0.2,0.1,0.002,8.0
44,220,0.441899496271935,0.5,0.0547411454798307,0.0,0.125,0.0,extended_hex_r2__markov__plastic__intr0__struct0__alpha_async__lesion__s2__dc73d5c73b,-0.0237011972031899,-0.0042930044100928,0.25,False,0.9008125066346094,0.002,0.006,markov,0.58,extended_hex_r2,30,70,0.9,0.1755009844780265,0.3,0,0.42,0.08,140,0.3402803678522384,0.2,10,0.658701725523004,4.012387628857313e-18,0.2,plastic,calibration,-0.0181379941135059,False,alpha_async,30,130,180,2,-1,1.0,0.6,0.6,60,0.0183706248917787,0,0,40,1.0,2,0,0.25,0.01,0.75,50.0,lesion,30.0,0.45,0.2,0.1,0.002,8.0
44,220,0.4406244023830548,0.5,0.0054171559904566,0.0,0.125,0.1303024364551812,extended_hex_r2__ql__plastic__intr0__struct0__alpha_async__baseline__s1__2c4cc80ccd,0.0331764065879658,0.043348199846785,0.25,False,0.8440542182526722,0.002,0.006,ql,0.68,extended_hex_r2,30,70,0.9,0.2426609543580851,0.3,0,0.42,0.08,140,0.4405917414224161,0.3,10,0.7448852311237957,3.3136459644069466e-18,0.2,plastic,calibration,,False,alpha_async,30,130,180,1,-1,1.0,0.6,0.6,60,0.0233218933594328,0,0,40,1.0,2,0,0.25,0.01,0.75,50.0,baseline,30.0,0.45,0.2,0.1,0.002,8.0
44,220,0.4254800462625907,0.5,-0.0677887192483211,0.0,0.125,0.1706035119970141,extended_hex_r2__ql__plastic__intr0__struct0__alpha_async__lesion__s1__f0688194de,0.0082048634484153,-0.0021013358770248,0.25,False,0.8647621310138475,0.002,0.006,ql,0.62,extended_hex_r2,30,70,0.9,0.2226502446343418,0.3,0,0.42,0.08,140,0.3945877143611616,0.4,10,0.271778586559301,4.150938058911624e-18,0.2,plastic,calibration,0.024362580960254,False,alpha_async,30,130,180,1,-1,1.0,0.6,0.6,60,0.0062898139880003,0,0,40,1.0,2,0,0.25,0.01,0.75,50.0,lesion,30.0,0.45,0.2,0.1,0.002,8.0
44,220,0.4104554081910589,0.5,-0.3990145610962762,0.0,0.125,0.0,square_moore__markov__plastic__intr0__struct0__alpha_async__baseline__s2__49ddba526a,0.0067450393168248,-0.0050028439320239,0.25,False,0.4787603220150844,0.002,0.01,markov,0.58,square_moore,30,70,0.9,0.5254061340638623,0.3,0,0.42,0.08,140,0.4073504206428945,0.4,10,1.5613705293448723,5.150931882327451e-18,0.2,plastic,calibration,,False,alpha_async,30,130,180,2,-1,1.0,0.6,0.6,60,0.1248676557239047,0,0,40,1.0,2,0,0.25,0.01,0.75,50.0,baseline,30.0,0.45,0.2,0.1,0.002,8.0
44,220,0.2672408556695306,0.5,0.1296449323291761,0.0,0.125,0.0,square_moore__markov__plastic__intr0__struct0__alpha_async__lesion__s2__06a6f0cc05,0.1175778701583145,0.1133409598287676,0.25,False,0.3621801791248805,0.002,0.01,markov,0.58,square_moore,30,70,0.9,0.3004372905517092,0.3,0,0.42,0.08,140,0.2117558142426253,0.2,10,1.5069265572498929,5.5708317139297996e-18,0.2,plastic,calibration,0.0883543541469235,False,alpha_async,30,130,180,2,-1,1.0,0.6,0.6,60,0.0924477513156743,0,0,40,1.0,2,0,0.25,0.01,0.75,50.0,lesion,30.0,0.45,0.2,0.1,0.002,8.0
44,220,0.4126942703407601,0.5,-0.401284001069957,0.0,0.125,0.2940794684282162,square_moore__ql__plastic__intr0__struct0__alpha_async__baseline__s1__44594effeb,-0.0001132703769212,-0.0077736853286917,0.25,False,0.4996210441176981,0.002,0.01,ql,0.68,square_moore,30,70,0.9,0.5242334342065174,0.3,0,0.42,0.08,140,0.4110279038352564,0.3,10,1.5576144806994214,6.474082591725223e-18,0.2,plastic,calibration,,False,alpha_async,30,130,180,1,-1,1.0,0.6,0.6,60,0.1048903398984648,0,0,40,1.0,2,0,0.25,0.01,0.75,50.0,baseline,30.0,0.45,0.2,0.1,0.002,8.0
44,220,0.4048839894273253,0.5,-0.3160150325024195,0.0,0.125,0.3228717755895202,square_moore__ql__plastic__intr0__struct0__alpha_async__lesion__s1__e8e662a412,0.0249611138635016,0.0049628603964968,0.25,False,0.6028518410559649,0.002,0.01,ql,0.62,square_moore,30,70,0.9,0.4393509551006174,0.3,0,0.42,0.08,140,0.3337246496865317,0.4,10,1.4750589427157488,5.322881124947432e-18,0.2,plastic,calibration,0.0270971257007104,False,alpha_async,30,130,180,1,-1,1.0,0.6,0.6,60,0.1177367116784466,0,0,40,1.0,2,0,0.25,0.01,0.75,50.0,lesion,30.0,0.45,0.2,0.1,0.002,8.0
44,220,0.4291994102952163,0.5,-0.3710974804823369,0.0,0.125,0.0,hex_cells__markov__plastic__intr0__struct0__alpha_async__baseline__s1__4dac2a2b3e,-0.0011324568693076,-0.007306843133546,0.25,False,0.5647749907301459,0.002,0.01,markov,0.62,hex_cells,30,70,0.9,0.485288122898392,0.3,0,0.42,0.08,140,0.4226064367091315,0.2,10,1.341895898312823,3.0089927741323198e-18,0.2,plastic,calibration,,False,alpha_async,30,130,180,1,-1,1.0,0.6,0.6,60,0.0266644655848925,0,0,40,1.0,2,0,0.25,0.01,0.75,50.0,baseline,30.0,0.45,0.2,0.1,0.002,8.0
44,220,0.3260646758688863,0.5,0.0367645017613248,0.0,0.125,0.0,hex_cells__markov__plastic__intr0__struct0__alpha_async__lesion__s1__fea17bef6f,0.0811108914064665,0.0808782533569537,0.25,False,0.4505782325399884,0.002,0.01,markov,0.58,hex_cells,30,70,0.9,0.3538727144913798,0.3,0,0.42,0.08,140,0.2526907798651184,0.3,10,1.5419067438679763,2.98338256856187e-18,0.2,plastic,calibration,0.0366238701006289,False,alpha_async,30,130,180,1,-1,1.0,0.6,0.6,60,0.0473911933837725,0,0,40,1.0,2,0,0.25,0.01,0.75,50.0,lesion,30.0,0.45,0.2,0.1,0.002,8.0
44,220,0.3661736213481501,0.5,-0.0688240111528543,0.0,0.125,0.0,hex_cells__markov__plastic__intr0__struct0__alpha_async__lesion__s2__21e81331e9,0.0576555595277699,0.0574822916347711,0.25,False,0.4799684342882288,0.002,0.01,markov,0.68,hex_cells,30,70,0.9,0.4016216159641683,0.3,0,0.42,0.08,140,0.2777965773763174,0.4,10,1.545599281627012,3.617842908793461e-18,0.2,plastic,calibration,0.0306113375542968,False,alpha_async,30,130,180,2,-1,1.0,0.6,0.6,60,0.0385324756554746,0,0,40,1.0,2,0,0.25,0.01,0.75,50.0,lesion,30.0,0.45,0.2,0.1,0.002,8.0
44,220,0.4320253422695668,0.5,-0.3569928696429454,0.0,0.125,0.2764413596742958,hex_cells__ql__plastic__intr0__struct0__alpha_async__baseline__s2__d65ada51dd,-0.0109309158495555,-0.0054562490756088,0.25,False,0.6012802158474712,0.002,0.01,ql,0.68,hex_cells,30,70,0.9,0.4676222455100743,0.3,0,0.42,0.08,140,0.4239912896118459,0.2,10,1.3047325905921143,4.900739313413535e-18,0.2,plastic,calibration,,False,alpha_async,30,130,180,2,-1,1.0,0.6,0.6,60,0.0178352096149711,0,0,40,1.0,2,0,0.25,0.01,0.75,50.0,baseline,30.0,0.45,0.2,0.1,0.002,8.0
44,220,0.4331182104886261,0.5,-0.3719973307688107,0.0,0.125,0.2951868718366833,hex_cells__ql__plastic__intr0__struct0__alpha_async__lesion__s2__78df4415c9,-0.0030731988708172,-0.0133942429740584,0.25,False,0.5947926231935223,0.002,0.01,ql,0.62,hex_cells,30,70,0.9,0.4798246136595545,0.3,0,0.42,0.08,140,0.3595830510129214,0.3,10,1.304415130319344,3.497144461921014e-18,0.2,plastic,calibration,-0.0108611251509691,False,alpha_async,30,130,180,2,-1,1.0,0.6,0.6,60,0.0243537135165285,0,0,40,1.0,2,0,0.25,0.01,0.75,50.0,lesion,30.0,0.45,0.2,0.1,0.002,8.0
44,220,0.4034917324698599,0.5,-0.2557948665086973,0.0,0.125,0.0,honeycomb__markov__plastic__intr0__struct0__alpha_async__baseline__s2__4cb3581879,-0.0177018775123698,-0.0108178346462238,0.25,False,0.743093644039042,0.002,0.01,markov,0.58,honeycomb,30,70,0.9,0.3435225502027808,0.3,0,0.42,0.08,140,0.3956456888522499,0.4,10,1.4851039829204458,2.7109872577893055e-18,0.2,plastic,calibration,,False,alpha_async,30,130,180,2,-1,1.0,0.6,0.6,60,0.0068847442874523,0,0,40,1.0,2,0,0.25,0.01,0.75,50.0,baseline,30.0,0.45,0.2,0.1,0.002,8.0
44,220,0.1212849860443775,0.5,0.5234990862800275,0.0,0.125,0.0,honeycomb__markov__plastic__intr0__struct0__alpha_async__lesion__s2__3ca63e4a40,0.3296071964479911,0.2863034837488142,0.25,False,0.2260909601478424,0.002,0.01,markov,0.58,honeycomb,30,70,0.9,0.1063773710383026,0.3,0,0.42,0.08,140,0.1208454597728421,0.2,10,1.0261330551576135,4.845506063154567e-18,0.2,plastic,calibration,0.3120911406703261,False,alpha_async,30,130,180,2,-1,1.0,0.6,0.6,60,0.1515702600311485,0,0,40,1.0,2,0,0.25,0.01,0.75,50.0,lesion,30.0,0.45,0.2,0.1,0.002,8.0
44,220,0.3934270333418659,0.5,-0.1804649332629442,0.0,0.125,0.2768950304683986,honeycomb__ql__plastic__intr0__struct0__alpha_async__baseline__s1__559571f9a3,-0.0055827679887755,-0.0098973952714093,0.25,False,0.7152808182106618,0.002,0.01,ql,0.68,honeycomb,30,70,0.9,0.3418217707452564,0.3,0,0.42,0.08,140,0.3885544869660732,0.3,10,1.5047180907167252,3.308140374803672e-18,0.2,plastic,calibration,,False,alpha_async,30,130,180,1,-1,1.0,0.6,0.6,60,0.0055229950594498,0,0,40,1.0,2,0,0.25,0.01,0.75,50.0,baseline,30.0,0.45,0.2,0.1,0.002,8.0
44,220,0.286444661629347,0.5,0.1866476460412909,0.0,0.125,0.4065274283318819,honeycomb__ql__plastic__intr0__struct0__alpha_async__lesion__s1__1a1fb2b0e2,0.1356195736504801,0.1207108210428026,0.25,False,0.628723438704398,0.002,0.01,ql,0.62,honeycomb,30,70,0.9,0.2196283157213676,0.3,0,0.42,0.08,140,0.2452865308601923,0.4,10,1.4921994453007883,3.862305165190637e-18,0.2,plastic,calibration,0.1074366744003653,False,alpha_async,30,130,180,1,-1,1.0,0.6,0.6,60,0.1088684899440887,0,0,40,1.0,2,0,0.25,0.01,0.75,50.0,lesion,30.0,0.45,0.2,0.1,0.002,8.0
44,220,0.4270239043097059,0.5,-0.2664441133278328,0.0,0.125,0.0,extended_moore_r2__markov__plastic__intr0__struct0__alpha_async__baseline__s1__dfee588952,-0.052626273481836,0.0040709308967736,0.25,False,0.7161670560438089,0.002,0.01,markov,0.62,extended_moore_r2,30,70,0.9,0.3694611453918135,0.3,0,0.42,0.08,140,0.4201962265359293,0.2,10,0.7655463203145905,3.2113003051717733e-18,0.2,plastic,calibration,,False,alpha_async,30,130,180,1,-1,1.0,0.6,0.6,60,0.192279848832508,0,0,40,1.0,2,0,0.25,0.01,0.75,50.0,baseline,30.0,0.45,0.2,0.1,0.002,8.0
44,220,0.382820444392402,0.5,-0.040668582663636,0.0,0.125,0.0,extended_moore_r2__markov__plastic__intr0__struct0__alpha_async__lesion__s1__1f9b387ce6,0.0223039175836002,0.0390924632505712,0.25,False,0.6238204231720301,0.002,0.01,markov,0.58,extended_moore_r2,30,70,0.9,0.3427246899031966,0.3,0,0.42,0.08,140,0.2886056849040891,0.3,10,1.1625591214279112,7.50288173777062e-18,0.2,plastic,calibration,-0.0106826770334611,False,alpha_async,30,130,180,1,-1,1.0,0.6,0.6,60,0.1692260961974648,0,0,40,0.9994619490358126,2,0,0.25,0.01,0.75,50.0,lesion,30.0,0.45,0.2,0.1,0.002,8.0
44,220,0.4510882219241817,0.5,0.1349970470331787,0.0,0.125,0.0,extended_moore_r2__markov__plastic__intr0__struct0__alpha_async__lesion__s2__d7120e6734,0.0310318988684792,0.0264632158159557,0.25,False,0.7806084163132414,0.002,0.01,markov,0.68,extended_moore_r2,30,70,0.9,0.2498431463002172,0.3,0,0.42,0.08,140,0.3180672953128153,0.4,10,0.9463320168052384,5.1533142804123094e-18,0.2,plastic,calibration,-0.0055868268649329,False,alpha_async,30,130,180,2,-1,1.0,0.6,0.6,60,0.0214582474169047,0,0,40,1.0,2,0,0.25,0.01,0.75,50.0,lesion,30.0,0.45,0.2,0.1,0.002,8.0
44,220,0.4834124903855726,0.5,-0.0450351331532059,0.0,0.125,0.1232544419306424,extended_moore_r2__ql__plastic__intr0__struct0__alpha_async__baseline__s2__25987f8ca2,-0.0026442424607949,-0.0069220616330702,0.25,False,0.8296539410047922,0.002,0.01,ql,0.68,extended_moore_r2,30,70,0.9,0.2597648449186241,0.3,0,0.42,0.08,140,0.4400671485490396,0.2,10,0.7071127702335691,4.090854815273581e-18,0.2,plastic,calibration,,False,alpha_async,30,130,180,2,-1,1.0,0.6,0.6,60,0.0045177220543499,0,0,40,1.0,2,0,0.25,0.01,0.75,50.0,baseline,30.0,0.45,0.2,0.1,0.002,8.0
44,220,0.4233058057910798,0.5,-0.2784860069991288,0.0,0.125,0.2177071514229718,extended_moore_r2__ql__plastic__intr0__struct0__alpha_async__lesion__s2__1d7a64293e,0.0036911621723023,-0.0305953567487067,0.25,False,0.6551883550006221,0.002,0.01,ql,0.62,extended_moore_r2,30,70,0.9,0.4106995015882524,0.3,0,0.42,0.08,140,0.3727179968377052,0.3,10,0.8112781900982274,2.6841985357827456e-18,0.2,plastic,calibration,0.0026083790304425,False,alpha_async,30,130,180,2,-1,1.0,0.6,0.6,60,0.1840514774269456,0,0,40,0.9996126033057852,2,0,0.25,0.01,0.75,50.0,lesion,30.0,0.45,0.2,0.1,0.002,8.0
44,220,0.4656327879345292,0.5,-0.0832919172838875,0.0,0.125,0.0,extended_hex_r2__markov__plastic__intr0__struct0__alpha_async__baseline__s2__ae685fed50,-0.0001662724089286,-0.0007573434792328,0.25,False,0.914635164028278,0.002,0.01,markov,0.58,extended_hex_r2,30,70,0.9,0.1899761950538462,0.3,0,0.42,0.08,140,0.4403579156577578,0.4,10,0.6914533631451071,4.300830543483391e-18,0.2,plastic,calibration,,False,alpha_async,30,130,180,2,-1,1.0,0.6,0.6,60,0.0118560777027415,0,0,40,1.0,2,0,0.25,0.01,0.75,50.0,baseline,30.0,0.45,0.2,0.1,0.002,8.0
44,220,0.4390424716365483,0.5,0.0698228802351567,0.0,0.125,0.0,extended_hex_r2__markov__plastic__intr0__struct0__alpha_async__lesion__s2__47424433d8,-0.0193630626846767,-0.0074122688946711,0.25,False,0.8989139848370434,0.002,0.01,markov,0.58,extended_hex_r2,30,70,0.9,0.1730025449616526,0.3,0,0.42,0.08,140,0.3370992696034492,0.2,10,0.657220768810602,3.829500741045581e-18,0.2,plastic,calibration,-0.0080554439938318,False,alpha_async,30,130,180,2,-1,1.0,0.6,0.6,60,0.021893925472277,0,0,40,1.0,2,0,0.25,0.01,0.75,50.0,lesion,30.0,0.45,0.2,0.1,0.002,8.0
44,220,0.4735577192363305,0.5,-0.0451575246078213,0.0,0.125,0.126585686517117,extended_hex_r2__ql__plastic__intr0__struct0__alpha_async__baseline__s1__03b56f2e6a,0.005774430832096,0.0063550664558066,0.25,False,0.8394229104819594,0.002,0.01,ql,0.68,extended_hex_r2,30,70,0.9,0.2533182961876509,0.3,0,0.42,0.08,140,0.4387386977566601,0.3,10,0.7661346846661152,4.385309762427484e-18,0.2,plastic,calibration,,False,alpha_async,30,130,180,1,-1,1.0,0.6,0.6,60,0.0052022934087967,0,0,40,1.0,2,0,0.25,0.01,0.75,50.0,baseline,30.0,0.45,0.2,0.1,0.002,8.0
44,220,0.4338414444259733,0.5,-0.0565576493321477,0.0,0.125,0.1719079349243522,extended_hex_r2__ql__plastic__intr0__struct0__alpha_async__lesion__s1__dbad242582,0.0019524817064761,-0.0149440963314221,0.25,False,0.8786105558997528,0.002,0.01,ql,0.62,extended_hex_r2,30,70,0.9,0.2124129209986002,0.3,0,0.42,0.08,140,0.39316516226743,0.4,10,0.3888361673702161,5.3316597375804334e-18,0.2,plastic,calibration,0.0285605090925701,False,alpha_async,30,130,180,1,-1,1.0,0.6,0.6,60,0.0089848281108805,0,0,40,1.0,2,0,0.25,0.01,0.75,50.0,lesion,30.0,0.45,0.2,0.1,0.002,8.0
44,220,0.4076894439506823,0.5,-0.3659548983334645,0.0,0.125,0.0,square_moore__markov__plastic__intr0__struct0__alpha_async__baseline__s2__ea691bdfa3,-0.0019195444207243,-0.0047965126404253,0.25,False,0.5376964562414598,0.002,0.016,markov,0.58,square_moore,30,70,0.9,0.4871780431484829,0.3,0,0.42,0.08,140,0.4039916888242461,0.4,10,1.507713905493144,4.5101992427996845e-18,0.2,plastic,calibration,,False,alpha_async,30,130,180,2,-1,1.0,0.6,0.6,60,0.0285205852493807,0,0,40,1.0,2,0,0.25,0.01,0.75,50.0,baseline,30.0,0.45,0.2,0.1,0.002,8.0
44,220,0.2882838967821396,0.5,0.0764844333610419,0.0,0.125,0.0,square_moore__markov__plastic__intr0__struct0__alpha_async__lesion__s2__5b7d75149a,0.093236911127269,0.0958876014983556,0.25,False,0.3855775204873696,0.002,0.016,markov,0.58,square_moore,30,70,0.9,0.327349660939045,0.3,0,0.42,0.08,140,0.2221847061671819,0.2,10,1.5335593362867803,6.460501739133961e-18,0.2,plastic,calibration,0.0530171866454259,False,alpha_async,30,130,180,2,-1,1.0,0.6,0.6,60,0.0585749645771019,0,0,40,1.0,2,0,0.25,0.01,0.75,50.0,lesion,30.0,0.45,0.2,0.1,0.002,8.0
44,220,0.4087281081402336,0.5,-0.3681552126000281,0.0,0.125,0.2849022066581733,square_moore__ql__plastic__intr0__struct0__alpha_async__baseline__s1__b5e6d8d292,-0.0003269195245887,-0.005215856290892,0.25,False,0.5517018568647831,0.002,0.016,ql,0.68,square_moore,30,70,0.9,0.4859904403813382,0.3,0,0.42,0.08,140,0.4047309607225187,0.3,10,1.519355834931868,5.493509994924919e-18,0.2,plastic,calibration,,False,alpha_async,30,130,180,1,-1,1.0,0.6,0.6,60,0.0662969957370716,0,0,40,1.0,2,0,0.25,0.01,0.75,50.0,baseline,30.0,0.45,0.2,0.1,0.002,8.0
44,220,0.4064320641175973,0.5,-0.3378599631415881,0.0,0.125,0.3162886982928266,square_moore__ql__plastic__intr0__struct0__alpha_async__lesion__s1__422cd6a5cf,0.0107402262879238,0.0027153398036076,0.25,False,0.5963781044852522,0.002,0.016,ql,0.62,square_moore,30,70,0.9,0.4503271634789639,0.3,0,0.42,0.08,140,0.3340487828532743,0.4,10,1.4783440674252124,7.642418628389665e-18,0.2,plastic,calibration,0.0071168364161098,False,alpha_async,30,130,180,1,-1,1.0,0.6,0.6,60,0.1284526431918122,0,0,40,1.0,2,0,0.25,0.01,0.75,50.0,lesion,30.0,0.45,0.2,0.1,0.002,8.0
44,220,0.4278864247579113,0.5,-0.3545036663918314,0.0,0.125,0.0,hex_cells__markov__plastic__intr0__struct0__alpha_async__baseline__s1__01ca46fbb5,-0.0032511658110705,-0.0009105453813265,0.25,False,0.5970913196652925,0.002,0.016,markov,0.62,hex_cells,30,70,0.9,0.4634696772838443,0.3,0,0.42,0.08,140,0.421095462071151,0.2,10,1.291148767104621,3.879849537766267e-18,0.2,plastic,calibration,,False,alpha_async,30,130,180,1,-1,1.0,0.6,0.6,60,0.0136319495432096,0,0,40,1.0,2,0,0.25,0.01,0.75,50.0,baseline,30.0,0.45,0.2,0.1,0.002,8.0
44,220,0.318674203432828,0.5,0.054613130244238,0.0,0.125,0.0,hex_cells__markov__plastic__intr0__struct0__alpha_async__lesion__s1__d3d8460902,0.0723933163776176,0.0656854917847015,0.25,False,0.4565473498055798,0.002,0.016,markov,0.58,hex_cells,30,70,0.9,0.3409783745009941,0.3,0,0.42,0.08,140,0.2467402400044664,0.3,10,1.5356336029134277,4.234635816023417e-18,0.2,plastic,calibration,0.0239411683769801,False,alpha_async,30,130,180,1,-1,1.0,0.6,0.6,60,0.0487532257143827,0,0,40,1.0,2,0,0.25,0.01,0.75,50.0,lesion,30.0,0.45,0.2,0.1,0.002,8.0
44,220,0.356435239569809,0.5,-0.0490718856094382,0.0,0.125,0.0,hex_cells__markov__plastic__intr0__struct0__alpha_async__lesion__s2__9d5025c559,0.0645563709211871,0.0561441940886739,0.25,False,0.4888482402805694,0.002,0.016,markov,0.68,hex_cells,30,70,0.9,0.3867149523679067,0.3,0,0.42,0.08,140,0.2718868888772792,0.4,10,1.5241874157653634,5.730823142685608e-18,0.2,plastic,calibration,0.0310555539872605,False,alpha_async,30,130,180,2,-1,1.0,0.6,0.6,60,0.0423011608001339,0,0,40,1.0,2,0,0.25,0.01,0.75,50.0,lesion,30.0,0.45,0.2,0.1,0.002,8.0
44,220,0.4247160901723354,0.5,-0.3441038668571695,0.0,0.125,0.2687379187629824,hex_cells__ql__plastic__intr0__struct0__alpha_async__baseline__s2__bf744ad319,0.0167233930169271,0.0081173122320306,0.25,False,0.6085232048730169,0.002,0.016,ql,0.68,hex_cells,30,70,0.9,0.4592047496079476,0.3,0,0.42,0.08,140,0.4225669911060636,0.2,10,1.2995227005685686,2.8657414338359616e-18,0.2,plastic,calibration,,False,alpha_async,30,130,180,2,-1,1.0,0.6,0.6,60,0.0117922375369374,0,0,40,1.0,2,0,0.25,0.01,0.75,50.0,baseline,30.0,0.45,0.2,0.1,0.002,8.0
44,220,0.4284109323980376,0.5,-0.366618699215621,0.0,0.125,0.2941602620279741,hex_cells__ql__plastic__intr0__struct0__alpha_async__lesion__s2__f5dd31ade5,-0.0029779342604038,0.0013185050050628,0.25,False,0.6047476419188635,0.002,0.016,ql,0.62,hex_cells,30,70,0.9,0.4704590864489317,0.3,0,0.42,0.08,140,0.3562169930788325,0.3,10,1.3090106494017857,4.0747833363349776e-18,0.2,plastic,calibration,-0.0086771471034963,False,alpha_async,30,130,180,2,-1,1.0,0.6,0.6,60,0.0403033328336714,0,0,40,1.0,2,0,0.25,0.01,0.75,50.0,lesion,30.0,0.45,0.2,0.1,0.002,8.0
44,220,0.4031042086057594,0.5,-0.2620742936595562,0.0,0.125,0.0,honeycomb__markov__plastic__intr0__struct0__alpha_async__baseline__s2__8978b6d5ff,0.0066535275946816,-0.0118858610460629,0.25,False,0.7379512555422476,0.002,0.016,markov,0.58,honeycomb,30,70,0.9,0.3464147087070755,0.3,0,0.42,0.08,140,0.3969576001994651,0.4,10,1.5067750341771768,3.4726440583195534e-18,0.2,plastic,calibration,,False,alpha_async,30,130,180,2,-1,1.0,0.6,0.6,60,0.0081665756622202,0,0,40,1.0,2,0,0.25,0.01,0.75,50.0,baseline,30.0,0.45,0.2,0.1,0.002,8.0
44,220,0.1235718836534888,0.5,0.5212050252289961,0.0,0.125,0.0,honeycomb__markov__plastic__intr0__struct0__alpha_async__lesion__s2__070b7bdc52,0.3456616261676762,0.2879570288856936,0.25,False,0.226346372472454,0.002,0.016,markov,0.58,honeycomb,30,70,0.9,0.1077399172793237,0.3,0,0.42,0.08,140,0.1230933961727055,0.2,10,1.0526240240853484,5.02949682502209e-18,0.2,plastic,calibration,0.324803723281546,False,alpha_async,30,130,180,2,-1,1.0,0.6,0.6,60,0.1620623467524483,0,0,40,1.0,2,0,0.25,0.01,0.75,50.0,lesion,30.0,0.45,0.2,0.1,0.002,8.0
44,220,0.3917275691120634,0.5,-0.1669253156125035,0.0,0.125,0.277587437125297,honeycomb__ql__plastic__intr0__struct0__alpha_async__baseline__s1__8e21026981,0.0073105391266247,0.0157744090755292,0.25,False,0.7166935120281657,0.002,0.016,ql,0.68,honeycomb,30,70,0.9,0.3382744583651605,0.3,0,0.42,0.08,140,0.3878248333779338,0.3,10,1.511486340190098,1.7043745139843224e-18,0.2,plastic,calibration,,False,alpha_async,30,130,180,1,-1,1.0,0.6,0.6,60,0.0048275086518286,0,0,40,1.0,2,0,0.25,0.01,0.75,50.0,baseline,30.0,0.45,0.2,0.1,0.002,8.0
44,220,0.2731202312705451,0.5,0.229570302665546,0.0,0.125,0.4133477667877297,honeycomb__ql__plastic__intr0__struct0__alpha_async__lesion__s1__c82179acc6,0.151226156600324,0.1312660358758383,0.25,False,0.6126603441769543,0.002,0.016,ql,0.62,honeycomb,30,70,0.9,0.2037157826668966,0.3,0,0.42,0.08,140,0.2367671515898722,0.4,10,1.4591476002306023,4.31037566962941e-18,0.2,plastic,calibration,0.148075580036702,False,alpha_async,30,130,180,1,-1,1.0,0.6,0.6,60,0.1248166205931708,0,0,40,1.0,2,0,0.25,0.01,0.75,50.0,lesion,30.0,0.45,0.2,0.1,0.002,8.0
44,220,0.4224957220289758,0.5,-0.1474356499762178,0.0,0.125,0.0,extended_moore_r2__markov__plastic__intr0__struct0__alpha_async__baseline__s1__0f3c698a90,-0.0144454858878557,0.0069149929218178,0.25,False,0.8309737149473608,0.002,0.016,markov,0.62,extended_moore_r2,30,70,0.9,0.2615458920184897,0.3,0,0.42,0.08,140,0.4224834626370846,0.2,10,0.4096748906931712,3.9276477641466226e-18,0.2,plastic,calibration,,False,alpha_async,30,130,180,1,-1,1.0,0.6,0.6,60,0.0349125144752191,0,0,40,0.9955664600550964,2,0,0.25,0.01,0.75,50.0,baseline,30.0,0.45,0.2,0.1,0.002,8.0
44,220,0.369705170222573,0.5,0.0380983777807593,0.0,0.125,0.0,extended_moore_r2__markov__plastic__intr0__struct0__alpha_async__lesion__s1__e74d4b4fdb,0.039182539451595,0.0403064645022127,0.25,False,0.6516062085663348,0.002,0.016,markov,0.58,extended_moore_r2,30,70,0.9,0.3040659082784926,0.3,0,0.42,0.08,140,0.2785952591800625,0.3,10,1.0936527745267737,5.257112612908775e-18,0.2,plastic,calibration,0.0168833830822514,False,alpha_async,30,130,180,1,-1,1.0,0.6,0.6,60,0.1091915555733254,0,0,40,0.99227358815427,2,0,0.25,0.01,0.75,50.0,lesion,30.0,0.45,0.2,0.1,0.002,8.0
44,220,0.442494934526879,0.5,0.1724099231223817,0.0,0.125,0.0,extended_moore_r2__markov__plastic__intr0__struct0__alpha_async__lesion__s2__df5b012bee,0.034995024643527,0.0306789464090477,0.25,False,0.7695554888158391,0.002,0.016,markov,0.68,extended_moore_r2,30,70,0.9,0.2454951440360219,0.3,0,0.42,0.08,140,0.3108303044821848,0.4,10,0.9847701678322818,5.646365220908746e-18,0.2,plastic,calibration,-0.0068988370992986,False,alpha_async,30,130,180,2,-1,1.0,0.6,0.6,60,0.0257235911048039,0,0,40,0.9990745523415978,2,0,0.25,0.01,0.75,50.0,lesion,30.0,0.45,0.2,0.1,0.002,8.0
44,220,0.4817833781465923,0.5,-0.0434108448331985,0.0,0.125,0.1230744479382207,extended_moore_r2__ql__plastic__intr0__struct0__alpha_async__baseline__s2__4d1b2525fb,-0.0040229023558271,-0.0067008215783784,0.25,False,0.8303241837280373,0.002,0.016,ql,0.68,extended_moore_r2,30,70,0.9,0.2591024020729568,0.3,0,0.42,0.08,140,0.4390520950705295,0.2,10,0.7150798388115485,4.110088531898689e-18,0.2,plastic,calibration,,False,alpha_async,30,130,180,2,-1,1.0,0.6,0.6,60,0.0044566498397008,0,0,40,1.0,2,0,0.25,0.01,0.75,50.0,baseline,30.0,0.45,0.2,0.1,0.002,8.0
44,220,0.4406589998015915,0.5,-0.1937723393298566,0.0,0.125,0.1939564852901077,extended_moore_r2__ql__plastic__intr0__struct0__alpha_async__lesion__s2__b8b949b044,-0.0118139243369677,-0.0418302400254079,0.25,False,0.7957180859551695,0.002,0.016,ql,0.62,extended_moore_r2,30,70,0.9,0.3018427923805684,0.3,0,0.42,0.08,140,0.3718819679903712,0.3,10,0.7392284410465659,3.7641539601515585e-18,0.2,plastic,calibration,-0.0042433378169705,False,alpha_async,30,130,180,2,-1,1.0,0.6,0.6,60,0.1235367877615198,0,0,40,0.993887741046832,2,0,0.25,0.01,0.75,50.0,lesion,30.0,0.45,0.2,0.1,0.002,8.0
44,220,0.4647789610190196,0.5,-0.0815386706911795,0.0,0.125,0.0,extended_hex_r2__markov__plastic__intr0__struct0__alpha_async__baseline__s2__93d1d0f42b,-0.0004408904667615,-0.0008512757864104,0.25,False,0.9151710815640736,0.002,0.016,markov,0.58,extended_hex_r2,30,70,0.9,0.1889316221304481,0.3,0,0.42,0.08,140,0.4396567264235039,0.4,10,0.6834534084548349,4.189532390448632e-18,0.2,plastic,calibration,,False,alpha_async,30,130,180,2,-1,1.0,0.6,0.6,60,0.0111867549618972,0,0,40,1.0,2,0,0.25,0.01,0.75,50.0,baseline,30.0,0.45,0.2,0.1,0.002,8.0
44,220,0.4345505646709526,0.5,0.1015010483683722,0.0,0.125,0.0,extended_hex_r2__markov__plastic__intr0__struct0__alpha_async__lesion__s2__4a52c21b23,-0.0121152930043708,-0.0105208822326783,0.25,False,0.8918468942128581,0.002,0.016,markov,0.58,extended_hex_r2,30,70,0.9,0.1724655072610905,0.3,0,0.42,0.08,140,0.3331507665787483,0.2,10,0.6463422676041034,4.8102704605682225e-18,0.2,plastic,calibration,0.0178274438295325,False,alpha_async,30,130,180,2,-1,1.0,0.6,0.6,60,0.0232678364150093,0,0,40,1.0,2,0,0.25,0.01,0.75,50.0,lesion,30.0,0.45,0.2,0.1,0.002,8.0
44,220,0.4219516925505219,0.5,-0.0508422688136849,0.0,0.125,0.1363002140431042,extended_hex_r2__ql__plastic__intr0__struct0__alpha_async__baseline__s1__8fb3273ac4,0.0035208405055408,0.0005868471863668,0.25,False,0.8232340956515861,0.002,0.016,ql,0.68,extended_hex_r2,30,70,0.9,0.2513389203507984,0.3,0,0.42,0.08,140,0.4419573196449765,0.3,10,0.2849599328299917,4.383823707762293e-18,0.2,plastic,calibration,,False,alpha_async,30,130,180,1,-1,1.0,0.6,0.6,60,0.0048201075649926,0,0,40,1.0,2,0,0.25,0.01,0.75,50.0,baseline,30.0,0.45,0.2,0.1,0.002,8.0
44,220,0.4646757417874183,0.5,-0.0607285326766286,0.0,0.125,0.1643357884950949,extended_hex_r2__ql__plastic__intr0__struct0__alpha_async__lesion__s1__d10ead2638,-0.0003745002838714,0.0021692221620804,0.25,False,0.8824536063302378,0.002,0.016,ql,0.62,extended_hex_r2,30,70,0.9,0.2191757790702289,0.3,0,0.42,0.08,140,0.3891522935739104,0.4,10,0.7377069272468714,4.360522885730375e-18,0.2,plastic,calibration,-0.0087714116017001,False,alpha_async,30,130,180,1,-1,1.0,0.6,0.6,60,0.0063524820803904,0,0,40,0.9999713039485768,2,0,0.25,0.01,0.75,50.0,lesion,30.0,0.45,0.2,0.1,0.002,8.0
44,220,0.4186460371662271,0.5,-0.3901662374430303,0.0,0.125,0.0,square_moore__markov__plastic__intr0__struct0__alpha_async__baseline__s2__c44486d972,-0.002284474829887,0.0073361727767141,0.25,False,0.4980403234833273,0.002,0.006,markov,0.62,square_moore,30,70,0.9,0.513173434949307,0.3,0,0.42,0.08,140,0.4105619218089173,0.2,10,1.5466206745930529,5.8144101286139454e-18,0.2,plastic,calibration,,False,alpha_async,30,130,180,2,-1,1.0,0.6,0.6,60,0.3628386266313056,0,0,40,1.0,2,0,0.25,0.01,0.75,50.0,baseline,30.0,0.45,0.2,0.1,0.002,8.0
44,220,0.27286121084173,0.5,0.1466615594274552,0.0,0.125,0.0,square_moore__markov__plastic__intr0__struct0__alpha_async__lesion__s2__7985ac4fc0,0.1147180931943914,0.1096910283631594,0.25,False,0.400853395788797,0.002,0.006,markov,0.58,square_moore,30,70,0.9,0.292862017820123,0.3,0,0.42,0.08,140,0.2140515872068832,0.3,10,1.5121865045302318,6.88180980973365e-18,0.2,plastic,calibration,0.0783979442361843,False,alpha_async,30,130,180,2,-1,1.0,0.6,0.6,60,0.1074964770296466,0,0,40,1.0,2,0,0.25,0.01,0.75,50.0,lesion,30.0,0.45,0.2,0.1,0.002,8.0
44,220,0.4213995141918172,0.5,-0.3819314673169054,0.0,0.125,0.3019602502094291,square_moore__ql__plastic__intr0__struct0__alpha_async__baseline__s1__c2dfa236f9,-0.0060672656021396,-0.0004499819582684,0.25,False,0.5015637362650475,0.002,0.006,ql,0.68,square_moore,30,70,0.9,0.5171799160313186,0.3,0,0.42,0.08,140,0.4132565828898337,0.4,10,1.5134900493854524,4.687732072594185e-18,0.2,plastic,calibration,,False,alpha_async,30,130,180,1,-1,1.0,0.6,0.6,60,0.1293414983768798,0,0,40,1.0,2,0,0.25,0.01,0.75,50.0,baseline,30.0,0.45,0.2,0.1,0.002,8.0
44,220,0.4133573714385649,0.5,-0.3335480679428811,0.0,0.125,0.3140279544148714,square_moore__ql__plastic__intr0__struct0__alpha_async__lesion__s1__26e334a4f5,0.0216722019875537,-0.0030714145563649,0.25,False,0.6010167733582037,0.002,0.006,ql,0.68,square_moore,30,70,0.9,0.4522798365043249,0.3,0,0.42,0.08,140,0.3446236637020849,0.2,10,1.4389981857287353,5.0917103677877396e-18,0.2,plastic,calibration,0.0297358050486558,False,alpha_async,30,130,180,1,-1,1.0,0.6,0.6,60,0.047409547913275,0,0,40,1.0,2,0,0.25,0.01,0.75,50.0,lesion,30.0,0.45,0.2,0.1,0.002,8.0
44,220,0.4309614200846732,0.5,-0.3903127942123562,0.0,0.125,0.0,hex_cells__markov__plastic__intr0__struct0__alpha_async__baseline__s1__49a54b1e46,-0.0179650426148112,-0.008084222102075,0.25,False,0.554754385808529,0.002,0.006,markov,0.62,hex_cells,30,70,0.9,0.5004837290293588,0.3,0,0.42,0.08,140,0.4270370960485589,0.3,10,1.365926381447979,5.5079828794297644e-18,0.2,plastic,calibration,,False,alpha_async,30,130,180,1,-1,1.0,0.6,0.6,60,0.0376536977871467,0,0,40,1.0,2,0,0.25,0.01,0.75,50.0,baseline,30.0,0.45,0.2,0.1,0.002,8.0
44,220,0.3210118370545577,0.5,0.0521505037464343,0.0,0.125,0.0,hex_cells__markov__plastic__intr0__struct0__alpha_async__lesion__s1__fa7e21971d,0.0998052271991317,0.0959864878266425,0.25,False,0.4228388551209237,0.002,0.006,markov,0.58,hex_cells,30,70,0.9,0.3542989660530101,0.3,0,0.42,0.08,140,0.2496995610934668,0.4,10,1.5505955799443338,3.9687261918396014e-18,0.2,plastic,calibration,0.0559279634936382,False,alpha_async,30,130,180,1,-1,1.0,0.6,0.6,60,0.0583052078518976,0,0,40,1.0,2,0,0.25,0.01,0.75,50.0,lesion,30.0,0.45,0.2,0.1,0.002,8.0
44,220,0.4273455157555789,0.5,-0.3852706927062432,0.0,0.125,0.2849289763407148,hex_cells__ql__plastic__intr0__struct0__alpha_async__baseline__s1__67ac686018,-0.0039908386582763,0.0110763318864484,0.25,False,0.5671888340746317,0.002,0.006,ql,0.58,hex_cells,30,70,0.9,0.4977732747624165,0.3,0,0.42,0.08,140,0.4257784448578668,0.2,10,1.379934268548067,2.9143842177895813e-18,0.2,plastic,calibration,,False,alpha_async,30,130,180,1,-1,1.0,0.6,0.6,60,0.0128905774720874,0,0,40,1.0,2,0,0.25,0.01,0.75,50.0,baseline,30.0,0.45,0.2,0.1,0.002,8.0
44,220,0.4308673257189044,0.5,-0.3784240206691052,0.0,0.125,0.2701869222487761,hex_cells__ql__plastic__intr0__struct0__alpha_async__baseline__s2__bbba844d8b,0.0036846970700851,-0.0069718117881587,0.25,False,0.5801847606978945,0.002,0.006,ql,0.68,hex_cells,30,70,0.9,0.490684133482568,0.3,0,0.42,0.08,140,0.429902065755277,0.3,10,1.335034217715632,4.126611233130483e-18,0.2,plastic,calibration,,False,alpha_async,30,130,180,2,-1,1.0,0.6,0.6,60,0.0204373688655846,0,0,40,1.0,2,0,0.25,0.01,0.75,50.0,baseline,30.0,0.45,0.2,0.1,0.002,8.0
44,220,0.4401340030583505,0.5,-0.3853487589179333,0.0,0.125,0.2990350156737197,hex_cells__ql__plastic__intr0__struct0__alpha_async__lesion__s2__a2215ec0a6,0.0042078144080269,-0.0161558857623186,0.25,False,0.5824676799096058,0.002,0.006,ql,0.62,hex_cells,30,70,0.9,0.494895094702411,0.3,0,0.42,0.08,140,0.3630874788841451,0.4,10,1.2886453073970534,3.324317095177249e-18,0.2,plastic,calibration,0.0008681749064447,False,alpha_async,30,130,180,2,-1,1.0,0.6,0.6,60,0.0336511993132786,0,0,40,1.0,2,0,0.25,0.01,0.75,50.0,lesion,30.0,0.45,0.2,0.1,0.002,8.0
44,220,0.4032392614132392,0.5,-0.2309058660112694,0.0,0.125,0.0,honeycomb__markov__plastic__intr0__struct0__alpha_async__baseline__s2__b464c1896c,-0.0034123357601742,-0.0018196698448013,0.25,False,0.7333917557773302,0.002,0.006,markov,0.62,honeycomb,30,70,0.9,0.3441232775199206,0.3,0,0.42,0.08,140,0.396036341147436,0.2,10,1.5160590167904178,2.619377253174511e-18,0.2,plastic,calibration,,False,alpha_async,30,130,180,2,-1,1.0,0.6,0.6,60,0.0054138613027111,0,0,40,1.0,2,0,0.25,0.01,0.75,50.0,baseline,30.0,0.45,0.2,0.1,0.002,8.0
44,220,0.1213681216033948,0.5,0.5397677292282729,0.0,0.125,0.0,honeycomb__markov__plastic__intr0__struct0__alpha_async__lesion__s2__920f51203e,0.3144789214456762,0.295467805262767,0.25,False,0.2282660567321249,0.002,0.006,markov,0.58,honeycomb,30,70,0.9,0.1037364806681632,0.3,0,0.42,0.08,140,0.1228407698053995,0.3,10,1.0267990621730692,3.164702041261626e-18,0.2,plastic,calibration,0.2942365926145531,False,alpha_async,30,130,180,2,-1,1.0,0.6,0.6,60,0.1587744151558995,0,0,40,1.0,2,0,0.25,0.01,0.75,50.0,lesion,30.0,0.45,0.2,0.1,0.002,8.0
44,220,0.3953771811086994,0.5,-0.1747404134051111,0.0,0.125,0.2766585785324874,honeycomb__ql__plastic__intr0__struct0__alpha_async__baseline__s1__09b674ba28,-0.0048952597746797,-0.0109118924356641,0.25,False,0.7184764145405198,0.002,0.006,ql,0.68,honeycomb,30,70,0.9,0.3403778159321936,0.3,0,0.42,0.08,140,0.3883353138409657,0.4,10,1.5008871212501336,2.7257819949534258e-18,0.2,plastic,calibration,,False,alpha_async,30,130,180,1,-1,1.0,0.6,0.6,60,0.0053892145896806,0,0,40,1.0,2,0,0.25,0.01,0.75,50.0,baseline,30.0,0.45,0.2,0.1,0.002,8.0
44,220,0.3064491703128167,0.5,0.1191409196441523,0.0,0.125,0.3809196306590268,honeycomb__ql__plastic__intr0__struct0__alpha_async__lesion__s1__9860e3597c,0.1032911818122102,0.073454158461085,0.25,False,0.6307710970973307,0.002,0.006,ql,0.68,honeycomb,30,70,0.9,0.2521282171768592,0.3,0,0.42,0.08,140,0.2633302911275477,0.2,10,1.5418464790228346,4.111682476793618e-18,0.2,plastic,calibration,0.0505644202875286,False,alpha_async,30,130,180,1,-1,1.0,0.6,0.6,60,0.0763458577238895,0,0,40,1.0,2,0,0.25,0.01,0.75,50.0,lesion,30.0,0.45,0.2,0.1,0.002,8.0
44,220,0.4276830343487641,0.5,-0.278272971878947,0.0,0.125,0.0,extended_moore_r2__markov__plastic__intr0__struct0__alpha_async__baseline__s1__80e9b34a96,-0.0111727453692367,0.0105552125162867,0.25,False,0.642253880534018,0.002,0.006,markov,0.62,extended_moore_r2,30,70,0.9,0.415788092278272,0.3,0,0.42,0.08,140,0.4240918993715372,0.3,10,0.8112620347628868,4.855519455764568e-18,0.2,plastic,calibration,,False,alpha_async,30,130,180,1,-1,1.0,0.6,0.6,60,0.1285501066170465,0,0,40,1.0,2,0,0.25,0.01,0.75,50.0,baseline,30.0,0.45,0.2,0.1,0.002,8.0
44,220,0.3880891643690767,0.5,-0.0742558776324856,0.0,0.125,0.0,extended_moore_r2__markov__plastic__intr0__struct0__alpha_async__lesion__s1__c974f151a6,0.0238466891764078,0.0402019349387043,0.25,False,0.5796627487024216,0.002,0.006,markov,0.58,extended_moore_r2,30,70,0.9,0.3709842408030347,0.3,0,0.42,0.08,140,0.2930341841380284,0.4,10,1.2047476184773585,7.853253923243189e-18,0.2,plastic,calibration,-0.0176437150759541,False,alpha_async,30,130,180,1,-1,1.0,0.6,0.6,60,0.2331028711998851,0,0,40,1.0,2,0,0.25,0.01,0.75,50.0,lesion,30.0,0.45,0.2,0.1,0.002,8.0
44,220,0.4228415871528536,0.5,-0.2875349252765163,0.0,0.125,0.2198102325207709,extended_moore_r2__ql__plastic__intr0__struct0__alpha_async__baseline__s1__ee075626cc,-0.0030036631317872,-0.0060222592816657,0.25,False,0.5771823273131699,0.002,0.006,ql,0.58,extended_moore_r2,30,70,0.9,0.4535358030802462,0.3,0,0.42,0.08,140,0.4207210504101175,0.2,10,0.8678998129796004,8.583498738273086e-18,0.2,plastic,calibration,,False,alpha_async,30,130,180,1,-1,1.0,0.6,0.6,60,0.3760014457770867,0,0,40,1.0,2,0,0.25,0.01,0.75,50.0,baseline,30.0,0.45,0.2,0.1,0.002,8.0
44,220,0.4838563545392741,0.5,-0.0461820635533285,0.0,0.125,0.1253492688137752,extended_moore_r2__ql__plastic__intr0__struct0__alpha_async__baseline__s2__72b9f3454f,-0.0035851848064374,-0.0085572907606359,0.25,False,0.8294406596495131,0.002,0.006,ql,0.68,extended_moore_r2,30,70,0.9,0.2601282106454273,0.3,0,0.42,0.08,140,0.4396067550396781,0.3,10,0.7028947162372883,4.904316730639453e-18,0.2,plastic,calibration,,False,alpha_async,30,130,180,2,-1,1.0,0.6,0.6,60,0.0045594701277941,0,0,40,1.0,2,0,0.25,0.01,0.75,50.0,baseline,30.0,0.45,0.2,0.1,0.002,8.0
44,220,0.4276107115066616,0.5,-0.2857516765797546,0.0,0.125,0.229061703787059,extended_moore_r2__ql__plastic__intr0__struct0__alpha_async__lesion__s2__7922baa6be,0.0080044053755442,-0.0198106461532659,0.25,False,0.6038652271678013,0.002,0.006,ql,0.62,extended_moore_r2,30,70,0.9,0.4415227005407507,0.3,0,0.42,0.08,140,0.3763507951526229,0.4,10,0.8622977584183815,2.6822157078439133e-18,0.2,plastic,calibration,-0.0049860464718864,False,alpha_async,30,130,180,2,-1,1.0,0.6,0.6,60,0.3140273523235543,0,0,40,1.0,2,0,0.25,0.01,0.75,50.0,lesion,30.0,0.45,0.2,0.1,0.002,8.0
44,220,0.4738124858613886,0.5,-0.0662617083358921,0.0,0.125,0.0,extended_hex_r2__markov__plastic__intr0__struct0__alpha_async__baseline__s2__1594ff2679,0.001710490466938,-0.0042091710023017,0.25,False,0.8846311507572633,0.002,0.006,markov,0.62,extended_hex_r2,30,70,0.9,0.219570484786556,0.3,0,0.42,0.08,140,0.4423688786293676,0.2,10,0.7561886167526668,4.000576256300797e-18,0.2,plastic,calibration,,False,alpha_async,30,130,180,2,-1,1.0,0.6,0.6,60,0.0075189910278356,0,0,40,1.0,2,0,0.25,0.01,0.75,50.0,baseline,30.0,0.45,0.2,0.1,0.002,8.0
44,220,0.4398957935627959,0.5,0.0603160546472116,0.0,0.125,0.0,extended_hex_r2__markov__plastic__intr0__struct0__alpha_async__lesion__s2__a82419404c,-0.0203825053601301,-0.002426892843804,0.25,False,0.896417428010136,0.002,0.006,markov,0.58,extended_hex_r2,30,70,0.9,0.1774237212565934,0.3,0,0.42,0.08,140,0.3377759044518124,0.3,10,0.6603401779120797,3.9284392043196514e-18,0.2,plastic,calibration,-0.0122691994632503,False,alpha_async,30,130,180,2,-1,1.0,0.6,0.6,60,0.0225682215535207,0,0,40,1.0,2,0,0.25,0.01,0.75,50.0,lesion,30.0,0.45,0.2,0.1,0.002,8.0
44,220,0.4760010316106567,0.5,-0.0490042756820107,0.0,0.125,0.126546515214308,extended_hex_r2__ql__plastic__intr0__struct0__alpha_async__baseline__s1__ad63453114,0.0037467927431346,0.0043984652493144,0.25,False,0.8368739126009132,0.002,0.006,ql,0.68,extended_hex_r2,30,70,0.9,0.2561827183858124,0.3,0,0.42,0.08,140,0.4394478176195608,0.4,10,0.7608344398930655,4.5923515037291744e-18,0.2,plastic,calibration,,False,alpha_async,30,130,180,1,-1,1.0,0.6,0.6,60,0.0051593550680874,0,0,40,1.0,2,0,0.25,0.01,0.75,50.0,baseline,30.0,0.45,0.2,0.1,0.002,8.0
44,220,0.47456388992778,0.5,-0.0474235356858412,0.0,0.125,0.1595500367568048,extended_hex_r2__ql__plastic__intr0__struct0__alpha_async__lesion__s1__756a9f5e45,0.0058351640871781,0.0068890317834502,0.25,False,0.836931711862086,0.002,0.006,ql,0.68,extended_hex_r2,30,70,0.9,0.2555031641968065,0.3,0,0.42,0.08,140,0.3949851830104215,0.2,10,0.7668234829469326,4.10223256882163e-18,0.2,plastic,calibration,-0.0003377178685747,False,alpha_async,30,130,180,1,-1,1.0,0.6,0.6,60,0.0048667354457034,0,0,40,1.0,2,0,0.25,0.01,0.75,50.0,lesion,30.0,0.45,0.2,0.1,0.002,8.0
44,220,0.4122443851706524,0.5,-0.4177977155768034,0.0,0.125,0.0,square_moore__markov__plastic__intr0__struct0__alpha_async__baseline__s2__c3f44b27fb,0.0013055755802199,0.0034209165162308,0.25,False,0.4697863014572359,0.002,0.01,markov,0.62,square_moore,30,70,0.9,0.5347212060623769,0.3,0,0.42,0.08,140,0.4088274963032672,0.2,10,1.564438831027093,3.8369072090396654e-18,0.2,plastic,calibration,,False,alpha_async,30,130,180,2,-1,1.0,0.6,0.6,60,0.5228019822495608,0,0,40,1.0,2,0,0.25,0.01,0.75,50.0,baseline,30.0,0.45,0.2,0.1,0.002,8.0
44,220,0.2674057930226484,0.5,0.1154448706810548,0.0,0.125,0.0,square_moore__markov__plastic__intr0__struct0__alpha_async__lesion__s2__f5854400d5,0.1209073957571406,0.1133031299480733,0.25,False,0.3600227060132364,0.002,0.01,markov,0.58,square_moore,30,70,0.9,0.3060230301545731,0.3,0,0.42,0.08,140,0.2109631954502641,0.3,10,1.5029618336111832,7.156595828043109e-18,0.2,plastic,calibration,0.0862986523668317,False,alpha_async,30,130,180,2,-1,1.0,0.6,0.6,60,0.0779621815262147,0,0,40,1.0,2,0,0.25,0.01,0.75,50.0,lesion,30.0,0.45,0.2,0.1,0.002,8.0
44,220,0.4106253432116241,0.5,-0.4016062648324766,0.0,0.125,0.2950744829331446,square_moore__ql__plastic__intr0__struct0__alpha_async__baseline__s1__77b7f3eac2,0.0019192907747538,-0.0034187666328839,0.25,False,0.5093739676217757,0.002,0.01,ql,0.68,square_moore,30,70,0.9,0.5181786544289138,0.3,0,0.42,0.08,140,0.4084868371946787,0.4,10,1.554941118844852,6.6608718171952644e-18,0.2,plastic,calibration,,False,alpha_async,30,130,180,1,-1,1.0,0.6,0.6,60,0.1693579074745403,0,0,40,1.0,2,0,0.25,0.01,0.75,50.0,baseline,30.0,0.45,0.2,0.1,0.002,8.0
44,220,0.4157619058637463,0.5,-0.339700676744713,0.0,0.125,0.3125086337429207,square_moore__ql__plastic__intr0__struct0__alpha_async__lesion__s1__fac0309ecc,0.0020419952091923,0.0066430251965873,0.25,False,0.5728855170750546,0.002,0.01,ql,0.68,square_moore,30,70,0.9,0.4685079012773114,0.3,0,0.42,0.08,140,0.3462422393817201,0.2,10,1.4526940888470654,3.781682941413376e-18,0.2,plastic,calibration,-0.0024939852132724,False,alpha_async,30,130,180,1,-1,1.0,0.6,0.6,60,0.0346256346609626,0,0,40,1.0,2,0,0.25,0.01,0.75,50.0,lesion,30.0,0.45,0.2,0.1,0.002,8.0
44,220,0.433619561236627,0.5,-0.3734229615190251,0.0,0.125,0.0,hex_cells__markov__plastic__intr0__struct0__alpha_async__baseline__s1__26ae6df5b5,-0.0089047505893748,-0.0090186401683123,0.25,False,0.5600849981842473,0.002,0.01,markov,0.62,hex_cells,30,70,0.9,0.488141641927891,0.3,0,0.42,0.08,140,0.4246236283005499,0.3,10,1.323163072766275,4.348487469195341e-18,0.2,plastic,calibration,,False,alpha_async,30,130,180,1,-1,1.0,0.6,0.6,60,0.0155149481743436,0,0,40,1.0,2,0,0.25,0.01,0.75,50.0,baseline,30.0,0.45,0.2,0.1,0.002,8.0
44,220,0.3253109236091844,0.5,0.0420506879713684,0.0,0.125,0.0,hex_cells__markov__plastic__intr0__struct0__alpha_async__lesion__s1__dafa6429e5,0.0832937031587423,0.078529150245684,0.25,False,0.4432991668496418,0.002,0.01,markov,0.58,hex_cells,30,70,0.9,0.3532707546391145,0.3,0,0.42,0.08,140,0.2514547555587031,0.4,10,1.5404444347482609,4.6306432765962034e-18,0.2,plastic,calibration,0.0379842026203381,False,alpha_async,30,130,180,1,-1,1.0,0.6,0.6,60,0.0588510042727809,0,0,40,1.0,2,0,0.25,0.01,0.75,50.0,lesion,30.0,0.45,0.2,0.1,0.002,8.0
44,220,0.4258062998889768,0.5,-0.3695462835305253,0.0,0.125,0.2851226277652521,hex_cells__ql__plastic__intr0__struct0__alpha_async__baseline__s1__f724761945,0.0109804206126794,-0.0037145348021524,0.25,False,0.578623290067579,0.002,0.01,ql,0.58,hex_cells,30,70,0.9,0.4822372655419792,0.3,0,0.42,0.08,140,0.4204384127827847,0.2,10,1.334204407934271,4.510977590874556e-18,0.2,plastic,calibration,,False,alpha_async,30,130,180,1,-1,1.0,0.6,0.6,60,0.0107027138790155,0,0,40,1.0,2,0,0.25,0.01,0.75,50.0,baseline,30.0,0.45,0.2,0.1,0.002,8.0
44,220,0.4308617896188926,0.5,-0.3629790038242453,0.0,0.125,0.2793052685899336,hex_cells__ql__plastic__intr0__struct0__alpha_async__baseline__s2__810ee614aa,-0.0137729100927604,-0.0047046914203978,0.25,False,0.6071366031268257,0.002,0.01,ql,0.68,hex_cells,30,70,0.9,0.4676756194048061,0.3,0,0.42,0.08,140,0.4244601833938427,0.3,10,1.3151951602027818,4.331582338277012e-18,0.2,plastic,calibration,,False,alpha_async,30,130,180,2,-1,1.0,0.6,0.6,60,0.0151676481525032,0,0,40,1.0,2,0,0.25,0.01,0.75,50.0,baseline,30.0,0.45,0.2,0.1,0.002,8.0
44,220,0.4328662426164251,0.5,-0.3702699675984032,0.0,0.125,0.2965258895270022,hex_cells__ql__plastic__intr0__struct0__alpha_async__lesion__s2__9f96c0614a,-0.0026892188930291,-0.0170393574125909,0.25,False,0.5977840536105988,0.002,0.01,ql,0.62,hex_cells,30,70,0.9,0.477478426482251,0.3,0,0.42,0.08,140,0.3586035045168637,0.4,10,1.2920129486154903,3.356709819074651e-18,0.2,plastic,calibration,-0.0048430525996122,False,alpha_async,30,130,180,2,-1,1.0,0.6,0.6,60,0.0300058119788767,0,0,40,1.0,2,0,0.25,0.01,0.75,50.0,lesion,30.0,0.45,0.2,0.1,0.002,8.0
44,220,0.3999840131479448,0.5,-0.2261462938990322,0.0,0.125,0.0,honeycomb__markov__plastic__intr0__struct0__alpha_async__baseline__s2__f137144bf2,-0.0005805899711687,-0.0110425059983431,0.25,False,0.7268126412744502,0.002,0.01,markov,0.62,honeycomb,30,70,0.9,0.3460773151743558,0.3,0,0.42,0.08,140,0.3961984654105839,0.2,10,1.5130746590358806,2.8785047834718255e-18,0.2,plastic,calibration,,False,alpha_async,30,130,180,2,-1,1.0,0.6,0.6,60,0.0054480804427198,0,0,40,1.0,2,0,0.25,0.01,0.75,50.0,baseline,30.0,0.45,0.2,0.1,0.002,8.0
44,220,0.1133822410759855,0.5,0.5375241293676735,0.0,0.125,0.0,honeycomb__markov__plastic__intr0__struct0__alpha_async__lesion__s2__79f448d050,0.354963186943033,0.289216595299634,0.25,False,0.2120576381116989,0.002,0.01,markov,0.58,honeycomb,30,70,0.9,0.097947232965945,0.3,0,0.42,0.08,140,0.1178801312990018,0.3,10,0.9814655936460104,5.265146457506901e-18,0.2,plastic,calibration,0.3619401060376768,False,alpha_async,30,130,180,2,-1,1.0,0.6,0.6,60,0.1472039417945715,0,0,40,1.0,2,0,0.25,0.01,0.75,50.0,lesion,30.0,0.45,0.2,0.1,0.002,8.0
44,220,0.3909506382518783,0.5,-0.1668836137523294,0.0,0.125,0.2834704309501551,honeycomb__ql__plastic__intr0__struct0__alpha_async__baseline__s1__84cd5b32e9,-0.0208039523398416,-0.003176283607066,0.25,False,0.7138221127556683,0.002,0.01,ql,0.68,honeycomb,30,70,0.9,0.3388534503152016,0.3,0,0.42,0.08,140,0.3862354208569963,0.4,10,1.5065457079750637,4.721790899291894e-18,0.2,plastic,calibration,,False,alpha_async,30,130,180,1,-1,1.0,0.6,0.6,60,0.0055602441564738,0,0,40,1.0,2,0,0.25,0.01,0.75,50.0,baseline,30.0,0.45,0.2,0.1,0.002,8.0
44,220,0.3207685403627852,0.5,0.0810488613909669,0.0,0.125,0.3798524725035959,honeycomb__ql__plastic__intr0__struct0__alpha_async__lesion__s1__9c9c034165,0.077290648074589,0.0708911488263518,0.25,False,0.6510276116521213,0.002,0.01,ql,0.68,honeycomb,30,70,0.9,0.264232055746013,0.3,0,0.42,0.08,140,0.2684602182080572,0.2,10,1.5469773018501112,6.4965096675206615e-18,0.2,plastic,calibration,0.0340522160193344,False,alpha_async,30,130,180,1,-1,1.0,0.6,0.6,60,0.0494837182187362,0,0,40,1.0,2,0,0.25,0.01,0.75,50.0,lesion,30.0,0.45,0.2,0.1,0.002,8.0
44,220,0.4264284978486882,0.5,-0.259638126463917,0.0,0.125,0.0,extended_moore_r2__markov__plastic__intr0__struct0__alpha_async__baseline__s1__c4c5bbd646,-0.0085048073137298,0.0099393368625493,0.25,False,0.7267713861608741,0.002,0.01,markov,0.62,extended_moore_r2,30,70,0.9,0.3599478486283022,0.3,0,0.42,0.08,140,0.4211644788652711,0.3,10,0.7164939605133683,4.635579284791361e-18,0.2,plastic,calibration,,False,alpha_async,30,130,180,1,-1,1.0,0.6,0.6,60,0.0709766243614648,0,0,40,0.9999354338842976,2,0,0.25,0.01,0.75,50.0,baseline,30.0,0.45,0.2,0.1,0.002,8.0
44,220,0.3764062215358796,0.5,-0.014338140739396,0.0,0.125,0.0,extended_moore_r2__markov__plastic__intr0__struct0__alpha_async__lesion__s1__1193993e80,0.0249152799543069,0.0513898791888766,0.25,False,0.6153442641470034,0.002,0.01,markov,0.58,extended_moore_r2,30,70,0.9,0.3361153522274994,0.3,0,0.42,0.08,140,0.2842227372126888,0.4,10,1.1809237156853856,7.992922970268812e-18,0.2,plastic,calibration,-0.0095349438364101,False,alpha_async,30,130,180,1,-1,1.0,0.6,0.6,60,0.1621735758244055,0,0,40,0.9993758608815428,2,0,0.25,0.01,0.75,50.0,lesion,30.0,0.45,0.2,0.1,0.002,8.0
44,220,0.4170753729722155,0.5,-0.2730735225951549,0.0,0.125,0.1977291839955437,extended_moore_r2__ql__plastic__intr0__struct0__alpha_async__baseline__s1__670061ecb1,-0.0367651862776425,-0.0037979645548374,0.25,False,0.7089625349346645,0.002,0.01,ql,0.58,extended_moore_r2,30,70,0.9,0.372625337761477,0.3,0,0.42,0.08,140,0.4130248326237523,0.2,10,0.6920678613805358,5.6545881102315984e-18,0.2,plastic,calibration,,False,alpha_async,30,130,180,1,-1,1.0,0.6,0.6,60,0.1680244277192928,0,0,40,0.9993758608815428,2,0,0.25,0.01,0.75,50.0,baseline,30.0,0.45,0.2,0.1,0.002,8.0
44,220,0.4830196978835206,0.5,-0.0452949110500062,0.0,0.125,0.1238118807784068,extended_moore_r2__ql__plastic__intr0__struct0__alpha_async__baseline__s2__200daae980,-0.0030728643712154,-0.0072454005386214,0.25,False,0.8297058166149128,0.002,0.01,ql,0.68,extended_moore_r2,30,70,0.9,0.259771919340045,0.3,0,0.42,0.08,140,0.4396338573643056,0.3,10,0.7089347667050265,4.6702862705191934e-18,0.2,plastic,calibration,,False,alpha_async,30,130,180,2,-1,1.0,0.6,0.6,60,0.0044745078216643,0,0,40,1.0,2,0,0.25,0.01,0.75,50.0,baseline,30.0,0.45,0.2,0.1,0.002,8.0
44,220,0.4240283805733028,0.5,-0.2764999878691591,0.0,0.125,0.217917368224917,extended_moore_r2__ql__plastic__intr0__struct0__alpha_async__lesion__s2__a962e18f97,0.0040179202711434,-0.029748366136923,0.25,False,0.6568882234347082,0.002,0.01,ql,0.62,extended_moore_r2,30,70,0.9,0.4084880205397641,0.3,0,0.42,0.08,140,0.3719696124715667,0.4,10,0.8137138618303175,3.128897191540059e-18,0.2,plastic,calibration,0.002676683367718,False,alpha_async,30,130,180,2,-1,1.0,0.6,0.6,60,0.1954153663897846,0,0,40,0.9995480371900828,2,0,0.25,0.01,0.75,50.0,lesion,30.0,0.45,0.2,0.1,0.002,8.0
44,220,0.4731587018966181,0.5,-0.0656559575001766,0.0,0.125,0.0,extended_hex_r2__markov__plastic__intr0__struct0__alpha_async__baseline__s2__862afc0aa4,0.0009843930115374,-0.0044853041511241,0.25,False,0.8850821136479257,0.002,0.01,markov,0.62,extended_hex_r2,30,70,0.9,0.2189565600737285,0.3,0,0.42,0.08,140,0.4418963011870009,0.2,10,0.7551895509358098,4.305366475887412e-18,0.2,plastic,calibration,,False,alpha_async,30,130,180,2,-1,1.0,0.6,0.6,60,0.0072644839604072,0,0,40,1.0,2,0,0.25,0.01,0.75,50.0,baseline,30.0,0.45,0.2,0.1,0.002,8.0
44,220,0.4376678470858718,0.5,0.0841801610296423,0.0,0.125,0.0,extended_hex_r2__markov__plastic__intr0__struct0__alpha_async__lesion__s2__d9259200dc,-0.0132210832193302,-0.003994110817459,0.25,False,0.8935909148066111,0.002,0.01,markov,0.58,extended_hex_r2,30,70,0.9,0.1751373392409921,0.3,0,0.42,0.08,140,0.3345189226009807,0.3,10,0.6793690950289355,3.843411563253762e-18,0.2,plastic,calibration,-0.0038092975154481,False,alpha_async,30,130,180,2,-1,1.0,0.6,0.6,60,0.0227872155826401,0,0,40,1.0,2,0,0.25,0.01,0.75,50.0,lesion,30.0,0.45,0.2,0.1,0.002,8.0
44,220,0.4751899716210471,0.5,-0.0486062238383167,0.0,0.125,0.1264229063951689,extended_hex_r2__ql__plastic__intr0__struct0__alpha_async__baseline__s1__d76801a42f,0.003674293057429,0.0041086974137005,0.25,False,0.837559012582652,0.002,0.01,ql,0.68,extended_hex_r2,30,70,0.9,0.2554954047313921,0.3,0,0.42,0.08,140,0.4388587126517887,0.4,10,0.7613035636770481,3.923173757051508e-18,0.2,plastic,calibration,,False,alpha_async,30,130,180,1,-1,1.0,0.6,0.6,60,0.0050451234350378,0,0,40,1.0,2,0,0.25,0.01,0.75,50.0,baseline,30.0,0.45,0.2,0.1,0.002,8.0
44,220,0.4734675892045323,0.5,-0.0467291150929295,0.0,0.125,0.1596167313607822,extended_hex_r2__ql__plastic__intr0__struct0__alpha_async__lesion__s1__c62e70859c,0.0032876362824131,0.0072892988155363,0.25,False,0.8376999393272555,0.002,0.01,ql,0.68,extended_hex_r2,30,70,0.9,0.254494303824789,0.3,0,0.42,0.08,140,0.3943497047510795,0.2,10,0.7639847560685601,4.3631940667228336e-18,0.2,plastic,calibration,-0.0011768732492876,False,alpha_async,30,130,180,1,-1,1.0,0.6,0.6,60,0.0048153320847525,0,0,40,1.0,2,0,0.25,0.01,0.75,50.0,lesion,30.0,0.45,0.2,0.1,0.002,8.0
44,220,0.4068337780116363,0.5,-0.3615232719056935,0.0,0.125,0.0,square_moore__markov__plastic__intr0__struct0__alpha_async__baseline__s2__589423470c,0.00149634104161,-0.0067423869238903,0.25,False,0.5588293973436473,0.002,0.016,markov,0.62,square_moore,30,70,0.9,0.4757976316358245,0.3,0,0.42,0.08,140,0.4051205127757216,0.2,10,1.4955075479551652,4.483263982248445e-18,0.2,plastic,calibration,,False,alpha_async,30,130,180,2,-1,1.0,0.6,0.6,60,0.0474592003693953,0,0,40,1.0,2,0,0.25,0.01,0.75,50.0,baseline,30.0,0.45,0.2,0.1,0.002,8.0
44,220,0.2595215044119655,0.5,0.1265389051915266,0.0,0.125,0.0,square_moore__markov__plastic__intr0__struct0__alpha_async__lesion__s2__ea6aaae790,0.1186286267921788,0.1371354624449129,0.25,False,0.3523730461356174,0.002,0.016,markov,0.58,square_moore,30,70,0.9,0.2977040183883507,0.3,0,0.42,0.08,140,0.2047662234044573,0.3,10,1.479082321542509,5.816938841689963e-18,0.2,plastic,calibration,0.0746078141603397,False,alpha_async,30,130,180,2,-1,1.0,0.6,0.6,60,0.0827521072566538,0,0,40,1.0,2,0,0.25,0.01,0.75,50.0,lesion,30.0,0.45,0.2,0.1,0.002,8.0
44,220,0.4082647558364687,0.5,-0.3723653277855438,0.0,0.125,0.2874468570413611,square_moore__ql__plastic__intr0__struct0__alpha_async__baseline__s1__7d8d12f304,-0.0063321720851622,0.0001118903719283,0.25,False,0.5687976697263083,0.002,0.016,ql,0.68,square_moore,30,70,0.9,0.4786258316478731,0.3,0,0.42,0.08,140,0.4032636874317896,0.4,10,1.5058420272065107,4.701722800975776e-18,0.2,plastic,calibration,,False,alpha_async,30,130,180,1,-1,1.0,0.6,0.6,60,0.0340886957196146,0,0,40,1.0,2,0,0.25,0.01,0.75,50.0,baseline,30.0,0.45,0.2,0.1,0.002,8.0
44,220,0.4163942073041637,0.5,-0.364267520154108,0.0,0.125,0.3049202945077951,square_moore__ql__plastic__intr0__struct0__alpha_async__lesion__s1__5211f57157,0.0033919037606614,0.0001878403074194,0.25,False,0.5597772584937936,0.002,0.016,ql,0.68,square_moore,30,70,0.9,0.4830249335046291,0.3,0,0.42,0.08,140,0.3461090598023311,0.2,10,1.4889424662043975,5.6064495146797764e-18,0.2,plastic,calibration,0.010629870217013,False,alpha_async,30,130,180,1,-1,1.0,0.6,0.6,60,0.0629443437150119,0,0,40,1.0,2,0,0.25,0.01,0.75,50.0,lesion,30.0,0.45,0.2,0.1,0.002,8.0
44,220,0.4263395980660874,0.5,-0.357855030578647,0.0,0.125,0.0,hex_cells__markov__plastic__intr0__struct0__alpha_async__baseline__s1__2803695ea3,0.0046858443216991,-0.0013880892933661,0.25,False,0.5959044104038704,0.002,0.016,markov,0.62,hex_cells,30,70,0.9,0.4648638539603312,0.3,0,0.42,0.08,140,0.4202335262670846,0.3,10,1.2951807525370909,3.497499012798193e-18,0.2,plastic,calibration,,False,alpha_async,30,130,180,1,-1,1.0,0.6,0.6,60,0.0138322003960617,0,0,40,1.0,2,0,0.25,0.01,0.75,50.0,baseline,30.0,0.45,0.2,0.1,0.002,8.0
44,220,0.3104377121996806,0.5,0.0887881852229805,0.0,0.125,0.0,hex_cells__markov__plastic__intr0__struct0__alpha_async__lesion__s1__d2530da798,0.0857047038016576,0.0759814778036143,0.25,False,0.4384069026439863,0.002,0.016,markov,0.58,hex_cells,30,70,0.9,0.3316429442913875,0.3,0,0.42,0.08,140,0.2398451598102192,0.4,10,1.538746623496708,3.7010322682376574e-18,0.2,plastic,calibration,0.0499043403685292,False,alpha_async,30,130,180,1,-1,1.0,0.6,0.6,60,0.0561733032890654,0,0,40,1.0,2,0,0.25,0.01,0.75,50.0,lesion,30.0,0.45,0.2,0.1,0.002,8.0
44,220,0.4228276138877506,0.5,-0.3601350750650193,0.0,0.125,0.2778158959531961,hex_cells__ql__plastic__intr0__struct0__alpha_async__baseline__s1__5c90ab9b97,0.0136804569687097,0.0256921693486109,0.25,False,0.6175223555932227,0.002,0.016,ql,0.58,hex_cells,30,70,0.9,0.4568131650854445,0.3,0,0.42,0.08,140,0.4178592396828193,0.2,10,1.2593460508971634,3.578217149797476e-18,0.2,plastic,calibration,,False,alpha_async,30,130,180,1,-1,1.0,0.6,0.6,60,0.0144529097017111,0,0,40,1.0,2,0,0.25,0.01,0.75,50.0,baseline,30.0,0.45,0.2,0.1,0.002,8.0
44,220,0.4282161410763406,0.5,-0.3457480107922213,0.0,0.125,0.2692169141504507,hex_cells__ql__plastic__intr0__struct0__alpha_async__baseline__s2__be8496d6cb,-0.0036396119584016,-0.001159442714273,0.25,False,0.6065108418763844,0.002,0.016,ql,0.68,hex_cells,30,70,0.9,0.4610502843022315,0.3,0,0.42,0.08,140,0.4219602317867402,0.3,10,1.289745834146454,4.0413411701339244e-18,0.2,plastic,calibration,,False,alpha_async,30,130,180,2,-1,1.0,0.6,0.6,60,0.015270845468541,0,0,40,1.0,2,0,0.25,0.01,0.75,50.0,baseline,30.0,0.45,0.2,0.1,0.002,8.0
44,220,0.4250622807464673,0.5,-0.3508622318756247,0.0,0.125,0.2963350890477251,hex_cells__ql__plastic__intr0__struct0__alpha_async__lesion__s2__181523857c,0.0206666579539867,-0.0188649662354843,0.25,False,0.6104950673921467,0.002,0.016,ql,0.62,hex_cells,30,70,0.9,0.4605051173467882,0.3,0,0.42,0.08,140,0.3532239487156959,0.4,10,1.2906041220467095,4.353022526622747e-18,0.2,plastic,calibration,0.0103211496075129,False,alpha_async,30,130,180,2,-1,1.0,0.6,0.6,60,0.0222166196091576,0,0,40,1.0,2,0,0.25,0.01,0.75,50.0,lesion,30.0,0.45,0.2,0.1,0.002,8.0
44,220,0.4032895631661419,0.5,-0.2373648552428189,0.0,0.125,0.0,honeycomb__markov__plastic__intr0__struct0__alpha_async__baseline__s2__86f93d475f,0.002916075353087,0.0017827678925163,0.25,False,0.7243090427841868,0.002,0.016,markov,0.62,honeycomb,30,70,0.9,0.3514393870681149,0.3,0,0.42,0.08,140,0.3971817801236839,0.2,10,1.5162168906638658,4.314871741329599e-18,0.2,plastic,calibration,,False,alpha_async,30,130,180,2,-1,1.0,0.6,0.6,60,0.0060776038377199,0,0,40,1.0,2,0,0.25,0.01,0.75,50.0,baseline,30.0,0.45,0.2,0.1,0.002,8.0
44,220,0.1158616809039623,0.5,0.5390202300102072,0.0,0.125,0.0,honeycomb__markov__plastic__intr0__struct0__alpha_async__lesion__s2__cc6d6f2b4e,0.3565651258654828,0.3088833200714313,0.25,False,0.2178572736108565,0.002,0.016,markov,0.58,honeycomb,30,70,0.9,0.0998800252440353,0.3,0,0.42,0.08,140,0.1197561109907159,0.3,10,0.9987816525259804,5.908626153618787e-18,0.2,plastic,calibration,0.3383679710264524,False,alpha_async,30,130,180,2,-1,1.0,0.6,0.6,60,0.1513524021147293,0,0,40,1.0,2,0,0.25,0.01,0.75,50.0,lesion,30.0,0.45,0.2,0.1,0.002,8.0
44,220,0.3904554608282244,0.5,-0.1774025677334786,0.0,0.125,0.2782943060289277,honeycomb__ql__plastic__intr0__struct0__alpha_async__baseline__s1__df0a6b2424,-0.007063328452915,-0.0037574425094378,0.25,False,0.7188874413458247,0.002,0.016,ql,0.68,honeycomb,30,70,0.9,0.3368659657716697,0.3,0,0.42,0.08,140,0.3871172569809745,0.4,10,1.513272820034837,3.91666484823102e-18,0.2,plastic,calibration,,False,alpha_async,30,130,180,1,-1,1.0,0.6,0.6,60,0.0049181606146954,0,0,40,1.0,2,0,0.25,0.01,0.75,50.0,baseline,30.0,0.45,0.2,0.1,0.002,8.0
44,220,0.332361549077054,0.5,0.0514924736025465,0.0,0.125,0.3666079587173183,honeycomb__ql__plastic__intr0__struct0__alpha_async__lesion__s1__39a9766559,0.0573483825373362,0.0526985138995865,0.25,False,0.6602025465049778,0.002,0.016,ql,0.68,honeycomb,30,70,0.9,0.2760869624842848,0.3,0,0.42,0.08,140,0.2765824207266267,0.2,10,1.5486637883733818,2.4900180565170085e-18,0.2,plastic,calibration,0.0108648470881356,False,alpha_async,30,130,180,1,-1,1.0,0.6,0.6,60,0.0410625840876713,0,0,40,1.0,2,0,0.25,0.01,0.75,50.0,lesion,30.0,0.45,0.2,0.1,0.002,8.0
44,220,0.4196372946731254,0.5,-0.1887161446842657,0.0,0.125,0.0,extended_moore_r2__markov__plastic__intr0__struct0__alpha_async__baseline__s1__a2334fe400,0.0120225209108904,0.0048571081852829,0.25,False,0.799925055524682,0.002,0.016,markov,0.62,extended_moore_r2,30,70,0.9,0.2898071001335325,0.3,0,0.42,0.08,140,0.4184900084423146,0.3,10,0.5073853344161598,3.1464491793098383e-18,0.2,plastic,calibration,,False,alpha_async,30,130,180,1,-1,1.0,0.6,0.6,60,0.0624652252128791,0,0,40,0.9943397038567492,2,0,0.25,0.01,0.75,50.0,baseline,30.0,0.45,0.2,0.1,0.002,8.0
44,220,0.3667776417310171,0.5,0.0704166981307419,0.0,0.125,0.0,extended_moore_r2__markov__plastic__intr0__struct0__alpha_async__lesion__s1__78f5f850a9,0.0375182625322023,0.0371368777688961,0.25,False,0.6562033501796809,0.002,0.016,markov,0.58,extended_moore_r2,30,70,0.9,0.2917718230449648,0.3,0,0.42,0.08,140,0.2756728315015329,0.4,10,1.0922849599181776,4.8686837029338944e-18,0.2,plastic,calibration,0.0134506348988161,False,alpha_async,30,130,180,1,-1,1.0,0.6,0.6,60,0.06114161264365,0,0,40,0.9935649104683196,2,0,0.25,0.01,0.75,50.0,lesion,30.0,0.45,0.2,0.1,0.002,8.0
44,220,0.4014877959550273,0.5,-0.2279703749443148,0.0,0.125,0.1817437401815587,extended_moore_r2__ql__plastic__intr0__struct0__alpha_async__baseline__s1__757e8597cf,-0.000263472015312,0.0140352052207022,0.25,False,0.7962982145000754,0.002,0.016,ql,0.58,extended_moore_r2,30,70,0.9,0.2883426100199678,0.3,0,0.42,0.08,140,0.4006151267756132,0.2,10,0.3423410558725278,4.0690951465689005e-18,0.2,plastic,calibration,,False,alpha_async,30,130,180,1,-1,1.0,0.6,0.6,60,0.0556786589813096,0,0,40,0.9805440771349864,2,0,0.25,0.01,0.75,50.0,baseline,30.0,0.45,0.2,0.1,0.002,8.0
44,220,0.4814259295744949,0.5,-0.04347625901722,0.0,0.125,0.1235621843135958,extended_moore_r2__ql__plastic__intr0__struct0__alpha_async__baseline__s2__5390034cb3,-0.0032582027810616,-0.0068811706944143,0.25,False,0.8304465333900364,0.002,0.016,ql,0.68,extended_moore_r2,30,70,0.9,0.2590376226846351,0.3,0,0.42,0.08,140,0.4386039733702704,0.3,10,0.7174907661485711,4.404494342212175e-18,0.2,plastic,calibration,,False,alpha_async,30,130,180,2,-1,1.0,0.6,0.6,60,0.0044000891596902,0,0,40,1.0,2,0,0.25,0.01,0.75,50.0,baseline,30.0,0.45,0.2,0.1,0.002,8.0
44,220,0.4386773526669553,0.5,-0.1981805859157809,0.0,0.125,0.1961591560271192,extended_moore_r2__ql__plastic__intr0__struct0__alpha_async__lesion__s2__68872d6077,-0.0121786371566677,-0.0396826121910549,0.25,False,0.7901784269511827,0.002,0.016,ql,0.62,extended_moore_r2,30,70,0.9,0.3060506407442854,0.3,0,0.42,0.08,140,0.370315633652174,0.4,10,0.7384559700461374,3.4470538179304043e-18,0.2,plastic,calibration,-0.0049217230933297,False,alpha_async,30,130,180,2,-1,1.0,0.6,0.6,60,0.1141530750674087,0,0,40,0.9934142561983472,2,0,0.25,0.01,0.75,50.0,lesion,30.0,0.45,0.2,0.1,0.002,8.0
44,220,0.4720374992934237,0.5,-0.0648669299860478,0.0,0.125,0.0,extended_hex_r2__markov__plastic__intr0__struct0__alpha_async__baseline__s2__d8a9f795dc,-0.0004988741181534,-0.0049826531290649,0.25,False,0.8857303865671825,0.002,0.016,markov,0.62,extended_hex_r2,30,70,0.9,0.2180633529756535,0.3,0,0.42,0.08,140,0.4411767307266272,0.2,10,0.7513607488780557,3.770102651309696e-18,0.2,plastic,calibration,,False,alpha_async,30,130,180,2,-1,1.0,0.6,0.6,60,0.0071100388837808,0,0,40,1.0,2,0,0.25,0.01,0.75,50.0,baseline,30.0,0.45,0.2,0.1,0.002,8.0
44,220,0.4226958999800008,0.5,0.0848301958953699,0.0,0.125,0.0,extended_hex_r2__markov__plastic__intr0__struct0__alpha_async__lesion__s2__feb07e71e7,0.0021892632354479,0.0003551201956816,0.25,False,0.8806108138784933,0.002,0.016,markov,0.58,extended_hex_r2,30,70,0.9,0.1783964587264964,0.3,0,0.42,0.08,140,0.3309881757863992,0.3,10,0.5137775859330629,3.9252680514711014e-18,0.2,plastic,calibration,-0.0156094192289132,False,alpha_async,30,130,180,2,-1,1.0,0.6,0.6,60,0.0153794821699871,0,0,40,1.0,2,0,0.25,0.01,0.75,50.0,lesion,30.0,0.45,0.2,0.1,0.002,8.0
44,220,0.4722101946338199,0.5,-0.0458882724307525,0.0,0.125,0.1269576734311747,extended_hex_r2__ql__plastic__intr0__struct0__alpha_async__baseline__s1__73457738f1,0.0046761851264971,0.0053929797525181,0.25,False,0.8406329687461291,0.002,0.016,ql,0.68,extended_hex_r2,30,70,0.9,0.2523689042843484,0.3,0,0.42,0.08,140,0.4376190852431021,0.4,10,0.7682781356898203,4.875156964568624e-18,0.2,plastic,calibration,,False,alpha_async,30,130,180,1,-1,1.0,0.6,0.6,60,0.0052769186920973,0,0,40,1.0,2,0,0.25,0.01,0.75,50.0,baseline,30.0,0.45,0.2,0.1,0.002,8.0
44,220,0.4729866570834397,0.5,-0.0455288792028262,0.0,0.125,0.160071397688975,extended_hex_r2__ql__plastic__intr0__struct0__alpha_async__lesion__s1__afb3013a84,-0.0025010750788345,0.0034464979021984,0.25,False,0.8399902724781351,0.002,0.016,ql,0.68,extended_hex_r2,30,70,0.9,0.2528840231768027,0.3,0,0.42,0.08,140,0.3934648970775578,0.2,10,0.7745367721668257,4.336865898990252e-18,0.2,plastic,calibration,-0.0091671766707358,False,alpha_async,30,130,180,1,-1,1.0,0.6,0.6,60,0.0049963154968247,0,0,40,0.9999713039485768,2,0,0.25,0.01,0.75,50.0,lesion,30.0,0.45,0.2,0.1,0.002,8.0
44,220,0.4214108294487191,0.5,-0.3901288451233267,0.0,0.125,0.0,square_moore__markov__plastic__intr0__struct0__alpha_async__baseline__s2__7ae77f1f00,-0.0013221329602336,-0.006589101938932,0.25,False,0.4875714058109445,0.002,0.006,markov,0.62,square_moore,30,70,0.9,0.5178927882142368,0.3,0,0.42,0.08,140,0.4117761834052034,0.3,10,1.5412448145212434,6.0429743456308565e-18,0.2,plastic,calibration,,False,alpha_async,30,130,180,2,-1,1.0,0.6,0.6,60,0.2708227699300726,0,0,40,1.0,2,0,0.25,0.01,0.75,50.0,baseline,30.0,0.45,0.2,0.1,0.002,8.0
44,220,0.2751236705047641,0.5,0.1432011704580919,0.0,0.125,0.0,square_moore__markov__plastic__intr0__struct0__alpha_async__lesion__s2__2d77f14c27,0.1186237371953341,0.1082591371298989,0.25,False,0.3999522897941091,0.002,0.006,markov,0.58,square_moore,30,70,0.9,0.2963329969467817,0.3,0,0.42,0.08,140,0.2148035562359213,0.4,10,1.5250426624254163,6.322833902458223e-18,0.2,plastic,calibration,0.0816384518196233,False,alpha_async,30,130,180,2,-1,1.0,0.6,0.6,60,0.0965746075463144,0,0,40,1.0,2,0,0.25,0.01,0.75,50.0,lesion,30.0,0.45,0.2,0.1,0.002,8.0
44,220,0.4213516901992142,0.5,-0.3840028616641263,0.0,0.125,0.3077667914181449,square_moore__ql__plastic__intr0__struct0__alpha_async__baseline__s2__1c88fe76c1,-0.0028446652417145,0.0010642355079632,0.25,False,0.5071467307180654,0.002,0.006,ql,0.58,square_moore,30,70,0.9,0.5146901137881443,0.3,0,0.42,0.08,140,0.4131099691000189,0.2,10,1.5095924883769427,5.011734977161196e-18,0.2,plastic,calibration,,False,alpha_async,30,130,180,2,-1,1.0,0.6,0.6,60,0.1729007349013533,0,0,40,1.0,2,0,0.25,0.01,0.75,50.0,baseline,30.0,0.45,0.2,0.1,0.002,8.0
44,220,0.413506775125209,0.5,-0.3289782248891604,0.0,0.125,0.316536042217652,square_moore__ql__plastic__intr0__struct0__alpha_async__lesion__s1__ebb247ec22,0.0242045443355877,0.0016102865552138,0.25,False,0.606021733122718,0.002,0.006,ql,0.68,square_moore,30,70,0.9,0.448318723280505,0.3,0,0.42,0.08,140,0.3442109338376286,0.3,10,1.419031636171547,6.35333248906214e-18,0.2,plastic,calibration,0.0205365879637883,False,alpha_async,30,130,180,1,-1,1.0,0.6,0.6,60,0.0415849892659855,0,0,40,1.0,2,0,0.25,0.01,0.75,50.0,lesion,30.0,0.45,0.2,0.1,0.002,8.0
44,220,0.4289841891695464,0.5,-0.3922543323876615,0.0,0.125,0.0,hex_cells__markov__plastic__intr0__struct0__alpha_async__baseline__s1__78953d6358,0.0065315887943724,0.0041367866383302,0.25,False,0.5514792713785159,0.002,0.006,markov,0.62,hex_cells,30,70,0.9,0.5024545382496176,0.3,0,0.42,0.08,140,0.4281211162856623,0.4,10,1.384707177825415,3.002533434854538e-18,0.2,plastic,calibration,,False,alpha_async,30,130,180,1,-1,1.0,0.6,0.6,60,0.0440271413787077,0,0,40,1.0,2,0,0.25,0.01,0.75,50.0,baseline,30.0,0.45,0.2,0.1,0.002,8.0
44,220,0.3639154661569872,0.5,-0.0593622478082936,0.0,0.125,0.0,hex_cells__markov__plastic__intr0__struct0__alpha_async__lesion__s1__a14d6630b6,0.0551310354274681,0.0426736380014693,0.25,False,0.4721583224500826,0.002,0.006,markov,0.62,hex_cells,30,70,0.9,0.4015904733476216,0.3,0,0.42,0.08,140,0.2777335053615424,0.2,10,1.53944925037198,5.0698219228921066e-18,0.2,plastic,calibration,0.0136172025897864,False,alpha_async,30,130,180,1,-1,1.0,0.6,0.6,60,0.0436150349189637,0,0,40,1.0,2,0,0.25,0.01,0.75,50.0,lesion,30.0,0.45,0.2,0.1,0.002,8.0
44,220,0.4286195378012569,0.5,-0.3866330632826111,0.0,0.125,0.2854809495965831,hex_cells__ql__plastic__intr0__struct0__alpha_async__baseline__s1__65dfc9d13f,0.0058975824652029,0.002013769130137,0.25,False,0.5838334293520668,0.002,0.006,ql,0.58,hex_cells,30,70,0.9,0.4899619418994866,0.3,0,0.42,0.08,140,0.4255263837038506,0.3,10,1.358085676741223,4.1758848653205355e-18,0.2,plastic,calibration,,False,alpha_async,30,130,180,1,-1,1.0,0.6,0.6,60,0.0264567720192272,0,0,40,1.0,2,0,0.25,0.01,0.75,50.0,baseline,30.0,0.45,0.2,0.1,0.002,8.0
44,220,0.4333916250313748,0.5,-0.3793789301784398,0.0,0.125,0.2716370684763301,hex_cells__ql__plastic__intr0__struct0__alpha_async__baseline__s2__7260246b83,-0.0009502143296682,0.0036082949606962,0.25,False,0.5937137777500361,0.002,0.006,ql,0.68,hex_cells,30,70,0.9,0.4838454437530622,0.3,0,0.42,0.08,140,0.4291710968164013,0.4,10,1.3258242791576431,2.7148479890048317e-18,0.2,plastic,calibration,,False,alpha_async,30,130,180,2,-1,1.0,0.6,0.6,60,0.0315889492925153,0,0,40,1.0,2,0,0.25,0.01,0.75,50.0,baseline,30.0,0.45,0.2,0.1,0.002,8.0
44,220,0.446860187478939,0.5,-0.3894802441199457,0.0,0.125,0.2896471796517662,hex_cells__ql__plastic__intr0__struct0__alpha_async__lesion__s2__d6f25bcf45,-0.001612136016161,-0.0197066093771522,0.25,False,0.5851420361704922,0.002,0.006,ql,0.68,hex_cells,30,70,0.9,0.4978917011659903,0.3,0,0.42,0.08,140,0.3742878486436806,0.2,10,1.2790305608567631,4.156584325093672e-18,0.2,plastic,calibration,-0.0010316477738651,False,alpha_async,30,130,180,2,-1,1.0,0.6,0.6,60,0.0175592150055838,0,0,40,1.0,2,0,0.25,0.01,0.75,50.0,lesion,30.0,0.45,0.2,0.1,0.002,8.0
44,220,0.4053521533930629,0.5,-0.2354681956647474,0.0,0.125,0.0,honeycomb__markov__plastic__intr0__struct0__alpha_async__baseline__s2__6bec84a6b5,0.011594099249196,0.0015401278145326,0.25,False,0.7359745732487042,0.002,0.006,markov,0.62,honeycomb,30,70,0.9,0.3437851129103281,0.3,0,0.42,0.08,140,0.3979737716345072,0.3,10,1.4923082226147717,3.5557556262828345e-18,0.2,plastic,calibration,,False,alpha_async,30,130,180,2,-1,1.0,0.6,0.6,60,0.0075176471441959,0,0,40,1.0,2,0,0.25,0.01,0.75,50.0,baseline,30.0,0.45,0.2,0.1,0.002,8.0
44,220,0.1223958325846244,0.5,0.511574048722261,0.0,0.125,0.0,honeycomb__markov__plastic__intr0__struct0__alpha_async__lesion__s2__81b1544ec4,0.3323636425161486,0.319302185796726,0.25,False,0.2273707060325858,0.002,0.006,markov,0.58,honeycomb,30,70,0.9,0.1089456862310459,0.3,0,0.42,0.08,140,0.1234543373925491,0.4,10,1.030325623664705,5.3210159243420265e-18,0.2,plastic,calibration,0.2983045907142221,False,alpha_async,30,130,180,2,-1,1.0,0.6,0.6,60,0.1565524723878933,0,0,40,1.0,2,0,0.25,0.01,0.75,50.0,lesion,30.0,0.45,0.2,0.1,0.002,8.0
44,220,0.4013201871112068,0.5,-0.2350654323099563,0.0,0.125,0.2696906385114578,honeycomb__ql__plastic__intr0__struct0__alpha_async__baseline__s2__190b59c5a3,0.0097638407083153,-0.0043049872410461,0.25,False,0.7468699575657741,0.002,0.006,ql,0.58,honeycomb,30,70,0.9,0.3350454946444675,0.3,0,0.42,0.08,140,0.3958686349174944,0.2,10,1.472917038135809,3.82661744973408e-18,0.2,plastic,calibration,,False,alpha_async,30,130,180,2,-1,1.0,0.6,0.6,60,0.006564401341197,0,0,40,1.0,2,0,0.25,0.01,0.75,50.0,baseline,30.0,0.45,0.2,0.1,0.002,8.0
44,220,0.3256419721511253,0.5,0.0664353649406084,0.0,0.125,0.3775556536106703,honeycomb__ql__plastic__intr0__struct0__alpha_async__lesion__s1__5240a5d998,0.0858820282538805,0.0626964019381096,0.25,False,0.6528179076980918,0.002,0.006,ql,0.68,honeycomb,30,70,0.9,0.2710245817097327,0.3,0,0.42,0.08,140,0.2671374922662184,0.3,10,1.5515336745116048,2.84078670002274e-18,0.2,plastic,calibration,0.0812057975378543,False,alpha_async,30,130,180,1,-1,1.0,0.6,0.6,60,0.0484065928107643,0,0,40,1.0,2,0,0.25,0.01,0.75,50.0,lesion,30.0,0.45,0.2,0.1,0.002,8.0
44,220,0.4284183685374045,0.5,-0.2781909144810756,0.0,0.125,0.0,extended_moore_r2__markov__plastic__intr0__struct0__alpha_async__baseline__s1__30b9da6208,0.0316766014002551,-0.0024334706252391,0.25,False,0.6328702372708166,0.002,0.006,markov,0.62,extended_moore_r2,30,70,0.9,0.4220571161451752,0.3,0,0.42,0.08,140,0.4230762332349256,0.4,10,0.8411418892980816,6.719399380293419e-18,0.2,plastic,calibration,,False,alpha_async,30,130,180,1,-1,1.0,0.6,0.6,60,0.1810468221321274,0,0,40,1.0,2,0,0.25,0.01,0.75,50.0,baseline,30.0,0.45,0.2,0.1,0.002,8.0
44,220,0.4072181055151213,0.5,-0.1132888047029218,0.0,0.125,0.0,extended_moore_r2__markov__plastic__intr0__struct0__alpha_async__lesion__s1__d94b3f83ee,0.0390392481052471,0.0133328986166644,0.25,False,0.6662166264289032,0.002,0.006,markov,0.62,extended_moore_r2,30,70,0.9,0.3436519127311397,0.3,0,0.42,0.08,140,0.316076075655833,0.2,10,0.9779519436056558,7.809582187899e-18,0.2,plastic,calibration,0.0078096609254039,False,alpha_async,30,130,180,1,-1,1.0,0.6,0.6,60,0.21187089120181,0,0,40,1.0,2,0,0.25,0.01,0.75,50.0,lesion,30.0,0.45,0.2,0.1,0.002,8.0
44,220,0.4235032388503469,0.5,-0.2863095413630075,0.0,0.125,0.220263097620816,extended_moore_r2__ql__plastic__intr0__struct0__alpha_async__baseline__s1__8c94a30214,-0.0162267850195621,0.0010306510258778,0.25,False,0.5823586695424776,0.002,0.006,ql,0.58,extended_moore_r2,30,70,0.9,0.4519991499750177,0.3,0,0.42,0.08,140,0.4206270937092574,0.3,10,0.8644853610932414,7.86494773953324e-18,0.2,plastic,calibration,,False,alpha_async,30,130,180,1,-1,1.0,0.6,0.6,60,0.3641109429393635,0,0,40,1.0,2,0,0.25,0.01,0.75,50.0,baseline,30.0,0.45,0.2,0.1,0.002,8.0
44,220,0.4838012530355406,0.5,-0.0461036507898973,0.0,0.125,0.1254706917705134,extended_moore_r2__ql__plastic__intr0__struct0__alpha_async__baseline__s2__5aeca583be,-0.0026567957425985,-0.0078444691585428,0.25,False,0.8293646132910208,0.002,0.006,ql,0.68,extended_moore_r2,30,70,0.9,0.2600916951306825,0.3,0,0.42,0.08,140,0.4395045528703132,0.4,10,0.7025764459193421,5.543567859953855e-18,0.2,plastic,calibration,,False,alpha_async,30,130,180,2,-1,1.0,0.6,0.6,60,0.0046033788597261,0,0,40,1.0,2,0,0.25,0.01,0.75,50.0,baseline,30.0,0.45,0.2,0.1,0.002,8.0
44,220,0.452925623301379,0.5,-0.077222679798889,0.0,0.125,0.1793542087584167,extended_moore_r2__ql__plastic__intr0__struct0__alpha_async__lesion__s2__e88892eefd,0.0226786107525156,-0.0049482713116862,0.25,False,0.8058627486464229,0.002,0.006,ql,0.68,extended_moore_r2,30,70,0.9,0.2851997632584081,0.3,0,0.42,0.08,140,0.3892135444293076,0.2,10,0.8883299779711116,4.3540443992148295e-18,0.2,plastic,calibration,-0.0063783913061595,False,alpha_async,30,130,180,2,-1,1.0,0.6,0.6,60,0.0428401966911145,0,0,40,1.0,2,0,0.25,0.01,0.75,50.0,lesion,30.0,0.45,0.2,0.1,0.002,8.0
44,220,0.4737041404200958,0.5,-0.0664056419412106,0.0,0.125,0.0,extended_hex_r2__markov__plastic__intr0__struct0__alpha_async__baseline__s2__ea8de84656,0.001765461382505,-0.0041565608661212,0.25,False,0.8843963760227962,0.002,0.006,markov,0.62,extended_hex_r2,30,70,0.9,0.2197874521068777,0.3,0,0.42,0.08,140,0.4421870140879346,0.3,10,0.7561051393529981,4.572301999684224e-18,0.2,plastic,calibration,,False,alpha_async,30,130,180,2,-1,1.0,0.6,0.6,60,0.0075617926514228,0,0,40,1.0,2,0,0.25,0.01,0.75,50.0,baseline,30.0,0.45,0.2,0.1,0.002,8.0
44,220,0.4388408691662413,0.5,0.0692188211353315,0.0,0.125,0.0,extended_hex_r2__markov__plastic__intr0__struct0__alpha_async__lesion__s2__8093a4464a,-0.0169275823284304,-0.0033203585981642,0.25,False,0.8949228995396754,0.002,0.006,markov,0.58,extended_hex_r2,30,70,0.9,0.1754457963822844,0.3,0,0.42,0.08,140,0.3352011251846824,0.4,10,0.6452651943956424,4.296867378012536e-18,0.2,plastic,calibration,-0.0094572326533395,False,alpha_async,30,130,180,2,-1,1.0,0.6,0.6,60,0.0257938995466052,0,0,40,1.0,2,0,0.25,0.01,0.75,50.0,lesion,30.0,0.45,0.2,0.1,0.002,8.0
44,220,0.4645652086001526,0.5,-0.0867064453647976,0.0,0.125,0.1306106990413831,extended_hex_r2__ql__plastic__intr0__struct0__alpha_async__baseline__s2__41e22be0d7,-0.0004814239301955,-0.0037502679089105,0.25,False,0.9121043574968712,0.002,0.006,ql,0.58,extended_hex_r2,30,70,0.9,0.1930646683023569,0.3,0,0.42,0.08,140,0.4393120691653493,0.2,10,0.6833268479662837,4.201339357400224e-18,0.2,plastic,calibration,,False,alpha_async,30,130,180,2,-1,1.0,0.6,0.6,60,0.0139935370470897,0,0,40,1.0,2,0,0.25,0.01,0.75,50.0,baseline,30.0,0.45,0.2,0.1,0.002,8.0
44,220,0.4742431796691388,0.5,-0.0473708751690988,0.0,0.125,0.1606371142180653,extended_hex_r2__ql__plastic__intr0__struct0__alpha_async__lesion__s1__0a12db668a,0.0068811664110875,0.0069693953928422,0.25,False,0.8369455876406247,0.002,0.006,ql,0.68,extended_hex_r2,30,70,0.9,0.2554415815405819,0.3,0,0.42,0.08,140,0.394186392118023,0.3,10,0.7656072098387593,3.820710508359089e-18,0.2,plastic,calibration,0.0008869917161966,False,alpha_async,30,130,180,1,-1,1.0,0.6,0.6,60,0.0049465668327514,0,0,40,1.0,2,0,0.25,0.01,0.75,50.0,lesion,30.0,0.45,0.2,0.1,0.002,8.0
44,220,0.4120416027564905,0.5,-0.4231065185238404,0.0,0.125,0.0,square_moore__markov__plastic__intr0__struct0__alpha_async__baseline__s2__bc8030d740,0.0057627277823417,0.0026482301607237,0.25,False,0.4531909427698788,0.002,0.01,markov,0.62,square_moore,30,70,0.9,0.5453976834954863,0.3,0,0.42,0.08,140,0.4082709918139237,0.3,10,1.5606165410029438,4.99372294956276e-18,0.2,plastic,calibration,,False,alpha_async,30,130,180,2,-1,1.0,0.6,0.6,60,0.4780041324153178,0,0,40,1.0,2,0,0.25,0.01,0.75,50.0,baseline,30.0,0.45,0.2,0.1,0.002,8.0
44,220,0.2596905826659392,0.5,0.1471457333914178,0.0,0.125,0.0,square_moore__markov__plastic__intr0__struct0__alpha_async__lesion__s2__4d97f42ae3,0.1208571832715439,0.107607903370967,0.25,False,0.3617114972072899,0.002,0.01,markov,0.58,square_moore,30,70,0.9,0.2899961745983742,0.3,0,0.42,0.08,140,0.2063379491548402,0.4,10,1.4917758587061851,7.366412852044527e-18,0.2,plastic,calibration,0.0807546270036339,False,alpha_async,30,130,180,2,-1,1.0,0.6,0.6,60,0.0750273372970218,0,0,40,1.0,2,0,0.25,0.01,0.75,50.0,lesion,30.0,0.45,0.2,0.1,0.002,8.0
44,220,0.4090900150995742,0.5,-0.4035856689013861,0.0,0.125,0.2968217619929063,square_moore__ql__plastic__intr0__struct0__alpha_async__baseline__s2__cc09739624,-0.0049294372338412,0.0010869011417833,0.25,False,0.5200164487071497,0.002,0.01,ql,0.58,square_moore,30,70,0.9,0.5124224778975573,0.3,0,0.42,0.08,140,0.4079915766390887,0.2,10,1.5575767364984243,6.070278794914343e-18,0.2,plastic,calibration,,False,alpha_async,30,130,180,2,-1,1.0,0.6,0.6,60,0.3816361465242409,0,0,40,1.0,2,0,0.25,0.01,0.75,50.0,baseline,30.0,0.45,0.2,0.1,0.002,8.0
44,220,0.4129251151675819,0.5,-0.3310541844115547,0.0,0.125,0.313056326047357,square_moore__ql__plastic__intr0__struct0__alpha_async__lesion__s1__ab9f895b8e,0.0237248295723806,-0.0026153424432203,0.25,False,0.5897953718538862,0.002,0.01,ql,0.68,square_moore,30,70,0.9,0.4546370347356857,0.3,0,0.42,0.08,140,0.3434403703610059,0.3,10,1.4494540835525394,5.265008526985668e-18,0.2,plastic,calibration,0.0128162636882191,False,alpha_async,30,130,180,1,-1,1.0,0.6,0.6,60,0.0715374459120685,0,0,40,1.0,2,0,0.25,0.01,0.75,50.0,lesion,30.0,0.45,0.2,0.1,0.002,8.0
44,220,0.4260847315236448,0.5,-0.3693022279453696,0.0,0.125,0.0,hex_cells__markov__plastic__intr0__struct0__alpha_async__baseline__s1__59f7faa63a,-0.0169824273702865,-0.0111259222916438,0.25,False,0.5602298852955221,0.002,0.01,markov,0.62,hex_cells,30,70,0.9,0.4870681909020186,0.3,0,0.42,0.08,140,0.4211939664522044,0.4,10,1.3508756683043135,4.4909346417583985e-18,0.2,plastic,calibration,,False,alpha_async,30,130,180,1,-1,1.0,0.6,0.6,60,0.0241340298326474,0,0,40,1.0,2,0,0.25,0.01,0.75,50.0,baseline,30.0,0.45,0.2,0.1,0.002,8.0
44,220,0.3554991283168949,0.5,-0.0398560397237102,0.0,0.125,0.0,hex_cells__markov__plastic__intr0__struct0__alpha_async__lesion__s1__96c5faf0b8,0.0601585203580465,0.0572926669392368,0.25,False,0.483321180047389,0.002,0.01,markov,0.62,hex_cells,30,70,0.9,0.385195251816417,0.3,0,0.42,0.08,140,0.2719768232721595,0.2,10,1.5239830927916656,4.308132439571359e-18,0.2,plastic,calibration,0.0294523287664379,False,alpha_async,30,130,180,1,-1,1.0,0.6,0.6,60,0.043174237902863,0,0,40,1.0,2,0,0.25,0.01,0.75,50.0,lesion,30.0,0.45,0.2,0.1,0.002,8.0
44,220,0.4268344655199574,0.5,-0.373023663356171,0.0,0.125,0.286543933175969,hex_cells__ql__plastic__intr0__struct0__alpha_async__baseline__s1__ae536d9937,0.0103362417382271,-0.0049607015381506,0.25,False,0.6015980198648394,0.002,0.01,ql,0.58,hex_cells,30,70,0.9,0.4716045622406578,0.3,0,0.42,0.08,140,0.4203890784852346,0.3,10,1.319940761463381,3.658553168873244e-18,0.2,plastic,calibration,,False,alpha_async,30,130,180,1,-1,1.0,0.6,0.6,60,0.0141401762472863,0,0,40,1.0,2,0,0.25,0.01,0.75,50.0,baseline,30.0,0.45,0.2,0.1,0.002,8.0
44,220,0.4297782784134937,0.5,-0.3604437980016372,0.0,0.125,0.2774331897831399,hex_cells__ql__plastic__intr0__struct0__alpha_async__baseline__s2__15fff85d48,0.011642305344478,0.0002117426401255,0.25,False,0.6050721236574941,0.002,0.01,ql,0.68,hex_cells,30,70,0.9,0.4679550321975355,0.3,0,0.42,0.08,140,0.4248576824600136,0.4,10,1.325234184543873,3.5007886042280146e-18,0.2,plastic,calibration,,False,alpha_async,30,130,180,2,-1,1.0,0.6,0.6,60,0.0392873247317614,0,0,40,1.0,2,0,0.25,0.01,0.75,50.0,baseline,30.0,0.45,0.2,0.1,0.002,8.0
44,220,0.4386725294951595,0.5,-0.3753417920733364,0.0,0.125,0.2884420220507514,hex_cells__ql__plastic__intr0__struct0__alpha_async__lesion__s2__e1cd5a8766,-0.0051111821445903,-0.0100783056222107,0.25,False,0.594740552620694,0.002,0.01,ql,0.68,hex_cells,30,70,0.9,0.4839993731459839,0.3,0,0.42,0.08,140,0.3687763701991433,0.2,10,1.2796675358085825,3.0677316752081262e-18,0.2,plastic,calibration,-0.0109092229157846,False,alpha_async,30,130,180,2,-1,1.0,0.6,0.6,60,0.0182442525834051,0,0,40,1.0,2,0,0.25,0.01,0.75,50.0,lesion,30.0,0.45,0.2,0.1,0.002,8.0
44,220,0.3987309409789236,0.5,-0.2411601777067449,0.0,0.125,0.0,honeycomb__markov__plastic__intr0__struct0__alpha_async__baseline__s2__4c1388c55e,-0.004423841313043,0.0085152215127338,0.25,False,0.7291252513584201,0.002,0.01,markov,0.62,honeycomb,30,70,0.9,0.3461436832216417,0.3,0,0.42,0.08,140,0.3964558052136044,0.3,10,1.53116092735352,2.475259492788611e-18,0.2,plastic,calibration,,False,alpha_async,30,130,180,2,-1,1.0,0.6,0.6,60,0.0065523322074945,0,0,40,1.0,2,0,0.25,0.01,0.75,50.0,baseline,30.0,0.45,0.2,0.1,0.002,8.0
44,220,0.1211711588273435,0.5,0.5324692436712097,0.0,0.125,0.0,honeycomb__markov__plastic__intr0__struct0__alpha_async__lesion__s2__3562e661fe,0.3265046389984845,0.2995369840982575,0.25,False,0.2271923393376546,0.002,0.01,markov,0.58,honeycomb,30,70,0.9,0.1046243906692549,0.3,0,0.42,0.08,140,0.1228784074014236,0.4,10,1.0370803438531584,7.149762360954638e-18,0.2,plastic,calibration,0.313072952986774,False,alpha_async,30,130,180,2,-1,1.0,0.6,0.6,60,0.1526091081338571,0,0,40,1.0,2,0,0.25,0.01,0.75,50.0,lesion,30.0,0.45,0.2,0.1,0.002,8.0
44,220,0.4008986063962239,0.5,-0.2424244131559065,0.0,0.125,0.2699669037689826,honeycomb__ql__plastic__intr0__struct0__alpha_async__baseline__s2__3783bbe512,0.0039602404739805,-0.0048974022403335,0.25,False,0.746685514624185,0.002,0.01,ql,0.58,honeycomb,30,70,0.9,0.3362874278898308,0.3,0,0.42,0.08,140,0.3956327405409753,0.2,10,1.4685120481521086,2.317212715584253e-18,0.2,plastic,calibration,,False,alpha_async,30,130,180,2,-1,1.0,0.6,0.6,60,0.0075172728057277,0,0,40,1.0,2,0,0.25,0.01,0.75,50.0,baseline,30.0,0.45,0.2,0.1,0.002,8.0
44,220,0.3255948042151463,0.5,0.0730803199433124,0.0,0.125,0.3749238776654742,honeycomb__ql__plastic__intr0__struct0__alpha_async__lesion__s1__a352f6a755,0.0901284343380698,0.0596880919314384,0.25,False,0.6547889843300728,0.002,0.01,ql,0.68,honeycomb,30,70,0.9,0.2683214894600747,0.3,0,0.42,0.08,140,0.271819673794249,0.3,10,1.5624145695721392,3.7273125706346096e-18,0.2,plastic,calibration,0.0568779255921514,False,alpha_async,30,130,180,1,-1,1.0,0.6,0.6,60,0.055295925014419,0,0,40,1.0,2,0,0.25,0.01,0.75,50.0,lesion,30.0,0.45,0.2,0.1,0.002,8.0
44,220,0.4245056763077571,0.5,-0.2698591349275036,0.0,0.125,0.0,extended_moore_r2__markov__plastic__intr0__struct0__alpha_async__baseline__s1__80b3870772,-0.0228897423082181,0.0172376819179128,0.25,False,0.6973542577870135,0.002,0.01,markov,0.62,extended_moore_r2,30,70,0.9,0.3811898665055696,0.3,0,0.42,0.08,140,0.4178843925038176,0.4,10,0.7504183091146848,5.662713192208405e-18,0.2,plastic,calibration,,False,alpha_async,30,130,180,1,-1,1.0,0.6,0.6,60,0.192284489849322,0,0,40,0.9999354338842976,2,0,0.25,0.01,0.75,50.0,baseline,30.0,0.45,0.2,0.1,0.002,8.0
44,220,0.3999858017633813,0.5,-0.0681323998393206,0.0,0.125,0.0,extended_moore_r2__markov__plastic__intr0__struct0__alpha_async__lesion__s1__793e46d0b8,0.0325032105114807,0.0100633538210757,0.25,False,0.7085991977133583,0.002,0.01,markov,0.62,extended_moore_r2,30,70,0.9,0.3104739026917483,0.3,0,0.42,0.08,140,0.3099124660040963,0.2,10,0.9143850949613344,7.024004741557841e-18,0.2,plastic,calibration,-0.0079441562390181,False,alpha_async,30,130,180,1,-1,1.0,0.6,0.6,60,0.1693001514504965,0,0,40,0.99991391184573,2,0,0.25,0.01,0.75,50.0,lesion,30.0,0.45,0.2,0.1,0.002,8.0
44,220,0.4161519321286465,0.5,-0.2693158549502116,0.0,0.125,0.1979590541456764,extended_moore_r2__ql__plastic__intr0__struct0__alpha_async__baseline__s1__2cf5e65239,-0.0513907356100437,0.0181421008548133,0.25,False,0.7204504690700617,0.002,0.01,ql,0.58,extended_moore_r2,30,70,0.9,0.3637330129909539,0.3,0,0.42,0.08,140,0.4125751852485141,0.3,10,0.6468763427994579,3.9243572601968324e-18,0.2,plastic,calibration,,False,alpha_async,30,130,180,1,-1,1.0,0.6,0.6,60,0.1136531158838054,0,0,40,0.9991175964187328,2,0,0.25,0.01,0.75,50.0,baseline,30.0,0.45,0.2,0.1,0.002,8.0
44,220,0.4829276079849935,0.5,-0.0452002460554935,0.0,0.125,0.1242580665483778,extended_moore_r2__ql__plastic__intr0__struct0__alpha_async__baseline__s2__60114efe8f,-0.0023977467510302,-0.0071020509831492,0.25,False,0.8295794223956667,0.002,0.01,ql,0.68,extended_moore_r2,30,70,0.9,0.2598057109187364,0.3,0,0.42,0.08,140,0.4393307986769865,0.4,10,0.7122065976234678,4.071319322169646e-18,0.2,plastic,calibration,,False,alpha_async,30,130,180,2,-1,1.0,0.6,0.6,60,0.004523314075597,0,0,40,1.0,2,0,0.25,0.01,0.75,50.0,baseline,30.0,0.45,0.2,0.1,0.002,8.0
44,220,0.4828394133959041,0.5,-0.0428658614276869,0.0,0.125,0.1610546355700923,extended_moore_r2__ql__plastic__intr0__struct0__alpha_async__lesion__s2__c4b16fe66f,-0.0019192807513684,-0.0081740500601707,0.25,False,0.8303080920778123,0.002,0.01,ql,0.68,extended_moore_r2,30,70,0.9,0.2585783696535885,0.3,0,0.42,0.08,140,0.3907342395852299,0.2,10,0.7089574809697132,4.741071173496229e-18,0.2,plastic,calibration,-0.0068504617535828,False,alpha_async,30,130,180,2,-1,1.0,0.6,0.6,60,0.0045185633549406,0,0,40,1.0,2,0,0.25,0.01,0.75,50.0,lesion,30.0,0.45,0.2,0.1,0.002,8.0
44,220,0.4730369502741198,0.5,-0.065811563198446,0.0,0.125,0.0,extended_hex_r2__markov__plastic__intr0__struct0__alpha_async__baseline__s2__1e33a0d2b2,0.00106484072374,-0.0044097274731734,0.25,False,0.8848491426155753,0.002,0.01,markov,0.62,extended_hex_r2,30,70,0.9,0.2191603348167002,0.3,0,0.42,0.08,140,0.4417047762546378,0.3,10,0.7540965096486563,4.6717151559203554e-18,0.2,plastic,calibration,,False,alpha_async,30,130,180,2,-1,1.0,0.6,0.6,60,0.0072862024892384,0,0,40,1.0,2,0,0.25,0.01,0.75,50.0,baseline,30.0,0.45,0.2,0.1,0.002,8.0
44,220,0.4353729734643535,0.5,0.1109786798203578,0.0,0.125,0.0,extended_hex_r2__markov__plastic__intr0__struct0__alpha_async__lesion__s2__bed56faa4a,-0.0076541481698474,0.0007121750512896,0.25,False,0.8877814072672539,0.002,0.01,markov,0.58,extended_hex_r2,30,70,0.9,0.1754064291870102,0.3,0,0.42,0.08,140,0.331975822682413,0.4,10,0.7102872478519138,4.242474499891945e-18,0.2,plastic,calibration,0.0117581308523346,False,alpha_async,30,130,180,2,-1,1.0,0.6,0.6,60,0.0256287936484542,0,0,40,1.0,2,0,0.25,0.01,0.75,50.0,lesion,30.0,0.45,0.2,0.1,0.002,8.0
44,220,0.4634157818978697,0.5,-0.0856525684508813,0.0,0.125,0.1313726713612983,extended_hex_r2__ql__plastic__intr0__struct0__alpha_async__baseline__s2__290d295d40,-0.0004782848301336,-0.0053920144827309,0.25,False,0.9124550319535636,0.002,0.01,ql,0.58,extended_hex_r2,30,70,0.9,0.1922216890013299,0.3,0,0.42,0.08,140,0.4380318182072756,0.2,10,0.6739465770614297,4.29474026692537e-18,0.2,plastic,calibration,,False,alpha_async,30,130,180,2,-1,1.0,0.6,0.6,60,0.0135795346805199,0,0,40,1.0,2,0,0.25,0.01,0.75,50.0,baseline,30.0,0.45,0.2,0.1,0.002,8.0
44,220,0.4735237802143142,0.5,-0.0468794539049174,0.0,0.125,0.1606536223200639,extended_hex_r2__ql__plastic__intr0__struct0__alpha_async__lesion__s1__257cbac2b1,0.0042809860943354,0.0067978548213544,0.25,False,0.8376589730440691,0.002,0.01,ql,0.68,extended_hex_r2,30,70,0.9,0.2546655602359125,0.3,0,0.42,0.08,140,0.3936377930329413,0.3,10,0.7640700701154178,4.312992605832059e-18,0.2,plastic,calibration,0.0001357415520044,False,alpha_async,30,130,180,1,-1,1.0,0.6,0.6,60,0.0049753908770399,0,0,40,1.0,2,0,0.25,0.01,0.75,50.0,lesion,30.0,0.45,0.2,0.1,0.002,8.0
44,220,0.4116769402494473,0.5,-0.3632101169487299,0.0,0.125,0.0,square_moore__markov__plastic__intr0__struct0__alpha_async__baseline__s2__f3eddc02a4,0.0005242069205324,-0.0013351801955671,0.25,False,0.5514001453476973,0.002,0.016,markov,0.62,square_moore,30,70,0.9,0.4815694498660478,0.3,0,0.42,0.08,140,0.4064228901121621,0.3,10,1.4830433876986706,4.0453323022789435e-18,0.2,plastic,calibration,,False,alpha_async,30,130,180,2,-1,1.0,0.6,0.6,60,0.0364489871075628,0,0,40,1.0,2,0,0.25,0.01,0.75,50.0,baseline,30.0,0.45,0.2,0.1,0.002,8.0
44,220,0.2574092954658927,0.5,0.1238185745284504,0.0,0.125,0.0,square_moore__markov__plastic__intr0__struct0__alpha_async__lesion__s2__1b780be786,0.1267686417896765,0.1217789888483975,0.25,False,0.3433621962382004,0.002,0.016,markov,0.58,square_moore,30,70,0.9,0.2984388350687881,0.3,0,0.42,0.08,140,0.2055749415297746,0.4,10,1.4829961549511763,7.253421292735923e-18,0.2,plastic,calibration,0.074102932463164,False,alpha_async,30,130,180,2,-1,1.0,0.6,0.6,60,0.0911402476616048,0,0,40,1.0,2,0,0.25,0.01,0.75,50.0,lesion,30.0,0.45,0.2,0.1,0.002,8.0
44,220,0.4096243428261504,0.5,-0.355454481973412,0.0,0.125,0.2921018043638799,square_moore__ql__plastic__intr0__struct0__alpha_async__baseline__s2__d28b336c10,-0.0054049493942202,0.0105659695728712,0.25,False,0.5829779077368671,0.002,0.016,ql,0.58,square_moore,30,70,0.9,0.4668022729133717,0.3,0,0.42,0.08,140,0.4054113587365054,0.2,10,1.4593181787005645,5.903006078685291e-18,0.2,plastic,calibration,,False,alpha_async,30,130,180,2,-1,1.0,0.6,0.6,60,0.0274277168368594,0,0,40,1.0,2,0,0.25,0.01,0.75,50.0,baseline,30.0,0.45,0.2,0.1,0.002,8.0
44,220,0.410934879226474,0.5,-0.3615059221647629,0.0,0.125,0.3071701807265096,square_moore__ql__plastic__intr0__struct0__alpha_async__lesion__s1__d241260684,0.0079393934466674,-0.0024055150663522,0.25,False,0.555401219795144,0.002,0.016,ql,0.68,square_moore,30,70,0.9,0.4820735344452055,0.3,0,0.42,0.08,140,0.3422434945154476,0.3,10,1.5170957842894714,4.814555586001493e-18,0.2,plastic,calibration,0.0086085081944172,False,alpha_async,30,130,180,1,-1,1.0,0.6,0.6,60,0.0621927979989291,0,0,40,1.0,2,0,0.25,0.01,0.75,50.0,lesion,30.0,0.45,0.2,0.1,0.002,8.0
44,220,0.42321067001933,0.5,-0.3571636115601639,0.0,0.125,0.0,hex_cells__markov__plastic__intr0__struct0__alpha_async__baseline__s1__8cde2102b9,-0.0139902777096028,-0.0059247171806695,0.25,False,0.5926449868970951,0.002,0.016,markov,0.62,hex_cells,30,70,0.9,0.4644020507480968,0.3,0,0.42,0.08,140,0.4197359713132517,0.4,10,1.3215450919213134,4.1028565830484346e-18,0.2,plastic,calibration,,False,alpha_async,30,130,180,1,-1,1.0,0.6,0.6,60,0.0181211293961339,0,0,40,1.0,2,0,0.25,0.01,0.75,50.0,baseline,30.0,0.45,0.2,0.1,0.002,8.0
44,220,0.3569852125301173,0.5,-0.0431092607034795,0.0,0.125,0.0,hex_cells__markov__plastic__intr0__struct0__alpha_async__lesion__s1__6211279b88,0.0523852674447725,0.0459843415202553,0.25,False,0.4817091446173925,0.002,0.016,markov,0.62,hex_cells,30,70,0.9,0.3864787560220625,0.3,0,0.42,0.08,140,0.2709715556342084,0.2,10,1.526525668536644,4.986917036595533e-18,0.2,plastic,calibration,0.0106761654736007,False,alpha_async,30,130,180,1,-1,1.0,0.6,0.6,60,0.04332981458072,0,0,40,1.0,2,0,0.25,0.01,0.75,50.0,lesion,30.0,0.45,0.2,0.1,0.002,8.0
44,220,0.4235243612627339,0.5,-0.3608320029903757,0.0,0.125,0.2817238079090964,hex_cells__ql__plastic__intr0__struct0__alpha_async__baseline__s1__9bceb2abe6,0.0096323811777079,0.0065318593990274,0.25,False,0.6206950371081404,0.002,0.016,ql,0.58,hex_cells,30,70,0.9,0.4534786212028556,0.3,0,0.42,0.08,140,0.4186890556787718,0.3,10,1.2667915564195902,4.372268671448037e-18,0.2,plastic,calibration,,False,alpha_async,30,130,180,1,-1,1.0,0.6,0.6,60,0.0119810150584245,0,0,40,1.0,2,0,0.25,0.01,0.75,50.0,baseline,30.0,0.45,0.2,0.1,0.002,8.0
44,220,0.4223576795094789,0.5,-0.3448369950624835,0.0,0.125,0.2672063433964319,hex_cells__ql__plastic__intr0__struct0__alpha_async__baseline__s2__2da77f93b3,0.0081622410020004,-0.0125809783155518,0.25,False,0.6058090892807824,0.002,0.016,ql,0.68,hex_cells,30,70,0.9,0.4593681847595888,0.3,0,0.42,0.08,140,0.4196703574353015,0.4,10,1.2946208706117432,3.459772547271536e-18,0.2,plastic,calibration,,False,alpha_async,30,130,180,2,-1,1.0,0.6,0.6,60,0.0214482473619994,0,0,40,1.0,2,0,0.25,0.01,0.75,50.0,baseline,30.0,0.45,0.2,0.1,0.002,8.0
44,220,0.4299523407320541,0.5,-0.3589614600740395,0.0,0.125,0.285613410398203,hex_cells__ql__plastic__intr0__struct0__alpha_async__lesion__s2__8e0dca26f5,-0.0052234817267676,-0.0096882205495532,0.25,False,0.6103191002705689,0.002,0.016,ql,0.68,hex_cells,30,70,0.9,0.4657320638920221,0.3,0,0.42,0.08,140,0.361174139212703,0.2,10,1.2781225080300107,2.6303017191566376e-18,0.2,plastic,calibration,-0.0014219107797475,False,alpha_async,30,130,180,2,-1,1.0,0.6,0.6,60,0.0320629061727619,0,0,40,1.0,2,0,0.25,0.01,0.75,50.0,lesion,30.0,0.45,0.2,0.1,0.002,8.0
44,220,0.4014973388744089,0.5,-0.233865444410214,0.0,0.125,0.0,honeycomb__markov__plastic__intr0__struct0__alpha_async__baseline__s2__32bd21e742,0.0147324680316832,-0.005258523861948,0.25,False,0.7343722820025604,0.002,0.016,markov,0.62,honeycomb,30,70,0.9,0.3426457134864972,0.3,0,0.42,0.08,140,0.3961307066698099,0.3,10,1.5133331676799937,3.4499637059857112e-18,0.2,plastic,calibration,,False,alpha_async,30,130,180,2,-1,1.0,0.6,0.6,60,0.0057894499040749,0,0,40,1.0,2,0,0.25,0.01,0.75,50.0,baseline,30.0,0.45,0.2,0.1,0.002,8.0
44,220,0.1182729434287965,0.5,0.5229631241631106,0.0,0.125,0.0,honeycomb__markov__plastic__intr0__struct0__alpha_async__lesion__s2__75925d61ee,0.3291809289413603,0.2369210336835814,0.25,False,0.2214638845879739,0.002,0.016,markov,0.58,honeycomb,30,70,0.9,0.1039985358753292,0.3,0,0.42,0.08,140,0.1201668165843726,0.4,10,1.003216530226159,5.619914123488899e-18,0.2,plastic,calibration,0.3046251294453369,False,alpha_async,30,130,180,2,-1,1.0,0.6,0.6,60,0.1451635384618837,0,0,40,1.0,2,0,0.25,0.01,0.75,50.0,lesion,30.0,0.45,0.2,0.1,0.002,8.0
44,220,0.4018473945610179,0.5,-0.2410351364929669,0.0,0.125,0.2716078898330452,honeycomb__ql__plastic__intr0__struct0__alpha_async__baseline__s2__ba6f050223,-0.0070041066899828,0.0148621422396434,0.25,False,0.7448842604072863,0.002,0.016,ql,0.58,honeycomb,30,70,0.9,0.3363352688986488,0.3,0,0.42,0.08,140,0.3953689921028582,0.2,10,1.4559388519236984,3.877428445796024e-18,0.2,plastic,calibration,,False,alpha_async,30,130,180,2,-1,1.0,0.6,0.6,60,0.0058577115551036,0,0,40,1.0,2,0,0.25,0.01,0.75,50.0,baseline,30.0,0.45,0.2,0.1,0.002,8.0
44,220,0.3225629278251545,0.5,0.099805509759434,0.0,0.125,0.3776971136471134,honeycomb__ql__plastic__intr0__struct0__alpha_async__lesion__s1__3a53d7501c,0.0938333364135117,0.0702311515807156,0.25,False,0.6569986312443904,0.002,0.016,ql,0.68,honeycomb,30,70,0.9,0.2604568852231267,0.3,0,0.42,0.08,140,0.2681007430749467,0.3,10,1.539441111072581,5.309196829682966e-18,0.2,plastic,calibration,0.0729318816555432,False,alpha_async,30,130,180,1,-1,1.0,0.6,0.6,60,0.052878297248354,0,0,40,1.0,2,0,0.25,0.01,0.75,50.0,lesion,30.0,0.45,0.2,0.1,0.002,8.0
44,220,0.4298552062259725,0.5,-0.1990529878424358,0.0,0.125,0.0,extended_moore_r2__markov__plastic__intr0__struct0__alpha_async__baseline__s1__171768a885,0.0242176617652347,0.0025110296516309,0.25,False,0.7914713070227959,0.002,0.016,markov,0.62,extended_moore_r2,30,70,0.9,0.3035512857067515,0.3,0,0.42,0.08,140,0.4151543865852032,0.4,10,0.6432561918967148,4.131196940282572e-18,0.2,plastic,calibration,,False,alpha_async,30,130,180,1,-1,1.0,0.6,0.6,60,0.0538515824259007,0,0,40,0.993758608815427,2,0,0.25,0.01,0.75,50.0,baseline,30.0,0.45,0.2,0.1,0.002,8.0
44,220,0.3905382959573567,0.5,-0.0581002033183885,0.0,0.125,0.0,extended_moore_r2__markov__plastic__intr0__struct0__alpha_async__lesion__s1__db9b717214,0.0219908867537427,0.0040412426566194,0.25,False,0.6956198726824245,0.002,0.016,markov,0.62,extended_moore_r2,30,70,0.9,0.313650122974405,0.3,0,0.42,0.08,140,0.2979686119631029,0.2,10,0.9597722042702944,6.541575131561634e-18,0.2,plastic,calibration,-0.0176640489636666,False,alpha_async,30,130,180,1,-1,1.0,0.6,0.6,60,0.1258816107646433,0,0,40,0.9950068870523416,2,0,0.25,0.01,0.75,50.0,lesion,30.0,0.45,0.2,0.1,0.002,8.0
44,220,0.403758729914022,0.5,-0.2152984412328026,0.0,0.125,0.183352668022074,extended_moore_r2__ql__plastic__intr0__struct0__alpha_async__baseline__s1__e690cc3ca9,-0.0313479017298285,0.0180273490475388,0.25,False,0.7918624171755347,0.002,0.016,ql,0.58,extended_moore_r2,30,70,0.9,0.2931296205124577,0.3,0,0.42,0.08,140,0.401438889180864,0.3,10,0.4421557449978563,3.4563184771949253e-18,0.2,plastic,calibration,,False,alpha_async,30,130,180,1,-1,1.0,0.6,0.6,60,0.0645840907697213,0,0,40,0.97621814738292,2,0,0.25,0.01,0.75,50.0,baseline,30.0,0.45,0.2,0.1,0.002,8.0
44,220,0.4811875721867583,0.5,-0.0435822539274605,0.0,0.125,0.1241301586233015,extended_moore_r2__ql__plastic__intr0__struct0__alpha_async__baseline__s2__9eff5c1a81,-0.0023834143281664,-0.0068437460192089,0.25,False,0.83037789082855,0.002,0.016,ql,0.68,extended_moore_r2,30,70,0.9,0.2590422240850782,0.3,0,0.42,0.08,140,0.438169991228564,0.4,10,0.7185308756215589,4.396313593033456e-18,0.2,plastic,calibration,,False,alpha_async,30,130,180,2,-1,1.0,0.6,0.6,60,0.0043554857774124,0,0,40,1.0,2,0,0.25,0.01,0.75,50.0,baseline,30.0,0.45,0.2,0.1,0.002,8.0
44,220,0.4814545234892668,0.5,-0.040659746109152,0.0,0.125,0.1625696140452104,extended_moore_r2__ql__plastic__intr0__struct0__alpha_async__lesion__s2__7fc7bb2d26,-0.0038996329696678,-0.0103566569460967,0.25,False,0.831255306427175,0.002,0.016,ql,0.68,extended_moore_r2,30,70,0.9,0.2576881411035899,0.3,0,0.42,0.08,140,0.3885555206400581,0.2,10,0.7174359553692187,4.604974987805772e-18,0.2,plastic,calibration,-0.0056664295842885,False,alpha_async,30,130,180,2,-1,1.0,0.6,0.6,60,0.004443859390899,0,0,40,0.9988593319559228,2,0,0.25,0.01,0.75,50.0,lesion,30.0,0.45,0.2,0.1,0.002,8.0
44,220,0.4719920830788544,0.5,-0.0650547331857276,0.0,0.125,0.0,extended_hex_r2__markov__plastic__intr0__struct0__alpha_async__baseline__s2__a1cc8dd584,-0.000448308889123,-0.0050198134392015,0.25,False,0.8854533482962264,0.002,0.016,markov,0.62,extended_hex_r2,30,70,0.9,0.218339134632546,0.3,0,0.42,0.08,140,0.4409903791731593,0.3,10,0.7512437980460734,4.1009394097680215e-18,0.2,plastic,calibration,,False,alpha_async,30,130,180,2,-1,1.0,0.6,0.6,60,0.0070928704911136,0,0,40,1.0,2,0,0.25,0.01,0.75,50.0,baseline,30.0,0.45,0.2,0.1,0.002,8.0
44,220,0.4215793854583852,0.5,0.079523000926113,0.0,0.125,0.0,extended_hex_r2__markov__plastic__intr0__struct0__alpha_async__lesion__s2__ce084820f3,0.0073355964090193,0.0008650056923275,0.25,False,0.8735014653739188,0.002,0.016,markov,0.58,extended_hex_r2,30,70,0.9,0.1836083246815645,0.3,0,0.42,0.08,140,0.3278542900477401,0.4,10,0.5690066350303453,4.027840817048788e-18,0.2,plastic,calibration,-0.0153724883784496,False,alpha_async,30,130,180,2,-1,1.0,0.6,0.6,60,0.0183294285242802,0,0,40,1.0,2,0,0.25,0.01,0.75,50.0,lesion,30.0,0.45,0.2,0.1,0.002,8.0
44,220,0.4625680645549006,0.5,-0.0827107027260735,0.0,0.125,0.1306649520454475,extended_hex_r2__ql__plastic__intr0__struct0__alpha_async__baseline__s2__14824d8c4c,-0.0032743625119666,-0.0069550528237259,0.25,False,0.9135561637395752,0.002,0.016,ql,0.58,extended_hex_r2,30,70,0.9,0.190392899985159,0.3,0,0.42,0.08,140,0.4372357021440306,0.2,10,0.6616092712378654,4.366688669221487e-18,0.2,plastic,calibration,,False,alpha_async,30,130,180,2,-1,1.0,0.6,0.6,60,0.012469061612889,0,0,40,1.0,2,0,0.25,0.01,0.75,50.0,baseline,30.0,0.45,0.2,0.1,0.002,8.0
44,220,0.4718390135854773,0.5,-0.0463204979676981,0.0,0.125,0.1608115693040391,extended_hex_r2__ql__plastic__intr0__struct0__alpha_async__lesion__s1__c3d41c2a78,-0.0020740523439906,0.0047395763072498,0.25,False,0.8394903409191552,0.002,0.016,ql,0.68,extended_hex_r2,30,70,0.9,0.2528644304757565,0.3,0,0.42,0.08,140,0.3927790042472451,0.3,10,0.7655745122332956,4.140081118269773e-18,0.2,plastic,calibration,-0.0049883151223142,False,alpha_async,30,130,180,1,-1,1.0,0.6,0.6,60,0.004944585561657,0,0,40,1.0,2,0,0.25,0.01,0.75,50.0,lesion,30.0,0.45,0.2,0.1,0.002,8.0
44,220,0.4197919650836306,0.5,-0.3948881720797623,0.0,0.125,0.0,square_moore__markov__plastic__intr0__struct0__alpha_async__baseline__s2__4c6b79ea25,0.0045853079469782,-0.0026887713768182,0.25,False,0.4681272422743139,0.002,0.006,markov,0.62,square_moore,30,70,0.9,0.5298479457202698,0.3,0,0.42,0.08,140,0.4107597304166808,0.4,10,1.5528676515705433,6.705503178806875e-18,0.2,plastic,calibration,,False,alpha_async,30,130,180,2,-1,1.0,0.6,0.6,60,0.1912678947793921,0,0,40,1.0,2,0,0.25,0.01,0.75,50.0,baseline,30.0,0.45,0.2,0.1,0.002,8.0
44,220,0.2980915057307962,0.5,0.0831310853875335,0.0,0.125,0.0,square_moore__markov__plastic__intr0__struct0__alpha_async__lesion__s2__5328eaa1b4,0.1054212932838642,0.0952186232298345,0.25,False,0.4269140520073424,0.002,0.006,markov,0.62,square_moore,30,70,0.9,0.3242901351780548,0.3,0,0.42,0.08,140,0.2307179440045894,0.2,10,1.5459791396424238,6.541142966301879e-18,0.2,plastic,calibration,0.0729615864790712,False,alpha_async,30,130,180,2,-1,1.0,0.6,0.6,60,0.0610850066841786,0,0,40,1.0,2,0,0.25,0.01,0.75,50.0,lesion,30.0,0.45,0.2,0.1,0.002,8.0
44,220,0.4152526441118044,0.5,-0.3803557566439918,0.0,0.125,0.3094671028442478,square_moore__ql__plastic__intr0__struct0__alpha_async__baseline__s2__8acd382273,-0.0089387237802449,0.0004854993795609,0.25,False,0.5314018982978339,0.002,0.006,ql,0.58,square_moore,30,70,0.9,0.4978372023245317,0.3,0,0.42,0.08,140,0.4103084870541039,0.3,10,1.52366371651966,5.461483500264282e-18,0.2,plastic,calibration,,False,alpha_async,30,130,180,2,-1,1.0,0.6,0.6,60,0.2099876245731837,0,0,40,1.0,2,0,0.25,0.01,0.75,50.0,baseline,30.0,0.45,0.2,0.1,0.002,8.0
44,220,0.4158005124038664,0.5,-0.3255579014535787,0.0,0.125,0.3124275261659976,square_moore__ql__plastic__intr0__struct0__alpha_async__lesion__s1__3f9d4bc7e7,0.015381041603371,-0.001745860415331,0.25,False,0.6079545047820433,0.002,0.006,ql,0.68,square_moore,30,70,0.9,0.4474576414764507,0.3,0,0.42,0.08,140,0.3437469865805282,0.4,10,1.416806748493696,5.9492047372708575e-18,0.2,plastic,calibration,0.0049725608012606,False,alpha_async,30,130,180,1,-1,1.0,0.6,0.6,60,0.0679776138058091,0,0,40,1.0,2,0,0.25,0.01,0.75,50.0,lesion,30.0,0.45,0.2,0.1,0.002,8.0
44,220,0.4354385559823787,0.5,-0.3918186906799134,0.0,0.125,0.0,hex_cells__markov__plastic__intr0__struct0__alpha_async__baseline__s1__76f1e9c927,0.0067766603997306,0.0028863999417907,0.25,False,0.5616389530637946,0.002,0.006,markov,0.68,hex_cells,30,70,0.9,0.49959551285341,0.3,0,0.42,0.08,140,0.4303689379480863,0.2,10,1.3695279370921454,3.927388976485831e-18,0.2,plastic,calibration,,False,alpha_async,30,130,180,1,-1,1.0,0.6,0.6,60,0.0302209229677593,0,0,40,1.0,2,0,0.25,0.01,0.75,50.0,baseline,30.0,0.45,0.2,0.1,0.002,8.0
44,220,0.3627173251209121,0.5,-0.0481332058049679,0.0,0.125,0.0,hex_cells__markov__plastic__intr0__struct0__alpha_async__lesion__s1__7f7de32f16,0.072660393160865,0.0558159689585628,0.25,False,0.4715007953479654,0.002,0.006,markov,0.62,hex_cells,30,70,0.9,0.3958631397401578,0.3,0,0.42,0.08,140,0.2747611877964177,0.3,10,1.5466821928179302,4.66792743874278e-18,0.2,plastic,calibration,0.0362015635682991,False,alpha_async,30,130,180,1,-1,1.0,0.6,0.6,60,0.0402341516656812,0,0,40,1.0,2,0,0.25,0.01,0.75,50.0,lesion,30.0,0.45,0.2,0.1,0.002,8.0
44,220,0.4271731321745017,0.5,-0.3870663856863642,0.0,0.125,0.2856423017835073,hex_cells__ql__plastic__intr0__struct0__alpha_async__baseline__s1__977312c4c0,0.0108308367092823,0.0008634199201022,0.25,False,0.5624432859870978,0.002,0.006,ql,0.58,hex_cells,30,70,0.9,0.5004738558368376,0.3,0,0.42,0.08,140,0.4246639819188057,0.4,10,1.400621069765372,4.5973110431951576e-18,0.2,plastic,calibration,,False,alpha_async,30,130,180,1,-1,1.0,0.6,0.6,60,0.0263440354883642,0,0,40,1.0,2,0,0.25,0.01,0.75,50.0,baseline,30.0,0.45,0.2,0.1,0.002,8.0
44,220,0.4368554176025795,0.5,-0.3805179790334052,0.0,0.125,0.3013207135145375,hex_cells__ql__plastic__intr0__struct0__alpha_async__lesion__s1__e4fb794345,-0.0077460549403488,-0.0027345390259409,0.25,False,0.6042603139515242,0.002,0.006,ql,0.58,hex_cells,30,70,0.9,0.4806989470683258,0.3,0,0.42,0.08,140,0.3593634803367072,0.2,10,1.2799723822412352,3.2799461464381485e-18,0.2,plastic,calibration,-0.0107649581934652,False,alpha_async,30,130,180,1,-1,1.0,0.6,0.6,60,0.0285315141682961,0,0,40,1.0,2,0,0.25,0.01,0.75,50.0,lesion,30.0,0.45,0.2,0.1,0.002,8.0
44,220,0.4432557043029688,0.5,-0.3835203292637424,0.0,0.125,0.2908482021369016,hex_cells__ql__plastic__intr0__struct0__alpha_async__lesion__s2__babe72668d,0.0031500240192894,-0.0083898997296931,0.25,False,0.5928915686529612,0.002,0.006,ql,0.68,hex_cells,30,70,0.9,0.4901460414169093,0.3,0,0.42,0.08,140,0.3715241865983861,0.3,10,1.2909407870461278,2.614173313259913e-18,0.2,plastic,calibration,0.0050993940090788,False,alpha_async,30,130,180,2,-1,1.0,0.6,0.6,60,0.0375987559292233,0,0,40,1.0,2,0,0.25,0.01,0.75,50.0,lesion,30.0,0.45,0.2,0.1,0.002,8.0
44,220,0.4008725015839844,0.5,-0.2216840428645971,0.0,0.125,0.0,honeycomb__markov__plastic__intr0__struct0__alpha_async__baseline__s2__a8f6e62463,-0.0023937784532389,0.0147238137598815,0.25,False,0.7345357854368018,0.002,0.006,markov,0.62,honeycomb,30,70,0.9,0.3401551805240638,0.3,0,0.42,0.08,140,0.3951177267220545,0.4,10,1.4976584656222427,3.323954556249003e-18,0.2,plastic,calibration,,False,alpha_async,30,130,180,2,-1,1.0,0.6,0.6,60,0.0057713698328281,0,0,40,1.0,2,0,0.25,0.01,0.75,50.0,baseline,30.0,0.45,0.2,0.1,0.002,8.0
44,220,0.108711970693668,0.5,0.5454977773554225,0.0,0.125,0.0,honeycomb__markov__plastic__intr0__struct0__alpha_async__lesion__s2__273e99444c,0.3545502080410838,0.2804110142286205,0.25,False,0.2032242241284361,0.002,0.006,markov,0.62,honeycomb,30,70,0.9,0.0943689500283797,0.3,0,0.42,0.08,140,0.114733383631268,0.2,10,0.9551434484824574,2.9747148115731152e-18,0.2,plastic,calibration,0.3164273393942386,False,alpha_async,30,130,180,2,-1,1.0,0.6,0.6,60,0.1345766634771241,0,0,40,1.0,2,0,0.25,0.01,0.75,50.0,lesion,30.0,0.45,0.2,0.1,0.002,8.0
44,220,0.4031446340780901,0.5,-0.2653745587964223,0.0,0.125,0.2684199211943839,honeycomb__ql__plastic__intr0__struct0__alpha_async__baseline__s2__8b7c48509f,0.0017319935035807,-0.0032534005063301,0.25,False,0.7461157166992745,0.002,0.006,ql,0.58,honeycomb,30,70,0.9,0.341865830471175,0.3,0,0.42,0.08,140,0.3960165997661337,0.3,10,1.4702444819591196,3.527535163225829e-18,0.2,plastic,calibration,,False,alpha_async,30,130,180,2,-1,1.0,0.6,0.6,60,0.0062247744557085,0,0,40,1.0,2,0,0.25,0.01,0.75,50.0,baseline,30.0,0.45,0.2,0.1,0.002,8.0
44,220,0.3088071527294859,0.5,0.1226701736119354,0.0,0.125,0.3858758160331368,honeycomb__ql__plastic__intr0__struct0__alpha_async__lesion__s1__8b9eb8fa19,0.0881042332613005,0.0934045873832625,0.25,False,0.6373773442715654,0.002,0.006,ql,0.68,honeycomb,30,70,0.9,0.2518606959652454,0.3,0,0.42,0.08,140,0.257819893780249,0.4,10,1.5291987842637855,3.3535799593047934e-18,0.2,plastic,calibration,0.0456237668376005,False,alpha_async,30,130,180,1,-1,1.0,0.6,0.6,60,0.0684664587120217,0,0,40,1.0,2,0,0.25,0.01,0.75,50.0,lesion,30.0,0.45,0.2,0.1,0.002,8.0
44,220,0.4482596434955658,0.5,-0.0516311222285894,0.0,0.125,0.0,extended_moore_r2__markov__plastic__intr0__struct0__alpha_async__baseline__s1__7521704433,0.0089818033025922,0.0166171234984184,0.25,False,0.8089646029053563,0.002,0.006,markov,0.68,extended_moore_r2,30,70,0.9,0.2794786159947323,0.3,0,0.42,0.08,140,0.4384042386361315,0.2,10,0.8668377084416414,4.0566477834618994e-18,0.2,plastic,calibration,,False,alpha_async,30,130,180,1,-1,1.0,0.6,0.6,60,0.0276857576188542,0,0,40,1.0,2,0,0.25,0.01,0.75,50.0,baseline,30.0,0.45,0.2,0.1,0.002,8.0
44,220,0.402410108293423,0.5,-0.095524944683936,0.0,0.125,0.0,extended_moore_r2__markov__plastic__intr0__struct0__alpha_async__lesion__s1__ec0d3ade4d,0.0433717743859201,0.0172491595586045,0.25,False,0.6618138954094984,0.002,0.006,markov,0.62,extended_moore_r2,30,70,0.9,0.3390851681918741,0.3,0,0.42,0.08,140,0.3116140254339521,0.3,10,0.9913368921143464,7.193120808235779e-18,0.2,plastic,calibration,0.0137544524629054,False,alpha_async,30,130,180,1,-1,1.0,0.6,0.6,60,0.1951765704029455,0,0,40,1.0,2,0,0.25,0.01,0.75,50.0,lesion,30.0,0.45,0.2,0.1,0.002,8.0
44,220,0.4230188034224911,0.5,-0.2808995195119589,0.0,0.125,0.2198853412440862,extended_moore_r2__ql__plastic__intr0__struct0__alpha_async__baseline__s1__563b7c1ef3,0.0361265428432777,-0.0071580084684763,0.25,False,0.600469136453278,0.002,0.006,ql,0.58,extended_moore_r2,30,70,0.9,0.4415333671183271,0.3,0,0.42,0.08,140,0.4196929651464181,0.4,10,0.8435124682216979,5.961491220374261e-18,0.2,plastic,calibration,,False,alpha_async,30,130,180,1,-1,1.0,0.6,0.6,60,0.1229696559766296,0,0,40,1.0,2,0,0.25,0.01,0.75,50.0,baseline,30.0,0.45,0.2,0.1,0.002,8.0
44,220,0.4263126568233375,0.5,-0.2881147734857078,0.0,0.125,0.2311050166007358,extended_moore_r2__ql__plastic__intr0__struct0__alpha_async__lesion__s1__4ab6fe0a20,-0.0011337300147051,-0.0044740787566291,0.25,False,0.6075695239979794,0.002,0.006,ql,0.58,extended_moore_r2,30,70,0.9,0.4414331446818856,0.3,0,0.42,0.08,140,0.3754928474585272,0.2,10,0.8687977936319629,6.954377007429439e-18,0.2,plastic,calibration,-0.0097418803922553,False,alpha_async,30,130,180,1,-1,1.0,0.6,0.6,60,0.3251157249284947,0,0,40,1.0,2,0,0.25,0.01,0.75,50.0,lesion,30.0,0.45,0.2,0.1,0.002,8.0
44,220,0.4507407862275656,0.5,-0.0803453461031087,0.0,0.125,0.1811925150769212,extended_moore_r2__ql__plastic__intr0__struct0__alpha_async__lesion__s2__3533c4fd43,0.0255482106759601,-0.0026786217369095,0.25,False,0.801085792217343,0.002,0.006,ql,0.68,extended_moore_r2,30,70,0.9,0.2881412455991434,0.3,0,0.42,0.08,140,0.3884469489905686,0.3,10,0.8842473099782913,4.254659030422145e-18,0.2,plastic,calibration,-0.0097427660569513,False,alpha_async,30,130,180,2,-1,1.0,0.6,0.6,60,0.0482243140393755,0,0,40,1.0,2,0,0.25,0.01,0.75,50.0,lesion,30.0,0.45,0.2,0.1,0.002,8.0
44,220,0.4735584670781411,0.5,-0.0665802581532012,0.0,0.125,0.0,extended_hex_r2__markov__plastic__intr0__struct0__alpha_async__baseline__s2__1ecb6e6e36,0.0018656841650237,-0.0040421159480706,0.25,False,0.8841465891162429,0.002,0.006,markov,0.62,extended_hex_r2,30,70,0.9,0.2200307598135815,0.3,0,0.42,0.08,140,0.4420021521308631,0.4,10,0.7560292374373478,4.190335816521418e-18,0.2,plastic,calibration,,False,alpha_async,30,130,180,2,-1,1.0,0.6,0.6,60,0.0076318699701798,0,0,40,1.0,2,0,0.25,0.01,0.75,50.0,baseline,30.0,0.45,0.2,0.1,0.002,8.0
44,220,0.4497612481836687,0.5,0.03977859580083,0.0,0.125,0.0,extended_hex_r2__markov__plastic__intr0__struct0__alpha_async__lesion__s2__4c9b9909b3,-0.0416227687469567,-0.0170424311584071,0.25,False,0.883817634901223,0.002,0.006,markov,0.62,extended_hex_r2,30,70,0.9,0.2007701863094462,0.3,0,0.42,0.08,140,0.3470810464728078,0.2,10,0.8167586282052249,4.166005018130362e-18,0.2,plastic,calibration,-0.0058769177497144,False,alpha_async,30,130,180,2,-1,1.0,0.6,0.6,60,0.0128544648416624,0,0,40,1.0,2,0,0.25,0.01,0.75,50.0,lesion,30.0,0.45,0.2,0.1,0.002,8.0
44,220,0.464698441352123,0.5,-0.0868783332979621,0.0,0.125,0.1305482865135023,extended_hex_r2__ql__plastic__intr0__struct0__alpha_async__baseline__s2__e1c058cefe,-0.0007486548643868,-0.0019453703312491,0.25,False,0.9117221355968618,0.002,0.006,ql,0.58,extended_hex_r2,30,70,0.9,0.1936508198744844,0.3,0,0.42,0.08,140,0.439357552682509,0.3,10,0.6872276353304283,4.150823646942876e-18,0.2,plastic,calibration,,False,alpha_async,30,130,180,2,-1,1.0,0.6,0.6,60,0.01533815554019,0,0,40,1.0,2,0,0.25,0.01,0.75,50.0,baseline,30.0,0.45,0.2,0.1,0.002,8.0
44,220,0.4740172815674409,0.5,-0.0473315740767916,0.0,0.125,0.1616240656151416,extended_hex_r2__ql__plastic__intr0__struct0__alpha_async__lesion__s1__1f84326db7,0.0075172591323918,0.007056450562959,0.25,False,0.837069954232052,0.002,0.006,ql,0.68,extended_hex_r2,30,70,0.9,0.2552821655616957,0.3,0,0.42,0.08,140,0.3934421945546455,0.4,10,0.7666990266186833,4.659862759752606e-18,0.2,plastic,calibration,0.0011315071575822,False,alpha_async,30,130,180,1,-1,1.0,0.6,0.6,60,0.004986425997783,0,0,40,1.0,2,0,0.25,0.01,0.75,50.0,lesion,30.0,0.45,0.2,0.1,0.002,8.0
44,220,0.4097440413086972,0.5,-0.407211952957711,0.0,0.125,0.0,square_moore__markov__plastic__intr0__struct0__alpha_async__baseline__s2__c16a350bc7,0.0047830315245525,-0.0055166174456826,0.25,False,0.4747743311800189,0.002,0.01,markov,0.62,square_moore,30,70,0.9,0.5294354300410647,0.3,0,0.42,0.08,140,0.4087606842711476,0.4,10,1.5644879333369042,5.505124414687147e-18,0.2,plastic,calibration,,False,alpha_async,30,130,180,2,-1,1.0,0.6,0.6,60,0.2172268301242949,0,0,40,1.0,2,0,0.25,0.01,0.75,50.0,baseline,30.0,0.45,0.2,0.1,0.002,8.0
44,220,0.3055599386840496,0.5,0.0304601523567016,0.0,0.125,0.0,square_moore__markov__plastic__intr0__struct0__alpha_async__lesion__s2__d44089f2dc,0.0919811191797943,0.085938131385702,0.25,False,0.4053645657811512,0.002,0.01,markov,0.62,square_moore,30,70,0.9,0.3479971084685256,0.3,0,0.42,0.08,140,0.2346785998920048,0.2,10,1.5557388151584366,6.664755104215718e-18,0.2,plastic,calibration,0.0662397652561268,False,alpha_async,30,130,180,2,-1,1.0,0.6,0.6,60,0.0547036555656886,0,0,40,1.0,2,0,0.25,0.01,0.75,50.0,lesion,30.0,0.45,0.2,0.1,0.002,8.0
44,220,0.4083427282796628,0.5,-0.4052458950586671,0.0,0.125,0.2981508828315565,square_moore__ql__plastic__intr0__struct0__alpha_async__baseline__s2__3322195030,-0.0045658862975923,0.0122112305368034,0.25,False,0.5152930842228021,0.002,0.01,ql,0.58,square_moore,30,70,0.9,0.5146122748195684,0.3,0,0.42,0.08,140,0.4084827544186263,0.3,10,1.559548463703461,5.455303024516688e-18,0.2,plastic,calibration,,False,alpha_async,30,130,180,2,-1,1.0,0.6,0.6,60,0.3624638733228291,0,0,40,1.0,2,0,0.25,0.01,0.75,50.0,baseline,30.0,0.45,0.2,0.1,0.002,8.0
44,220,0.4115598904620053,0.5,-0.3425004900434138,0.0,0.125,0.3104654394878163,square_moore__ql__plastic__intr0__struct0__alpha_async__lesion__s1__124f4e410d,0.0210923612771952,-0.0005628060795835,0.25,False,0.580671621416218,0.002,0.01,ql,0.68,square_moore,30,70,0.9,0.4646409979733398,0.3,0,0.42,0.08,140,0.342276996301718,0.4,10,1.4696826340500229,5.752927998174e-18,0.2,plastic,calibration,0.021960247463813,False,alpha_async,30,130,180,1,-1,1.0,0.6,0.6,60,0.055384044143508,0,0,40,1.0,2,0,0.25,0.01,0.75,50.0,lesion,30.0,0.45,0.2,0.1,0.002,8.0
44,220,0.4341576928732026,0.5,-0.3642553068764863,0.0,0.125,0.0,hex_cells__markov__plastic__intr0__struct0__alpha_async__baseline__s1__7eb5863cae,-0.0038747912315243,-0.0030518854111158,0.25,False,0.5794961709976088,0.002,0.01,markov,0.68,hex_cells,30,70,0.9,0.4786408195567289,0.3,0,0.42,0.08,140,0.4276778577603359,0.2,10,1.3233170670887329,3.65155190453485e-18,0.2,plastic,calibration,,False,alpha_async,30,130,180,1,-1,1.0,0.6,0.6,60,0.0185265753698356,0,0,40,1.0,2,0,0.25,0.01,0.75,50.0,baseline,30.0,0.45,0.2,0.1,0.002,8.0
44,220,0.3547949754378359,0.5,-0.0307821916901077,0.0,0.125,0.0,hex_cells__markov__plastic__intr0__struct0__alpha_async__lesion__s1__f918cef507,0.0570174390958418,0.0571045015996824,0.25,False,0.4830487557751998,0.002,0.01,markov,0.62,hex_cells,30,70,0.9,0.382995535312967,0.3,0,0.42,0.08,140,0.2717637769674893,0.3,10,1.527724515987039,4.980086991206124e-18,0.2,plastic,calibration,0.0268808774894801,False,alpha_async,30,130,180,1,-1,1.0,0.6,0.6,60,0.0464370302775041,0,0,40,1.0,2,0,0.25,0.01,0.75,50.0,lesion,30.0,0.45,0.2,0.1,0.002,8.0
44,220,0.4252276913008262,0.5,-0.3727156468078602,0.0,0.125,0.2893747684010642,hex_cells__ql__plastic__intr0__struct0__alpha_async__baseline__s1__75e1877b0a,0.0098345883365685,-0.0067674759694291,0.25,False,0.5781078807243273,0.002,0.01,ql,0.58,hex_cells,30,70,0.9,0.4813585246536361,0.3,0,0.42,0.08,140,0.4219168351224212,0.4,10,1.344510997652366,3.7737403633279034e-18,0.2,plastic,calibration,,False,alpha_async,30,130,180,1,-1,1.0,0.6,0.6,60,0.0196639952436926,0,0,40,1.0,2,0,0.25,0.01,0.75,50.0,baseline,30.0,0.45,0.2,0.1,0.002,8.0
44,220,0.4347402868865762,0.5,-0.3768656814967354,0.0,0.125,0.2992312976515882,hex_cells__ql__plastic__intr0__struct0__alpha_async__lesion__s1__890b7b517f,0.0013458543886823,-0.0074025509446271,0.25,False,0.6013763931479724,0.002,0.01,ql,0.58,hex_cells,30,70,0.9,0.4780874027824728,0.3,0,0.42,0.08,140,0.3574400002230125,0.2,10,1.2950882755400437,4.226887965906509e-18,0.2,plastic,calibration,0.0017964554317098,False,alpha_async,30,130,180,1,-1,1.0,0.6,0.6,60,0.021721777848242,0,0,40,1.0,2,0,0.25,0.01,0.75,50.0,lesion,30.0,0.45,0.2,0.1,0.002,8.0
44,220,0.4368259910064852,0.5,-0.3724376693423014,0.0,0.125,0.2861442552829367,hex_cells__ql__plastic__intr0__struct0__alpha_async__lesion__s2__b4cb281494,-0.0007258847985577,-0.0048395135451258,0.25,False,0.5933966166721242,0.002,0.01,ql,0.68,hex_cells,30,70,0.9,0.4836025821598424,0.3,0,0.42,0.08,140,0.3679925695615782,0.3,10,1.2863136896363556,4.11199125147345e-18,0.2,plastic,calibration,0.012773522701694,False,alpha_async,30,130,180,2,-1,1.0,0.6,0.6,60,0.0197034510241674,0,0,40,1.0,2,0,0.25,0.01,0.75,50.0,lesion,30.0,0.45,0.2,0.1,0.002,8.0
44,220,0.3978546485953065,0.5,-0.235928870309411,0.0,0.125,0.0,honeycomb__markov__plastic__intr0__struct0__alpha_async__baseline__s2__f4b2f33a8e,0.0020025109772816,0.0001953577194308,0.25,False,0.726098918350623,0.002,0.01,markov,0.62,honeycomb,30,70,0.9,0.3465607466197458,0.3,0,0.42,0.08,140,0.3951161700298382,0.4,10,1.5074949308198955,2.4751454228763736e-18,0.2,plastic,calibration,,False,alpha_async,30,130,180,2,-1,1.0,0.6,0.6,60,0.0065499186061319,0,0,40,1.0,2,0,0.25,0.01,0.75,50.0,baseline,30.0,0.45,0.2,0.1,0.002,8.0
44,220,0.1162101227852033,0.5,0.520054653053954,0.0,0.125,0.0,honeycomb__markov__plastic__intr0__struct0__alpha_async__lesion__s2__71a154bfba,0.3588615775781292,0.2950659078444998,0.25,False,0.2107667852041058,0.002,0.01,markov,0.62,honeycomb,30,70,0.9,0.1037287958944759,0.3,0,0.42,0.08,140,0.1186328247565285,0.2,10,1.00232268977004,6.380264140707205e-18,0.2,plastic,calibration,0.3282238377946176,False,alpha_async,30,130,180,2,-1,1.0,0.6,0.6,60,0.1511494947234079,0,0,40,1.0,2,0,0.25,0.01,0.75,50.0,lesion,30.0,0.45,0.2,0.1,0.002,8.0
44,220,0.4029847988225634,0.5,-0.2549501440663395,0.0,0.125,0.2669118459093533,honeycomb__ql__plastic__intr0__struct0__alpha_async__baseline__s2__ae0b0242fd,-0.0167799281981444,-0.0021270400026089,0.25,False,0.7419495383776549,0.002,0.01,ql,0.58,honeycomb,30,70,0.9,0.3420909922288829,0.3,0,0.42,0.08,140,0.3959283165662964,0.3,10,1.4645082655957704,3.284389548738587e-18,0.2,plastic,calibration,,False,alpha_async,30,130,180,2,-1,1.0,0.6,0.6,60,0.0063038694570057,0,0,40,1.0,2,0,0.25,0.01,0.75,50.0,baseline,30.0,0.45,0.2,0.1,0.002,8.0
44,220,0.3079712493026241,0.5,0.1381696013207483,0.0,0.125,0.3884137373840099,honeycomb__ql__plastic__intr0__struct0__alpha_async__lesion__s1__286bf200d8,0.0953132579848871,0.0958561245334518,0.25,False,0.6432337715623015,0.002,0.01,ql,0.68,honeycomb,30,70,0.9,0.2446748094835921,0.3,0,0.42,0.08,140,0.2601959699910454,0.4,10,1.5175455739937869,3.2153717020352272e-18,0.2,plastic,calibration,0.0643654515487497,False,alpha_async,30,130,180,1,-1,1.0,0.6,0.6,60,0.0664906567183107,0,0,40,1.0,2,0,0.25,0.01,0.75,50.0,lesion,30.0,0.45,0.2,0.1,0.002,8.0
44,220,0.4507136873711942,0.5,-0.0039955333184801,0.0,0.125,0.0,extended_moore_r2__markov__plastic__intr0__struct0__alpha_async__baseline__s1__528ca3961b,0.0099204804074327,0.0243400224296678,0.25,False,0.8285059976596589,0.002,0.01,markov,0.68,extended_moore_r2,30,70,0.9,0.2599605177859238,0.3,0,0.42,0.08,140,0.438780440909857,0.2,10,0.8673658041573543,4.81837646294881e-18,0.2,plastic,calibration,,False,alpha_async,30,130,180,1,-1,1.0,0.6,0.6,60,0.0308883216290745,0,0,40,1.0,2,0,0.25,0.01,0.75,50.0,baseline,30.0,0.45,0.2,0.1,0.002,8.0
44,220,0.3941550896443377,0.5,-0.0091166466141591,0.0,0.125,0.0,extended_moore_r2__markov__plastic__intr0__struct0__alpha_async__lesion__s1__8068b2bd43,0.0411643341359079,0.0188322165971504,0.25,False,0.7293902841663431,0.002,0.01,markov,0.62,extended_moore_r2,30,70,0.9,0.2816343392919685,0.3,0,0.42,0.08,140,0.3062889618087343,0.3,10,0.8594250866399307,6.218509725943266e-18,0.2,plastic,calibration,0.0123844299421324,False,alpha_async,30,130,180,1,-1,1.0,0.6,0.6,60,0.1148686549214568,0,0,40,0.9999354338842976,2,0,0.25,0.01,0.75,50.0,lesion,30.0,0.45,0.2,0.1,0.002,8.0
44,220,0.4152753329397954,0.5,-0.2690781463384603,0.0,0.125,0.1992311386165369,extended_moore_r2__ql__plastic__intr0__struct0__alpha_async__baseline__s1__3d10dfcbe7,-0.0254061334781809,0.0024621249539349,0.25,False,0.713702080031307,0.002,0.01,ql,0.58,extended_moore_r2,30,70,0.9,0.3667249026047512,0.3,0,0.42,0.08,140,0.4131615150264013,0.4,10,0.6573507548788144,4.8541971527022065e-18,0.2,plastic,calibration,,False,alpha_async,30,130,180,1,-1,1.0,0.6,0.6,60,0.1640322695072671,0,0,40,0.9992897727272728,2,0,0.25,0.01,0.75,50.0,baseline,30.0,0.45,0.2,0.1,0.002,8.0
44,220,0.4203197406103183,0.5,-0.2831444167822984,0.0,0.125,0.2215274881633541,extended_moore_r2__ql__plastic__intr0__struct0__alpha_async__lesion__s1__d48869ef45,-0.0045316657418327,-0.003973353927359,0.25,False,0.6589660428928732,0.002,0.01,ql,0.58,extended_moore_r2,30,70,0.9,0.409331337362868,0.3,0,0.42,0.08,140,0.370025756897081,0.2,10,0.7905494684809508,5.622016151711101e-18,0.2,plastic,calibration,-0.005027085160398,False,alpha_async,30,130,180,1,-1,1.0,0.6,0.6,60,0.2050288636729802,0,0,40,0.9995265151515152,2,0,0.25,0.01,0.75,50.0,lesion,30.0,0.45,0.2,0.1,0.002,8.0
44,220,0.4823805909234506,0.5,-0.0431146975468447,0.0,0.125,0.1624192293282506,extended_moore_r2__ql__plastic__intr0__struct0__alpha_async__lesion__s2__36c1ba597c,-0.0015965318187228,-0.0084440892990184,0.25,False,0.8303942256579671,0.002,0.01,ql,0.68,extended_moore_r2,30,70,0.9,0.2585154321085249,0.3,0,0.42,0.08,140,0.3895191716076335,0.3,10,0.7120679039245261,4.8137648422363684e-18,0.2,plastic,calibration,-0.0069337535289514,False,alpha_async,30,130,180,2,-1,1.0,0.6,0.6,60,0.0045964007250693,0,0,40,1.0,2,0,0.25,0.01,0.75,50.0,lesion,30.0,0.45,0.2,0.1,0.002,8.0
44,220,0.4728421391358642,0.5,-0.0660250649198014,0.0,0.125,0.0,extended_hex_r2__markov__plastic__intr0__struct0__alpha_async__baseline__s2__b72eb5575c,0.0012067170240229,-0.0042197431362463,0.25,False,0.8845786960503693,0.002,0.01,markov,0.62,extended_hex_r2,30,70,0.9,0.2194178813109918,0.3,0,0.42,0.08,140,0.4414950101457914,0.4,10,0.7539237082131902,3.809073479669771e-18,0.2,plastic,calibration,,False,alpha_async,30,130,180,2,-1,1.0,0.6,0.6,60,0.0073670098765624,0,0,40,1.0,2,0,0.25,0.01,0.75,50.0,baseline,30.0,0.45,0.2,0.1,0.002,8.0
44,220,0.446345890471737,0.5,0.0544377356117381,0.0,0.125,0.0,extended_hex_r2__markov__plastic__intr0__struct0__alpha_async__lesion__s2__fb99dafefb,-0.0359592720699341,-0.0257871029653856,0.25,False,0.8780214804737919,0.002,0.01,markov,0.62,extended_hex_r2,30,70,0.9,0.2024024069555242,0.3,0,0.42,0.08,140,0.3436318234612969,0.2,10,0.8210903652677851,3.6263382067661914e-18,0.2,plastic,calibration,-0.0052934729624257,False,alpha_async,30,130,180,2,-1,1.0,0.6,0.6,60,0.0146598270307662,0,0,40,1.0,2,0,0.25,0.01,0.75,50.0,lesion,30.0,0.45,0.2,0.1,0.002,8.0
44,220,0.4635440896244367,0.5,-0.0854049873337559,0.0,0.125,0.130729246586285,extended_hex_r2__ql__plastic__intr0__struct0__alpha_async__baseline__s2__3f67f1fbdc,0.0009281302803737,-0.0034188022173652,0.25,False,0.9121208707406444,0.002,0.01,ql,0.58,extended_hex_r2,30,70,0.9,0.192795447335721,0.3,0,0.42,0.08,140,0.4383186639984719,0.3,10,0.6729997832285565,4.366776157057381e-18,0.2,plastic,calibration,,False,alpha_async,30,130,180,2,-1,1.0,0.6,0.6,60,0.0145382808790325,0,0,40,1.0,2,0,0.25,0.01,0.75,50.0,baseline,30.0,0.45,0.2,0.1,0.002,8.0
44,220,0.4732508051697298,0.5,-0.0469035190263615,0.0,0.125,0.1616230363826,extended_hex_r2__ql__plastic__intr0__struct0__alpha_async__lesion__s1__416b9773ac,0.0048976033528327,0.006890062629327,0.25,False,0.8377337760207901,0.002,0.01,ql,0.68,extended_hex_r2,30,70,0.9,0.254588961708355,0.3,0,0.42,0.08,140,0.392913543852706,0.4,10,0.7653019370791578,3.964281172778737e-18,0.2,plastic,calibration,8.315438809480916e-05,False,alpha_async,30,130,180,1,-1,1.0,0.6,0.6,60,0.004988804343653,0,0,40,1.0,2,0,0.25,0.01,0.75,50.0,lesion,30.0,0.45,0.2,0.1,0.002,8.0
44,220,0.4118012336521839,0.5,-0.3581110725244633,0.0,0.125,0.0,square_moore__markov__plastic__intr0__struct0__alpha_async__baseline__s2__1155875e71,-0.0045245973568339,0.0044928355447796,0.25,False,0.5503448884171204,0.002,0.016,markov,0.62,square_moore,30,70,0.9,0.4798509867970345,0.3,0,0.42,0.08,140,0.4055852338959115,0.4,10,1.4808778759765298,5.067571104466141e-18,0.2,plastic,calibration,,False,alpha_async,30,130,180,2,-1,1.0,0.6,0.6,60,0.0381543801773894,0,0,40,1.0,2,0,0.25,0.01,0.75,50.0,baseline,30.0,0.45,0.2,0.1,0.002,8.0
44,220,0.3046368513169235,0.5,0.0383926341509759,0.0,0.125,0.0,square_moore__markov__plastic__intr0__struct0__alpha_async__lesion__s2__07d7c3dd8a,0.0887359413446424,0.0743820517071223,0.25,False,0.4108785726580507,0.002,0.016,markov,0.62,square_moore,30,70,0.9,0.3467338035380798,0.3,0,0.42,0.08,140,0.2354055563638694,0.2,10,1.557214084501787,6.164904867802747e-18,0.2,plastic,calibration,0.0552648888469824,False,alpha_async,30,130,180,2,-1,1.0,0.6,0.6,60,0.0531407223195411,0,0,40,1.0,2,0,0.25,0.01,0.75,50.0,lesion,30.0,0.45,0.2,0.1,0.002,8.0
44,220,0.4110608693148165,0.5,-0.3517526230896818,0.0,0.125,0.2968544788412836,square_moore__ql__plastic__intr0__struct0__alpha_async__baseline__s2__12e8d610be,-0.0043962687121042,0.008557339492928,0.25,False,0.5942769127785765,0.002,0.016,ql,0.58,square_moore,30,70,0.9,0.4588786450347039,0.3,0,0.42,0.08,140,0.4029583201138073,0.3,10,1.4531145722507015,5.815644219483591e-18,0.2,plastic,calibration,,False,alpha_async,30,130,180,2,-1,1.0,0.6,0.6,60,0.0897956647196462,0,0,40,1.0,2,0,0.25,0.01,0.75,50.0,baseline,30.0,0.45,0.2,0.1,0.002,8.0
44,220,0.4099136592732914,0.5,-0.3524793768390638,0.0,0.125,0.3088391617095935,square_moore__ql__plastic__intr0__struct0__alpha_async__lesion__s1__d386140011,0.0061119369405544,-0.0026098980806856,0.25,False,0.5665079122883407,0.002,0.016,ql,0.68,square_moore,30,70,0.9,0.4733225511071049,0.3,0,0.42,0.08,140,0.3408770170883864,0.4,10,1.494954147815164,6.150060128967097e-18,0.2,plastic,calibration,-0.0032834262307722,False,alpha_async,30,130,180,1,-1,1.0,0.6,0.6,60,0.0714687915739222,0,0,40,1.0,2,0,0.25,0.01,0.75,50.0,lesion,30.0,0.45,0.2,0.1,0.002,8.0
44,220,0.4299933591538263,0.5,-0.3514183879815344,0.0,0.125,0.0,hex_cells__markov__plastic__intr0__struct0__alpha_async__baseline__s1__05c9dfc2de,0.0055985845618448,0.0009546861491715,0.25,False,0.588680189298979,0.002,0.016,markov,0.68,hex_cells,30,70,0.9,0.46864080391199,0.3,0,0.42,0.08,140,0.425219359056013,0.2,10,1.327620955570176,3.453501665867373e-18,0.2,plastic,calibration,,False,alpha_async,30,130,180,1,-1,1.0,0.6,0.6,60,0.019039301201233,0,0,40,1.0,2,0,0.25,0.01,0.75,50.0,baseline,30.0,0.45,0.2,0.1,0.002,8.0
44,220,0.3375190546730187,0.5,0.0177399496296718,0.0,0.125,0.0,hex_cells__markov__plastic__intr0__struct0__alpha_async__lesion__s1__7ce9e6caa8,0.0643123248891671,0.0573388649926287,0.25,False,0.4812630852641718,0.002,0.016,markov,0.62,hex_cells,30,70,0.9,0.3575241664921804,0.3,0,0.42,0.08,140,0.2610093186303159,0.3,10,1.5218491211995762,3.726624968755884e-18,0.2,plastic,calibration,0.0219093918275291,False,alpha_async,30,130,180,1,-1,1.0,0.6,0.6,60,0.0472860367815948,0,0,40,1.0,2,0,0.25,0.01,0.75,50.0,lesion,30.0,0.45,0.2,0.1,0.002,8.0
44,220,0.4204074566142987,0.5,-0.3576625337645079,0.0,0.125,0.276049937493502,hex_cells__ql__plastic__intr0__struct0__alpha_async__baseline__s1__05b4e2c44b,0.0159904895745661,0.0014062522579742,0.25,False,0.6031775997022816,0.002,0.016,ql,0.58,hex_cells,30,70,0.9,0.4631954580206685,0.3,0,0.42,0.08,140,0.4170399389891442,0.4,10,1.3011700258525272,3.4529498144128586e-18,0.2,plastic,calibration,,False,alpha_async,30,130,180,1,-1,1.0,0.6,0.6,60,0.0118340290094339,0,0,40,1.0,2,0,0.25,0.01,0.75,50.0,baseline,30.0,0.45,0.2,0.1,0.002,8.0
44,220,0.4257515920845286,0.5,-0.3638167089239086,0.0,0.125,0.2978277955107455,hex_cells__ql__plastic__intr0__struct0__alpha_async__lesion__s1__41955217f3,0.0137514148868091,-0.0095401833377264,0.25,False,0.6016457212227613,0.002,0.016,ql,0.58,hex_cells,30,70,0.9,0.4705657781760345,0.3,0,0.42,0.08,140,0.3530266215308167,0.2,10,1.3081155807885811,3.809913047592577e-18,0.2,plastic,calibration,0.0138685040384711,False,alpha_async,30,130,180,1,-1,1.0,0.6,0.6,60,0.04040375660882,0,0,40,1.0,2,0,0.25,0.01,0.75,50.0,lesion,30.0,0.45,0.2,0.1,0.002,8.0
44,220,0.4319065470458655,0.5,-0.3569173663775084,0.0,0.125,0.286479067937553,hex_cells__ql__plastic__intr0__struct0__alpha_async__lesion__s2__56ee04386f,0.0062671479746611,-0.0099171023752222,0.25,False,0.6017581185128404,0.002,0.016,ql,0.68,hex_cells,30,70,0.9,0.4701898597510699,0.3,0,0.42,0.08,140,0.3606076183444495,0.3,10,1.2922468169460803,3.317745014168768e-18,0.2,plastic,calibration,0.0145869802756825,False,alpha_async,30,130,180,2,-1,1.0,0.6,0.6,60,0.014809489378522,0,0,40,1.0,2,0,0.25,0.01,0.75,50.0,lesion,30.0,0.45,0.2,0.1,0.002,8.0
44,220,0.402135666411112,0.5,-0.226666155270644,0.0,0.125,0.0,honeycomb__markov__plastic__intr0__struct0__alpha_async__baseline__s2__b078c22d61,0.0032044576806974,0.0084186349275966,0.25,False,0.7331115150347798,0.002,0.016,markov,0.62,honeycomb,30,70,0.9,0.3436947285464265,0.3,0,0.42,0.08,140,0.395493399080872,0.4,10,1.5070068812712347,3.511243976899629e-18,0.2,plastic,calibration,,False,alpha_async,30,130,180,2,-1,1.0,0.6,0.6,60,0.005485138543515,0,0,40,1.0,2,0,0.25,0.01,0.75,50.0,baseline,30.0,0.45,0.2,0.1,0.002,8.0
44,220,0.1085260501141905,0.5,0.5267198305982493,0.0,0.125,0.0,honeycomb__markov__plastic__intr0__struct0__alpha_async__lesion__s2__af715e634c,0.345142138702663,0.2968050045796064,0.25,False,0.199860349896521,0.002,0.016,markov,0.62,honeycomb,30,70,0.9,0.0965674709406995,0.3,0,0.42,0.08,140,0.1148025908759252,0.2,10,0.9574328065282802,2.8184253313548033e-18,0.2,plastic,calibration,0.291809787950361,False,alpha_async,30,130,180,2,-1,1.0,0.6,0.6,60,0.1468110626719092,0,0,40,1.0,2,0,0.25,0.01,0.75,50.0,lesion,30.0,0.45,0.2,0.1,0.002,8.0
44,220,0.3981168101091273,0.5,-0.2268659892676427,0.0,0.125,0.2695752230550949,honeycomb__ql__plastic__intr0__struct0__alpha_async__baseline__s2__b09ff2523f,0.0169642145626378,0.0060655067390067,0.25,False,0.7490416763345776,0.002,0.016,ql,0.58,honeycomb,30,70,0.9,0.3298770556784754,0.3,0,0.42,0.08,140,0.394777083033644,0.3,10,1.4553511979805849,2.4021803172709085e-18,0.2,plastic,calibration,,False,alpha_async,30,130,180,2,-1,1.0,0.6,0.6,60,0.005664722462166,0,0,40,1.0,2,0,0.25,0.01,0.75,50.0,baseline,30.0,0.45,0.2,0.1,0.002,8.0
44,220,0.3040156295721404,0.5,0.1421613828725075,0.0,0.125,0.389799906670231,honeycomb__ql__plastic__intr0__struct0__alpha_async__lesion__s1__81e6c823b5,0.0832528168820992,0.0673674130031307,0.25,False,0.6363502217391004,0.002,0.016,ql,0.68,honeycomb,30,70,0.9,0.243964296159809,0.3,0,0.42,0.08,140,0.2580810665391717,0.4,10,1.5218395988936502,5.321030929277522e-18,0.2,plastic,calibration,0.0422543643836472,False,alpha_async,30,130,180,1,-1,1.0,0.6,0.6,60,0.066768572810461,0,0,40,1.0,2,0,0.25,0.01,0.75,50.0,lesion,30.0,0.45,0.2,0.1,0.002,8.0
44,220,0.4787705857796676,0.5,-0.0455405190470664,0.0,0.125,0.0,extended_moore_r2__markov__plastic__intr0__struct0__alpha_async__baseline__s1__d6a8d84629,-0.0108704780381109,0.0054958448767067,0.25,False,0.8291691361783751,0.002,0.016,markov,0.68,extended_moore_r2,30,70,0.9,0.2607086071890053,0.3,0,0.42,0.08,140,0.4405261470687645,0.2,10,0.721386576443402,4.819678152885532e-18,0.2,plastic,calibration,,False,alpha_async,30,130,180,1,-1,1.0,0.6,0.6,60,0.0054505067189279,0,0,40,1.0,2,0,0.25,0.01,0.75,50.0,baseline,30.0,0.45,0.2,0.1,0.002,8.0
44,220,0.3870185704390979,0.5,-0.0248261126498923,0.0,0.125,0.0,extended_moore_r2__markov__plastic__intr0__struct0__alpha_async__lesion__s1__106c7e6964,0.0183212970798539,0.0023939599267073,0.25,False,0.6953041859124593,0.002,0.016,markov,0.62,extended_moore_r2,30,70,0.9,0.3033361742085771,0.3,0,0.42,0.08,140,0.2919715758540246,0.3,10,0.9704231131830708,6.721994583193672e-18,0.2,plastic,calibration,-0.0266788038701476,False,alpha_async,30,130,180,1,-1,1.0,0.6,0.6,60,0.0908347090783238,0,0,40,0.995286673553719,2,0,0.25,0.01,0.75,50.0,lesion,30.0,0.45,0.2,0.1,0.002,8.0
44,220,0.4001635145825242,0.5,-0.2149133229947722,0.0,0.125,0.1847600945612762,extended_moore_r2__ql__plastic__intr0__struct0__alpha_async__baseline__s1__9b06cb603c,-0.0067030707398841,0.0123632975931657,0.25,False,0.7867496602133722,0.002,0.016,ql,0.58,extended_moore_r2,30,70,0.9,0.2934815974521984,0.3,0,0.42,0.08,140,0.4002572745227339,0.4,10,0.4259026305023711,3.057943307727282e-18,0.2,plastic,calibration,,False,alpha_async,30,130,180,1,-1,1.0,0.6,0.6,60,0.0671261520166486,0,0,40,0.974517906336088,2,0,0.25,0.01,0.75,50.0,baseline,30.0,0.45,0.2,0.1,0.002,8.0
44,220,0.4125099178972681,0.5,-0.2697871446038951,0.0,0.125,0.212931735642898,extended_moore_r2__ql__plastic__intr0__struct0__alpha_async__lesion__s1__6dffb2549d,-0.0045234043484876,-0.0251202689330253,0.25,False,0.7264385285221793,0.002,0.016,ql,0.58,extended_moore_r2,30,70,0.9,0.3589168643828799,0.3,0,0.42,0.08,140,0.3620083877976564,0.2,10,0.6296559749755881,4.209342815647379e-18,0.2,plastic,calibration,-0.0053662564867484,False,alpha_async,30,130,180,1,-1,1.0,0.6,0.6,60,0.1039715203644896,0,0,40,0.9928116391184572,2,0,0.25,0.01,0.75,50.0,lesion,30.0,0.45,0.2,0.1,0.002,8.0
44,220,0.4809101129460477,0.5,-0.0408752453181588,0.0,0.125,0.1635520691409958,extended_moore_r2__ql__plastic__intr0__struct0__alpha_async__lesion__s2__345d430c0b,-0.0051816642959249,-0.0109437310841479,0.25,False,0.8312318404846509,0.002,0.016,ql,0.68,extended_moore_r2,30,70,0.9,0.2576798270193097,0.3,0,0.42,0.08,140,0.3876418492413401,0.3,10,0.7207660327902802,4.934082906533422e-18,0.2,plastic,calibration,-0.0053855407076151,False,alpha_async,30,130,180,2,-1,1.0,0.6,0.6,60,0.0045148141266769,0,0,40,0.9986225895316804,2,0,0.25,0.01,0.75,50.0,lesion,30.0,0.45,0.2,0.1,0.002,8.0
44,220,0.4717510449626598,0.5,-0.06524824764224,0.0,0.125,0.0,extended_hex_r2__markov__plastic__intr0__struct0__alpha_async__baseline__s2__88e3185f9e,-0.0002743933425721,-0.0047110712974983,0.25,False,0.8851869740659586,0.002,0.016,markov,0.62,extended_hex_r2,30,70,0.9,0.2185947402179787,0.3,0,0.42,0.08,140,0.4407558398245316,0.4,10,0.7494962224353473,4.348036271359555e-18,0.2,plastic,calibration,,False,alpha_async,30,130,180,2,-1,1.0,0.6,0.6,60,0.0070618158207844,0,0,40,1.0,2,0,0.25,0.01,0.75,50.0,baseline,30.0,0.45,0.2,0.1,0.002,8.0
44,220,0.4446000353874498,0.5,0.0619332800201717,0.0,0.125,0.0,extended_hex_r2__markov__plastic__intr0__struct0__alpha_async__lesion__s2__eb5b296215,-0.0276392341752858,-0.0209724068173327,0.25,False,0.8758539779011206,0.002,0.016,markov,0.62,extended_hex_r2,30,70,0.9,0.2013868422216271,0.3,0,0.42,0.08,140,0.3396809830819931,0.2,10,0.8113121079918426,4.239487928571877e-18,0.2,plastic,calibration,-0.0028057848832342,False,alpha_async,30,130,180,2,-1,1.0,0.6,0.6,60,0.014674999393829,0,0,40,0.9999426078971534,2,0,0.25,0.01,0.75,50.0,lesion,30.0,0.45,0.2,0.1,0.002,8.0
44,220,0.4623869340610633,0.5,-0.0840867257373373,0.0,0.125,0.1306411220774254,extended_hex_r2__ql__plastic__intr0__struct0__alpha_async__baseline__s2__8f043756ad,0.0006445419380837,-0.004012607721387,0.25,False,0.9126915676060464,0.002,0.016,ql,0.58,extended_hex_r2,30,70,0.9,0.191770766175887,0.3,0,0.42,0.08,140,0.4373820592769872,0.3,10,0.6641742966155885,2.957446277475432e-18,0.2,plastic,calibration,,False,alpha_async,30,130,180,2,-1,1.0,0.6,0.6,60,0.0139780944135367,0,0,40,1.0,2,0,0.25,0.01,0.75,50.0,baseline,30.0,0.45,0.2,0.1,0.002,8.0
44,220,0.4716214606093356,0.5,-0.046488232938149,0.0,0.125,0.1617763915429579,extended_hex_r2__ql__plastic__intr0__struct0__alpha_async__lesion__s1__34890f08c3,-0.0004342249526897,0.0058780172858417,0.25,False,0.8393734789906367,0.002,0.016,ql,0.68,extended_hex_r2,30,70,0.9,0.2530420298070324,0.3,0,0.42,0.08,140,0.3921061781882825,0.4,10,0.7637924235265118,4.467060437931288e-18,0.2,plastic,calibration,-0.00127960466058,False,alpha_async,30,130,180,1,-1,1.0,0.6,0.6,60,0.0048907388820922,0,0,40,1.0,2,0,0.25,0.01,0.75,50.0,lesion,30.0,0.45,0.2,0.1,0.002,8.0
44,220,0.4205067478423347,0.5,-0.3886718616027856,0.0,0.125,0.0,square_moore__markov__plastic__intr0__struct0__alpha_async__baseline__s2__ac04d38686,0.0095261273843463,0.0003109613908616,0.25,False,0.4775175714876665,0.002,0.006,markov,0.68,square_moore,30,70,0.9,0.5228240555769419,0.3,0,0.42,0.08,140,0.4132322016114886,0.2,10,1.5468624446696633,4.649068637949732e-18,0.2,plastic,calibration,,False,alpha_async,30,130,180,2,-1,1.0,0.6,0.6,60,0.2396575077591611,0,0,40,1.0,2,0,0.25,0.01,0.75,50.0,baseline,30.0,0.45,0.2,0.1,0.002,8.0
44,220,0.2936553402103063,0.5,0.102483514373934,0.0,0.125,0.0,square_moore__markov__plastic__intr0__struct0__alpha_async__lesion__s2__1cdfadab38,0.1206605879679783,0.0944103820748866,0.25,False,0.4281740306837923,0.002,0.006,markov,0.62,square_moore,30,70,0.9,0.3149477113791231,0.3,0,0.42,0.08,140,0.2275956784063832,0.3,10,1.53932854647111,5.5412899273525175e-18,0.2,plastic,calibration,0.0873949431414134,False,alpha_async,30,130,180,2,-1,1.0,0.6,0.6,60,0.0612496571811103,0,0,40,1.0,2,0,0.25,0.01,0.75,50.0,lesion,30.0,0.45,0.2,0.1,0.002,8.0
44,220,0.4179337518996127,0.5,-0.3878283143311773,0.0,0.125,0.3088949645939489,square_moore__ql__plastic__intr0__struct0__alpha_async__baseline__s2__fe5279fa79,-0.0078096659087927,0.0006452480959671,0.25,False,0.5060358934184179,0.002,0.006,ql,0.58,square_moore,30,70,0.9,0.5142238430138139,0.3,0,0.42,0.08,140,0.4112673865383189,0.4,10,1.5255920515748596,7.056362037456246e-18,0.2,plastic,calibration,,False,alpha_async,30,130,180,2,-1,1.0,0.6,0.6,60,0.1576117081294094,0,0,40,1.0,2,0,0.25,0.01,0.75,50.0,baseline,30.0,0.45,0.2,0.1,0.002,8.0
44,220,0.4052088804368847,0.5,-0.300115509114415,0.0,0.125,0.3291958485443846,square_moore__ql__plastic__intr0__struct0__alpha_async__lesion__s2__0f713e9089,0.0118882791602953,0.0150428652477431,0.25,False,0.6239366901326684,0.002,0.006,ql,0.58,square_moore,30,70,0.9,0.4245701788217186,0.3,0,0.42,0.08,140,0.3307352342505358,0.2,10,1.4284454677232383,6.298446239739086e-18,0.2,plastic,calibration,-0.0035234257773413,False,alpha_async,30,130,180,2,-1,1.0,0.6,0.6,60,0.1250585472424058,0,0,40,1.0,2,0,0.25,0.01,0.75,50.0,lesion,30.0,0.45,0.2,0.1,0.002,8.0
44,220,0.4321298397303167,0.5,-0.386759697733778,0.0,0.125,0.0,hex_cells__markov__plastic__intr0__struct0__alpha_async__baseline__s1__16af6ebaa6,-0.0022595961919888,-0.0066559800151626,0.25,False,0.5635371682606529,0.002,0.006,markov,0.68,hex_cells,30,70,0.9,0.4948306892560912,0.3,0,0.42,0.08,140,0.4303976504747241,0.3,10,1.3769227567601212,3.114106415046829e-18,0.2,plastic,calibration,,False,alpha_async,30,130,180,1,-1,1.0,0.6,0.6,60,0.0396026358248953,0,0,40,1.0,2,0,0.25,0.01,0.75,50.0,baseline,30.0,0.45,0.2,0.1,0.002,8.0
44,220,0.3492120466770304,0.5,-0.006954560902278,0.0,0.125,0.0,hex_cells__markov__plastic__intr0__struct0__alpha_async__lesion__s1__807fc6fe3f,0.0780514263660203,0.0740055611754973,0.25,False,0.4618920778969646,0.002,0.006,markov,0.62,hex_cells,30,70,0.9,0.3786070450715668,0.3,0,0.42,0.08,140,0.2673676654245249,0.4,10,1.5591885618070092,3.506285087437696e-18,0.2,plastic,calibration,0.0421271558698525,False,alpha_async,30,130,180,1,-1,1.0,0.6,0.6,60,0.0477766060230187,0,0,40,1.0,2,0,0.25,0.01,0.75,50.0,lesion,30.0,0.45,0.2,0.1,0.002,8.0
44,220,0.431615625866836,0.5,-0.3878808490722558,0.0,0.125,0.2812972091164951,hex_cells__ql__plastic__intr0__struct0__alpha_async__baseline__s1__19ed60e34c,0.0120652098595638,-0.017838670251946,0.25,False,0.573710007156097,0.002,0.006,ql,0.62,hex_cells,30,70,0.9,0.4973139752348338,0.3,0,0.42,0.08,140,0.427492888154973,0.2,10,1.3581397912915305,3.574009791908058e-18,0.2,plastic,calibration,,False,alpha_async,30,130,180,1,-1,1.0,0.6,0.6,60,0.0257498412361838,0,0,40,1.0,2,0,0.25,0.01,0.75,50.0,baseline,30.0,0.45,0.2,0.1,0.002,8.0
44,220,0.4381437839688271,0.5,-0.381405768008721,0.0,0.125,0.3021217138591323,hex_cells__ql__plastic__intr0__struct0__alpha_async__lesion__s1__a5dab095d0,-0.0186524332514549,-0.0126804174588797,0.25,False,0.6021323971438669,0.002,0.006,ql,0.58,hex_cells,30,70,0.9,0.4816105195558625,0.3,0,0.42,0.08,140,0.3603444477879351,0.3,10,1.268624563408392,3.929272923136351e-18,0.2,plastic,calibration,-0.0263099449251631,False,alpha_async,30,130,180,1,-1,1.0,0.6,0.6,60,0.0275723612282178,0,0,40,1.0,2,0,0.25,0.01,0.75,50.0,lesion,30.0,0.45,0.2,0.1,0.002,8.0
44,220,0.4423125662367445,0.5,-0.3817296952632513,0.0,0.125,0.2893043628793791,hex_cells__ql__plastic__intr0__struct0__alpha_async__lesion__s2__076cfe9d39,0.002214408331016,-0.0129866139044322,0.25,False,0.5792530237693458,0.002,0.006,ql,0.68,hex_cells,30,70,0.9,0.4975189021520894,0.3,0,0.42,0.08,140,0.3707118810588602,0.4,10,1.268095286165651,4.233837520224291e-18,0.2,plastic,calibration,0.0013262421823352,False,alpha_async,30,130,180,2,-1,1.0,0.6,0.6,60,0.0201086624279564,0,0,40,1.0,2,0,0.25,0.01,0.75,50.0,lesion,30.0,0.45,0.2,0.1,0.002,8.0
44,220,0.3945461010968836,0.5,-0.1905431346699148,0.0,0.125,0.0,honeycomb__markov__plastic__intr0__struct0__alpha_async__baseline__s2__df27fbbce2,-0.0052043684056946,0.007731562471904,0.25,False,0.7083605308094867,0.002,0.006,markov,0.68,honeycomb,30,70,0.9,0.3486550294254229,0.3,0,0.42,0.08,140,0.3914911614459945,0.2,10,1.54015369549139,2.4426403492594334e-18,0.2,plastic,calibration,,False,alpha_async,30,130,180,2,-1,1.0,0.6,0.6,60,0.0057629690113038,0,0,40,1.0,2,0,0.25,0.01,0.75,50.0,baseline,30.0,0.45,0.2,0.1,0.002,8.0
44,220,0.1274194323473182,0.5,0.5427588596153392,0.0,0.125,0.0,honeycomb__markov__plastic__intr0__struct0__alpha_async__lesion__s2__c606e8f25f,0.3327081459052985,0.255137052259199,0.25,False,0.2356983102540022,0.002,0.006,markov,0.62,honeycomb,30,70,0.9,0.1081287987657344,0.3,0,0.42,0.08,140,0.1253502958796302,0.3,10,1.0633760150812022,5.469821606552509e-18,0.2,plastic,calibration,0.3216549023659809,False,alpha_async,30,130,180,2,-1,1.0,0.6,0.6,60,0.1664467610048189,0,0,40,1.0,2,0,0.25,0.01,0.75,50.0,lesion,30.0,0.45,0.2,0.1,0.002,8.0
44,220,0.4032308522290352,0.5,-0.2464785025670857,0.0,0.125,0.2688525800024579,honeycomb__ql__plastic__intr0__struct0__alpha_async__baseline__s2__9040df9c87,-0.0013247475448766,-0.0050426939890299,0.25,False,0.7460810947318852,0.002,0.006,ql,0.58,honeycomb,30,70,0.9,0.3383548289566983,0.3,0,0.42,0.08,140,0.3952565686925558,0.4,10,1.4630567354386526,2.759643258275974e-18,0.2,plastic,calibration,,False,alpha_async,30,130,180,2,-1,1.0,0.6,0.6,60,0.0053061787185322,0,0,40,1.0,2,0,0.25,0.01,0.75,50.0,baseline,30.0,0.45,0.2,0.1,0.002,8.0
44,220,0.2958388725349383,0.5,0.187733067149869,0.0,0.125,0.399754825098961,honeycomb__ql__plastic__intr0__struct0__alpha_async__lesion__s2__1b5ef91595,0.1228240877818757,0.1046190945064939,0.25,False,0.6458636389763701,0.002,0.006,ql,0.58,honeycomb,30,70,0.9,0.2199673090683493,0.3,0,0.42,0.08,140,0.2560090814494188,0.2,10,1.5086066533426823,4.0957519159320044e-18,0.2,plastic,calibration,0.070166323209274,False,alpha_async,30,130,180,2,-1,1.0,0.6,0.6,60,0.1056227431271117,0,0,40,1.0,2,0,0.25,0.01,0.75,50.0,lesion,30.0,0.45,0.2,0.1,0.002,8.0
44,220,0.4801682774291497,0.5,-0.0476897706659664,0.0,0.125,0.0,extended_moore_r2__markov__plastic__intr0__struct0__alpha_async__baseline__s1__113cfda95f,-0.0095186213466624,0.0054954425777028,0.25,False,0.8268719546992738,0.002,0.006,markov,0.68,extended_moore_r2,30,70,0.9,0.2627645703843845,0.3,0,0.42,0.08,140,0.4413669492319897,0.3,10,0.7133129325509525,4.609503188907381e-18,0.2,plastic,calibration,,False,alpha_async,30,130,180,1,-1,1.0,0.6,0.6,60,0.0050189348274381,0,0,40,1.0,2,0,0.25,0.01,0.75,50.0,baseline,30.0,0.45,0.2,0.1,0.002,8.0
44,220,0.3977324096939569,0.5,-0.0575466344818723,0.0,0.125,0.0,extended_moore_r2__markov__plastic__intr0__struct0__alpha_async__lesion__s1__0e14b183cc,0.0458095179069458,0.0174663364330725,0.25,False,0.6695807802965045,0.002,0.006,markov,0.62,extended_moore_r2,30,70,0.9,0.3268525707911347,0.3,0,0.42,0.08,140,0.3080192916269995,0.4,10,0.9815702295440122,7.096055118981666e-18,0.2,plastic,calibration,0.0143150822736712,False,alpha_async,30,130,180,1,-1,1.0,0.6,0.6,60,0.1290645975092899,0,0,40,1.0,2,0,0.25,0.01,0.75,50.0,lesion,30.0,0.45,0.2,0.1,0.002,8.0
44,220,0.4236381177658649,0.5,-0.28032691547923,0.0,0.125,0.2173224934889183,extended_moore_r2__ql__plastic__intr0__struct0__alpha_async__baseline__s1__a5ebb6ff9e,0.0198551350714894,-0.0046482491437059,0.25,False,0.6202292215069238,0.002,0.006,ql,0.62,extended_moore_r2,30,70,0.9,0.4288405844006931,0.3,0,0.42,0.08,140,0.4195012840924599,0.2,10,0.8326094733687779,5.820318287098857e-18,0.2,plastic,calibration,,False,alpha_async,30,130,180,1,-1,1.0,0.6,0.6,60,0.2231780539414381,0,0,40,1.0,2,0,0.25,0.01,0.75,50.0,baseline,30.0,0.45,0.2,0.1,0.002,8.0
44,220,0.4257686517359177,0.5,-0.2872223962883042,0.0,0.125,0.2326248357331091,extended_moore_r2__ql__plastic__intr0__struct0__alpha_async__lesion__s1__de4f7f7313,-0.0026305130059671,-0.0039013538972383,0.25,False,0.6071953431761199,0.002,0.006,ql,0.58,extended_moore_r2,30,70,0.9,0.4415912495804019,0.3,0,0.42,0.08,140,0.3739402927110269,0.3,10,0.8616739999665654,8.008411741284344e-18,0.2,plastic,calibration,-0.0099481970509723,False,alpha_async,30,130,180,1,-1,1.0,0.6,0.6,60,0.3111130034796204,0,0,40,1.0,2,0,0.25,0.01,0.75,50.0,lesion,30.0,0.45,0.2,0.1,0.002,8.0
44,220,0.4509302938821839,0.5,-0.0800689221600679,0.0,0.125,0.182367251135904,extended_moore_r2__ql__plastic__intr0__struct0__alpha_async__lesion__s2__ea29c96364,0.0241846441387202,-0.0033134163844045,0.25,False,0.8012886089414502,0.002,0.006,ql,0.68,extended_moore_r2,30,70,0.9,0.2878308304855616,0.3,0,0.42,0.08,140,0.3873335241655279,0.4,10,0.8807493494929733,4.342025348533347e-18,0.2,plastic,calibration,-0.0080987944578494,False,alpha_async,30,130,180,2,-1,1.0,0.6,0.6,60,0.0458310525950565,0,0,40,1.0,2,0,0.25,0.01,0.75,50.0,lesion,30.0,0.45,0.2,0.1,0.002,8.0
44,220,0.4816863767215979,0.5,-0.0496858362736881,0.0,0.125,0.0,extended_hex_r2__markov__plastic__intr0__struct0__alpha_async__baseline__s2__097504b77b,0.0010945193823992,-0.0064945059876358,0.25,False,0.8411904040777988,0.002,0.006,markov,0.68,extended_hex_r2,30,70,0.9,0.2535775618235499,0.3,0,0.42,0.08,140,0.4426192512360652,0.2,10,0.7458684916829632,4.095354628349566e-18,0.2,plastic,calibration,,False,alpha_async,30,130,180,2,-1,1.0,0.6,0.6,60,0.0052043661386708,0,0,40,1.0,2,0,0.25,0.01,0.75,50.0,baseline,30.0,0.45,0.2,0.1,0.002,8.0
44,220,0.4484537930365784,0.5,0.0496870254560457,0.0,0.125,0.0,extended_hex_r2__markov__plastic__intr0__struct0__alpha_async__lesion__s2__00785e48b3,-0.0367914467189619,-0.0057328318282661,0.25,False,0.8792398110375754,0.002,0.006,markov,0.62,extended_hex_r2,30,70,0.9,0.2025516984467306,0.3,0,0.42,0.08,140,0.3449299207095488,0.3,10,0.8365035545508923,3.950949918271367e-18,0.2,plastic,calibration,-0.0112700660156349,False,alpha_async,30,130,180,2,-1,1.0,0.6,0.6,60,0.0127349434661733,0,0,40,1.0,2,0,0.25,0.01,0.75,50.0,lesion,30.0,0.45,0.2,0.1,0.002,8.0
44,220,0.464416082682437,0.5,-0.0881769143205068,0.0,0.125,0.1312069918064077,extended_hex_r2__ql__plastic__intr0__struct0__alpha_async__baseline__s2__79e55cf3d3,-0.0003171587140103,-0.0011641284797834,0.25,False,0.9109570446655946,0.002,0.006,ql,0.58,extended_hex_r2,30,70,0.9,0.1947076877159066,0.3,0,0.42,0.08,140,0.4391364623025431,0.4,10,0.6852191969080044,3.4091663344232707e-18,0.2,plastic,calibration,,False,alpha_async,30,130,180,2,-1,1.0,0.6,0.6,60,0.0152168088933993,0,0,40,1.0,2,0,0.25,0.01,0.75,50.0,baseline,30.0,0.45,0.2,0.1,0.002,8.0
44,220,0.4568508641701931,0.5,-0.0790877187599667,0.0,0.125,0.1678747433266187,extended_hex_r2__ql__plastic__intr0__struct0__alpha_async__lesion__s2__4166fedb1e,-0.0147690982527031,-0.0211091918652787,0.25,False,0.9155780153977244,0.002,0.006,ql,0.58,extended_hex_r2,30,70,0.9,0.1866267054663042,0.3,0,0.42,0.08,140,0.3893133024398149,0.2,10,0.6150095977191585,4.167786340264609e-18,0.2,plastic,calibration,-0.0020727058379845,False,alpha_async,30,130,180,2,-1,1.0,0.6,0.6,60,0.0135275560629634,0,0,40,1.0,2,0,0.25,0.01,0.75,50.0,lesion,30.0,0.45,0.2,0.1,0.002,8.0
44,220,0.4132590065805798,0.5,-0.4065548757329428,0.0,0.125,0.0,square_moore__markov__plastic__intr0__struct0__alpha_async__baseline__s2__dfab78d5c8,-0.0016716433947123,0.0001158684724213,0.25,False,0.4846614819920714,0.002,0.01,markov,0.68,square_moore,30,70,0.9,0.5263250985605135,0.3,0,0.42,0.08,140,0.4091708284044637,0.2,10,1.559954980221457,4.615440563864096e-18,0.2,plastic,calibration,,False,alpha_async,30,130,180,2,-1,1.0,0.6,0.6,60,0.4090453991779201,0,0,40,1.0,2,0,0.25,0.01,0.75,50.0,baseline,30.0,0.45,0.2,0.1,0.002,8.0
44,220,0.284062505878193,0.5,0.0984935531001631,0.0,0.125,0.0,square_moore__markov__plastic__intr0__struct0__alpha_async__lesion__s2__a9f704bfd9,0.1134250534713192,0.1001755983867758,0.25,False,0.3912252343659913,0.002,0.01,markov,0.62,square_moore,30,70,0.9,0.3148669572451173,0.3,0,0.42,0.08,140,0.2212446012201093,0.3,10,1.5277155844262356,5.057663088881804e-18,0.2,plastic,calibration,0.0865555540905483,False,alpha_async,30,130,180,2,-1,1.0,0.6,0.6,60,0.066707627783718,0,0,40,1.0,2,0,0.25,0.01,0.75,50.0,lesion,30.0,0.45,0.2,0.1,0.002,8.0
44,220,0.4081126233903453,0.5,-0.4075244120222038,0.0,0.125,0.3001146026360133,square_moore__ql__plastic__intr0__struct0__alpha_async__baseline__s2__68e108e52d,-0.0001245674087189,-0.0088920186740894,0.25,False,0.5149214088171775,0.002,0.01,ql,0.58,square_moore,30,70,0.9,0.5162299659336945,0.3,0,0.42,0.08,140,0.4076031195260712,0.4,10,1.5570700502272683,5.2443577094588856e-18,0.2,plastic,calibration,,False,alpha_async,30,130,180,2,-1,1.0,0.6,0.6,60,0.1320612317655155,0,0,40,1.0,2,0,0.25,0.01,0.75,50.0,baseline,30.0,0.45,0.2,0.1,0.002,8.0
44,220,0.402685240484991,0.5,-0.3064590553201059,0.0,0.125,0.3274971572970127,square_moore__ql__plastic__intr0__struct0__alpha_async__lesion__s2__3ee9c2ccc8,0.0193565639252571,0.0065628077191604,0.25,False,0.6053927218813061,0.002,0.01,ql,0.58,square_moore,30,70,0.9,0.433179012229972,0.3,0,0.42,0.08,140,0.331388218504531,0.2,10,1.4696634073365993,4.204414044824905e-18,0.2,plastic,calibration,0.0114319323237134,False,alpha_async,30,130,180,2,-1,1.0,0.6,0.6,60,0.1778612130686101,0,0,40,1.0,2,0,0.25,0.01,0.75,50.0,lesion,30.0,0.45,0.2,0.1,0.002,8.0
44,220,0.4321917969939907,0.5,-0.3671451068359559,0.0,0.125,0.0,hex_cells__markov__plastic__intr0__struct0__alpha_async__baseline__s1__8c346b2f7f,0.0020442973122633,0.0069857035763469,0.25,False,0.5757638327089308,0.002,0.01,markov,0.68,hex_cells,30,70,0.9,0.4800897454966338,0.3,0,0.42,0.08,140,0.4261738603549569,0.3,10,1.3197778001778904,2.4188949025736333e-18,0.2,plastic,calibration,,False,alpha_async,30,130,180,1,-1,1.0,0.6,0.6,60,0.0185112760524281,0,0,40,1.0,2,0,0.25,0.01,0.75,50.0,baseline,30.0,0.45,0.2,0.1,0.002,8.0
44,220,0.3587237598344991,0.5,-0.0412790675048661,0.0,0.125,0.0,hex_cells__markov__plastic__intr0__struct0__alpha_async__lesion__s1__f56de03d9f,0.0658098103771846,0.0549509616683978,0.25,False,0.4854615191213981,0.002,0.01,markov,0.62,hex_cells,30,70,0.9,0.3871780978610626,0.3,0,0.42,0.08,140,0.2727462484092054,0.4,10,1.5231720222969485,3.899163296794006e-18,0.2,plastic,calibration,0.0273375289802591,False,alpha_async,30,130,180,1,-1,1.0,0.6,0.6,60,0.0411731095575946,0,0,40,1.0,2,0,0.25,0.01,0.75,50.0,lesion,30.0,0.45,0.2,0.1,0.002,8.0
44,220,0.4272182722516508,0.5,-0.3662194588021802,0.0,0.125,0.2831526618910309,hex_cells__ql__plastic__intr0__struct0__alpha_async__baseline__s1__b3800a0678,0.0064551920437423,-0.0165595906408311,0.25,False,0.5856853556467158,0.002,0.01,ql,0.62,hex_cells,30,70,0.9,0.4777205537905591,0.3,0,0.42,0.08,140,0.4216788583736406,0.2,10,1.3186722677959444,4.719188897396697e-18,0.2,plastic,calibration,,False,alpha_async,30,130,180,1,-1,1.0,0.6,0.6,60,0.0128857523130096,0,0,40,1.0,2,0,0.25,0.01,0.75,50.0,baseline,30.0,0.45,0.2,0.1,0.002,8.0
44,220,0.4338649430244269,0.5,-0.3773656786353687,0.0,0.125,0.3026225361948735,hex_cells__ql__plastic__intr0__struct0__alpha_async__lesion__s1__95e393540e,0.000933976385039,-0.0103884617867129,0.25,False,0.5919747609010957,0.002,0.01,ql,0.58,hex_cells,30,70,0.9,0.4838675328519595,0.3,0,0.42,0.08,140,0.3561872966581926,0.3,10,1.2927666352981513,2.8570414605524493e-18,0.2,plastic,calibration,-0.0086451399238111,False,alpha_async,30,130,180,1,-1,1.0,0.6,0.6,60,0.0375547313037187,0,0,40,1.0,2,0,0.25,0.01,0.75,50.0,lesion,30.0,0.45,0.2,0.1,0.002,8.0
44,220,0.4360694334883812,0.5,-0.36802790382597,0.0,0.125,0.2881770650429304,hex_cells__ql__plastic__intr0__struct0__alpha_async__lesion__s2__f03bc2fae5,0.0041187005035206,-0.0019531686992287,0.25,False,0.593183192021914,0.002,0.01,ql,0.68,hex_cells,30,70,0.9,0.4819126428204696,0.3,0,0.42,0.08,140,0.3657413485288441,0.4,10,1.2780083918001868,4.4741435489635944e-18,0.2,plastic,calibration,0.0110308207411659,False,alpha_async,30,130,180,2,-1,1.0,0.6,0.6,60,0.0236651939412672,0,0,40,1.0,2,0,0.25,0.01,0.75,50.0,lesion,30.0,0.45,0.2,0.1,0.002,8.0
44,220,0.4023965336676273,0.5,-0.1923245523495125,0.0,0.125,0.0,honeycomb__markov__plastic__intr0__struct0__alpha_async__baseline__s2__5d68649f99,-0.0034368812017398,-0.0032286478401157,0.25,False,0.7113734216638015,0.002,0.01,markov,0.68,honeycomb,30,70,0.9,0.3519777707614618,0.3,0,0.42,0.08,140,0.3926305415559994,0.2,10,1.521912242274165,2.704627735072282e-18,0.2,plastic,calibration,,False,alpha_async,30,130,180,2,-1,1.0,0.6,0.6,60,0.0051494201458647,0,0,40,1.0,2,0,0.25,0.01,0.75,50.0,baseline,30.0,0.45,0.2,0.1,0.002,8.0
44,220,0.1137876496705324,0.5,0.5391063149082771,0.0,0.125,0.0,honeycomb__markov__plastic__intr0__struct0__alpha_async__lesion__s2__d5f4bd9c94,0.3366408983185348,0.2534602433732862,0.25,False,0.2154018084381145,0.002,0.01,markov,0.62,honeycomb,30,70,0.9,0.0980910318095965,0.3,0,0.42,0.08,140,0.118055612235523,0.3,10,0.9790831333158196,4.4250373977107986e-18,0.2,plastic,calibration,0.3225403554423919,False,alpha_async,30,130,180,2,-1,1.0,0.6,0.6,60,0.1449085429992779,0,0,40,1.0,2,0,0.25,0.01,0.75,50.0,lesion,30.0,0.45,0.2,0.1,0.002,8.0
44,220,0.4041935030685312,0.5,-0.2484321029421897,0.0,0.125,0.2730198614642148,honeycomb__ql__plastic__intr0__struct0__alpha_async__baseline__s2__5cb607341e,0.0017026260347346,-0.0049700305029251,0.25,False,0.7518118677067244,0.002,0.01,ql,0.58,honeycomb,30,70,0.9,0.334531828463145,0.3,0,0.42,0.08,140,0.3951566140613669,0.4,10,1.4705344900254131,2.866218522256155e-18,0.2,plastic,calibration,,False,alpha_async,30,130,180,2,-1,1.0,0.6,0.6,60,0.0063456488012292,0,0,40,1.0,2,0,0.25,0.01,0.75,50.0,baseline,30.0,0.45,0.2,0.1,0.002,8.0
44,220,0.2650331047085356,0.5,0.2461160256164682,0.0,0.125,0.4169459681996301,honeycomb__ql__plastic__intr0__struct0__alpha_async__lesion__s2__5c750f172d,0.1476917242834712,0.1335583319191072,0.25,False,0.6131663437025132,0.002,0.01,ql,0.58,honeycomb,30,70,0.9,0.1922732283923817,0.3,0,0.42,0.08,140,0.2367215870498144,0.2,10,1.431054339006519,5.757139273251375e-18,0.2,plastic,calibration,0.1355044561915979,False,alpha_async,30,130,180,2,-1,1.0,0.6,0.6,60,0.1463290873972474,0,0,40,1.0,2,0,0.25,0.01,0.75,50.0,lesion,30.0,0.45,0.2,0.1,0.002,8.0
44,220,0.478995957092225,0.5,-0.0474561240790187,0.0,0.125,0.0,extended_moore_r2__markov__plastic__intr0__struct0__alpha_async__baseline__s1__0283a84845,-0.0093638126727119,0.0062039910089961,0.25,False,0.8277097731548166,0.002,0.01,markov,0.68,extended_moore_r2,30,70,0.9,0.2622036351424078,0.3,0,0.42,0.08,140,0.440938135890789,0.3,10,0.7181070732283417,4.763730959998316e-18,0.2,plastic,calibration,,False,alpha_async,30,130,180,1,-1,1.0,0.6,0.6,60,0.0052943833845978,0,0,40,1.0,2,0,0.25,0.01,0.75,50.0,baseline,30.0,0.45,0.2,0.1,0.002,8.0
44,220,0.3926348863069933,0.5,0.0237806659720138,0.0,0.125,0.0,extended_moore_r2__markov__plastic__intr0__struct0__alpha_async__lesion__s1__595b8cb522,0.0393975409675752,0.024665592133022,0.25,False,0.7287224302620893,0.002,0.01,markov,0.62,extended_moore_r2,30,70,0.9,0.2724299293453591,0.3,0,0.42,0.08,140,0.3032202366306707,0.4,10,0.8818925955794572,5.89160072745865e-18,0.2,plastic,calibration,0.0185449046074611,False,alpha_async,30,130,180,1,-1,1.0,0.6,0.6,60,0.0665107571505751,0,0,40,0.999956955922865,2,0,0.25,0.01,0.75,50.0,lesion,30.0,0.45,0.2,0.1,0.002,8.0
44,220,0.4235440777833216,0.5,-0.245664607304809,0.0,0.125,0.1879362306815261,extended_moore_r2__ql__plastic__intr0__struct0__alpha_async__baseline__s1__b92b9f9068,0.0073243045772312,0.0044381513274964,0.25,False,0.7448325829491222,0.002,0.01,ql,0.62,extended_moore_r2,30,70,0.9,0.3440331669462776,0.3,0,0.42,0.08,140,0.4152834015336832,0.2,10,0.666185380145028,5.677231657459165e-18,0.2,plastic,calibration,,False,alpha_async,30,130,180,1,-1,1.0,0.6,0.6,60,0.0882396597659277,0,0,40,0.99956955922865,2,0,0.25,0.01,0.75,50.0,baseline,30.0,0.45,0.2,0.1,0.002,8.0
44,220,0.4205338912654267,0.5,-0.283538494816482,0.0,0.125,0.2230850398564297,extended_moore_r2__ql__plastic__intr0__struct0__alpha_async__lesion__s1__f6bba3b533,-0.0020071823861524,-0.0050612248050274,0.25,False,0.653424973040232,0.002,0.01,ql,0.58,extended_moore_r2,30,70,0.9,0.4136444302018729,0.3,0,0.42,0.08,140,0.3692197136007213,0.3,10,0.8066311528311662,6.1467539517491136e-18,0.2,plastic,calibration,-0.0017374351129007,False,alpha_async,30,130,180,1,-1,1.0,0.6,0.6,60,0.1996394228626527,0,0,40,0.9995910812672176,2,0,0.25,0.01,0.75,50.0,lesion,30.0,0.45,0.2,0.1,0.002,8.0
44,220,0.4820163125725985,0.5,-0.0429365155152928,0.0,0.125,0.1636618426771549,extended_moore_r2__ql__plastic__intr0__struct0__alpha_async__lesion__s2__780e0fa6be,-0.00038382997427,-0.0082108380234343,0.25,False,0.8303712923952632,0.002,0.01,ql,0.68,extended_moore_r2,30,70,0.9,0.2583891027102816,0.3,0,0.42,0.08,140,0.3885038598386237,0.4,10,0.7151164383631045,4.11040007285952e-18,0.2,plastic,calibration,-0.0060496829961728,False,alpha_async,30,130,180,2,-1,1.0,0.6,0.6,60,0.0045273411372935,0,0,40,1.0,2,0,0.25,0.01,0.75,50.0,lesion,30.0,0.45,0.2,0.1,0.002,8.0
44,220,0.4808723508695057,0.5,-0.0492157316311483,0.0,0.125,0.0,extended_hex_r2__markov__plastic__intr0__struct0__alpha_async__baseline__s2__73e3c04040,0.0010485302267322,-0.006216137896224,0.25,False,0.8416957826455522,0.002,0.01,markov,0.68,extended_hex_r2,30,70,0.9,0.2530658438527455,0.3,0,0.42,0.08,140,0.442100310825638,0.2,10,0.7491460896303899,4.605635702705194e-18,0.2,plastic,calibration,,False,alpha_async,30,130,180,2,-1,1.0,0.6,0.6,60,0.0052617082917343,0,0,40,1.0,2,0,0.25,0.01,0.75,50.0,baseline,30.0,0.45,0.2,0.1,0.002,8.0
44,220,0.4454201641637546,0.5,0.0610220438429394,0.0,0.125,0.0,extended_hex_r2__markov__plastic__intr0__struct0__alpha_async__lesion__s2__40576b51ea,-0.0339915029597607,-0.0188505095054345,0.25,False,0.8753594439721516,0.002,0.01,markov,0.62,extended_hex_r2,30,70,0.9,0.2027576334596766,0.3,0,0.42,0.08,140,0.3412544929263806,0.3,10,0.8301380883492178,4.948658770167474e-18,0.2,plastic,calibration,-0.0083300996539489,False,alpha_async,30,130,180,2,-1,1.0,0.6,0.6,60,0.0145354042715562,0,0,40,1.0,2,0,0.25,0.01,0.75,50.0,lesion,30.0,0.45,0.2,0.1,0.002,8.0
44,220,0.4636107266254839,0.5,-0.0856933298697635,0.0,0.125,0.1307999613594304,extended_hex_r2__ql__plastic__intr0__struct0__alpha_async__baseline__s2__88b955276c,0.0005337046050671,-0.0009380032726541,0.25,False,0.9117448356224638,0.002,0.01,ql,0.58,extended_hex_r2,30,70,0.9,0.1932700358482817,0.3,0,0.42,0.08,140,0.4383977887349174,0.4,10,0.6769880789129827,3.528932771219901e-18,0.2,plastic,calibration,,False,alpha_async,30,130,180,2,-1,1.0,0.6,0.6,60,0.0140546410408317,0,0,40,1.0,2,0,0.25,0.01,0.75,50.0,baseline,30.0,0.45,0.2,0.1,0.002,8.0
44,220,0.4609083139485082,0.5,-0.0820687087257236,0.0,0.125,0.1670614172131871,extended_hex_r2__ql__plastic__intr0__struct0__alpha_async__lesion__s2__eda3007b7f,-0.0145055556754931,-0.0168637427140716,0.25,False,0.913400132307886,0.002,0.01,ql,0.58,extended_hex_r2,30,70,0.9,0.1903144346737538,0.3,0,0.42,0.08,140,0.3890180038444857,0.2,10,0.6483182563409232,3.6880759519170256e-18,0.2,plastic,calibration,0.0053557946641751,False,alpha_async,30,130,180,2,-1,1.0,0.6,0.6,60,0.0102633960357411,0,0,40,1.0,2,0,0.25,0.01,0.75,50.0,lesion,30.0,0.45,0.2,0.1,0.002,8.0
44,220,0.4134438624788983,0.5,-0.3586251039712084,0.0,0.125,0.0,square_moore__markov__plastic__intr0__struct0__alpha_async__baseline__s2__4a7429ca9d,-0.0041176609548871,-0.0069092626753015,0.25,False,0.5542446698473253,0.002,0.016,markov,0.68,square_moore,30,70,0.9,0.4797520911184217,0.3,0,0.42,0.08,140,0.4077057135976308,0.2,10,1.4891793484115872,4.078629021279488e-18,0.2,plastic,calibration,,False,alpha_async,30,130,180,2,-1,1.0,0.6,0.6,60,0.0302758245227218,0,0,40,1.0,2,0,0.25,0.01,0.75,50.0,baseline,30.0,0.45,0.2,0.1,0.002,8.0
44,220,0.2924298775766631,0.5,0.04031884202744,0.0,0.125,0.0,square_moore__markov__plastic__intr0__struct0__alpha_async__lesion__s2__278ae49fad,0.0864244982984794,0.0794872365642899,0.25,False,0.386987986838081,0.002,0.016,markov,0.62,square_moore,30,70,0.9,0.3413717864376008,0.3,0,0.42,0.08,140,0.2277261806035175,0.3,10,1.5341759688173306,4.323787987354194e-18,0.2,plastic,calibration,0.048853013533452,False,alpha_async,30,130,180,2,-1,1.0,0.6,0.6,60,0.0553972003802321,0,0,40,1.0,2,0,0.25,0.01,0.75,50.0,lesion,30.0,0.45,0.2,0.1,0.002,8.0
44,220,0.4054629557292447,0.5,-0.3614274250584731,0.0,0.125,0.2924755801911112,square_moore__ql__plastic__intr0__struct0__alpha_async__baseline__s2__5eadd4e852,-0.0165504187825061,0.0131979304515005,0.25,False,0.5731622328085211,0.002,0.016,ql,0.58,square_moore,30,70,0.9,0.4709316885962371,0.3,0,0.42,0.08,140,0.4014636170706482,0.4,10,1.494261383184738,6.346748452359292e-18,0.2,plastic,calibration,,False,alpha_async,30,130,180,2,-1,1.0,0.6,0.6,60,0.0814439675526909,0,0,40,1.0,2,0,0.25,0.01,0.75,50.0,baseline,30.0,0.45,0.2,0.1,0.002,8.0
44,220,0.4042617893577764,0.5,-0.330702223253822,0.0,0.125,0.3218324153276328,square_moore__ql__plastic__intr0__struct0__alpha_async__lesion__s2__7963d5b52f,0.0077509510415811,0.0014638456140011,0.25,False,0.5831192044878732,0.002,0.016,ql,0.58,square_moore,30,70,0.9,0.4534032408675441,0.3,0,0.42,0.08,140,0.3288108091059564,0.2,10,1.5058123857321113,6.4988644323049466e-18,0.2,plastic,calibration,0.0033369227126667,False,alpha_async,30,130,180,2,-1,1.0,0.6,0.6,60,0.0886585730071895,0,0,40,1.0,2,0,0.25,0.01,0.75,50.0,lesion,30.0,0.45,0.2,0.1,0.002,8.0
44,220,0.4300783455873828,0.5,-0.3490860359035111,0.0,0.125,0.0,hex_cells__markov__plastic__intr0__struct0__alpha_async__baseline__s1__22d48799ac,-0.0058776709748678,-0.0047084887590526,0.25,False,0.5883276191033421,0.002,0.016,markov,0.68,hex_cells,30,70,0.9,0.4678749607579857,0.3,0,0.42,0.08,140,0.4237607590976687,0.3,10,1.298851836445036,4.3769160966143535e-18,0.2,plastic,calibration,,False,alpha_async,30,130,180,1,-1,1.0,0.6,0.6,60,0.0201339526254885,0,0,40,1.0,2,0,0.25,0.01,0.75,50.0,baseline,30.0,0.45,0.2,0.1,0.002,8.0
44,220,0.3428665136655343,0.5,-0.0091991300301347,0.0,0.125,0.0,hex_cells__markov__plastic__intr0__struct0__alpha_async__lesion__s1__12d04baf06,0.054365860851842,0.0652016802725705,0.25,False,0.4770643615023308,0.002,0.016,markov,0.62,hex_cells,30,70,0.9,0.370129210999336,0.3,0,0.42,0.08,140,0.2635946950985303,0.4,10,1.519900084562772,3.8604839574758055e-18,0.2,plastic,calibration,0.0171309600495955,False,alpha_async,30,130,180,1,-1,1.0,0.6,0.6,60,0.044168582882501,0,0,40,1.0,2,0,0.25,0.01,0.75,50.0,lesion,30.0,0.45,0.2,0.1,0.002,8.0
44,220,0.4238773873252843,0.5,-0.3538620807865622,0.0,0.125,0.2744151319319806,hex_cells__ql__plastic__intr0__struct0__alpha_async__baseline__s1__591513e26a,0.0135669660314093,0.0114666050483133,0.25,False,0.6206842337708995,0.002,0.016,ql,0.62,hex_cells,30,70,0.9,0.452801607753328,0.3,0,0.42,0.08,140,0.4187598688979436,0.2,10,1.2791555469680365,4.866067806746423e-18,0.2,plastic,calibration,,False,alpha_async,30,130,180,1,-1,1.0,0.6,0.6,60,0.0164262152228218,0,0,40,1.0,2,0,0.25,0.01,0.75,50.0,baseline,30.0,0.45,0.2,0.1,0.002,8.0
44,220,0.4211979078281018,0.5,-0.3508701446799085,0.0,0.125,0.3001576627661548,hex_cells__ql__plastic__intr0__struct0__alpha_async__lesion__s1__61881ed5cc,0.0013951907153671,-0.0093471542722241,0.25,False,0.6145527764448713,0.002,0.016,ql,0.58,hex_cells,30,70,0.9,0.4569045563868258,0.3,0,0.42,0.08,140,0.349790799469566,0.3,10,1.3136500851678703,3.63005876291707e-18,0.2,plastic,calibration,0.0021532553639911,False,alpha_async,30,130,180,1,-1,1.0,0.6,0.6,60,0.0482674758571222,0,0,40,1.0,2,0,0.25,0.01,0.75,50.0,lesion,30.0,0.45,0.2,0.1,0.002,8.0
44,220,0.4330124035775421,0.5,-0.3571906617582427,0.0,0.125,0.2874626802854128,hex_cells__ql__plastic__intr0__struct0__alpha_async__lesion__s2__60c07c664e,0.0023106740405811,-0.0073806495694865,0.25,False,0.6108549344137663,0.002,0.016,ql,0.68,hex_cells,30,70,0.9,0.466270896133464,0.3,0,0.42,0.08,140,0.3604329467158071,0.4,10,1.275830206525376,2.374744294257328e-18,0.2,plastic,calibration,0.0153456810610025,False,alpha_async,30,130,180,2,-1,1.0,0.6,0.6,60,0.0294280439803402,0,0,40,1.0,2,0,0.25,0.01,0.75,50.0,lesion,30.0,0.45,0.2,0.1,0.002,8.0
44,220,0.3934480347676722,0.5,-0.1889078991373716,0.0,0.125,0.0,honeycomb__markov__plastic__intr0__struct0__alpha_async__baseline__s2__41a18707eb,-0.0178729875517391,-0.0157788619404221,0.25,False,0.7123579815822374,0.002,0.016,markov,0.68,honeycomb,30,70,0.9,0.3463710890560671,0.3,0,0.42,0.08,140,0.3915551351652569,0.2,10,1.5300624701281014,2.918094756922731e-18,0.2,plastic,calibration,,False,alpha_async,30,130,180,2,-1,1.0,0.6,0.6,60,0.0052083034163678,0,0,40,1.0,2,0,0.25,0.01,0.75,50.0,baseline,30.0,0.45,0.2,0.1,0.002,8.0
44,220,0.0957867815097092,0.5,0.5436367044220236,0.0,0.125,0.0,honeycomb__markov__plastic__intr0__struct0__alpha_async__lesion__s2__77ba9508d2,0.3819113340978326,0.3006122318118644,0.25,False,0.1782085311905826,0.002,0.016,markov,0.62,honeycomb,30,70,0.9,0.0843319716731522,0.3,0,0.42,0.08,140,0.1053955196509544,0.3,10,0.8738568236880438,8.541210730265125e-18,0.2,plastic,calibration,0.3769888554496433,False,alpha_async,30,130,180,2,-1,1.0,0.6,0.6,60,0.1310031317928489,0,0,40,1.0,2,0,0.25,0.01,0.75,50.0,lesion,30.0,0.45,0.2,0.1,0.002,8.0
44,220,0.397258674933313,0.5,-0.2233175713534365,0.0,0.125,0.2733070535718555,honeycomb__ql__plastic__intr0__struct0__alpha_async__baseline__s2__59ca731e4f,-0.005896176697445,-0.0149905840044273,0.25,False,0.740195206180331,0.002,0.016,ql,0.58,honeycomb,30,70,0.9,0.3342681272380883,0.3,0,0.42,0.08,140,0.3950656342431913,0.4,10,1.4599367927719302,4.1922644108171315e-18,0.2,plastic,calibration,,False,alpha_async,30,130,180,2,-1,1.0,0.6,0.6,60,0.0062400564803067,0,0,40,1.0,2,0,0.25,0.01,0.75,50.0,baseline,30.0,0.45,0.2,0.1,0.002,8.0
44,220,0.2825933939012756,0.5,0.2275486002392866,0.0,0.125,0.4088283669335581,honeycomb__ql__plastic__intr0__struct0__alpha_async__lesion__s2__141c8af1e0,0.1238756405772992,0.1191787716332173,0.25,False,0.6317966385336325,0.002,0.016,ql,0.58,honeycomb,30,70,0.9,0.2049705609604603,0.3,0,0.42,0.08,140,0.2462810673046195,0.2,10,1.4756252216514525,4.478192781498135e-18,0.2,plastic,calibration,0.1249986771744999,False,alpha_async,30,130,180,2,-1,1.0,0.6,0.6,60,0.1242999586886164,0,0,40,1.0,2,0,0.25,0.01,0.75,50.0,lesion,30.0,0.45,0.2,0.1,0.002,8.0
44,220,0.4775694808281383,0.5,-0.0467617439704034,0.0,0.125,0.0,extended_moore_r2__markov__plastic__intr0__struct0__alpha_async__baseline__s1__a90c63936a,-0.0098646909728836,0.0059850554500126,0.25,False,0.82917253504645,0.002,0.016,markov,0.68,extended_moore_r2,30,70,0.9,0.2612055571607819,0.3,0,0.42,0.08,140,0.4399390963072764,0.3,10,0.7290509035807898,4.891597874291733e-18,0.2,plastic,calibration,,False,alpha_async,30,130,180,1,-1,1.0,0.6,0.6,60,0.0054696662156457,0,0,40,1.0,2,0,0.25,0.01,0.75,50.0,baseline,30.0,0.45,0.2,0.1,0.002,8.0
44,220,0.3799309495396653,0.5,0.0293874396370452,0.0,0.125,0.0,extended_moore_r2__markov__plastic__intr0__struct0__alpha_async__lesion__s1__344cd9126e,0.0291539572467786,0.0066292044930534,0.25,False,0.6911536266502069,0.002,0.016,markov,0.62,extended_moore_r2,30,70,0.9,0.288124207608753,0.3,0,0.42,0.08,140,0.2872261033032681,0.4,10,0.975003042240206,6.103260955901155e-18,0.2,plastic,calibration,-0.0184582198288531,False,alpha_async,30,130,180,1,-1,1.0,0.6,0.6,60,0.0563591280832674,0,0,40,0.9956955922865014,2,0,0.25,0.01,0.75,50.0,lesion,30.0,0.45,0.2,0.1,0.002,8.0
44,220,0.4056853961510582,0.5,-0.2372611204197769,0.0,0.125,0.1820497897939732,extended_moore_r2__ql__plastic__intr0__struct0__alpha_async__baseline__s1__68440cf537,0.0207160319871109,-0.0084472442873145,0.25,False,0.7448625372822438,0.002,0.016,ql,0.62,extended_moore_r2,30,70,0.9,0.3350679987756326,0.3,0,0.42,0.08,140,0.4099301185693715,0.2,10,0.5590102463583027,3.992637023712623e-18,0.2,plastic,calibration,,False,alpha_async,30,130,180,1,-1,1.0,0.6,0.6,60,0.0908481323944214,0,0,40,0.992316632231405,2,0,0.25,0.01,0.75,50.0,baseline,30.0,0.45,0.2,0.1,0.002,8.0
44,220,0.4130922244466086,0.5,-0.2712791024345793,0.0,0.125,0.2140025659212021,extended_moore_r2__ql__plastic__intr0__struct0__alpha_async__lesion__s1__4956a2c229,-0.0071328055581924,-0.026270438675413,0.25,False,0.719210733009522,0.002,0.016,ql,0.58,extended_moore_r2,30,70,0.9,0.3637992333322247,0.3,0,0.42,0.08,140,0.3618129580717826,0.3,10,0.6379017124125128,4.482623703443301e-18,0.2,plastic,calibration,-0.0087870608267735,False,alpha_async,30,130,180,1,-1,1.0,0.6,0.6,60,0.0977238041134984,0,0,40,0.9927901170798898,2,0,0.25,0.01,0.75,50.0,lesion,30.0,0.45,0.2,0.1,0.002,8.0
44,220,0.4804715183081658,0.5,-0.0411141778409582,0.0,0.125,0.1648327934908129,extended_moore_r2__ql__plastic__intr0__struct0__alpha_async__lesion__s2__57bb9f9ee6,-0.00469202787452,-0.0111261895574968,0.25,False,0.8312456128303184,0.002,0.016,ql,0.68,extended_moore_r2,30,70,0.9,0.2576168330822088,0.3,0,0.42,0.08,140,0.3864751632669599,0.4,10,0.724441020457322,4.2387819268684014e-18,0.2,plastic,calibration,-0.0059565453848906,False,alpha_async,30,130,180,2,-1,1.0,0.6,0.6,60,0.0045360860090578,0,0,40,0.9986225895316804,2,0,0.25,0.01,0.75,50.0,lesion,30.0,0.45,0.2,0.1,0.002,8.0
44,220,0.4800768444417319,0.5,-0.0473129982143037,0.0,0.125,0.0,extended_hex_r2__markov__plastic__intr0__struct0__alpha_async__baseline__s2__4c7bf9a2d0,-0.0017350256840697,-0.0056470099176869,0.25,False,0.8421115488096581,0.002,0.016,markov,0.68,extended_hex_r2,30,70,0.9,0.2524092904505907,0.3,0,0.42,0.08,140,0.4413302449829035,0.2,10,0.7503585137990434,3.822435642076265e-18,0.2,plastic,calibration,,False,alpha_async,30,130,180,2,-1,1.0,0.6,0.6,60,0.005370399714444,0,0,40,1.0,2,0,0.25,0.01,0.75,50.0,baseline,30.0,0.45,0.2,0.1,0.002,8.0
44,220,0.4410775075957912,0.5,0.0747633407851679,0.0,0.125,0.0,extended_hex_r2__markov__plastic__intr0__struct0__alpha_async__lesion__s2__eb19e1592b,-0.0231813554717163,-0.0163493039603632,0.25,False,0.8718715094367093,0.002,0.016,markov,0.62,extended_hex_r2,30,70,0.9,0.2009135067399561,0.3,0,0.42,0.08,140,0.337702394141833,0.3,10,0.8199754459419677,4.398256961866266e-18,0.2,plastic,calibration,-0.0066131796193398,False,alpha_async,30,130,180,2,-1,1.0,0.6,0.6,60,0.020364568417365,0,0,40,0.9999426078971534,2,0,0.25,0.01,0.75,50.0,lesion,30.0,0.45,0.2,0.1,0.002,8.0
44,220,0.4621742660287351,0.5,-0.0841701899664774,0.0,0.125,0.1307675256030246,extended_hex_r2__ql__plastic__intr0__struct0__alpha_async__baseline__s2__e3a0914df8,0.0003757299009998,-0.0017378222693199,0.25,False,0.9123697889670505,0.002,0.016,ql,0.58,extended_hex_r2,30,70,0.9,0.1920576567083715,0.3,0,0.42,0.08,140,0.4372811343224665,0.4,10,0.664925167423427,4.102723399491049e-18,0.2,plastic,calibration,,False,alpha_async,30,130,180,2,-1,1.0,0.6,0.6,60,0.0137829583384593,0,0,40,1.0,2,0,0.25,0.01,0.75,50.0,baseline,30.0,0.45,0.2,0.1,0.002,8.0
44,220,0.4618302432233082,0.5,-0.087562872247625,0.0,0.125,0.167833476727958,extended_hex_r2__ql__plastic__intr0__struct0__alpha_async__lesion__s2__6e4d98237d,0.001728012324443,-0.0046365915710084,0.25,False,0.911795496779818,0.002,0.016,ql,0.58,extended_hex_r2,30,70,0.9,0.1926826676940112,0.3,0,0.42,0.08,140,0.3879178494924115,0.2,10,0.6595481389300807,3.943919931037995e-18,0.2,plastic,calibration,0.0091152287793529,False,alpha_async,30,130,180,2,-1,1.0,0.6,0.6,60,0.0108314288653011,0,0,40,1.0,2,0,0.25,0.01,0.75,50.0,lesion,30.0,0.45,0.2,0.1,0.002,8.0
