L,T,activity_late,alpha_async,autocorr_late,bias_mean_late,block_fraction,coherence_late,config_id,corr_A_late,corr_B_late,dephase,diagonal_ablation,entropy_late,eta_intrinsic,eta_weight,formalism,gamma,geometry,imprint_duration,imprint_start,imprint_strength,interface_density_late,intrinsic_bias_limit,intrinsic_enabled,intrinsic_target_activity,lesion_fraction,lesion_time,memory_mean_late,memory_strength,metric_stride,neighbor_pattern_entropy_late,orientation_anisotropy_late,p0,plasticity,profile,repair_reference_corr,save_dense,schedule,second_imprint_duration,second_imprint_start,second_lesion_time,seed,sensitivity_point,sequential_events_per_sweep,sigma_birth,sigma_survive,snapshot_every,spectral_peak_fraction_late,structural_additions_total,structural_enabled,structural_interval,structural_link_fraction_late,structural_min_degree,structural_removals_total,structural_rewire_probability,structural_swap_tolerance,structural_target_fraction,structural_utility_tau,task,tau_memory,theta_input,theta_memory,theta_phase,weight_decay,weight_sum
72,500,0.1456338034595706,0.5,0.5696812185387599,0.0,0.125,0.0,square_vn__markov__plastic__intr0__struct0__synchronous__lesion__s1__d0278d8997,0.2489194225560408,0.2383011476613704,0.25,False,0.2813533516938508,0.003,0.016,markov,0.68,square_vn,50,100,0.9,0.1125358667183135,0.3,0,0.42,0.08,280,0.147202578615406,0.2,20,1.1370127483362304,2.6769529834687644e-18,0.2,plastic,secondary,0.2157357090127082,False,synchronous,50,250,390,1,-1,1.0,0.6,0.6,100,0.1000711320163793,0,0,35,1.0,2,0,0.55,0.0,0.75,35.0,lesion,30.0,0.45,0.2,0.1,0.002,8.0
72,500,0.3902880254476933,0.5,-0.2763198741611378,0.1898549806880971,0.125,0.0,square_vn__markov__plastic__intr1__struct0__block_async__lesion__s1__55d6c22ee6,0.0109780662500884,0.0190571409083818,0.25,False,0.7292576164258415,0.003,0.016,markov,0.68,square_vn,50,100,0.9,0.3527416605071432,0.3,1,0.42,0.08,280,0.3894578782890698,0.2,20,1.4599535856422916,1.790168407078884e-18,0.2,plastic,secondary,0.0035380182492712,False,block_async,50,250,390,1,-1,1.0,0.6,0.6,100,0.0029859580288853,0,0,35,1.0,2,0,0.55,0.0,0.75,35.0,lesion,30.0,0.45,0.2,0.1,0.002,8.0
72,500,0.3852031869477698,0.5,-0.128208890014277,0.0,0.125,0.2913939012859302,square_vn__ql__plastic__intr0__struct1__alpha_async__lesion__s1__ec5851755f,-0.0054538887946921,-0.0026299677540823,0.25,False,0.7172336888171138,0.003,0.016,ql,0.68,square_vn,50,100,0.9,0.3272917368538734,0.3,0,0.42,0.08,280,0.374725037971041,0.2,20,1.3931362563396013,2.4268252578773898e-18,0.2,plastic,secondary,-0.0003525672343026,False,alpha_async,50,250,390,1,-1,1.0,0.6,0.6,100,0.0023347785569129,22396,1,35,0.75,2,22396,0.55,0.0,0.75,35.0,lesion,30.0,0.45,0.2,0.1,0.002,8.0
72,500,0.4125276553248337,0.5,0.3423780085018599,0.0,0.125,0.0,square_moore__markov__plastic__intr0__struct0__synchronous__lesion__s1__76b4da193c,-0.0038616966190235,-0.0191513609250208,0.25,False,0.8486049419116686,0.003,0.016,markov,0.68,square_moore,50,100,0.9,0.1764097232506572,0.3,0,0.42,0.08,280,0.4157849337774084,0.2,20,1.2484325372523082,2.8211252185760667e-18,0.2,plastic,secondary,0.0304217287097252,False,synchronous,50,250,390,1,-1,1.0,0.6,0.6,100,0.0043171759398689,0,0,35,1.0,2,0,0.55,0.0,0.75,35.0,lesion,30.0,0.45,0.2,0.1,0.002,8.0
72,500,0.3799568062228798,0.5,-0.3654492962603637,0.0885355034113692,0.125,0.0,square_moore__markov__plastic__intr1__struct0__block_async__lesion__s1__9af2a41f0d,0.0227078334926467,0.0142572953468958,0.25,False,0.5817180040548718,0.003,0.016,markov,0.68,square_moore,50,100,0.9,0.452742883244848,0.3,1,0.42,0.08,280,0.3794232768961798,0.2,20,1.512156564086317,2.7431056999579105e-18,0.2,plastic,secondary,0.0207021062222063,False,block_async,50,250,390,1,-1,1.0,0.6,0.6,100,0.0288150642779541,0,0,35,0.9976128472222222,2,0,0.55,0.0,0.75,35.0,lesion,30.0,0.45,0.2,0.1,0.002,8.0
72,500,0.3897246357854484,0.5,-0.3327639543460796,0.0,0.125,0.2753844340720377,square_moore__ql__plastic__intr0__struct1__alpha_async__lesion__s1__d382b2e2d6,-0.0017821386920133,0.0048278580491059,0.25,False,0.5640403645000125,0.003,0.016,ql,0.68,square_moore,50,100,0.9,0.4637680090928565,0.3,0,0.42,0.08,280,0.389939623664273,0.2,20,1.5022866387494958,3.168298735469763e-18,0.2,plastic,secondary,0.0102802411937975,False,alpha_async,50,250,390,1,-1,1.0,0.6,0.6,100,0.0156335682021195,29237,1,35,0.75,2,29237,0.55,0.0,0.75,35.0,lesion,30.0,0.45,0.2,0.1,0.002,8.0
72,500,0.4478155004441859,0.5,-0.2849583831072703,0.0,0.125,0.0,hex_cells__markov__plastic__intr0__struct0__synchronous__lesion__s1__648f1d6c23,-0.002068330962902,-0.0002528544352853,0.25,False,0.6656094407640631,0.003,0.016,markov,0.68,hex_cells,50,100,0.9,0.3966341918016667,0.3,0,0.42,0.08,280,0.4456057301833348,0.2,20,1.332867255166838,2.0917360596008973e-18,0.2,plastic,secondary,0.000175495201278,False,synchronous,50,250,390,1,-1,1.0,0.6,0.6,100,0.0211976879276242,0,0,35,1.0,2,0,0.55,0.0,0.75,35.0,lesion,30.0,0.45,0.2,0.1,0.002,8.0
72,500,0.4108376052670172,0.5,-0.3128401713622007,0.0900312271882694,0.125,0.0,hex_cells__markov__plastic__intr1__struct0__block_async__lesion__s1__c599913c31,0.0271186300527604,0.0162171113989743,0.25,False,0.6300742083154167,0.003,0.016,markov,0.68,hex_cells,50,100,0.9,0.4252418650609219,0.3,1,0.42,0.08,280,0.412973911678782,0.2,20,1.2902750548198794,1.8324915742100385e-18,0.2,plastic,secondary,0.0216659004206257,False,block_async,50,250,390,1,-1,1.0,0.6,0.6,100,0.0066680471802454,0,0,35,0.9999678497942388,2,0,0.55,0.0,0.75,35.0,lesion,30.0,0.45,0.2,0.1,0.002,8.0
72,500,0.4192897099336494,0.5,-0.2000344267172292,0.0,0.125,0.2302124554893427,hex_cells__ql__plastic__intr0__struct1__alpha_async__lesion__s1__fa24eab7e2,0.000652347982302,-0.0008201129158285,0.25,False,0.6991306828925494,0.003,0.016,ql,0.68,hex_cells,50,100,0.9,0.3693963466776493,0.3,0,0.42,0.08,280,0.4151095486243224,0.2,20,1.0745159085934612,2.7679535273953183e-18,0.2,plastic,secondary,0.0044139523512726,False,alpha_async,50,250,390,1,-1,1.0,0.6,0.6,100,0.0021529100159667,31048,1,35,0.6666666666666666,2,31048,0.55,0.0,0.75,35.0,lesion,30.0,0.45,0.2,0.1,0.002,8.0
72,500,0.2569964711579838,0.5,0.4030921841891749,0.0,0.125,0.0,honeycomb__markov__plastic__intr0__struct0__synchronous__lesion__s1__8bb9dd310e,0.1447514493341848,0.1225656700616862,0.25,False,0.4870293605814659,0.003,0.016,markov,0.68,honeycomb,50,100,0.9,0.2003805114875623,0.3,0,0.42,0.08,280,0.2611004530685553,0.2,20,1.5107914195065058,1.8737076734611762e-18,0.2,plastic,secondary,0.1355502853737867,False,synchronous,50,250,390,1,-1,1.0,0.6,0.6,100,0.1655772797773527,0,0,35,1.0,2,0,0.55,0.0,0.75,35.0,lesion,30.0,0.45,0.2,0.1,0.002,8.0
72,500,0.3870788309606106,0.5,-0.2595884883209785,0.1900659065267228,0.125,0.0,honeycomb__markov__plastic__intr1__struct0__block_async__lesion__s1__4e8d4e2bf5,0.0151929827794271,0.0159569723949536,0.25,False,0.7140305747937103,0.003,0.016,markov,0.68,honeycomb,50,100,0.9,0.3550598211261638,0.3,1,0.42,0.08,280,0.3888126268086282,0.2,20,1.5338519908769483,1.2709279619618857e-18,0.2,plastic,secondary,0.0357661924582114,False,block_async,50,250,390,1,-1,1.0,0.6,0.6,100,0.0032861316074137,0,0,35,1.0,2,0,0.55,0.0,0.75,35.0,lesion,30.0,0.45,0.2,0.1,0.002,8.0
72,500,0.3193404804496019,0.5,0.0663663945260944,0.0,0.125,0.3859296598527828,honeycomb__ql__plastic__intr0__struct1__alpha_async__lesion__s1__c98d5ed759,-0.0043440225218784,0.0020455925139326,0.25,False,0.6602531518766017,0.003,0.016,ql,0.68,honeycomb,50,100,0.9,0.2714362919346555,0.3,0,0.42,0.08,280,0.316343821196716,0.2,20,1.436739648662067,2.249605847292303e-18,0.2,plastic,secondary,0.0040849915531102,False,alpha_async,50,250,390,1,-1,1.0,0.6,0.6,100,0.0018341585196075,19008,1,35,0.6666666666666666,2,19008,0.55,0.0,0.75,35.0,lesion,30.0,0.45,0.2,0.1,0.002,8.0
72,500,0.0241839027190689,0.5,0.7607252492017356,0.0,0.125,0.0,extended_moore_r2__markov__plastic__intr0__struct0__synchronous__lesion__s1__6e0daa4454,0.1517617122211813,0.2295420240253169,0.25,False,0.0495650099610802,0.003,0.016,markov,0.68,extended_moore_r2,50,100,0.9,0.0144314247909704,0.3,0,0.42,0.08,280,0.0237943236022331,0.2,20,0.2970363653782958,1.597275038155222e-17,0.2,plastic,secondary,0.150053706833094,False,synchronous,50,250,390,1,-1,1.0,0.6,0.6,100,0.0418313490505528,0,0,35,0.9786361882716048,2,0,0.55,0.0,0.75,35.0,lesion,30.0,0.45,0.2,0.1,0.002,8.0
72,500,0.2779398834315014,0.5,-0.1838555939086326,0.1593405019523357,0.125,0.0,extended_moore_r2__markov__plastic__intr1__struct0__block_async__lesion__s1__ff7c771f85,0.0341493709560595,-0.0009821063446416,0.25,False,0.6329147070946968,0.003,0.016,markov,0.68,extended_moore_r2,50,100,0.9,0.2730172371916468,0.3,1,0.42,0.08,280,0.2761570634827456,0.2,20,0.876811361099098,3.583312492438926e-18,0.2,plastic,secondary,0.0320590865777487,False,block_async,50,250,390,1,-1,1.0,0.6,0.6,100,0.100196293964082,0,0,35,0.8389837319958847,2,0,0.55,0.0,0.75,35.0,lesion,30.0,0.45,0.2,0.1,0.002,8.0
72,500,0.4637982344948679,0.5,-0.0599120724488177,0.0,0.125,0.1356967002384588,extended_moore_r2__ql__plastic__intr0__struct1__alpha_async__lesion__s1__a34c58192c,-0.0032566176385694,-0.0237357922764032,0.25,False,0.8302996763993136,0.003,0.016,ql,0.68,extended_moore_r2,50,100,0.9,0.2653048551631645,0.3,0,0.42,0.08,280,0.4329325896735524,0.2,20,0.8202190953328671,2.814185517446033e-18,0.2,plastic,secondary,0.0410709197695302,False,alpha_async,50,250,390,1,-1,1.0,0.6,0.6,100,0.005200035397878,39796,1,35,0.7495418595679012,2,39177,0.55,0.0,0.75,35.0,lesion,30.0,0.45,0.2,0.1,0.002,8.0
72,500,0.4207804926390494,0.5,0.4428687199850819,0.0,0.125,0.0,extended_hex_r2__markov__plastic__intr0__struct0__synchronous__lesion__s1__b85b55653c,-0.0297183700287631,0.0150517991767595,0.25,False,0.8663740379418436,0.003,0.016,markov,0.68,extended_hex_r2,50,100,0.9,0.1514639736250049,0.3,0,0.42,0.08,280,0.4158226348998021,0.2,20,1.2302075139556146,3.694762013666573e-18,0.2,plastic,secondary,-0.0173073893561238,False,synchronous,50,250,390,1,-1,1.0,0.6,0.6,100,0.0112525402106999,0,0,35,0.9900548696844992,2,0,0.55,0.0,0.75,35.0,lesion,30.0,0.45,0.2,0.1,0.002,8.0
72,500,0.3627563666626222,0.5,-0.159906698690087,0.1036918219877455,0.125,0.0,extended_hex_r2__markov__plastic__intr1__struct0__block_async__lesion__s1__e735695964,0.0369187483365857,-0.0003148466117566,0.25,False,0.7516021528556176,0.003,0.016,markov,0.68,extended_hex_r2,50,100,0.9,0.2777109190921691,0.3,1,0.42,0.08,280,0.3601506444822702,0.2,20,0.1665058676945629,2.6394066101502905e-18,0.2,plastic,secondary,0.0409495214196865,False,block_async,50,250,390,1,-1,1.0,0.6,0.6,100,0.0203671735688834,0,0,35,0.955761316872428,2,0,0.55,0.0,0.75,35.0,lesion,30.0,0.45,0.2,0.1,0.002,8.0
72,500,0.438410144755482,0.5,-0.0315015309807035,0.0,0.125,0.1356455176974581,extended_hex_r2__ql__plastic__intr0__struct1__alpha_async__lesion__s1__3ced65ea5f,0.0171556186759141,0.0073542124757261,0.25,False,0.8420024315567186,0.003,0.016,ql,0.68,extended_hex_r2,50,100,0.9,0.2495734779927941,0.3,0,0.42,0.08,280,0.4408131741167612,0.2,20,0.655105059436643,2.3738766920924075e-18,0.2,plastic,secondary,-0.0209283728719403,False,alpha_async,50,250,390,1,-1,1.0,0.6,0.6,100,0.0095434728035311,39335,1,35,0.777724194101509,2,39296,0.55,0.0,0.75,35.0,lesion,30.0,0.45,0.2,0.1,0.002,8.0
72,500,0.4174214329674444,0.5,0.4036335055833662,0.0,0.125,0.0,honeycomb_nnn__markov__plastic__intr0__struct0__synchronous__lesion__s1__1a2b8eae63,-0.0223552255236034,-0.0320860393443326,0.25,False,0.8605479174997331,0.003,0.016,markov,0.68,honeycomb_nnn,50,100,0.9,0.1617250556049689,0.3,0,0.42,0.08,280,0.4150579424880553,0.2,20,1.2082339391794727,2.5616162034451257e-18,0.2,plastic,secondary,-0.0477811051350305,False,synchronous,50,250,390,1,-1,1.0,0.6,0.6,100,0.0062456399863363,0,0,35,1.0,2,0,0.55,0.0,0.75,35.0,lesion,30.0,0.45,0.2,0.1,0.002,8.0
72,500,0.3796813421893593,0.5,-0.2201072639202363,0.1083321323396347,0.125,0.0,honeycomb_nnn__markov__plastic__intr1__struct0__block_async__lesion__s1__e005a7cd0f,0.0217976823932552,0.0090354251302168,0.25,False,0.74287869104678,0.003,0.016,markov,0.68,honeycomb_nnn,50,100,0.9,0.3209164324475558,0.3,1,0.42,0.08,280,0.3810315639753561,0.2,20,0.6651075984581891,2.5625833309907077e-18,0.2,plastic,secondary,0.0166180364448649,False,block_async,50,250,390,1,-1,1.0,0.6,0.6,100,0.02688857926044,0,0,35,0.9980924211248284,2,0,0.55,0.0,0.75,35.0,lesion,30.0,0.45,0.2,0.1,0.002,8.0
72,500,0.410236261705274,0.5,-0.2208874033985391,0.0,0.125,0.2239600603340839,honeycomb_nnn__ql__plastic__intr0__struct1__alpha_async__lesion__s1__315b4ee5fd,0.0072145391616506,0.0095711368274445,0.25,False,0.6383068236582421,0.003,0.016,ql,0.68,honeycomb_nnn,50,100,0.9,0.4053451406421923,0.3,0,0.42,0.08,280,0.4111693307742891,0.2,20,0.964460354130307,1.8567598357731124e-18,0.2,plastic,secondary,0.0148627758100831,False,alpha_async,50,250,390,1,-1,1.0,0.6,0.6,100,0.0089681306626404,33185,1,35,0.7777777777777778,2,33185,0.55,0.0,0.75,35.0,lesion,30.0,0.45,0.2,0.1,0.002,8.0
72,500,0.1354407195763859,0.5,0.5669113097260918,0.0,0.125,0.0,square_vn__markov__plastic__intr0__struct0__synchronous__lesion__s2__a8c92dfc42,0.2526379270128157,0.2454465505986797,0.25,False,0.2595483794414076,0.003,0.016,markov,0.68,square_vn,50,100,0.9,0.1066943784112432,0.3,0,0.42,0.08,280,0.1376869497736985,0.2,20,1.0937063676895125,3.393953579000289e-18,0.2,plastic,secondary,0.209758012336553,False,synchronous,50,250,390,2,-1,1.0,0.6,0.6,100,0.0930456896059934,0,0,35,1.0,2,0,0.55,0.0,0.75,35.0,lesion,30.0,0.45,0.2,0.1,0.002,8.0
72,500,0.3889437517478694,0.5,-0.2824456545516297,0.1882592470579301,0.125,0.0,square_vn__markov__plastic__intr1__struct0__block_async__lesion__s2__6f06630800,0.0131778563715777,0.0098976971035923,0.25,False,0.7268517810210808,0.003,0.016,markov,0.68,square_vn,50,100,0.9,0.3555543790123683,0.3,1,0.42,0.08,280,0.3894282806538182,0.2,20,1.4757664348844162,1.8955166106466653e-18,0.2,plastic,secondary,0.0170048380759566,False,block_async,50,250,390,2,-1,1.0,0.6,0.6,100,0.0027852910241224,0,0,35,1.0,2,0,0.55,0.0,0.75,35.0,lesion,30.0,0.45,0.2,0.1,0.002,8.0
72,500,0.3843460688779841,0.5,-0.121800304470881,0.0,0.125,0.2926089043368856,square_vn__ql__plastic__intr0__struct1__alpha_async__lesion__s2__3cc98df5f2,-0.0067766205819194,0.0011343116821804,0.25,False,0.7171250877136387,0.003,0.016,ql,0.68,square_vn,50,100,0.9,0.3264683730201053,0.3,0,0.42,0.08,280,0.3748971041716074,0.2,20,1.3987871907250782,1.651982498823974e-18,0.2,plastic,secondary,-0.0049934666583872,False,alpha_async,50,250,390,2,-1,1.0,0.6,0.6,100,0.0020463303611269,22363,1,35,0.75,2,22363,0.55,0.0,0.75,35.0,lesion,30.0,0.45,0.2,0.1,0.002,8.0
72,500,0.4108467391385473,0.5,0.3471124547093054,0.0,0.125,0.0,square_moore__markov__plastic__intr0__struct0__synchronous__lesion__s2__31b51ecddd,-0.00907385375644,0.0134083227096682,0.25,False,0.850516548350925,0.003,0.016,markov,0.68,square_moore,50,100,0.9,0.1736058283017052,0.3,0,0.42,0.08,280,0.4167514295003199,0.2,20,1.2458824032855318,2.343923600232813e-18,0.2,plastic,secondary,-0.0211460056899828,False,synchronous,50,250,390,2,-1,1.0,0.6,0.6,100,0.0047167206762294,0,0,35,1.0,2,0,0.55,0.0,0.75,35.0,lesion,30.0,0.45,0.2,0.1,0.002,8.0
72,500,0.3796543412418506,0.5,-0.3692760102779332,0.0892701959512977,0.125,0.0,square_moore__markov__plastic__intr1__struct0__block_async__lesion__s2__59e904781e,0.0164404665876994,0.0056325492525113,0.25,False,0.5841567730488915,0.003,0.016,markov,0.68,square_moore,50,100,0.9,0.4530183690491943,0.3,1,0.42,0.08,280,0.379932599931346,0.2,20,1.5215786048145563,2.799099508786376e-18,0.2,plastic,secondary,0.0190624620835658,False,block_async,50,250,390,2,-1,1.0,0.6,0.6,100,0.0589514080248873,0,0,35,0.997709297839506,2,0,0.55,0.0,0.75,35.0,lesion,30.0,0.45,0.2,0.1,0.002,8.0
72,500,0.3897761960258653,0.5,-0.3326232718640784,0.0,0.125,0.2755433324016145,square_moore__ql__plastic__intr0__struct1__alpha_async__lesion__s2__951f7113da,-0.0043167402506627,0.00023316967016,0.25,False,0.5625329371110749,0.003,0.016,ql,0.68,square_moore,50,100,0.9,0.4640933171768829,0.3,0,0.42,0.08,280,0.3883563655717528,0.2,20,1.4987375088923818,2.4480262660002946e-18,0.2,plastic,secondary,-0.0078864912737118,False,alpha_async,50,250,390,2,-1,1.0,0.6,0.6,100,0.0254742014416222,29136,1,35,0.75,2,29136,0.55,0.0,0.75,35.0,lesion,30.0,0.45,0.2,0.1,0.002,8.0
72,500,0.4426576094517493,0.5,-0.2811541594126504,0.0,0.125,0.0,hex_cells__markov__plastic__intr0__struct0__synchronous__lesion__s2__d4bf5a63b8,0.0021157980323525,0.0005202797540617,0.25,False,0.6734183922930004,0.003,0.016,markov,0.68,hex_cells,50,100,0.9,0.3908726607851414,0.3,0,0.42,0.08,280,0.4424920814122867,0.2,20,1.3181644157024357,2.2742833393483937e-18,0.2,plastic,secondary,0.0065534968995417,False,synchronous,50,250,390,2,-1,1.0,0.6,0.6,100,0.0231054143788283,0,0,35,1.0,2,0,0.55,0.0,0.75,35.0,lesion,30.0,0.45,0.2,0.1,0.002,8.0
72,500,0.4124381327434238,0.5,-0.3136957846738479,0.0895663895785954,0.125,0.0,hex_cells__markov__plastic__intr1__struct0__block_async__lesion__s2__f74f656bd2,0.0274483581545407,0.0097406419025657,0.25,False,0.6338217566122406,0.003,0.016,markov,0.68,hex_cells,50,100,0.9,0.4240410520731766,0.3,1,0.42,0.08,280,0.4115121820631272,0.2,20,1.2872259884413702,1.858014527941231e-18,0.2,plastic,secondary,0.0146694688439735,False,block_async,50,250,390,2,-1,1.0,0.6,0.6,100,0.0076241887288836,0,0,35,0.9999356995884774,2,0,0.55,0.0,0.75,35.0,lesion,30.0,0.45,0.2,0.1,0.002,8.0
72,500,0.4219735032370984,0.5,-0.1980798311519685,0.0,0.125,0.23122311233652,hex_cells__ql__plastic__intr0__struct1__alpha_async__lesion__s2__6f2c393e7a,-0.0039734962201141,-0.0058328864512833,0.25,False,0.6996952597766131,0.003,0.016,ql,0.68,hex_cells,50,100,0.9,0.3692417882214728,0.3,0,0.42,0.08,280,0.4154783031953237,0.2,20,1.070975085612345,2.0322951224981244e-18,0.2,plastic,secondary,-0.0042381814881952,False,alpha_async,50,250,390,2,-1,1.0,0.6,0.6,100,0.0021571621801871,31371,1,35,0.6666666666666666,2,31371,0.55,0.0,0.75,35.0,lesion,30.0,0.45,0.2,0.1,0.002,8.0
72,500,0.2522852218063537,0.5,0.4040030878444559,0.0,0.125,0.0,honeycomb__markov__plastic__intr0__struct0__synchronous__lesion__s2__36e4b753f0,0.1522118961683352,0.1352073016835721,0.25,False,0.4785548591158476,0.003,0.016,markov,0.68,honeycomb,50,100,0.9,0.1979425154546761,0.3,0,0.42,0.08,280,0.2574194289746502,0.2,20,1.5020321769681249,1.946905737387847e-18,0.2,plastic,secondary,0.1366456503975635,False,synchronous,50,250,390,2,-1,1.0,0.6,0.6,100,0.1743238358668714,0,0,35,1.0,2,0,0.55,0.0,0.75,35.0,lesion,30.0,0.45,0.2,0.1,0.002,8.0
72,500,0.3905070907261988,0.5,-0.2590577937972754,0.1839308406843243,0.125,0.0,honeycomb__markov__plastic__intr1__struct0__block_async__lesion__s2__b4e451f683,0.0090310989275062,0.0067443177017325,0.25,False,0.7139278070397288,0.003,0.016,markov,0.68,honeycomb,50,100,0.9,0.3561052310525551,0.3,1,0.42,0.08,280,0.3898443807927669,0.2,20,1.5267023146243628,1.0188332265955588e-18,0.2,plastic,secondary,-0.0204760331162732,False,block_async,50,250,390,2,-1,1.0,0.6,0.6,100,0.0030628470920796,0,0,35,1.0,2,0,0.55,0.0,0.75,35.0,lesion,30.0,0.45,0.2,0.1,0.002,8.0
72,500,0.3208913587171511,0.5,0.0714142269969731,0.0,0.125,0.384440235249262,honeycomb__ql__plastic__intr0__struct1__alpha_async__lesion__s2__02b62f833b,0.000867111565715,0.0015154357249793,0.25,False,0.6633075741578212,0.003,0.016,ql,0.68,honeycomb,50,100,0.9,0.2708347666092797,0.3,0,0.42,0.08,280,0.3164616784921399,0.2,20,1.4327131146230043,2.405120820109703e-18,0.2,plastic,secondary,0.0011723803985937,False,alpha_async,50,250,390,2,-1,1.0,0.6,0.6,100,0.0016059382458697,19527,1,35,0.6666666666666666,2,19527,0.55,0.0,0.75,35.0,lesion,30.0,0.45,0.2,0.1,0.002,8.0
72,500,0.0094395978451616,0.5,0.6524698394877675,0.0,0.125,0.0,extended_moore_r2__markov__plastic__intr0__struct0__synchronous__lesion__s2__1c5f799821,0.019548679652391,0.1512522161289928,0.25,False,0.0196623804384606,0.003,0.016,markov,0.68,extended_moore_r2,50,100,0.9,0.007389917351071,0.3,0,0.42,0.08,280,0.0101495407143745,0.2,20,0.1215366249952297,2.4307525278943237e-17,0.2,plastic,secondary,0.0402220295967606,False,synchronous,50,250,390,2,-1,1.0,0.6,0.6,100,0.0183160860508492,0,0,35,0.9786844135802468,2,0,0.55,0.0,0.75,35.0,lesion,30.0,0.45,0.2,0.1,0.002,8.0
72,500,0.279567303580999,0.5,-0.1835300145382572,0.1594278714229536,0.125,0.0,extended_moore_r2__markov__plastic__intr1__struct0__block_async__lesion__s2__9ddde5ff94,0.0371073795906058,-0.0032746180357324,0.25,False,0.6398935249675838,0.003,0.016,markov,0.68,extended_moore_r2,50,100,0.9,0.2708981503753666,0.3,1,0.42,0.08,280,0.2771380639728643,0.2,20,0.8697290276602457,5.4204353606491444e-18,0.2,plastic,secondary,0.0383582574829182,False,block_async,50,250,390,2,-1,1.0,0.6,0.6,100,0.0883406593419863,0,0,35,0.8407600308641975,2,0,0.55,0.0,0.75,35.0,lesion,30.0,0.45,0.2,0.1,0.002,8.0
72,500,0.4531839388427602,0.5,-0.0515914758106818,0.0,0.125,0.1427421778889086,extended_moore_r2__ql__plastic__intr0__struct1__alpha_async__lesion__s2__6c86619de2,-0.0058817126687149,-0.0005416209138073,0.25,False,0.8249446889278037,0.003,0.016,ql,0.68,extended_moore_r2,50,100,0.9,0.2662412332434429,0.3,0,0.42,0.08,280,0.423724226636666,0.2,20,0.8091521679433245,3.3441931670660513e-18,0.2,plastic,secondary,-0.0091778347140128,False,alpha_async,50,250,390,2,-1,1.0,0.6,0.6,100,0.0069071691319562,39835,1,35,0.7491560570987654,2,39030,0.55,0.0,0.75,35.0,lesion,30.0,0.45,0.2,0.1,0.002,8.0
72,500,0.4127356647419057,0.5,0.4306420952517042,0.0,0.125,0.0,extended_hex_r2__markov__plastic__intr0__struct0__synchronous__lesion__s2__c09a7f2065,-0.0220991613688768,0.0007471796839353,0.25,False,0.8608229496394728,0.003,0.016,markov,0.68,extended_hex_r2,50,100,0.9,0.1535270342333684,0.3,0,0.42,0.08,280,0.4143409236607094,0.2,20,1.202696496895916,3.034887518328171e-18,0.2,plastic,secondary,-0.013078980401153,False,synchronous,50,250,390,2,-1,1.0,0.6,0.6,100,0.0098345320421721,0,0,35,0.989690500685871,2,0,0.55,0.0,0.75,35.0,lesion,30.0,0.45,0.2,0.1,0.002,8.0
72,500,0.35706123398409,0.5,-0.1552462046642709,0.1066974724696377,0.125,0.0,extended_hex_r2__markov__plastic__intr1__struct0__block_async__lesion__s2__99f0198cb8,0.0319118687179527,0.0073121987691932,0.25,False,0.7506859966406461,0.003,0.016,markov,0.68,extended_hex_r2,50,100,0.9,0.2728712895115955,0.3,1,0.42,0.08,280,0.3547299876338148,0.2,20,0.2170720806469076,2.502685406519959e-18,0.2,plastic,secondary,0.0314921923013672,False,block_async,50,250,390,2,-1,1.0,0.6,0.6,100,0.0352518948443384,0,0,35,0.9535322359396432,2,0,0.55,0.0,0.75,35.0,lesion,30.0,0.45,0.2,0.1,0.002,8.0
72,500,0.4704285212002491,0.5,-0.0503481434385634,0.0,0.125,0.1321229711611511,extended_hex_r2__ql__plastic__intr0__struct1__alpha_async__lesion__s2__dc8c63b594,-0.0058125550640457,0.0011498412664029,0.25,False,0.8492271582322765,0.003,0.016,ql,0.68,extended_hex_r2,50,100,0.9,0.2526084904278182,0.3,0,0.42,0.08,280,0.4406611492098923,0.2,20,0.8294531072395142,2.62714731342548e-18,0.2,plastic,secondary,0.0496329607007331,False,alpha_async,50,250,390,2,-1,1.0,0.6,0.6,100,0.00289914374615,39376,1,35,0.777767061042524,2,39347,0.55,0.0,0.75,35.0,lesion,30.0,0.45,0.2,0.1,0.002,8.0
72,500,0.4139790542006878,0.5,0.4248143495216035,0.0,0.125,0.0,honeycomb_nnn__markov__plastic__intr0__struct0__synchronous__lesion__s2__a040efa704,-0.0014390584740534,-0.0298060753005925,0.25,False,0.8604012740185978,0.003,0.016,markov,0.68,honeycomb_nnn,50,100,0.9,0.1573825493152258,0.3,0,0.42,0.08,280,0.4159805135298399,0.2,20,1.2440639537743725,2.873765901552692e-18,0.2,plastic,secondary,-0.031160537302477,False,synchronous,50,250,390,2,-1,1.0,0.6,0.6,100,0.0068082691009503,0,0,35,1.0,2,0,0.55,0.0,0.75,35.0,lesion,30.0,0.45,0.2,0.1,0.002,8.0
72,500,0.3809770688632952,0.5,-0.220640022535531,0.106495948110261,0.125,0.0,honeycomb_nnn__markov__plastic__intr1__struct0__block_async__lesion__s2__90098777ff,0.0261128199174453,0.0049938629086586,0.25,False,0.7420310752973736,0.003,0.016,markov,0.68,honeycomb_nnn,50,100,0.9,0.3218742230555019,0.3,1,0.42,0.08,280,0.378842519138609,0.2,20,0.6824076436503683,2.4449693703790214e-18,0.2,plastic,secondary,0.019856167939434,False,block_async,50,250,390,2,-1,1.0,0.6,0.6,100,0.0223932926449946,0,0,35,0.9978995198902606,2,0,0.55,0.0,0.75,35.0,lesion,30.0,0.45,0.2,0.1,0.002,8.0
72,500,0.4093973337239681,0.5,-0.2248878709939418,0.0,0.125,0.2227128670913677,honeycomb_nnn__ql__plastic__intr0__struct1__alpha_async__lesion__s2__e51bdc2ffa,-0.0030195120615474,0.0018440271398449,0.25,False,0.6384228772627176,0.003,0.016,ql,0.68,honeycomb_nnn,50,100,0.9,0.4057025690530499,0.3,0,0.42,0.08,280,0.4105016470701252,0.2,20,0.9579694318503578,2.1827521588103578e-18,0.2,plastic,secondary,-0.0055645176412232,False,alpha_async,50,250,390,2,-1,1.0,0.6,0.6,100,0.0085662150679623,33283,1,35,0.7777777777777778,2,33283,0.55,0.0,0.75,35.0,lesion,30.0,0.45,0.2,0.1,0.002,8.0
72,500,0.1272708335725799,0.5,0.5885842010713954,0.0,0.125,0.0,square_vn__markov__plastic__intr0__struct0__synchronous__lesion__s3__5247f0669d,0.2871543447650451,0.2664487954650825,0.25,False,0.243127133242877,0.003,0.016,markov,0.68,square_vn,50,100,0.9,0.0982942030366268,0.3,0,0.42,0.08,280,0.129387377712958,0.2,20,1.053241877809038,4.546513539112538e-18,0.2,plastic,secondary,0.2666557598262462,False,synchronous,50,250,390,3,-1,1.0,0.6,0.6,100,0.0950084336967194,0,0,35,1.0,2,0,0.55,0.0,0.75,35.0,lesion,30.0,0.45,0.2,0.1,0.002,8.0
72,500,0.3900171011686655,0.5,-0.2804378531613622,0.1918779921749131,0.125,0.0,square_vn__markov__plastic__intr1__struct0__block_async__lesion__s3__85f32e387c,0.023801159928184,0.0046341413369758,0.25,False,0.7298961459735298,0.003,0.016,markov,0.68,square_vn,50,100,0.9,0.3527430144242706,0.3,1,0.42,0.08,280,0.3894054201990989,0.2,20,1.4646677860776809,2.282865307748901e-18,0.2,plastic,secondary,0.030678685933298,False,block_async,50,250,390,3,-1,1.0,0.6,0.6,100,0.0032714646739942,0,0,35,1.0,2,0,0.55,0.0,0.75,35.0,lesion,30.0,0.45,0.2,0.1,0.002,8.0
72,500,0.3850058231709446,0.5,-0.1289273984004262,0.0,0.125,0.2947666253196175,square_vn__ql__plastic__intr0__struct1__alpha_async__lesion__s3__63aa68fbe6,-0.0055577613189226,0.0019330931822766,0.25,False,0.7208867838987223,0.003,0.016,ql,0.68,square_vn,50,100,0.9,0.3252548018085325,0.3,0,0.42,0.08,280,0.3730695428683942,0.2,20,1.3897422093130347,2.1910117826458493e-18,0.2,plastic,secondary,-0.0137645267286002,False,alpha_async,50,250,390,3,-1,1.0,0.6,0.6,100,0.0022207142183461,22235,1,35,0.75,2,22235,0.55,0.0,0.75,35.0,lesion,30.0,0.45,0.2,0.1,0.002,8.0
72,500,0.4188515778858616,0.5,0.3154995543232158,0.0,0.125,0.0,square_moore__markov__plastic__intr0__struct0__synchronous__lesion__s3__8a5b573bc1,0.0086361005844354,0.0212025901518862,0.25,False,0.8503046808232944,0.003,0.016,markov,0.68,square_moore,50,100,0.9,0.1798238483660208,0.3,0,0.42,0.08,280,0.4172305950402804,0.2,20,1.2560836640484037,2.2048579587296858e-18,0.2,plastic,secondary,0.0016964834774902,False,synchronous,50,250,390,3,-1,1.0,0.6,0.6,100,0.0042498075509814,0,0,35,1.0,2,0,0.55,0.0,0.75,35.0,lesion,30.0,0.45,0.2,0.1,0.002,8.0
72,500,0.3798993794928632,0.5,-0.3622769170749638,0.0893663059162515,0.125,0.0,square_moore__markov__plastic__intr1__struct0__block_async__lesion__s3__bea26fee09,0.0154400409029562,0.0042384188136538,0.25,False,0.5847737259135551,0.003,0.016,markov,0.68,square_moore,50,100,0.9,0.4505853470816633,0.3,1,0.42,0.08,280,0.3809480545132209,0.2,20,1.5033976565524163,2.523471987419449e-18,0.2,plastic,secondary,0.014362091413959,False,block_async,50,250,390,3,-1,1.0,0.6,0.6,100,0.0356095462000439,0,0,35,0.9977816358024691,2,0,0.55,0.0,0.75,35.0,lesion,30.0,0.45,0.2,0.1,0.002,8.0
72,500,0.3953933756719191,0.5,-0.3204500046418913,0.0,0.125,0.2685982612694276,square_moore__ql__plastic__intr0__struct1__alpha_async__lesion__s3__ce3cf104e7,-0.0022673998494403,0.0006759712592993,0.25,False,0.572785385859381,0.003,0.016,ql,0.68,square_moore,50,100,0.9,0.4584197927029721,0.3,0,0.42,0.08,280,0.3924613939281727,0.2,20,1.4678632227836834,2.222020603281001e-18,0.2,plastic,secondary,-0.0016866638936801,False,alpha_async,50,250,390,3,-1,1.0,0.6,0.6,100,0.0263247296696315,29594,1,35,0.75,2,29594,0.55,0.0,0.75,35.0,lesion,30.0,0.45,0.2,0.1,0.002,8.0
72,500,0.4441751752374924,0.5,-0.2704389700307537,0.0,0.125,0.0,hex_cells__markov__plastic__intr0__struct0__synchronous__lesion__s3__8f9eb3defb,0.0023187405852794,-0.0023072381168631,0.25,False,0.6785725420089006,0.003,0.016,markov,0.68,hex_cells,50,100,0.9,0.3848959907558389,0.3,0,0.42,0.08,280,0.4438484655807941,0.2,20,1.3151575564247424,2.404267636583898e-18,0.2,plastic,secondary,-0.0047866434668189,False,synchronous,50,250,390,3,-1,1.0,0.6,0.6,100,0.0239774070819356,0,0,35,1.0,2,0,0.55,0.0,0.75,35.0,lesion,30.0,0.45,0.2,0.1,0.002,8.0
72,500,0.4084266719312019,0.5,-0.3052471858280834,0.090944020099075,0.125,0.0,hex_cells__markov__plastic__intr1__struct0__block_async__lesion__s3__41db746851,0.022436172023644,0.0048048017614589,0.25,False,0.6425388109140295,0.003,0.016,markov,0.68,hex_cells,50,100,0.9,0.4155397556726004,0.3,1,0.42,0.08,280,0.4088213741546753,0.2,20,1.266054004733375,1.5403134379907174e-18,0.2,plastic,secondary,0.025523449708834,False,block_async,50,250,390,3,-1,1.0,0.6,0.6,100,0.0077656335199695,0,0,35,1.0,2,0,0.55,0.0,0.75,35.0,lesion,30.0,0.45,0.2,0.1,0.002,8.0
72,500,0.4206316690098957,0.5,-0.1996245741342424,0.0,0.125,0.2308153618851169,hex_cells__ql__plastic__intr0__struct1__alpha_async__lesion__s3__1e92423016,0.0104096918974402,0.0080388961579063,0.25,False,0.7006005115458502,0.003,0.016,ql,0.68,hex_cells,50,100,0.9,0.3684142267267887,0.3,0,0.42,0.08,280,0.4144802537456796,0.2,20,1.0753048133422884,1.7364693015717454e-18,0.2,plastic,secondary,0.0214841429203679,False,alpha_async,50,250,390,3,-1,1.0,0.6,0.6,100,0.0021282864643933,31158,1,35,0.6666666666666666,2,31158,0.55,0.0,0.75,35.0,lesion,30.0,0.45,0.2,0.1,0.002,8.0
72,500,0.2629526603679265,0.5,0.3958548700585219,0.0,0.125,0.0,honeycomb__markov__plastic__intr0__struct0__synchronous__lesion__s3__60dfd9fad7,0.1470326422471878,0.126611716991134,0.25,False,0.4958363702225223,0.003,0.016,markov,0.68,honeycomb,50,100,0.9,0.2046867696982319,0.3,0,0.42,0.08,280,0.2660267201900758,0.2,20,1.5228674573127097,2.310611061474252e-18,0.2,plastic,secondary,0.1061854193168468,False,synchronous,50,250,390,3,-1,1.0,0.6,0.6,100,0.1615357422174956,0,0,35,1.0,2,0,0.55,0.0,0.75,35.0,lesion,30.0,0.45,0.2,0.1,0.002,8.0
72,500,0.3922670836080764,0.5,-0.2697275070218445,0.1891057069570184,0.125,0.0,honeycomb__markov__plastic__intr1__struct0__block_async__lesion__s3__be5aa31ddf,0.0192755450849469,0.0088026895956514,0.25,False,0.7168118785350834,0.003,0.016,markov,0.68,honeycomb,50,100,0.9,0.3575136318351115,0.3,1,0.42,0.08,280,0.3896251048793357,0.2,20,1.5393381094551055,1.3169175048430665e-18,0.2,plastic,secondary,0.0313407621535514,False,block_async,50,250,390,3,-1,1.0,0.6,0.6,100,0.0028026020374691,0,0,35,1.0,2,0,0.55,0.0,0.75,35.0,lesion,30.0,0.45,0.2,0.1,0.002,8.0
72,500,0.3232994054428034,0.5,0.0628942108373954,0.0,0.125,0.3853479631934425,honeycomb__ql__plastic__intr0__struct1__alpha_async__lesion__s3__4f0a43bbab,-0.0187566307813209,0.0070355005696466,0.25,False,0.6630470765296669,0.003,0.016,ql,0.68,honeycomb,50,100,0.9,0.2739948150705341,0.3,0,0.42,0.08,280,0.315959092420284,0.2,20,1.4532487361291806,1.893429757101641e-18,0.2,plastic,secondary,-0.0069132365719786,False,alpha_async,50,250,390,3,-1,1.0,0.6,0.6,100,0.0020438493710343,18783,1,35,0.6666666666666666,2,18783,0.55,0.0,0.75,35.0,lesion,30.0,0.45,0.2,0.1,0.002,8.0
72,500,0.0243099441993867,0.5,0.7593931995775669,0.0,0.125,0.0,extended_moore_r2__markov__plastic__intr0__struct0__synchronous__lesion__s3__4f84ce049f,0.1287074948161212,0.2197530463474389,0.25,False,0.0501194560254002,0.003,0.016,markov,0.68,extended_moore_r2,50,100,0.9,0.0145857872380202,0.3,0,0.42,0.08,280,0.0242197510532643,0.2,20,0.308056944264204,2.2305654885836286e-17,0.2,plastic,secondary,0.0883415460455213,False,synchronous,50,250,390,3,-1,1.0,0.6,0.6,100,0.0418465986594622,0,0,35,0.9787487139917695,2,0,0.55,0.0,0.75,35.0,lesion,30.0,0.45,0.2,0.1,0.002,8.0
72,500,0.280837901319393,0.5,-0.183039361148524,0.1584691545568146,0.125,0.0,extended_moore_r2__markov__plastic__intr1__struct0__block_async__lesion__s3__40e31d11b7,0.033221633551623,0.0013261836770848,0.25,False,0.6430863168585101,0.003,0.016,markov,0.68,extended_moore_r2,50,100,0.9,0.2701459921416373,0.3,1,0.42,0.08,280,0.2792145151109517,0.2,20,0.8572245612807073,3.9893165404083696e-18,0.2,plastic,secondary,0.0327548008307022,False,block_async,50,250,390,3,-1,1.0,0.6,0.6,100,0.051857869716183,0,0,35,0.840623392489712,2,0,0.55,0.0,0.75,35.0,lesion,30.0,0.45,0.2,0.1,0.002,8.0
72,500,0.4733893887001958,0.5,-0.0594109721365032,0.0,0.125,0.1315032470285925,extended_moore_r2__ql__plastic__intr0__struct1__alpha_async__lesion__s3__edf97ad225,0.0076272823385122,0.0011155965886811,0.25,False,0.8378946546303933,0.003,0.016,ql,0.68,extended_moore_r2,50,100,0.9,0.2610816186243991,0.3,0,0.42,0.08,280,0.4370603750831288,0.2,20,0.8196006113648145,2.452598828360145e-18,0.2,plastic,secondary,0.0188818695118223,False,alpha_async,50,250,390,3,-1,1.0,0.6,0.6,100,0.005859035803004,40143,1,35,0.7497106481481481,2,39567,0.55,0.0,0.75,35.0,lesion,30.0,0.45,0.2,0.1,0.002,8.0
72,500,0.4178375223797715,0.5,0.4289213347645425,0.0,0.125,0.0,extended_hex_r2__markov__plastic__intr0__struct0__synchronous__lesion__s3__46f14a52d9,-0.0098596463783503,0.0493805551710306,0.25,False,0.8619385340564385,0.003,0.016,markov,0.68,extended_hex_r2,50,100,0.9,0.1550512253102995,0.3,0,0.42,0.08,280,0.413678273824114,0.2,20,1.205253361524808,3.764830309206542e-18,0.2,plastic,secondary,0.0190684844061654,False,synchronous,50,250,390,3,-1,1.0,0.6,0.6,100,0.0093634985547762,0,0,35,0.9895297496570644,2,0,0.55,0.0,0.75,35.0,lesion,30.0,0.45,0.2,0.1,0.002,8.0
72,500,0.363164098183631,0.5,-0.1590769402639761,0.1052903167175436,0.125,0.0,extended_hex_r2__markov__plastic__intr1__struct0__block_async__lesion__s3__a994242de5,0.0218374081601406,-0.0021512453473857,0.25,False,0.7500614580869004,0.003,0.016,markov,0.68,extended_hex_r2,50,100,0.9,0.2799561009444427,0.3,1,0.42,0.08,280,0.3609990565961191,0.2,20,0.1633824806882678,2.4267283057587665e-18,0.2,plastic,secondary,0.0260380763569401,False,block_async,50,250,390,3,-1,1.0,0.6,0.6,100,0.0179306549284562,0,0,35,0.9549039780521262,2,0,0.55,0.0,0.75,35.0,lesion,30.0,0.45,0.2,0.1,0.002,8.0
72,500,0.4153481429762455,0.5,-0.0563643302916164,0.0,0.125,0.1363624003854715,extended_hex_r2__ql__plastic__intr0__struct1__alpha_async__lesion__s3__f38c336b09,0.0108840863911343,0.0087470303593613,0.25,False,0.8296200485235978,0.003,0.016,ql,0.68,extended_hex_r2,50,100,0.9,0.2507190756232671,0.3,0,0.42,0.08,280,0.443187992004013,0.2,20,0.3433044076996169,2.2827150252439085e-18,0.2,plastic,secondary,-0.035870342444489,False,alpha_async,50,250,390,3,-1,1.0,0.6,0.6,100,0.0025014500763856,39654,1,35,0.7777777777777778,2,39613,0.55,0.0,0.75,35.0,lesion,30.0,0.45,0.2,0.1,0.002,8.0
72,500,0.4152588749048876,0.5,0.4221924884355745,0.0,0.125,0.0,honeycomb_nnn__markov__plastic__intr0__struct0__synchronous__lesion__s3__a2f65e2437,-0.0400280633828411,-0.0249000234224722,0.25,False,0.8593779743831537,0.003,0.016,markov,0.68,honeycomb_nnn,50,100,0.9,0.1589520734317811,0.3,0,0.42,0.08,280,0.4159808750954002,0.2,20,1.2268116754305187,2.204550250557941e-18,0.2,plastic,secondary,-0.0134131018641536,False,synchronous,50,250,390,3,-1,1.0,0.6,0.6,100,0.005576449279142,0,0,35,1.0,2,0,0.55,0.0,0.75,35.0,lesion,30.0,0.45,0.2,0.1,0.002,8.0
72,500,0.3788855194255903,0.5,-0.2177913694120185,0.1094923434066633,0.125,0.0,honeycomb_nnn__markov__plastic__intr1__struct0__block_async__lesion__s3__1f3cb9d235,0.0199893007048129,0.0121272427229402,0.25,False,0.7462660106210087,0.003,0.016,markov,0.68,honeycomb_nnn,50,100,0.9,0.3170748049067236,0.3,1,0.42,0.08,280,0.3772590138246978,0.2,20,0.6555321416745152,2.9998262706923438e-18,0.2,plastic,secondary,0.0190461384845727,False,block_async,50,250,390,3,-1,1.0,0.6,0.6,100,0.0202974324723472,0,0,35,0.998499657064472,2,0,0.55,0.0,0.75,35.0,lesion,30.0,0.45,0.2,0.1,0.002,8.0
72,500,0.4088904400767029,0.5,-0.2212956402552603,0.0,0.125,0.2245991578366175,honeycomb_nnn__ql__plastic__intr0__struct1__alpha_async__lesion__s3__3c90a36ebd,-0.0078642964878681,-0.0075964418587205,0.25,False,0.6399256439875388,0.003,0.016,ql,0.68,honeycomb_nnn,50,100,0.9,0.4039744861915391,0.3,0,0.42,0.08,280,0.4087213016465248,0.2,20,0.9631026403952484,2.557155757363076e-18,0.2,plastic,secondary,-0.0037718543200684,False,alpha_async,50,250,390,3,-1,1.0,0.6,0.6,100,0.0127836315506303,33322,1,35,0.7777777777777778,2,33322,0.55,0.0,0.75,35.0,lesion,30.0,0.45,0.2,0.1,0.002,8.0
72,500,0.148516170510328,0.5,0.5622775256127188,0.0,0.125,0.0,square_vn__markov__plastic__intr0__struct0__synchronous__repeated_lesion__s1__524333086f,0.2531062712140656,0.2307738191872925,0.25,False,0.2857445287777844,0.003,0.016,markov,0.68,square_vn,50,100,0.9,0.1154029091522786,0.3,0,0.42,0.08,280,0.1506067455079812,0.2,20,1.1514344329878043,4.019459101085829e-18,0.2,plastic,secondary,0.2284104360884537,False,synchronous,50,250,390,1,-1,1.0,0.6,0.6,100,0.094678219464017,0,0,35,1.0,2,0,0.55,0.0,0.75,35.0,repeated_lesion,30.0,0.45,0.2,0.1,0.002,8.0
72,500,0.388927950513701,0.5,-0.2731256688544045,0.1898773842744917,0.125,0.0,square_vn__markov__plastic__intr1__struct0__block_async__repeated_lesion__s1__3bdef51d5a,0.0148380177907406,0.0157181424225534,0.25,False,0.7291155447531891,0.003,0.016,markov,0.68,square_vn,50,100,0.9,0.3516260532108309,0.3,1,0.42,0.08,280,0.389435128913225,0.2,20,1.46445190771848,1.513433971577594e-18,0.2,plastic,secondary,0.0107996817735697,False,block_async,50,250,390,1,-1,1.0,0.6,0.6,100,0.0032088484148686,0,0,35,1.0,2,0,0.55,0.0,0.75,35.0,repeated_lesion,30.0,0.45,0.2,0.1,0.002,8.0
72,500,0.3858083220091389,0.5,-0.1361016497084815,0.0,0.125,0.2895043941206402,square_vn__ql__plastic__intr0__struct1__alpha_async__repeated_lesion__s1__323a27e710,-0.005102843422671,0.0068072351945833,0.25,False,0.7154247177676624,0.003,0.016,ql,0.68,square_vn,50,100,0.9,0.3305907237223441,0.3,0,0.42,0.08,280,0.3751790829329806,0.2,20,1.4024083780981944,1.8453082715820225e-18,0.2,plastic,secondary,-0.0031679766945222,False,alpha_async,50,250,390,1,-1,1.0,0.6,0.6,100,0.0019047701340997,22323,1,35,0.75,2,22323,0.55,0.0,0.75,35.0,repeated_lesion,30.0,0.45,0.2,0.1,0.002,8.0
72,500,0.4176479564328842,0.5,0.3577978558439854,0.0,0.125,0.0,square_moore__markov__plastic__intr0__struct0__synchronous__repeated_lesion__s1__28e900dd78,-0.0038292569170549,0.0039003820719087,0.25,False,0.8531245595821911,0.003,0.016,markov,0.68,square_moore,50,100,0.9,0.173653251987956,0.3,0,0.42,0.08,280,0.4157049141626362,0.2,20,1.2566657347179393,2.861673776180737e-18,0.2,plastic,secondary,-0.0040465379893907,False,synchronous,50,250,390,1,-1,1.0,0.6,0.6,100,0.0049674113142958,0,0,35,1.0,2,0,0.55,0.0,0.75,35.0,repeated_lesion,30.0,0.45,0.2,0.1,0.002,8.0
72,500,0.3789354976958517,0.5,-0.3687598073196282,0.0886999591912062,0.125,0.0,square_moore__markov__plastic__intr1__struct0__block_async__repeated_lesion__s1__97a0a08ac6,0.0154019955688996,0.0113503857303068,0.25,False,0.5784337140668679,0.003,0.016,markov,0.68,square_moore,50,100,0.9,0.4547934186788149,0.3,1,0.42,0.08,280,0.3788223508057555,0.2,20,1.5188721840918518,3.3240000135476512e-18,0.2,plastic,secondary,0.0232066125870513,False,block_async,50,250,390,1,-1,1.0,0.6,0.6,100,0.0271249738818249,0,0,35,0.9976610725308642,2,0,0.55,0.0,0.75,35.0,repeated_lesion,30.0,0.45,0.2,0.1,0.002,8.0
72,500,0.3884948764288319,0.5,-0.3374885642612662,0.0,0.125,0.2755020211144449,square_moore__ql__plastic__intr0__struct1__alpha_async__repeated_lesion__s1__5ad4d111e9,-0.0071983022088097,0.0020012904204134,0.25,False,0.5621558275946402,0.003,0.016,ql,0.68,square_moore,50,100,0.9,0.4654979664965765,0.3,0,0.42,0.08,280,0.3890090923036289,0.2,20,1.5057698954348673,3.1661610822687118e-18,0.2,plastic,secondary,0.0128641401706542,False,alpha_async,50,250,390,1,-1,1.0,0.6,0.6,100,0.0166790505225723,29235,1,35,0.75,2,29235,0.55,0.0,0.75,35.0,repeated_lesion,30.0,0.45,0.2,0.1,0.002,8.0
72,500,0.4424473914915424,0.5,-0.2745235693153982,0.0,0.125,0.0,hex_cells__markov__plastic__intr0__struct0__synchronous__repeated_lesion__s1__ad2ab1314c,-0.0067906876357288,-0.001498890579527,0.25,False,0.6692001587471378,0.003,0.016,markov,0.68,hex_cells,50,100,0.9,0.3902357480143605,0.3,0,0.42,0.08,280,0.4449411565746849,0.2,20,1.3301421755414,1.9458384848859417e-18,0.2,plastic,secondary,-0.0159933353260138,False,synchronous,50,250,390,1,-1,1.0,0.6,0.6,100,0.0165258571631371,0,0,35,1.0,2,0,0.55,0.0,0.75,35.0,repeated_lesion,30.0,0.45,0.2,0.1,0.002,8.0
72,500,0.4120800973380206,0.5,-0.3130826170817845,0.0900470043092269,0.125,0.0,hex_cells__markov__plastic__intr1__struct0__block_async__repeated_lesion__s1__6c9635bc6a,0.026662932014469,0.0001789268010594,0.25,False,0.6407507289283562,0.003,0.016,markov,0.68,hex_cells,50,100,0.9,0.4191618544135104,0.3,1,0.42,0.08,280,0.4116504983570582,0.2,20,1.2845755500082832,1.5857311769102908e-18,0.2,plastic,secondary,0.0226364507171873,False,block_async,50,250,390,1,-1,1.0,0.6,0.6,100,0.0079661475143779,0,0,35,1.0,2,0,0.55,0.0,0.75,35.0,repeated_lesion,30.0,0.45,0.2,0.1,0.002,8.0
72,500,0.4213698219289076,0.5,-0.2011371256503752,0.0,0.125,0.2282803532173879,hex_cells__ql__plastic__intr0__struct1__alpha_async__repeated_lesion__s1__d7883cd1ee,0.002373452343838,0.0075595734163236,0.25,False,0.7023898101857832,0.003,0.016,ql,0.68,hex_cells,50,100,0.9,0.3684833651439568,0.3,0,0.42,0.08,280,0.4153850569099809,0.2,20,1.066164279711843,2.181245185709936e-18,0.2,plastic,secondary,2.589738279264589e-07,False,alpha_async,50,250,390,1,-1,1.0,0.6,0.6,100,0.0022160035840571,31056,1,35,0.6666666666666666,2,31056,0.55,0.0,0.75,35.0,repeated_lesion,30.0,0.45,0.2,0.1,0.002,8.0
72,500,0.2572589392668823,0.5,0.3946371844988862,0.0,0.125,0.0,honeycomb__markov__plastic__intr0__struct0__synchronous__repeated_lesion__s1__0292f8adbb,0.1446234296720673,0.1435810687354044,0.25,False,0.4870655552905681,0.003,0.016,markov,0.68,honeycomb,50,100,0.9,0.2016973897642742,0.3,0,0.42,0.08,280,0.2606225704535538,0.2,20,1.5090628979655825,2.4843590501107666e-18,0.2,plastic,secondary,0.1183103653861065,False,synchronous,50,250,390,1,-1,1.0,0.6,0.6,100,0.1708934476609456,0,0,35,1.0,2,0,0.55,0.0,0.75,35.0,repeated_lesion,30.0,0.45,0.2,0.1,0.002,8.0
72,500,0.3901505075088055,0.5,-0.2677318468984552,0.1900334608556036,0.125,0.0,honeycomb__markov__plastic__intr1__struct0__block_async__repeated_lesion__s1__e77b608cc2,0.0196056022758605,0.0124930680031521,0.25,False,0.7146790154425513,0.003,0.016,markov,0.68,honeycomb,50,100,0.9,0.3576913338236832,0.3,1,0.42,0.08,280,0.3893003769130337,0.2,20,1.5389884465995884,1.2450828330087051e-18,0.2,plastic,secondary,0.0087418675041787,False,block_async,50,250,390,1,-1,1.0,0.6,0.6,100,0.0029084980876878,0,0,35,1.0,2,0,0.55,0.0,0.75,35.0,repeated_lesion,30.0,0.45,0.2,0.1,0.002,8.0
72,500,0.3183802356939341,0.5,0.0763643875803055,0.0,0.125,0.3891209201464963,honeycomb__ql__plastic__intr0__struct1__alpha_async__repeated_lesion__s1__2777ba1ced,-0.00217756443013,0.0039750122327364,0.25,False,0.6598543804715912,0.003,0.016,ql,0.68,honeycomb,50,100,0.9,0.2687918953740129,0.3,0,0.42,0.08,280,0.3142217743430019,0.2,20,1.437267347526037,1.694194977114742e-18,0.2,plastic,secondary,0.0016207397407156,False,alpha_async,50,250,390,1,-1,1.0,0.6,0.6,100,0.0020465045071465,19036,1,35,0.6666666666666666,2,19036,0.55,0.0,0.75,35.0,repeated_lesion,30.0,0.45,0.2,0.1,0.002,8.0
72,500,0.0241839027190689,0.5,0.7607252492017356,0.0,0.125,0.0,extended_moore_r2__markov__plastic__intr0__struct0__synchronous__repeated_lesion__s1__3f77620fab,0.1517617122211813,0.2295420240253169,0.25,False,0.0495650099610802,0.003,0.016,markov,0.68,extended_moore_r2,50,100,0.9,0.0144314247909704,0.3,0,0.42,0.08,280,0.0237943236022331,0.2,20,0.2970363653782958,1.597275038155222e-17,0.2,plastic,secondary,0.150053706833094,False,synchronous,50,250,390,1,-1,1.0,0.6,0.6,100,0.0418313490505528,0,0,35,0.9786361882716048,2,0,0.55,0.0,0.75,35.0,repeated_lesion,30.0,0.45,0.2,0.1,0.002,8.0
72,500,0.278226596308734,0.5,-0.1835745446446228,0.1591692256815149,0.125,0.0,extended_moore_r2__markov__plastic__intr1__struct0__block_async__repeated_lesion__s1__591eaeb39e,0.0372372401898467,0.0034142775619182,0.25,False,0.6331271699524914,0.003,0.016,markov,0.68,extended_moore_r2,50,100,0.9,0.2730152192957096,0.3,1,0.42,0.08,280,0.2763787679316309,0.2,20,0.8747466780387867,3.654607193683781e-18,0.2,plastic,secondary,0.0356296283947613,False,block_async,50,250,390,1,-1,1.0,0.6,0.6,100,0.0998568836914275,0,0,35,0.8389515817901234,2,0,0.55,0.0,0.75,35.0,repeated_lesion,30.0,0.45,0.2,0.1,0.002,8.0
72,500,0.4634132005739632,0.5,-0.0602608576392364,0.0,0.125,0.1355526315537805,extended_moore_r2__ql__plastic__intr0__struct1__alpha_async__repeated_lesion__s1__e54b31f8de,-0.0017421375936077,-0.0283710688537413,0.25,False,0.8292098800245252,0.003,0.016,ql,0.68,extended_moore_r2,50,100,0.9,0.2658263197932701,0.3,0,0.42,0.08,280,0.4327332409423065,0.2,20,0.8211942250885171,3.0038840016316393e-18,0.2,plastic,secondary,0.0395507160110839,False,alpha_async,50,250,390,1,-1,1.0,0.6,0.6,100,0.0053801274450651,39796,1,35,0.7495659722222222,2,39178,0.55,0.0,0.75,35.0,repeated_lesion,30.0,0.45,0.2,0.1,0.002,8.0
72,500,0.4176294029687258,0.5,0.4231502008007116,0.0,0.125,0.0,extended_hex_r2__markov__plastic__intr0__struct0__synchronous__repeated_lesion__s1__6c8e45db20,-0.0280841699557083,0.0183318622710344,0.25,False,0.8628089521939701,0.003,0.016,markov,0.68,extended_hex_r2,50,100,0.9,0.1552612929734172,0.3,0,0.42,0.08,280,0.4137396288698413,0.2,20,1.1949910557770864,3.747208994457397e-18,0.2,plastic,secondary,-0.03889207177031,False,synchronous,50,250,390,1,-1,1.0,0.6,0.6,100,0.0095766346056697,0,0,35,0.9901834705075446,2,0,0.55,0.0,0.75,35.0,repeated_lesion,30.0,0.45,0.2,0.1,0.002,8.0
72,500,0.3629577093198121,0.5,-0.1602048562737343,0.1036521239807169,0.125,0.0,extended_hex_r2__markov__plastic__intr1__struct0__block_async__repeated_lesion__s1__32c231986a,0.0380897722890392,-0.0008042358359922,0.25,False,0.750805885503829,0.003,0.016,markov,0.68,extended_hex_r2,50,100,0.9,0.2785427939833463,0.3,1,0.42,0.08,280,0.360438213111679,0.2,20,0.1661602451814365,2.3760889999724014e-18,0.2,plastic,secondary,0.041082299754388,False,block_async,50,250,390,1,-1,1.0,0.6,0.6,100,0.0202582279641405,0,0,35,0.9557934670781894,2,0,0.55,0.0,0.75,35.0,repeated_lesion,30.0,0.45,0.2,0.1,0.002,8.0
72,500,0.436650657377667,0.5,-0.0305819631701376,0.0,0.125,0.1356138473058109,extended_hex_r2__ql__plastic__intr0__struct1__alpha_async__repeated_lesion__s1__8c3a233a19,0.013481320154889,0.0058739152139057,0.25,False,0.8419221798952259,0.003,0.016,ql,0.68,extended_hex_r2,50,100,0.9,0.2489702567295586,0.3,0,0.42,0.08,280,0.4405686065671182,0.2,20,0.6394746632770147,2.320859345472411e-18,0.2,plastic,secondary,-0.0364901019358399,False,alpha_async,50,250,390,1,-1,1.0,0.6,0.6,100,0.0099613943590282,39330,1,35,0.777724194101509,2,39288,0.55,0.0,0.75,35.0,repeated_lesion,30.0,0.45,0.2,0.1,0.002,8.0
72,500,0.4161948015045037,0.5,0.4035387208488386,0.0,0.125,0.0,honeycomb_nnn__markov__plastic__intr0__struct0__synchronous__repeated_lesion__s1__63f5173ba8,0.0041103927974935,0.0076438948461231,0.25,False,0.8617024938751733,0.003,0.016,markov,0.68,honeycomb_nnn,50,100,0.9,0.1609112117849274,0.3,0,0.42,0.08,280,0.4158245062609665,0.2,20,1.207826816450917,3.0665890597014805e-18,0.2,plastic,secondary,0.0547365497252662,False,synchronous,50,250,390,1,-1,1.0,0.6,0.6,100,0.0059336424979127,0,0,35,1.0,2,0,0.55,0.0,0.75,35.0,repeated_lesion,30.0,0.45,0.2,0.1,0.002,8.0
72,500,0.3808975898496223,0.5,-0.2185155321221726,0.108440582156759,0.125,0.0,honeycomb_nnn__markov__plastic__intr1__struct0__block_async__repeated_lesion__s1__4129dbfd5a,0.0282552438983233,0.0071003939115954,0.25,False,0.745197212170238,0.003,0.016,markov,0.68,honeycomb_nnn,50,100,0.9,0.3190842084940745,0.3,1,0.42,0.08,280,0.3793322414441477,0.2,20,0.6646857657170588,2.6266404061031897e-18,0.2,plastic,secondary,0.0348518071064148,False,block_async,50,250,390,1,-1,1.0,0.6,0.6,100,0.0274481269803967,0,0,35,0.9982210219478738,2,0,0.55,0.0,0.75,35.0,repeated_lesion,30.0,0.45,0.2,0.1,0.002,8.0
72,500,0.4089019984362935,0.5,-0.2230208137119758,0.0,0.125,0.2267033756811315,honeycomb_nnn__ql__plastic__intr0__struct1__alpha_async__repeated_lesion__s1__c280590d13,0.0080763809438139,0.0133284897103202,0.25,False,0.6371117893304022,0.003,0.016,ql,0.68,honeycomb_nnn,50,100,0.9,0.405332498867291,0.3,0,0.42,0.08,280,0.40996241017838,0.2,20,0.9683571043454944,2.1211631144828483e-18,0.2,plastic,secondary,0.0138622755282016,False,alpha_async,50,250,390,1,-1,1.0,0.6,0.6,100,0.0094760920627536,33185,1,35,0.7777777777777778,2,33185,0.55,0.0,0.75,35.0,repeated_lesion,30.0,0.45,0.2,0.1,0.002,8.0
72,500,0.1332036625262307,0.5,0.5843798289523148,0.0,0.125,0.0,square_vn__markov__plastic__intr0__struct0__synchronous__repeated_lesion__s2__8cc62d7cd6,0.2780426665790334,0.2549755251817626,0.25,False,0.2580363762633539,0.003,0.016,markov,0.68,square_vn,50,100,0.9,0.1021881980505473,0.3,0,0.42,0.08,280,0.1344879031173501,0.2,20,1.0813604618405146,3.671489795169993e-18,0.2,plastic,secondary,0.2564453234435293,False,synchronous,50,250,390,2,-1,1.0,0.6,0.6,100,0.0938202314559993,0,0,35,1.0,2,0,0.55,0.0,0.75,35.0,repeated_lesion,30.0,0.45,0.2,0.1,0.002,8.0
72,500,0.3886008946447087,0.5,-0.2794249514135997,0.1882246386145933,0.125,0.0,square_vn__markov__plastic__intr1__struct0__block_async__repeated_lesion__s2__7f69759889,0.0138143908193766,0.0085918249223321,0.25,False,0.7273176376461462,0.003,0.016,markov,0.68,square_vn,50,100,0.9,0.353672884606073,0.3,1,0.42,0.08,280,0.3898087488102801,0.2,20,1.4698322393342618,1.8601201841721262e-18,0.2,plastic,secondary,0.0296721791894235,False,block_async,50,250,390,2,-1,1.0,0.6,0.6,100,0.0035145658198788,0,0,35,1.0,2,0,0.55,0.0,0.75,35.0,repeated_lesion,30.0,0.45,0.2,0.1,0.002,8.0
72,500,0.3845540825867219,0.5,-0.1187937717208592,0.0,0.125,0.2942718693170802,square_vn__ql__plastic__intr0__struct1__alpha_async__repeated_lesion__s2__69294bda09,-0.0056096143235709,0.0078443739312487,0.25,False,0.7181648220601327,0.003,0.016,ql,0.68,square_vn,50,100,0.9,0.3254040796911595,0.3,0,0.42,0.08,280,0.374439841316435,0.2,20,1.3944299595474106,2.5604795439365695e-18,0.2,plastic,secondary,-0.0084540556225897,False,alpha_async,50,250,390,2,-1,1.0,0.6,0.6,100,0.0019295914027325,22409,1,35,0.75,2,22409,0.55,0.0,0.75,35.0,repeated_lesion,30.0,0.45,0.2,0.1,0.002,8.0
72,500,0.417973944739696,0.5,0.3433706736904646,0.0,0.125,0.0,square_moore__markov__plastic__intr0__struct0__synchronous__repeated_lesion__s2__f61a877716,0.0155409623477262,0.0047298229903046,0.25,False,0.8526958887789877,0.003,0.016,markov,0.68,square_moore,50,100,0.9,0.1762318578918049,0.3,0,0.42,0.08,280,0.4168783277369294,0.2,20,1.246601799546977,2.5816913643215186e-18,0.2,plastic,secondary,0.0209407704340282,False,synchronous,50,250,390,2,-1,1.0,0.6,0.6,100,0.0054759312266467,0,0,35,1.0,2,0,0.55,0.0,0.75,35.0,repeated_lesion,30.0,0.45,0.2,0.1,0.002,8.0
72,500,0.3801176905404706,0.5,-0.3681962681689084,0.089455141378816,0.125,0.0,square_moore__markov__plastic__intr1__struct0__block_async__repeated_lesion__s2__6fee702fc4,0.0135000793279767,0.0062991246431146,0.25,False,0.5812222414562311,0.003,0.016,markov,0.68,square_moore,50,100,0.9,0.4537552090802938,0.3,1,0.42,0.08,280,0.3790061226542659,0.2,20,1.5227893540458082,3.299901965297403e-18,0.2,plastic,secondary,0.0187088845977825,False,block_async,50,250,390,2,-1,1.0,0.6,0.6,100,0.0502643073378204,0,0,35,0.9975405092592592,2,0,0.55,0.0,0.75,35.0,repeated_lesion,30.0,0.45,0.2,0.1,0.002,8.0
72,500,0.3903895650427711,0.5,-0.3316300913756471,0.0,0.125,0.2759066852087177,square_moore__ql__plastic__intr0__struct1__alpha_async__repeated_lesion__s2__69aac76488,-0.0044028100023862,0.004998323544179,0.25,False,0.5639316084900271,0.003,0.016,ql,0.68,square_moore,50,100,0.9,0.4632841712920958,0.3,0,0.42,0.08,280,0.3885951592353837,0.2,20,1.4993795505242429,2.5762298123425098e-18,0.2,plastic,secondary,-0.0113771514189636,False,alpha_async,50,250,390,2,-1,1.0,0.6,0.6,100,0.0269819520152934,29113,1,35,0.75,2,29113,0.55,0.0,0.75,35.0,repeated_lesion,30.0,0.45,0.2,0.1,0.002,8.0
72,500,0.4408390685345412,0.5,-0.279093777218482,0.0,0.125,0.0,hex_cells__markov__plastic__intr0__struct0__synchronous__repeated_lesion__s2__0e6c239077,0.008269504228889,0.004939366454612,0.25,False,0.6715641773469819,0.003,0.016,markov,0.68,hex_cells,50,100,0.9,0.3905702276447074,0.3,0,0.42,0.08,280,0.4425425353787697,0.2,20,1.326812138888322,1.357671984917658e-18,0.2,plastic,secondary,0.0211289609657088,False,synchronous,50,250,390,2,-1,1.0,0.6,0.6,100,0.0223165489700738,0,0,35,1.0,2,0,0.55,0.0,0.75,35.0,repeated_lesion,30.0,0.45,0.2,0.1,0.002,8.0
72,500,0.4136464880666006,0.5,-0.3188373320883124,0.0894333590459957,0.125,0.0,hex_cells__markov__plastic__intr1__struct0__block_async__repeated_lesion__s2__46cd24560b,0.0158505486788804,0.0058850801476673,0.25,False,0.6253111300117873,0.003,0.016,markov,0.68,hex_cells,50,100,0.9,0.4306861869829568,0.3,1,0.42,0.08,280,0.4142968324486429,0.2,20,1.2983303697244577,1.892132807137781e-18,0.2,plastic,secondary,0.017144924371988,False,block_async,50,250,390,2,-1,1.0,0.6,0.6,100,0.0068437758981286,0,0,35,1.0,2,0,0.55,0.0,0.75,35.0,repeated_lesion,30.0,0.45,0.2,0.1,0.002,8.0
72,500,0.4211680473695372,0.5,-0.1975458083133875,0.0,0.125,0.2309638278514596,hex_cells__ql__plastic__intr0__struct1__alpha_async__repeated_lesion__s2__bb6a5b5de3,0.0015050363345354,0.0054373459417847,0.25,False,0.6963475865783766,0.003,0.016,ql,0.68,hex_cells,50,100,0.9,0.370688478501526,0.3,0,0.42,0.08,280,0.4146611273057429,0.2,20,1.0805557968999175,2.0911073231829812e-18,0.2,plastic,secondary,0.0053669174300444,False,alpha_async,50,250,390,2,-1,1.0,0.6,0.6,100,0.0025364151207997,31344,1,35,0.6666666666666666,2,31344,0.55,0.0,0.75,35.0,repeated_lesion,30.0,0.45,0.2,0.1,0.002,8.0
72,500,0.2485620662896729,0.5,0.4146211859344755,0.0,0.125,0.0,honeycomb__markov__plastic__intr0__struct0__synchronous__repeated_lesion__s2__20c417430f,0.1561348426821143,0.1292030458833679,0.25,False,0.4736943553648343,0.003,0.016,markov,0.68,honeycomb,50,100,0.9,0.1943592067065857,0.3,0,0.42,0.08,280,0.2529794093336531,0.2,20,1.4861475200722771,1.5049142022275885e-18,0.2,plastic,secondary,0.150555774372322,False,synchronous,50,250,390,2,-1,1.0,0.6,0.6,100,0.1764585199152708,0,0,35,1.0,2,0,0.55,0.0,0.75,35.0,repeated_lesion,30.0,0.45,0.2,0.1,0.002,8.0
72,500,0.3885356421920528,0.5,-0.2619662948155471,0.184083537296476,0.125,0.0,honeycomb__markov__plastic__intr1__struct0__block_async__repeated_lesion__s2__58e686dad3,0.0141099359630818,0.005211709317964,0.25,False,0.7138900651893734,0.003,0.016,markov,0.68,honeycomb,50,100,0.9,0.3561918982599251,0.3,1,0.42,0.08,280,0.3897196442136653,0.2,20,1.5271798602522022,1.937103477647385e-18,0.2,plastic,secondary,-0.0122160360420368,False,block_async,50,250,390,2,-1,1.0,0.6,0.6,100,0.0035009451675785,0,0,35,1.0,2,0,0.55,0.0,0.75,35.0,repeated_lesion,30.0,0.45,0.2,0.1,0.002,8.0
72,500,0.3153140201836815,0.5,0.0785491929979449,0.0,0.125,0.3918104899975064,honeycomb__ql__plastic__intr0__struct1__alpha_async__repeated_lesion__s2__3818b306a6,0.0029236468287032,0.002474522002807,0.25,False,0.6568618115369367,0.003,0.016,ql,0.68,honeycomb,50,100,0.9,0.267682632138859,0.3,0,0.42,0.08,280,0.3136252607822967,0.2,20,1.4274857928685591,2.0074549106875367e-18,0.2,plastic,secondary,0.0271145674155537,False,alpha_async,50,250,390,2,-1,1.0,0.6,0.6,100,0.0019200332568688,19501,1,35,0.6666666666666666,2,19501,0.55,0.0,0.75,35.0,repeated_lesion,30.0,0.45,0.2,0.1,0.002,8.0
72,500,0.0094395978451616,0.5,0.6524698394877675,0.0,0.125,0.0,extended_moore_r2__markov__plastic__intr0__struct0__synchronous__repeated_lesion__s2__d76ae67f84,0.019548679652391,0.1512522161289928,0.25,False,0.0196623804384606,0.003,0.016,markov,0.68,extended_moore_r2,50,100,0.9,0.007389917351071,0.3,0,0.42,0.08,280,0.0101495407143745,0.2,20,0.1215366249952297,2.4307525278943237e-17,0.2,plastic,secondary,0.0402220295967606,False,synchronous,50,250,390,2,-1,1.0,0.6,0.6,100,0.0183160860508492,0,0,35,0.9786844135802468,2,0,0.55,0.0,0.75,35.0,repeated_lesion,30.0,0.45,0.2,0.1,0.002,8.0
72,500,0.2792882523675019,0.5,-0.1833481523459009,0.1593627234688076,0.125,0.0,extended_moore_r2__markov__plastic__intr1__struct0__block_async__repeated_lesion__s2__8aa945de80,0.0378547527972824,0.0030034735659892,0.25,False,0.6383953031088027,0.003,0.016,markov,0.68,extended_moore_r2,50,100,0.9,0.2714181760994722,0.3,1,0.42,0.08,280,0.2770763739086369,0.2,20,0.8731686889058998,4.862036199129681e-18,0.2,plastic,secondary,0.0379579237001686,False,block_async,50,250,390,2,-1,1.0,0.6,0.6,100,0.0889427072184754,0,0,35,0.84106545781893,2,0,0.55,0.0,0.75,35.0,repeated_lesion,30.0,0.45,0.2,0.1,0.002,8.0
72,500,0.4536548046306884,0.5,-0.0508044175638573,0.0,0.125,0.14266133395035,extended_moore_r2__ql__plastic__intr0__struct1__alpha_async__repeated_lesion__s2__6fb3b3f0f1,-0.0031136280422312,0.0052128010367612,0.25,False,0.8249948368552461,0.003,0.016,ql,0.68,extended_moore_r2,50,100,0.9,0.2661729576666879,0.3,0,0.42,0.08,280,0.424246957128383,0.2,20,0.8139568449313741,2.6810194116253576e-18,0.2,plastic,secondary,-0.0070000164244786,False,alpha_async,50,250,390,2,-1,1.0,0.6,0.6,100,0.0070438387678941,39835,1,35,0.7491319444444444,2,39030,0.55,0.0,0.75,35.0,repeated_lesion,30.0,0.45,0.2,0.1,0.002,8.0
72,500,0.4095106318159711,0.5,0.4216654066038109,0.0,0.125,0.0,extended_hex_r2__markov__plastic__intr0__struct0__synchronous__repeated_lesion__s2__38686e664e,-0.0453746145790646,-0.0205507188527577,0.25,False,0.861718389749349,0.003,0.016,markov,0.68,extended_hex_r2,50,100,0.9,0.1532226675843057,0.3,0,0.42,0.08,280,0.4145108072164998,0.2,20,1.1862360911754637,3.4272343712533965e-18,0.2,plastic,secondary,-0.0296924252266349,False,synchronous,50,250,390,2,-1,1.0,0.6,0.6,100,0.0090248534762877,0,0,35,0.9896690672153636,2,0,0.55,0.0,0.75,35.0,repeated_lesion,30.0,0.45,0.2,0.1,0.002,8.0
72,500,0.3572057718279363,0.5,-0.1564905878219538,0.1066681013236351,0.125,0.0,extended_hex_r2__markov__plastic__intr1__struct0__block_async__repeated_lesion__s2__cc7481feca,0.0325877472124787,0.0099866149747464,0.25,False,0.751436295387321,0.003,0.016,markov,0.68,extended_hex_r2,50,100,0.9,0.2726584784091171,0.3,1,0.42,0.08,280,0.354475417848108,0.2,20,0.2069225252508029,2.6850541380941677e-18,0.2,plastic,secondary,0.0310678623456202,False,block_async,50,250,390,2,-1,1.0,0.6,0.6,100,0.0353171211073393,0,0,35,0.9535643861454046,2,0,0.55,0.0,0.75,35.0,repeated_lesion,30.0,0.45,0.2,0.1,0.002,8.0
72,500,0.4704289770990221,0.5,-0.0502903415927106,0.0,0.125,0.1318881364597881,extended_hex_r2__ql__plastic__intr0__struct1__alpha_async__repeated_lesion__s2__bb485ce252,-0.0095595737926386,0.0002803810296801,0.25,False,0.848317298633247,0.003,0.016,ql,0.68,extended_hex_r2,50,100,0.9,0.253299896188214,0.3,0,0.42,0.08,280,0.4406528665124867,0.2,20,0.8271996022047743,2.5998298076049174e-18,0.2,plastic,secondary,0.0374252816552199,False,alpha_async,50,250,390,2,-1,1.0,0.6,0.6,100,0.0029830895959019,39376,1,35,0.7777456275720165,2,39347,0.55,0.0,0.75,35.0,repeated_lesion,30.0,0.45,0.2,0.1,0.002,8.0
72,500,0.4177426989153044,0.5,0.4230079767923834,0.0,0.125,0.0,honeycomb_nnn__markov__plastic__intr0__struct0__synchronous__repeated_lesion__s2__1420579abb,-0.0098953898459681,0.0203668626426769,0.25,False,0.8575145489242185,0.003,0.016,markov,0.68,honeycomb_nnn,50,100,0.9,0.1599809253087362,0.3,0,0.42,0.08,280,0.4156939130551316,0.2,20,1.243764644967272,3.2059179460686773e-18,0.2,plastic,secondary,0.0129386065007719,False,synchronous,50,250,390,2,-1,1.0,0.6,0.6,100,0.0060239559460208,0,0,35,1.0,2,0,0.55,0.0,0.75,35.0,repeated_lesion,30.0,0.45,0.2,0.1,0.002,8.0
72,500,0.3831129211498973,0.5,-0.2223447341339401,0.1062129864886521,0.125,0.0,honeycomb_nnn__markov__plastic__intr1__struct0__block_async__repeated_lesion__s2__3cc2a27c1f,0.0319106064478676,-0.0102798787277122,0.25,False,0.7399251789350878,0.003,0.016,markov,0.68,honeycomb_nnn,50,100,0.9,0.3244027134815673,0.3,1,0.42,0.08,280,0.380139669923355,0.2,20,0.6823673829687198,2.418276918733688e-18,0.2,plastic,secondary,0.0329851446751738,False,block_async,50,250,390,2,-1,1.0,0.6,0.6,100,0.0235968780394486,0,0,35,0.9976851851851852,2,0,0.55,0.0,0.75,35.0,repeated_lesion,30.0,0.45,0.2,0.1,0.002,8.0
72,500,0.4103753102293286,0.5,-0.2251678807123185,0.0,0.125,0.2238626516930815,honeycomb_nnn__ql__plastic__intr0__struct1__alpha_async__repeated_lesion__s2__d32a9c28ca,-0.0101592104625738,-0.0016844642838438,0.25,False,0.6381800319785352,0.003,0.016,ql,0.68,honeycomb_nnn,50,100,0.9,0.4064271048455247,0.3,0,0.42,0.08,280,0.4113620397906071,0.2,20,0.9645071694842668,2.500063450330502e-18,0.2,plastic,secondary,-0.0153097802512733,False,alpha_async,50,250,390,2,-1,1.0,0.6,0.6,100,0.0088924133867111,33280,1,35,0.7777777777777778,2,33280,0.55,0.0,0.75,35.0,repeated_lesion,30.0,0.45,0.2,0.1,0.002,8.0
72,500,0.1270898073828623,0.5,0.5796368722544368,0.0,0.125,0.0,square_vn__markov__plastic__intr0__struct0__synchronous__repeated_lesion__s3__c30e31c300,0.2823793120086383,0.2655153770439467,0.25,False,0.2432678245527752,0.003,0.016,markov,0.68,square_vn,50,100,0.9,0.0996742558583996,0.3,0,0.42,0.08,280,0.1291591431392859,0.2,20,1.050632624253589,3.3560324183108506e-18,0.2,plastic,secondary,0.2870733759259884,False,synchronous,50,250,390,3,-1,1.0,0.6,0.6,100,0.0943583534632728,0,0,35,1.0,2,0,0.55,0.0,0.75,35.0,repeated_lesion,30.0,0.45,0.2,0.1,0.002,8.0
72,500,0.390176805620768,0.5,-0.2857318400373513,0.191881534647,0.125,0.0,square_vn__markov__plastic__intr1__struct0__block_async__repeated_lesion__s3__dfdb1f964e,0.0189548770315905,0.0090174778578807,0.25,False,0.7257721676508616,0.003,0.016,markov,0.68,square_vn,50,100,0.9,0.3568454470341897,0.3,1,0.42,0.08,280,0.3896574265702117,0.2,20,1.4738605241006495,2.294603323278288e-18,0.2,plastic,secondary,0.0102096606602247,False,block_async,50,250,390,3,-1,1.0,0.6,0.6,100,0.0028279709638399,0,0,35,1.0,2,0,0.55,0.0,0.75,35.0,repeated_lesion,30.0,0.45,0.2,0.1,0.002,8.0
72,500,0.3859692584218871,0.5,-0.1279664045224511,0.0,0.125,0.2931970870213878,square_vn__ql__plastic__intr0__struct1__alpha_async__repeated_lesion__s3__902a2c3506,0.003286929984314,-0.0102342677154324,0.25,False,0.7160217448035425,0.003,0.016,ql,0.68,square_vn,50,100,0.9,0.3281734228033769,0.3,0,0.42,0.08,280,0.3727689625321512,0.2,20,1.41175928318219,2.127654883724004e-18,0.2,plastic,secondary,-0.0080887569563198,False,alpha_async,50,250,390,3,-1,1.0,0.6,0.6,100,0.001956313851129,22215,1,35,0.75,2,22215,0.55,0.0,0.75,35.0,repeated_lesion,30.0,0.45,0.2,0.1,0.002,8.0
72,500,0.4084318754010583,0.5,0.3370541424669392,0.0,0.125,0.0,square_moore__markov__plastic__intr0__struct0__synchronous__repeated_lesion__s3__9d1a53f5ba,0.0010959326246911,0.0022651052681524,0.25,False,0.8488694720874967,0.003,0.016,markov,0.68,square_moore,50,100,0.9,0.1750322605262501,0.3,0,0.42,0.08,280,0.4161327325983724,0.2,20,1.2310616690433138,2.582654370416055e-18,0.2,plastic,secondary,-0.010965649731092,False,synchronous,50,250,390,3,-1,1.0,0.6,0.6,100,0.0054064033971929,0,0,35,1.0,2,0,0.55,0.0,0.75,35.0,repeated_lesion,30.0,0.45,0.2,0.1,0.002,8.0
72,500,0.3794625735536918,0.5,-0.3665195070729565,0.0893891105248651,0.125,0.0,square_moore__markov__plastic__intr1__struct0__block_async__repeated_lesion__s3__3e055c0a2e,0.0122066178353992,0.0032942116707837,0.25,False,0.5846841073970616,0.003,0.016,markov,0.68,square_moore,50,100,0.9,0.4510905726033661,0.3,1,0.42,0.08,280,0.3802078246913488,0.2,20,1.5132063540942793,3.1016079447198738e-18,0.2,plastic,secondary,0.0115287725027475,False,block_async,50,250,390,3,-1,1.0,0.6,0.6,100,0.0365085443929858,0,0,35,0.9977816358024691,2,0,0.55,0.0,0.75,35.0,repeated_lesion,30.0,0.45,0.2,0.1,0.002,8.0
72,500,0.3966786782321968,0.5,-0.3190765323550823,0.0,0.125,0.2668344870472139,square_moore__ql__plastic__intr0__struct1__alpha_async__repeated_lesion__s3__dbd06e053e,0.0048243868370156,-0.0056158200261527,0.25,False,0.5754577410215832,0.003,0.016,ql,0.68,square_moore,50,100,0.9,0.4569383783442077,0.3,0,0.42,0.08,280,0.3934027833452511,0.2,20,1.4629956597902392,2.6645798400273386e-18,0.2,plastic,secondary,-0.0005720787821977,False,alpha_async,50,250,390,3,-1,1.0,0.6,0.6,100,0.0229245941681274,29645,1,35,0.75,2,29645,0.55,0.0,0.75,35.0,repeated_lesion,30.0,0.45,0.2,0.1,0.002,8.0
72,500,0.4420143256925997,0.5,-0.2727956883525789,0.0,0.125,0.0,hex_cells__markov__plastic__intr0__struct0__synchronous__repeated_lesion__s3__e286ffa860,0.0058034652959231,-0.0008715427186978,0.25,False,0.6746126330777286,0.003,0.016,markov,0.68,hex_cells,50,100,0.9,0.3876383720144372,0.3,0,0.42,0.08,280,0.4436333151647279,0.2,20,1.325320969127159,2.0080685244508186e-18,0.2,plastic,secondary,-0.0266799391077762,False,synchronous,50,250,390,3,-1,1.0,0.6,0.6,100,0.0181258196602884,0,0,35,1.0,2,0,0.55,0.0,0.75,35.0,repeated_lesion,30.0,0.45,0.2,0.1,0.002,8.0
72,500,0.411881793747651,0.5,-0.3106681654497543,0.0904124990320261,0.125,0.0,hex_cells__markov__plastic__intr1__struct0__block_async__repeated_lesion__s3__79c5a92eb6,0.0235360233967454,0.0176270630659631,0.25,False,0.6350329415030577,0.003,0.016,markov,0.68,hex_cells,50,100,0.9,0.4222279023266087,0.3,1,0.42,0.08,280,0.4129867762776595,0.2,20,1.2771526898872894,2.5632649118639648e-18,0.2,plastic,secondary,0.0185234828953975,False,block_async,50,250,390,3,-1,1.0,0.6,0.6,100,0.0056765262958264,0,0,35,1.0,2,0,0.55,0.0,0.75,35.0,repeated_lesion,30.0,0.45,0.2,0.1,0.002,8.0
72,500,0.4228658831394495,0.5,-0.1950448757730679,0.0,0.125,0.2289733136627418,hex_cells__ql__plastic__intr0__struct1__alpha_async__repeated_lesion__s3__a68e8e87c1,-0.0012056691050023,0.0055838353859958,0.25,False,0.700868550064321,0.003,0.016,ql,0.68,hex_cells,50,100,0.9,0.3687741061194412,0.3,0,0.42,0.08,280,0.4147660937234205,0.2,20,1.0647131492346116,2.033557760951708e-18,0.2,plastic,secondary,-0.0049921278325142,False,alpha_async,50,250,390,3,-1,1.0,0.6,0.6,100,0.0025304410010364,31156,1,35,0.6666666666666666,2,31156,0.55,0.0,0.75,35.0,repeated_lesion,30.0,0.45,0.2,0.1,0.002,8.0
72,500,0.2616349100546776,0.5,0.3959696689088442,0.0,0.125,0.0,honeycomb__markov__plastic__intr0__struct0__synchronous__repeated_lesion__s3__12ca6f0979,0.1543444717439467,0.1291411667282363,0.25,False,0.4966924263719351,0.003,0.016,markov,0.68,honeycomb,50,100,0.9,0.2027495873595247,0.3,0,0.42,0.08,280,0.2662961669019875,0.2,20,1.5180246286278185,2.3636575683117386e-18,0.2,plastic,secondary,0.1440352073635055,False,synchronous,50,250,390,3,-1,1.0,0.6,0.6,100,0.1652940918673984,0,0,35,1.0,2,0,0.55,0.0,0.75,35.0,repeated_lesion,30.0,0.45,0.2,0.1,0.002,8.0
72,500,0.3915040018349392,0.5,-0.2697496722863357,0.1892110845226122,0.125,0.0,honeycomb__markov__plastic__intr1__struct0__block_async__repeated_lesion__s3__6ed9dde51f,0.0183491195839357,0.0053676239616244,0.25,False,0.7152322910029945,0.003,0.016,markov,0.68,honeycomb,50,100,0.9,0.3583062501695891,0.3,1,0.42,0.08,280,0.3894894171670321,0.2,20,1.5337618057119786,1.3211682284017124e-18,0.2,plastic,secondary,0.0123546572125938,False,block_async,50,250,390,3,-1,1.0,0.6,0.6,100,0.0026143156288096,0,0,35,1.0,2,0,0.55,0.0,0.75,35.0,repeated_lesion,30.0,0.45,0.2,0.1,0.002,8.0
72,500,0.321513973499379,0.5,0.066030604223117,0.0,0.125,0.3907184046485513,honeycomb__ql__plastic__intr0__struct1__alpha_async__repeated_lesion__s3__431d7e1960,-0.0216518606729319,0.0030457067458201,0.25,False,0.6605562892327616,0.003,0.016,ql,0.68,honeycomb,50,100,0.9,0.2733302500667017,0.3,0,0.42,0.08,280,0.3144858626648837,0.2,20,1.4402895347926288,3.0569160176369706e-18,0.2,plastic,secondary,-0.0307461110134249,False,alpha_async,50,250,390,3,-1,1.0,0.6,0.6,100,0.0020614488551398,18805,1,35,0.6666666666666666,2,18805,0.55,0.0,0.75,35.0,repeated_lesion,30.0,0.45,0.2,0.1,0.002,8.0
72,500,0.0243099441993867,0.5,0.7593931995775669,0.0,0.125,0.0,extended_moore_r2__markov__plastic__intr0__struct0__synchronous__repeated_lesion__s3__7c4b609ab0,0.1287074948161212,0.2197530463474389,0.25,False,0.0501194560254002,0.003,0.016,markov,0.68,extended_moore_r2,50,100,0.9,0.0145857872380202,0.3,0,0.42,0.08,280,0.0242197510532643,0.2,20,0.308056944264204,2.2305654885836286e-17,0.2,plastic,secondary,0.0883415460455213,False,synchronous,50,250,390,3,-1,1.0,0.6,0.6,100,0.0418465986594622,0,0,35,0.9787487139917695,2,0,0.55,0.0,0.75,35.0,repeated_lesion,30.0,0.45,0.2,0.1,0.002,8.0
72,500,0.2810583564389759,0.5,-0.1831939705409833,0.1583723514496606,0.125,0.0,extended_moore_r2__markov__plastic__intr1__struct0__block_async__repeated_lesion__s3__1dcf784600,0.03460130280615,0.0031752398423049,0.25,False,0.643333947127025,0.003,0.016,markov,0.68,extended_moore_r2,50,100,0.9,0.2702747765528827,0.3,1,0.42,0.08,280,0.2794167011028409,0.2,20,0.8549253574573911,4.5240090629263376e-18,0.2,plastic,secondary,0.030581122459121,False,block_async,50,250,390,3,-1,1.0,0.6,0.6,100,0.0522910685364135,0,0,35,0.8408243312757202,2,0,0.55,0.0,0.75,35.0,repeated_lesion,30.0,0.45,0.2,0.1,0.002,8.0
72,500,0.4733545531234411,0.5,-0.0592483601757975,0.0,0.125,0.1314652833872291,extended_moore_r2__ql__plastic__intr0__struct1__alpha_async__repeated_lesion__s3__869c959e7b,0.0069924966213487,0.0016529439589393,0.25,False,0.8380854203244128,0.003,0.016,ql,0.68,extended_moore_r2,50,100,0.9,0.2610172056795199,0.3,0,0.42,0.08,280,0.4372795143871416,0.2,20,0.8182165059906094,2.5965613220439118e-18,0.2,plastic,secondary,0.0158815088046503,False,alpha_async,50,250,390,3,-1,1.0,0.6,0.6,100,0.0058472716509559,40143,1,35,0.7497106481481481,2,39567,0.55,0.0,0.75,35.0,repeated_lesion,30.0,0.45,0.2,0.1,0.002,8.0
72,500,0.4207255160015591,0.5,0.4496004428485175,0.0,0.125,0.0,extended_hex_r2__markov__plastic__intr0__struct0__synchronous__repeated_lesion__s3__55cd09f891,-0.0419837594370582,0.021894210762154,0.25,False,0.8589587600693502,0.003,0.016,markov,0.68,extended_hex_r2,50,100,0.9,0.1541425159064718,0.3,0,0.42,0.08,280,0.4144339145023368,0.2,20,1.2432189547870407,4.182047717589223e-18,0.2,plastic,secondary,-0.0791263560164173,False,synchronous,50,250,390,3,-1,1.0,0.6,0.6,100,0.0108861600315137,0,0,35,0.9895940500685872,2,0,0.55,0.0,0.75,35.0,repeated_lesion,30.0,0.45,0.2,0.1,0.002,8.0
72,500,0.3635160799922351,0.5,-0.1588777199981682,0.1052103593500978,0.125,0.0,extended_hex_r2__markov__plastic__intr1__struct0__block_async__repeated_lesion__s3__6889391029,0.022236742146363,-0.0016679285772355,0.25,False,0.7520301732628961,0.003,0.016,markov,0.68,extended_hex_r2,50,100,0.9,0.2786132028059978,0.3,1,0.42,0.08,280,0.3614203473169578,0.2,20,0.1642882299368393,2.6178484098174778e-18,0.2,plastic,secondary,0.026896510846529,False,block_async,50,250,390,3,-1,1.0,0.6,0.6,100,0.0162132318098646,0,0,35,0.9548075274348422,2,0,0.55,0.0,0.75,35.0,repeated_lesion,30.0,0.45,0.2,0.1,0.002,8.0
72,500,0.4152678613372826,0.5,-0.0571748814513403,0.0,0.125,0.1361012198412431,extended_hex_r2__ql__plastic__intr0__struct1__alpha_async__repeated_lesion__s3__2dfef1f18e,0.0107199886725153,0.0077952394193326,0.25,False,0.8307030147539137,0.003,0.016,ql,0.68,extended_hex_r2,50,100,0.9,0.2499306261004699,0.3,0,0.42,0.08,280,0.4431763176999377,0.2,20,0.338928303500955,2.8411871755257247e-18,0.2,plastic,secondary,-0.0357684211316535,False,alpha_async,50,250,390,3,-1,1.0,0.6,0.6,100,0.0026075561809037,39655,1,35,0.7777777777777778,2,39614,0.55,0.0,0.75,35.0,repeated_lesion,30.0,0.45,0.2,0.1,0.002,8.0
72,500,0.4096170882169901,0.5,0.421018152255492,0.0,0.125,0.0,honeycomb_nnn__markov__plastic__intr0__struct0__synchronous__repeated_lesion__s3__8ffdcbe35a,-0.0098649980759913,0.0035458419708342,0.25,False,0.855004601763714,0.003,0.016,markov,0.68,honeycomb_nnn,50,100,0.9,0.158655976520468,0.3,0,0.42,0.08,280,0.4157804404503836,0.2,20,1.2434235638811617,2.4999616588328767e-18,0.2,plastic,secondary,0.0249593716550407,False,synchronous,50,250,390,3,-1,1.0,0.6,0.6,100,0.0064787694740156,0,0,35,1.0,2,0,0.55,0.0,0.75,35.0,repeated_lesion,30.0,0.45,0.2,0.1,0.002,8.0
72,500,0.3781995962402991,0.5,-0.2198203142390999,0.109303864857605,0.125,0.0,honeycomb_nnn__markov__plastic__intr1__struct0__block_async__repeated_lesion__s3__878286af20,0.0172177068504061,0.0171792458147525,0.25,False,0.7420175266598333,0.003,0.016,markov,0.68,honeycomb_nnn,50,100,0.9,0.3197155855847116,0.3,1,0.42,0.08,280,0.3783120701423592,0.2,20,0.6753454458052127,2.523047997789285e-18,0.2,plastic,secondary,0.0194841850137968,False,block_async,50,250,390,3,-1,1.0,0.6,0.6,100,0.0220346248230827,0,0,35,0.9984782235939644,2,0,0.55,0.0,0.75,35.0,repeated_lesion,30.0,0.45,0.2,0.1,0.002,8.0
72,500,0.4106692632235874,0.5,-0.2214535278753445,0.0,0.125,0.2248638315743379,honeycomb_nnn__ql__plastic__intr0__struct1__alpha_async__repeated_lesion__s3__d4de1de3e7,-0.0038388843894434,0.0074479851913806,0.25,False,0.6379505746882776,0.003,0.016,ql,0.68,honeycomb_nnn,50,100,0.9,0.405905916753513,0.3,0,0.42,0.08,280,0.4107679750695257,0.2,20,0.9680753455625344,3.036805401693933e-18,0.2,plastic,secondary,-0.0044560168737911,False,alpha_async,50,250,390,3,-1,1.0,0.6,0.6,100,0.0143279089928019,33317,1,35,0.7777777777777778,2,33317,0.55,0.0,0.75,35.0,repeated_lesion,30.0,0.45,0.2,0.1,0.002,8.0
72,500,0.1357298553742686,0.5,0.4978508621122926,0.0,0.125,0.0,square_vn__markov__plastic__intr0__struct0__alpha_async__lesion__s1__78efe36dec,0.2611743673843997,0.2466743727852003,0.25,False,0.2445713911436661,0.003,0.016,markov,0.68,square_vn,50,100,0.9,0.1206073861175203,0.3,0,0.42,0.08,280,0.1308330466346469,0.2,20,1.1021390982664152,3.576922365737756e-18,0.2,plastic,secondary,0.2238230592806598,False,alpha_async,50,250,390,1,-1,1.0,0.6,0.6,100,0.0913492182827534,0,0,35,1.0,2,0,0.55,0.0,0.75,35.0,lesion,30.0,0.45,0.2,0.1,0.002,8.0
72,500,0.380242324942015,0.5,-0.1239975958097864,0.2149353080029755,0.125,0.0,square_vn__markov__plastic__intr1__struct1__synchronous__lesion__s1__29cc2168c6,0.0157958373628889,0.0012538716316694,0.25,False,0.7466452307041462,0.003,0.016,markov,0.68,square_vn,50,100,0.9,0.3054042857598402,0.3,1,0.42,0.08,280,0.3838497512552852,0.2,20,1.402497801816858,2.120540639433965e-18,0.2,plastic,secondary,0.0147637522411223,False,synchronous,50,250,390,1,-1,1.0,0.6,0.6,100,0.002495897386799,23747,1,35,0.75,2,23747,0.55,0.0,0.75,35.0,lesion,30.0,0.45,0.2,0.1,0.002,8.0
72,500,0.3918826475001936,0.5,-0.1665532896772595,0.0,0.125,0.2754188209204752,square_vn__ql__plastic__intr0__struct1__block_async__lesion__s1__bb024ad1fd,0.0065502115032806,0.0044657682211504,0.25,False,0.7385393949814151,0.003,0.016,ql,0.68,square_vn,50,100,0.9,0.3251806587455131,0.3,0,0.42,0.08,280,0.3909457880551301,0.2,20,1.386924186825348,1.7824604143787086e-18,0.2,plastic,secondary,0.0143689359631955,False,block_async,50,250,390,1,-1,1.0,0.6,0.6,100,0.0022616612756773,27395,1,35,0.75,2,27395,0.55,0.0,0.75,35.0,lesion,30.0,0.45,0.2,0.1,0.002,8.0
72,500,0.4100227337141905,0.5,-0.3707345430419694,0.0,0.125,0.0,square_moore__markov__plastic__intr0__struct0__alpha_async__lesion__s1__24395c9b03,0.0035231214414456,0.0010661217218186,0.25,False,0.5423500289744441,0.003,0.016,markov,0.68,square_moore,50,100,0.9,0.4890729432150866,0.3,0,0.42,0.08,280,0.3976156984380386,0.2,20,1.5270812802876077,2.7122054033475175e-18,0.2,plastic,secondary,0.0175460685466616,False,alpha_async,50,250,390,1,-1,1.0,0.6,0.6,100,0.0256292102930567,0,0,35,0.9990596064814816,2,0,0.55,0.0,0.75,35.0,lesion,30.0,0.45,0.2,0.1,0.002,8.0
72,500,0.4049989594069732,0.5,0.0982223664588398,0.150522671460855,0.125,0.0,square_moore__markov__plastic__intr1__struct1__synchronous__lesion__s1__ac05ad400f,0.0203421081080176,0.0333721365608685,0.25,False,0.8052271803545882,0.003,0.016,markov,0.68,square_moore,50,100,0.9,0.2303474905965106,0.3,1,0.42,0.08,280,0.4083955751015598,0.2,20,1.2160558027989086,2.319997814164523e-18,0.2,plastic,secondary,0.0595373880521597,False,synchronous,50,250,390,1,-1,1.0,0.6,0.6,100,0.0034701983795554,32358,1,35,0.75,2,32358,0.55,0.0,0.75,35.0,lesion,30.0,0.45,0.2,0.1,0.002,8.0
72,500,0.3967345284664175,0.5,-0.3332382613123829,0.0,0.125,0.2851655093316625,square_moore__ql__plastic__intr0__struct1__block_async__lesion__s1__3d5df26093,-0.0018400267266405,0.0012894085069377,0.25,False,0.5517440460505847,0.003,0.016,ql,0.68,square_moore,50,100,0.9,0.4751843815886431,0.3,0,0.42,0.08,280,0.3978467160901179,0.2,20,1.5081767241043562,2.691277597216264e-18,0.2,plastic,secondary,0.003037553900395,False,block_async,50,250,390,1,-1,1.0,0.6,0.6,100,0.0181956211872818,31259,1,35,0.75,2,31259,0.55,0.0,0.75,35.0,lesion,30.0,0.45,0.2,0.1,0.002,8.0
72,500,0.4395362591769284,0.5,-0.3490389208302854,0.0,0.125,0.0,hex_cells__markov__plastic__intr0__struct0__alpha_async__lesion__s1__e2fa814ed2,0.0054235180684996,0.0121831733277982,0.25,False,0.5752544463983911,0.003,0.016,markov,0.68,hex_cells,50,100,0.9,0.4779935944142265,0.3,0,0.42,0.08,280,0.4282657171795923,0.2,20,1.3453576743677242,1.9901795143314252e-18,0.2,plastic,secondary,-0.0060331416601674,False,alpha_async,50,250,390,1,-1,1.0,0.6,0.6,100,0.0085489152695203,0,0,35,1.0,2,0,0.55,0.0,0.75,35.0,lesion,30.0,0.45,0.2,0.1,0.002,8.0
72,500,0.4098253765887304,0.5,-0.0500766293673618,0.1760424366233401,0.125,0.0,hex_cells__markov__plastic__intr1__struct1__synchronous__lesion__s1__9a4cdf8712,0.0254461323334201,0.0112066890668385,0.25,False,0.7636875987708586,0.003,0.016,markov,0.68,hex_cells,50,100,0.9,0.2895173550592415,0.3,1,0.42,0.08,280,0.4137878683143987,0.2,20,1.1547200237494395,2.5846218760437292e-18,0.2,plastic,secondary,0.0127310077798037,False,synchronous,50,250,390,1,-1,1.0,0.6,0.6,100,0.0023927664162964,31511,1,35,0.6666666666666666,2,31511,0.55,0.0,0.75,35.0,lesion,30.0,0.45,0.2,0.1,0.002,8.0
72,500,0.4281648136566051,0.5,-0.2230376288728728,0.0,0.125,0.2301553950378766,hex_cells__ql__plastic__intr0__struct1__block_async__lesion__s1__e893ec95ec,-0.000823222769618,-0.0034523704246652,0.25,False,0.6979989238243919,0.003,0.016,ql,0.68,hex_cells,50,100,0.9,0.3784178972978506,0.3,0,0.42,0.08,280,0.4294213722331603,0.2,20,1.0669658283280443,2.438617651851841e-18,0.2,plastic,secondary,-0.0030570630245415,False,block_async,50,250,390,1,-1,1.0,0.6,0.6,100,0.0028667804949785,35788,1,35,0.6666666666666666,2,35788,0.55,0.0,0.75,35.0,lesion,30.0,0.45,0.2,0.1,0.002,8.0
72,500,0.2075929989860416,0.5,0.4036752740786508,0.0,0.125,0.0,honeycomb__markov__plastic__intr0__struct0__alpha_async__lesion__s1__e47fb71b17,0.1997244414823613,0.1766901059970805,0.25,False,0.3752084741297982,0.003,0.016,markov,0.68,honeycomb,50,100,0.9,0.1829792180329083,0.3,0,0.42,0.08,280,0.1986706954501956,0.2,20,1.3913874706306406,1.5537156642730368e-18,0.2,plastic,secondary,0.1525415469260231,False,alpha_async,50,250,390,1,-1,1.0,0.6,0.6,100,0.1864309839831854,0,0,35,1.0,2,0,0.55,0.0,0.75,35.0,lesion,30.0,0.45,0.2,0.1,0.002,8.0
72,500,0.3618415986249127,0.5,-0.0398562210433881,0.1967721527658001,0.125,0.0,honeycomb__markov__plastic__intr1__struct1__synchronous__lesion__s1__812731e722,-0.0073418087631793,0.0072574967416398,0.25,False,0.7465565258480035,0.003,0.016,markov,0.68,honeycomb,50,100,0.9,0.2817221531431841,0.3,1,0.42,0.08,280,0.3596392874241291,0.2,20,1.39876015933876,1.6311550953473449e-18,0.2,plastic,secondary,-0.0057193444282643,False,synchronous,50,250,390,1,-1,1.0,0.6,0.6,100,0.0019387670193752,21800,1,35,0.6666666666666666,2,21800,0.55,0.0,0.75,35.0,lesion,30.0,0.45,0.2,0.1,0.002,8.0
72,500,0.3244351337694243,0.5,0.0659999599854103,0.0,0.125,0.3820765090629348,honeycomb__ql__plastic__intr0__struct1__block_async__lesion__s1__38584c0f70,0.0066903977509391,-0.0058351144044912,0.25,False,0.6772318999947078,0.003,0.016,ql,0.68,honeycomb,50,100,0.9,0.2668323797093841,0.3,0,0.42,0.08,280,0.3234550331575486,0.2,20,1.4239833744285,1.6149813545737556e-18,0.2,plastic,secondary,0.0030975950101426,False,block_async,50,250,390,1,-1,1.0,0.6,0.6,100,0.0020271034829659,21405,1,35,0.6666666666666666,2,21405,0.55,0.0,0.75,35.0,lesion,30.0,0.45,0.2,0.1,0.002,8.0
72,500,0.4649463378646432,0.5,-0.018412221899237,0.0,0.125,0.0,extended_moore_r2__markov__plastic__intr0__struct0__alpha_async__lesion__s1__8db8d6abf8,-0.0100708426602269,0.0126172829088463,0.25,False,0.8408187198485212,0.003,0.016,markov,0.68,extended_moore_r2,50,100,0.9,0.2510317594933496,0.3,0,0.42,0.08,280,0.4381651678215124,0.2,20,0.8328543467381095,2.5725096605287934e-18,0.2,plastic,secondary,0.0068264479048086,False,alpha_async,50,250,390,1,-1,1.0,0.6,0.6,100,0.0066657098101197,0,0,35,0.981786908436214,2,0,0.55,0.0,0.75,35.0,lesion,30.0,0.45,0.2,0.1,0.002,8.0
72,500,0.4127195321845723,0.5,0.3925874261897112,0.1245770783399994,0.125,0.0,extended_moore_r2__markov__plastic__intr1__struct1__synchronous__lesion__s1__5825fe5486,-0.0023782019467461,0.0191884884249168,0.25,False,0.868145346856737,0.003,0.016,markov,0.68,extended_moore_r2,50,100,0.9,0.1562724077450486,0.3,1,0.42,0.08,280,0.4091147136372647,0.2,20,1.1171450206236946,3.4247690594417872e-18,0.2,plastic,secondary,0.0170729382320693,False,synchronous,50,250,390,1,-1,1.0,0.6,0.6,100,0.0115936743128081,39516,1,35,0.7499196244855967,2,39340,0.55,0.0,0.75,35.0,lesion,30.0,0.45,0.2,0.1,0.002,8.0
72,500,0.3467587298945762,0.5,-0.1871547262038405,0.0,0.125,0.2232835288437504,extended_moore_r2__ql__plastic__intr0__struct1__block_async__lesion__s1__f42302d14f,0.0242552093889783,-0.014548913130112,0.25,False,0.6994797130844626,0.003,0.016,ql,0.68,extended_moore_r2,50,100,0.9,0.3076805231517094,0.3,0,0.42,0.08,280,0.3450729507315813,0.2,20,0.536649763807931,3.558092659001517e-18,0.2,plastic,secondary,0.0320197900800348,False,block_async,50,250,390,1,-1,1.0,0.6,0.6,100,0.0325490609278086,39750,1,35,0.7438994984567902,2,37794,0.55,0.0,0.75,35.0,lesion,30.0,0.45,0.2,0.1,0.002,8.0
72,500,0.4342913806420073,0.5,-0.0059924742923915,0.0,0.125,0.0,extended_hex_r2__markov__plastic__intr0__struct0__alpha_async__lesion__s1__975cbc1ba0,-0.0125154651114644,-0.0255250875590138,0.25,False,0.8455731257730493,0.003,0.016,markov,0.68,extended_hex_r2,50,100,0.9,0.2388130950319006,0.3,0,0.42,0.08,280,0.445451244035632,0.2,20,0.6232560724795082,2.315476579204033e-18,0.2,plastic,secondary,0.0065240436937798,False,alpha_async,50,250,390,1,-1,1.0,0.6,0.6,100,0.0073598018001586,0,0,35,0.9908800582990398,2,0,0.55,0.0,0.75,35.0,lesion,30.0,0.45,0.2,0.1,0.002,8.0
72,500,0.4067997509060331,0.5,0.3955258469809842,0.120813908424205,0.125,0.0,extended_hex_r2__markov__plastic__intr1__struct1__synchronous__lesion__s1__e39851d26a,0.0089561563090518,0.0238130689170893,0.25,False,0.8643131384883487,0.003,0.016,markov,0.68,extended_hex_r2,50,100,0.9,0.1561480064692832,0.3,1,0.42,0.08,280,0.4080680801034551,0.2,20,1.1262681449524747,3.274485834026187e-18,0.2,plastic,secondary,0.0156788357839901,False,synchronous,50,250,390,1,-1,1.0,0.6,0.6,100,0.00884979996147,38114,1,35,0.7777777777777778,2,38101,0.55,0.0,0.75,35.0,lesion,30.0,0.45,0.2,0.1,0.002,8.0
72,500,0.3965737072626136,0.5,-0.1469930903936286,0.0,0.125,0.1932795133646558,extended_hex_r2__ql__plastic__intr0__struct1__block_async__lesion__s1__e118036ddc,0.0260032596879118,0.0226303380563871,0.25,False,0.7782893434945194,0.003,0.016,ql,0.68,extended_hex_r2,50,100,0.9,0.2834422872173117,0.3,0,0.42,0.08,280,0.3953409192567815,0.2,20,0.2846591819673358,2.4783642535629942e-18,0.2,plastic,secondary,0.0247656970284272,False,block_async,50,250,390,1,-1,1.0,0.6,0.6,100,0.0141367954354002,39405,1,35,0.7775205761316872,2,39247,0.55,0.0,0.75,35.0,lesion,30.0,0.45,0.2,0.1,0.002,8.0
72,500,0.4151359849940751,0.5,-0.2680314011473416,0.0,0.125,0.0,honeycomb_nnn__markov__plastic__intr0__struct0__alpha_async__lesion__s1__6f415f22e0,-0.0052920348454724,-0.0033272563168359,0.25,False,0.6238674559618016,0.003,0.016,markov,0.68,honeycomb_nnn,50,100,0.9,0.422648950222679,0.3,0,0.42,0.08,280,0.409320433576587,0.2,20,1.0153132161614835,2.5012836224312004e-18,0.2,plastic,secondary,-0.0060960650212473,False,alpha_async,50,250,390,1,-1,1.0,0.6,0.6,100,0.0301796587866126,0,0,35,0.9995070301783264,2,0,0.55,0.0,0.75,35.0,lesion,30.0,0.45,0.2,0.1,0.002,8.0
72,500,0.4093606354202094,0.5,0.311980088155713,0.1409309288753851,0.125,0.0,honeycomb_nnn__markov__plastic__intr1__struct1__synchronous__lesion__s1__15c6bed8cd,0.0256080106465315,0.0025304064123251,0.25,False,0.8537043835337006,0.003,0.016,markov,0.68,honeycomb_nnn,50,100,0.9,0.1774211907621175,0.3,1,0.42,0.08,280,0.4097344607409661,0.2,20,1.1304656942487867,3.594606266721905e-18,0.2,plastic,secondary,0.0150142366692427,False,synchronous,50,250,390,1,-1,1.0,0.6,0.6,100,0.0048018633899877,31840,1,35,0.7777777777777778,2,31840,0.55,0.0,0.75,35.0,lesion,30.0,0.45,0.2,0.1,0.002,8.0
72,500,0.4203634564378707,0.5,-0.2311219378349096,0.0,0.125,0.2380137135217748,honeycomb_nnn__ql__plastic__intr0__struct1__block_async__lesion__s1__d25ad677cb,0.0056829126236353,-0.0087059203494721,0.25,False,0.6122370962746639,0.003,0.016,ql,0.68,honeycomb_nnn,50,100,0.9,0.426428740543798,0.3,0,0.42,0.08,280,0.4212944708642245,0.2,20,1.0037224309554251,2.52668901307768e-18,0.2,plastic,secondary,0.0125353175850665,False,block_async,50,250,390,1,-1,1.0,0.6,0.6,100,0.0117748812342368,35986,1,35,0.7777777777777778,2,35986,0.55,0.0,0.75,35.0,lesion,30.0,0.45,0.2,0.1,0.002,8.0
72,500,0.1345064542406577,0.5,0.4999667143111398,0.0,0.125,0.0,square_vn__markov__plastic__intr0__struct0__alpha_async__lesion__s2__e49abfb5fb,0.2594924754151496,0.2469360663053757,0.25,False,0.2402575310063577,0.003,0.016,markov,0.68,square_vn,50,100,0.9,0.1192216830264781,0.3,0,0.42,0.08,280,0.1280348235053065,0.2,20,1.1024868980474376,3.9464083266337134e-18,0.2,plastic,secondary,0.2327605175872827,False,alpha_async,50,250,390,2,-1,1.0,0.6,0.6,100,0.0899999886676617,0,0,35,1.0,2,0,0.55,0.0,0.75,35.0,lesion,30.0,0.45,0.2,0.1,0.002,8.0
72,500,0.3805668928524479,0.5,-0.1050804368267794,0.2163665694051641,0.125,0.0,square_vn__markov__plastic__intr1__struct1__synchronous__lesion__s2__5b3b801ac5,0.0080637739698104,0.0043048400175212,0.25,False,0.7460212413245937,0.003,0.016,markov,0.68,square_vn,50,100,0.9,0.3025533587146142,0.3,1,0.42,0.08,280,0.38365755469515,0.2,20,1.4088507995850577,2.12759558806992e-18,0.2,plastic,secondary,0.0068220117111807,False,synchronous,50,250,390,2,-1,1.0,0.6,0.6,100,0.0024082845960572,23748,1,35,0.75,2,23748,0.55,0.0,0.75,35.0,lesion,30.0,0.45,0.2,0.1,0.002,8.0
72,500,0.3918412022222289,0.5,-0.1507485787265331,0.0,0.125,0.2747835244777198,square_vn__ql__plastic__intr0__struct1__block_async__lesion__s2__e49a5cdee5,-0.0030039744568819,-0.0017608382160192,0.25,False,0.7392380116671591,0.003,0.016,ql,0.68,square_vn,50,100,0.9,0.3221452670685175,0.3,0,0.42,0.08,280,0.391689028069381,0.2,20,1.3683664479569158,2.124623607161172e-18,0.2,plastic,secondary,-0.006847360686858,False,block_async,50,250,390,2,-1,1.0,0.6,0.6,100,0.0022844906010523,27534,1,35,0.75,2,27534,0.55,0.0,0.75,35.0,lesion,30.0,0.45,0.2,0.1,0.002,8.0
72,500,0.4079325368692738,0.5,-0.3648900900149797,0.0,0.125,0.0,square_moore__markov__plastic__intr0__struct0__alpha_async__lesion__s2__edf73cc9e5,0.0064000986587025,0.0117881274884291,0.25,False,0.5490951643273572,0.003,0.016,markov,0.68,square_moore,50,100,0.9,0.4842138536402401,0.3,0,0.42,0.08,280,0.3984536889244331,0.2,20,1.521284672713867,2.6220858836141133e-18,0.2,plastic,secondary,0.0120286490322396,False,alpha_async,50,250,390,2,-1,1.0,0.6,0.6,100,0.0338779660629953,0,0,35,0.9988184799382716,2,0,0.55,0.0,0.75,35.0,lesion,30.0,0.45,0.2,0.1,0.002,8.0
72,500,0.4085028850771411,0.5,0.0898421043576485,0.1463928064799433,0.125,0.0,square_moore__markov__plastic__intr1__struct1__synchronous__lesion__s2__f3fef94fd8,0.0207707350485195,0.0276156671912344,0.25,False,0.8085111836640728,0.003,0.016,markov,0.68,square_moore,50,100,0.9,0.2323003820243073,0.3,1,0.42,0.08,280,0.4102778008820105,0.2,20,1.1786668588206466,2.1449063960667287e-18,0.2,plastic,secondary,0.0274449861876338,False,synchronous,50,250,390,2,-1,1.0,0.6,0.6,100,0.0033740797833236,33003,1,35,0.75,2,33003,0.55,0.0,0.75,35.0,lesion,30.0,0.45,0.2,0.1,0.002,8.0
72,500,0.3949121263895602,0.5,-0.3345822860613982,0.0,0.125,0.2846110955674414,square_moore__ql__plastic__intr0__struct1__block_async__lesion__s2__0640a91544,-0.0089041463032359,0.0096902622761249,0.25,False,0.5551035811172025,0.003,0.016,ql,0.68,square_moore,50,100,0.9,0.4724143079279085,0.3,0,0.42,0.08,280,0.3978385310959914,0.2,20,1.5121302892468402,3.1612768072336826e-18,0.2,plastic,secondary,-0.0069416986642892,False,block_async,50,250,390,2,-1,1.0,0.6,0.6,100,0.0327226780691827,30969,1,35,0.75,2,30969,0.55,0.0,0.75,35.0,lesion,30.0,0.45,0.2,0.1,0.002,8.0
72,500,0.4384637175457649,0.5,-0.3458752301246117,0.0,0.125,0.0,hex_cells__markov__plastic__intr0__struct0__alpha_async__lesion__s2__75d193d064,6.057947447530723e-05,0.0047792714328627,0.25,False,0.5749375305795998,0.003,0.016,markov,0.68,hex_cells,50,100,0.9,0.4769265610129074,0.3,0,0.42,0.08,280,0.4271468319283098,0.2,20,1.3481013917815865,1.6051746654390318e-18,0.2,plastic,secondary,-0.0020351218598573,False,alpha_async,50,250,390,2,-1,1.0,0.6,0.6,100,0.0079224007267337,0,0,35,1.0,2,0,0.55,0.0,0.75,35.0,lesion,30.0,0.45,0.2,0.1,0.002,8.0
72,500,0.4120954232938306,0.5,-0.0586997822601447,0.1710719236084914,0.125,0.0,hex_cells__markov__plastic__intr1__struct1__synchronous__lesion__s2__05133d8864,0.016586396743691,0.0110477714144042,0.25,False,0.7611655740019847,0.003,0.016,markov,0.68,hex_cells,50,100,0.9,0.2940239817867301,0.3,1,0.42,0.08,280,0.4140154939866266,0.2,20,1.1588284217883502,1.990047783705564e-18,0.2,plastic,secondary,0.0155696826492399,False,synchronous,50,250,390,2,-1,1.0,0.6,0.6,100,0.0020784794884872,31955,1,35,0.6666666666666666,2,31955,0.55,0.0,0.75,35.0,lesion,30.0,0.45,0.2,0.1,0.002,8.0
72,500,0.4264015690389836,0.5,-0.2233446598127436,0.0,0.125,0.2328531719178648,hex_cells__ql__plastic__intr0__struct1__block_async__lesion__s2__873fccdf42,-0.0043722386150244,-0.0005524370751561,0.25,False,0.6971035959356757,0.003,0.016,ql,0.68,hex_cells,50,100,0.9,0.3787685299482398,0.3,0,0.42,0.08,280,0.4287534048028573,0.2,20,1.068258768960339,2.187832129123402e-18,0.2,plastic,secondary,0.001532735786567,False,block_async,50,250,390,2,-1,1.0,0.6,0.6,100,0.0024132773529667,35841,1,35,0.6666666666666666,2,35841,0.55,0.0,0.75,35.0,lesion,30.0,0.45,0.2,0.1,0.002,8.0
72,500,0.1951097163756455,0.5,0.4234133355638225,0.0,0.125,0.0,honeycomb__markov__plastic__intr0__struct0__alpha_async__lesion__s2__49b27ce676,0.1950869998476607,0.1886254250003985,0.25,False,0.3546625928688051,0.003,0.016,markov,0.68,honeycomb,50,100,0.9,0.1721705386723485,0.3,0,0.42,0.08,280,0.1870689865557483,0.2,20,1.3479027220207684,2.2534205142663922e-18,0.2,plastic,secondary,0.1902209147789736,False,alpha_async,50,250,390,2,-1,1.0,0.6,0.6,100,0.183265893153991,0,0,35,1.0,2,0,0.55,0.0,0.75,35.0,lesion,30.0,0.45,0.2,0.1,0.002,8.0
72,500,0.358250846875253,0.5,-0.0432001829439052,0.1967441244338708,0.125,0.0,honeycomb__markov__plastic__intr1__struct1__synchronous__lesion__s2__cca742311c,-0.0080862307439206,-0.0021341921206054,0.25,False,0.7428270490266049,0.003,0.016,markov,0.68,honeycomb,50,100,0.9,0.2814605777535863,0.3,1,0.42,0.08,280,0.3602665339539874,0.2,20,1.40052053842869,1.761315448407389e-18,0.2,plastic,secondary,-0.0114765221698378,False,synchronous,50,250,390,2,-1,1.0,0.6,0.6,100,0.0022598147834728,21783,1,35,0.6666666666666666,2,21783,0.55,0.0,0.75,35.0,lesion,30.0,0.45,0.2,0.1,0.002,8.0
72,500,0.3257054058987085,0.5,0.0620867285540199,0.0,0.125,0.3727242167014132,honeycomb__ql__plastic__intr0__struct1__block_async__lesion__s2__87923fcd0e,-0.0011172066162864,0.0055779134369221,0.25,False,0.6825083152412269,0.003,0.016,ql,0.68,honeycomb,50,100,0.9,0.2662014105388319,0.3,0,0.42,0.08,280,0.3275488927154804,0.2,20,1.4082664637120097,2.3710289356260023e-18,0.2,plastic,secondary,0.001811145415682,False,block_async,50,250,390,2,-1,1.0,0.6,0.6,100,0.0023852776736983,21268,1,35,0.6666666666666666,2,21268,0.55,0.0,0.75,35.0,lesion,30.0,0.45,0.2,0.1,0.002,8.0
72,500,0.4566891743107873,0.5,0.0101130027149787,0.0,0.125,0.0,extended_moore_r2__markov__plastic__intr0__struct0__alpha_async__lesion__s2__c1fb5c614b,-0.016028624412972,-0.0060631143000826,0.25,False,0.8439081304135895,0.003,0.016,markov,0.68,extended_moore_r2,50,100,0.9,0.2452715919089789,0.3,0,0.42,0.08,280,0.4393046908083475,0.2,20,0.8497803311992609,2.827977549708926e-18,0.2,plastic,secondary,-0.0355675871527429,False,alpha_async,50,250,390,2,-1,1.0,0.6,0.6,100,0.0177093320681137,0,0,35,0.9816100823045268,2,0,0.55,0.0,0.75,35.0,lesion,30.0,0.45,0.2,0.1,0.002,8.0
72,500,0.4054515477581488,0.5,0.4053679569661955,0.1312973357890082,0.125,0.0,extended_moore_r2__markov__plastic__intr1__struct1__synchronous__lesion__s2__cabb9002e0,0.0072401352516325,0.0138177471596298,0.25,False,0.8647363951026975,0.003,0.016,markov,0.68,extended_moore_r2,50,100,0.9,0.1532051742362812,0.3,1,0.42,0.08,280,0.4082084416221886,0.2,20,1.1618877348902568,3.6786347899365935e-18,0.2,plastic,secondary,0.0188890123137872,False,synchronous,50,250,390,2,-1,1.0,0.6,0.6,100,0.0106216803085173,39519,1,35,0.7498955118312757,2,39298,0.55,0.0,0.75,35.0,lesion,30.0,0.45,0.2,0.1,0.002,8.0
72,500,0.3420843957857191,0.5,-0.1909286435100087,0.0,0.125,0.2265816831293098,extended_moore_r2__ql__plastic__intr0__struct1__block_async__lesion__s2__c5fcebe6ba,-0.0028991418966341,-0.0068454265908928,0.25,False,0.6970026235311061,0.003,0.016,ql,0.68,extended_moore_r2,50,100,0.9,0.3054689276723926,0.3,0,0.42,0.08,280,0.339821236045622,0.2,20,0.5245431692050962,3.233897651211336e-18,0.2,plastic,secondary,-0.0053005494738529,False,block_async,50,250,390,2,-1,1.0,0.6,0.6,100,0.0259145950468565,39840,1,35,0.7445344650205762,2,37852,0.55,0.0,0.75,35.0,lesion,30.0,0.45,0.2,0.1,0.002,8.0
72,500,0.4855700687918196,0.5,-0.0377397638365901,0.0,0.125,0.0,extended_hex_r2__markov__plastic__intr0__struct0__alpha_async__lesion__s2__a2c88bf38e,-0.0088765715238454,-0.0042898676622742,0.25,False,0.8513811217219363,0.003,0.016,markov,0.68,extended_hex_r2,50,100,0.9,0.2467347367112811,0.3,0,0.42,0.08,280,0.4433635084733552,0.2,20,0.8387889419600354,2.4979599054647873e-18,0.2,plastic,secondary,0.0448815853606056,False,alpha_async,50,250,390,2,-1,1.0,0.6,0.6,100,0.0022739110233709,0,0,35,0.9908050411522634,2,0,0.55,0.0,0.75,35.0,lesion,30.0,0.45,0.2,0.1,0.002,8.0
72,500,0.4141289764548993,0.5,0.394461550381798,0.1183141828630302,0.125,0.0,extended_hex_r2__markov__plastic__intr1__struct1__synchronous__lesion__s2__edee6a1312,0.0381674754486147,0.0094741363785083,0.25,False,0.8681693350687093,0.003,0.016,markov,0.68,extended_hex_r2,50,100,0.9,0.1573451527630463,0.3,1,0.42,0.08,280,0.4090331956180504,0.2,20,1.1421674817282286,3.2010398757375654e-18,0.2,plastic,secondary,0.0453544106752841,False,synchronous,50,250,390,2,-1,1.0,0.6,0.6,100,0.0090108570039813,38274,1,35,0.7777777777777778,2,38264,0.55,0.0,0.75,35.0,lesion,30.0,0.45,0.2,0.1,0.002,8.0
72,500,0.4026947092672402,0.5,-0.1435591534081795,0.0,0.125,0.1816405895280015,extended_hex_r2__ql__plastic__intr0__struct1__block_async__lesion__s2__a1c63ad88f,0.0143599492878318,-0.0103039579178657,0.25,False,0.8006518863467559,0.003,0.016,ql,0.68,extended_hex_r2,50,100,0.9,0.2695925156516361,0.3,0,0.42,0.08,280,0.4043270988473335,0.2,20,0.2707801234855017,2.3618512503545453e-18,0.2,plastic,secondary,0.0100659002767392,False,block_async,50,250,390,2,-1,1.0,0.6,0.6,100,0.0148568058280873,39471,1,35,0.7775634430727023,2,39320,0.55,0.0,0.75,35.0,lesion,30.0,0.45,0.2,0.1,0.002,8.0
72,500,0.4226395846454096,0.5,-0.2687990832276988,0.0,0.125,0.0,honeycomb_nnn__markov__plastic__intr0__struct0__alpha_async__lesion__s2__4326518600,-0.0010636525360577,0.0029986752234114,0.25,False,0.6052647447502868,0.003,0.016,markov,0.68,honeycomb_nnn,50,100,0.9,0.436749554582149,0.3,0,0.42,0.08,280,0.4149383946635457,0.2,20,1.0376925341361205,2.198192512996921e-18,0.2,plastic,secondary,0.0020906340548903,False,alpha_async,50,250,390,2,-1,1.0,0.6,0.6,100,0.0188249667571544,0,0,35,0.9997427983539094,2,0,0.55,0.0,0.75,35.0,lesion,30.0,0.45,0.2,0.1,0.002,8.0
72,500,0.4058210356024063,0.5,0.3261263089785477,0.1372535910093058,0.125,0.0,honeycomb_nnn__markov__plastic__intr1__struct1__synchronous__lesion__s2__39dc83e346,0.0215782477987334,0.0209390972097329,0.25,False,0.8508236538833778,0.003,0.016,markov,0.68,honeycomb_nnn,50,100,0.9,0.1753241612672304,0.3,1,0.42,0.08,280,0.4106715930935453,0.2,20,1.1511836975223957,2.504351823883453e-18,0.2,plastic,secondary,0.0428408227280687,False,synchronous,50,250,390,2,-1,1.0,0.6,0.6,100,0.0050201672580826,32224,1,35,0.7777777777777778,2,32224,0.55,0.0,0.75,35.0,lesion,30.0,0.45,0.2,0.1,0.002,8.0
72,500,0.412033979507291,0.5,-0.2320364140149399,0.0,0.125,0.2426358686911405,honeycomb_nnn__ql__plastic__intr0__struct1__block_async__lesion__s2__173fb8650b,0.0032368146038072,-0.0057480348316905,0.25,False,0.6181756251009478,0.003,0.016,ql,0.68,honeycomb_nnn,50,100,0.9,0.420234748899926,0.3,0,0.42,0.08,280,0.4145040664109123,0.2,20,0.9998698841229025,1.9872322437554585e-18,0.2,plastic,secondary,-0.0028432879031976,False,block_async,50,250,390,2,-1,1.0,0.6,0.6,100,0.0113220849150676,35707,1,35,0.7777777777777778,2,35707,0.55,0.0,0.75,35.0,lesion,30.0,0.45,0.2,0.1,0.002,8.0
72,500,0.1418633762845512,0.5,0.4956305419854886,0.0,0.125,0.0,square_vn__markov__plastic__intr0__struct0__alpha_async__lesion__s3__c73a17f75a,0.2581529263532564,0.2343571353369752,0.25,False,0.2548482559957121,0.003,0.016,markov,0.68,square_vn,50,100,0.9,0.1251649627672376,0.3,0,0.42,0.08,280,0.136235152479036,0.2,20,1.1349939481914932,2.7084060905786604e-18,0.2,plastic,secondary,0.2410869232806435,False,alpha_async,50,250,390,3,-1,1.0,0.6,0.6,100,0.0883981336441669,0,0,35,1.0,2,0,0.55,0.0,0.75,35.0,lesion,30.0,0.45,0.2,0.1,0.002,8.0
72,500,0.3818873350021424,0.5,-0.1106636137808678,0.2180111991712246,0.125,0.0,square_vn__markov__plastic__intr1__struct1__synchronous__lesion__s3__65bbe57261,0.0059822300722103,-0.0001139034610946,0.25,False,0.7503163371210972,0.003,0.016,markov,0.68,square_vn,50,100,0.9,0.3013317751337833,0.3,1,0.42,0.08,280,0.3830040357660002,0.2,20,1.4100543038430786,2.7964881190448913e-18,0.2,plastic,secondary,0.0175848810264247,False,synchronous,50,250,390,3,-1,1.0,0.6,0.6,100,0.0025655550333802,23556,1,35,0.75,2,23556,0.55,0.0,0.75,35.0,lesion,30.0,0.45,0.2,0.1,0.002,8.0
72,500,0.3888793341594192,0.5,-0.1580026967297102,0.0,0.125,0.2749018691849621,square_vn__ql__plastic__intr0__struct1__block_async__lesion__s3__6e475bc1ed,0.0064320781458747,0.0033974520366467,0.25,False,0.7338874066420911,0.003,0.016,ql,0.68,square_vn,50,100,0.9,0.3250831906002471,0.3,0,0.42,0.08,280,0.3911236359979613,0.2,20,1.3748287858398975,2.296360393324499e-18,0.2,plastic,secondary,-0.0027087609712233,False,block_async,50,250,390,3,-1,1.0,0.6,0.6,100,0.0024302436700281,27501,1,35,0.75,2,27501,0.55,0.0,0.75,35.0,lesion,30.0,0.45,0.2,0.1,0.002,8.0
72,500,0.410124713590113,0.5,-0.3699084964798441,0.0,0.125,0.0,square_moore__markov__plastic__intr0__struct0__alpha_async__lesion__s3__5857f8e4a3,0.0091035815917142,0.0054472690714365,0.25,False,0.547057362422391,0.003,0.016,markov,0.68,square_moore,50,100,0.9,0.4879994303008986,0.3,0,0.42,0.08,280,0.3992200991922932,0.2,20,1.5240924926840267,3.3213153821518197e-18,0.2,plastic,secondary,0.0160918909131023,False,alpha_async,50,250,390,3,-1,1.0,0.6,0.6,100,0.0681962573293215,0,0,35,0.9991560570987654,2,0,0.55,0.0,0.75,35.0,lesion,30.0,0.45,0.2,0.1,0.002,8.0
72,500,0.4080367381974922,0.5,0.1088530590096979,0.1439426458400338,0.125,0.0,square_moore__markov__plastic__intr1__struct1__synchronous__lesion__s3__e9f861f4cf,0.0176580929347993,-0.0046812949094622,0.25,False,0.8095350021771193,0.003,0.016,markov,0.68,square_moore,50,100,0.9,0.2274472178990387,0.3,1,0.42,0.08,280,0.4101490054944032,0.2,20,1.2295020558028094,2.1913005186398986e-18,0.2,plastic,secondary,0.0081612043541981,False,synchronous,50,250,390,3,-1,1.0,0.6,0.6,100,0.0046030092607968,33267,1,35,0.75,2,33267,0.55,0.0,0.75,35.0,lesion,30.0,0.45,0.2,0.1,0.002,8.0
72,500,0.3966738968295901,0.5,-0.3304753697665535,0.0,0.125,0.2819010023418613,square_moore__ql__plastic__intr0__struct1__block_async__lesion__s3__7839a50786,0.0010437832089877,0.0026377745442528,0.25,False,0.5587301941430736,0.003,0.016,ql,0.68,square_moore,50,100,0.9,0.4705685117319124,0.3,0,0.42,0.08,280,0.399531572321142,0.2,20,1.5010760244712544,2.7091821212310054e-18,0.2,plastic,secondary,0.0054238582736804,False,block_async,50,250,390,3,-1,1.0,0.6,0.6,100,0.0466284598555443,31518,1,35,0.75,2,31518,0.55,0.0,0.75,35.0,lesion,30.0,0.45,0.2,0.1,0.002,8.0
72,500,0.4359216811856492,0.5,-0.3411574503508885,0.0,0.125,0.0,hex_cells__markov__plastic__intr0__struct0__alpha_async__lesion__s3__745a76b098,0.0046440996809592,0.0067953680402082,0.25,False,0.5869729860031724,0.003,0.016,markov,0.68,hex_cells,50,100,0.9,0.4678481462762082,0.3,0,0.42,0.08,280,0.42483574017412,0.2,20,1.3216053708229132,1.9711824924862494e-18,0.2,plastic,secondary,0.0170769034853222,False,alpha_async,50,250,390,3,-1,1.0,0.6,0.6,100,0.0071332641934332,0,0,35,1.0,2,0,0.55,0.0,0.75,35.0,lesion,30.0,0.45,0.2,0.1,0.002,8.0
72,500,0.4154274799737458,0.5,-0.0574222858502847,0.1793098387699296,0.125,0.0,hex_cells__markov__plastic__intr1__struct1__synchronous__lesion__s3__15ba41a4d7,0.0185819882992143,0.0063644179922564,0.25,False,0.7638137001406278,0.003,0.016,markov,0.68,hex_cells,50,100,0.9,0.2940754323492545,0.3,1,0.42,0.08,280,0.4140133868021535,0.2,20,1.1616541877531958,1.7233304107282533e-18,0.2,plastic,secondary,0.0193835205817407,False,synchronous,50,250,390,3,-1,1.0,0.6,0.6,100,0.0020217317799995,31667,1,35,0.6666666666666666,2,31667,0.55,0.0,0.75,35.0,lesion,30.0,0.45,0.2,0.1,0.002,8.0
72,500,0.4262789271364939,0.5,-0.2201655095953738,0.0,0.125,0.2305960594290715,hex_cells__ql__plastic__intr0__struct1__block_async__lesion__s3__6287ee3735,0.0072767781266811,0.0023091977471482,0.25,False,0.7013805203422692,0.003,0.016,ql,0.68,hex_cells,50,100,0.9,0.375265868153135,0.3,0,0.42,0.08,280,0.4285361321840104,0.2,20,1.0578558615083575,2.106443974999002e-18,0.2,plastic,secondary,-0.0088127720776679,False,block_async,50,250,390,3,-1,1.0,0.6,0.6,100,0.0022224586251257,36013,1,35,0.6666666666666666,2,36013,0.55,0.0,0.75,35.0,lesion,30.0,0.45,0.2,0.1,0.002,8.0
72,500,0.2053227325520792,0.5,0.4183836141809302,0.0,0.125,0.0,honeycomb__markov__plastic__intr0__struct0__alpha_async__lesion__s3__3d398834b9,0.1992153211661098,0.1812689761737174,0.25,False,0.3720361449037351,0.003,0.016,markov,0.68,honeycomb,50,100,0.9,0.1787140912398204,0.3,0,0.42,0.08,280,0.1947713362271395,0.2,20,1.388684464351719,2.040861843261525e-18,0.2,plastic,secondary,0.163968969886319,False,alpha_async,50,250,390,3,-1,1.0,0.6,0.6,100,0.182858513193965,0,0,35,1.0,2,0,0.55,0.0,0.75,35.0,lesion,30.0,0.45,0.2,0.1,0.002,8.0
72,500,0.3596802553524777,0.5,-0.0548812486940753,0.2039750800392183,0.125,0.0,honeycomb__markov__plastic__intr1__struct1__synchronous__lesion__s3__ccb4e808c1,-0.0071820910290647,5.764743701412792e-05,0.25,False,0.7433586678910068,0.003,0.016,markov,0.68,honeycomb,50,100,0.9,0.2847853487386427,0.3,1,0.42,0.08,280,0.3593812364690892,0.2,20,1.4080300445355618,1.8132440297220493e-18,0.2,plastic,secondary,-0.0025507353680121,False,synchronous,50,250,390,3,-1,1.0,0.6,0.6,100,0.0020431594399697,21611,1,35,0.6666666666666666,2,21611,0.55,0.0,0.75,35.0,lesion,30.0,0.45,0.2,0.1,0.002,8.0
72,500,0.3295329260467011,0.5,0.0574818360670748,0.0,0.125,0.3673130744840682,honeycomb__ql__plastic__intr0__struct1__block_async__lesion__s3__196089b9b4,0.002045645674807,-0.000667222820517,0.25,False,0.6827483610056695,0.003,0.016,ql,0.68,honeycomb,50,100,0.9,0.2699943041592829,0.3,0,0.42,0.08,280,0.327724107454548,0.2,20,1.430319345474958,1.3273527073965396e-18,0.2,plastic,secondary,0.0163865198429673,False,block_async,50,250,390,3,-1,1.0,0.6,0.6,100,0.0019279761083806,21582,1,35,0.6666666666666666,2,21582,0.55,0.0,0.75,35.0,lesion,30.0,0.45,0.2,0.1,0.002,8.0
72,500,0.4718711357343664,0.5,-0.0098854159075901,0.0,0.125,0.0,extended_moore_r2__markov__plastic__intr0__struct0__alpha_async__lesion__s3__26b0bd063f,-0.0105192594678031,-0.0073409458927338,0.25,False,0.8437653906669041,0.003,0.016,markov,0.68,extended_moore_r2,50,100,0.9,0.2497348016806234,0.3,0,0.42,0.08,280,0.4402461415590605,0.2,20,0.8717467104949504,2.7162476413898113e-18,0.2,plastic,secondary,0.0623464230696164,False,alpha_async,50,250,390,3,-1,1.0,0.6,0.6,100,0.0064879498183902,0,0,35,0.982397762345679,2,0,0.55,0.0,0.75,35.0,lesion,30.0,0.45,0.2,0.1,0.002,8.0
72,500,0.4097964064881843,0.5,0.3968967534061237,0.1230645638717283,0.125,0.0,extended_moore_r2__markov__plastic__intr1__struct1__synchronous__lesion__s3__c0c38679f8,-0.0057334836849736,-0.030504513415811,0.25,False,0.8662202310189914,0.003,0.016,markov,0.68,extended_moore_r2,50,100,0.9,0.1554771549163154,0.3,1,0.42,0.08,280,0.4085474211265985,0.2,20,1.1249039705090875,3.8410588692973586e-18,0.2,plastic,secondary,-0.0279979008944011,False,synchronous,50,250,390,3,-1,1.0,0.6,0.6,100,0.0119347232526429,39864,1,35,0.7499678497942387,2,39689,0.55,0.0,0.75,35.0,lesion,30.0,0.45,0.2,0.1,0.002,8.0
72,500,0.3380142125270912,0.5,-0.1901531455600855,0.0,0.125,0.2284669783401149,extended_moore_r2__ql__plastic__intr0__struct1__block_async__lesion__s3__c8e6ed4043,0.0123761790881709,0.0035265973664859,0.25,False,0.6914432245915689,0.003,0.016,ql,0.68,extended_moore_r2,50,100,0.9,0.3049968157286319,0.3,0,0.42,0.08,280,0.3353658078320071,0.2,20,0.5514381763534264,3.4268474710703645e-18,0.2,plastic,secondary,0.0112598630179738,False,block_async,50,250,390,3,-1,1.0,0.6,0.6,100,0.0291861635695603,40042,1,35,0.7435136959876543,2,37817,0.55,0.0,0.75,35.0,lesion,30.0,0.45,0.2,0.1,0.002,8.0
72,500,0.4358031452572866,0.5,0.0074915530405987,0.0,0.125,0.0,extended_hex_r2__markov__plastic__intr0__struct0__alpha_async__lesion__s3__91319c7ed1,-0.0158308496824905,-0.0077846163845158,0.25,False,0.8457820880271468,0.003,0.016,markov,0.68,extended_hex_r2,50,100,0.9,0.2389321071485155,0.3,0,0.42,0.08,280,0.4440906467093039,0.2,20,0.701073715302244,2.495752261897391e-18,0.2,plastic,secondary,-0.049993356852314,False,alpha_async,50,250,390,3,-1,1.0,0.6,0.6,100,0.0173506279615668,0,0,35,0.9902692043895748,2,0,0.55,0.0,0.75,35.0,lesion,30.0,0.45,0.2,0.1,0.002,8.0
72,500,0.4041452253336527,0.5,0.4105300480228496,0.1208163488049843,0.125,0.0,extended_hex_r2__markov__plastic__intr1__struct1__synchronous__lesion__s3__61b798338c,-0.002915717332863,-0.0243548143137642,0.25,False,0.8621182033873629,0.003,0.016,markov,0.68,extended_hex_r2,50,100,0.9,0.1539882690578668,0.3,1,0.42,0.08,280,0.4086059728341302,0.2,20,1.163804813023831,2.9364381999438052e-18,0.2,plastic,secondary,0.0360182190859796,False,synchronous,50,250,390,3,-1,1.0,0.6,0.6,100,0.010759225335322,38402,1,35,0.7777777777777778,2,38392,0.55,0.0,0.75,35.0,lesion,30.0,0.45,0.2,0.1,0.002,8.0
72,500,0.3930361001329874,0.5,-0.1438027642082985,0.0,0.125,0.1941036826656626,extended_hex_r2__ql__plastic__intr0__struct1__block_async__lesion__s3__b4ce5da366,-0.0058682292826159,-0.0193886082205332,0.25,False,0.7783821290243772,0.003,0.016,ql,0.68,extended_hex_r2,50,100,0.9,0.2790184301609699,0.3,0,0.42,0.08,280,0.393856398962624,0.2,20,0.2735084373159782,2.8043647915033587e-18,0.2,plastic,secondary,0.0118681990654776,False,block_async,50,250,390,3,-1,1.0,0.6,0.6,100,0.0173882753517745,39727,1,35,0.7775205761316872,2,39573,0.55,0.0,0.75,35.0,lesion,30.0,0.45,0.2,0.1,0.002,8.0
72,500,0.4118212355668212,0.5,-0.2687521301773939,0.0,0.125,0.0,honeycomb_nnn__markov__plastic__intr0__struct0__alpha_async__lesion__s3__a605546f98,-0.0046726945637187,-0.0024477346986334,0.25,False,0.623664369492613,0.003,0.016,markov,0.68,honeycomb_nnn,50,100,0.9,0.4216903865033628,0.3,0,0.42,0.08,280,0.4073850143784588,0.2,20,1.030360969496605,3.3841258600677134e-18,0.2,plastic,secondary,-0.0032964758338146,False,alpha_async,50,250,390,3,-1,1.0,0.6,0.6,100,0.0279508052931397,0,0,35,0.9994855967078188,2,0,0.55,0.0,0.75,35.0,lesion,30.0,0.45,0.2,0.1,0.002,8.0
72,500,0.4106891738748217,0.5,0.3299550797375161,0.1385392005899622,0.125,0.0,honeycomb_nnn__markov__plastic__intr1__struct1__synchronous__lesion__s3__5e4ce00d88,0.0068606641903048,0.000431956972391,0.25,False,0.8513745285821599,0.003,0.016,markov,0.68,honeycomb_nnn,50,100,0.9,0.1766851944182316,0.3,1,0.42,0.08,280,0.4105927387198615,0.2,20,1.1701516241465415,2.33999659780311e-18,0.2,plastic,secondary,0.0491852656592604,False,synchronous,50,250,390,3,-1,1.0,0.6,0.6,100,0.0047308492538331,32154,1,35,0.7777777777777778,2,32154,0.55,0.0,0.75,35.0,lesion,30.0,0.45,0.2,0.1,0.002,8.0
72,500,0.4173825410136521,0.5,-0.2301413401000203,0.0,0.125,0.2357759185680371,honeycomb_nnn__ql__plastic__intr0__struct1__block_async__lesion__s3__5feaff5440,0.0081100392978866,0.0065018523834167,0.25,False,0.6195182960316025,0.003,0.016,ql,0.68,honeycomb_nnn,50,100,0.9,0.4211221635748529,0.3,0,0.42,0.08,280,0.4225923079497099,0.2,20,0.9831019955804504,2.4493193828478426e-18,0.2,plastic,secondary,0.0073130111332091,False,block_async,50,250,390,3,-1,1.0,0.6,0.6,100,0.0091641965992664,36148,1,35,0.7777777777777778,2,36148,0.55,0.0,0.75,35.0,lesion,30.0,0.45,0.2,0.1,0.002,8.0
72,500,0.1354305353923454,0.5,0.5012887571195135,0.0,0.125,0.0,square_vn__markov__plastic__intr0__struct0__alpha_async__repeated_lesion__s1__9486c3d641,0.2637065378099561,0.2455770189290626,0.25,False,0.244575115095481,0.003,0.016,markov,0.68,square_vn,50,100,0.9,0.1197148817924583,0.3,0,0.42,0.08,280,0.1311437131597173,0.2,20,1.099675734183616,5.046547263139106e-18,0.2,plastic,secondary,0.2324326158737406,False,alpha_async,50,250,390,1,-1,1.0,0.6,0.6,100,0.0941001359842129,0,0,35,1.0,2,0,0.55,0.0,0.75,35.0,repeated_lesion,30.0,0.45,0.2,0.1,0.002,8.0
72,500,0.3817289961987449,0.5,-0.1079994041209389,0.2150805104875891,0.125,0.0,square_vn__markov__plastic__intr1__struct1__synchronous__repeated_lesion__s1__595d7d0cf8,0.0226817671354103,0.0193258368525765,0.25,False,0.7460002547112439,0.003,0.016,markov,0.68,square_vn,50,100,0.9,0.3037892218270887,0.3,1,0.42,0.08,280,0.3827406498753155,0.2,20,1.4118597666483717,2.542070198233838e-18,0.2,plastic,secondary,0.0266582896628495,False,synchronous,50,250,390,1,-1,1.0,0.6,0.6,100,0.0023151064010509,23696,1,35,0.75,2,23696,0.55,0.0,0.75,35.0,repeated_lesion,30.0,0.45,0.2,0.1,0.002,8.0
72,500,0.3893978958486256,0.5,-0.1512486183276734,0.0,0.125,0.2742947921061696,square_vn__ql__plastic__intr0__struct1__block_async__repeated_lesion__s1__5c5f2ebee0,-0.0028134820061785,-1.620736452426913e-05,0.25,False,0.7342817580493095,0.003,0.016,ql,0.68,square_vn,50,100,0.9,0.3238935364939767,0.3,0,0.42,0.08,280,0.3917941487966362,0.2,20,1.377023597958146,2.4735045861786717e-18,0.2,plastic,secondary,-0.0160288991046521,False,block_async,50,250,390,1,-1,1.0,0.6,0.6,100,0.002406721428117,27389,1,35,0.75,2,27389,0.55,0.0,0.75,35.0,repeated_lesion,30.0,0.45,0.2,0.1,0.002,8.0
72,500,0.4092577710428082,0.5,-0.3683299309072633,0.0,0.125,0.0,square_moore__markov__plastic__intr0__struct0__alpha_async__repeated_lesion__s1__d0e4d6e72b,-0.0010348583991559,0.0066040749202144,0.25,False,0.5461838702059069,0.003,0.016,markov,0.68,square_moore,50,100,0.9,0.4856741227149223,0.3,0,0.42,0.08,280,0.3969378792043873,0.2,20,1.5235590172110307,2.818590235880433e-18,0.2,plastic,secondary,0.0118174485185807,False,alpha_async,50,250,390,1,-1,1.0,0.6,0.6,100,0.0264236287433982,0,0,35,0.9990113811728396,2,0,0.55,0.0,0.75,35.0,repeated_lesion,30.0,0.45,0.2,0.1,0.002,8.0
72,500,0.4078755277647426,0.5,0.0902603924163749,0.1505147512179536,0.125,0.0,square_moore__markov__plastic__intr1__struct1__synchronous__repeated_lesion__s1__868a22c311,0.0170808472913621,0.0136927365744149,0.25,False,0.802775678991218,0.003,0.016,markov,0.68,square_moore,50,100,0.9,0.2342441842456507,0.3,1,0.42,0.08,280,0.4094814812685812,0.2,20,1.2235067253625187,2.655681650746281e-18,0.2,plastic,secondary,-0.0540365056988215,False,synchronous,50,250,390,1,-1,1.0,0.6,0.6,100,0.0042672643188627,32365,1,35,0.75,2,32365,0.55,0.0,0.75,35.0,repeated_lesion,30.0,0.45,0.2,0.1,0.002,8.0
72,500,0.3961415536716781,0.5,-0.3390104542319258,0.0,0.125,0.2867707908918633,square_moore__ql__plastic__intr0__struct1__block_async__repeated_lesion__s1__95081fa920,0.0021049204174367,-0.0025092390972636,0.25,False,0.551555757548963,0.003,0.016,ql,0.68,square_moore,50,100,0.9,0.4765987038322812,0.3,0,0.42,0.08,280,0.3977637846888571,0.2,20,1.517017756973427,2.5191606852565765e-18,0.2,plastic,secondary,-0.00350743633373,False,block_async,50,250,390,1,-1,1.0,0.6,0.6,100,0.0258316315280914,31262,1,35,0.75,2,31262,0.55,0.0,0.75,35.0,repeated_lesion,30.0,0.45,0.2,0.1,0.002,8.0
72,500,0.4398142382036393,0.5,-0.3484686162537772,0.0,0.125,0.0,hex_cells__markov__plastic__intr0__struct0__alpha_async__repeated_lesion__s1__a851391e99,0.0022950716592909,0.013221270540533,0.25,False,0.577418321485432,0.003,0.016,markov,0.68,hex_cells,50,100,0.9,0.4764724453450155,0.3,0,0.42,0.08,280,0.4285107374961248,0.2,20,1.3453426617201572,2.1355362706209238e-18,0.2,plastic,secondary,0.0002708898689539,False,alpha_async,50,250,390,1,-1,1.0,0.6,0.6,100,0.0080449793445002,0,0,35,1.0,2,0,0.55,0.0,0.75,35.0,repeated_lesion,30.0,0.45,0.2,0.1,0.002,8.0
72,500,0.4084854130820979,0.5,-0.0605766847766826,0.1761037766834089,0.125,0.0,hex_cells__markov__plastic__intr1__struct1__synchronous__repeated_lesion__s1__adfa0bd92f,0.0177290184668317,0.011456497526277,0.25,False,0.756753272231245,0.003,0.016,markov,0.68,hex_cells,50,100,0.9,0.2956598014384758,0.3,1,0.42,0.08,280,0.4136667823742699,0.2,20,1.167291809210434,2.583335857933004e-18,0.2,plastic,secondary,0.0162736740700865,False,synchronous,50,250,390,1,-1,1.0,0.6,0.6,100,0.0020114329284242,31531,1,35,0.6666666666666666,2,31531,0.55,0.0,0.75,35.0,repeated_lesion,30.0,0.45,0.2,0.1,0.002,8.0
72,500,0.4264951815235641,0.5,-0.2206667924905657,0.0,0.125,0.2331853687016256,hex_cells__ql__plastic__intr0__struct1__block_async__repeated_lesion__s1__9330ed7c61,0.0071237282557613,0.0028243739652026,0.25,False,0.7005566713764741,0.003,0.016,ql,0.68,hex_cells,50,100,0.9,0.3763376110559181,0.3,0,0.42,0.08,280,0.4285330196941708,0.2,20,1.0542640932155785,1.901752882466537e-18,0.2,plastic,secondary,0.0029352478581441,False,block_async,50,250,390,1,-1,1.0,0.6,0.6,100,0.0022635251308763,35855,1,35,0.6666666666666666,2,35855,0.55,0.0,0.75,35.0,repeated_lesion,30.0,0.45,0.2,0.1,0.002,8.0
72,500,0.2011894953919859,0.5,0.4164402060177778,0.0,0.125,0.0,honeycomb__markov__plastic__intr0__struct0__alpha_async__repeated_lesion__s1__38a6ec2454,0.2044819815433802,0.1793234722529919,0.25,False,0.3635217040724354,0.003,0.016,markov,0.68,honeycomb,50,100,0.9,0.1770338405255932,0.3,0,0.42,0.08,280,0.1928751642354914,0.2,20,1.3728253327245103,1.5945721457842089e-18,0.2,plastic,secondary,0.1902064609359673,False,alpha_async,50,250,390,1,-1,1.0,0.6,0.6,100,0.1933501073757834,0,0,35,1.0,2,0,0.55,0.0,0.75,35.0,repeated_lesion,30.0,0.45,0.2,0.1,0.002,8.0
72,500,0.3591321959045162,0.5,-0.0341196847943967,0.1967600789615054,0.125,0.0,honeycomb__markov__plastic__intr1__struct1__synchronous__repeated_lesion__s1__e484f33d80,-0.0052338199993747,-0.0009342271004522,0.25,False,0.7450731875933675,0.003,0.016,markov,0.68,honeycomb,50,100,0.9,0.2797192026598877,0.3,1,0.42,0.08,280,0.3599645503314615,0.2,20,1.3945068567662775,1.3917569867506381e-18,0.2,plastic,secondary,-0.0105323334763975,False,synchronous,50,250,390,1,-1,1.0,0.6,0.6,100,0.0018265916191239,21802,1,35,0.6666666666666666,2,21802,0.55,0.0,0.75,35.0,repeated_lesion,30.0,0.45,0.2,0.1,0.002,8.0
72,500,0.3248566632702773,0.5,0.0699725650444856,0.0,0.125,0.3840875046801283,honeycomb__ql__plastic__intr0__struct1__block_async__repeated_lesion__s1__73c3b593b8,0.0051262861293588,-0.000421732353113,0.25,False,0.6764986112767164,0.003,0.016,ql,0.68,honeycomb,50,100,0.9,0.2663289849875012,0.3,0,0.42,0.08,280,0.323918044804386,0.2,20,1.4234706676210445,2.8427523676700577e-18,0.2,plastic,secondary,0.0262560742304554,False,block_async,50,250,390,1,-1,1.0,0.6,0.6,100,0.0020917322904129,21431,1,35,0.6666666666666666,2,21431,0.55,0.0,0.75,35.0,repeated_lesion,30.0,0.45,0.2,0.1,0.002,8.0
72,500,0.4651107955888072,0.5,-0.0179767148615906,0.0,0.125,0.0,extended_moore_r2__markov__plastic__intr0__struct0__alpha_async__repeated_lesion__s1__4b6494dd00,-0.0102101922915284,0.013375637419421,0.25,False,0.8409297772888931,0.003,0.016,markov,0.68,extended_moore_r2,50,100,0.9,0.2509333177638375,0.3,0,0.42,0.08,280,0.4382554345459311,0.2,20,0.8344151430461979,2.6979969519391082e-18,0.2,plastic,secondary,0.0070462257510273,False,alpha_async,50,250,390,1,-1,1.0,0.6,0.6,100,0.0066174278995734,0,0,35,0.981811021090535,2,0,0.55,0.0,0.75,35.0,repeated_lesion,30.0,0.45,0.2,0.1,0.002,8.0
72,500,0.4065324529074295,0.5,0.4001913063390344,0.1246067507277403,0.125,0.0,extended_moore_r2__markov__plastic__intr1__struct1__synchronous__repeated_lesion__s1__acd413debe,0.0005594199912731,0.013301457095774,0.25,False,0.8645265228470217,0.003,0.016,markov,0.68,extended_moore_r2,50,100,0.9,0.1545378594277535,0.3,1,0.42,0.08,280,0.4088778039536283,0.2,20,1.1347910314051868,4.095103292532049e-18,0.2,plastic,secondary,0.0409576382898095,False,synchronous,50,250,390,1,-1,1.0,0.6,0.6,100,0.0118800386688796,39533,1,35,0.749951774691358,2,39358,0.55,0.0,0.75,35.0,repeated_lesion,30.0,0.45,0.2,0.1,0.002,8.0
72,500,0.3451284712624464,0.5,-0.1891895030553199,0.0,0.125,0.2254608169531267,extended_moore_r2__ql__plastic__intr0__struct1__block_async__repeated_lesion__s1__2a9f8007a0,0.0166157225450452,-0.0119351755978863,0.25,False,0.6965043368137531,0.003,0.016,ql,0.68,extended_moore_r2,50,100,0.9,0.3085356750208615,0.3,0,0.42,0.08,280,0.3436782942586638,0.2,20,0.5346160844479956,3.285163189031297e-18,0.2,plastic,secondary,0.0242300744425039,False,block_async,50,250,390,1,-1,1.0,0.6,0.6,100,0.0298127010863188,39749,1,35,0.7439396862139918,2,37783,0.55,0.0,0.75,35.0,repeated_lesion,30.0,0.45,0.2,0.1,0.002,8.0
72,500,0.434160092241224,0.5,-0.0066125019165222,0.0,0.125,0.0,extended_hex_r2__markov__plastic__intr0__struct0__alpha_async__repeated_lesion__s1__f2fe14e088,-0.0122014610859811,-0.0250642282835856,0.25,False,0.8454208274289515,0.003,0.016,markov,0.68,extended_hex_r2,50,100,0.9,0.2388937552554947,0.3,0,0.42,0.08,280,0.4455074058231485,0.2,20,0.620256867755827,2.3335447571650892e-18,0.2,plastic,secondary,0.0052412187434831,False,alpha_async,50,250,390,1,-1,1.0,0.6,0.6,100,0.0072217396178051,0,0,35,0.9908800582990398,2,0,0.55,0.0,0.75,35.0,repeated_lesion,30.0,0.45,0.2,0.1,0.002,8.0
72,500,0.4032878013110862,0.5,0.4003744616126899,0.1209539487370864,0.125,0.0,extended_hex_r2__markov__plastic__intr1__struct1__synchronous__repeated_lesion__s1__ff22af428c,0.0292553449759265,0.0424686727620341,0.25,False,0.8621538628907679,0.003,0.016,markov,0.68,extended_hex_r2,50,100,0.9,0.1546889251312106,0.3,1,0.42,0.08,280,0.4082364105383936,0.2,20,1.167403822834482,3.5071484061175056e-18,0.2,plastic,secondary,0.0009820519676509,False,synchronous,50,250,390,1,-1,1.0,0.6,0.6,100,0.0096195352171801,38142,1,35,0.7777777777777778,2,38129,0.55,0.0,0.75,35.0,repeated_lesion,30.0,0.45,0.2,0.1,0.002,8.0
72,500,0.3976199456892372,0.5,-0.1474642294122623,0.0,0.125,0.1909813046187911,extended_hex_r2__ql__plastic__intr0__struct1__block_async__repeated_lesion__s1__eb5d67b6c0,0.0189609057711369,0.0221146038881528,0.25,False,0.7782249109343491,0.003,0.016,ql,0.68,extended_hex_r2,50,100,0.9,0.2845910037377489,0.3,0,0.42,0.08,280,0.3967650349838885,0.2,20,0.2870736297145255,2.7639592442582065e-18,0.2,plastic,secondary,0.0134651245602118,False,block_async,50,250,390,1,-1,1.0,0.6,0.6,100,0.0168261010920163,39432,1,35,0.7775420096021948,2,39278,0.55,0.0,0.75,35.0,repeated_lesion,30.0,0.45,0.2,0.1,0.002,8.0
72,500,0.4156329151543684,0.5,-0.2682810257579609,0.0,0.125,0.0,honeycomb_nnn__markov__plastic__intr0__struct0__alpha_async__repeated_lesion__s1__1303e3ff59,-0.0026081477401758,-0.003004138255663,0.25,False,0.6251342352742998,0.003,0.016,markov,0.68,honeycomb_nnn,50,100,0.9,0.4225016893973734,0.3,0,0.42,0.08,280,0.4093897725518575,0.2,20,1.0194406136976777,3.1454382230114603e-18,0.2,plastic,secondary,0.0038048793157454,False,alpha_async,50,250,390,1,-1,1.0,0.6,0.6,100,0.0290932906227419,0,0,35,0.9994855967078188,2,0,0.55,0.0,0.75,35.0,repeated_lesion,30.0,0.45,0.2,0.1,0.002,8.0
72,500,0.4098316591673616,0.5,0.3072965954690015,0.1407075193571981,0.125,0.0,honeycomb_nnn__markov__plastic__intr1__struct1__synchronous__repeated_lesion__s1__ed060c4ba0,0.0131959825889057,0.0098931985899644,0.25,False,0.8533478343092872,0.003,0.016,markov,0.68,honeycomb_nnn,50,100,0.9,0.1784875179018952,0.3,1,0.42,0.08,280,0.4110417904484638,0.2,20,1.1288785263411458,2.2919654179632138e-18,0.2,plastic,secondary,0.037073456036139,False,synchronous,50,250,390,1,-1,1.0,0.6,0.6,100,0.0061539897278728,31868,1,35,0.7777777777777778,2,31868,0.55,0.0,0.75,35.0,repeated_lesion,30.0,0.45,0.2,0.1,0.002,8.0
72,500,0.4202763578513665,0.5,-0.2301616859179536,0.0,0.125,0.2384079371356493,honeycomb_nnn__ql__plastic__intr0__struct1__block_async__repeated_lesion__s1__a97467d01c,-0.0019473259434717,-0.007164953092314,0.25,False,0.6103129431820186,0.003,0.016,ql,0.68,honeycomb_nnn,50,100,0.9,0.4276478815037975,0.3,0,0.42,0.08,280,0.4220256330050824,0.2,20,1.0097091615182106,2.625148641322552e-18,0.2,plastic,secondary,-0.0062240161713638,False,block_async,50,250,390,1,-1,1.0,0.6,0.6,100,0.0090557113192466,35947,1,35,0.7777777777777778,2,35947,0.55,0.0,0.75,35.0,repeated_lesion,30.0,0.45,0.2,0.1,0.002,8.0
72,500,0.1324346494057963,0.5,0.5006292379250776,0.0,0.125,0.0,square_vn__markov__plastic__intr0__struct0__alpha_async__repeated_lesion__s2__91c1a1b4ac,0.260159368536596,0.2524035391393984,0.25,False,0.2388185741979582,0.003,0.016,markov,0.68,square_vn,50,100,0.9,0.117536468347616,0.3,0,0.42,0.08,280,0.1267789703903428,0.2,20,1.0884764989477342,2.8961345343475273e-18,0.2,plastic,secondary,0.2518176579771808,False,alpha_async,50,250,390,2,-1,1.0,0.6,0.6,100,0.0890394730349433,0,0,35,1.0,2,0,0.55,0.0,0.75,35.0,repeated_lesion,30.0,0.45,0.2,0.1,0.002,8.0
72,500,0.3827121497891813,0.5,-0.1064202227451055,0.2165233353544666,0.125,0.0,square_vn__markov__plastic__intr1__struct1__synchronous__repeated_lesion__s2__e0cceb2744,0.0156468826375462,0.00573027857132,0.25,False,0.7499992707879672,0.003,0.016,markov,0.68,square_vn,50,100,0.9,0.3017945241345282,0.3,1,0.42,0.08,280,0.383905092229652,0.2,20,1.3968950304127972,2.2967875689896205e-18,0.2,plastic,secondary,0.0151613130934556,False,synchronous,50,250,390,2,-1,1.0,0.6,0.6,100,0.0020686903299488,23772,1,35,0.75,2,23772,0.55,0.0,0.75,35.0,repeated_lesion,30.0,0.45,0.2,0.1,0.002,8.0
72,500,0.3907170308871951,0.5,-0.1547448587183498,0.0,0.125,0.2763709934430051,square_vn__ql__plastic__intr0__struct1__block_async__repeated_lesion__s2__6d326a12f0,-0.0028676454375758,-0.0022737398948068,0.25,False,0.7359840892785183,0.003,0.016,ql,0.68,square_vn,50,100,0.9,0.3243332034898055,0.3,0,0.42,0.08,280,0.3912342476386565,0.2,20,1.3780373816437446,1.8129664735691723e-18,0.2,plastic,secondary,-0.0112108746018184,False,block_async,50,250,390,2,-1,1.0,0.6,0.6,100,0.0019213795746075,27476,1,35,0.75,2,27476,0.55,0.0,0.75,35.0,repeated_lesion,30.0,0.45,0.2,0.1,0.002,8.0
72,500,0.4089931660156647,0.5,-0.363620283072281,0.0,0.125,0.0,square_moore__markov__plastic__intr0__struct0__alpha_async__repeated_lesion__s2__c4685c1c89,0.0056923639154123,0.0053041181446621,0.25,False,0.5479782691433089,0.003,0.016,markov,0.68,square_moore,50,100,0.9,0.4852572932329962,0.3,0,0.42,0.08,280,0.3991992642445206,0.2,20,1.5242667960637029,3.1177954433332153e-18,0.2,plastic,secondary,0.0131128790116274,False,alpha_async,50,250,390,2,-1,1.0,0.6,0.6,100,0.0350139868191926,0,0,35,0.9989390432098766,2,0,0.55,0.0,0.75,35.0,repeated_lesion,30.0,0.45,0.2,0.1,0.002,8.0
72,500,0.4066674832960529,0.5,0.1154514749681566,0.1465519826645459,0.125,0.0,square_moore__markov__plastic__intr1__struct1__synchronous__repeated_lesion__s2__584a3a9531,0.0328392987511821,0.0291640912160498,0.25,False,0.8100390094410457,0.003,0.016,markov,0.68,square_moore,50,100,0.9,0.2266966601162052,0.3,1,0.42,0.08,280,0.4102618256609285,0.2,20,1.2047117428526684,2.307218785476784e-18,0.2,plastic,secondary,0.0434653045776254,False,synchronous,50,250,390,2,-1,1.0,0.6,0.6,100,0.0038467123752331,33004,1,35,0.75,2,33004,0.55,0.0,0.75,35.0,repeated_lesion,30.0,0.45,0.2,0.1,0.002,8.0
72,500,0.3916357843650927,0.5,-0.3405531621097956,0.0,0.125,0.2894655005615782,square_moore__ql__plastic__intr0__struct1__block_async__repeated_lesion__s2__d71a19d65d,-0.0043694347533304,0.0023933559775965,0.25,False,0.5517083382707774,0.003,0.016,ql,0.68,square_moore,50,100,0.9,0.4743724298180385,0.3,0,0.42,0.08,280,0.3940933011537623,0.2,20,1.5250720157018522,2.317750405577448e-18,0.2,plastic,secondary,0.0089382356232638,False,block_async,50,250,390,2,-1,1.0,0.6,0.6,100,0.0410931186439768,30913,1,35,0.75,2,30913,0.55,0.0,0.75,35.0,repeated_lesion,30.0,0.45,0.2,0.1,0.002,8.0
72,500,0.4392759971080258,0.5,-0.3472872878549043,0.0,0.125,0.0,hex_cells__markov__plastic__intr0__struct0__alpha_async__repeated_lesion__s2__7ef235e3b6,0.0018563436981859,0.0097665231892998,0.25,False,0.5729811688127473,0.003,0.016,markov,0.68,hex_cells,50,100,0.9,0.4787037530687838,0.3,0,0.42,0.08,280,0.4279290323659153,0.2,20,1.3455291872954436,1.7375631423705546e-18,0.2,plastic,secondary,0.0054515413499882,False,alpha_async,50,250,390,2,-1,1.0,0.6,0.6,100,0.0078722231736269,0,0,35,1.0,2,0,0.55,0.0,0.75,35.0,repeated_lesion,30.0,0.45,0.2,0.1,0.002,8.0
72,500,0.4100603279271835,0.5,-0.0623797543575931,0.1712792054287917,0.125,0.0,hex_cells__markov__plastic__intr1__struct1__synchronous__repeated_lesion__s2__10221792fa,0.0168007465825507,0.0106298632046235,0.25,False,0.7617752484878466,0.003,0.016,markov,0.68,hex_cells,50,100,0.9,0.2937602088729827,0.3,1,0.42,0.08,280,0.4136074085950903,0.2,20,1.1457479212594992,2.7434955999217063e-18,0.2,plastic,secondary,0.035713433188071,False,synchronous,50,250,390,2,-1,1.0,0.6,0.6,100,0.0020711476274629,31999,1,35,0.6666666666666666,2,31999,0.55,0.0,0.75,35.0,repeated_lesion,30.0,0.45,0.2,0.1,0.002,8.0
72,500,0.4262559280648269,0.5,-0.2220113484517868,0.0,0.125,0.2310188750174588,hex_cells__ql__plastic__intr0__struct1__block_async__repeated_lesion__s2__e6547fbffc,0.0038824702029599,0.0048824088730689,0.25,False,0.6960117664036695,0.003,0.016,ql,0.68,hex_cells,50,100,0.9,0.3789439030547402,0.3,0,0.42,0.08,280,0.4290409130870815,0.2,20,1.0690276561122896,1.5847689839963533e-18,0.2,plastic,secondary,0.005939384038713,False,block_async,50,250,390,2,-1,1.0,0.6,0.6,100,0.0025425400539289,35828,1,35,0.6666666666666666,2,35828,0.55,0.0,0.75,35.0,repeated_lesion,30.0,0.45,0.2,0.1,0.002,8.0
72,500,0.1956061275554342,0.5,0.421182153280037,0.0,0.125,0.0,honeycomb__markov__plastic__intr0__struct0__alpha_async__repeated_lesion__s2__5bf90f9d6d,0.2012938734492489,0.1844891257211914,0.25,False,0.3563753042156153,0.003,0.016,markov,0.68,honeycomb,50,100,0.9,0.1726634302344105,0.3,0,0.42,0.08,280,0.1870850232660763,0.2,20,1.3599474471969508,3.0350997884673513e-18,0.2,plastic,secondary,0.1870738177843119,False,alpha_async,50,250,390,2,-1,1.0,0.6,0.6,100,0.1825290984624678,0,0,35,1.0,2,0,0.55,0.0,0.75,35.0,repeated_lesion,30.0,0.45,0.2,0.1,0.002,8.0
72,500,0.3563839901609127,0.5,-0.0523008478024884,0.1969275494132024,0.125,0.0,honeycomb__markov__plastic__intr1__struct1__synchronous__repeated_lesion__s2__626d505b3b,0.000529507100549,0.0052033762462744,0.25,False,0.7407592694051625,0.003,0.016,markov,0.68,honeycomb,50,100,0.9,0.2832536146466273,0.3,1,0.42,0.08,280,0.3594364391307679,0.2,20,1.4025830072328294,2.3652152391549947e-18,0.2,plastic,secondary,0.0123163434178381,False,synchronous,50,250,390,2,-1,1.0,0.6,0.6,100,0.0019341058092785,21855,1,35,0.6666666666666666,2,21855,0.55,0.0,0.75,35.0,repeated_lesion,30.0,0.45,0.2,0.1,0.002,8.0
72,500,0.3206028706884888,0.5,0.0736490265749622,0.0,0.125,0.3814239573967368,honeycomb__ql__plastic__intr0__struct1__block_async__repeated_lesion__s2__47d94db6ff,-0.0033891076296159,0.0052303777662828,0.25,False,0.6746912744440453,0.003,0.016,ql,0.68,honeycomb,50,100,0.9,0.2637773033013249,0.3,0,0.42,0.08,280,0.3244409323955852,0.2,20,1.4167781746100538,2.7182565333580785e-18,0.2,plastic,secondary,-0.0216443929682473,False,block_async,50,250,390,2,-1,1.0,0.6,0.6,100,0.0020151238294926,21311,1,35,0.6666666666666666,2,21311,0.55,0.0,0.75,35.0,repeated_lesion,30.0,0.45,0.2,0.1,0.002,8.0
72,500,0.4563475612073612,0.5,0.0105159615110721,0.0,0.125,0.0,extended_moore_r2__markov__plastic__intr0__struct0__alpha_async__repeated_lesion__s2__79181dd884,-0.0145759022716789,-0.0069776794686092,0.25,False,0.8432903088149759,0.003,0.016,markov,0.68,extended_moore_r2,50,100,0.9,0.245511329217276,0.3,0,0.42,0.08,280,0.4393436897098987,0.2,20,0.8479505079880167,2.7151966951686347e-18,0.2,plastic,secondary,-0.0377641836245616,False,alpha_async,50,250,390,2,-1,1.0,0.6,0.6,100,0.0179099690894769,0,0,35,0.9815779320987654,2,0,0.55,0.0,0.75,35.0,repeated_lesion,30.0,0.45,0.2,0.1,0.002,8.0
72,500,0.4152442777880501,0.5,0.370373459280797,0.1312610775314068,0.125,0.0,extended_moore_r2__markov__plastic__intr1__struct1__synchronous__repeated_lesion__s2__5876c27ae0,0.0031767701642527,0.0376567399885671,0.25,False,0.872523090414951,0.003,0.016,markov,0.68,extended_moore_r2,50,100,0.9,0.1579819104739555,0.3,1,0.42,0.08,280,0.408285566299938,0.2,20,1.068694575116449,3.741685715367186e-18,0.2,plastic,secondary,0.0049602817393267,False,synchronous,50,250,390,2,-1,1.0,0.6,0.6,100,0.0088898188975338,39517,1,35,0.7498794367283951,2,39298,0.55,0.0,0.75,35.0,repeated_lesion,30.0,0.45,0.2,0.1,0.002,8.0
72,500,0.3429628173660151,0.5,-0.1906526996147804,0.0,0.125,0.2265266811688664,extended_moore_r2__ql__plastic__intr0__struct1__block_async__repeated_lesion__s2__7f026e34e9,0.006348161147968,0.0002506436858928,0.25,False,0.6970465557734238,0.003,0.016,ql,0.68,extended_moore_r2,50,100,0.9,0.3061781243721956,0.3,0,0.42,0.08,280,0.3399014494950285,0.2,20,0.5212520382121507,3.6255952058345874e-18,0.2,plastic,secondary,0.0034471772316027,False,block_async,50,250,390,2,-1,1.0,0.6,0.6,100,0.0238632832868645,39838,1,35,0.7444219393004116,2,37858,0.55,0.0,0.75,35.0,repeated_lesion,30.0,0.45,0.2,0.1,0.002,8.0
72,500,0.4855663032630695,0.5,-0.0376573926812533,0.0,0.125,0.0,extended_hex_r2__markov__plastic__intr0__struct0__alpha_async__repeated_lesion__s2__d38df10ad7,-0.0088827952826347,-0.0044685730885301,0.25,False,0.8513818415195995,0.003,0.016,markov,0.68,extended_hex_r2,50,100,0.9,0.2467326926340659,0.3,0,0.42,0.08,280,0.4433722245206817,0.2,20,0.838728159777002,2.6473024879573323e-18,0.2,plastic,secondary,0.0449581128640083,False,alpha_async,50,250,390,2,-1,1.0,0.6,0.6,100,0.0022846401835132,0,0,35,0.9908157578875172,2,0,0.55,0.0,0.75,35.0,repeated_lesion,30.0,0.45,0.2,0.1,0.002,8.0
72,500,0.4085919219300064,0.5,0.3987290384066663,0.1182612511637519,0.125,0.0,extended_hex_r2__markov__plastic__intr1__struct1__synchronous__repeated_lesion__s2__acf1ccffad,0.0272722544511586,-0.0023566902774763,0.25,False,0.8655744333991648,0.003,0.016,markov,0.68,extended_hex_r2,50,100,0.9,0.1557495053949238,0.3,1,0.42,0.08,280,0.4092440816090932,0.2,20,1.1376491366560235,3.2076383836508e-18,0.2,plastic,secondary,0.0395097149002151,False,synchronous,50,250,390,2,-1,1.0,0.6,0.6,100,0.0084638598063271,38252,1,35,0.7777777777777778,2,38243,0.55,0.0,0.75,35.0,repeated_lesion,30.0,0.45,0.2,0.1,0.002,8.0
72,500,0.4026333551136975,0.5,-0.1443941654566956,0.0,0.125,0.1807902846712749,extended_hex_r2__ql__plastic__intr0__struct1__block_async__repeated_lesion__s2__76393b1bdd,0.0177356046232427,-0.001899009263061,0.25,False,0.8002497957913508,0.003,0.016,ql,0.68,extended_hex_r2,50,100,0.9,0.2699508640937103,0.3,0,0.42,0.08,280,0.4051759227959246,0.2,20,0.2671719838385576,2.8622114268768414e-18,0.2,plastic,secondary,0.0294058767309423,False,block_async,50,250,390,2,-1,1.0,0.6,0.6,100,0.0136481594986422,39466,1,35,0.7775741598079561,2,39314,0.55,0.0,0.75,35.0,repeated_lesion,30.0,0.45,0.2,0.1,0.002,8.0
72,500,0.4214133883579088,0.5,-0.2683756102590821,0.0,0.125,0.0,honeycomb_nnn__markov__plastic__intr0__struct0__alpha_async__repeated_lesion__s2__e284b30cae,-0.0021307571041007,0.0070259237593353,0.25,False,0.6053808810919017,0.003,0.016,markov,0.68,honeycomb_nnn,50,100,0.9,0.4357109149710851,0.3,0,0.42,0.08,280,0.4140945886960941,0.2,20,1.0401932452309102,2.3417686036750173e-18,0.2,plastic,secondary,-0.007982207428745,False,alpha_async,50,250,390,2,-1,1.0,0.6,0.6,100,0.0195043947577424,0,0,35,0.9997856652949244,2,0,0.55,0.0,0.75,35.0,repeated_lesion,30.0,0.45,0.2,0.1,0.002,8.0
72,500,0.4054554900881367,0.5,0.3253467298345223,0.1373949020798022,0.125,0.0,honeycomb_nnn__markov__plastic__intr1__struct1__synchronous__repeated_lesion__s2__899ee437b1,0.0358861878640655,0.0168941930642216,0.25,False,0.8513313266219402,0.003,0.016,markov,0.68,honeycomb_nnn,50,100,0.9,0.1749522217611358,0.3,1,0.42,0.08,280,0.4101952800359459,0.2,20,1.1553733172533,2.9424874726599756e-18,0.2,plastic,secondary,-0.0153683492410195,False,synchronous,50,250,390,2,-1,1.0,0.6,0.6,100,0.0060993810842648,32182,1,35,0.7777777777777778,2,32182,0.55,0.0,0.75,35.0,repeated_lesion,30.0,0.45,0.2,0.1,0.002,8.0
72,500,0.4149120449567602,0.5,-0.230853096533958,0.0,0.125,0.2434322687322907,honeycomb_nnn__ql__plastic__intr0__struct1__block_async__repeated_lesion__s2__a08957206f,0.0083799047407491,-0.004343447085545,0.25,False,0.6145538273299957,0.003,0.016,ql,0.68,honeycomb_nnn,50,100,0.9,0.4226030288955297,0.3,0,0.42,0.08,280,0.4169120268282659,0.2,20,0.9929453207275072,2.5232460746112626e-18,0.2,plastic,secondary,-0.0021808184295897,False,block_async,50,250,390,2,-1,1.0,0.6,0.6,100,0.0091408287992228,35731,1,35,0.7777777777777778,2,35731,0.55,0.0,0.75,35.0,repeated_lesion,30.0,0.45,0.2,0.1,0.002,8.0
72,500,0.1404244359010221,0.5,0.4927372246189406,0.0,0.125,0.0,square_vn__markov__plastic__intr0__struct0__alpha_async__repeated_lesion__s3__75feee8a0e,0.2543292266866607,0.2453339819233121,0.25,False,0.2533622548287853,0.003,0.016,markov,0.68,square_vn,50,100,0.9,0.1244544714469978,0.3,0,0.42,0.08,280,0.1345277675602208,0.2,20,1.1274991756592363,2.9069942093097323e-18,0.2,plastic,secondary,0.2407844134341672,False,alpha_async,50,250,390,3,-1,1.0,0.6,0.6,100,0.0883952324630927,0,0,35,1.0,2,0,0.55,0.0,0.75,35.0,repeated_lesion,30.0,0.45,0.2,0.1,0.002,8.0
72,500,0.3836143731441704,0.5,-0.1070556562623354,0.218065213222237,0.125,0.0,square_vn__markov__plastic__intr1__struct1__synchronous__repeated_lesion__s3__9e409f3630,0.0139936432880805,0.0017487896974296,0.25,False,0.7484491267672374,0.003,0.016,markov,0.68,square_vn,50,100,0.9,0.3034935983128584,0.3,1,0.42,0.08,280,0.3826871060734471,0.2,20,1.393494336013774,2.602221611346406e-18,0.2,plastic,secondary,-0.0092235656549017,False,synchronous,50,250,390,3,-1,1.0,0.6,0.6,100,0.0028058688009832,23569,1,35,0.75,2,23569,0.55,0.0,0.75,35.0,repeated_lesion,30.0,0.45,0.2,0.1,0.002,8.0
72,500,0.3916321677171726,0.5,-0.1624221643998883,0.0,0.125,0.2710856511945125,square_vn__ql__plastic__intr0__struct1__block_async__repeated_lesion__s3__e980b35199,-0.0050466487151046,-0.0048043805713226,0.25,False,0.7374771682905612,0.003,0.016,ql,0.68,square_vn,50,100,0.9,0.3254303242287653,0.3,0,0.42,0.08,280,0.3922086472184017,0.2,20,1.388255533266832,1.1421132566173173e-18,0.2,plastic,secondary,-0.0166971618101529,False,block_async,50,250,390,3,-1,1.0,0.6,0.6,100,0.0029532734809139,27583,1,35,0.75,2,27583,0.55,0.0,0.75,35.0,repeated_lesion,30.0,0.45,0.2,0.1,0.002,8.0
72,500,0.4110444767727356,0.5,-0.3710727591025233,0.0,0.125,0.0,square_moore__markov__plastic__intr0__struct0__alpha_async__repeated_lesion__s3__1eadfa860b,0.0104773140580339,0.0054979163264214,0.25,False,0.5472248959955139,0.003,0.016,markov,0.68,square_moore,50,100,0.9,0.4886081013007364,0.3,0,0.42,0.08,280,0.3990536418350106,0.2,20,1.5220950934526492,3.2328755862868522e-18,0.2,plastic,secondary,0.0160899980238436,False,alpha_async,50,250,390,3,-1,1.0,0.6,0.6,100,0.0763123164141914,0,0,35,0.9991560570987654,2,0,0.55,0.0,0.75,35.0,repeated_lesion,30.0,0.45,0.2,0.1,0.002,8.0
72,500,0.4138887125824001,0.5,0.1177855168400101,0.1439516637331144,0.125,0.0,square_moore__markov__plastic__intr1__struct1__synchronous__repeated_lesion__s3__8bd25b54e9,0.0214379250736441,-0.0017625483449365,0.25,False,0.8158636458994145,0.003,0.016,markov,0.68,square_moore,50,100,0.9,0.2265445073265136,0.3,1,0.42,0.08,280,0.4113038483480581,0.2,20,1.2107760891100896,2.250902961572034e-18,0.2,plastic,secondary,0.0351649360300201,False,synchronous,50,250,390,3,-1,1.0,0.6,0.6,100,0.0039933671076414,33263,1,35,0.75,2,33263,0.55,0.0,0.75,35.0,repeated_lesion,30.0,0.45,0.2,0.1,0.002,8.0
72,500,0.3953899413432301,0.5,-0.3329597843941566,0.0,0.125,0.2839063600058752,square_moore__ql__plastic__intr0__struct1__block_async__repeated_lesion__s3__97b9ad3749,-0.0013513354006351,0.0012421831520136,0.25,False,0.5536259430709821,0.003,0.016,ql,0.68,square_moore,50,100,0.9,0.4730018317756629,0.3,0,0.42,0.08,280,0.3968232558873856,0.2,20,1.5056077962144918,3.1780978259805213e-18,0.2,plastic,secondary,0.0039620505736663,False,block_async,50,250,390,3,-1,1.0,0.6,0.6,100,0.0415518325647944,31485,1,35,0.75,2,31485,0.55,0.0,0.75,35.0,repeated_lesion,30.0,0.45,0.2,0.1,0.002,8.0
72,500,0.4371335901474804,0.5,-0.3422470497221935,0.0,0.125,0.0,hex_cells__markov__plastic__intr0__struct0__alpha_async__repeated_lesion__s3__08c7c062f9,0.003658144420572,0.0006811750959061,0.25,False,0.5834390019281145,0.003,0.016,markov,0.68,hex_cells,50,100,0.9,0.4706284086169468,0.3,0,0.42,0.08,280,0.4266727627362842,0.2,20,1.3218679230966408,1.8458316751477106e-18,0.2,plastic,secondary,0.0072330238891129,False,alpha_async,50,250,390,3,-1,1.0,0.6,0.6,100,0.008190652411605,0,0,35,1.0,2,0,0.55,0.0,0.75,35.0,repeated_lesion,30.0,0.45,0.2,0.1,0.002,8.0
72,500,0.4108225692122742,0.5,-0.0555247113657003,0.179473464597145,0.125,0.0,hex_cells__markov__plastic__intr1__struct1__synchronous__repeated_lesion__s3__b94f895332,0.0051283676198561,0.0068015492067503,0.25,False,0.7624430748944715,0.003,0.016,markov,0.68,hex_cells,50,100,0.9,0.2921588005515498,0.3,1,0.42,0.08,280,0.413205880954095,0.2,20,1.1556124712131366,1.4329311239300576e-18,0.2,plastic,secondary,0.0027297256581866,False,synchronous,50,250,390,3,-1,1.0,0.6,0.6,100,0.0019189197306931,31698,1,35,0.6666666666666666,2,31698,0.55,0.0,0.75,35.0,repeated_lesion,30.0,0.45,0.2,0.1,0.002,8.0
72,500,0.4278934090321963,0.5,-0.2232162401812346,0.0,0.125,0.2329794333078094,hex_cells__ql__plastic__intr0__struct1__block_async__repeated_lesion__s3__ce27514cd2,-0.0064101820544922,-0.0042041724924495,0.25,False,0.7000451760570423,0.003,0.016,ql,0.68,hex_cells,50,100,0.9,0.3773242426219791,0.3,0,0.42,0.08,280,0.4295703873694578,0.2,20,1.0659429942925311,1.828925151175556e-18,0.2,plastic,secondary,-0.0142512807671318,False,block_async,50,250,390,3,-1,1.0,0.6,0.6,100,0.0026093500298448,36009,1,35,0.6666666666666666,2,36009,0.55,0.0,0.75,35.0,repeated_lesion,30.0,0.45,0.2,0.1,0.002,8.0
72,500,0.2016519751570338,0.5,0.4116628750815277,0.0,0.125,0.0,honeycomb__markov__plastic__intr0__struct0__alpha_async__repeated_lesion__s3__438aa99b66,0.2018962319958301,0.1701494815309994,0.25,False,0.3625528563716039,0.003,0.016,markov,0.68,honeycomb,50,100,0.9,0.1785029563670735,0.3,0,0.42,0.08,280,0.1925870614300498,0.2,20,1.3757280339531954,2.9466951755210372e-18,0.2,plastic,secondary,0.1690843833066757,False,alpha_async,50,250,390,3,-1,1.0,0.6,0.6,100,0.1833424536558223,0,0,35,1.0,2,0,0.55,0.0,0.75,35.0,repeated_lesion,30.0,0.45,0.2,0.1,0.002,8.0
72,500,0.3621527792599649,0.5,-0.0519420853515232,0.204033223104419,0.125,0.0,honeycomb__markov__plastic__intr1__struct1__synchronous__repeated_lesion__s3__909d4305aa,0.0016036859098521,0.0072036809296114,0.25,False,0.7455788836120696,0.003,0.016,markov,0.68,honeycomb,50,100,0.9,0.2843554383704568,0.3,1,0.42,0.08,280,0.3596704018462616,0.2,20,1.4106629202703105,1.6802116919443588e-18,0.2,plastic,secondary,0.0174678840023714,False,synchronous,50,250,390,3,-1,1.0,0.6,0.6,100,0.0019877447105044,21606,1,35,0.6666666666666666,2,21606,0.55,0.0,0.75,35.0,repeated_lesion,30.0,0.45,0.2,0.1,0.002,8.0
72,500,0.3244553233274379,0.5,0.0667807297077779,0.0,0.125,0.3803248964804664,honeycomb__ql__plastic__intr0__struct1__block_async__repeated_lesion__s3__6a04675c86,-0.0009650461752816,0.0143194767154849,0.25,False,0.6775871210321537,0.003,0.016,ql,0.68,honeycomb,50,100,0.9,0.266481419595076,0.3,0,0.42,0.08,280,0.3233046394252538,0.2,20,1.4187408381439088,2.0728048629912625e-18,0.2,plastic,secondary,-0.0008831993882873,False,block_async,50,250,390,3,-1,1.0,0.6,0.6,100,0.0021875163306494,21599,1,35,0.6666666666666666,2,21599,0.55,0.0,0.75,35.0,repeated_lesion,30.0,0.45,0.2,0.1,0.002,8.0
72,500,0.4719723373924355,0.5,-0.0101893966043742,0.0,0.125,0.0,extended_moore_r2__markov__plastic__intr0__struct0__alpha_async__repeated_lesion__s3__c56206d369,-0.0097649701422668,-0.0077620977318779,0.25,False,0.8436052478615726,0.003,0.016,markov,0.68,extended_moore_r2,50,100,0.9,0.2499103052799227,0.3,0,0.42,0.08,280,0.4401889834988028,0.2,20,0.8709974310305734,2.7629802839858144e-18,0.2,plastic,secondary,0.0637087778169611,False,alpha_async,50,250,390,3,-1,1.0,0.6,0.6,100,0.0064635604271845,0,0,35,0.9824057998971192,2,0,0.55,0.0,0.75,35.0,repeated_lesion,30.0,0.45,0.2,0.1,0.002,8.0
72,500,0.4047648347244005,0.5,0.3936770304268215,0.1230478897368046,0.125,0.0,extended_moore_r2__markov__plastic__intr1__struct1__synchronous__repeated_lesion__s3__fc4370315e,0.0002204411258637,-0.022715105553687,0.25,False,0.8658469994999756,0.003,0.016,markov,0.68,extended_moore_r2,50,100,0.9,0.1538876548886875,0.3,1,0.42,0.08,280,0.4082741857540051,0.2,20,1.1004404754557815,3.61781487904109e-18,0.2,plastic,secondary,0.0133223644276973,False,synchronous,50,250,390,3,-1,1.0,0.6,0.6,100,0.0103522942103459,39845,1,35,0.7499437371399177,2,39672,0.55,0.0,0.75,35.0,repeated_lesion,30.0,0.45,0.2,0.1,0.002,8.0
72,500,0.3377707544540215,0.5,-0.1900265505627833,0.0,0.125,0.2290906543306376,extended_moore_r2__ql__plastic__intr0__struct1__block_async__repeated_lesion__s3__34b8b6bfbf,0.0121923632323844,0.0036859559273921,0.25,False,0.6915015519576375,0.003,0.016,ql,0.68,extended_moore_r2,50,100,0.9,0.3043925009676339,0.3,0,0.42,0.08,280,0.3352013450561529,0.2,20,0.5518225479105701,3.1538483135346174e-18,0.2,plastic,secondary,0.0103579157475083,False,block_async,50,250,390,3,-1,1.0,0.6,0.6,100,0.0289272949045123,40035,1,35,0.7434172453703703,2,37806,0.55,0.0,0.75,35.0,repeated_lesion,30.0,0.45,0.2,0.1,0.002,8.0
72,500,0.4359163737671888,0.5,0.0076643343338665,0.0,0.125,0.0,extended_hex_r2__markov__plastic__intr0__struct0__alpha_async__repeated_lesion__s3__ba229c1dc4,-0.0162004723948378,-0.0077271518895967,0.25,False,0.8457985363180521,0.003,0.016,markov,0.68,extended_hex_r2,50,100,0.9,0.2389264676981309,0.3,0,0.42,0.08,280,0.4440879967094705,0.2,20,0.7026711588191688,2.6550059832174483e-18,0.2,plastic,secondary,-0.0500867293050793,False,alpha_async,50,250,390,3,-1,1.0,0.6,0.6,100,0.0174023352812007,0,0,35,0.9902906378600824,2,0,0.55,0.0,0.75,35.0,repeated_lesion,30.0,0.45,0.2,0.1,0.002,8.0
72,500,0.4015641646381009,0.5,0.3981976032395676,0.1206758146700358,0.125,0.0,extended_hex_r2__markov__plastic__intr1__struct1__synchronous__repeated_lesion__s3__152bb53f39,-0.0148559345094895,0.0117889299391205,0.25,False,0.8634873591773007,0.003,0.016,markov,0.68,extended_hex_r2,50,100,0.9,0.1540144033318472,0.3,1,0.42,0.08,280,0.4087847498912408,0.2,20,1.1239801279343893,3.2488879800584335e-18,0.2,plastic,secondary,-0.0510304990763925,False,synchronous,50,250,390,3,-1,1.0,0.6,0.6,100,0.0100626759452405,38382,1,35,0.7777777777777778,2,38372,0.55,0.0,0.75,35.0,repeated_lesion,30.0,0.45,0.2,0.1,0.002,8.0
72,500,0.3943431078570575,0.5,-0.1441504955268136,0.0,0.125,0.1927527681490707,extended_hex_r2__ql__plastic__intr0__struct1__block_async__repeated_lesion__s3__ef064f03da,0.0116171296462383,-0.0048516140611519,0.25,False,0.7773053981680651,0.003,0.016,ql,0.68,extended_hex_r2,50,100,0.9,0.2813702334403084,0.3,0,0.42,0.08,280,0.3967427366401918,0.2,20,0.2864976557393418,3.1707021291171563e-18,0.2,plastic,secondary,0.042878368660543,False,block_async,50,250,390,3,-1,1.0,0.6,0.6,100,0.0174771837119819,39754,1,35,0.7775205761316872,2,39595,0.55,0.0,0.75,35.0,repeated_lesion,30.0,0.45,0.2,0.1,0.002,8.0
72,500,0.4127377148547032,0.5,-0.2693884260809437,0.0,0.125,0.0,honeycomb_nnn__markov__plastic__intr0__struct0__alpha_async__repeated_lesion__s3__0ddfc1c760,-0.0060575231903685,0.0019477986993456,0.25,False,0.6262865741546255,0.003,0.016,markov,0.68,honeycomb_nnn,50,100,0.9,0.4205940338828279,0.3,0,0.42,0.08,280,0.4069854880275444,0.2,20,1.0159953247995768,2.6325707988821987e-18,0.2,plastic,secondary,-0.0098508447006477,False,alpha_async,50,250,390,3,-1,1.0,0.6,0.6,100,0.0283185958605205,0,0,35,0.9994641632373114,2,0,0.55,0.0,0.75,35.0,repeated_lesion,30.0,0.45,0.2,0.1,0.002,8.0
72,500,0.4160885754025781,0.5,0.3089821058765235,0.1385096778381793,0.125,0.0,honeycomb_nnn__markov__plastic__intr1__struct1__synchronous__repeated_lesion__s3__c14837099e,0.0333258587981397,0.0266274076766537,0.25,False,0.8568940576363673,0.003,0.016,markov,0.68,honeycomb_nnn,50,100,0.9,0.1788318449777617,0.3,1,0.42,0.08,280,0.4101075609508133,0.2,20,1.1348257030357731,2.822483465445956e-18,0.2,plastic,secondary,0.0316034309258698,False,synchronous,50,250,390,3,-1,1.0,0.6,0.6,100,0.0048921432459402,32100,1,35,0.7777777777777778,2,32100,0.55,0.0,0.75,35.0,repeated_lesion,30.0,0.45,0.2,0.1,0.002,8.0
72,500,0.4125961277085606,0.5,-0.2283184246601311,0.0,0.125,0.2383340103053612,honeycomb_nnn__ql__plastic__intr0__struct1__block_async__repeated_lesion__s3__9699423cca,0.0087965203805977,0.0099611616423778,0.25,False,0.6212009299240254,0.003,0.016,ql,0.68,honeycomb_nnn,50,100,0.9,0.4179981514876241,0.3,0,0.42,0.08,280,0.4161174239786983,0.2,20,0.9708113015057592,2.7028556285527013e-18,0.2,plastic,secondary,0.0109595552760522,False,block_async,50,250,390,3,-1,1.0,0.6,0.6,100,0.0098992076225855,36114,1,35,0.7777777777777778,2,36114,0.55,0.0,0.75,35.0,repeated_lesion,30.0,0.45,0.2,0.1,0.002,8.0
72,500,0.2899118360002871,0.5,0.2490597503299757,0.0,0.125,0.0,square_vn__markov__plastic__intr0__struct0__block_async__lesion__s1__c73b42cd97,0.1017831381308246,0.0895313079306137,0.25,False,0.5372476700039022,0.003,0.016,markov,0.68,square_vn,50,100,0.9,0.2470482079660009,0.3,0,0.42,0.08,280,0.2979201910032693,0.2,20,1.524864073527912,3.2915299108341372e-18,0.2,plastic,secondary,0.0727638713919464,False,block_async,50,250,390,1,-1,1.0,0.6,0.6,100,0.0359037374812179,0,0,35,1.0,2,0,0.55,0.0,0.75,35.0,lesion,30.0,0.45,0.2,0.1,0.002,8.0
72,500,0.2689836224640761,0.5,0.2448437603678965,0.1785266615733791,0.125,0.0,square_vn__markov__plastic__intr1__struct1__alpha_async__lesion__s1__dfa7735594,0.1062145875057003,0.0946755417234093,0.25,False,0.4963124943419086,0.003,0.016,markov,0.68,square_vn,50,100,0.9,0.2430164042583541,0.3,1,0.42,0.08,280,0.2505461896696763,0.2,20,1.4611745090683574,2.2390743364489244e-18,0.2,plastic,secondary,0.062538777907281,False,alpha_async,50,250,390,1,-1,1.0,0.6,0.6,100,0.0647677200888279,15687,1,35,0.75,2,15687,0.55,0.0,0.75,35.0,lesion,30.0,0.45,0.2,0.1,0.002,8.0
72,500,0.3841085209898016,0.5,-0.121895907237161,0.1300409287352697,0.125,0.2783435980099433,square_vn__ql__plastic__intr1__struct0__synchronous__lesion__s1__2d79d9e4ff,0.0113306443150188,0.0036935537487487,0.25,False,0.7583706650062912,0.003,0.016,ql,0.68,square_vn,50,100,0.9,0.299903909637417,0.3,1,0.42,0.08,280,0.3857676840749754,0.2,20,1.4418091023265442,2.181916991669377e-18,0.2,plastic,secondary,0.0045683617647214,False,synchronous,50,250,390,1,-1,1.0,0.6,0.6,100,0.0026925452154259,0,0,35,1.0,2,0,0.55,0.0,0.75,35.0,lesion,30.0,0.45,0.2,0.1,0.002,8.0
72,500,0.4088966521573307,0.5,-0.356962236871285,0.0,0.125,0.0,square_moore__markov__plastic__intr0__struct0__block_async__lesion__s1__34e8c4abd3,0.0032980355145898,0.0079894702977579,0.25,False,0.5586870686687456,0.003,0.016,markov,0.68,square_moore,50,100,0.9,0.4801255924463728,0.3,0,0.42,0.08,280,0.4090780210541405,0.2,20,1.4968213980352998,2.988993986592049e-18,0.2,plastic,secondary,-0.0009177776682203,False,block_async,50,250,390,1,-1,1.0,0.6,0.6,100,0.0231093953638075,0,0,35,0.9988667052469136,2,0,0.55,0.0,0.75,35.0,lesion,30.0,0.45,0.2,0.1,0.002,8.0
72,500,0.3764846107730702,0.5,-0.3418837050790844,0.1212640593179793,0.125,0.0,square_moore__markov__plastic__intr1__struct1__alpha_async__lesion__s1__cc86e3f1b2,-0.0059688532246359,0.0042630218032278,0.25,False,0.513266821448229,0.003,0.016,markov,0.68,square_moore,50,100,0.9,0.477226887483255,0.3,1,0.42,0.08,280,0.3613801351012018,0.2,20,1.5407031743299435,3.090738128257957e-18,0.2,plastic,secondary,-0.0080748879784558,False,alpha_async,50,250,390,1,-1,1.0,0.6,0.6,100,0.0373481888726275,26013,1,35,0.75,2,26013,0.55,0.0,0.75,35.0,lesion,30.0,0.45,0.2,0.1,0.002,8.0
72,500,0.4057789775836011,0.5,0.2303742557853598,0.0990610734181877,0.125,0.2315247808224968,square_moore__ql__plastic__intr1__struct0__synchronous__lesion__s1__c8a00a4408,0.0006861042036776,-0.0126748777098834,0.25,False,0.8249207849705165,0.003,0.016,ql,0.68,square_moore,50,100,0.9,0.196093403462169,0.3,1,0.42,0.08,280,0.4058641072215364,0.2,20,1.2681987782820416,2.955753517083748e-18,0.2,plastic,secondary,-0.0255476796154133,False,synchronous,50,250,390,1,-1,1.0,0.6,0.6,100,0.0080888540644533,0,0,35,1.0,2,0,0.55,0.0,0.75,35.0,lesion,30.0,0.45,0.2,0.1,0.002,8.0
72,500,0.4449287887560738,0.5,-0.3584451021964506,0.0,0.125,0.0,hex_cells__markov__plastic__intr0__struct0__block_async__lesion__s1__fb13cb34b4,0.0052084924865674,-0.0091095070971111,0.25,False,0.5444092315298676,0.003,0.016,markov,0.68,hex_cells,50,100,0.9,0.4973541651528536,0.3,0,0.42,0.08,280,0.4457931986284257,0.2,20,1.3858023407306173,1.9889604246539548e-18,0.2,plastic,secondary,-0.0087125164384568,False,block_async,50,250,390,1,-1,1.0,0.6,0.6,100,0.0099325504145521,0,0,35,1.0,2,0,0.55,0.0,0.75,35.0,lesion,30.0,0.45,0.2,0.1,0.002,8.0
72,500,0.3653690791798546,0.5,-0.0021571811088371,0.1397703328783823,0.125,0.0,hex_cells__markov__plastic__intr1__struct1__alpha_async__lesion__s1__be2ca4e8fd,0.0656091262969046,0.0463560277465966,0.25,False,0.5996781860937369,0.003,0.016,markov,0.68,hex_cells,50,100,0.9,0.3382734133488915,0.3,1,0.42,0.08,280,0.344414227523095,0.2,20,1.3102624089457116,2.319874287327396e-18,0.2,plastic,secondary,0.0222512796394598,False,alpha_async,50,250,390,1,-1,1.0,0.6,0.6,100,0.0234272555466121,25154,1,35,0.6666666666666666,2,25154,0.55,0.0,0.75,35.0,lesion,30.0,0.45,0.2,0.1,0.002,8.0
72,500,0.4164631817181893,0.5,-0.1324103445078427,0.07440951024439,0.125,0.2368113206788472,hex_cells__ql__plastic__intr1__struct0__synchronous__lesion__s1__16bec679f9,0.0216883566036313,0.0100953144069451,0.25,False,0.7470175325038422,0.003,0.016,ql,0.68,hex_cells,50,100,0.9,0.3128062524164945,0.3,1,0.42,0.08,280,0.4203662218448506,0.2,20,1.2882732209396992,2.4763957647643572e-18,0.2,plastic,secondary,0.0291181912665718,False,synchronous,50,250,390,1,-1,1.0,0.6,0.6,100,0.006932753897631,0,0,35,1.0,2,0,0.55,0.0,0.75,35.0,lesion,30.0,0.45,0.2,0.1,0.002,8.0
72,500,0.3160987494607497,0.5,0.1678812663894388,0.0,0.125,0.0,honeycomb__markov__plastic__intr0__struct0__block_async__lesion__s1__5b212b1d40,0.0826632876186088,0.0791913389010871,0.25,False,0.5771697205050499,0.003,0.016,markov,0.68,honeycomb,50,100,0.9,0.2730535129287073,0.3,0,0.42,0.08,280,0.3236830664935772,0.2,20,1.5805129198907626,1.8256072030418032e-18,0.2,plastic,secondary,0.0599373304520661,False,block_async,50,250,390,1,-1,1.0,0.6,0.6,100,0.0770942390428484,0,0,35,1.0,2,0,0.55,0.0,0.75,35.0,lesion,30.0,0.45,0.2,0.1,0.002,8.0
72,500,0.2534934021127507,0.5,0.2392470309805319,0.2014254226478103,0.125,0.0,honeycomb__markov__plastic__intr1__struct1__alpha_async__lesion__s1__48d8c37921,0.0694866901614321,0.057205361919992,0.25,False,0.4984796846777861,0.003,0.016,markov,0.68,honeycomb,50,100,0.9,0.2347700776159117,0.3,1,0.42,0.08,280,0.2401487713363121,0.2,20,1.3986565316341764,1.9772287666709363e-18,0.2,plastic,secondary,0.0353539851671222,False,alpha_async,50,250,390,1,-1,1.0,0.6,0.6,100,0.0343756603049976,12652,1,35,0.6666666666666666,2,12652,0.55,0.0,0.75,35.0,lesion,30.0,0.45,0.2,0.1,0.002,8.0
72,500,0.38459102102946,0.5,-0.1175537732966955,0.1172093110343577,0.125,0.2768477675970215,honeycomb__ql__plastic__intr1__struct0__synchronous__lesion__s1__6a610f3e27,-0.0024598807815072,0.0040296722888559,0.25,False,0.7467095944324511,0.003,0.016,ql,0.68,honeycomb,50,100,0.9,0.3056678239859415,0.3,1,0.42,0.08,280,0.3887950869295654,0.2,20,1.4830125770483409,1.7478577289912278e-18,0.2,plastic,secondary,0.0146446665906283,False,synchronous,50,250,390,1,-1,1.0,0.6,0.6,100,0.0031284097367307,0,0,35,1.0,2,0,0.55,0.0,0.75,35.0,lesion,30.0,0.45,0.2,0.1,0.002,8.0
72,500,0.3392956692276537,0.5,-0.1756570417101547,0.0,0.125,0.0,extended_moore_r2__markov__plastic__intr0__struct0__block_async__lesion__s1__05d73aa16b,0.0174870918505821,-0.0049798829584849,0.25,False,0.7342372201859089,0.003,0.016,markov,0.68,extended_moore_r2,50,100,0.9,0.2597912578754474,0.3,0,0.42,0.08,280,0.3367181947131508,0.2,20,0.4851169307041664,4.9767544117908095e-18,0.2,plastic,secondary,0.0221533561368079,False,block_async,50,250,390,1,-1,1.0,0.6,0.6,100,0.051284346751503,0,0,35,0.8804333847736625,2,0,0.55,0.0,0.75,35.0,lesion,30.0,0.45,0.2,0.1,0.002,8.0
72,500,0.3386139088180608,0.5,-0.2074592939708063,0.0877900597756934,0.125,0.0,extended_moore_r2__markov__plastic__intr1__struct1__alpha_async__lesion__s1__2fa268fe6d,0.0090552521704506,-0.0117682279607705,0.25,False,0.6552945840106392,0.003,0.016,markov,0.68,extended_moore_r2,50,100,0.9,0.3364848604865021,0.3,1,0.42,0.08,280,0.3467952409250728,0.2,20,0.6117331028581259,3.619609897457762e-18,0.2,plastic,secondary,0.0052006713793919,False,alpha_async,50,250,390,1,-1,1.0,0.6,0.6,100,0.0319084178522403,39341,1,35,0.7460535622427984,2,38152,0.55,0.0,0.75,35.0,lesion,30.0,0.45,0.2,0.1,0.002,8.0
72,500,0.3970103485769977,0.5,0.4139304316059765,0.0921966674385475,0.125,0.234049180539509,extended_moore_r2__ql__plastic__intr1__struct0__synchronous__lesion__s1__c97659e29e,-0.0351179474036856,0.0166940492131706,0.25,False,0.8494100335710086,0.003,0.016,ql,0.68,extended_moore_r2,50,100,0.9,0.1561029342186132,0.3,1,0.42,0.08,280,0.4021011346620183,0.2,20,1.1505466651295757,4.090355088614889e-18,0.2,plastic,secondary,-0.0608482821544717,False,synchronous,50,250,390,1,-1,1.0,0.6,0.6,100,0.0129951409695379,0,0,35,0.9841901363168724,2,0,0.55,0.0,0.75,35.0,lesion,30.0,0.45,0.2,0.1,0.002,8.0
72,500,0.4460407822158568,0.5,-0.2215284342486873,0.0,0.125,0.0,extended_hex_r2__markov__plastic__intr0__struct0__block_async__lesion__s1__368641d9cb,-0.0081352057825797,-0.004141660743949,0.25,False,0.9896490024827254,0.003,0.016,markov,0.68,extended_hex_r2,50,100,0.9,0.0301333989557913,0.3,0,0.42,0.08,280,0.4459328958872883,0.2,20,0.0,3.9152253484752834e-19,0.2,plastic,secondary,-0.0085642808247682,False,block_async,50,250,390,1,-1,1.0,0.6,0.6,100,0.0919118112525336,0,0,35,0.9912337105624144,2,0,0.55,0.0,0.75,35.0,lesion,30.0,0.45,0.2,0.1,0.002,8.0
72,500,0.4111598178003375,0.5,-0.0613046025529743,0.0611450811763641,0.125,0.0,extended_hex_r2__markov__plastic__intr1__struct1__alpha_async__lesion__s1__1dcecd3556,0.0212985229140811,0.0055707419652923,0.25,False,0.8229989660744433,0.003,0.016,markov,0.68,extended_hex_r2,50,100,0.9,0.2547492244645149,0.3,1,0.42,0.08,280,0.4228241006743036,0.2,20,0.3779351926452731,2.215015600668994e-18,0.2,plastic,secondary,-0.0544135607624901,False,alpha_async,50,250,390,1,-1,1.0,0.6,0.6,100,0.004482354858217,38441,1,35,0.7777027606310014,2,38382,0.55,0.0,0.75,35.0,lesion,30.0,0.45,0.2,0.1,0.002,8.0
72,500,0.3979026546158034,0.5,0.4134456918942081,0.0885820476486385,0.125,0.2321100806963416,extended_hex_r2__ql__plastic__intr1__struct0__synchronous__lesion__s1__1b47e2a250,-0.0231994721551873,0.0070300195256651,0.25,False,0.846775599918028,0.003,0.016,ql,0.68,extended_hex_r2,50,100,0.9,0.1579986187073579,0.3,1,0.42,0.08,280,0.4026050212616593,0.2,20,1.1941809925659643,3.4281773870296998e-18,0.2,plastic,secondary,-0.0078176968451128,False,synchronous,50,250,390,1,-1,1.0,0.6,0.6,100,0.0091896805387012,0,0,35,0.9912229938271604,2,0,0.55,0.0,0.75,35.0,lesion,30.0,0.45,0.2,0.1,0.002,8.0
72,500,0.404114064728694,0.5,-0.2655974422255062,0.0,0.125,0.0,honeycomb_nnn__markov__plastic__intr0__struct0__block_async__lesion__s1__ef4d8464d7,0.011064697504383,0.0129926363995197,0.25,False,0.6667008564955628,0.003,0.016,markov,0.68,honeycomb_nnn,50,100,0.9,0.3919263896207274,0.3,0,0.42,0.08,280,0.4033798148863852,0.2,20,0.9443533905554644,2.7159759276524842e-18,0.2,plastic,secondary,0.0039909008743426,False,block_async,50,250,390,1,-1,1.0,0.6,0.6,100,0.0241286282747021,0,0,35,0.9996784979423868,2,0,0.55,0.0,0.75,35.0,lesion,30.0,0.45,0.2,0.1,0.002,8.0
72,500,0.3983478344544343,0.5,-0.2291812128006963,0.0986599630479135,0.125,0.0,honeycomb_nnn__markov__plastic__intr1__struct1__alpha_async__lesion__s1__bba91e54da,0.0085994746650242,0.0032995026349095,0.25,False,0.6132985096626211,0.003,0.016,markov,0.68,honeycomb_nnn,50,100,0.9,0.4132182946389607,0.3,1,0.42,0.08,280,0.3897367574758855,0.2,20,0.9741388966147234,2.262619810057317e-18,0.2,plastic,secondary,0.0127295013854361,False,alpha_async,50,250,390,1,-1,1.0,0.6,0.6,100,0.0085001174368795,29569,1,35,0.7777777777777778,2,29569,0.55,0.0,0.75,35.0,lesion,30.0,0.45,0.2,0.1,0.002,8.0
72,500,0.4014760977412347,0.5,0.4111493051191638,0.0924354323009072,0.125,0.2261900753821742,honeycomb_nnn__ql__plastic__intr1__struct0__synchronous__lesion__s1__b4d5992101,-0.0070355685352945,-0.0029798639688899,0.25,False,0.8509605916861517,0.003,0.016,ql,0.68,honeycomb_nnn,50,100,0.9,0.1599650118017505,0.3,1,0.42,0.08,280,0.4048562486278988,0.2,20,1.2226158380149343,2.432950313510854e-18,0.2,plastic,secondary,0.0258649007549667,False,synchronous,50,250,390,1,-1,1.0,0.6,0.6,100,0.0061172575417026,0,0,35,1.0,2,0,0.55,0.0,0.75,35.0,lesion,30.0,0.45,0.2,0.1,0.002,8.0
72,500,0.2682026785211183,0.5,0.2942628481890894,0.0,0.125,0.0,square_vn__markov__plastic__intr0__struct0__block_async__lesion__s2__3cd82592da,0.1164418304560074,0.110277369777561,0.25,False,0.4941087695331171,0.003,0.016,markov,0.68,square_vn,50,100,0.9,0.2316997514957046,0.3,0,0.42,0.08,280,0.2782565734427948,0.2,20,1.49622388175902,2.6991987393036028e-18,0.2,plastic,secondary,0.0834404026635693,False,block_async,50,250,390,2,-1,1.0,0.6,0.6,100,0.0478378461572488,0,0,35,1.0,2,0,0.55,0.0,0.75,35.0,lesion,30.0,0.45,0.2,0.1,0.002,8.0
72,500,0.2565805466631347,0.5,0.2805328605329255,0.1818071698325707,0.125,0.0,square_vn__markov__plastic__intr1__struct1__alpha_async__lesion__s2__1c5947f67c,0.1186024119093887,0.1058180212710647,0.25,False,0.4763490166749918,0.003,0.016,markov,0.68,square_vn,50,100,0.9,0.2300017016964211,0.3,1,0.42,0.08,280,0.2398723988438516,0.2,20,1.439347531061232,2.565502427107728e-18,0.2,plastic,secondary,0.0657698144830655,False,alpha_async,50,250,390,2,-1,1.0,0.6,0.6,100,0.0598881686379911,15439,1,35,0.75,2,15439,0.55,0.0,0.75,35.0,lesion,30.0,0.45,0.2,0.1,0.002,8.0
72,500,0.3860053186508464,0.5,-0.0987059665152835,0.1292623366118576,0.125,0.2801770480774355,square_vn__ql__plastic__intr1__struct0__synchronous__lesion__s2__40a69cab3b,0.0208248140600574,0.0247259462149099,0.25,False,0.7625761764758284,0.003,0.016,ql,0.68,square_vn,50,100,0.9,0.2948142434412688,0.3,1,0.42,0.08,280,0.3859957394955065,0.2,20,1.4161859729276904,1.3332031005448865e-18,0.2,plastic,secondary,0.0490401420691753,False,synchronous,50,250,390,2,-1,1.0,0.6,0.6,100,0.0023987541804957,0,0,35,1.0,2,0,0.55,0.0,0.75,35.0,lesion,30.0,0.45,0.2,0.1,0.002,8.0
72,500,0.4113747275395484,0.5,-0.365051922431206,0.0,0.125,0.0,square_moore__markov__plastic__intr0__struct0__block_async__lesion__s2__01cba2032c,0.0033267885504068,-0.0024216670061706,0.25,False,0.5460098155782711,0.003,0.016,markov,0.68,square_moore,50,100,0.9,0.4901926646555708,0.3,0,0.42,0.08,280,0.4135388852026034,0.2,20,1.5084640588217026,2.8714239850857397e-18,0.2,plastic,secondary,0.0105061691606672,False,block_async,50,250,390,2,-1,1.0,0.6,0.6,100,0.0320362137489789,0,0,35,0.9989872685185184,2,0,0.55,0.0,0.75,35.0,lesion,30.0,0.45,0.2,0.1,0.002,8.0
72,500,0.3768687744508564,0.5,-0.3119957406519489,0.1245905284582559,0.125,0.0,square_moore__markov__plastic__intr1__struct1__alpha_async__lesion__s2__71a40280e2,-0.01077563865919,-0.0056204244447369,0.25,False,0.5237191468826892,0.003,0.016,markov,0.68,square_moore,50,100,0.9,0.4641945711236727,0.3,1,0.42,0.08,280,0.3597516410281924,0.2,20,1.5152773142749665,2.4338453646924816e-18,0.2,plastic,secondary,-0.0161399762027568,False,alpha_async,50,250,390,2,-1,1.0,0.6,0.6,100,0.0544187623210799,25804,1,35,0.75,2,25804,0.55,0.0,0.75,35.0,lesion,30.0,0.45,0.2,0.1,0.002,8.0
72,500,0.3960701071622287,0.5,0.1986863942207716,0.1000235295633971,0.125,0.2272813867953441,square_moore__ql__plastic__intr1__struct0__synchronous__lesion__s2__ad2c7d2f99,0.0045376466298161,0.0118724468520163,0.25,False,0.8166196421804287,0.003,0.016,ql,0.68,square_moore,50,100,0.9,0.1972221186706735,0.3,1,0.42,0.08,280,0.4063796788190005,0.2,20,1.283152388633159,3.9558480326192065e-18,0.2,plastic,secondary,-0.012070225623565,False,synchronous,50,250,390,2,-1,1.0,0.6,0.6,100,0.0147586401222302,0,0,35,1.0,2,0,0.55,0.0,0.75,35.0,lesion,30.0,0.45,0.2,0.1,0.002,8.0
72,500,0.4443759607255516,0.5,-0.3594917080069107,0.0,0.125,0.0,hex_cells__markov__plastic__intr0__struct0__block_async__lesion__s2__b2238ff8ad,0.00219851928547,-0.001922967223971,0.25,False,0.5428576965327184,0.003,0.016,markov,0.68,hex_cells,50,100,0.9,0.4991619024998085,0.3,0,0.42,0.08,280,0.4449987515054639,0.2,20,1.3859752691655796,1.9039094092430797e-18,0.2,plastic,secondary,0.0010378172714977,False,block_async,50,250,390,2,-1,1.0,0.6,0.6,100,0.0091363345936326,0,0,35,1.0,2,0,0.55,0.0,0.75,35.0,lesion,30.0,0.45,0.2,0.1,0.002,8.0
72,500,0.3505447833088417,0.5,0.0501128227145784,0.1441689466998234,0.125,0.0,hex_cells__markov__plastic__intr1__struct1__alpha_async__lesion__s2__b6a1236b29,0.0728850627136803,0.0615080997232217,0.25,False,0.5723381614724861,0.003,0.016,markov,0.68,hex_cells,50,100,0.9,0.3267124419482007,0.3,1,0.42,0.08,280,0.3308972090730338,0.2,20,1.352929396688797,2.347343354036965e-18,0.2,plastic,secondary,0.0375059479489896,False,alpha_async,50,250,390,2,-1,1.0,0.6,0.6,100,0.0292709563783175,24696,1,35,0.6666666666666666,2,24696,0.55,0.0,0.75,35.0,lesion,30.0,0.45,0.2,0.1,0.002,8.0
72,500,0.4207479911604215,0.5,-0.1664874024580402,0.0726072794081994,0.125,0.2388116048923494,hex_cells__ql__plastic__intr1__struct0__synchronous__lesion__s2__296083e937,0.0178107159398374,0.0042734072944889,0.25,False,0.7422194849900866,0.003,0.016,ql,0.68,hex_cells,50,100,0.9,0.3241837688076174,0.3,1,0.42,0.08,280,0.4228135991228778,0.2,20,1.2521848443129897,1.9792662941092802e-18,0.2,plastic,secondary,0.0100830288554226,False,synchronous,50,250,390,2,-1,1.0,0.6,0.6,100,0.0089598320950326,0,0,35,1.0,2,0,0.55,0.0,0.75,35.0,lesion,30.0,0.45,0.2,0.1,0.002,8.0
72,500,0.2906084575572439,0.5,0.2338469272762334,0.0,0.125,0.0,honeycomb__markov__plastic__intr0__struct0__block_async__lesion__s2__d9ecdc2e77,0.114455765358364,0.0949524533366746,0.25,False,0.5271401473747531,0.003,0.016,markov,0.68,honeycomb,50,100,0.9,0.2535626559124148,0.3,0,0.42,0.08,280,0.2944689826421438,0.2,20,1.5742684203898432,1.5860693236659593e-18,0.2,plastic,secondary,0.0821711053884272,False,block_async,50,250,390,2,-1,1.0,0.6,0.6,100,0.1090044129324769,0,0,35,1.0,2,0,0.55,0.0,0.75,35.0,lesion,30.0,0.45,0.2,0.1,0.002,8.0
72,500,0.2376867993782304,0.5,0.2677189589131711,0.2071364679491398,0.125,0.0,honeycomb__markov__plastic__intr1__struct1__alpha_async__lesion__s2__7da056e3b6,0.0809893068628722,0.0862126313288569,0.25,False,0.469845026606155,0.003,0.016,markov,0.68,honeycomb,50,100,0.9,0.2215955834885607,0.3,1,0.42,0.08,280,0.2265385871134322,0.2,20,1.3617834217177571,1.8066052491734697e-18,0.2,plastic,secondary,0.0478610299647571,False,alpha_async,50,250,390,2,-1,1.0,0.6,0.6,100,0.0542871735028567,12147,1,35,0.6666666666666666,2,12147,0.55,0.0,0.75,35.0,lesion,30.0,0.45,0.2,0.1,0.002,8.0
72,500,0.3879424737756777,0.5,-0.1219626350464056,0.1168261283818705,0.125,0.2762411654921757,honeycomb__ql__plastic__intr1__struct0__synchronous__lesion__s2__5404cb6fc1,0.0122683696262404,-0.0025104516024684,0.25,False,0.7484780902354702,0.003,0.016,ql,0.68,honeycomb,50,100,0.9,0.3076704606506226,0.3,1,0.42,0.08,280,0.3885922579999855,0.2,20,1.4760593049004542,2.1869656478983468e-18,0.2,plastic,secondary,0.0261178944725014,False,synchronous,50,250,390,2,-1,1.0,0.6,0.6,100,0.0024910104366823,0,0,35,1.0,2,0,0.55,0.0,0.75,35.0,lesion,30.0,0.45,0.2,0.1,0.002,8.0
72,500,0.3657036521885239,0.5,-0.1449332240736799,0.0,0.125,0.0,extended_moore_r2__markov__plastic__intr0__struct0__block_async__lesion__s2__ac06b06a3f,-0.0013740350389795,-0.0100456957285944,0.25,False,0.796024834072018,0.003,0.016,markov,0.68,extended_moore_r2,50,100,0.9,0.2236519261477793,0.3,0,0.42,0.08,280,0.362587483923546,0.2,20,0.3590053645725056,4.262104673664873e-18,0.2,plastic,secondary,0.0016853157809738,False,block_async,50,250,390,2,-1,1.0,0.6,0.6,100,0.0323570439613596,0,0,35,0.9106545781893004,2,0,0.55,0.0,0.75,35.0,lesion,30.0,0.45,0.2,0.1,0.002,8.0
72,500,0.342757430132633,0.5,-0.1969759209245294,0.0876506230430319,0.125,0.0,extended_moore_r2__markov__plastic__intr1__struct1__alpha_async__lesion__s2__6909aa9b6b,0.0043742204528534,-0.0186296621363279,0.25,False,0.664337120511745,0.003,0.016,markov,0.68,extended_moore_r2,50,100,0.9,0.3316873924465567,0.3,1,0.42,0.08,280,0.3449889506019366,0.2,20,0.6664509631058304,3.20476111006056e-18,0.2,plastic,secondary,0.0040865818300199,False,alpha_async,50,250,390,2,-1,1.0,0.6,0.6,100,0.0317005241527139,39374,1,35,0.7456677597736625,2,38095,0.55,0.0,0.75,35.0,lesion,30.0,0.45,0.2,0.1,0.002,8.0
72,500,0.4026831709488987,0.5,0.4111844910602989,0.0916276249116705,0.125,0.2398901561989197,extended_moore_r2__ql__plastic__intr1__struct0__synchronous__lesion__s2__89fd51e3f2,-0.0659703202142753,-0.0196991310996179,0.25,False,0.8514170169900481,0.003,0.016,ql,0.68,extended_moore_r2,50,100,0.9,0.15709963509444,0.3,1,0.42,0.08,280,0.4020133561198871,0.2,20,1.1828170209565896,3.2502140696223682e-18,0.2,plastic,secondary,-0.0902205388764471,False,synchronous,50,250,390,2,-1,1.0,0.6,0.6,100,0.0111303625279224,0,0,35,0.984350887345679,2,0,0.55,0.0,0.75,35.0,lesion,30.0,0.45,0.2,0.1,0.002,8.0
72,500,0.438163542291584,0.5,-0.1208792919237818,0.0,0.125,0.0,extended_hex_r2__markov__plastic__intr0__struct0__block_async__lesion__s2__a51a226efa,-0.08697263252296,-0.0148999400268483,0.25,False,0.9666088825705228,0.003,0.016,markov,0.68,extended_hex_r2,50,100,0.9,0.0643501147967578,0.3,0,0.42,0.08,280,0.4377043833189036,0.2,20,0.0166192158110189,4.790029037266689e-18,0.2,plastic,secondary,-0.0736547258358051,False,block_async,50,250,390,2,-1,1.0,0.6,0.6,100,0.0208456143751738,0,0,35,0.9882651748971192,2,0,0.55,0.0,0.75,35.0,lesion,30.0,0.45,0.2,0.1,0.002,8.0
72,500,0.4511304771492601,0.5,-0.0626119473422468,0.0602873549771233,0.125,0.0,extended_hex_r2__markov__plastic__intr1__struct1__alpha_async__lesion__s2__5209fdd41c,-0.0229653168914702,-0.0132130370758357,0.25,False,0.8344927951556175,0.003,0.016,markov,0.68,extended_hex_r2,50,100,0.9,0.2608569156807393,0.3,1,0.42,0.08,280,0.4220017829429837,0.2,20,0.7194917559174341,2.7727250444789892e-18,0.2,plastic,secondary,0.0062486032557762,False,alpha_async,50,250,390,2,-1,1.0,0.6,0.6,100,0.0047919598683516,38538,1,35,0.7776920438957476,2,38458,0.55,0.0,0.75,35.0,lesion,30.0,0.45,0.2,0.1,0.002,8.0
72,500,0.4040994636624706,0.5,0.4227979311821255,0.0880914757235476,0.125,0.229179523493666,extended_hex_r2__ql__plastic__intr1__struct0__synchronous__lesion__s2__f4be782b5f,0.0176113118342378,0.021064243854712,0.25,False,0.8554467829768493,0.003,0.016,ql,0.68,extended_hex_r2,50,100,0.9,0.1546582028761282,0.3,1,0.42,0.08,280,0.4043383041388678,0.2,20,1.1991530994986863,3.928474153649761e-18,0.2,plastic,secondary,0.0040675092270831,False,synchronous,50,250,390,2,-1,1.0,0.6,0.6,100,0.0098734290985284,0,0,35,0.9909336419753086,2,0,0.55,0.0,0.75,35.0,lesion,30.0,0.45,0.2,0.1,0.002,8.0
72,500,0.4236417960973758,0.5,-0.2747931721219817,0.0,0.125,0.0,honeycomb_nnn__markov__plastic__intr0__struct0__block_async__lesion__s2__697fd1f4ad,-0.003222675356402,-0.0073206713510726,0.25,False,0.5957673103607534,0.003,0.016,markov,0.68,honeycomb_nnn,50,100,0.9,0.4431764444567195,0.3,0,0.42,0.08,280,0.4235746326085161,0.2,20,1.0285779634397385,2.322314479150626e-18,0.2,plastic,secondary,-0.003429592384105,False,block_async,50,250,390,2,-1,1.0,0.6,0.6,100,0.0584991432819047,0,0,35,0.9993998628257889,2,0,0.55,0.0,0.75,35.0,lesion,30.0,0.45,0.2,0.1,0.002,8.0
72,500,0.3975995842604452,0.5,-0.2250957262579044,0.098904642491421,0.125,0.0,honeycomb_nnn__markov__plastic__intr1__struct1__alpha_async__lesion__s2__33528e6f2b,0.0142147870580868,0.0044336120710442,0.25,False,0.6167971635076835,0.003,0.016,markov,0.68,honeycomb_nnn,50,100,0.9,0.4096401978031818,0.3,1,0.42,0.08,280,0.3880454927200437,0.2,20,0.97079496278977,2.491839987473065e-18,0.2,plastic,secondary,0.0275129904471235,False,alpha_async,50,250,390,2,-1,1.0,0.6,0.6,100,0.0119098201531711,29898,1,35,0.7777777777777778,2,29898,0.55,0.0,0.75,35.0,lesion,30.0,0.45,0.2,0.1,0.002,8.0
72,500,0.3998216876192463,0.5,0.4073234578129494,0.0924956347657631,0.125,0.2289665720677909,honeycomb_nnn__ql__plastic__intr1__struct0__synchronous__lesion__s2__81441222ab,-0.0019178495975048,-0.0179789289920185,0.25,False,0.8510269920690268,0.003,0.016,ql,0.68,honeycomb_nnn,50,100,0.9,0.1595518810844141,0.3,1,0.42,0.08,280,0.4044581185312606,0.2,20,1.2200022450499732,2.1148019671931603e-18,0.2,plastic,secondary,-0.0305101574682776,False,synchronous,50,250,390,2,-1,1.0,0.6,0.6,100,0.0059557264126583,0,0,35,1.0,2,0,0.55,0.0,0.75,35.0,lesion,30.0,0.45,0.2,0.1,0.002,8.0
72,500,0.3010748479546201,0.5,0.2064488872964563,0.0,0.125,0.0,square_vn__markov__plastic__intr0__struct0__block_async__lesion__s3__340bd9ae59,0.0834621388388256,0.0781743487872134,0.25,False,0.5586503454012094,0.003,0.016,markov,0.68,square_vn,50,100,0.9,0.2583868447584862,0.3,0,0.42,0.08,280,0.3136072232204469,0.2,20,1.528380467703578,3.0789053050392537e-18,0.2,plastic,secondary,0.0423773719782983,False,block_async,50,250,390,3,-1,1.0,0.6,0.6,100,0.0344985550188249,0,0,35,1.0,2,0,0.55,0.0,0.75,35.0,lesion,30.0,0.45,0.2,0.1,0.002,8.0
72,500,0.270564273092124,0.5,0.2424441990785424,0.1773973224167555,0.125,0.0,square_vn__markov__plastic__intr1__struct1__alpha_async__lesion__s3__401d21b2c3,0.1015722655170185,0.1008946937801205,0.25,False,0.5000780335713969,0.003,0.016,markov,0.68,square_vn,50,100,0.9,0.2438600158956937,0.3,1,0.42,0.08,280,0.25387820811978,0.2,20,1.4614272792557927,2.5009331083937528e-18,0.2,plastic,secondary,0.0667865723204989,False,alpha_async,50,250,390,3,-1,1.0,0.6,0.6,100,0.0499480355703567,15803,1,35,0.75,2,15803,0.55,0.0,0.75,35.0,lesion,30.0,0.45,0.2,0.1,0.002,8.0
72,500,0.3851505798816682,0.5,-0.1097092088619391,0.1299743842731237,0.125,0.2784725567258628,square_vn__ql__plastic__intr1__struct0__synchronous__lesion__s3__563464697a,0.0222320147167069,0.002868371069412,0.25,False,0.7598744378334688,0.003,0.016,ql,0.68,square_vn,50,100,0.9,0.2975241360004418,0.3,1,0.42,0.08,280,0.3854555410627817,0.2,20,1.4321398936323262,2.785191349191872e-18,0.2,plastic,secondary,-0.0007322083403263,False,synchronous,50,250,390,3,-1,1.0,0.6,0.6,100,0.0032110237229317,0,0,35,1.0,2,0,0.55,0.0,0.75,35.0,lesion,30.0,0.45,0.2,0.1,0.002,8.0
72,500,0.4065213717832713,0.5,-0.3586702737100841,0.0,0.125,0.0,square_moore__markov__plastic__intr0__struct0__block_async__lesion__s3__e6ddc5a5cc,0.0094631431209728,0.0055092994588862,0.25,False,0.5651969818519595,0.003,0.016,markov,0.68,square_moore,50,100,0.9,0.4765967739474196,0.3,0,0.42,0.08,280,0.4065915985206664,0.2,20,1.49512138411901,2.803695738390893e-18,0.2,plastic,secondary,0.018404280903038,False,block_async,50,250,390,3,-1,1.0,0.6,0.6,100,0.032074587483075,0,0,35,0.9987943672839508,2,0,0.55,0.0,0.75,35.0,lesion,30.0,0.45,0.2,0.1,0.002,8.0
72,500,0.3790431500473997,0.5,-0.3285834164253756,0.1199105723573108,0.125,0.0,square_moore__markov__plastic__intr1__struct1__alpha_async__lesion__s3__e04be99973,-0.0011473334749451,-0.0075039724483941,0.25,False,0.5207130055356328,0.003,0.016,markov,0.68,square_moore,50,100,0.9,0.4720561117657107,0.3,1,0.42,0.08,280,0.3638984301100582,0.2,20,1.5237704764994118,2.3577024936333722e-18,0.2,plastic,secondary,0.0017558697244221,False,alpha_async,50,250,390,3,-1,1.0,0.6,0.6,100,0.0232477249053893,26232,1,35,0.75,2,26232,0.55,0.0,0.75,35.0,lesion,30.0,0.45,0.2,0.1,0.002,8.0
72,500,0.4026739926187923,0.5,0.3448846015834049,0.1009711362390394,0.125,0.2306371251193797,square_moore__ql__plastic__intr1__struct0__synchronous__lesion__s3__ee9704e30a,0.0052897195727219,0.01659209304167,0.25,False,0.839959201159472,0.003,0.016,ql,0.68,square_moore,50,100,0.9,0.1767886723892464,0.3,1,0.42,0.08,280,0.4043118703438862,0.2,20,1.2737857946830171,2.983281901636144e-18,0.2,plastic,secondary,0.0150227220750809,False,synchronous,50,250,390,3,-1,1.0,0.6,0.6,100,0.006657663490506,0,0,35,1.0,2,0,0.55,0.0,0.75,35.0,lesion,30.0,0.45,0.2,0.1,0.002,8.0
72,500,0.4502203616457069,0.5,-0.3634857602798563,0.0,0.125,0.0,hex_cells__markov__plastic__intr0__struct0__block_async__lesion__s3__249524da11,0.0012030067062262,-0.0066625506174076,0.25,False,0.5303575320360812,0.003,0.016,markov,0.68,hex_cells,50,100,0.9,0.5087473698966315,0.3,0,0.42,0.08,280,0.451222550665259,0.2,20,1.4061640160836122,1.2142780116585646e-18,0.2,plastic,secondary,-0.00389854231022,False,block_async,50,250,390,3,-1,1.0,0.6,0.6,100,0.0129379801223298,0,0,35,1.0,2,0,0.55,0.0,0.75,35.0,lesion,30.0,0.45,0.2,0.1,0.002,8.0
72,500,0.3565242220951804,0.5,0.0259463619897204,0.1448659267173331,0.125,0.0,hex_cells__markov__plastic__intr1__struct1__alpha_async__lesion__s3__c2b641b2d0,0.0631289511265639,0.0529798874990611,0.25,False,0.5883968814769753,0.003,0.016,markov,0.68,hex_cells,50,100,0.9,0.3287680459626091,0.3,1,0.42,0.08,280,0.3358969203577207,0.2,20,1.3129199348767062,2.1495988363980693e-18,0.2,plastic,secondary,0.0032632118399541,False,alpha_async,50,250,390,3,-1,1.0,0.6,0.6,100,0.0300806056729348,24781,1,35,0.6666666666666666,2,24781,0.55,0.0,0.75,35.0,lesion,30.0,0.45,0.2,0.1,0.002,8.0
72,500,0.422673977260728,0.5,-0.1533959392725045,0.0742879111941801,0.125,0.2365700329315962,hex_cells__ql__plastic__intr1__struct0__synchronous__lesion__s3__e246646fd8,0.0206789529013552,0.0038399851460391,0.25,False,0.7458480528520498,0.003,0.016,ql,0.68,hex_cells,50,100,0.9,0.3199958007641156,0.3,1,0.42,0.08,280,0.421258602731159,0.2,20,1.2669502005943725,1.9468081100505697e-18,0.2,plastic,secondary,0.0039823350952852,False,synchronous,50,250,390,3,-1,1.0,0.6,0.6,100,0.0097733754445493,0,0,35,1.0,2,0,0.55,0.0,0.75,35.0,lesion,30.0,0.45,0.2,0.1,0.002,8.0
72,500,0.3089334624078746,0.5,0.1720240113660495,0.0,0.125,0.0,honeycomb__markov__plastic__intr0__struct0__block_async__lesion__s3__0c23c90af3,0.0894127252561801,0.0776456374209549,0.25,False,0.5663053398596483,0.003,0.016,markov,0.68,honeycomb,50,100,0.9,0.2700566097907503,0.3,0,0.42,0.08,280,0.3160163042515638,0.2,20,1.5798151805727094,1.8068942976611414e-18,0.2,plastic,secondary,0.0819125516262331,False,block_async,50,250,390,3,-1,1.0,0.6,0.6,100,0.0815284940549981,0,0,35,1.0,2,0,0.55,0.0,0.75,35.0,lesion,30.0,0.45,0.2,0.1,0.002,8.0
72,500,0.2982352495000458,0.5,0.1156129790147625,0.1866636754452062,0.125,0.0,honeycomb__markov__plastic__intr1__struct1__alpha_async__lesion__s3__2451fc55ad,0.0001605975109479,0.0114069470823303,0.25,False,0.5879945394775383,0.003,0.016,markov,0.68,honeycomb,50,100,0.9,0.2734929462073749,0.3,1,0.42,0.08,280,0.2802129821838003,0.2,20,1.440016776567435,2.4817062355288082e-18,0.2,plastic,secondary,-0.0414527880574551,False,alpha_async,50,250,390,3,-1,1.0,0.6,0.6,100,0.0065065097104274,14193,1,35,0.6666666666666666,2,14193,0.55,0.0,0.75,35.0,lesion,30.0,0.45,0.2,0.1,0.002,8.0
72,500,0.3885356600116714,0.5,-0.1265195239751239,0.1168871611285367,0.125,0.2773449676925169,honeycomb__ql__plastic__intr1__struct0__synchronous__lesion__s3__bf802ba7f6,0.0154147567679557,0.011153385306516,0.25,False,0.7500213974496038,0.003,0.016,ql,0.68,honeycomb,50,100,0.9,0.3083125244780295,0.3,1,0.42,0.08,280,0.3886978646560295,0.2,20,1.488306805476143,1.3869115485836899e-18,0.2,plastic,secondary,-0.0049337130066945,False,synchronous,50,250,390,3,-1,1.0,0.6,0.6,100,0.0027473982313879,0,0,35,1.0,2,0,0.55,0.0,0.75,35.0,lesion,30.0,0.45,0.2,0.1,0.002,8.0
72,500,0.3518401048150968,0.5,-0.1491235284450432,0.0,0.125,0.0,extended_moore_r2__markov__plastic__intr0__struct0__block_async__lesion__s3__5da25c7529,0.0023753545804802,-0.0015677906048527,0.25,False,0.771969765540337,0.003,0.016,markov,0.68,extended_moore_r2,50,100,0.9,0.2327654175317186,0.3,0,0.42,0.08,280,0.3481941698832821,0.2,20,0.4280572405658579,5.740827040674847e-18,0.2,plastic,secondary,0.0090706455214672,False,block_async,50,250,390,3,-1,1.0,0.6,0.6,100,0.067928896595552,0,0,35,0.8947964891975309,2,0,0.55,0.0,0.75,35.0,lesion,30.0,0.45,0.2,0.1,0.002,8.0
72,500,0.3456436222774825,0.5,-0.196073590442955,0.089883106427889,0.125,0.0,extended_moore_r2__markov__plastic__intr1__struct1__alpha_async__lesion__s3__b856cc16de,0.0127600971315879,-0.0103246032041718,0.25,False,0.6641501141436591,0.003,0.016,markov,0.68,extended_moore_r2,50,100,0.9,0.3344338189110066,0.3,1,0.42,0.08,280,0.3460503507951522,0.2,20,0.6433804699171543,3.634987814742415e-18,0.2,plastic,secondary,0.0176455612634612,False,alpha_async,50,250,390,3,-1,1.0,0.6,0.6,100,0.0319964582921156,39625,1,35,0.7461821630658436,2,38414,0.55,0.0,0.75,35.0,lesion,30.0,0.45,0.2,0.1,0.002,8.0
72,500,0.4022612687532285,0.5,0.4253915358279922,0.0926292558750223,0.125,0.2299907261168025,extended_moore_r2__ql__plastic__intr1__struct0__synchronous__lesion__s3__5c590f5cb3,-0.0239181214339284,0.0086236318656121,0.25,False,0.8564301125327157,0.003,0.016,ql,0.68,extended_moore_r2,50,100,0.9,0.1528614254310323,0.3,1,0.42,0.08,280,0.4039999789364229,0.2,20,1.191273057244756,3.646061627165611e-18,0.2,plastic,secondary,-0.0240310719467122,False,synchronous,50,250,390,3,-1,1.0,0.6,0.6,100,0.0121966628156084,0,0,35,0.9844312628600824,2,0,0.55,0.0,0.75,35.0,lesion,30.0,0.45,0.2,0.1,0.002,8.0
72,500,0.4457512041992413,0.5,-0.2189806793703901,0.0,0.125,0.0,extended_hex_r2__markov__plastic__intr0__struct0__block_async__lesion__s3__ceab26060f,-0.0031959906953721,0.0035928890558569,0.25,False,0.9895588017033414,0.003,0.016,markov,0.68,extended_hex_r2,50,100,0.9,0.029897598000029,0.3,0,0.42,0.08,280,0.4457159148045171,0.2,20,0.0,2.1876767513417296e-19,0.2,plastic,secondary,-0.0021305564587217,False,block_async,50,250,390,3,-1,1.0,0.6,0.6,100,0.0814603931709219,0,0,35,0.9910729595336076,2,0,0.55,0.0,0.75,35.0,lesion,30.0,0.45,0.2,0.1,0.002,8.0
72,500,0.4295718428713725,0.5,-0.0440533595787538,0.062648229755441,0.125,0.0,extended_hex_r2__markov__plastic__intr1__struct1__alpha_async__lesion__s3__c614ad378f,0.022466501370764,-0.0054194657313088,0.25,False,0.831204367026408,0.003,0.016,markov,0.68,extended_hex_r2,50,100,0.9,0.256567742783868,0.3,1,0.42,0.08,280,0.4223523834746159,0.2,20,0.5938596155433166,2.613054093553767e-18,0.2,plastic,secondary,0.0357140408762113,False,alpha_async,50,250,390,3,-1,1.0,0.6,0.6,100,0.005843555674303,38698,1,35,0.7777027606310014,2,38638,0.55,0.0,0.75,35.0,lesion,30.0,0.45,0.2,0.1,0.002,8.0
72,500,0.4015810142490637,0.5,0.4152162805665303,0.0887362978885224,0.125,0.2289052030651004,extended_hex_r2__ql__plastic__intr1__struct0__synchronous__lesion__s3__2877aa0597,-0.0417423086137823,0.0039298708067506,0.25,False,0.8537619874943865,0.003,0.016,ql,0.68,extended_hex_r2,50,100,0.9,0.1563534574746088,0.3,1,0.42,0.08,280,0.4033778706854097,0.2,20,1.1986160692973258,3.6200652426801074e-18,0.2,plastic,secondary,-0.0915439895236554,False,synchronous,50,250,390,3,-1,1.0,0.6,0.6,100,0.0077284237141247,0,0,35,0.9905799897119342,2,0,0.55,0.0,0.75,35.0,lesion,30.0,0.45,0.2,0.1,0.002,8.0
72,500,0.4162690181046941,0.5,-0.2751542095385482,0.0,0.125,0.0,honeycomb_nnn__markov__plastic__intr0__struct0__block_async__lesion__s3__1e7fb362c9,0.0069162113336184,-0.0019756020659193,0.25,False,0.6054663376729809,0.003,0.016,markov,0.68,honeycomb_nnn,50,100,0.9,0.4335345718686468,0.3,0,0.42,0.08,280,0.4153075142224262,0.2,20,1.0318639107815937,2.544345017741776e-18,0.2,plastic,secondary,-0.0052784788172737,False,block_async,50,250,390,3,-1,1.0,0.6,0.6,100,0.0471276269816314,0,0,35,0.9994641632373114,2,0,0.55,0.0,0.75,35.0,lesion,30.0,0.45,0.2,0.1,0.002,8.0
72,500,0.3940571845044672,0.5,-0.2273188611842701,0.1031022709286187,0.125,0.0,honeycomb_nnn__markov__plastic__intr1__struct1__alpha_async__lesion__s3__d8184c431e,0.004751655502864,-0.0053283379549723,0.25,False,0.6123743057047173,0.003,0.016,markov,0.68,honeycomb_nnn,50,100,0.9,0.4108267566345703,0.3,1,0.42,0.08,280,0.384596706639506,0.2,20,0.9665175356211148,2.7885711311389417e-18,0.2,plastic,secondary,0.0199231547590286,False,alpha_async,50,250,390,3,-1,1.0,0.6,0.6,100,0.0074612801788222,29450,1,35,0.7777777777777778,2,29450,0.55,0.0,0.75,35.0,lesion,30.0,0.45,0.2,0.1,0.002,8.0
72,500,0.405569562695873,0.5,0.4178914345984817,0.0922488623976526,0.125,0.22312689652245,honeycomb_nnn__ql__plastic__intr1__struct0__synchronous__lesion__s3__2c0d031317,0.006908089418808,0.0076729580798078,0.25,False,0.8533408052651993,0.003,0.016,ql,0.68,honeycomb_nnn,50,100,0.9,0.1597239259199654,0.3,1,0.42,0.08,280,0.4057063938280516,0.2,20,1.2450096986938248,3.2317803881014352e-18,0.2,plastic,secondary,0.0071132383298376,False,synchronous,50,250,390,3,-1,1.0,0.6,0.6,100,0.0067213087885101,0,0,35,1.0,2,0,0.55,0.0,0.75,35.0,lesion,30.0,0.45,0.2,0.1,0.002,8.0
72,500,0.2943427835163993,0.5,0.2245958367280097,0.0,0.125,0.0,square_vn__markov__plastic__intr0__struct0__block_async__repeated_lesion__s1__acd83aa51b,0.0874722512445393,0.0842267244951244,0.25,False,0.5440764527773952,0.003,0.016,markov,0.68,square_vn,50,100,0.9,0.253644196444622,0.3,0,0.42,0.08,280,0.3058555455407434,0.2,20,1.5265015157985506,2.0774502083640273e-18,0.2,plastic,secondary,0.0465038939818936,False,block_async,50,250,390,1,-1,1.0,0.6,0.6,100,0.0340430742746221,0,0,35,1.0,2,0,0.55,0.0,0.75,35.0,repeated_lesion,30.0,0.45,0.2,0.1,0.002,8.0
72,500,0.2705685035941837,0.5,0.2371756560224728,0.1784477405843607,0.125,0.0,square_vn__markov__plastic__intr1__struct1__alpha_async__repeated_lesion__s1__fbb5a82b97,0.1074387587579895,0.0918467799004356,0.25,False,0.4988103301661706,0.003,0.016,markov,0.68,square_vn,50,100,0.9,0.2452306189457126,0.3,1,0.42,0.08,280,0.252077380253952,0.2,20,1.4557550402237651,2.7165493371054283e-18,0.2,plastic,secondary,0.065595842753548,False,alpha_async,50,250,390,1,-1,1.0,0.6,0.6,100,0.0615573184544253,15740,1,35,0.75,2,15740,0.55,0.0,0.75,35.0,repeated_lesion,30.0,0.45,0.2,0.1,0.002,8.0
72,500,0.383512043053376,0.5,-0.1116114754888833,0.1299974857292543,0.125,0.277489991833681,square_vn__ql__plastic__intr1__struct0__synchronous__repeated_lesion__s1__45e66d304a,0.0179229805197713,0.0007983410161511,0.25,False,0.7573760852989035,0.003,0.016,ql,0.68,square_vn,50,100,0.9,0.2990636985828921,0.3,1,0.42,0.08,280,0.3860992205210816,0.2,20,1.429525932996769,1.6298188587525817e-18,0.2,plastic,secondary,0.0228278198703029,False,synchronous,50,250,390,1,-1,1.0,0.6,0.6,100,0.002778649183051,0,0,35,1.0,2,0,0.55,0.0,0.75,35.0,repeated_lesion,30.0,0.45,0.2,0.1,0.002,8.0
72,500,0.4092330264351758,0.5,-0.3553660806560992,0.0,0.125,0.0,square_moore__markov__plastic__intr0__struct0__block_async__repeated_lesion__s1__55cfa2c2b0,0.0008138432424098,0.0033888409914706,0.25,False,0.5617876124804696,0.003,0.016,markov,0.68,square_moore,50,100,0.9,0.4780894375842656,0.3,0,0.42,0.08,280,0.4092782162310738,0.2,20,1.491908805268897,2.6608148531309534e-18,0.2,plastic,secondary,-0.007191112045843,False,block_async,50,250,390,1,-1,1.0,0.6,0.6,100,0.0253758998366237,0,0,35,0.9989631558641976,2,0,0.55,0.0,0.75,35.0,repeated_lesion,30.0,0.45,0.2,0.1,0.002,8.0
72,500,0.3777542657785248,0.5,-0.3415335607737483,0.1212029080763429,0.125,0.0,square_moore__markov__plastic__intr1__struct1__alpha_async__repeated_lesion__s1__092569b22e,9.790987469392824e-05,0.0074765735283203,0.25,False,0.5141830620228159,0.003,0.016,markov,0.68,square_moore,50,100,0.9,0.4772022003018071,0.3,1,0.42,0.08,280,0.3617892174962536,0.2,20,1.5373904937347331,2.5086379225740693e-18,0.2,plastic,secondary,0.0056680187247627,False,alpha_async,50,250,390,1,-1,1.0,0.6,0.6,100,0.0369245162078442,26034,1,35,0.75,2,26034,0.55,0.0,0.75,35.0,repeated_lesion,30.0,0.45,0.2,0.1,0.002,8.0
72,500,0.4054235551551821,0.5,0.3032941190174669,0.0992850073855486,0.125,0.2286874390944926,square_moore__ql__plastic__intr1__struct0__synchronous__repeated_lesion__s1__5c235f310c,-0.0126173338242758,0.0068284179898089,0.25,False,0.8387320434469073,0.003,0.016,ql,0.68,square_moore,50,100,0.9,0.1821229931009355,0.3,1,0.42,0.08,280,0.4057155055589364,0.2,20,1.2669833009858351,2.6649515154835737e-18,0.2,plastic,secondary,-0.0215633516518364,False,synchronous,50,250,390,1,-1,1.0,0.6,0.6,100,0.0052154620855048,0,0,35,1.0,2,0,0.55,0.0,0.75,35.0,repeated_lesion,30.0,0.45,0.2,0.1,0.002,8.0
72,500,0.4449906503778743,0.5,-0.3578658999816275,0.0,0.125,0.0,hex_cells__markov__plastic__intr0__struct0__block_async__repeated_lesion__s1__1485e65ccb,-0.0013395486373645,-0.001873368849305,0.25,False,0.5486347294438956,0.003,0.016,markov,0.68,hex_cells,50,100,0.9,0.4950253250817162,0.3,0,0.42,0.08,280,0.4447787063895815,0.2,20,1.3767567782419392,2.305823553125809e-18,0.2,plastic,secondary,0.0056998154996033,False,block_async,50,250,390,1,-1,1.0,0.6,0.6,100,0.0087977061761698,0,0,35,1.0,2,0,0.55,0.0,0.75,35.0,repeated_lesion,30.0,0.45,0.2,0.1,0.002,8.0
72,500,0.3654019746541826,0.5,-0.007068807772738,0.1398836225003153,0.125,0.0,hex_cells__markov__plastic__intr1__struct1__alpha_async__repeated_lesion__s1__c5899b1ef3,0.0590679115780678,0.0422986652844494,0.25,False,0.6011223880720598,0.003,0.016,markov,0.68,hex_cells,50,100,0.9,0.3383365304947844,0.3,1,0.42,0.08,280,0.344568660236519,0.2,20,1.2988848716703938,2.007059624894344e-18,0.2,plastic,secondary,0.029715570180844,False,alpha_async,50,250,390,1,-1,1.0,0.6,0.6,100,0.0225403286070964,25181,1,35,0.6666666666666666,2,25181,0.55,0.0,0.75,35.0,repeated_lesion,30.0,0.45,0.2,0.1,0.002,8.0
72,500,0.4199458660923215,0.5,-0.1425851981776605,0.0744032520114607,0.125,0.2363247785708373,hex_cells__ql__plastic__intr1__struct0__synchronous__repeated_lesion__s1__3d37728d1c,0.0251451391297866,0.0130385933338891,0.25,False,0.7496838852946217,0.003,0.016,ql,0.68,hex_cells,50,100,0.9,0.3147559519262208,0.3,1,0.42,0.08,280,0.4199207312906625,0.2,20,1.2649273132729006,1.636243023513303e-18,0.2,plastic,secondary,0.0009514310768788,False,synchronous,50,250,390,1,-1,1.0,0.6,0.6,100,0.0074723969248112,0,0,35,1.0,2,0,0.55,0.0,0.75,35.0,repeated_lesion,30.0,0.45,0.2,0.1,0.002,8.0
72,500,0.3060970796827789,0.5,0.195574631362432,0.0,0.125,0.0,honeycomb__markov__plastic__intr0__struct0__block_async__repeated_lesion__s1__320ce0f5a8,0.0950665963529123,0.0863732865546504,0.25,False,0.561590863430712,0.003,0.016,markov,0.68,honeycomb,50,100,0.9,0.2646852957960153,0.3,0,0.42,0.08,280,0.3115222444903077,0.2,20,1.5742249826149313,1.6866826830773036e-18,0.2,plastic,secondary,0.0771036118851201,False,block_async,50,250,390,1,-1,1.0,0.6,0.6,100,0.0869847667398846,0,0,35,1.0,2,0,0.55,0.0,0.75,35.0,repeated_lesion,30.0,0.45,0.2,0.1,0.002,8.0
72,500,0.2524883839019135,0.5,0.2368224981361752,0.2015943039054843,0.125,0.0,honeycomb__markov__plastic__intr1__struct1__alpha_async__repeated_lesion__s1__a0a1af95dc,0.069539388492125,0.0521997012084245,0.25,False,0.4972260708250114,0.003,0.016,markov,0.68,honeycomb,50,100,0.9,0.2349428350515872,0.3,1,0.42,0.08,280,0.2386916413529,0.2,20,1.3961768545469913,2.4401569482613682e-18,0.2,plastic,secondary,0.033191800615364,False,alpha_async,50,250,390,1,-1,1.0,0.6,0.6,100,0.0362766215122093,12646,1,35,0.6666666666666666,2,12646,0.55,0.0,0.75,35.0,repeated_lesion,30.0,0.45,0.2,0.1,0.002,8.0
72,500,0.3873549566690553,0.5,-0.1164820996280497,0.1171258807927932,0.125,0.2761987495032246,honeycomb__ql__plastic__intr1__struct0__synchronous__repeated_lesion__s1__b09bf643cd,0.0110127397478295,0.0025553015768177,0.25,False,0.7510430411938105,0.003,0.016,ql,0.68,honeycomb,50,100,0.9,0.3043742178777193,0.3,1,0.42,0.08,280,0.3892650467583791,0.2,20,1.4644313487846268,1.3785659898616796e-18,0.2,plastic,secondary,0.01187430819919,False,synchronous,50,250,390,1,-1,1.0,0.6,0.6,100,0.0022661215265617,0,0,35,1.0,2,0,0.55,0.0,0.75,35.0,repeated_lesion,30.0,0.45,0.2,0.1,0.002,8.0
72,500,0.3397307931462526,0.5,-0.1758881902853867,0.0,0.125,0.0,extended_moore_r2__markov__plastic__intr0__struct0__block_async__repeated_lesion__s1__7c9d3cde31,0.0177027055944388,0.0013002317520318,0.25,False,0.7342287243331596,0.003,0.016,markov,0.68,extended_moore_r2,50,100,0.9,0.2604184668597031,0.3,0,0.42,0.08,280,0.337341552701379,0.2,20,0.4833846145468142,5.033428700692409e-18,0.2,plastic,secondary,0.0214292927284394,False,block_async,50,250,390,1,-1,1.0,0.6,0.6,100,0.0497567614282292,0,0,35,0.8803771219135802,2,0,0.55,0.0,0.75,35.0,repeated_lesion,30.0,0.45,0.2,0.1,0.002,8.0
72,500,0.3395469328267345,0.5,-0.2077169348229313,0.0876327006528001,0.125,0.0,extended_moore_r2__markov__plastic__intr1__struct1__alpha_async__repeated_lesion__s1__9f583f2443,0.0118954955736837,-0.0104126268950044,0.25,False,0.655944268909812,0.003,0.016,markov,0.68,extended_moore_r2,50,100,0.9,0.3373721575314956,0.3,1,0.42,0.08,280,0.3476033292954268,0.2,20,0.6081900718767577,3.895012941655411e-18,0.2,plastic,secondary,0.0055281352419068,False,alpha_async,50,250,390,1,-1,1.0,0.6,0.6,100,0.0303714554979982,39341,1,35,0.7459812242798354,2,38140,0.55,0.0,0.75,35.0,repeated_lesion,30.0,0.45,0.2,0.1,0.002,8.0
72,500,0.3936169336778919,0.5,0.4220924014472199,0.09193736739609,0.125,0.2279272903875485,extended_moore_r2__ql__plastic__intr1__struct0__synchronous__repeated_lesion__s1__b437220608,-0.0575973937346369,-0.0044235837775549,0.25,False,0.8518492803756453,0.003,0.016,ql,0.68,extended_moore_r2,50,100,0.9,0.1520699423419415,0.3,1,0.42,0.08,280,0.4029262527621084,0.2,20,1.1758027905578483,4.063426399971711e-18,0.2,plastic,secondary,-0.0434730567887211,False,synchronous,50,250,390,1,-1,1.0,0.6,0.6,100,0.0122305560315963,0,0,35,0.9840615354938272,2,0,0.55,0.0,0.75,35.0,repeated_lesion,30.0,0.45,0.2,0.1,0.002,8.0
72,500,0.4460558100007679,0.5,-0.2207086914035713,0.0,0.125,0.0,extended_hex_r2__markov__plastic__intr0__struct0__block_async__repeated_lesion__s1__265c16af84,-0.0089828010443081,-0.0036393381674847,0.25,False,0.9895865468549396,0.003,0.016,markov,0.68,extended_hex_r2,50,100,0.9,0.0304755441287921,0.3,0,0.42,0.08,280,0.4459432744319612,0.2,20,0.0,4.897903830971348e-19,0.2,plastic,secondary,-0.0086688815751527,False,block_async,50,250,390,1,-1,1.0,0.6,0.6,100,0.0801476837428014,0,0,35,0.9912122770919068,2,0,0.55,0.0,0.75,35.0,repeated_lesion,30.0,0.45,0.2,0.1,0.002,8.0
72,500,0.4111253783061189,0.5,-0.0594070030883552,0.061098748190614,0.125,0.0,extended_hex_r2__markov__plastic__intr1__struct1__alpha_async__repeated_lesion__s1__939dc085bc,0.0204865438861539,0.0048575808286952,0.25,False,0.8241505488293577,0.003,0.016,markov,0.68,extended_hex_r2,50,100,0.9,0.2537438997974562,0.3,1,0.42,0.08,280,0.423186881014891,0.2,20,0.3746808107713389,2.519647422088125e-18,0.2,plastic,secondary,-0.0535130337447058,False,alpha_async,50,250,390,1,-1,1.0,0.6,0.6,100,0.0045032974569861,38439,1,35,0.7777027606310014,2,38379,0.55,0.0,0.75,35.0,repeated_lesion,30.0,0.45,0.2,0.1,0.002,8.0
72,500,0.4038130998902408,0.5,0.447304499949715,0.0884030483258648,0.125,0.2295071921883238,extended_hex_r2__ql__plastic__intr1__struct0__synchronous__repeated_lesion__s1__fc6b33184c,0.0033922761802712,0.0074856322397485,0.25,False,0.8516546639317042,0.003,0.016,ql,0.68,extended_hex_r2,50,100,0.9,0.1528143368982501,0.3,1,0.42,0.08,280,0.403231942756626,0.2,20,1.2588076542866304,3.430585019509255e-18,0.2,plastic,secondary,0.0336213893926034,False,synchronous,50,250,390,1,-1,1.0,0.6,0.6,100,0.0110392628078297,0,0,35,0.9911158264746228,2,0,0.55,0.0,0.75,35.0,repeated_lesion,30.0,0.45,0.2,0.1,0.002,8.0
72,500,0.4038579185385677,0.5,-0.264876608874853,0.0,0.125,0.0,honeycomb_nnn__markov__plastic__intr0__struct0__block_async__repeated_lesion__s1__6f08870bc3,0.01184484503841,0.0138365477906849,0.25,False,0.667534641950334,0.003,0.016,markov,0.68,honeycomb_nnn,50,100,0.9,0.391147959155781,0.3,0,0.42,0.08,280,0.4037509956889649,0.2,20,0.9432410209036288,2.36789432723875e-18,0.2,plastic,secondary,0.0003545832877229,False,block_async,50,250,390,1,-1,1.0,0.6,0.6,100,0.0262905713501084,0,0,35,0.9996570644718792,2,0,0.55,0.0,0.75,35.0,repeated_lesion,30.0,0.45,0.2,0.1,0.002,8.0
72,500,0.400274305749463,0.5,-0.2281256027271033,0.0985679958582559,0.125,0.0,honeycomb_nnn__markov__plastic__intr1__struct1__alpha_async__repeated_lesion__s1__c459d977eb,0.0167744345427507,0.0029882732330478,0.25,False,0.6157199870600165,0.003,0.016,markov,0.68,honeycomb_nnn,50,100,0.9,0.412625183590331,0.3,1,0.42,0.08,280,0.3905343113544259,0.2,20,0.982256778029262,2.637813793898791e-18,0.2,plastic,secondary,0.0197077069267671,False,alpha_async,50,250,390,1,-1,1.0,0.6,0.6,100,0.0101887179378705,29614,1,35,0.7777777777777778,2,29614,0.55,0.0,0.75,35.0,repeated_lesion,30.0,0.45,0.2,0.1,0.002,8.0
72,500,0.4025525583475403,0.5,0.4231336428122563,0.0923555133839436,0.125,0.2283626386630543,honeycomb_nnn__ql__plastic__intr1__struct0__synchronous__repeated_lesion__s1__f1edd535a7,0.0093329716168675,0.0130951567111936,0.25,False,0.8511312700710615,0.003,0.016,ql,0.68,honeycomb_nnn,50,100,0.9,0.1585844247633568,0.3,1,0.42,0.08,280,0.4045352240379061,0.2,20,1.2419226595391497,2.747008895103187e-18,0.2,plastic,secondary,0.0009393435675566,False,synchronous,50,250,390,1,-1,1.0,0.6,0.6,100,0.0075790603197134,0,0,35,1.0,2,0,0.55,0.0,0.75,35.0,repeated_lesion,30.0,0.45,0.2,0.1,0.002,8.0
72,500,0.2641744669729807,0.5,0.3018780960861706,0.0,0.125,0.0,square_vn__markov__plastic__intr0__struct0__block_async__repeated_lesion__s2__235f47578c,0.118061538852523,0.111494178869164,0.25,False,0.4891924352996932,0.003,0.016,markov,0.68,square_vn,50,100,0.9,0.22778879185529,0.3,0,0.42,0.08,280,0.2749099710967871,0.2,20,1.488916341093849,2.4175003958439893e-18,0.2,plastic,secondary,0.0845680502948968,False,block_async,50,250,390,2,-1,1.0,0.6,0.6,100,0.0502237160628055,0,0,35,1.0,2,0,0.55,0.0,0.75,35.0,repeated_lesion,30.0,0.45,0.2,0.1,0.002,8.0
72,500,0.257771753070033,0.5,0.274417928001739,0.1817674638197196,0.125,0.0,square_vn__markov__plastic__intr1__struct1__alpha_async__repeated_lesion__s2__69fa55034a,0.1136075677801504,0.1053929850976154,0.25,False,0.4721356558092033,0.003,0.016,markov,0.68,square_vn,50,100,0.9,0.2338648438484651,0.3,1,0.42,0.08,280,0.2407004147791155,0.2,20,1.446739432913916,3.0396711038562306e-18,0.2,plastic,secondary,0.0704962944765399,False,alpha_async,50,250,390,2,-1,1.0,0.6,0.6,100,0.057506291591599,15409,1,35,0.75,2,15409,0.55,0.0,0.75,35.0,repeated_lesion,30.0,0.45,0.2,0.1,0.002,8.0
72,500,0.383066552716551,0.5,-0.1126343089699794,0.1294069274060118,0.125,0.280167010645567,square_vn__ql__plastic__intr1__struct0__synchronous__repeated_lesion__s2__d8f28e001e,0.0192648569431897,0.0110405102104865,0.25,False,0.7562070218613421,0.003,0.016,ql,0.68,square_vn,50,100,0.9,0.2988497671766709,0.3,1,0.42,0.08,280,0.3855337669028038,0.2,20,1.44130460683931,1.3628868513115017e-18,0.2,plastic,secondary,0.0232059210835445,False,synchronous,50,250,390,2,-1,1.0,0.6,0.6,100,0.002696556519499,0,0,35,1.0,2,0,0.55,0.0,0.75,35.0,repeated_lesion,30.0,0.45,0.2,0.1,0.002,8.0
72,500,0.4102251884625466,0.5,-0.3674324723209955,0.0,0.125,0.0,square_moore__markov__plastic__intr0__struct0__block_async__repeated_lesion__s2__761a9d3d75,-0.0035556292697806,-0.0052401238121054,0.25,False,0.5436677647160556,0.003,0.016,markov,0.68,square_moore,50,100,0.9,0.4913457084949107,0.3,0,0.42,0.08,280,0.4127723761577895,0.2,20,1.5182272843122366,3.195412247014168e-18,0.2,plastic,secondary,0.0018121514897287,False,block_async,50,250,390,2,-1,1.0,0.6,0.6,100,0.0395597777357161,0,0,35,0.9990113811728396,2,0,0.55,0.0,0.75,35.0,repeated_lesion,30.0,0.45,0.2,0.1,0.002,8.0
72,500,0.3779656974743494,0.5,-0.311957813157231,0.1244429023180358,0.125,0.0,square_moore__markov__plastic__intr1__struct1__alpha_async__repeated_lesion__s2__5e24a5c007,-0.0008040073737631,-0.000792153949464,0.25,False,0.5271437873459985,0.003,0.016,markov,0.68,square_moore,50,100,0.9,0.4631298928702504,0.3,1,0.42,0.08,280,0.3610503874136629,0.2,20,1.5119900986469346,3.03929064760485e-18,0.2,plastic,secondary,0.0103328723979405,False,alpha_async,50,250,390,2,-1,1.0,0.6,0.6,100,0.0485647395398752,25855,1,35,0.75,2,25855,0.55,0.0,0.75,35.0,repeated_lesion,30.0,0.45,0.2,0.1,0.002,8.0
72,500,0.4051432956878757,0.5,0.2261134307202719,0.1001832325925137,0.125,0.2314249813304599,square_moore__ql__plastic__intr1__struct0__synchronous__repeated_lesion__s2__1d09c738b1,-0.0245960728353249,0.0121487945544935,0.25,False,0.827494497178406,0.003,0.016,ql,0.68,square_moore,50,100,0.9,0.1945347963142238,0.3,1,0.42,0.08,280,0.4055553676803652,0.2,20,1.274663327329439,3.0420782934386327e-18,0.2,plastic,secondary,0.0117276260860897,False,synchronous,50,250,390,2,-1,1.0,0.6,0.6,100,0.0083262906301952,0,0,35,1.0,2,0,0.55,0.0,0.75,35.0,repeated_lesion,30.0,0.45,0.2,0.1,0.002,8.0
72,500,0.4466879532722451,0.5,-0.3627033400301652,0.0,0.125,0.0,hex_cells__markov__plastic__intr0__struct0__block_async__repeated_lesion__s2__cbcb95a974,-0.0021955070899538,-0.0017271597373085,0.25,False,0.539569799529677,0.003,0.016,markov,0.68,hex_cells,50,100,0.9,0.5028708940973955,0.3,0,0.42,0.08,280,0.4477167579235645,0.2,20,1.3924737403441807,1.9156877434524256e-18,0.2,plastic,secondary,-0.0102756444176843,False,block_async,50,250,390,2,-1,1.0,0.6,0.6,100,0.0092894588310163,0,0,35,1.0,2,0,0.55,0.0,0.75,35.0,repeated_lesion,30.0,0.45,0.2,0.1,0.002,8.0
72,500,0.3502553295614438,0.5,0.0552609066810911,0.1444660777645223,0.125,0.0,hex_cells__markov__plastic__intr1__struct1__alpha_async__repeated_lesion__s2__7d295005dd,0.0731318853629933,0.0635530368415317,0.25,False,0.5685009142357209,0.003,0.016,markov,0.68,hex_cells,50,100,0.9,0.3267039512081496,0.3,1,0.42,0.08,280,0.3288912393788508,0.2,20,1.370283913965494,2.814375855213546e-18,0.2,plastic,secondary,0.0472102075988679,False,alpha_async,50,250,390,2,-1,1.0,0.6,0.6,100,0.0303556894661573,24642,1,35,0.6666666666666666,2,24642,0.55,0.0,0.75,35.0,repeated_lesion,30.0,0.45,0.2,0.1,0.002,8.0
72,500,0.4215691349081865,0.5,-0.1671606617403546,0.0724346523663914,0.125,0.2422927315494876,hex_cells__ql__plastic__intr1__struct0__synchronous__repeated_lesion__s2__699f73312b,0.0185746896495847,0.0040272019168825,0.25,False,0.7380609668524796,0.003,0.016,ql,0.68,hex_cells,50,100,0.9,0.3264813768594932,0.3,1,0.42,0.08,280,0.4241996080549913,0.2,20,1.2778743924695344,1.9378146492715897e-18,0.2,plastic,secondary,0.0219041538430491,False,synchronous,50,250,390,2,-1,1.0,0.6,0.6,100,0.0084991514068841,0,0,35,1.0,2,0,0.55,0.0,0.75,35.0,repeated_lesion,30.0,0.45,0.2,0.1,0.002,8.0
72,500,0.2897232332223792,0.5,0.2372601925164561,0.0,0.125,0.0,honeycomb__markov__plastic__intr0__struct0__block_async__repeated_lesion__s2__d64eef7f10,0.1145451048250749,0.098135570570336,0.25,False,0.5293360602090524,0.003,0.016,markov,0.68,honeycomb,50,100,0.9,0.2521970753042749,0.3,0,0.42,0.08,280,0.2951067963013282,0.2,20,1.5668803119976735,2.214888519419539e-18,0.2,plastic,secondary,0.1111018345138599,False,block_async,50,250,390,2,-1,1.0,0.6,0.6,100,0.1144554748477131,0,0,35,1.0,2,0,0.55,0.0,0.75,35.0,repeated_lesion,30.0,0.45,0.2,0.1,0.002,8.0
72,500,0.2391411007019361,0.5,0.2713600015799017,0.2071056044772412,0.125,0.0,honeycomb__markov__plastic__intr1__struct1__alpha_async__repeated_lesion__s2__3725f5cdb0,0.0789086114189492,0.0622498161664531,0.25,False,0.4736839832043656,0.003,0.016,markov,0.68,honeycomb,50,100,0.9,0.2206685539457235,0.3,1,0.42,0.08,280,0.2277165248970446,0.2,20,1.3543575589444197,2.156274351913992e-18,0.2,plastic,secondary,0.0305652451257916,False,alpha_async,50,250,390,2,-1,1.0,0.6,0.6,100,0.0510516295233417,12202,1,35,0.6666666666666666,2,12202,0.55,0.0,0.75,35.0,repeated_lesion,30.0,0.45,0.2,0.1,0.002,8.0
72,500,0.3892207035939896,0.5,-0.1260698295866793,0.1167085656691258,0.125,0.2767734868881684,honeycomb__ql__plastic__intr1__struct0__synchronous__repeated_lesion__s2__b9d598b7fb,0.018833716787767,0.0001221870051893,0.25,False,0.7494330875282507,0.003,0.016,ql,0.68,honeycomb,50,100,0.9,0.3079452480489937,0.3,1,0.42,0.08,280,0.3889246097224278,0.2,20,1.4873306790405854,2.072642157874685e-18,0.2,plastic,secondary,0.0158834595130728,False,synchronous,50,250,390,2,-1,1.0,0.6,0.6,100,0.0023479178138321,0,0,35,1.0,2,0,0.55,0.0,0.75,35.0,repeated_lesion,30.0,0.45,0.2,0.1,0.002,8.0
72,500,0.3656205913764268,0.5,-0.145210947004265,0.0,0.125,0.0,extended_moore_r2__markov__plastic__intr0__struct0__block_async__repeated_lesion__s2__16cb421d19,-0.0012923874431834,-0.0101872769490314,0.25,False,0.7957495746009252,0.003,0.016,markov,0.68,extended_moore_r2,50,100,0.9,0.2239737979517104,0.3,0,0.42,0.08,280,0.3625551466545534,0.2,20,0.3605503982531795,3.9074632234412135e-18,0.2,plastic,secondary,0.0010606938735262,False,block_async,50,250,390,2,-1,1.0,0.6,0.6,100,0.0325011590233036,0,0,35,0.9106545781893004,2,0,0.55,0.0,0.75,35.0,repeated_lesion,30.0,0.45,0.2,0.1,0.002,8.0
72,500,0.3434412110126142,0.5,-0.1979474285159408,0.0875413068073883,0.125,0.0,extended_moore_r2__markov__plastic__intr1__struct1__alpha_async__repeated_lesion__s2__7d3093aaee,0.0053986566347299,-0.0159075995237742,0.25,False,0.6642495731370678,0.003,0.016,markov,0.68,extended_moore_r2,50,100,0.9,0.3327549303859946,0.3,1,0.42,0.08,280,0.3456483428594487,0.2,20,0.6670869094321971,3.2126874276338747e-18,0.2,plastic,secondary,0.0065097075847774,False,alpha_async,50,250,390,2,-1,1.0,0.6,0.6,100,0.0298506514719778,39386,1,35,0.7456356095679012,2,38103,0.55,0.0,0.75,35.0,repeated_lesion,30.0,0.45,0.2,0.1,0.002,8.0
72,500,0.3992515388790821,0.5,0.4274705409873037,0.0911107462802739,0.125,0.2250456858413116,extended_moore_r2__ql__plastic__intr1__struct0__synchronous__repeated_lesion__s2__cfdd6d6109,-0.048481284489326,-0.0164468111849627,0.25,False,0.8553984825471165,0.003,0.016,ql,0.68,extended_moore_r2,50,100,0.9,0.1513926515970059,0.3,1,0.42,0.08,280,0.4042854733006921,0.2,20,1.1549995945704483,3.863819999810687e-18,0.2,plastic,secondary,-0.1233507951677721,False,synchronous,50,250,390,2,-1,1.0,0.6,0.6,100,0.011631104198422,0,0,35,0.9843830375514404,2,0,0.55,0.0,0.75,35.0,repeated_lesion,30.0,0.45,0.2,0.1,0.002,8.0
72,500,0.4381839451372498,0.5,-0.1210344460694987,0.0,0.125,0.0,extended_hex_r2__markov__plastic__intr0__struct0__block_async__repeated_lesion__s2__88d32682f7,-0.0864884796771493,-0.014734788365838,0.25,False,0.9665777924428024,0.003,0.016,markov,0.68,extended_hex_r2,50,100,0.9,0.0645310472666947,0.3,0,0.42,0.08,280,0.4377053206226065,0.2,20,0.0162268770129635,5.178804108943878e-18,0.2,plastic,secondary,-0.0737467828101682,False,block_async,50,250,390,2,-1,1.0,0.6,0.6,100,0.0215909218472843,0,0,35,0.9882651748971192,2,0,0.55,0.0,0.75,35.0,repeated_lesion,30.0,0.45,0.2,0.1,0.002,8.0
72,500,0.4493728231701276,0.5,-0.0643795695398095,0.0603398040538807,0.125,0.0,extended_hex_r2__markov__plastic__intr1__struct1__alpha_async__repeated_lesion__s2__fba66e787f,-0.0246581327533736,-0.0228231749975174,0.25,False,0.83372735856418,0.003,0.016,markov,0.68,extended_hex_r2,50,100,0.9,0.2611361178795773,0.3,1,0.42,0.08,280,0.421741998961606,0.2,20,0.7065765486441719,2.4293266954580452e-18,0.2,plastic,secondary,0.011670792973704,False,alpha_async,50,250,390,2,-1,1.0,0.6,0.6,100,0.0056779326306464,38540,1,35,0.7776920438957476,2,38462,0.55,0.0,0.75,35.0,repeated_lesion,30.0,0.45,0.2,0.1,0.002,8.0
72,500,0.4039361646350572,0.5,0.4289570159039806,0.0881639407873716,0.125,0.2316183196000414,extended_hex_r2__ql__plastic__intr1__struct0__synchronous__repeated_lesion__s2__78c5962451,0.0045282974961892,-0.0300826461391519,0.25,False,0.8552493273516871,0.003,0.016,ql,0.68,extended_hex_r2,50,100,0.9,0.154157250706597,0.3,1,0.42,0.08,280,0.4033931870538948,0.2,20,1.2117692967635034,4.255617733047922e-18,0.2,plastic,secondary,0.0266391464755123,False,synchronous,50,250,390,2,-1,1.0,0.6,0.6,100,0.0090936110740415,0,0,35,0.9909765089163236,2,0,0.55,0.0,0.75,35.0,repeated_lesion,30.0,0.45,0.2,0.1,0.002,8.0
72,500,0.4234591104485035,0.5,-0.2752451259388003,0.0,0.125,0.0,honeycomb_nnn__markov__plastic__intr0__struct0__block_async__repeated_lesion__s2__184ac4065a,-0.0044209993547672,-0.0106783526388651,0.25,False,0.597696772549756,0.003,0.016,markov,0.68,honeycomb_nnn,50,100,0.9,0.4421410906456671,0.3,0,0.42,0.08,280,0.4233760745395325,0.2,20,1.0270454960570217,2.5789239586663626e-18,0.2,plastic,secondary,-0.0035877497995455,False,block_async,50,250,390,2,-1,1.0,0.6,0.6,100,0.0597981528954104,0,0,35,0.9993784293552812,2,0,0.55,0.0,0.75,35.0,repeated_lesion,30.0,0.45,0.2,0.1,0.002,8.0
72,500,0.3977618337080374,0.5,-0.2261252231802139,0.0988635880597059,0.125,0.0,honeycomb_nnn__markov__plastic__intr1__struct1__alpha_async__repeated_lesion__s2__4fdd8a1522,0.013721799335536,0.0094872281677074,0.25,False,0.6189379612410466,0.003,0.016,markov,0.68,honeycomb_nnn,50,100,0.9,0.4090330730330219,0.3,1,0.42,0.08,280,0.3888204560679035,0.2,20,0.9685373217213586,2.6328509866563243e-18,0.2,plastic,secondary,0.019598466977741,False,alpha_async,50,250,390,2,-1,1.0,0.6,0.6,100,0.0140236325193406,29917,1,35,0.7777777777777778,2,29917,0.55,0.0,0.75,35.0,repeated_lesion,30.0,0.45,0.2,0.1,0.002,8.0
72,500,0.4032581643238421,0.5,0.4083679566815911,0.0925276646285061,0.125,0.2234416636974854,honeycomb_nnn__ql__plastic__intr1__struct0__synchronous__repeated_lesion__s2__02d436ef0d,-0.0127786219356102,-0.0061452222913586,0.25,False,0.8510098230656435,0.003,0.016,ql,0.68,honeycomb_nnn,50,100,0.9,0.1609411446164986,0.3,1,0.42,0.08,280,0.4047580472691394,0.2,20,1.2199258870528282,3.780512921724784e-18,0.2,plastic,secondary,-0.0169632708554961,False,synchronous,50,250,390,2,-1,1.0,0.6,0.6,100,0.007883860412512,0,0,35,1.0,2,0,0.55,0.0,0.75,35.0,repeated_lesion,30.0,0.45,0.2,0.1,0.002,8.0
72,500,0.3072139125274271,0.5,0.1878140399570419,0.0,0.125,0.0,square_vn__markov__plastic__intr0__struct0__block_async__repeated_lesion__s3__51cad29cb2,0.0911677064189619,0.0818918448035157,0.25,False,0.5671423202161406,0.003,0.016,markov,0.68,square_vn,50,100,0.9,0.2643122540649179,0.3,0,0.42,0.08,280,0.3183587222096389,0.2,20,1.5414599304693135,3.3736405721449137e-18,0.2,plastic,secondary,0.0525153594392437,False,block_async,50,250,390,3,-1,1.0,0.6,0.6,100,0.0308530994225266,0,0,35,1.0,2,0,0.55,0.0,0.75,35.0,repeated_lesion,30.0,0.45,0.2,0.1,0.002,8.0
72,500,0.2720656456695228,0.5,0.242534282902427,0.1771672956968805,0.125,0.0,square_vn__markov__plastic__intr1__struct1__alpha_async__repeated_lesion__s3__72145e3941,0.1049296266119574,0.0946884362363231,0.25,False,0.5049088963363652,0.003,0.016,markov,0.68,square_vn,50,100,0.9,0.244151324989604,0.3,1,0.42,0.08,280,0.2556692443986235,0.2,20,1.4553167893381045,1.820757500008071e-18,0.2,plastic,secondary,0.068843464155903,False,alpha_async,50,250,390,3,-1,1.0,0.6,0.6,100,0.0511815145213237,15781,1,35,0.75,2,15781,0.55,0.0,0.75,35.0,repeated_lesion,30.0,0.45,0.2,0.1,0.002,8.0
72,500,0.388409892986033,0.5,-0.1092954944587025,0.1299615736670993,0.125,0.280332815031752,square_vn__ql__plastic__intr1__struct0__synchronous__repeated_lesion__s3__22497cf0b2,-0.002166028253896,0.0060153982914553,0.25,False,0.7627127517394342,0.003,0.016,ql,0.68,square_vn,50,100,0.9,0.2966917001508999,0.3,1,0.42,0.08,280,0.3857677595891831,0.2,20,1.4252626394880774,1.8585453391715418e-18,0.2,plastic,secondary,-0.0152582053134582,False,synchronous,50,250,390,3,-1,1.0,0.6,0.6,100,0.0022711635368737,0,0,35,1.0,2,0,0.55,0.0,0.75,35.0,repeated_lesion,30.0,0.45,0.2,0.1,0.002,8.0
72,500,0.4064739335630268,0.5,-0.3592132557831194,0.0,0.125,0.0,square_moore__markov__plastic__intr0__struct0__block_async__repeated_lesion__s3__6ec872e701,0.0049684655027806,0.0083244333828316,0.25,False,0.5603393338150813,0.003,0.016,markov,0.68,square_moore,50,100,0.9,0.4795311769897372,0.3,0,0.42,0.08,280,0.4073159015197616,0.2,20,1.5071280225123016,2.3033884748086262e-18,0.2,plastic,secondary,0.0010873975036985,False,block_async,50,250,390,3,-1,1.0,0.6,0.6,100,0.0318894031114475,0,0,35,0.9987943672839508,2,0,0.55,0.0,0.75,35.0,repeated_lesion,30.0,0.45,0.2,0.1,0.002,8.0
72,500,0.3790385793311867,0.5,-0.3316871136030442,0.1197975766670564,0.125,0.0,square_moore__markov__plastic__intr1__struct1__alpha_async__repeated_lesion__s3__696c1e6ede,-0.0035436955742453,-0.0082925895883074,0.25,False,0.5206702483230218,0.003,0.016,markov,0.68,square_moore,50,100,0.9,0.4727334301130058,0.3,1,0.42,0.08,280,0.3647903547262767,0.2,20,1.5259558854386857,3.166084471393602e-18,0.2,plastic,secondary,0.0112232340703674,False,alpha_async,50,250,390,3,-1,1.0,0.6,0.6,100,0.044218297689543,26193,1,35,0.75,2,26193,0.55,0.0,0.75,35.0,repeated_lesion,30.0,0.45,0.2,0.1,0.002,8.0
72,500,0.4051750064830441,0.5,0.3323108656108378,0.1009256481305164,0.125,0.2346639752956056,square_moore__ql__plastic__intr1__struct0__synchronous__repeated_lesion__s3__9ce2c58807,0.007589462842091,0.0009922107075793,0.25,False,0.8425879526948904,0.003,0.016,ql,0.68,square_moore,50,100,0.9,0.1787854424115025,0.3,1,0.42,0.08,280,0.4039500756207921,0.2,20,1.2419256118265556,2.8914678155978826e-18,0.2,plastic,secondary,0.0011921103905084,False,synchronous,50,250,390,3,-1,1.0,0.6,0.6,100,0.0049894904735005,0,0,35,1.0,2,0,0.55,0.0,0.75,35.0,repeated_lesion,30.0,0.45,0.2,0.1,0.002,8.0
72,500,0.4526372682848421,0.5,-0.3672312059228422,0.0,0.125,0.0,hex_cells__markov__plastic__intr0__struct0__block_async__repeated_lesion__s3__c9cae3008a,-0.0043418184893398,-0.0025562717611873,0.25,False,0.5296450958983161,0.003,0.016,markov,0.68,hex_cells,50,100,0.9,0.5105602463018079,0.3,0,0.42,0.08,280,0.4521584078012663,0.2,20,1.3984044687607382,2.0530774742066832e-18,0.2,plastic,secondary,-0.0074753751109807,False,block_async,50,250,390,3,-1,1.0,0.6,0.6,100,0.0178643121732495,0,0,35,1.0,2,0,0.55,0.0,0.75,35.0,repeated_lesion,30.0,0.45,0.2,0.1,0.002,8.0
72,500,0.3572958769631342,0.5,0.029230770117323,0.145012308685813,0.125,0.0,hex_cells__markov__plastic__intr1__struct1__alpha_async__repeated_lesion__s3__787fe4b760,0.0651547332456191,0.0541811719200661,0.25,False,0.5870634838445877,0.003,0.016,markov,0.68,hex_cells,50,100,0.9,0.3288994915554959,0.3,1,0.42,0.08,280,0.3355988031447956,0.2,20,1.3203178980293426,2.346189918712592e-18,0.2,plastic,secondary,0.0236870245354943,False,alpha_async,50,250,390,3,-1,1.0,0.6,0.6,100,0.0312087159475783,24808,1,35,0.6666666666666666,2,24808,0.55,0.0,0.75,35.0,repeated_lesion,30.0,0.45,0.2,0.1,0.002,8.0
72,500,0.4206697478935979,0.5,-0.1408539536547679,0.0745468674931928,0.125,0.2322955554838011,hex_cells__ql__plastic__intr1__struct0__synchronous__repeated_lesion__s3__fa6dc3bf5d,0.0138279017787618,0.0073994901558054,0.25,False,0.7483770854017366,0.003,0.016,ql,0.68,hex_cells,50,100,0.9,0.3149830359317883,0.3,1,0.42,0.08,280,0.4195276981480685,0.2,20,1.2708267543843237,1.7910809710221234e-18,0.2,plastic,secondary,0.0140411446372881,False,synchronous,50,250,390,3,-1,1.0,0.6,0.6,100,0.012235623609001,0,0,35,1.0,2,0,0.55,0.0,0.75,35.0,repeated_lesion,30.0,0.45,0.2,0.1,0.002,8.0
72,500,0.3085796293718014,0.5,0.1777499649645269,0.0,0.125,0.0,honeycomb__markov__plastic__intr0__struct0__block_async__repeated_lesion__s3__bfff080b5d,0.0931658037386808,0.0786188338179696,0.25,False,0.5662575568246399,0.003,0.016,markov,0.68,honeycomb,50,100,0.9,0.2688769452285429,0.3,0,0.42,0.08,280,0.3167343031799712,0.2,20,1.583101969421454,2.5485427181057426e-18,0.2,plastic,secondary,0.0757463944607745,False,block_async,50,250,390,3,-1,1.0,0.6,0.6,100,0.0835596020675688,0,0,35,1.0,2,0,0.55,0.0,0.75,35.0,repeated_lesion,30.0,0.45,0.2,0.1,0.002,8.0
72,500,0.2967287223590242,0.5,0.1115234843668168,0.18668737856482,0.125,0.0,honeycomb__markov__plastic__intr1__struct1__alpha_async__repeated_lesion__s3__02cd8324a8,0.0115894428512522,0.027449021468542,0.25,False,0.5870132005535795,0.003,0.016,markov,0.68,honeycomb,50,100,0.9,0.2734769824862908,0.3,1,0.42,0.08,280,0.2802244953941986,0.2,20,1.4353065488250312,1.7876023000447986e-18,0.2,plastic,secondary,-0.0002859570483884,False,alpha_async,50,250,390,3,-1,1.0,0.6,0.6,100,0.006499430835017,14189,1,35,0.6666666666666666,2,14189,0.55,0.0,0.75,35.0,repeated_lesion,30.0,0.45,0.2,0.1,0.002,8.0
72,500,0.3909791748425119,0.5,-0.1322491738224425,0.1169633008413155,0.125,0.2802536441672467,honeycomb__ql__plastic__intr1__struct0__synchronous__repeated_lesion__s3__8f305756c3,0.0138026066508615,0.0070984531305518,0.25,False,0.749295493648914,0.003,0.016,ql,0.68,honeycomb,50,100,0.9,0.3108536687100168,0.3,1,0.42,0.08,280,0.3884364957392683,0.2,20,1.4776745468716583,1.7979874398582602e-18,0.2,plastic,secondary,0.0172016159881958,False,synchronous,50,250,390,3,-1,1.0,0.6,0.6,100,0.0025313439234533,0,0,35,1.0,2,0,0.55,0.0,0.75,35.0,repeated_lesion,30.0,0.45,0.2,0.1,0.002,8.0
72,500,0.3528541335381781,0.5,-0.1476283739237562,0.0,0.125,0.0,extended_moore_r2__markov__plastic__intr0__struct0__block_async__repeated_lesion__s3__6625c0b926,0.0062001633927769,0.0082092573764577,0.25,False,0.7728278827251914,0.003,0.016,markov,0.68,extended_moore_r2,50,100,0.9,0.2328101015203365,0.3,0,0.42,0.08,280,0.3494743473686288,0.2,20,0.4255476795940924,4.9547400506051675e-18,0.2,plastic,secondary,0.014710862510743,False,block_async,50,250,390,3,-1,1.0,0.6,0.6,100,0.0670684513033957,0,0,35,0.8948688271604939,2,0,0.55,0.0,0.75,35.0,repeated_lesion,30.0,0.45,0.2,0.1,0.002,8.0
72,500,0.3473162177053589,0.5,-0.1918811211393706,0.0896381418917601,0.125,0.0,extended_moore_r2__markov__plastic__intr1__struct1__alpha_async__repeated_lesion__s3__470a921974,0.0205890009069432,0.0055180687569815,0.25,False,0.6679711686118999,0.003,0.016,markov,0.68,extended_moore_r2,50,100,0.9,0.3328702796924751,0.3,1,0.42,0.08,280,0.3474642715948459,0.2,20,0.6486952133698227,2.745113278695828e-18,0.2,plastic,secondary,0.0162829284236909,False,alpha_async,50,250,390,3,-1,1.0,0.6,0.6,100,0.0317448602677395,39620,1,35,0.7462062757201646,2,38415,0.55,0.0,0.75,35.0,repeated_lesion,30.0,0.45,0.2,0.1,0.002,8.0
72,500,0.3976968108212988,0.5,0.4178171608006656,0.0926946971072748,0.125,0.2378573001377745,extended_moore_r2__ql__plastic__intr1__struct0__synchronous__repeated_lesion__s3__dc9b3b6c5e,-0.0641275946671833,-0.009927301547153,0.25,False,0.8525155386799202,0.003,0.016,ql,0.68,extended_moore_r2,50,100,0.9,0.1545547338939718,0.3,1,0.42,0.08,280,0.4027618137932351,0.2,20,1.1460964858967908,4.5434228004214284e-18,0.2,plastic,secondary,-0.0797454735954532,False,synchronous,50,250,390,3,-1,1.0,0.6,0.6,100,0.0107217450368123,0,0,35,0.984399112654321,2,0,0.55,0.0,0.75,35.0,repeated_lesion,30.0,0.45,0.2,0.1,0.002,8.0
72,500,0.4457548490410277,0.5,-0.2201241259686954,0.0,0.125,0.0,extended_hex_r2__markov__plastic__intr0__struct0__block_async__repeated_lesion__s3__5cfcb79d53,-0.0026708705047529,0.0034386750323168,0.25,False,0.9895714854615192,0.003,0.016,markov,0.68,extended_hex_r2,50,100,0.9,0.0294697153555329,0.3,0,0.42,0.08,280,0.4457256260019506,0.2,20,0.0,2.3452198173441173e-19,0.2,plastic,secondary,-0.0004325190695701,False,block_async,50,250,390,3,-1,1.0,0.6,0.6,100,0.0813012483176855,0,0,35,0.9910729595336076,2,0,0.55,0.0,0.75,35.0,repeated_lesion,30.0,0.45,0.2,0.1,0.002,8.0
72,500,0.427985665584764,0.5,-0.0445446645668578,0.062679365637473,0.125,0.0,extended_hex_r2__markov__plastic__intr1__struct1__alpha_async__repeated_lesion__s3__ee5626d07a,0.0266896481311367,-0.0058665451723732,0.25,False,0.8304968171842149,0.003,0.016,markov,0.68,extended_hex_r2,50,100,0.9,0.256261900988096,0.3,1,0.42,0.08,280,0.4222363176521138,0.2,20,0.5824675209964443,2.401882442167522e-18,0.2,plastic,secondary,0.0542536691367174,False,alpha_async,50,250,390,3,-1,1.0,0.6,0.6,100,0.0054716053715662,38696,1,35,0.7776813271604939,2,38636,0.55,0.0,0.75,35.0,repeated_lesion,30.0,0.45,0.2,0.1,0.002,8.0
72,500,0.4041679609459011,0.5,0.4210064627717431,0.0881455359489398,0.125,0.2256335053604998,extended_hex_r2__ql__plastic__intr1__struct0__synchronous__repeated_lesion__s3__84b8c8ef18,0.0130285788202993,0.0444683591177906,0.25,False,0.8551084384381434,0.003,0.016,ql,0.68,extended_hex_r2,50,100,0.9,0.1545385703471522,0.3,1,0.42,0.08,280,0.4060205836103137,0.2,20,1.2017178332368483,3.934727878962668e-18,0.2,plastic,secondary,-0.0119276394866126,False,synchronous,50,250,390,3,-1,1.0,0.6,0.6,100,0.0088729930634458,0,0,35,0.9903549382716048,2,0,0.55,0.0,0.75,35.0,repeated_lesion,30.0,0.45,0.2,0.1,0.002,8.0
72,500,0.4162315759200339,0.5,-0.2748483594967102,0.0,0.125,0.0,honeycomb_nnn__markov__plastic__intr0__struct0__block_async__repeated_lesion__s3__dbe08a36f3,0.0074693660298103,0.0011471675951307,0.25,False,0.6044575712966177,0.003,0.016,markov,0.68,honeycomb_nnn,50,100,0.9,0.4340348238553827,0.3,0,0.42,0.08,280,0.4161375166103372,0.2,20,1.036660730260251,2.3899127214451972e-18,0.2,plastic,secondary,7.327385004596073e-05,False,block_async,50,250,390,3,-1,1.0,0.6,0.6,100,0.0471012879964641,0,0,35,0.9994641632373114,2,0,0.55,0.0,0.75,35.0,repeated_lesion,30.0,0.45,0.2,0.1,0.002,8.0
72,500,0.39578942600885,0.5,-0.2275643516622448,0.1029392455957415,0.125,0.0,honeycomb_nnn__markov__plastic__intr1__struct1__alpha_async__repeated_lesion__s3__6d4ff84497,0.002224334913833,1.0525450305414949e-05,0.25,False,0.6142188029502564,0.003,0.016,markov,0.68,honeycomb_nnn,50,100,0.9,0.4107297653142173,0.3,1,0.42,0.08,280,0.3855354472651114,0.2,20,0.9694013259955986,2.317153194133685e-18,0.2,plastic,secondary,0.0065251343417879,False,alpha_async,50,250,390,3,-1,1.0,0.6,0.6,100,0.0080410269200313,29461,1,35,0.7777777777777778,2,29461,0.55,0.0,0.75,35.0,repeated_lesion,30.0,0.45,0.2,0.1,0.002,8.0
72,500,0.40572434246517,0.5,0.4244110991433558,0.0925394343791496,0.125,0.2259894494364866,honeycomb_nnn__ql__plastic__intr1__struct0__synchronous__repeated_lesion__s3__73a2ab742e,0.0068677156160601,0.035550303992614,0.25,False,0.8516077838062237,0.003,0.016,ql,0.68,honeycomb_nnn,50,100,0.9,0.1593214009349746,0.3,1,0.42,0.08,280,0.4047107220616852,0.2,20,1.2655567962927123,3.0626212942458575e-18,0.2,plastic,secondary,0.0248009839187292,False,synchronous,50,250,390,3,-1,1.0,0.6,0.6,100,0.0065275824262634,0,0,35,1.0,2,0,0.55,0.0,0.75,35.0,repeated_lesion,30.0,0.45,0.2,0.1,0.002,8.0
72,500,0.2980305995726687,0.5,0.2960545502065518,0.0,0.125,0.0,square_vn__markov__plastic__intr0__struct1__synchronous__lesion__s1__d6bdbc2023,0.0834020330897284,0.0942710443661707,0.25,False,0.5724949125307403,0.003,0.016,markov,0.68,square_vn,50,100,0.9,0.2315282965434485,0.3,0,0.42,0.08,280,0.307553928983634,0.2,20,1.4921451116761444,2.822865198069165e-18,0.2,plastic,secondary,0.0469922193279132,False,synchronous,50,250,390,1,-1,1.0,0.6,0.6,100,0.0460371796572734,17526,1,35,0.75,2,17526,0.55,0.0,0.75,35.0,lesion,30.0,0.45,0.2,0.1,0.002,8.0
72,500,0.3844794801485472,0.5,-0.2172091815653564,0.2091468044358599,0.125,0.0,square_vn__markov__plastic__intr1__struct1__block_async__lesion__s1__9072de4ca7,0.0182235302036758,0.0068275782944521,0.25,False,0.7184341177783387,0.003,0.016,markov,0.68,square_vn,50,100,0.9,0.3433831123770516,0.3,1,0.42,0.08,280,0.3845006641303558,0.2,20,1.4233120977991436,1.6568302970991318e-18,0.2,plastic,secondary,-0.0052946558346326,False,block_async,50,250,390,1,-1,1.0,0.6,0.6,100,0.0028516899470152,24753,1,35,0.75,2,24753,0.55,0.0,0.75,35.0,lesion,30.0,0.45,0.2,0.1,0.002,8.0
72,500,0.3952042993284256,0.5,-0.2202169804406657,0.0817367401417951,0.125,0.2743455890810864,square_vn__ql__plastic__intr1__struct0__alpha_async__lesion__s1__8567648852,0.0068334062198155,0.0052183391512726,0.25,False,0.7264853362929562,0.003,0.016,ql,0.68,square_vn,50,100,0.9,0.3455238373262098,0.3,1,0.42,0.08,280,0.3890902299991099,0.2,20,1.4443865252923058,1.7755926604767812e-18,0.2,plastic,secondary,0.0028540288049035,False,alpha_async,50,250,390,1,-1,1.0,0.6,0.6,100,0.0024586865390759,0,0,35,1.0,2,0,0.55,0.0,0.75,35.0,lesion,30.0,0.45,0.2,0.1,0.002,8.0
72,500,0.4196931783191279,0.5,0.1445069039363545,0.0,0.125,0.0,square_moore__markov__plastic__intr0__struct1__synchronous__lesion__s1__4eaa9b0640,-0.0073400845139614,-0.0064145873716705,0.25,False,0.8247052426409199,0.003,0.016,markov,0.68,square_moore,50,100,0.9,0.2226066982124703,0.3,0,0.42,0.08,280,0.4226060487843036,0.2,20,1.1652664340900032,2.7910287792165605e-18,0.2,plastic,secondary,-0.0188405786846908,False,synchronous,50,250,390,1,-1,1.0,0.6,0.6,100,0.0038010745627664,31659,1,35,0.75,2,31659,0.55,0.0,0.75,35.0,lesion,30.0,0.45,0.2,0.1,0.002,8.0
72,500,0.3611915426026318,0.5,-0.363622055672673,0.1141018031357594,0.125,0.0,square_moore__markov__plastic__intr1__struct1__block_async__lesion__s1__95924cf683,0.0030906147029901,0.0017269302554734,0.25,False,0.5052666359224883,0.003,0.016,markov,0.68,square_moore,50,100,0.9,0.4773215877934847,0.3,1,0.42,0.08,280,0.3608264285698513,0.2,20,1.5458082984300952,3.299254002209867e-18,0.2,plastic,secondary,-0.0050379993613076,False,block_async,50,250,390,1,-1,1.0,0.6,0.6,100,0.0350244959941208,29140,1,35,0.75,2,29140,0.55,0.0,0.75,35.0,lesion,30.0,0.45,0.2,0.1,0.002,8.0
72,500,0.3919801089347043,0.5,-0.3627007603128402,0.0620529135998612,0.125,0.2727860943465643,square_moore__ql__plastic__intr1__struct0__alpha_async__lesion__s1__adf8c63116,0.0126401742970142,0.0072215417678079,0.25,False,0.5821870298817527,0.003,0.016,ql,0.68,square_moore,50,100,0.9,0.460835044609153,0.3,1,0.42,0.08,280,0.3907814813066234,0.2,20,1.516605124806452,2.9487251756942627e-18,0.2,plastic,secondary,0.0190867721761909,False,alpha_async,50,250,390,1,-1,1.0,0.6,0.6,100,0.0294584020183821,0,0,35,0.9986255787037036,2,0,0.55,0.0,0.75,35.0,lesion,30.0,0.45,0.2,0.1,0.002,8.0
72,500,0.3978122748474301,0.5,0.0860130509681255,0.0,0.125,0.0,hex_cells__markov__plastic__intr0__struct1__synchronous__lesion__s1__885ce1d867,0.0319487474352039,0.0347519416491444,0.25,False,0.7295193629317092,0.003,0.016,markov,0.68,hex_cells,50,100,0.9,0.2737593776577503,0.3,0,0.42,0.08,280,0.4059948984594272,0.2,20,1.2625734681673828,1.9987445972474712e-18,0.2,plastic,secondary,0.0027662845759755,False,synchronous,50,250,390,1,-1,1.0,0.6,0.6,100,0.0122611278861543,27883,1,35,0.6666666666666666,2,27883,0.55,0.0,0.75,35.0,lesion,30.0,0.45,0.2,0.1,0.002,8.0
72,500,0.4164526548992279,0.5,-0.2319180756238899,0.1474625282325382,0.125,0.0,hex_cells__markov__plastic__intr1__struct1__block_async__lesion__s1__f012f69097,0.0129926602874685,0.0099506584573101,0.25,False,0.6663071971238278,0.003,0.016,markov,0.68,hex_cells,50,100,0.9,0.3927914770724706,0.3,1,0.42,0.08,280,0.4181180412537813,0.2,20,1.1070184981551896,1.7709859571289916e-18,0.2,plastic,secondary,0.0085484284359258,False,block_async,50,250,390,1,-1,1.0,0.6,0.6,100,0.0027491558681143,33230,1,35,0.6666666666666666,2,33230,0.55,0.0,0.75,35.0,lesion,30.0,0.45,0.2,0.1,0.002,8.0
72,500,0.4216749342673515,0.5,-0.3118755852042896,0.0494930688185334,0.125,0.2672543063115264,hex_cells__ql__plastic__intr1__struct0__alpha_async__lesion__s1__cc511cf220,0.0061389952662272,0.0017251927851441,0.25,False,0.6328363666966247,0.003,0.016,ql,0.68,hex_cells,50,100,0.9,0.4340897994649285,0.3,1,0.42,0.08,280,0.4185383810204682,0.2,20,1.274537146975963,1.7437896083522147e-18,0.2,plastic,secondary,0.0019852182435509,False,alpha_async,50,250,390,1,-1,1.0,0.6,0.6,100,0.0059611024964104,0,0,35,1.0,2,0,0.55,0.0,0.75,35.0,lesion,30.0,0.45,0.2,0.1,0.002,8.0
72,500,0.3534376249279473,0.5,0.0069831498067041,0.0,0.125,0.0,honeycomb__markov__plastic__intr0__struct1__synchronous__lesion__s1__8f68b092a7,-0.0050145818503032,-0.0123230842014173,0.25,False,0.7245577475493068,0.003,0.016,markov,0.68,honeycomb,50,100,0.9,0.2800406113948399,0.3,0,0.42,0.08,280,0.3550071153767359,0.2,20,1.4099556692501565,1.951946699752905e-18,0.2,plastic,secondary,-0.0121199651096128,False,synchronous,50,250,390,1,-1,1.0,0.6,0.6,100,0.0017783550770456,19527,1,35,0.6666666666666666,2,19527,0.55,0.0,0.75,35.0,lesion,30.0,0.45,0.2,0.1,0.002,8.0
72,500,0.3328088297448275,0.5,-0.0296920634330428,0.2440990445980235,0.125,0.0,honeycomb__markov__plastic__intr1__struct1__block_async__lesion__s1__cd3c851f83,-0.0136090340902912,-0.0033171522627525,0.25,False,0.6803010844683527,0.003,0.016,markov,0.68,honeycomb,50,100,0.9,0.2921907049539866,0.3,1,0.42,0.08,280,0.3359979067061218,0.2,20,1.4345772549973734,1.8350612874478e-18,0.2,plastic,secondary,-0.005466927631396,False,block_async,50,250,390,1,-1,1.0,0.6,0.6,100,0.0018435882911569,20351,1,35,0.6666666666666666,2,20351,0.55,0.0,0.75,35.0,lesion,30.0,0.45,0.2,0.1,0.002,8.0
72,500,0.3870417809945227,0.5,-0.1852255873083128,0.0819339117313614,0.125,0.2894263419551514,honeycomb__ql__plastic__intr1__struct0__alpha_async__lesion__s1__3fe7773c5f,0.0072443181876427,0.0079816895157446,0.25,False,0.7112105562750205,0.003,0.016,ql,0.68,honeycomb,50,100,0.9,0.3420334075081742,0.3,1,0.42,0.08,280,0.3827804028101687,0.2,20,1.5095775468831216,2.4948511923484127e-18,0.2,plastic,secondary,0.014848735935149,False,alpha_async,50,250,390,1,-1,1.0,0.6,0.6,100,0.0024250900502778,0,0,35,1.0,2,0,0.55,0.0,0.75,35.0,lesion,30.0,0.45,0.2,0.1,0.002,8.0
72,500,0.4102112511565379,0.5,0.3839679917461979,0.0,0.125,0.0,extended_moore_r2__markov__plastic__intr0__struct1__synchronous__lesion__s1__dd3c9180a0,-0.0098563969005549,-0.0058556337424702,0.25,False,0.8631537252427,0.003,0.016,markov,0.68,extended_moore_r2,50,100,0.9,0.1589196821197723,0.3,0,0.42,0.08,280,0.4157699365893899,0.2,20,1.0972011003956788,4.0854848081873684e-18,0.2,plastic,secondary,0.0230132376627522,False,synchronous,50,250,390,1,-1,1.0,0.6,0.6,100,0.0106146792387294,39281,1,35,0.7499356995884774,2,39095,0.55,0.0,0.75,35.0,lesion,30.0,0.45,0.2,0.1,0.002,8.0
72,500,0.2928654202263828,0.5,-0.2013145913398638,0.1498658795015473,0.125,0.0,extended_moore_r2__markov__plastic__intr1__struct1__block_async__lesion__s1__5a275e875e,0.0367233250122945,-0.0002866779197647,0.25,False,0.6244346580073928,0.003,0.016,markov,0.68,extended_moore_r2,50,100,0.9,0.3013785154722481,0.3,1,0.42,0.08,280,0.2920380950547889,0.2,20,0.7941356931137968,3.643754992757228e-18,0.2,plastic,secondary,0.0409070793796111,False,block_async,50,250,390,1,-1,1.0,0.6,0.6,100,0.0314350540193286,39251,1,35,0.7411586934156379,2,36230,0.55,0.0,0.75,35.0,lesion,30.0,0.45,0.2,0.1,0.002,8.0
72,500,0.455225652969049,0.5,-0.0310788333853722,0.037552175636391,0.125,0.1437577826201378,extended_moore_r2__ql__plastic__intr1__struct0__alpha_async__lesion__s1__4584011265,-0.0885150752112204,-0.0914089853928516,0.25,False,0.81830164097847,0.003,0.016,ql,0.68,extended_moore_r2,50,100,0.9,0.2635155304749695,0.3,1,0.42,0.08,280,0.4217417889562292,0.2,20,0.8775860427390001,3.209963694767454e-18,0.2,plastic,secondary,-0.0116467424091522,False,alpha_async,50,250,390,1,-1,1.0,0.6,0.6,100,0.0070448953900325,0,0,35,0.9697868441358024,2,0,0.55,0.0,0.75,35.0,lesion,30.0,0.45,0.2,0.1,0.002,8.0
72,500,0.4151064812685375,0.5,0.3944132949912399,0.0,0.125,0.0,extended_hex_r2__markov__plastic__intr0__struct1__synchronous__lesion__s1__2ccb2c25c1,0.0085225193653439,-0.018785015985524,0.25,False,0.8598181272238087,0.003,0.016,markov,0.68,extended_hex_r2,50,100,0.9,0.1619475437769973,0.3,0,0.42,0.08,280,0.4142902659261452,0.2,20,1.171082186843354,4.138848625442534e-18,0.2,plastic,secondary,0.0849784614298263,False,synchronous,50,250,390,1,-1,1.0,0.6,0.6,100,0.0081885169824918,37829,1,35,0.7777777777777778,2,37817,0.55,0.0,0.75,35.0,lesion,30.0,0.45,0.2,0.1,0.002,8.0
72,500,0.343317089869824,0.5,-0.1662532811515638,0.123077332341424,0.125,0.0,extended_hex_r2__markov__plastic__intr1__struct1__block_async__lesion__s1__d7d62d67e7,0.0322078270433935,0.001596498959176,0.25,False,0.7054473788196223,0.003,0.016,markov,0.68,extended_hex_r2,50,100,0.9,0.298483963407539,0.3,1,0.42,0.08,280,0.3425631290799891,0.2,20,0.3385851936756914,2.943618025522967e-18,0.2,plastic,secondary,0.0314217600203462,False,block_async,50,250,390,1,-1,1.0,0.6,0.6,100,0.0161668307938404,37953,1,35,0.77644890260631,2,37531,0.55,0.0,0.75,35.0,lesion,30.0,0.45,0.2,0.1,0.002,8.0
72,500,0.4413366962313823,0.5,0.0042226534227541,0.0289602616591402,0.125,0.1359330954507274,extended_hex_r2__ql__plastic__intr1__struct0__alpha_async__lesion__s1__6b280d7fe6,0.005736715537694,3.988819062211852e-05,0.25,False,0.8459638853358376,0.003,0.016,ql,0.68,extended_hex_r2,50,100,0.9,0.2417858946856277,0.3,1,0.42,0.08,280,0.4381552192211886,0.2,20,0.7534725314546191,2.784726487023996e-18,0.2,plastic,secondary,-0.0104576618415677,False,alpha_async,50,250,390,1,-1,1.0,0.6,0.6,100,0.0125354773164487,0,0,35,0.9892296810699588,2,0,0.55,0.0,0.75,35.0,lesion,30.0,0.45,0.2,0.1,0.002,8.0
72,500,0.419560045061398,0.5,0.315126353312304,0.0,0.125,0.0,honeycomb_nnn__markov__plastic__intr0__struct1__synchronous__lesion__s1__39c3079f7f,0.0065539056017575,0.0129068734908261,0.25,False,0.8509936235814818,0.003,0.016,markov,0.68,honeycomb_nnn,50,100,0.9,0.1828661943863537,0.3,0,0.42,0.08,280,0.4176988494582273,0.2,20,1.1670690366647296,3.153924328236566e-18,0.2,plastic,secondary,0.00417394444088,False,synchronous,50,250,390,1,-1,1.0,0.6,0.6,100,0.004770437673411,30865,1,35,0.7777777777777778,2,30865,0.55,0.0,0.75,35.0,lesion,30.0,0.45,0.2,0.1,0.002,8.0
72,500,0.3759039979922247,0.5,-0.2370049736340277,0.1164469220889198,0.125,0.0,honeycomb_nnn__markov__plastic__intr1__struct1__block_async__lesion__s1__4f8583dabf,0.029122896730739,0.008977039293156,0.25,False,0.6030720786569803,0.003,0.016,markov,0.68,honeycomb_nnn,50,100,0.9,0.4047584242867209,0.3,1,0.42,0.08,280,0.3766465292708329,0.2,20,0.9509825198190246,2.773114994823952e-18,0.2,plastic,secondary,0.0264831914431952,False,block_async,50,250,390,1,-1,1.0,0.6,0.6,100,0.0130619941651234,33219,1,35,0.7777777777777778,2,33219,0.55,0.0,0.75,35.0,lesion,30.0,0.45,0.2,0.1,0.002,8.0
72,500,0.392537748232675,0.5,-0.2280405786174569,0.0545867467253559,0.125,0.2396430013637448,honeycomb_nnn__ql__plastic__intr1__struct0__alpha_async__lesion__s1__42f629f820,0.006926988558732,-0.0005777293866971,0.25,False,0.7004148520258066,0.003,0.016,ql,0.68,honeycomb_nnn,50,100,0.9,0.3591867519370037,0.3,1,0.42,0.08,280,0.3926307928384859,0.2,20,0.8304921881328398,2.966030963757885e-18,0.2,plastic,secondary,-0.0106514183228829,False,alpha_async,50,250,390,1,-1,1.0,0.6,0.6,100,0.0160207569234218,0,0,35,0.9989926268861454,2,0,0.55,0.0,0.75,35.0,lesion,30.0,0.45,0.2,0.1,0.002,8.0
72,500,0.2662996331546906,0.5,0.3735697346541995,0.0,0.125,0.0,square_vn__markov__plastic__intr0__struct1__synchronous__lesion__s2__dd083f1178,0.1195720847296361,0.0994521271336275,0.25,False,0.513054854867411,0.003,0.016,markov,0.68,square_vn,50,100,0.9,0.2084634856006075,0.3,0,0.42,0.08,280,0.276960844537638,0.2,20,1.462409239954563,4.099908571387045e-18,0.2,plastic,secondary,0.0784845567618204,False,synchronous,50,250,390,2,-1,1.0,0.6,0.6,100,0.0682990466020192,16868,1,35,0.75,2,16868,0.55,0.0,0.75,35.0,lesion,30.0,0.45,0.2,0.1,0.002,8.0
72,500,0.3856226033853707,0.5,-0.2162319120979395,0.2057143597737611,0.125,0.0,square_vn__markov__plastic__intr1__struct1__block_async__lesion__s2__f5b8777a9b,0.0156101873115052,0.0136325887017021,0.25,False,0.7183337766630201,0.003,0.016,markov,0.68,square_vn,50,100,0.9,0.3432615599566259,0.3,1,0.42,0.08,280,0.3853607541292647,0.2,20,1.4162545704181593,2.2602392309926694e-18,0.2,plastic,secondary,0.0260939143471012,False,block_async,50,250,390,2,-1,1.0,0.6,0.6,100,0.0023293726974164,24961,1,35,0.75,2,24961,0.55,0.0,0.75,35.0,lesion,30.0,0.45,0.2,0.1,0.002,8.0
72,500,0.3910542007606422,0.5,-0.2231921113800048,0.0839347514157899,0.125,0.2771521913121466,square_vn__ql__plastic__intr1__struct0__alpha_async__lesion__s2__dd74387000,0.0014657049625906,0.0065384886599698,0.25,False,0.7172251509031708,0.003,0.016,ql,0.68,square_vn,50,100,0.9,0.3495132935176749,0.3,1,0.42,0.08,280,0.3879193184988779,0.2,20,1.4561151939982082,2.23476774871122e-18,0.2,plastic,secondary,0.0156785082146355,False,alpha_async,50,250,390,2,-1,1.0,0.6,0.6,100,0.0025241151106845,0,0,35,1.0,2,0,0.55,0.0,0.75,35.0,lesion,30.0,0.45,0.2,0.1,0.002,8.0
72,500,0.4165307866180462,0.5,0.1592201185119113,0.0,0.125,0.0,square_moore__markov__plastic__intr0__struct1__synchronous__lesion__s2__9c811775d3,-0.0006998742225816,-0.005620907369424,0.25,False,0.8241312671773449,0.003,0.016,markov,0.68,square_moore,50,100,0.9,0.2193993508100296,0.3,0,0.42,0.08,280,0.4219216743232689,0.2,20,1.1941903819959288,2.649398288298001e-18,0.2,plastic,secondary,-0.0092443580594389,False,synchronous,50,250,390,2,-1,1.0,0.6,0.6,100,0.0033171679874318,31426,1,35,0.75,2,31426,0.55,0.0,0.75,35.0,lesion,30.0,0.45,0.2,0.1,0.002,8.0
72,500,0.3562613220427676,0.5,-0.3681018779348259,0.1163273931785268,0.125,0.0,square_moore__markov__plastic__intr1__struct1__block_async__lesion__s2__9b2f95e444,0.0047780056316072,-0.0026388206661063,0.25,False,0.4969708496346333,0.003,0.016,markov,0.68,square_moore,50,100,0.9,0.4795441555582605,0.3,1,0.42,0.08,280,0.3564904544713428,0.2,20,1.5449803553788484,3.189974783148799e-18,0.2,plastic,secondary,0.0075299354363452,False,block_async,50,250,390,2,-1,1.0,0.6,0.6,100,0.0320690458979163,28615,1,35,0.75,2,28615,0.55,0.0,0.75,35.0,lesion,30.0,0.45,0.2,0.1,0.002,8.0
72,500,0.3915069414394828,0.5,-0.358942611988397,0.0627102532486238,0.125,0.274680693723869,square_moore__ql__plastic__intr1__struct0__alpha_async__lesion__s2__e099d415e9,0.0121029875487875,0.0039987956572303,0.25,False,0.5857472084830153,0.003,0.016,ql,0.68,square_moore,50,100,0.9,0.4573733262311026,0.3,1,0.42,0.08,280,0.3900586616170452,0.2,20,1.5127627818138225,2.9649981881794573e-18,0.2,plastic,secondary,0.0210295872854002,False,alpha_async,50,250,390,2,-1,1.0,0.6,0.6,100,0.0318802930410717,0,0,35,0.9981674382716048,2,0,0.55,0.0,0.75,35.0,lesion,30.0,0.45,0.2,0.1,0.002,8.0
72,500,0.3909862913746401,0.5,0.1227452943196806,0.0,0.125,0.0,hex_cells__markov__plastic__intr0__struct1__synchronous__lesion__s2__fceb19d642,0.0385691109723599,0.0424219940352158,0.25,False,0.7146586253044115,0.003,0.016,markov,0.68,hex_cells,50,100,0.9,0.2685734311210043,0.3,0,0.42,0.08,280,0.3994003724641231,0.2,20,1.2994706688724902,2.1308335709724125e-18,0.2,plastic,secondary,0.0115611142440575,False,synchronous,50,250,390,2,-1,1.0,0.6,0.6,100,0.0184377381727522,27164,1,35,0.6666666666666666,2,27164,0.55,0.0,0.75,35.0,lesion,30.0,0.45,0.2,0.1,0.002,8.0
72,500,0.4160717459062684,0.5,-0.2348205356702691,0.151262293615745,0.125,0.0,hex_cells__markov__plastic__intr1__struct1__block_async__lesion__s2__3ec4a25829,0.0189965539555148,0.0078571300335217,0.25,False,0.6671786274007626,0.003,0.016,markov,0.68,hex_cells,50,100,0.9,0.3933193331248815,0.3,1,0.42,0.08,280,0.4174383169492773,0.2,20,1.116453690066521,1.875754948593464e-18,0.2,plastic,secondary,0.0379663743365058,False,block_async,50,250,390,2,-1,1.0,0.6,0.6,100,0.0027159684532752,33182,1,35,0.6666666666666666,2,33182,0.55,0.0,0.75,35.0,lesion,30.0,0.45,0.2,0.1,0.002,8.0
72,500,0.4220466568219397,0.5,-0.3134325571811162,0.0493520485707632,0.125,0.2690234547408948,hex_cells__ql__plastic__intr1__struct0__alpha_async__lesion__s2__c0f96d87af,0.005151504182925,0.0053124775000256,0.25,False,0.633029337491679,0.003,0.016,ql,0.68,hex_cells,50,100,0.9,0.4349024255992407,0.3,1,0.42,0.08,280,0.4198663683996064,0.2,20,1.2658165169723152,1.7003043374751033e-18,0.2,plastic,secondary,0.0029711305874885,False,alpha_async,50,250,390,2,-1,1.0,0.6,0.6,100,0.0110095061721032,0,0,35,1.0,2,0,0.55,0.0,0.75,35.0,lesion,30.0,0.45,0.2,0.1,0.002,8.0
72,500,0.3525555038690573,0.5,0.0177256919834466,0.0,0.125,0.0,honeycomb__markov__plastic__intr0__struct1__synchronous__lesion__s2__f4047197b4,-0.0046918558700909,-0.0115396822185752,0.25,False,0.7206600015391252,0.003,0.016,markov,0.68,honeycomb,50,100,0.9,0.2792074703078849,0.3,0,0.42,0.08,280,0.3542992796479943,0.2,20,1.418356370573546,2.6085478734436517e-18,0.2,plastic,secondary,-0.0154247330578145,False,synchronous,50,250,390,2,-1,1.0,0.6,0.6,100,0.0017584627802425,19353,1,35,0.6666666666666666,2,19353,0.55,0.0,0.75,35.0,lesion,30.0,0.45,0.2,0.1,0.002,8.0
72,500,0.340519642136713,0.5,-0.0360552886365734,0.2470994790715901,0.125,0.0,honeycomb__markov__plastic__intr1__struct1__block_async__lesion__s2__e6fa5f2662,-0.0172881052875794,-0.0140257304638858,0.25,False,0.6852020098505957,0.003,0.016,markov,0.68,honeycomb,50,100,0.9,0.2962424223776869,0.3,1,0.42,0.08,280,0.3384821151768936,0.2,20,1.437433646186297,1.7772785900881032e-18,0.2,plastic,secondary,-0.0041610913846997,False,block_async,50,250,390,2,-1,1.0,0.6,0.6,100,0.0020650931873761,20134,1,35,0.6666666666666666,2,20134,0.55,0.0,0.75,35.0,lesion,30.0,0.45,0.2,0.1,0.002,8.0
72,500,0.3895447391797366,0.5,-0.1976493048211835,0.0804518019744706,0.125,0.2870175541342578,honeycomb__ql__plastic__intr1__struct0__alpha_async__lesion__s2__7bc2b010e2,0.0015757544235471,-0.0041428403112532,0.25,False,0.7134819292135234,0.003,0.016,ql,0.68,honeycomb,50,100,0.9,0.3447891688774304,0.3,1,0.42,0.08,280,0.3844434729056932,0.2,20,1.5217300480683804,1.9327201454399478e-18,0.2,plastic,secondary,0.0039281688315938,False,alpha_async,50,250,390,2,-1,1.0,0.6,0.6,100,0.0025788059350533,0,0,35,1.0,2,0,0.55,0.0,0.75,35.0,lesion,30.0,0.45,0.2,0.1,0.002,8.0
72,500,0.4074923395284962,0.5,0.3799111836124719,0.0,0.125,0.0,extended_moore_r2__markov__plastic__intr0__struct1__synchronous__lesion__s2__b7b40bd4f6,0.0095692833717493,0.0073767146525809,0.25,False,0.8584228547627963,0.003,0.016,markov,0.68,extended_moore_r2,50,100,0.9,0.1609792214469417,0.3,0,0.42,0.08,280,0.4149725218809129,0.2,20,1.120175628701959,4.160892221789901e-18,0.2,plastic,secondary,0.0394449766051916,False,synchronous,50,250,390,2,-1,1.0,0.6,0.6,100,0.0116946836554641,39401,1,35,0.7499115869341564,2,39199,0.55,0.0,0.75,35.0,lesion,30.0,0.45,0.2,0.1,0.002,8.0
72,500,0.2923837191671253,0.5,-0.2025585774689609,0.1499669316390758,0.125,0.0,extended_moore_r2__markov__plastic__intr1__struct1__block_async__lesion__s2__db2cae3100,0.0268029199770348,0.0052517902521671,0.25,False,0.626582113429914,0.003,0.016,markov,0.68,extended_moore_r2,50,100,0.9,0.2996379764339107,0.3,1,0.42,0.08,280,0.2913713845261919,0.2,20,0.7948810363143786,4.384997127771504e-18,0.2,plastic,secondary,0.0234768070965004,False,block_async,50,250,390,2,-1,1.0,0.6,0.6,100,0.0237127553914889,39177,1,35,0.7408050411522634,2,36196,0.55,0.0,0.75,35.0,lesion,30.0,0.45,0.2,0.1,0.002,8.0
72,500,0.4041052940709009,0.5,-0.0443828609237895,0.039811562827229,0.125,0.161292294438126,extended_moore_r2__ql__plastic__intr1__struct0__alpha_async__lesion__s2__e2360d837b,-0.0316137138110739,-0.0293197253254173,0.25,False,0.7892532194251609,0.003,0.016,ql,0.68,extended_moore_r2,50,100,0.9,0.2722094738163184,0.3,1,0.42,0.08,280,0.4093677752177579,0.2,20,0.7002850960859359,3.575020502310823e-18,0.2,plastic,secondary,-0.04256105166916,False,alpha_async,50,250,390,2,-1,1.0,0.6,0.6,100,0.0163663675625176,0,0,35,0.9592817644032922,2,0,0.55,0.0,0.75,35.0,lesion,30.0,0.45,0.2,0.1,0.002,8.0
72,500,0.4026050193191489,0.5,0.3850554334574531,0.0,0.125,0.0,extended_hex_r2__markov__plastic__intr0__struct1__synchronous__lesion__s2__42a90d45a1,-0.0403276737095177,-0.0182912132322446,0.25,False,0.8545700613895111,0.003,0.016,markov,0.68,extended_hex_r2,50,100,0.9,0.161173066979255,0.3,0,0.42,0.08,280,0.4150081339444162,0.2,20,1.14473844263956,3.8720213542449926e-18,0.2,plastic,secondary,-0.093588473282096,False,synchronous,50,250,390,2,-1,1.0,0.6,0.6,100,0.0080550437088216,37996,1,35,0.7777777777777778,2,37989,0.55,0.0,0.75,35.0,lesion,30.0,0.45,0.2,0.1,0.002,8.0
72,500,0.3396394970517086,0.5,-0.166101884586113,0.1245820481203214,0.125,0.0,extended_hex_r2__markov__plastic__intr1__struct1__block_async__lesion__s2__7901f9e4f4,0.0239067772671232,0.0024293614408552,0.25,False,0.7023486960918002,0.003,0.016,markov,0.68,extended_hex_r2,50,100,0.9,0.2973116204454169,0.3,1,0.42,0.08,280,0.3375630367447785,0.2,20,0.3571243725898713,2.530697904708076e-18,0.2,plastic,secondary,0.0253251944840736,False,block_async,50,250,390,2,-1,1.0,0.6,0.6,100,0.0146482983411716,38010,1,35,0.7765132030178327,2,37575,0.55,0.0,0.75,35.0,lesion,30.0,0.45,0.2,0.1,0.002,8.0
72,500,0.477805893725023,0.5,-0.0436200481077753,0.029278198065276,0.125,0.1323384095179417,extended_hex_r2__ql__plastic__intr1__struct0__alpha_async__lesion__s2__8de56c07de,-0.0164086743553191,-0.0066547531428242,0.25,False,0.8463578144812102,0.003,0.016,ql,0.68,extended_hex_r2,50,100,0.9,0.2508072022797788,0.3,1,0.42,0.08,280,0.4383233154980849,0.2,20,0.8247651218992281,2.570252592298684e-18,0.2,plastic,secondary,0.0139855636574576,False,alpha_async,50,250,390,2,-1,1.0,0.6,0.6,100,0.0026626505403373,0,0,35,0.9891117969821672,2,0,0.55,0.0,0.75,35.0,lesion,30.0,0.45,0.2,0.1,0.002,8.0
72,500,0.4146900816787632,0.5,0.3216337644001337,0.0,0.125,0.0,honeycomb_nnn__markov__plastic__intr0__struct1__synchronous__lesion__s2__e526da448b,0.0096182136659647,-0.0015854320150436,0.25,False,0.8507557570161607,0.003,0.016,markov,0.68,honeycomb_nnn,50,100,0.9,0.1801423426767843,0.3,0,0.42,0.08,280,0.4187584893319349,0.2,20,1.183500466009649,2.4523670571961666e-18,0.2,plastic,secondary,0.016858147128053,False,synchronous,50,250,390,2,-1,1.0,0.6,0.6,100,0.0055684447355608,31199,1,35,0.7777777777777778,2,31199,0.55,0.0,0.75,35.0,lesion,30.0,0.45,0.2,0.1,0.002,8.0
72,500,0.3747199149982474,0.5,-0.2405311171492037,0.1178154433134245,0.125,0.0,honeycomb_nnn__markov__plastic__intr1__struct1__block_async__lesion__s2__66c1d6441a,0.0104500521710072,0.0002668540124993,0.25,False,0.6049125390891208,0.003,0.016,markov,0.68,honeycomb_nnn,50,100,0.9,0.4041099613444058,0.3,1,0.42,0.08,280,0.3749268926704459,0.2,20,0.9731289713639876,2.5767778591065014e-18,0.2,plastic,secondary,0.0228326563281285,False,block_async,50,250,390,2,-1,1.0,0.6,0.6,100,0.0169409973154586,33226,1,35,0.7777777777777778,2,33226,0.55,0.0,0.75,35.0,lesion,30.0,0.45,0.2,0.1,0.002,8.0
72,500,0.3958052758085295,0.5,-0.2270493142743893,0.0540043832229546,0.125,0.2399485527421978,honeycomb_nnn__ql__plastic__intr1__struct0__alpha_async__lesion__s2__a0d2338329,0.0217424135242687,0.006079701763461,0.25,False,0.6981086356939987,0.003,0.016,ql,0.68,honeycomb_nnn,50,100,0.9,0.3615682384414637,0.3,1,0.42,0.08,280,0.394781789201025,0.2,20,0.8391324018050653,3.3028248000995023e-18,0.2,plastic,secondary,0.0318881437982971,False,alpha_async,50,250,390,2,-1,1.0,0.6,0.6,100,0.0278835536494105,0,0,35,0.9986496913580248,2,0,0.55,0.0,0.75,35.0,lesion,30.0,0.45,0.2,0.1,0.002,8.0
72,500,0.303439951041668,0.5,0.2827232363685488,0.0,0.125,0.0,square_vn__markov__plastic__intr0__struct1__synchronous__lesion__s3__54d40a3c3f,0.0707192437807986,0.0655903018694716,0.25,False,0.5834622202492555,0.003,0.016,markov,0.68,square_vn,50,100,0.9,0.2357806514595525,0.3,0,0.42,0.08,280,0.3158412322731705,0.2,20,1.4870784242229766,2.576850028846024e-18,0.2,plastic,secondary,0.0542462354437068,False,synchronous,50,250,390,3,-1,1.0,0.6,0.6,100,0.0488358485349269,17707,1,35,0.75,2,17707,0.55,0.0,0.75,35.0,lesion,30.0,0.45,0.2,0.1,0.002,8.0
72,500,0.3851573444215884,0.5,-0.2112907706618861,0.2090115543255692,0.125,0.0,square_vn__markov__plastic__intr1__struct1__block_async__lesion__s3__9a9b5c51d4,0.0156725333702651,0.00916769498096,0.25,False,0.7193166402963656,0.003,0.016,markov,0.68,square_vn,50,100,0.9,0.3414134040720272,0.3,1,0.42,0.08,280,0.3851292418408318,0.2,20,1.415677558746435,1.923608634413878e-18,0.2,plastic,secondary,0.0093623905000447,False,block_async,50,250,390,3,-1,1.0,0.6,0.6,100,0.0023847800026119,24801,1,35,0.75,2,24801,0.55,0.0,0.75,35.0,lesion,30.0,0.45,0.2,0.1,0.002,8.0
72,500,0.395649897654568,0.5,-0.2310701097260697,0.0828315377589534,0.125,0.272564833052418,square_vn__ql__plastic__intr1__struct0__alpha_async__lesion__s3__fff293e760,0.0043757230895282,0.0090854490078336,0.25,False,0.7215527563871467,0.003,0.016,ql,0.68,square_vn,50,100,0.9,0.3511667462376032,0.3,1,0.42,0.08,280,0.3898497485241518,0.2,20,1.45474900747026,1.9405280738574998e-18,0.2,plastic,secondary,0.0136133894089653,False,alpha_async,50,250,390,3,-1,1.0,0.6,0.6,100,0.002824458274248,0,0,35,1.0,2,0,0.55,0.0,0.75,35.0,lesion,30.0,0.45,0.2,0.1,0.002,8.0
72,500,0.4241205505260335,0.5,0.1277020859920975,0.0,0.125,0.0,square_moore__markov__plastic__intr0__struct1__synchronous__lesion__s3__a9ff447e2c,-0.0042851909555236,0.0017264036303596,0.25,False,0.8196829683733,0.003,0.016,markov,0.68,square_moore,50,100,0.9,0.2284391034684456,0.3,0,0.42,0.08,280,0.4224867581876828,0.2,20,1.1962412943013074,2.3144047303307122e-18,0.2,plastic,secondary,-0.0360522527166227,False,synchronous,50,250,390,3,-1,1.0,0.6,0.6,100,0.0035450887108673,32024,1,35,0.75,2,32024,0.55,0.0,0.75,35.0,lesion,30.0,0.45,0.2,0.1,0.002,8.0
72,500,0.3590995520873161,0.5,-0.3704702021293687,0.1154918687493727,0.125,0.0,square_moore__markov__plastic__intr1__struct1__block_async__lesion__s3__cb77860ff3,-0.009061865017149,-0.0056187802377885,0.25,False,0.4955145238998577,0.003,0.016,markov,0.68,square_moore,50,100,0.9,0.4837711276111397,0.3,1,0.42,0.08,280,0.3573691229868026,0.2,20,1.5531770650830994,3.980413884936776e-18,0.2,plastic,secondary,-0.0092238988076812,False,block_async,50,250,390,3,-1,1.0,0.6,0.6,100,0.085141080445968,28782,1,35,0.75,2,28782,0.55,0.0,0.75,35.0,lesion,30.0,0.45,0.2,0.1,0.002,8.0
72,500,0.3926671331353762,0.5,-0.3580192901557373,0.0624922544326226,0.125,0.2777123250426521,square_moore__ql__plastic__intr1__struct0__alpha_async__lesion__s3__49fa2164a7,0.0106800282150133,0.0010574492528057,0.25,False,0.5821949555536549,0.003,0.016,ql,0.68,square_moore,50,100,0.9,0.4601002163070354,0.3,1,0.42,0.08,280,0.3917675725257684,0.2,20,1.516125455828258,3.3235576570713033e-18,0.2,plastic,secondary,0.0128716313663728,False,alpha_async,50,250,390,3,-1,1.0,0.6,0.6,100,0.0346518425034877,0,0,35,0.9985773533950616,2,0,0.55,0.0,0.75,35.0,lesion,30.0,0.45,0.2,0.1,0.002,8.0
72,500,0.3917072498352856,0.5,0.098260808950721,0.0,0.125,0.0,hex_cells__markov__plastic__intr0__struct1__synchronous__lesion__s3__99f5c0d049,0.0310343853757342,0.0265115517886258,0.25,False,0.7204860044100199,0.003,0.016,markov,0.68,hex_cells,50,100,0.9,0.2720867408231094,0.3,0,0.42,0.08,280,0.4022751028132934,0.2,20,1.2737421866108531,1.928482322351236e-18,0.2,plastic,secondary,0.0121012640876277,False,synchronous,50,250,390,3,-1,1.0,0.6,0.6,100,0.016521334455974,27671,1,35,0.6666666666666666,2,27671,0.55,0.0,0.75,35.0,lesion,30.0,0.45,0.2,0.1,0.002,8.0
72,500,0.4168417236414895,0.5,-0.2317128103164061,0.1506966945687539,0.125,0.0,hex_cells__markov__plastic__intr1__struct1__block_async__lesion__s3__089904053f,0.024088079649352,0.0131240100787949,0.25,False,0.668072955175208,0.003,0.016,markov,0.68,hex_cells,50,100,0.9,0.3929539998635379,0.3,1,0.42,0.08,280,0.4191385482927939,0.2,20,1.1114094509042305,2.24484677754165e-18,0.2,plastic,secondary,0.0325697838695688,False,block_async,50,250,390,3,-1,1.0,0.6,0.6,100,0.0025877250132743,33393,1,35,0.6666666666666666,2,33393,0.55,0.0,0.75,35.0,lesion,30.0,0.45,0.2,0.1,0.002,8.0
72,500,0.4239244273944916,0.5,-0.3178635694842254,0.0491378509082579,0.125,0.269243219960717,hex_cells__ql__plastic__intr1__struct0__alpha_async__lesion__s3__a8f23c00e7,0.0024254335463941,0.0077480420213559,0.25,False,0.6201930806614457,0.003,0.016,ql,0.68,hex_cells,50,100,0.9,0.444825607553926,0.3,1,0.42,0.08,280,0.4208112482933956,0.2,20,1.2839246426415314,1.6132147553009182e-18,0.2,plastic,secondary,0.0207762430435548,False,alpha_async,50,250,390,3,-1,1.0,0.6,0.6,100,0.0044567093401303,0,0,35,1.0,2,0,0.55,0.0,0.75,35.0,lesion,30.0,0.45,0.2,0.1,0.002,8.0
72,500,0.3599100562189575,0.5,0.0039349947083664,0.0,0.125,0.0,honeycomb__markov__plastic__intr0__struct1__synchronous__lesion__s3__92b4b8ccdd,0.0010873392073434,-0.0009951752565786,0.25,False,0.7309761316728842,0.003,0.016,markov,0.68,honeycomb,50,100,0.9,0.2814412851106386,0.3,0,0.42,0.08,280,0.3555879416109562,0.2,20,1.41520366071024,1.279265405017672e-18,0.2,plastic,secondary,0.0387537441857471,False,synchronous,50,250,390,3,-1,1.0,0.6,0.6,100,0.0017346868580449,19531,1,35,0.6666666666666666,2,19531,0.55,0.0,0.75,35.0,lesion,30.0,0.45,0.2,0.1,0.002,8.0
72,500,0.3344654976899019,0.5,-0.0210698997596549,0.234401754259809,0.125,0.0,honeycomb__markov__plastic__intr1__struct1__block_async__lesion__s3__bffbfdfccd,-0.0102284990955191,0.0047951812362213,0.25,False,0.6787987869254409,0.003,0.016,markov,0.68,honeycomb,50,100,0.9,0.2919995411322784,0.3,1,0.42,0.08,280,0.3356168698757072,0.2,20,1.430724378067323,9.52168276853115e-19,0.2,plastic,secondary,-0.0089491686007446,False,block_async,50,250,390,3,-1,1.0,0.6,0.6,100,0.0017334571474701,21012,1,35,0.6666666666666666,2,21012,0.55,0.0,0.75,35.0,lesion,30.0,0.45,0.2,0.1,0.002,8.0
72,500,0.3905961158143709,0.5,-0.1892242375104121,0.0816317059534943,0.125,0.2877976203717918,honeycomb__ql__plastic__intr1__struct0__alpha_async__lesion__s3__c948f4af62,0.0019536081171087,0.0110995162191414,0.25,False,0.7097428753077711,0.003,0.016,ql,0.68,honeycomb,50,100,0.9,0.3452773695078412,0.3,1,0.42,0.08,280,0.3839531210724816,0.2,20,1.5114470281568433,1.2744720910450477e-18,0.2,plastic,secondary,-0.0035853715553384,False,alpha_async,50,250,390,3,-1,1.0,0.6,0.6,100,0.0025116348812193,0,0,35,1.0,2,0,0.55,0.0,0.75,35.0,lesion,30.0,0.45,0.2,0.1,0.002,8.0
72,500,0.4127654279117846,0.5,0.369160196150514,0.0,0.125,0.0,extended_moore_r2__markov__plastic__intr0__struct1__synchronous__lesion__s3__9173282670,-0.0317979077963129,-0.0354410177696721,0.25,False,0.8633626100914282,0.003,0.016,markov,0.68,extended_moore_r2,50,100,0.9,0.1620638465219762,0.3,0,0.42,0.08,280,0.4148661592550674,0.2,20,1.0834397751929794,3.949625151693142e-18,0.2,plastic,secondary,-0.0834760978861305,False,synchronous,50,250,390,3,-1,1.0,0.6,0.6,100,0.0104875520513731,39694,1,35,0.7499115869341564,2,39538,0.55,0.0,0.75,35.0,lesion,30.0,0.45,0.2,0.1,0.002,8.0
72,500,0.2920897789929292,0.5,-0.2017775532955734,0.1493496175040552,0.125,0.0,extended_moore_r2__markov__plastic__intr1__struct1__block_async__lesion__s3__2f363fdba6,0.0253882873224733,0.0032418987015486,0.25,False,0.6293129254680945,0.003,0.016,markov,0.68,extended_moore_r2,50,100,0.9,0.2975734471898261,0.3,1,0.42,0.08,280,0.2905282560380136,0.2,20,0.7995195275248161,5.354720124494558e-18,0.2,plastic,secondary,0.0229003660864532,False,block_async,50,250,390,3,-1,1.0,0.6,0.6,100,0.0361021648755079,39514,1,35,0.7404112011316872,2,36460,0.55,0.0,0.75,35.0,lesion,30.0,0.45,0.2,0.1,0.002,8.0
72,500,0.4578152214010927,0.5,-0.0266931875428602,0.0382796603065991,0.125,0.1445975636909945,extended_moore_r2__ql__plastic__intr1__struct0__alpha_async__lesion__s3__221a806b17,-0.0950213113070699,-0.0764561865680933,0.25,False,0.819403776630877,0.003,0.016,ql,0.68,extended_moore_r2,50,100,0.9,0.263919294488963,0.3,1,0.42,0.08,280,0.4212442950791749,0.2,20,0.8766882302603018,3.177651644689806e-18,0.2,plastic,secondary,-0.0241433636962139,False,alpha_async,50,250,390,3,-1,1.0,0.6,0.6,100,0.0083269738917212,0,0,35,0.9686455118312756,2,0,0.55,0.0,0.75,35.0,lesion,30.0,0.45,0.2,0.1,0.002,8.0
72,500,0.420038951806832,0.5,0.3825390647361403,0.0,0.125,0.0,extended_hex_r2__markov__plastic__intr0__struct1__synchronous__lesion__s3__2fdff09345,-0.0133920515780419,0.0020715066185154,0.25,False,0.8619326139096579,0.003,0.016,markov,0.68,extended_hex_r2,50,100,0.9,0.1647668065405108,0.3,0,0.42,0.08,280,0.4151119561234127,0.2,20,1.1677504101890537,3.696519057058301e-18,0.2,plastic,secondary,0.0291753890777487,False,synchronous,50,250,390,3,-1,1.0,0.6,0.6,100,0.0092718464227638,38136,1,35,0.7777777777777778,2,38129,0.55,0.0,0.75,35.0,lesion,30.0,0.45,0.2,0.1,0.002,8.0
72,500,0.3397905703907667,0.5,-0.1635092418937517,0.1256318593339222,0.125,0.0,extended_hex_r2__markov__plastic__intr1__struct1__block_async__lesion__s3__df96b91bfc,0.0329087610386521,0.008293977986344,0.25,False,0.7049488836431093,0.003,0.016,markov,0.68,extended_hex_r2,50,100,0.9,0.2946318402580639,0.3,1,0.42,0.08,280,0.338470609385417,0.2,20,0.3520505642980563,2.82497593962726e-18,0.2,plastic,secondary,0.0243974773203872,False,block_async,50,250,390,3,-1,1.0,0.6,0.6,100,0.008683668273349,38170,1,35,0.7765132030178327,2,37720,0.55,0.0,0.75,35.0,lesion,30.0,0.45,0.2,0.1,0.002,8.0
72,500,0.4104777822944421,0.5,-0.0412264635795781,0.0293949080167653,0.125,0.1399922618179498,extended_hex_r2__ql__plastic__intr1__struct0__alpha_async__lesion__s3__c4bd960719,0.0093686879261324,0.0051989506704959,0.25,False,0.828616992363132,0.003,0.016,ql,0.68,extended_hex_r2,50,100,0.9,0.2448166836711187,0.3,1,0.42,0.08,280,0.4396991377111575,0.2,20,0.3551339861892217,2.3807916406751817e-18,0.2,plastic,secondary,-0.0951904156651143,False,alpha_async,50,250,390,3,-1,1.0,0.6,0.6,100,0.0040810901530076,0,0,35,0.988843878600823,2,0,0.55,0.0,0.75,35.0,lesion,30.0,0.45,0.2,0.1,0.002,8.0
72,500,0.4177023882562502,0.5,0.3048472814478621,0.0,0.125,0.0,honeycomb_nnn__markov__plastic__intr0__struct1__synchronous__lesion__s3__8a4a6380d4,0.0106040404857856,-0.0065913989881019,0.25,False,0.8509139435076752,0.003,0.016,markov,0.68,honeycomb_nnn,50,100,0.9,0.1839777254713871,0.3,0,0.42,0.08,280,0.4185746694060397,0.2,20,1.1382622808980314,2.8720023592988373e-18,0.2,plastic,secondary,-0.0077132790980453,False,synchronous,50,250,390,3,-1,1.0,0.6,0.6,100,0.0049564773391667,31117,1,35,0.7777777777777778,2,31117,0.55,0.0,0.75,35.0,lesion,30.0,0.45,0.2,0.1,0.002,8.0
72,500,0.3765940202545945,0.5,-0.2364884031292039,0.1167332425315815,0.125,0.0,honeycomb_nnn__markov__plastic__intr1__struct1__block_async__lesion__s3__9a628066ee,0.0196104878532936,-0.0005350414282195,0.25,False,0.6164682909793454,0.003,0.016,markov,0.68,honeycomb_nnn,50,100,0.9,0.3984120275283644,0.3,1,0.42,0.08,280,0.3773637134482683,0.2,20,0.9508141837813772,2.492952358221689e-18,0.2,plastic,secondary,0.0226977001628541,False,block_async,50,250,390,3,-1,1.0,0.6,0.6,100,0.01105411011025,33539,1,35,0.7777777777777778,2,33539,0.55,0.0,0.75,35.0,lesion,30.0,0.45,0.2,0.1,0.002,8.0
72,500,0.3965262148488481,0.5,-0.2324990856157867,0.0541492772628663,0.125,0.244164899663839,honeycomb_nnn__ql__plastic__intr1__struct0__alpha_async__lesion__s3__76f0506d35,0.0110517360183772,-0.0042378050716524,0.25,False,0.6881064568415183,0.003,0.016,ql,0.68,honeycomb_nnn,50,100,0.9,0.3701272007319619,0.3,1,0.42,0.08,280,0.3957522621322709,0.2,20,0.8760829203735006,2.481045942482039e-18,0.2,plastic,secondary,0.018835586670939,False,alpha_async,50,250,390,3,-1,1.0,0.6,0.6,100,0.0184913271801423,0,0,35,0.9991640946502056,2,0,0.55,0.0,0.75,35.0,lesion,30.0,0.45,0.2,0.1,0.002,8.0
72,500,0.2996023963015935,0.5,0.2983650990573659,0.0,0.125,0.0,square_vn__markov__plastic__intr0__struct1__synchronous__repeated_lesion__s1__509ef09ed1,0.0855938175374676,0.076296728374258,0.25,False,0.577423430787231,0.003,0.016,markov,0.68,square_vn,50,100,0.9,0.2311403711763489,0.3,0,0.42,0.08,280,0.3109437689730948,0.2,20,1.4830134342399206,2.604732653969281e-18,0.2,plastic,secondary,0.0538679871780057,False,synchronous,50,250,390,1,-1,1.0,0.6,0.6,100,0.045151079568481,17553,1,35,0.75,2,17553,0.55,0.0,0.75,35.0,repeated_lesion,30.0,0.45,0.2,0.1,0.002,8.0
72,500,0.3846676969201558,0.5,-0.2153933696247706,0.2091392140318992,0.125,0.0,square_vn__markov__plastic__intr1__struct1__block_async__repeated_lesion__s1__6d388e2c6e,0.0199398926922684,0.0035039674087295,0.25,False,0.7181378880978728,0.003,0.016,markov,0.68,square_vn,50,100,0.9,0.3437473194375833,0.3,1,0.42,0.08,280,0.3851058290469263,0.2,20,1.4229348447047248,2.0014312804410497e-18,0.2,plastic,secondary,0.0045568222872798,False,block_async,50,250,390,1,-1,1.0,0.6,0.6,100,0.0025841290646192,24748,1,35,0.75,2,24748,0.55,0.0,0.75,35.0,repeated_lesion,30.0,0.45,0.2,0.1,0.002,8.0
72,500,0.39309701688545,0.5,-0.2229218085576868,0.0818058952853032,0.125,0.2739970972561109,square_vn__ql__plastic__intr1__struct0__alpha_async__repeated_lesion__s1__32b510c1e1,0.0043966013380585,0.0003866710360514,0.25,False,0.7228726445879418,0.003,0.016,ql,0.68,square_vn,50,100,0.9,0.3473891931666588,0.3,1,0.42,0.08,280,0.3888751172499518,0.2,20,1.4456965653207372,2.57955640235022e-18,0.2,plastic,secondary,0.0039586294187251,False,alpha_async,50,250,390,1,-1,1.0,0.6,0.6,100,0.0029774104534443,0,0,35,1.0,2,0,0.55,0.0,0.75,35.0,repeated_lesion,30.0,0.45,0.2,0.1,0.002,8.0
72,500,0.4170047398845762,0.5,0.1370832435217752,0.0,0.125,0.0,square_moore__markov__plastic__intr0__struct1__synchronous__repeated_lesion__s1__19e7271b8f,0.0020747035306808,-0.0138088107093357,0.25,False,0.8219864982549396,0.003,0.016,markov,0.68,square_moore,50,100,0.9,0.2241317819580338,0.3,0,0.42,0.08,280,0.4224154509287435,0.2,20,1.146708502966194,1.8860412965405656e-18,0.2,plastic,secondary,-0.0088791647705625,False,synchronous,50,250,390,1,-1,1.0,0.6,0.6,100,0.0031665123275904,31658,1,35,0.75,2,31658,0.55,0.0,0.75,35.0,repeated_lesion,30.0,0.45,0.2,0.1,0.002,8.0
72,500,0.3585239478310688,0.5,-0.3623766534618262,0.1141286842861434,0.125,0.0,square_moore__markov__plastic__intr1__struct1__block_async__repeated_lesion__s1__05aad96c81,0.006687652157676,-0.0011466763451398,0.25,False,0.5057777616683214,0.003,0.016,markov,0.68,square_moore,50,100,0.9,0.475518253678351,0.3,1,0.42,0.08,280,0.3591262518595823,0.2,20,1.5368925083815212,2.4512305782219985e-18,0.2,plastic,secondary,-0.0023070424670671,False,block_async,50,250,390,1,-1,1.0,0.6,0.6,100,0.0316397755490744,29098,1,35,0.75,2,29098,0.55,0.0,0.75,35.0,repeated_lesion,30.0,0.45,0.2,0.1,0.002,8.0
72,500,0.3932067707599667,0.5,-0.3601393229722521,0.061981824323565,0.125,0.2753371237804234,square_moore__ql__plastic__intr1__struct0__alpha_async__repeated_lesion__s1__4a3e6c68d2,0.014811687011221,0.0147874451769744,0.25,False,0.5823888519817376,0.003,0.016,ql,0.68,square_moore,50,100,0.9,0.4604990308009591,0.3,1,0.42,0.08,280,0.3912287776088957,0.2,20,1.516567935914361,3.744324031357047e-18,0.2,plastic,secondary,0.0327783680459118,False,alpha_async,50,250,390,1,-1,1.0,0.6,0.6,100,0.0369350893126294,0,0,35,0.9985773533950616,2,0,0.55,0.0,0.75,35.0,repeated_lesion,30.0,0.45,0.2,0.1,0.002,8.0
72,500,0.3996680457824894,0.5,0.079422424681545,0.0,0.125,0.0,hex_cells__markov__plastic__intr0__struct1__synchronous__repeated_lesion__s1__663e1fe7bf,0.0265453905850625,0.0309058831905622,0.25,False,0.7350278837964923,0.003,0.016,markov,0.68,hex_cells,50,100,0.9,0.2728991948258635,0.3,0,0.42,0.08,280,0.4071001178317728,0.2,20,1.2458860436206185,2.160107526068678e-18,0.2,plastic,secondary,0.0076206119550989,False,synchronous,50,250,390,1,-1,1.0,0.6,0.6,100,0.012554093697177,27944,1,35,0.6666666666666666,2,27944,0.55,0.0,0.75,35.0,repeated_lesion,30.0,0.45,0.2,0.1,0.002,8.0
72,500,0.4142646556162461,0.5,-0.2337884810744651,0.1477811498695345,0.125,0.0,hex_cells__markov__plastic__intr1__struct1__block_async__repeated_lesion__s1__6eec56fcff,0.0281132840431844,0.0111980900072675,0.25,False,0.666529308028754,0.003,0.016,markov,0.68,hex_cells,50,100,0.9,0.3927536242631991,0.3,1,0.42,0.08,280,0.4167821900847818,0.2,20,1.110169463188357,1.8278385673365017e-18,0.2,plastic,secondary,0.0302643080296126,False,block_async,50,250,390,1,-1,1.0,0.6,0.6,100,0.0028179114336164,33198,1,35,0.6666666666666666,2,33198,0.55,0.0,0.75,35.0,repeated_lesion,30.0,0.45,0.2,0.1,0.002,8.0
72,500,0.4214872758477918,0.5,-0.3120355379624178,0.0494532606611593,0.125,0.268592279045367,hex_cells__ql__plastic__intr1__struct0__alpha_async__repeated_lesion__s1__b17aacd3cf,0.0096362308034925,0.0153581731844793,0.25,False,0.6311823654586399,0.003,0.016,ql,0.68,hex_cells,50,100,0.9,0.4355191645178523,0.3,1,0.42,0.08,280,0.4189426192929947,0.2,20,1.2774442616492894,1.9577636623000283e-18,0.2,plastic,secondary,0.0089592671667077,False,alpha_async,50,250,390,1,-1,1.0,0.6,0.6,100,0.0072108727589499,0,0,35,1.0,2,0,0.55,0.0,0.75,35.0,repeated_lesion,30.0,0.45,0.2,0.1,0.002,8.0
72,500,0.353531965388737,0.5,0.0069198734294052,0.0,0.125,0.0,honeycomb__markov__plastic__intr0__struct1__synchronous__repeated_lesion__s1__f19a45e28f,-0.0002227067615283,-0.0012538252764031,0.25,False,0.7240860053972197,0.003,0.016,markov,0.68,honeycomb,50,100,0.9,0.2807147551608628,0.3,0,0.42,0.08,280,0.355064715967738,0.2,20,1.4073962392489283,2.5976119231493523e-18,0.2,plastic,secondary,-0.0013380441135509,False,synchronous,50,250,390,1,-1,1.0,0.6,0.6,100,0.0019157719411584,19552,1,35,0.6666666666666666,2,19552,0.55,0.0,0.75,35.0,repeated_lesion,30.0,0.45,0.2,0.1,0.002,8.0
72,500,0.3378030374373839,0.5,-0.0238830518638751,0.243954129344163,0.125,0.0,honeycomb__markov__plastic__intr1__struct1__block_async__repeated_lesion__s1__6e2a2a53a5,-0.0177613125152547,-0.0061613566346686,0.25,False,0.683183230009971,0.003,0.016,markov,0.68,honeycomb,50,100,0.9,0.2935296771265443,0.3,1,0.42,0.08,280,0.3363994945129259,0.2,20,1.4386102530493594,1.8499707293278732e-18,0.2,plastic,secondary,-0.0111864475512423,False,block_async,50,250,390,1,-1,1.0,0.6,0.6,100,0.0019205007069958,20337,1,35,0.6666666666666666,2,20337,0.55,0.0,0.75,35.0,repeated_lesion,30.0,0.45,0.2,0.1,0.002,8.0
72,500,0.3866855742993942,0.5,-0.1813888797948395,0.0818251395182632,0.125,0.2897327237092544,honeycomb__ql__plastic__intr1__struct0__alpha_async__repeated_lesion__s1__e34f5d580d,0.0057822484937505,-0.0034153419063249,0.25,False,0.7085203822770132,0.003,0.016,ql,0.68,honeycomb,50,100,0.9,0.3423500883508789,0.3,1,0.42,0.08,280,0.3837074183782594,0.2,20,1.523054079538011,1.9140371881133866e-18,0.2,plastic,secondary,0.0077552154378398,False,alpha_async,50,250,390,1,-1,1.0,0.6,0.6,100,0.0023726375829861,0,0,35,1.0,2,0,0.55,0.0,0.75,35.0,repeated_lesion,30.0,0.45,0.2,0.1,0.002,8.0
72,500,0.4151429903515025,0.5,0.3798728203196864,0.0,0.125,0.0,extended_moore_r2__markov__plastic__intr0__struct1__synchronous__repeated_lesion__s1__49bb7f1950,-0.0181389846251355,-0.0159093983951339,0.25,False,0.8656511355952274,0.003,0.016,markov,0.68,extended_moore_r2,50,100,0.9,0.1603881128695637,0.3,0,0.42,0.08,280,0.4154379979690828,0.2,20,1.110945106631784,3.687373729093731e-18,0.2,plastic,secondary,-0.0095148430331562,False,synchronous,50,250,390,1,-1,1.0,0.6,0.6,100,0.0083628619421064,39279,1,35,0.749951774691358,2,39094,0.55,0.0,0.75,35.0,repeated_lesion,30.0,0.45,0.2,0.1,0.002,8.0
72,500,0.2931349203697762,0.5,-0.2011278227538493,0.1498167404769162,0.125,0.0,extended_moore_r2__markov__plastic__intr1__struct1__block_async__repeated_lesion__s1__03a3f99380,0.0367089354734319,0.0002956320598314,0.25,False,0.6246238289445405,0.003,0.016,markov,0.68,extended_moore_r2,50,100,0.9,0.301609914348683,0.3,1,0.42,0.08,280,0.2926126735965589,0.2,20,0.7910082820088008,3.835249853542909e-18,0.2,plastic,secondary,0.0425950271600371,False,block_async,50,250,390,1,-1,1.0,0.6,0.6,100,0.0305549665187863,39252,1,35,0.7411345807613169,2,36232,0.55,0.0,0.75,35.0,repeated_lesion,30.0,0.45,0.2,0.1,0.002,8.0
72,500,0.456261056761823,0.5,-0.031341422762187,0.0374205078439708,0.125,0.1429477018528816,extended_moore_r2__ql__plastic__intr1__struct0__alpha_async__repeated_lesion__s1__e8a7ab17c2,-0.0797100747098378,-0.0928927300228757,0.25,False,0.819730652302607,0.003,0.016,ql,0.68,extended_moore_r2,50,100,0.9,0.2631144926715527,0.3,1,0.42,0.08,280,0.4223888980912356,0.2,20,0.8710408456007117,3.107198744980131e-18,0.2,plastic,secondary,-3.8367092426772806e-05,False,alpha_async,50,250,390,1,-1,1.0,0.6,0.6,100,0.0066651068592537,0,0,35,0.96997170781893,2,0,0.55,0.0,0.75,35.0,repeated_lesion,30.0,0.45,0.2,0.1,0.002,8.0
72,500,0.4200515991308665,0.5,0.3690314334243377,0.0,0.125,0.0,extended_hex_r2__markov__plastic__intr0__struct1__synchronous__repeated_lesion__s1__3d979ac189,-0.0151160955928748,-0.0299553409289058,0.25,False,0.8666551569324575,0.003,0.016,markov,0.68,extended_hex_r2,50,100,0.9,0.1640260864509971,0.3,0,0.42,0.08,280,0.4161631329932684,0.2,20,1.1075531794159563,3.3648891682332583e-18,0.2,plastic,secondary,-0.0911400730462338,False,synchronous,50,250,390,1,-1,1.0,0.6,0.6,100,0.0076289990192336,37833,1,35,0.777767061042524,2,37821,0.55,0.0,0.75,35.0,repeated_lesion,30.0,0.45,0.2,0.1,0.002,8.0
72,500,0.3433221940516516,0.5,-0.1656315085041362,0.1229519998974448,0.125,0.0,extended_hex_r2__markov__plastic__intr1__struct1__block_async__repeated_lesion__s1__f6f94fa7b0,0.0344467155490085,0.004975829521006,0.25,False,0.7047156947353731,0.003,0.016,markov,0.68,extended_hex_r2,50,100,0.9,0.2987338197732528,0.3,1,0.42,0.08,280,0.3425470081579194,0.2,20,0.3378543699037154,2.26681218109306e-18,0.2,plastic,secondary,0.0389201098654142,False,block_async,50,250,390,1,-1,1.0,0.6,0.6,100,0.01568701359614,37963,1,35,0.7764810528120714,2,37536,0.55,0.0,0.75,35.0,repeated_lesion,30.0,0.45,0.2,0.1,0.002,8.0
72,500,0.4413948463933619,0.5,0.0030523353959222,0.0289832968722966,0.125,0.1362993531867304,extended_hex_r2__ql__plastic__intr1__struct0__alpha_async__repeated_lesion__s1__519078bf1c,0.0078162450574041,0.0032510481086386,0.25,False,0.8459210808438685,0.003,0.016,ql,0.68,extended_hex_r2,50,100,0.9,0.2419583695947515,0.3,1,0.42,0.08,280,0.4381303706311851,0.2,20,0.7497966041372878,2.7263969859279093e-18,0.2,plastic,secondary,-0.0014148644375369,False,alpha_async,50,250,390,1,-1,1.0,0.6,0.6,100,0.0120189916499259,0,0,35,0.9892511145404664,2,0,0.55,0.0,0.75,35.0,repeated_lesion,30.0,0.45,0.2,0.1,0.002,8.0
72,500,0.4205086702604118,0.5,0.3009390393172958,0.0,0.125,0.0,honeycomb_nnn__markov__plastic__intr0__struct1__synchronous__repeated_lesion__s1__af3ea1f2a8,-0.0241021779609277,-0.0096255997197584,0.25,False,0.8522507130504164,0.003,0.016,markov,0.68,honeycomb_nnn,50,100,0.9,0.1847894212156133,0.3,0,0.42,0.08,280,0.4184577986073716,0.2,20,1.1427236941510162,2.7285223440142083e-18,0.2,plastic,secondary,-0.0491238705756724,False,synchronous,50,250,390,1,-1,1.0,0.6,0.6,100,0.0044506934736951,30747,1,35,0.7777777777777778,2,30747,0.55,0.0,0.75,35.0,repeated_lesion,30.0,0.45,0.2,0.1,0.002,8.0
72,500,0.3764759198191589,0.5,-0.2389132261760924,0.1164144225705348,0.125,0.0,honeycomb_nnn__markov__plastic__intr1__struct1__block_async__repeated_lesion__s1__fa5a257b3c,0.0230314476490854,0.0036709109963122,0.25,False,0.6010286599872477,0.003,0.016,markov,0.68,honeycomb_nnn,50,100,0.9,0.4073749196419187,0.3,1,0.42,0.08,280,0.3779876898000376,0.2,20,0.9697923582785404,2.9230793909364287e-18,0.2,plastic,secondary,0.015651917425517,False,block_async,50,250,390,1,-1,1.0,0.6,0.6,100,0.0148367247528076,33233,1,35,0.7777777777777778,2,33233,0.55,0.0,0.75,35.0,repeated_lesion,30.0,0.45,0.2,0.1,0.002,8.0
72,500,0.3930149476152414,0.5,-0.2278671147025805,0.0546088472700218,0.125,0.238502756822573,honeycomb_nnn__ql__plastic__intr1__struct0__alpha_async__repeated_lesion__s1__8f3e982682,0.0103044051197564,0.0008299267717934,0.25,False,0.6996648540782313,0.003,0.016,ql,0.68,honeycomb_nnn,50,100,0.9,0.3601387394157429,0.3,1,0.42,0.08,280,0.3925189870746616,0.2,20,0.8413714435680072,2.4351507690181466e-18,0.2,plastic,secondary,0.0154709562152003,False,alpha_async,50,250,390,1,-1,1.0,0.6,0.6,100,0.015442937592858,0,0,35,0.999056927297668,2,0,0.55,0.0,0.75,35.0,repeated_lesion,30.0,0.45,0.2,0.1,0.002,8.0
72,500,0.2609594424116424,0.5,0.383304693788936,0.0,0.125,0.0,square_vn__markov__plastic__intr0__struct1__synchronous__repeated_lesion__s2__f2f718f1f5,0.1146840980152177,0.1064729409785687,0.25,False,0.5042918203574908,0.003,0.016,markov,0.68,square_vn,50,100,0.9,0.2048293509170196,0.3,0,0.42,0.08,280,0.2700911560237831,0.2,20,1.4577150238209768,3.654129318089973e-18,0.2,plastic,secondary,0.0924501454162145,False,synchronous,50,250,390,2,-1,1.0,0.6,0.6,100,0.0715224544671542,16795,1,35,0.75,2,16795,0.55,0.0,0.75,35.0,repeated_lesion,30.0,0.45,0.2,0.1,0.002,8.0
72,500,0.3850526517766581,0.5,-0.2099293824767822,0.2056935287891159,0.125,0.0,square_vn__markov__plastic__intr1__struct1__block_async__repeated_lesion__s2__c7de6543c9,0.0221004112224888,0.0109784128412337,0.25,False,0.7157476437904423,0.003,0.016,markov,0.68,square_vn,50,100,0.9,0.3437444860802833,0.3,1,0.42,0.08,280,0.3855676223046573,0.2,20,1.4223428143998764,2.454814812641824e-18,0.2,plastic,secondary,0.0154811524363289,False,block_async,50,250,390,2,-1,1.0,0.6,0.6,100,0.0026434525795467,25009,1,35,0.75,2,25009,0.55,0.0,0.75,35.0,repeated_lesion,30.0,0.45,0.2,0.1,0.002,8.0
72,500,0.3933165034404244,0.5,-0.2283694448479225,0.0838336739224846,0.125,0.2756337968034444,square_vn__ql__plastic__intr1__struct0__alpha_async__repeated_lesion__s2__41732bcd73,0.0066130267458322,0.0057474678746236,0.25,False,0.7184225379622855,0.003,0.016,ql,0.68,square_vn,50,100,0.9,0.3510797837207172,0.3,1,0.42,0.08,280,0.3887208786855094,0.2,20,1.4631940094987206,2.1629237984909322e-18,0.2,plastic,secondary,-0.0028937072938598,False,alpha_async,50,250,390,2,-1,1.0,0.6,0.6,100,0.0032332601987207,0,0,35,1.0,2,0,0.55,0.0,0.75,35.0,repeated_lesion,30.0,0.45,0.2,0.1,0.002,8.0
72,500,0.4211175495223939,0.5,0.1408261208254514,0.0,0.125,0.0,square_moore__markov__plastic__intr0__struct1__synchronous__repeated_lesion__s2__55fd897222,-0.0096957146559259,-0.0132519300588362,0.25,False,0.824940896942222,0.003,0.016,markov,0.68,square_moore,50,100,0.9,0.2233815878286194,0.3,0,0.42,0.08,280,0.4218113175518311,0.2,20,1.177396196244958,2.6357743261758e-18,0.2,plastic,secondary,-0.01720998976137,False,synchronous,50,250,390,2,-1,1.0,0.6,0.6,100,0.0035833735610372,31512,1,35,0.75,2,31512,0.55,0.0,0.75,35.0,repeated_lesion,30.0,0.45,0.2,0.1,0.002,8.0
72,500,0.3563110298250883,0.5,-0.3674151263536109,0.1164078738230965,0.125,0.0,square_moore__markov__plastic__intr1__struct1__block_async__repeated_lesion__s2__244c677622,0.0044950697424439,-0.0041129344244883,0.25,False,0.4990567237557536,0.003,0.016,markov,0.68,square_moore,50,100,0.9,0.4783419226980185,0.3,1,0.42,0.08,280,0.3563423908516234,0.2,20,1.543102846079088,2.9501183915621577e-18,0.2,plastic,secondary,-0.0066296788035458,False,block_async,50,250,390,2,-1,1.0,0.6,0.6,100,0.0294172063130872,28606,1,35,0.75,2,28606,0.55,0.0,0.75,35.0,repeated_lesion,30.0,0.45,0.2,0.1,0.002,8.0
72,500,0.3913260171771039,0.5,-0.3583225095877645,0.062691212746223,0.125,0.2718209552466905,square_moore__ql__plastic__intr1__struct0__alpha_async__repeated_lesion__s2__b42650b0ea,0.0100977324392729,0.0047000938288909,0.25,False,0.5847336263832267,0.003,0.016,ql,0.68,square_moore,50,100,0.9,0.4581544423291525,0.3,1,0.42,0.08,280,0.3902035637641213,0.2,20,1.5095359369934291,2.9623553675299592e-18,0.2,plastic,secondary,0.0168295708464969,False,alpha_async,50,250,390,2,-1,1.0,0.6,0.6,100,0.0265400626063787,0,0,35,0.998239776234568,2,0,0.55,0.0,0.75,35.0,repeated_lesion,30.0,0.45,0.2,0.1,0.002,8.0
72,500,0.3916229036804542,0.5,0.1052853598169317,0.0,0.125,0.0,hex_cells__markov__plastic__intr0__struct1__synchronous__repeated_lesion__s2__10d99dbc36,0.0451302361714227,0.0341291149529324,0.25,False,0.7148037718245479,0.003,0.016,markov,0.68,hex_cells,50,100,0.9,0.2715049950600675,0.3,0,0.42,0.08,280,0.4023618255401485,0.2,20,1.2894760003666448,2.0825104693214946e-18,0.2,plastic,secondary,0.0220183793075946,False,synchronous,50,250,390,2,-1,1.0,0.6,0.6,100,0.0178183236221647,27189,1,35,0.6666666666666666,2,27189,0.55,0.0,0.75,35.0,repeated_lesion,30.0,0.45,0.2,0.1,0.002,8.0
72,500,0.4159647273077757,0.5,-0.230282042930326,0.151112661814375,0.125,0.0,hex_cells__markov__plastic__intr1__struct1__block_async__repeated_lesion__s2__7f2da6d617,0.0281487924863325,0.0105027603465159,0.25,False,0.6699171303547335,0.003,0.016,markov,0.68,hex_cells,50,100,0.9,0.390367698346621,0.3,1,0.42,0.08,280,0.4179483028326707,0.2,20,1.1049868895153236,1.7306317903125356e-18,0.2,plastic,secondary,0.0353850995409942,False,block_async,50,250,390,2,-1,1.0,0.6,0.6,100,0.0026628238133751,33179,1,35,0.6666666666666666,2,33179,0.55,0.0,0.75,35.0,repeated_lesion,30.0,0.45,0.2,0.1,0.002,8.0
72,500,0.4221433388946407,0.5,-0.3150126919234183,0.0495013468047272,0.125,0.2668756340856559,hex_cells__ql__plastic__intr1__struct0__alpha_async__repeated_lesion__s2__ebb511e165,0.0089497877700406,-0.0015883624879657,0.25,False,0.6353522710881843,0.003,0.016,ql,0.68,hex_cells,50,100,0.9,0.4337269350720219,0.3,1,0.42,0.08,280,0.4187029402139076,0.2,20,1.2617477200149068,2.4646252151641697e-18,0.2,plastic,secondary,0.0051792862084165,False,alpha_async,50,250,390,2,-1,1.0,0.6,0.6,100,0.0086969068417189,0,0,35,1.0,2,0,0.55,0.0,0.75,35.0,repeated_lesion,30.0,0.45,0.2,0.1,0.002,8.0
72,500,0.3542953922490121,0.5,0.0111318230373224,0.0,0.125,0.0,honeycomb__markov__plastic__intr0__struct1__synchronous__repeated_lesion__s2__2331fd5dfc,-0.0048996779454543,-0.0086111943573159,0.25,False,0.7235635199847517,0.003,0.016,markov,0.68,honeycomb,50,100,0.9,0.2805184631456526,0.3,0,0.42,0.08,280,0.3541954879799609,0.2,20,1.4062726317573702,2.061346426205932e-18,0.2,plastic,secondary,0.0155193877266409,False,synchronous,50,250,390,2,-1,1.0,0.6,0.6,100,0.0019945410433552,19313,1,35,0.6666666666666666,2,19313,0.55,0.0,0.75,35.0,repeated_lesion,30.0,0.45,0.2,0.1,0.002,8.0
72,500,0.3399354765156878,0.5,-0.0321880690372634,0.2470086372329525,0.125,0.0,honeycomb__markov__plastic__intr1__struct1__block_async__repeated_lesion__s2__5655458429,-0.0140876330283668,-0.0001335841712728,0.25,False,0.6849389423973303,0.003,0.016,markov,0.68,honeycomb,50,100,0.9,0.295449540692722,0.3,1,0.42,0.08,280,0.3372263507453383,0.2,20,1.431360553347845,2.0455846091408826e-18,0.2,plastic,secondary,-0.0317269838898916,False,block_async,50,250,390,2,-1,1.0,0.6,0.6,100,0.0015971739439399,20175,1,35,0.6666666666666666,2,20175,0.55,0.0,0.75,35.0,repeated_lesion,30.0,0.45,0.2,0.1,0.002,8.0
72,500,0.3875988128385811,0.5,-0.1914845458335617,0.0805101037170081,0.125,0.2898573136869776,honeycomb__ql__plastic__intr1__struct0__alpha_async__repeated_lesion__s2__2937957833,0.0082049351564288,-0.0047502692677193,0.25,False,0.7112832982533045,0.003,0.016,ql,0.68,honeycomb,50,100,0.9,0.3439865456170239,0.3,1,0.42,0.08,280,0.3841683676916514,0.2,20,1.5146440167895685,2.0852610400913416e-18,0.2,plastic,secondary,-0.0081952868526749,False,alpha_async,50,250,390,2,-1,1.0,0.6,0.6,100,0.0023808880669178,0,0,35,1.0,2,0,0.55,0.0,0.75,35.0,repeated_lesion,30.0,0.45,0.2,0.1,0.002,8.0
72,500,0.4100330867667151,0.5,0.3898682334071454,0.0,0.125,0.0,extended_moore_r2__markov__plastic__intr0__struct1__synchronous__repeated_lesion__s2__ee3ff5b0b2,-0.0136794206834103,-0.0382680188136159,0.25,False,0.8596232243089302,0.003,0.016,markov,0.68,extended_moore_r2,50,100,0.9,0.1601506461222843,0.3,0,0.42,0.08,280,0.4152292095439634,0.2,20,1.116553674491794,4.221091310444787e-18,0.2,plastic,secondary,-0.0047070607084944,False,synchronous,50,250,390,2,-1,1.0,0.6,0.6,100,0.0103548485651034,39416,1,35,0.7499437371399177,2,39215,0.55,0.0,0.75,35.0,repeated_lesion,30.0,0.45,0.2,0.1,0.002,8.0
72,500,0.2923005113811815,0.5,-0.202621979495764,0.1499741190006843,0.125,0.0,extended_moore_r2__markov__plastic__intr1__struct1__block_async__repeated_lesion__s2__d6abfbb7bc,0.0266448405781517,0.0053059881585083,0.25,False,0.6260468078540795,0.003,0.016,markov,0.68,extended_moore_r2,50,100,0.9,0.2999486158177048,0.3,1,0.42,0.08,280,0.291405502885845,0.2,20,0.7955666584873181,3.732502815066678e-18,0.2,plastic,secondary,0.0231615006142257,False,block_async,50,250,390,2,-1,1.0,0.6,0.6,100,0.0232658838045848,39175,1,35,0.7408532664609053,2,36193,0.55,0.0,0.75,35.0,repeated_lesion,30.0,0.45,0.2,0.1,0.002,8.0
72,500,0.4037431212789963,0.5,-0.0444171513240516,0.0396397493262376,0.125,0.1607322825026027,extended_moore_r2__ql__plastic__intr1__struct0__alpha_async__repeated_lesion__s2__428c606753,-0.0328498231832133,-0.0260368510285039,0.25,False,0.7907355854242359,0.003,0.016,ql,0.68,extended_moore_r2,50,100,0.9,0.2714434010404161,0.3,1,0.42,0.08,280,0.4102034855244433,0.2,20,0.6863165440095913,3.632793453186948e-18,0.2,plastic,secondary,-0.0418223255613069,False,alpha_async,50,250,390,2,-1,1.0,0.6,0.6,100,0.0161262898218005,0,0,35,0.9596997170781894,2,0,0.55,0.0,0.75,35.0,repeated_lesion,30.0,0.45,0.2,0.1,0.002,8.0
72,500,0.4227950310567424,0.5,0.3751820301524816,0.0,0.125,0.0,extended_hex_r2__markov__plastic__intr0__struct1__synchronous__repeated_lesion__s2__a03824d68d,0.0172332793628678,0.007498945031139,0.25,False,0.8631052389879684,0.003,0.016,markov,0.68,extended_hex_r2,50,100,0.9,0.1659874953653755,0.3,0,0.42,0.08,280,0.4152850267629813,0.2,20,1.168772440301018,3.7162423239576644e-18,0.2,plastic,secondary,-0.0042398589729771,False,synchronous,50,250,390,2,-1,1.0,0.6,0.6,100,0.0092704405686642,37989,1,35,0.7777777777777778,2,37982,0.55,0.0,0.75,35.0,repeated_lesion,30.0,0.45,0.2,0.1,0.002,8.0
72,500,0.3405701637815584,0.5,-0.1655403117590032,0.1244122213166901,0.125,0.0,extended_hex_r2__markov__plastic__intr1__struct1__block_async__repeated_lesion__s2__425838b200,0.0193004668698595,-0.0018261136823812,0.25,False,0.7011309444638755,0.003,0.016,markov,0.68,extended_hex_r2,50,100,0.9,0.2990474877233122,0.3,1,0.42,0.08,280,0.3392719894088566,0.2,20,0.3517718354428188,2.5007956022058016e-18,0.2,plastic,secondary,0.0130933998663177,False,block_async,50,250,390,2,-1,1.0,0.6,0.6,100,0.0131318264051948,38051,1,35,0.7764703360768176,2,37613,0.55,0.0,0.75,35.0,repeated_lesion,30.0,0.45,0.2,0.1,0.002,8.0
72,500,0.4778563676076609,0.5,-0.0435088483207939,0.0292772352331711,0.125,0.1323338674282964,extended_hex_r2__ql__plastic__intr1__struct0__alpha_async__repeated_lesion__s2__a68f84f572,-0.0160835260172817,-0.0060784393580145,0.25,False,0.8463438490633273,0.003,0.016,ql,0.68,extended_hex_r2,50,100,0.9,0.2508219523010607,0.3,1,0.42,0.08,280,0.43833154746582,0.2,20,0.8251874070509612,2.3720766721498372e-18,0.2,plastic,secondary,0.0142350229479747,False,alpha_async,50,250,390,2,-1,1.0,0.6,0.6,100,0.0026668773235244,0,0,35,0.9891117969821672,2,0,0.55,0.0,0.75,35.0,repeated_lesion,30.0,0.45,0.2,0.1,0.002,8.0
72,500,0.4151868113759375,0.5,0.3168012160731154,0.0,0.125,0.0,honeycomb_nnn__markov__plastic__intr0__struct1__synchronous__repeated_lesion__s2__b259a49866,-0.0120398246954479,-0.010943453584165,0.25,False,0.8484221983608302,0.003,0.016,markov,0.68,honeycomb_nnn,50,100,0.9,0.1822864479676983,0.3,0,0.42,0.08,280,0.4185666117766186,0.2,20,1.184543252671847,3.0621041168505e-18,0.2,plastic,secondary,0.0012278419222429,False,synchronous,50,250,390,2,-1,1.0,0.6,0.6,100,0.005040124973113,31261,1,35,0.7777777777777778,2,31261,0.55,0.0,0.75,35.0,repeated_lesion,30.0,0.45,0.2,0.1,0.002,8.0
72,500,0.3744013487420271,0.5,-0.2386701511434258,0.1179066494737536,0.125,0.0,honeycomb_nnn__markov__plastic__intr1__struct1__block_async__repeated_lesion__s2__4dc2d6b91a,0.0191187211487591,0.0088282929030524,0.25,False,0.6068675160128418,0.003,0.016,markov,0.68,honeycomb_nnn,50,100,0.9,0.4028516895840505,0.3,1,0.42,0.08,280,0.3754250534098383,0.2,20,0.9514529728248408,1.809049339337927e-18,0.2,plastic,secondary,0.0254001061949034,False,block_async,50,250,390,2,-1,1.0,0.6,0.6,100,0.0186123761942306,33235,1,35,0.7777777777777778,2,33235,0.55,0.0,0.75,35.0,repeated_lesion,30.0,0.45,0.2,0.1,0.002,8.0
72,500,0.3953889876494544,0.5,-0.2277446421774031,0.054036361311643,0.125,0.2397135520480736,honeycomb_nnn__ql__plastic__intr1__struct0__alpha_async__repeated_lesion__s2__05362be322,0.0085166811367947,0.0064894263646391,0.25,False,0.6953737763947992,0.003,0.016,ql,0.68,honeycomb_nnn,50,100,0.9,0.362817777144525,0.3,1,0.42,0.08,280,0.3944750202045565,0.2,20,0.8299866936181722,2.932339975100014e-18,0.2,plastic,secondary,0.0123969181966905,False,alpha_async,50,250,390,2,-1,1.0,0.6,0.6,100,0.026308029396197,0,0,35,0.9986496913580248,2,0,0.55,0.0,0.75,35.0,repeated_lesion,30.0,0.45,0.2,0.1,0.002,8.0
72,500,0.3047650702929008,0.5,0.2705061232469405,0.0,0.125,0.0,square_vn__markov__plastic__intr0__struct1__synchronous__repeated_lesion__s3__37ff5a5706,0.0778242913010164,0.0848626138744209,0.25,False,0.5836784953129487,0.003,0.016,markov,0.68,square_vn,50,100,0.9,0.2394862031891716,0.3,0,0.42,0.08,280,0.3176916537108459,0.2,20,1.49099056040418,2.4125386543432844e-18,0.2,plastic,secondary,0.0336880426652493,False,synchronous,50,250,390,3,-1,1.0,0.6,0.6,100,0.0477083641432876,17752,1,35,0.75,2,17752,0.55,0.0,0.75,35.0,repeated_lesion,30.0,0.45,0.2,0.1,0.002,8.0
72,500,0.3837338296418302,0.5,-0.2167853612610022,0.2092031269602846,0.125,0.0,square_vn__markov__plastic__intr1__struct1__block_async__repeated_lesion__s3__a2b6d3724a,0.0209839263921922,0.0094789755342002,0.25,False,0.7159473808244303,0.003,0.016,markov,0.68,square_vn,50,100,0.9,0.3444770204101386,0.3,1,0.42,0.08,280,0.3846277888178358,0.2,20,1.4285424315936328,2.2716980010804843e-18,0.2,plastic,secondary,0.0305199299781782,False,block_async,50,250,390,3,-1,1.0,0.6,0.6,100,0.0022055756682372,24745,1,35,0.75,2,24745,0.55,0.0,0.75,35.0,repeated_lesion,30.0,0.45,0.2,0.1,0.002,8.0
72,500,0.3953354772235375,0.5,-0.2296909438307059,0.0828799794578881,0.125,0.2729159884469241,square_vn__ql__plastic__intr1__struct0__alpha_async__repeated_lesion__s3__dbc550aadc,0.011724281079108,0.0102801856207348,0.25,False,0.7212284641138123,0.003,0.016,ql,0.68,square_vn,50,100,0.9,0.3511213472182719,0.3,1,0.42,0.08,280,0.3895179097362523,0.2,20,1.4531613584599163,2.013512013369225e-18,0.2,plastic,secondary,0.0117837212920027,False,alpha_async,50,250,390,3,-1,1.0,0.6,0.6,100,0.002973198631756,0,0,35,1.0,2,0,0.55,0.0,0.75,35.0,repeated_lesion,30.0,0.45,0.2,0.1,0.002,8.0
72,500,0.4181044944007805,0.5,0.1571806975487683,0.0,0.125,0.0,square_moore__markov__plastic__intr0__struct1__synchronous__repeated_lesion__s3__caab9b64a1,-0.0080899414298306,-0.0130943280175841,0.25,False,0.8261744045178052,0.003,0.016,markov,0.68,square_moore,50,100,0.9,0.2194490248186284,0.3,0,0.42,0.08,280,0.4225310758829654,0.2,20,1.1712741898370107,2.658307216295963e-18,0.2,plastic,secondary,-0.0076562229263149,False,synchronous,50,250,390,3,-1,1.0,0.6,0.6,100,0.0036741244901817,32027,1,35,0.75,2,32027,0.55,0.0,0.75,35.0,repeated_lesion,30.0,0.45,0.2,0.1,0.002,8.0
72,500,0.3565959589246718,0.5,-0.3695195934449803,0.1154856415654911,0.125,0.0,square_moore__markov__plastic__intr1__struct1__block_async__repeated_lesion__s3__36ff7a413d,-0.003505474505638,0.0014046271438578,0.25,False,0.4939728475413857,0.003,0.016,markov,0.68,square_moore,50,100,0.9,0.4818066478325599,0.3,1,0.42,0.08,280,0.3562487136663621,0.2,20,1.5471994779783032,3.1796706674652696e-18,0.2,plastic,secondary,-0.0082189099346701,False,block_async,50,250,390,3,-1,1.0,0.6,0.6,100,0.0683808301282524,28802,1,35,0.75,2,28802,0.55,0.0,0.75,35.0,repeated_lesion,30.0,0.45,0.2,0.1,0.002,8.0
72,500,0.3919988808113996,0.5,-0.3572287503782638,0.0625277218455925,0.125,0.2771775874529701,square_moore__ql__plastic__intr1__struct0__alpha_async__repeated_lesion__s3__b9255cd7bc,0.0046263930733819,-0.0031787222630748,0.25,False,0.5823099150374491,0.003,0.016,ql,0.68,square_moore,50,100,0.9,0.4595133618298738,0.3,1,0.42,0.08,280,0.3915760368445736,0.2,20,1.5174268634449215,3.1782816598116007e-18,0.2,plastic,secondary,0.0183258769901774,False,alpha_async,50,250,390,3,-1,1.0,0.6,0.6,100,0.0357171560964552,0,0,35,0.9985050154320988,2,0,0.55,0.0,0.75,35.0,repeated_lesion,30.0,0.45,0.2,0.1,0.002,8.0
72,500,0.3958995873774774,0.5,0.1088283380236102,0.0,0.125,0.0,hex_cells__markov__plastic__intr0__struct1__synchronous__repeated_lesion__s3__8934a4b8d6,0.036370239967036,0.0299506714549292,0.25,False,0.7199035636935484,0.003,0.016,markov,0.68,hex_cells,50,100,0.9,0.2718065734218364,0.3,0,0.42,0.08,280,0.4020752044577005,0.2,20,1.2853053310317208,2.3170533660321252e-18,0.2,plastic,secondary,0.0207581914495682,False,synchronous,50,250,390,3,-1,1.0,0.6,0.6,100,0.016325203540529,27706,1,35,0.6666666666666666,2,27706,0.55,0.0,0.75,35.0,repeated_lesion,30.0,0.45,0.2,0.1,0.002,8.0
72,500,0.4150708931017861,0.5,-0.2293720187972225,0.1511821715831829,0.125,0.0,hex_cells__markov__plastic__intr1__struct1__block_async__repeated_lesion__s3__71af7caeb0,0.013426972928861,0.0112606266850877,0.25,False,0.669302393409652,0.003,0.016,markov,0.68,hex_cells,50,100,0.9,0.3902465229325444,0.3,1,0.42,0.08,280,0.4173764961544282,0.2,20,1.0977578358968507,1.556400542855012e-18,0.2,plastic,secondary,0.0163462737504146,False,block_async,50,250,390,3,-1,1.0,0.6,0.6,100,0.0027006189148432,33398,1,35,0.6666666666666666,2,33398,0.55,0.0,0.75,35.0,repeated_lesion,30.0,0.45,0.2,0.1,0.002,8.0
72,500,0.424582812720249,0.5,-0.3202930425806017,0.049259766512372,0.125,0.2690969189547894,hex_cells__ql__plastic__intr1__struct0__alpha_async__repeated_lesion__s3__577b4302c6,0.0001201427377151,0.0063715475834812,0.25,False,0.6239442117011196,0.003,0.016,ql,0.68,hex_cells,50,100,0.9,0.4435317280157795,0.3,1,0.42,0.08,280,0.4202582501117356,0.2,20,1.2716894709218447,2.185528961673357e-18,0.2,plastic,secondary,0.0076186578462096,False,alpha_async,50,250,390,3,-1,1.0,0.6,0.6,100,0.0052638925219849,0,0,35,1.0,2,0,0.55,0.0,0.75,35.0,repeated_lesion,30.0,0.45,0.2,0.1,0.002,8.0
72,500,0.3574262411649322,0.5,0.0046282952330589,0.0,0.125,0.0,honeycomb__markov__plastic__intr0__struct1__synchronous__repeated_lesion__s3__dcd6e401bf,0.0042885671762778,0.0016825309442526,0.25,False,0.7275795266755029,0.003,0.016,markov,0.68,honeycomb,50,100,0.9,0.2817856849272052,0.3,0,0.42,0.08,280,0.3568737573224049,0.2,20,1.4093736103443173,1.7646392756495396e-18,0.2,plastic,secondary,-0.0163060844203691,False,synchronous,50,250,390,3,-1,1.0,0.6,0.6,100,0.0019003313866747,19629,1,35,0.6666666666666666,2,19629,0.55,0.0,0.75,35.0,repeated_lesion,30.0,0.45,0.2,0.1,0.002,8.0
72,500,0.3359633064566297,0.5,-0.0273803129753701,0.2345270131922506,0.125,0.0,honeycomb__markov__plastic__intr1__struct1__block_async__repeated_lesion__s3__64f2faf387,-0.004217964942305,0.0122564340694257,0.25,False,0.6795169252615629,0.003,0.016,markov,0.68,honeycomb,50,100,0.9,0.2941086225277661,0.3,1,0.42,0.08,280,0.3347988691293093,0.2,20,1.4372434721256533,1.836880671945502e-18,0.2,plastic,secondary,0.0249379722242054,False,block_async,50,250,390,3,-1,1.0,0.6,0.6,100,0.0019364221401271,20997,1,35,0.6666666666666666,2,20997,0.55,0.0,0.75,35.0,repeated_lesion,30.0,0.45,0.2,0.1,0.002,8.0
72,500,0.3890589724635787,0.5,-0.1940565107094989,0.0818046448818497,0.125,0.2931381707411545,honeycomb__ql__plastic__intr1__struct0__alpha_async__repeated_lesion__s3__a277eabfac,0.0129624881507258,0.0122975769071204,0.25,False,0.7078232944246675,0.003,0.016,ql,0.68,honeycomb,50,100,0.9,0.3473298554395897,0.3,1,0.42,0.08,280,0.3829417956006097,0.2,20,1.512934294980382,1.333826893211974e-18,0.2,plastic,secondary,0.0295771426676499,False,alpha_async,50,250,390,3,-1,1.0,0.6,0.6,100,0.0026749992442888,0,0,35,1.0,2,0,0.55,0.0,0.75,35.0,repeated_lesion,30.0,0.45,0.2,0.1,0.002,8.0
72,500,0.4191351774597643,0.5,0.3775296421651404,0.0,0.125,0.0,extended_moore_r2__markov__plastic__intr0__struct1__synchronous__repeated_lesion__s3__8439b3befe,0.0069583791152936,-0.01525986487988,0.25,False,0.8678375519502414,0.003,0.016,markov,0.68,extended_moore_r2,50,100,0.9,0.1612480474874753,0.3,0,0.42,0.08,280,0.4163889174245421,0.2,20,1.0771055761097212,3.828089531201616e-18,0.2,plastic,secondary,-0.0643393531551393,False,synchronous,50,250,390,3,-1,1.0,0.6,0.6,100,0.0131941672145686,39703,1,35,0.7499115869341564,2,39552,0.55,0.0,0.75,35.0,repeated_lesion,30.0,0.45,0.2,0.1,0.002,8.0
72,500,0.2915295141109103,0.5,-0.2016906997701565,0.1493801821829647,0.125,0.0,extended_moore_r2__markov__plastic__intr1__struct1__block_async__repeated_lesion__s3__aeb76cd674,0.0244458419793509,0.0009649134659531,0.25,False,0.6271489738944667,0.003,0.016,markov,0.68,extended_moore_r2,50,100,0.9,0.2980082566913684,0.3,1,0.42,0.08,280,0.2899345675128388,0.2,20,0.8047700085121944,5.325083857029687e-18,0.2,plastic,secondary,0.020196665107946,False,block_async,50,250,390,3,-1,1.0,0.6,0.6,100,0.0360848372271877,39508,1,35,0.7403870884773662,2,36446,0.55,0.0,0.75,35.0,repeated_lesion,30.0,0.45,0.2,0.1,0.002,8.0
72,500,0.4578696629469327,0.5,-0.0271911880104333,0.0382853080474956,0.125,0.1447585826126377,extended_moore_r2__ql__plastic__intr1__struct0__alpha_async__repeated_lesion__s3__8af366f6e7,-0.0955256284033942,-0.077181410122852,0.25,False,0.8192783642957089,0.003,0.016,ql,0.68,extended_moore_r2,50,100,0.9,0.2641913473068313,0.3,1,0.42,0.08,280,0.4211161278202718,0.2,20,0.8776318160790069,3.171011327979951e-18,0.2,plastic,secondary,-0.0234875597717696,False,alpha_async,50,250,390,3,-1,1.0,0.6,0.6,100,0.0084390834666236,0,0,35,0.968774112654321,2,0,0.55,0.0,0.75,35.0,repeated_lesion,30.0,0.45,0.2,0.1,0.002,8.0
72,500,0.4155768795312484,0.5,0.3761389748897031,0.0,0.125,0.0,extended_hex_r2__markov__plastic__intr0__struct1__synchronous__repeated_lesion__s3__8916c78f8e,-0.0394090051970759,-0.0140300184554349,0.25,False,0.86165890264529,0.003,0.016,markov,0.68,extended_hex_r2,50,100,0.9,0.164031932989164,0.3,0,0.42,0.08,280,0.4150311172171118,0.2,20,1.118236750894881,3.5037818820478774e-18,0.2,plastic,secondary,0.0865799481786178,False,synchronous,50,250,390,3,-1,1.0,0.6,0.6,100,0.0106180927482973,38147,1,35,0.7777777777777778,2,38140,0.55,0.0,0.75,35.0,repeated_lesion,30.0,0.45,0.2,0.1,0.002,8.0
72,500,0.3394922559538905,0.5,-0.1633931904122031,0.1256357540395963,0.125,0.0,extended_hex_r2__markov__plastic__intr1__struct1__block_async__repeated_lesion__s3__7e35599712,0.0331570936376395,0.0071286380080972,0.25,False,0.7045093255196124,0.003,0.016,markov,0.68,extended_hex_r2,50,100,0.9,0.2944756604832012,0.3,1,0.42,0.08,280,0.3384615072101995,0.2,20,0.3558130219643032,2.5553759742677884e-18,0.2,plastic,secondary,0.0304122652203703,False,block_async,50,250,390,3,-1,1.0,0.6,0.6,100,0.0097253599844594,38224,1,35,0.7765024862825789,2,37762,0.55,0.0,0.75,35.0,repeated_lesion,30.0,0.45,0.2,0.1,0.002,8.0
72,500,0.4105505754622914,0.5,-0.0410988486695204,0.029400102381735,0.125,0.1399505313311711,extended_hex_r2__ql__plastic__intr1__struct0__alpha_async__repeated_lesion__s3__b6bf67a5b4,0.0092666801428606,0.005196573264395,0.25,False,0.8286422238495994,0.003,0.016,ql,0.68,extended_hex_r2,50,100,0.9,0.2448668896533708,0.3,1,0.42,0.08,280,0.4397061190479402,0.2,20,0.3565413625954342,2.622077311686969e-18,0.2,plastic,secondary,-0.0959646794416825,False,alpha_async,50,250,390,3,-1,1.0,0.6,0.6,100,0.0041272610481252,0,0,35,0.9888331618655692,2,0,0.55,0.0,0.75,35.0,repeated_lesion,30.0,0.45,0.2,0.1,0.002,8.0
72,500,0.4171383981181537,0.5,0.3094778808606128,0.0,0.125,0.0,honeycomb_nnn__markov__plastic__intr0__struct1__synchronous__repeated_lesion__s3__fb2507f5de,0.0076177799625875,0.0244582441976769,0.25,False,0.8506955054476204,0.003,0.016,markov,0.68,honeycomb_nnn,50,100,0.9,0.1829558729986026,0.3,0,0.42,0.08,280,0.4180372670244496,0.2,20,1.1638955180781765,2.686137550513128e-18,0.2,plastic,secondary,-0.0062006702310981,False,synchronous,50,250,390,3,-1,1.0,0.6,0.6,100,0.0053629463190114,31118,1,35,0.7777777777777778,2,31118,0.55,0.0,0.75,35.0,repeated_lesion,30.0,0.45,0.2,0.1,0.002,8.0
72,500,0.3746601206707557,0.5,-0.2368156667831357,0.1170743788078611,0.125,0.0,honeycomb_nnn__markov__plastic__intr1__struct1__block_async__repeated_lesion__s3__9e4196ea4e,0.0280623543756993,0.0030394395832648,0.25,False,0.6165034310471555,0.003,0.016,markov,0.68,honeycomb_nnn,50,100,0.9,0.3973429874290818,0.3,1,0.42,0.08,280,0.3759836991384623,0.2,20,0.9373682214332756,2.2192956360620584e-18,0.2,plastic,secondary,0.0366964085161057,False,block_async,50,250,390,3,-1,1.0,0.6,0.6,100,0.0100494768322681,33515,1,35,0.7777777777777778,2,33514,0.55,0.0,0.75,35.0,repeated_lesion,30.0,0.45,0.2,0.1,0.002,8.0
72,500,0.3958304050802616,0.5,-0.2319373700768142,0.0541162490403769,0.125,0.2440688106326239,honeycomb_nnn__ql__plastic__intr1__struct0__alpha_async__repeated_lesion__s3__73a94f88b4,0.011417853235906,-0.0028607421878947,0.25,False,0.68895022639304,0.003,0.016,ql,0.68,honeycomb_nnn,50,100,0.9,0.3689476959186943,0.3,1,0.42,0.08,280,0.3960063332243546,0.2,20,0.8596915314531038,2.7853977020798048e-18,0.2,plastic,secondary,0.0036262613212662,False,alpha_async,50,250,390,3,-1,1.0,0.6,0.6,100,0.0169622446403266,0,0,35,0.9991426611796982,2,0,0.55,0.0,0.75,35.0,repeated_lesion,30.0,0.45,0.2,0.1,0.002,8.0
72,500,0.1593832823510461,0.5,0.4746448944342357,0.0,0.125,0.0,square_vn__markov__plastic__intr0__struct1__alpha_async__lesion__s1__fb965f33a3,0.2179698539640329,0.207318660816884,0.25,False,0.2917879111753348,0.003,0.016,markov,0.68,square_vn,50,100,0.9,0.1404833677065111,0.3,0,0.42,0.08,280,0.1521736198628691,0.2,20,1.1952541778263883,3.5951728768019215e-18,0.2,plastic,secondary,0.1902986858803154,False,alpha_async,50,250,390,1,-1,1.0,0.6,0.6,100,0.0878868259668642,12905,1,35,0.75,2,12905,0.55,0.0,0.75,35.0,lesion,30.0,0.45,0.2,0.1,0.002,8.0
72,500,0.3917918028883427,0.5,-0.1075225449109525,0.0,0.125,0.2535092791823809,square_vn__ql__plastic__intr0__struct0__synchronous__lesion__s1__8d91c291e7,0.0004542555212674,0.0029012120408794,0.25,False,0.7646147578016856,0.003,0.016,ql,0.68,square_vn,50,100,0.9,0.2978516518942104,0.3,0,0.42,0.08,280,0.3957794630945817,0.2,20,1.4315682741087647,1.2356281546265872e-18,0.2,plastic,secondary,0.0178615011829128,False,synchronous,50,250,390,1,-1,1.0,0.6,0.6,100,0.0028587262030209,0,0,35,1.0,2,0,0.55,0.0,0.75,35.0,lesion,30.0,0.45,0.2,0.1,0.002,8.0
72,500,0.3921739011450352,0.5,-0.2643749180860836,0.1104110790267693,0.125,0.2711306153978308,square_vn__ql__plastic__intr1__struct0__block_async__lesion__s1__bc910bd37d,0.0134935105218917,-0.0055833075342401,0.25,False,0.7378766550975022,0.003,0.016,ql,0.68,square_vn,50,100,0.9,0.3457616822988196,0.3,1,0.42,0.08,280,0.3927841286227282,0.2,20,1.4487536397427845,1.894074292192316e-18,0.2,plastic,secondary,0.0264663660554081,False,block_async,50,250,390,1,-1,1.0,0.6,0.6,100,0.0027501377374126,0,0,35,1.0,2,0,0.55,0.0,0.75,35.0,lesion,30.0,0.45,0.2,0.1,0.002,8.0
72,500,0.3686388382430388,0.5,-0.171694318203597,0.0,0.125,0.0,square_moore__markov__plastic__intr0__struct1__alpha_async__lesion__s1__9f44ac7fad,0.0207304481966491,0.0261331902676578,0.25,False,0.5148902292443008,0.003,0.016,markov,0.68,square_moore,50,100,0.9,0.4200832655550731,0.3,0,0.42,0.08,280,0.3494978054899942,0.2,20,1.5113884924206975,3.178304387251157e-18,0.2,plastic,secondary,0.0058415603980601,False,alpha_async,50,250,390,1,-1,1.0,0.6,0.6,100,0.0170030771899835,24787,1,35,0.75,2,24787,0.55,0.0,0.75,35.0,lesion,30.0,0.45,0.2,0.1,0.002,8.0
72,500,0.4110246644540342,0.5,0.3478245741063771,0.0,0.125,0.2103903511983589,square_moore__ql__plastic__intr0__struct0__synchronous__lesion__s1__1e428371ee,-0.0014719815430115,0.0003979833032848,0.25,False,0.8415347400772564,0.003,0.016,ql,0.68,square_moore,50,100,0.9,0.1798038597740902,0.3,0,0.42,0.08,280,0.4118392558846675,0.2,20,1.24077788710256,3.067544896685561e-18,0.2,plastic,secondary,-0.0415255570725573,False,synchronous,50,250,390,1,-1,1.0,0.6,0.6,100,0.0045154816674246,0,0,35,1.0,2,0,0.55,0.0,0.75,35.0,lesion,30.0,0.45,0.2,0.1,0.002,8.0
72,500,0.3777037815066125,0.5,-0.3673661865443197,0.0632245882250843,0.125,0.2763266285762626,square_moore__ql__plastic__intr1__struct0__block_async__lesion__s1__32890f38e7,0.0055209848945011,-0.0061034147727071,0.25,False,0.5979751713894794,0.003,0.016,ql,0.68,square_moore,50,100,0.9,0.4453354960102776,0.3,1,0.42,0.08,280,0.3767474305616371,0.2,20,1.5205325638559355,3.3125280889369443e-18,0.2,plastic,secondary,0.0189393059909039,False,block_async,50,250,390,1,-1,1.0,0.6,0.6,100,0.0602222194259694,0,0,35,0.9976610725308642,2,0,0.55,0.0,0.75,35.0,lesion,30.0,0.45,0.2,0.1,0.002,8.0
72,500,0.2655635912515364,0.5,0.3072797670452618,0.0,0.125,0.0,hex_cells__markov__plastic__intr0__struct1__alpha_async__lesion__s1__05624535c7,0.1511445095587238,0.1326849914717509,0.25,False,0.4387856800565079,0.003,0.016,markov,0.68,hex_cells,50,100,0.9,0.239567526976538,0.3,0,0.42,0.08,280,0.2531031556631134,0.2,20,1.4337355400175107,3.101567770415068e-18,0.2,plastic,secondary,0.1141692056914902,False,alpha_async,50,250,390,1,-1,1.0,0.6,0.6,100,0.0925275025991562,21984,1,35,0.6666666666666666,2,21984,0.55,0.0,0.75,35.0,lesion,30.0,0.45,0.2,0.1,0.002,8.0
72,500,0.4370154090645857,0.5,-0.2536105388667184,0.0,0.125,0.2427740191517333,hex_cells__ql__plastic__intr0__struct0__synchronous__lesion__s1__a0ee29ab25,0.0046580282548326,0.0045739044921357,0.25,False,0.7018929809046179,0.003,0.016,ql,0.68,hex_cells,50,100,0.9,0.3735960778039978,0.3,0,0.42,0.08,280,0.438681726633086,0.2,20,1.2950462456760805,2.2290984997837006e-18,0.2,plastic,secondary,-0.0014490815499793,False,synchronous,50,250,390,1,-1,1.0,0.6,0.6,100,0.0170398380852605,0,0,35,1.0,2,0,0.55,0.0,0.75,35.0,lesion,30.0,0.45,0.2,0.1,0.002,8.0
72,500,0.4102263458038653,0.5,-0.3050286367954418,0.060714695547598,0.125,0.2775064296551164,hex_cells__ql__plastic__intr1__struct0__block_async__lesion__s1__a34ed88e84,0.0243849996184054,-0.0015246746564803,0.25,False,0.6536498174587252,0.003,0.016,ql,0.68,hex_cells,50,100,0.9,0.41403420321938,0.3,1,0.42,0.08,280,0.4118242263015144,0.2,20,1.2465179487127738,2.0434294482730663e-18,0.2,plastic,secondary,0.0179682704741786,False,block_async,50,250,390,1,-1,1.0,0.6,0.6,100,0.0063058145651893,0,0,35,0.9999678497942388,2,0,0.55,0.0,0.75,35.0,lesion,30.0,0.45,0.2,0.1,0.002,8.0
72,500,0.1370726229163386,0.5,0.4377577807897775,0.0,0.125,0.0,honeycomb__markov__plastic__intr0__struct1__alpha_async__lesion__s1__5e1ef5f0f8,0.1517145597799619,0.1520431594311181,0.25,False,0.2669254069977292,0.003,0.016,markov,0.68,honeycomb,50,100,0.9,0.1315629954067176,0.3,0,0.42,0.08,280,0.1320320137286113,0.2,20,1.0387285912084727,1.795005490638766e-18,0.2,plastic,secondary,0.095740895434216,False,alpha_async,50,250,390,1,-1,1.0,0.6,0.6,100,0.1271733151643507,9738,1,35,0.6666666666666666,2,9738,0.55,0.0,0.75,35.0,lesion,30.0,0.45,0.2,0.1,0.002,8.0
72,500,0.3980265792914665,0.5,-0.1093624225124108,0.0,0.125,0.2614437713246207,honeycomb__ql__plastic__intr0__struct0__synchronous__lesion__s1__01e270d266,-0.0020473964735427,0.0027438293686403,0.25,False,0.756277299746596,0.003,0.016,ql,0.68,honeycomb,50,100,0.9,0.3060898699786781,0.3,0,0.42,0.08,280,0.3963662394949531,0.2,20,1.4707250242896657,2.097038160916817e-18,0.2,plastic,secondary,-0.0253266311085895,False,synchronous,50,250,390,1,-1,1.0,0.6,0.6,100,0.0024207106550682,0,0,35,1.0,2,0,0.55,0.0,0.75,35.0,lesion,30.0,0.45,0.2,0.1,0.002,8.0
72,500,0.3912607959843774,0.5,-0.2364345703860376,0.1127465513814161,0.125,0.2818501947032029,honeycomb__ql__plastic__intr1__struct0__block_async__lesion__s1__a3cc002d6d,0.0163610971291745,0.0118246312103144,0.25,False,0.7271386364298138,0.003,0.016,ql,0.68,honeycomb,50,100,0.9,0.3440637987490224,0.3,1,0.42,0.08,280,0.3900398081803346,0.2,20,1.5014360311321209,2.405509593830359e-18,0.2,plastic,secondary,0.0002937456248272,False,block_async,50,250,390,1,-1,1.0,0.6,0.6,100,0.0032071300114122,0,0,35,1.0,2,0,0.55,0.0,0.75,35.0,lesion,30.0,0.45,0.2,0.1,0.002,8.0
72,500,0.4340966493806693,0.5,-0.0571110052309361,0.0,0.125,0.0,extended_moore_r2__markov__plastic__intr0__struct1__alpha_async__lesion__s1__ed9afef8e3,0.0061070161166131,-0.003367213436485,0.25,False,0.8135553748865778,0.003,0.016,markov,0.68,extended_moore_r2,50,100,0.9,0.2723606666897527,0.3,0,0.42,0.08,280,0.4269276535590001,0.2,20,0.7548111291239736,3.2534806268257493e-18,0.2,plastic,secondary,-0.0278831187882002,False,alpha_async,50,250,390,1,-1,1.0,0.6,0.6,100,0.0160034693675277,39383,1,35,0.7495418595679012,2,38828,0.55,0.0,0.75,35.0,lesion,30.0,0.45,0.2,0.1,0.002,8.0
72,500,0.4105865193427459,0.5,0.4198508223720093,0.0,0.125,0.2036415737818465,extended_moore_r2__ql__plastic__intr0__struct0__synchronous__lesion__s1__d1562e3450,-0.0533551496608718,-0.0080855795056564,0.25,False,0.8564686289660841,0.003,0.016,ql,0.68,extended_moore_r2,50,100,0.9,0.1566638476065053,0.3,0,0.42,0.08,280,0.4101410499498661,0.2,20,1.18677261175224,4.000721918775686e-18,0.2,plastic,secondary,-0.0376544011125013,False,synchronous,50,250,390,1,-1,1.0,0.6,0.6,100,0.012009035939868,0,0,35,0.9844955632716048,2,0,0.55,0.0,0.75,35.0,lesion,30.0,0.45,0.2,0.1,0.002,8.0
72,500,0.2726830756722863,0.5,-0.1786797370396532,0.149450747855504,0.125,0.2814698893810835,extended_moore_r2__ql__plastic__intr1__struct0__block_async__lesion__s1__949a8e8a17,0.0349110588403952,-0.0015400005936152,0.25,False,0.611957461136403,0.003,0.016,ql,0.68,extended_moore_r2,50,100,0.9,0.2799138473729405,0.3,1,0.42,0.08,280,0.2716614747658817,0.2,20,0.9238272801646888,5.0997682924977236e-18,0.2,plastic,secondary,0.0415119914559382,False,block_async,50,250,390,1,-1,1.0,0.6,0.6,100,0.094141528696458,0,0,35,0.8318865740740741,2,0,0.55,0.0,0.75,35.0,lesion,30.0,0.45,0.2,0.1,0.002,8.0
72,500,0.4412717856476528,0.5,-0.0311932984451973,0.0,0.125,0.0,extended_hex_r2__markov__plastic__intr0__struct1__alpha_async__lesion__s1__614e7061c9,-0.0249158609566929,-0.0048340190780657,0.25,False,0.8473595009484217,0.003,0.016,markov,0.68,extended_hex_r2,50,100,0.9,0.2466536509739393,0.3,0,0.42,0.08,280,0.4397612389110362,0.2,20,0.6625519990558891,2.5183752698936347e-18,0.2,plastic,secondary,0.0088502999948282,False,alpha_async,50,250,390,1,-1,1.0,0.6,0.6,100,0.0055241782232916,38443,1,35,0.777724194101509,2,38411,0.55,0.0,0.75,35.0,lesion,30.0,0.45,0.2,0.1,0.002,8.0
72,500,0.4101177098963454,0.5,0.42039737080344,0.0,0.125,0.2124576083387281,extended_hex_r2__ql__plastic__intr0__struct0__synchronous__lesion__s1__59612eb49a,-0.0172759006533159,0.0234028347832085,0.25,False,0.8520898624113465,0.003,0.016,ql,0.68,extended_hex_r2,50,100,0.9,0.158953768587488,0.3,0,0.42,0.08,280,0.4092328099106434,0.2,20,1.22161093629867,3.438884172032132e-18,0.2,plastic,secondary,0.0113665534868394,False,synchronous,50,250,390,1,-1,1.0,0.6,0.6,100,0.0105522609504045,0,0,35,0.9916409465020576,2,0,0.55,0.0,0.75,35.0,lesion,30.0,0.45,0.2,0.1,0.002,8.0
72,500,0.3514882549513026,0.5,-0.1578027158470294,0.0915800116449587,0.125,0.2324673941142776,extended_hex_r2__ql__plastic__intr1__struct0__block_async__lesion__s1__5779e72e1a,0.0160762708547186,-0.0158366844335646,0.25,False,0.736392880204064,0.003,0.016,ql,0.68,extended_hex_r2,50,100,0.9,0.2806010962760756,0.3,1,0.42,0.08,280,0.3494802484769164,0.2,20,0.2298221610408085,2.4707047781611463e-18,0.2,plastic,secondary,0.0172571479740781,False,block_async,50,250,390,1,-1,1.0,0.6,0.6,100,0.0207779844113449,0,0,35,0.943812157064472,2,0,0.55,0.0,0.75,35.0,lesion,30.0,0.45,0.2,0.1,0.002,8.0
72,500,0.4123591013845716,0.5,-0.1948251669663068,0.0,0.125,0.0,honeycomb_nnn__markov__plastic__intr0__struct1__alpha_async__lesion__s1__b9cedf0b27,0.003116370123897,-6.085123168739423e-05,0.25,False,0.6179019810273758,0.003,0.016,markov,0.68,honeycomb_nnn,50,100,0.9,0.4085575467183992,0.3,0,0.42,0.08,280,0.3974084041692023,0.2,20,1.0285486683627725,2.283840183757732e-18,0.2,plastic,secondary,-0.0137461471178075,False,alpha_async,50,250,390,1,-1,1.0,0.6,0.6,100,0.0069811945670684,28982,1,35,0.7777777777777778,2,28982,0.55,0.0,0.75,35.0,lesion,30.0,0.45,0.2,0.1,0.002,8.0
72,500,0.4080325443022874,0.5,0.4105149545593988,0.0,0.125,0.2092202674682557,honeycomb_nnn__ql__plastic__intr0__struct0__synchronous__lesion__s1__fb4fb2a640,-0.0139914041129917,0.0163074265513777,0.25,False,0.8474116862925104,0.003,0.016,ql,0.68,honeycomb_nnn,50,100,0.9,0.1638985000939787,0.3,0,0.42,0.08,280,0.4105323075926544,0.2,20,1.2561548575871502,2.4985932424884666e-18,0.2,plastic,secondary,-0.0528441708142017,False,synchronous,50,250,390,1,-1,1.0,0.6,0.6,100,0.0059939091092532,0,0,35,1.0,2,0,0.55,0.0,0.75,35.0,lesion,30.0,0.45,0.2,0.1,0.002,8.0
72,500,0.3802774246811698,0.5,-0.2090103843507848,0.0800246161407805,0.125,0.2455610556208321,honeycomb_nnn__ql__plastic__intr1__struct0__block_async__lesion__s1__8c138fa28b,0.0114892773801124,0.0028254175332144,0.25,False,0.7441232924983305,0.003,0.016,ql,0.68,honeycomb_nnn,50,100,0.9,0.3186691058741037,0.3,1,0.42,0.08,280,0.3794397259264894,0.2,20,0.6478529735829559,2.305998489576093e-18,0.2,plastic,secondary,0.0104908184564945,False,block_async,50,250,390,1,-1,1.0,0.6,0.6,100,0.0248699245187688,0,0,35,0.9975780178326474,2,0,0.55,0.0,0.75,35.0,lesion,30.0,0.45,0.2,0.1,0.002,8.0
72,500,0.1559806339304391,0.5,0.4813115611304136,0.0,0.125,0.0,square_vn__markov__plastic__intr0__struct1__alpha_async__lesion__s2__d7c4a490db,0.2198903561126385,0.2166200249475229,0.25,False,0.2871719070663983,0.003,0.016,markov,0.68,square_vn,50,100,0.9,0.1368908389067474,0.3,0,0.42,0.08,280,0.1486054480146711,0.2,20,1.1822008825083463,3.1084043221683296e-18,0.2,plastic,secondary,0.1830688038803108,False,alpha_async,50,250,390,2,-1,1.0,0.6,0.6,100,0.0897797761790734,12942,1,35,0.75,2,12942,0.55,0.0,0.75,35.0,lesion,30.0,0.45,0.2,0.1,0.002,8.0
72,500,0.3912224189430152,0.5,-0.0922106692305413,0.0,0.125,0.2591635118830196,square_vn__ql__plastic__intr0__struct0__synchronous__lesion__s2__b5d9177735,0.0056200337516058,0.0142466994142525,0.25,False,0.7640846352854496,0.003,0.016,ql,0.68,square_vn,50,100,0.9,0.2959029302839877,0.3,0,0.42,0.08,280,0.3947390920656614,0.2,20,1.4242032907841846,2.016315878677173e-18,0.2,plastic,secondary,0.0067482580309736,False,synchronous,50,250,390,2,-1,1.0,0.6,0.6,100,0.0025483316711418,0,0,35,1.0,2,0,0.55,0.0,0.75,35.0,lesion,30.0,0.45,0.2,0.1,0.002,8.0
72,500,0.3918955168439827,0.5,-0.2525726883642568,0.1101582451318508,0.125,0.2705397023592741,square_vn__ql__plastic__intr1__struct0__block_async__lesion__s2__57166e882b,0.0208816092100973,0.00935227318699,0.25,False,0.7375129830701633,0.003,0.016,ql,0.68,square_vn,50,100,0.9,0.3432825809290534,0.3,1,0.42,0.08,280,0.3930705026926501,0.2,20,1.4301642292692935,2.027819769791115e-18,0.2,plastic,secondary,0.033630051283414,False,block_async,50,250,390,2,-1,1.0,0.6,0.6,100,0.003047082680294,0,0,35,1.0,2,0,0.55,0.0,0.75,35.0,lesion,30.0,0.45,0.2,0.1,0.002,8.0
72,500,0.3577050548374144,0.5,-0.1318120421082046,0.0,0.125,0.0,square_moore__markov__plastic__intr0__struct1__alpha_async__lesion__s2__ae563fbaf4,0.0282520236590458,0.0167447814602316,0.25,False,0.4958399886777179,0.003,0.016,markov,0.68,square_moore,50,100,0.9,0.4088013536222687,0.3,0,0.42,0.08,280,0.3385430123993093,0.2,20,1.5194146995082238,2.584689843287295e-18,0.2,plastic,secondary,0.0016435909174318,False,alpha_async,50,250,390,2,-1,1.0,0.6,0.6,100,0.0193432780140865,24283,1,35,0.75,2,24283,0.55,0.0,0.75,35.0,lesion,30.0,0.45,0.2,0.1,0.002,8.0
72,500,0.4118468950209871,0.5,0.3361185424663125,0.0,0.125,0.2105510102769008,square_moore__ql__plastic__intr0__struct0__synchronous__lesion__s2__f435cccff7,-0.003121925088289,0.024726184438283,0.25,False,0.8397343503946496,0.003,0.016,ql,0.68,square_moore,50,100,0.9,0.182591529992721,0.3,0,0.42,0.08,280,0.411041532173894,0.2,20,1.2404025492018431,3.1125255723857573e-18,0.2,plastic,secondary,0.0348046030303479,False,synchronous,50,250,390,2,-1,1.0,0.6,0.6,100,0.0047462933119436,0,0,35,1.0,2,0,0.55,0.0,0.75,35.0,lesion,30.0,0.45,0.2,0.1,0.002,8.0
72,500,0.3791094276848604,0.5,-0.3616462006631213,0.0645129842941434,0.125,0.2744296990648798,square_moore__ql__plastic__intr1__struct0__block_async__lesion__s2__f548a6e383,0.00747090716832,0.0111878523586389,0.25,False,0.5994201502380554,0.003,0.016,ql,0.68,square_moore,50,100,0.9,0.4437296536729755,0.3,1,0.42,0.08,280,0.3781695938879512,0.2,20,1.5047543780539638,2.8174961923818962e-18,0.2,plastic,secondary,0.0064177869002798,False,block_async,50,250,390,2,-1,1.0,0.6,0.6,100,0.0411616197235067,0,0,35,0.997902199074074,2,0,0.55,0.0,0.75,35.0,lesion,30.0,0.45,0.2,0.1,0.002,8.0
72,500,0.2706029304457453,0.5,0.306908825638594,0.0,0.125,0.0,hex_cells__markov__plastic__intr0__struct1__alpha_async__lesion__s2__a181a6980c,0.1497176976984756,0.1325172921545044,0.25,False,0.4432359495620915,0.003,0.016,markov,0.68,hex_cells,50,100,0.9,0.2430393970986463,0.3,0,0.42,0.08,280,0.2566626221162332,0.2,20,1.448579661705863,3.089805139011255e-18,0.2,plastic,secondary,0.1287806431775513,False,alpha_async,50,250,390,2,-1,1.0,0.6,0.6,100,0.0903549813205669,22170,1,35,0.6666666666666666,2,22170,0.55,0.0,0.75,35.0,lesion,30.0,0.45,0.2,0.1,0.002,8.0
72,500,0.434852364488397,0.5,-0.2378146287123808,0.0,0.125,0.2482721052665876,hex_cells__ql__plastic__intr0__struct0__synchronous__lesion__s2__2d9664ec44,0.0126482424695998,-0.0009931355051451,0.25,False,0.7060195033074727,0.003,0.016,ql,0.68,hex_cells,50,100,0.9,0.36603240937999,0.3,0,0.42,0.08,280,0.4409642536111751,0.2,20,1.3037464414304982,1.977724923696121e-18,0.2,plastic,secondary,0.0062500521639425,False,synchronous,50,250,390,2,-1,1.0,0.6,0.6,100,0.019518307481683,0,0,35,1.0,2,0,0.55,0.0,0.75,35.0,lesion,30.0,0.45,0.2,0.1,0.002,8.0
72,500,0.4090176929414909,0.5,-0.3027095679821294,0.0628450506888574,0.125,0.2766883004922247,hex_cells__ql__plastic__intr1__struct0__block_async__lesion__s2__b11268970a,0.0192704753847432,0.0025533190699288,0.25,False,0.6528892230155249,0.003,0.016,ql,0.68,hex_cells,50,100,0.9,0.4133792923766815,0.3,1,0.42,0.08,280,0.4120659172668637,0.2,20,1.2573274456094905,1.853041164203117e-18,0.2,plastic,secondary,0.0201046517593318,False,block_async,50,250,390,2,-1,1.0,0.6,0.6,100,0.0097408298767334,0,0,35,0.9999356995884774,2,0,0.55,0.0,0.75,35.0,lesion,30.0,0.45,0.2,0.1,0.002,8.0
72,500,0.2090579601794881,0.5,0.3397788577797658,0.0,0.125,0.0,honeycomb__markov__plastic__intr0__struct1__alpha_async__lesion__s2__fc8ae20a1c,0.0855111819621046,0.100517617221702,0.25,False,0.4093510942197182,0.003,0.016,markov,0.68,honeycomb,50,100,0.9,0.1957174760395997,0.3,0,0.42,0.08,280,0.199342610649482,0.2,20,1.2836202999598774,2.7653838775239708e-18,0.2,plastic,secondary,0.0573372689737257,False,alpha_async,50,250,390,2,-1,1.0,0.6,0.6,100,0.0469635375461302,12121,1,35,0.6666666666666666,2,12121,0.55,0.0,0.75,35.0,lesion,30.0,0.45,0.2,0.1,0.002,8.0
72,500,0.3977103932801295,0.5,-0.111032637026353,0.0,0.125,0.2595824873588169,honeycomb__ql__plastic__intr0__struct0__synchronous__lesion__s2__0deb6d3db8,-0.0074733820432681,0.0099803454586211,0.25,False,0.7571904872964074,0.003,0.016,ql,0.68,honeycomb,50,100,0.9,0.3058613125418494,0.3,0,0.42,0.08,280,0.3958920855047609,0.2,20,1.480103072734022,2.0292329261909212e-18,0.2,plastic,secondary,0.0030780782862064,False,synchronous,50,250,390,2,-1,1.0,0.6,0.6,100,0.0026862841600918,0,0,35,1.0,2,0,0.55,0.0,0.75,35.0,lesion,30.0,0.45,0.2,0.1,0.002,8.0
72,500,0.3891391350548582,0.5,-0.2325607315787582,0.112559064334514,0.125,0.2814504497634268,honeycomb__ql__plastic__intr1__struct0__block_async__lesion__s2__bcb92fa286,0.0057658264966379,0.0042590522695593,0.25,False,0.7224062905061366,0.003,0.016,ql,0.68,honeycomb,50,100,0.9,0.345517519746679,0.3,1,0.42,0.08,280,0.3900388777706339,0.2,20,1.495592554189405,2.7447234172196304e-18,0.2,plastic,secondary,0.0122820483969272,False,block_async,50,250,390,2,-1,1.0,0.6,0.6,100,0.0025096072584328,0,0,35,1.0,2,0,0.55,0.0,0.75,35.0,lesion,30.0,0.45,0.2,0.1,0.002,8.0
72,500,0.4747130601950616,0.5,-0.06034485327995,0.0,0.125,0.0,extended_moore_r2__markov__plastic__intr0__struct1__alpha_async__lesion__s2__61628164cd,-0.00657655485879,-0.000206467732668,0.25,False,0.8403412675294295,0.003,0.016,markov,0.68,extended_moore_r2,50,100,0.9,0.2595663897093839,0.3,0,0.42,0.08,280,0.4364335210380222,0.2,20,0.8130574444984967,2.6546528587144145e-18,0.2,plastic,secondary,-0.0009155921073995,False,alpha_async,50,250,390,2,-1,1.0,0.6,0.6,100,0.0038533044644934,39397,1,35,0.7497427983539094,2,38859,0.55,0.0,0.75,35.0,lesion,30.0,0.45,0.2,0.1,0.002,8.0
72,500,0.4088183404247382,0.5,0.4096347406170195,0.0,0.125,0.2179505727448601,extended_moore_r2__ql__plastic__intr0__struct0__synchronous__lesion__s2__901615948b,-0.082044890286065,0.0018149786819188,0.25,False,0.8473389676827532,0.003,0.016,ql,0.68,extended_moore_r2,50,100,0.9,0.1612670290377637,0.3,0,0.42,0.08,280,0.4076909470750856,0.2,20,1.1863742102402557,4.4380094140910096e-18,0.2,plastic,secondary,-0.0154254426140297,False,synchronous,50,250,390,2,-1,1.0,0.6,0.6,100,0.0104300270824333,0,0,35,0.9846563143004116,2,0,0.55,0.0,0.75,35.0,lesion,30.0,0.45,0.2,0.1,0.002,8.0
72,500,0.2733433386176335,0.5,-0.1781190331247519,0.1487993859250516,0.125,0.2801687366517212,extended_moore_r2__ql__plastic__intr1__struct0__block_async__lesion__s2__2e90accdab,0.0358218152011494,0.0028170403853349,0.25,False,0.6133650599954866,0.003,0.016,ql,0.68,extended_moore_r2,50,100,0.9,0.2797522848041388,0.3,1,0.42,0.08,280,0.2722885325641463,0.2,20,0.9177892563801996,4.482491925614208e-18,0.2,plastic,secondary,0.0360135622206862,False,block_async,50,250,390,2,-1,1.0,0.6,0.6,100,0.0720270722744824,0,0,35,0.8327787422839507,2,0,0.55,0.0,0.75,35.0,lesion,30.0,0.45,0.2,0.1,0.002,8.0
72,500,0.4195605953932237,0.5,-0.0505821966617576,0.0,0.125,0.0,extended_hex_r2__markov__plastic__intr0__struct1__alpha_async__lesion__s2__70b157028f,-0.0030541777005187,-0.0056160240361419,0.25,False,0.8335615679788555,0.003,0.016,markov,0.68,extended_hex_r2,50,100,0.9,0.2490365692976111,0.3,0,0.42,0.08,280,0.4413165290047608,0.2,20,0.3854034610857278,2.3583022934208383e-18,0.2,plastic,secondary,-0.0243856198838654,False,alpha_async,50,250,390,2,-1,1.0,0.6,0.6,100,0.0028827579654958,38365,1,35,0.7777563443072703,2,38333,0.55,0.0,0.75,35.0,lesion,30.0,0.45,0.2,0.1,0.002,8.0
72,500,0.4074360389332669,0.5,0.4288849078782361,0.0,0.125,0.219725840947747,extended_hex_r2__ql__plastic__intr0__struct0__synchronous__lesion__s2__2643f2b23b,-0.0177067300200476,-0.0250586282264325,0.25,False,0.8490214785729995,0.003,0.016,ql,0.68,extended_hex_r2,50,100,0.9,0.1582357177681709,0.3,0,0.42,0.08,280,0.4084332431575236,0.2,20,1.220904972351873,4.087752166218784e-18,0.2,plastic,secondary,-0.0088413755158802,False,synchronous,50,250,390,2,-1,1.0,0.6,0.6,100,0.0098235671872834,0,0,35,0.9912551440329218,2,0,0.55,0.0,0.75,35.0,lesion,30.0,0.45,0.2,0.1,0.002,8.0
72,500,0.3456790504653722,0.5,-0.1532947595857575,0.0977111234832054,0.125,0.2357916077807582,extended_hex_r2__ql__plastic__intr1__struct0__block_async__lesion__s2__cada868e0c,0.0345621997112762,-0.009700783347405,0.25,False,0.7349431568894159,0.003,0.016,ql,0.68,extended_hex_r2,50,100,0.9,0.2758610775422584,0.3,1,0.42,0.08,280,0.3433333569879684,0.2,20,0.2803797087307955,2.42476846061527e-18,0.2,plastic,secondary,0.0407581759434807,False,block_async,50,250,390,2,-1,1.0,0.6,0.6,100,0.0237252153324811,0,0,35,0.9393539951989026,2,0,0.55,0.0,0.75,35.0,lesion,30.0,0.45,0.2,0.1,0.002,8.0
72,500,0.4091119343473902,0.5,-0.1693517441608373,0.0,0.125,0.0,honeycomb_nnn__markov__plastic__intr0__struct1__alpha_async__lesion__s2__58584c4b7e,0.0172017763360189,0.0079744129599812,0.25,False,0.6144002193226129,0.003,0.016,markov,0.68,honeycomb_nnn,50,100,0.9,0.4013031828680328,0.3,0,0.42,0.08,280,0.3911410327196551,0.2,20,1.059080461133863,2.2181914710922767e-18,0.2,plastic,secondary,0.01608504842301,False,alpha_async,50,250,390,2,-1,1.0,0.6,0.6,100,0.0073417361267958,28450,1,35,0.7777777777777778,2,28450,0.55,0.0,0.75,35.0,lesion,30.0,0.45,0.2,0.1,0.002,8.0
72,500,0.4111914134570235,0.5,0.413851145154725,0.0,0.125,0.2104800646286691,honeycomb_nnn__ql__plastic__intr0__struct0__synchronous__lesion__s2__a237f47b12,-0.0085289947280197,0.030509809406898,0.25,False,0.8462529026059809,0.003,0.016,ql,0.68,honeycomb_nnn,50,100,0.9,0.1655485830946522,0.3,0,0.42,0.08,280,0.4107640608826189,0.2,20,1.2573698569218836,2.6345179684807704e-18,0.2,plastic,secondary,-0.0678404799892943,False,synchronous,50,250,390,2,-1,1.0,0.6,0.6,100,0.0062975059319307,0,0,35,1.0,2,0,0.55,0.0,0.75,35.0,lesion,30.0,0.45,0.2,0.1,0.002,8.0
72,500,0.3780408479555622,0.5,-0.2090377024300751,0.081773802961457,0.125,0.2467854992974888,honeycomb_nnn__ql__plastic__intr1__struct0__block_async__lesion__s2__b8a0814945,0.0226991360355463,0.0117540896907996,0.25,False,0.7472108589460456,0.003,0.016,ql,0.68,honeycomb_nnn,50,100,0.9,0.3155282335381979,0.3,1,0.42,0.08,280,0.3781522576624171,0.2,20,0.6389906517066534,3.1242311426133145e-18,0.2,plastic,secondary,0.0268428943367459,False,block_async,50,250,390,2,-1,1.0,0.6,0.6,100,0.0318541990171217,0,0,35,0.9975780178326474,2,0,0.55,0.0,0.75,35.0,lesion,30.0,0.45,0.2,0.1,0.002,8.0
72,500,0.1617365522257037,0.5,0.466331787976303,0.0,0.125,0.0,square_vn__markov__plastic__intr0__struct1__alpha_async__lesion__s3__5f0e64a8cb,0.220321599209051,0.2119197711787646,0.25,False,0.2979445828679891,0.003,0.016,markov,0.68,square_vn,50,100,0.9,0.1433063057942101,0.3,0,0.42,0.08,280,0.1547898999809899,0.2,20,1.2047562596340593,3.8930691790541255e-18,0.2,plastic,secondary,0.1890273571108306,False,alpha_async,50,250,390,3,-1,1.0,0.6,0.6,100,0.0997598030932964,13129,1,35,0.75,2,13129,0.55,0.0,0.75,35.0,lesion,30.0,0.45,0.2,0.1,0.002,8.0
72,500,0.3934201806118353,0.5,-0.1003354141017127,0.0,0.125,0.2597489332876107,square_vn__ql__plastic__intr0__struct0__synchronous__lesion__s3__5003c98e17,-0.0095445816431529,0.0072898111392156,0.25,False,0.7647470925597573,0.003,0.016,ql,0.68,square_vn,50,100,0.9,0.2979446488328435,0.3,0,0.42,0.08,280,0.3952277141666828,0.2,20,1.4364071473020998,2.0720800605877597e-18,0.2,plastic,secondary,-0.0142096391409761,False,synchronous,50,250,390,3,-1,1.0,0.6,0.6,100,0.0023942518742282,0,0,35,1.0,2,0,0.55,0.0,0.75,35.0,lesion,30.0,0.45,0.2,0.1,0.002,8.0
72,500,0.3957141668053737,0.5,-0.2666134517453918,0.1090198933294322,0.125,0.2695662198745887,square_vn__ql__plastic__intr1__struct0__block_async__lesion__s3__e3ed87596b,0.0076876495566357,0.0032449929719223,0.25,False,0.7406268158958274,0.003,0.016,ql,0.68,square_vn,50,100,0.9,0.3457211138453891,0.3,1,0.42,0.08,280,0.3932680513856087,0.2,20,1.4349547971212684,1.415693447464346e-18,0.2,plastic,secondary,0.0099492892235761,False,block_async,50,250,390,3,-1,1.0,0.6,0.6,100,0.0034222783934629,0,0,35,1.0,2,0,0.55,0.0,0.75,35.0,lesion,30.0,0.45,0.2,0.1,0.002,8.0
72,500,0.3656593195046436,0.5,-0.1513572916313722,0.0,0.125,0.0,square_moore__markov__plastic__intr0__struct1__alpha_async__lesion__s3__b01af884e8,0.0113576542317981,0.0211250401734589,0.25,False,0.5165198985871934,0.003,0.016,markov,0.68,square_moore,50,100,0.9,0.411522324326068,0.3,0,0.42,0.08,280,0.3452114579728565,0.2,20,1.492720588919082,2.9366744682274866e-18,0.2,plastic,secondary,-0.006920316999261,False,alpha_async,50,250,390,3,-1,1.0,0.6,0.6,100,0.0142132135101881,24854,1,35,0.75,2,24854,0.55,0.0,0.75,35.0,lesion,30.0,0.45,0.2,0.1,0.002,8.0
72,500,0.4130420799363804,0.5,0.352741328748456,0.0,0.125,0.2144197985210167,square_moore__ql__plastic__intr0__struct0__synchronous__lesion__s3__1de2f6f2af,-0.0135459393013954,0.0017684073776154,0.25,False,0.8451152358283356,0.003,0.016,ql,0.68,square_moore,50,100,0.9,0.1781174273770954,0.3,0,0.42,0.08,280,0.4110470023054718,0.2,20,1.2487376533536323,3.0781478014857666e-18,0.2,plastic,secondary,0.0704419335629634,False,synchronous,50,250,390,3,-1,1.0,0.6,0.6,100,0.0058130707128689,0,0,35,1.0,2,0,0.55,0.0,0.75,35.0,lesion,30.0,0.45,0.2,0.1,0.002,8.0
72,500,0.3761409783580952,0.5,-0.3610433195726171,0.0631210878983705,0.125,0.2700437375379153,square_moore__ql__plastic__intr1__struct0__block_async__lesion__s3__278cc5c8d9,0.0044272787556534,-0.0061262296255347,0.25,False,0.6055298945276268,0.003,0.016,ql,0.68,square_moore,50,100,0.9,0.4389652321078926,0.3,1,0.42,0.08,280,0.3760114573612085,0.2,20,1.4992188964308408,2.726652691504926e-18,0.2,plastic,secondary,-0.0006011510612908,False,block_async,50,250,390,3,-1,1.0,0.6,0.6,100,0.0665712230846854,0,0,35,0.9972993827160492,2,0,0.55,0.0,0.75,35.0,lesion,30.0,0.45,0.2,0.1,0.002,8.0
72,500,0.2408287572434234,0.5,0.3609224681376533,0.0,0.125,0.0,hex_cells__markov__plastic__intr0__struct1__alpha_async__lesion__s3__954425dec2,0.1789190894176824,0.1600417995819457,0.25,False,0.3979283925784399,0.003,0.016,markov,0.68,hex_cells,50,100,0.9,0.2154856263523111,0.3,0,0.42,0.08,280,0.2294936573914526,0.2,20,1.4247432107594995,3.395698480215663e-18,0.2,plastic,secondary,0.142225219925117,False,alpha_async,50,250,390,3,-1,1.0,0.6,0.6,100,0.1195658370965878,21383,1,35,0.6666666666666666,2,21383,0.55,0.0,0.75,35.0,lesion,30.0,0.45,0.2,0.1,0.002,8.0
72,500,0.4411839299735585,0.5,-0.2593404328888875,0.0,0.125,0.2461399960102183,hex_cells__ql__plastic__intr0__struct0__synchronous__lesion__s3__59a065ce7e,-0.0019999304064364,-0.0016078584595427,0.25,False,0.7031130963204605,0.003,0.016,ql,0.68,hex_cells,50,100,0.9,0.3747404712113105,0.3,0,0.42,0.08,280,0.4409543844805399,0.2,20,1.2739533266171208,2.475271672870897e-18,0.2,plastic,secondary,-0.010772316080227,False,synchronous,50,250,390,3,-1,1.0,0.6,0.6,100,0.016631713636883,0,0,35,1.0,2,0,0.55,0.0,0.75,35.0,lesion,30.0,0.45,0.2,0.1,0.002,8.0
72,500,0.4077171549431485,0.5,-0.3026016348943861,0.0616811793185031,0.125,0.2756510068317043,hex_cells__ql__plastic__intr1__struct0__block_async__lesion__s3__ec13ddd46b,0.0176556452753915,0.0077927287865575,0.25,False,0.6557026114507474,0.003,0.016,ql,0.68,hex_cells,50,100,0.9,0.4108220393217013,0.3,1,0.42,0.08,280,0.409740708656053,0.2,20,1.2578041181881696,2.6346398315212666e-18,0.2,plastic,secondary,0.0080183621529582,False,block_async,50,250,390,3,-1,1.0,0.6,0.6,100,0.0072746969985384,0,0,35,0.9999678497942388,2,0,0.55,0.0,0.75,35.0,lesion,30.0,0.45,0.2,0.1,0.002,8.0
72,500,0.1900022591341203,0.5,0.3801465622252823,0.0,0.125,0.0,honeycomb__markov__plastic__intr0__struct1__alpha_async__lesion__s3__ac52e1c459,0.1014753808431351,0.0798080235209593,0.25,False,0.3706060638531652,0.003,0.016,markov,0.68,honeycomb,50,100,0.9,0.1774416509566896,0.3,0,0.42,0.08,280,0.1793464544796068,0.2,20,1.2359197001673816,4.7198936103239016e-18,0.2,plastic,secondary,0.1108777513310412,False,alpha_async,50,250,390,3,-1,1.0,0.6,0.6,100,0.0754191150403622,11123,1,35,0.6666666666666666,2,11123,0.55,0.0,0.75,35.0,lesion,30.0,0.45,0.2,0.1,0.002,8.0
72,500,0.3974839099288839,0.5,-0.1206145712474854,0.0,0.125,0.2590125844209262,honeycomb__ql__plastic__intr0__struct0__synchronous__lesion__s3__7e79505186,-0.0015691422416974,-0.025500584668686,0.25,False,0.7561623298494606,0.003,0.016,ql,0.68,honeycomb,50,100,0.9,0.3083211525450605,0.3,0,0.42,0.08,280,0.3964506236829234,0.2,20,1.4653190175822093,1.7054032399326491e-18,0.2,plastic,secondary,0.0029467937450664,False,synchronous,50,250,390,3,-1,1.0,0.6,0.6,100,0.0030905455747332,0,0,35,1.0,2,0,0.55,0.0,0.75,35.0,lesion,30.0,0.45,0.2,0.1,0.002,8.0
72,500,0.3912615181017436,0.5,-0.2393997860700658,0.1107302294991147,0.125,0.2823939197934216,honeycomb__ql__plastic__intr1__struct0__block_async__lesion__s3__9bc45d5e40,0.0041583840463961,0.0045398793741053,0.25,False,0.7248981031641308,0.003,0.016,ql,0.68,honeycomb,50,100,0.9,0.3460342025735034,0.3,1,0.42,0.08,280,0.3901900012708103,0.2,20,1.5026129688064578,1.4787389597563277e-18,0.2,plastic,secondary,-0.0049570912934995,False,block_async,50,250,390,3,-1,1.0,0.6,0.6,100,0.0032711479045134,0,0,35,1.0,2,0,0.55,0.0,0.75,35.0,lesion,30.0,0.45,0.2,0.1,0.002,8.0
72,500,0.4078128562996868,0.5,-0.0643426601634121,0.0,0.125,0.0,extended_moore_r2__markov__plastic__intr0__struct1__alpha_async__lesion__s3__fb8cbb7cae,0.0016376352727565,0.0043872286515932,0.25,False,0.8161483876297162,0.003,0.016,markov,0.68,extended_moore_r2,50,100,0.9,0.2563198764636923,0.3,0,0.42,0.08,280,0.4374076190847667,0.2,20,0.2664814653402608,2.9113452526252986e-18,0.2,plastic,secondary,-0.0114465959918219,False,alpha_async,50,250,390,3,-1,1.0,0.6,0.6,100,0.004438463941867,39600,1,35,0.7497106481481481,2,39004,0.55,0.0,0.75,35.0,lesion,30.0,0.45,0.2,0.1,0.002,8.0
72,500,0.413950990350633,0.5,0.419043844368886,0.0,0.125,0.2263732913010471,extended_moore_r2__ql__plastic__intr0__struct0__synchronous__lesion__s3__3019c1aff7,-0.0563865204840682,-0.0013918338740014,0.25,False,0.8522968138541265,0.003,0.016,ql,0.68,extended_moore_r2,50,100,0.9,0.1602253100120061,0.3,0,0.42,0.08,280,0.4074642472093327,0.2,20,1.2089397420880688,3.903027386200229e-18,0.2,plastic,secondary,-0.0102887601047615,False,synchronous,50,250,390,3,-1,1.0,0.6,0.6,100,0.0106436549135868,0,0,35,0.9847366898148148,2,0,0.55,0.0,0.75,35.0,lesion,30.0,0.45,0.2,0.1,0.002,8.0
72,500,0.2747178063653269,0.5,-0.1771368073622205,0.1490091771478612,0.125,0.2804299598419094,extended_moore_r2__ql__plastic__intr1__struct0__block_async__lesion__s3__e4a32e4ee4,0.0439635259403345,0.0050660094816332,0.25,False,0.6141325618135266,0.003,0.016,ql,0.68,extended_moore_r2,50,100,0.9,0.2806597926365149,0.3,1,0.42,0.08,280,0.2736968981194429,0.2,20,0.9092506298777848,3.3810221115833813e-18,0.2,plastic,secondary,0.0350766754348049,False,block_async,50,250,390,3,-1,1.0,0.6,0.6,100,0.0978019288362949,0,0,35,0.8322402263374485,2,0,0.55,0.0,0.75,35.0,lesion,30.0,0.45,0.2,0.1,0.002,8.0
72,500,0.4316209367590146,0.5,-0.034714413705955,0.0,0.125,0.0,extended_hex_r2__markov__plastic__intr0__struct1__alpha_async__lesion__s3__54607c01d6,-0.0206454090152032,-0.0219180796760905,0.25,False,0.8415604177474139,0.003,0.016,markov,0.68,extended_hex_r2,50,100,0.9,0.2472116785485877,0.3,0,0.42,0.08,280,0.440985334330411,0.2,20,0.5715306052579633,2.6319094906342564e-18,0.2,plastic,secondary,-0.0256516134313473,False,alpha_async,50,250,390,3,-1,1.0,0.6,0.6,100,0.0049395319040146,38661,1,35,0.7777563443072703,2,38622,0.55,0.0,0.75,35.0,lesion,30.0,0.45,0.2,0.1,0.002,8.0
72,500,0.404904565977787,0.5,0.4226325652657586,0.0,0.125,0.2188735261158327,extended_hex_r2__ql__plastic__intr0__struct0__synchronous__lesion__s3__407d43a311,-0.0326817418709458,-0.0122265876995154,0.25,False,0.8479635920733942,0.003,0.016,ql,0.68,extended_hex_r2,50,100,0.9,0.158778757185606,0.3,0,0.42,0.08,280,0.4078294756555773,0.2,20,1.216749461626935,3.329510587125371e-18,0.2,plastic,secondary,-0.0251977523540032,False,synchronous,50,250,390,3,-1,1.0,0.6,0.6,100,0.0089066080577876,0,0,35,0.9913087277091908,2,0,0.55,0.0,0.75,35.0,lesion,30.0,0.45,0.2,0.1,0.002,8.0
72,500,0.3483166033507955,0.5,-0.1558546175439685,0.0941663169936798,0.125,0.2344869530406444,extended_hex_r2__ql__plastic__intr1__struct0__block_async__lesion__s3__b532c47527,0.0265080651469354,0.009321803412487,0.25,False,0.7316008240190068,0.003,0.016,ql,0.68,extended_hex_r2,50,100,0.9,0.2808645815367722,0.3,1,0.42,0.08,280,0.3461417903556322,0.2,20,0.2595988037151489,2.4523445060645645e-18,0.2,plastic,secondary,0.027443090011038,False,block_async,50,250,390,3,-1,1.0,0.6,0.6,100,0.0112552152679572,0,0,35,0.9375643004115226,2,0,0.55,0.0,0.75,35.0,lesion,30.0,0.45,0.2,0.1,0.002,8.0
72,500,0.4139805551066686,0.5,-0.1910890288255748,0.0,0.125,0.0,honeycomb_nnn__markov__plastic__intr0__struct1__alpha_async__lesion__s3__481c77e00d,0.0132932612629876,0.005446568004848,0.25,False,0.6173257322130351,0.003,0.016,markov,0.68,honeycomb_nnn,50,100,0.9,0.4082032470201803,0.3,0,0.42,0.08,280,0.3976712564684161,0.2,20,1.0401141123055435,2.5309157991414123e-18,0.2,plastic,secondary,0.0060319093992156,False,alpha_async,50,250,390,3,-1,1.0,0.6,0.6,100,0.0099303084505422,28993,1,35,0.7777777777777778,2,28993,0.55,0.0,0.75,35.0,lesion,30.0,0.45,0.2,0.1,0.002,8.0
72,500,0.4123836377895026,0.5,0.4058080316357258,0.0,0.125,0.2109678895862044,honeycomb_nnn__ql__plastic__intr0__struct0__synchronous__lesion__s3__d3d4d78c6e,-0.0037365058623583,0.01798173154137,0.25,False,0.8494510227220928,0.003,0.016,ql,0.68,honeycomb_nnn,50,100,0.9,0.1660211334810728,0.3,0,0.42,0.08,280,0.4104122900817775,0.2,20,1.2453558068526074,3.1513688387965457e-18,0.2,plastic,secondary,0.0085485725148288,False,synchronous,50,250,390,3,-1,1.0,0.6,0.6,100,0.0056575261368693,0,0,35,1.0,2,0,0.55,0.0,0.75,35.0,lesion,30.0,0.45,0.2,0.1,0.002,8.0
72,500,0.3820851647998715,0.5,-0.2164845304323195,0.0806676229213411,0.125,0.2487116585549885,honeycomb_nnn__ql__plastic__intr1__struct0__block_async__lesion__s3__ab93892431,0.016451887657264,0.0093900844322644,0.25,False,0.7299905550259351,0.003,0.016,ql,0.68,honeycomb_nnn,50,100,0.9,0.3302229318749042,0.3,1,0.42,0.08,280,0.381206993132251,0.2,20,0.6972110221721153,3.098763853812817e-18,0.2,plastic,secondary,0.013696098581042,False,block_async,50,250,390,3,-1,1.0,0.6,0.6,100,0.0258043270826339,0,0,35,0.9974279835390948,2,0,0.55,0.0,0.75,35.0,lesion,30.0,0.45,0.2,0.1,0.002,8.0
72,500,0.1611574105670423,0.5,0.4736046342078488,0.0,0.125,0.0,square_vn__markov__plastic__intr0__struct1__alpha_async__repeated_lesion__s1__0d7be4eaaa,0.2076407584020627,0.1957488260777578,0.25,False,0.2942734400056491,0.003,0.016,markov,0.68,square_vn,50,100,0.9,0.141672435179552,0.3,0,0.42,0.08,280,0.1529942333380684,0.2,20,1.2010305203902578,3.886925761225389e-18,0.2,plastic,secondary,0.1914422492440959,False,alpha_async,50,250,390,1,-1,1.0,0.6,0.6,100,0.0867151759313055,12854,1,35,0.75,2,12854,0.55,0.0,0.75,35.0,repeated_lesion,30.0,0.45,0.2,0.1,0.002,8.0
72,500,0.3968809200206974,0.5,-0.1019452301415005,0.0,0.125,0.2593656231729127,square_vn__ql__plastic__intr0__struct0__synchronous__repeated_lesion__s1__eba7e819d8,-0.0022271368640954,0.0162942085999036,0.25,False,0.7676739260721153,0.003,0.016,ql,0.68,square_vn,50,100,0.9,0.2981024714421235,0.3,0,0.42,0.08,280,0.3954550693801241,0.2,20,1.429619667321488,1.887630450271368e-18,0.2,plastic,secondary,0.0034882386058502,False,synchronous,50,250,390,1,-1,1.0,0.6,0.6,100,0.0024266022953996,0,0,35,1.0,2,0,0.55,0.0,0.75,35.0,repeated_lesion,30.0,0.45,0.2,0.1,0.002,8.0
72,500,0.3923681559684155,0.5,-0.2677632676754002,0.1102601487892184,0.125,0.2706925846013309,square_vn__ql__plastic__intr1__struct0__block_async__repeated_lesion__s1__7219f62b75,0.0135710181145755,0.0028083912245634,0.25,False,0.7377990190191991,0.003,0.016,ql,0.68,square_vn,50,100,0.9,0.3459826246055864,0.3,1,0.42,0.08,280,0.3928696657985707,0.2,20,1.4363136405071093,2.4321019657450257e-18,0.2,plastic,secondary,0.0163670094788002,False,block_async,50,250,390,1,-1,1.0,0.6,0.6,100,0.0027946765709138,0,0,35,1.0,2,0,0.55,0.0,0.75,35.0,repeated_lesion,30.0,0.45,0.2,0.1,0.002,8.0
72,500,0.3701018265228891,0.5,-0.1681508062029308,0.0,0.125,0.0,square_moore__markov__plastic__intr0__struct1__alpha_async__repeated_lesion__s1__108b081d49,0.0261959003719664,0.0334269198721661,0.25,False,0.5128940322507306,0.003,0.016,markov,0.68,square_moore,50,100,0.9,0.4206192472348732,0.3,0,0.42,0.08,280,0.3506648457910862,0.2,20,1.508954895648717,2.860341205348e-18,0.2,plastic,secondary,0.0152823780004001,False,alpha_async,50,250,390,1,-1,1.0,0.6,0.6,100,0.0155041517908113,24796,1,35,0.75,2,24796,0.55,0.0,0.75,35.0,repeated_lesion,30.0,0.45,0.2,0.1,0.002,8.0
72,500,0.4091409830845957,0.5,0.3402502743149179,0.0,0.125,0.2155799152544652,square_moore__ql__plastic__intr0__struct0__synchronous__repeated_lesion__s1__4a748b6367,0.0067913168172116,-0.0084798435435585,0.25,False,0.8370393437265905,0.003,0.016,ql,0.68,square_moore,50,100,0.9,0.1826213638950994,0.3,0,0.42,0.08,280,0.4097737530259447,0.2,20,1.24751986282429,2.4763641466003653e-18,0.2,plastic,secondary,-0.0237497748971309,False,synchronous,50,250,390,1,-1,1.0,0.6,0.6,100,0.0050485441865816,0,0,35,1.0,2,0,0.55,0.0,0.75,35.0,repeated_lesion,30.0,0.45,0.2,0.1,0.002,8.0
72,500,0.3776885358273117,0.5,-0.3670429867280655,0.0631809362146722,0.125,0.2773908612800891,square_moore__ql__plastic__intr1__struct0__block_async__repeated_lesion__s1__cf88ebf7af,0.0102067814002567,0.0002874443548355,0.25,False,0.5987733223708462,0.003,0.016,ql,0.68,square_moore,50,100,0.9,0.4453688085429388,0.3,1,0.42,0.08,280,0.3769437086326892,0.2,20,1.5206785338056013,2.8636758293410536e-18,0.2,plastic,secondary,0.0136772747409552,False,block_async,50,250,390,1,-1,1.0,0.6,0.6,100,0.058029653493582,0,0,35,0.9975887345679012,2,0,0.55,0.0,0.75,35.0,repeated_lesion,30.0,0.45,0.2,0.1,0.002,8.0
72,500,0.2662375718382337,0.5,0.3122655777044587,0.0,0.125,0.0,hex_cells__markov__plastic__intr0__struct1__alpha_async__repeated_lesion__s1__370d2a7382,0.1545850265210398,0.1278548936686034,0.25,False,0.4386225454756792,0.003,0.016,markov,0.68,hex_cells,50,100,0.9,0.2388724904199228,0.3,0,0.42,0.08,280,0.2527960191961131,0.2,20,1.4442330046587704,2.3859863367221625e-18,0.2,plastic,secondary,0.1055113844318355,False,alpha_async,50,250,390,1,-1,1.0,0.6,0.6,100,0.0939717941448897,21988,1,35,0.6666666666666666,2,21988,0.55,0.0,0.75,35.0,repeated_lesion,30.0,0.45,0.2,0.1,0.002,8.0
72,500,0.4380233011153345,0.5,-0.2537951640915591,0.0,0.125,0.2433606141608327,hex_cells__ql__plastic__intr0__struct0__synchronous__repeated_lesion__s1__3f6ee5598d,0.0002522577247923,-0.0027330824001638,0.25,False,0.7025379094610786,0.003,0.016,ql,0.68,hex_cells,50,100,0.9,0.3726693317550334,0.3,0,0.42,0.08,280,0.4388798465946782,0.2,20,1.2933514279606522,2.2258717401035687e-18,0.2,plastic,secondary,-0.0016679107868736,False,synchronous,50,250,390,1,-1,1.0,0.6,0.6,100,0.0154570399772006,0,0,35,1.0,2,0,0.55,0.0,0.75,35.0,repeated_lesion,30.0,0.45,0.2,0.1,0.002,8.0
72,500,0.4088021597700383,0.5,-0.3012086754503002,0.0609834527303731,0.125,0.2743673902404376,hex_cells__ql__plastic__intr1__struct0__block_async__repeated_lesion__s1__56cbad9a5e,0.0365198881980173,0.0092800193274474,0.25,False,0.6539433723504408,0.003,0.016,ql,0.68,hex_cells,50,100,0.9,0.4113031138914803,0.3,1,0.42,0.08,280,0.4103792094801457,0.2,20,1.2393297949568705,3.1399882172726415e-18,0.2,plastic,secondary,0.038133340762652,False,block_async,50,250,390,1,-1,1.0,0.6,0.6,100,0.0053764997463358,0,0,35,1.0,2,0,0.55,0.0,0.75,35.0,repeated_lesion,30.0,0.45,0.2,0.1,0.002,8.0
72,500,0.1350599962387419,0.5,0.4510857560398523,0.0,0.125,0.0,honeycomb__markov__plastic__intr0__struct1__alpha_async__repeated_lesion__s1__596e9ca3c8,0.1741992315657592,0.1621766476420116,0.25,False,0.2646366039554854,0.003,0.016,markov,0.68,honeycomb,50,100,0.9,0.1276408500816333,0.3,0,0.42,0.08,280,0.1304205909294816,0.2,20,1.032030180262507,2.4946903000482668e-18,0.2,plastic,secondary,0.1546032099013781,False,alpha_async,50,250,390,1,-1,1.0,0.6,0.6,100,0.1343751407477593,9722,1,35,0.6666666666666666,2,9722,0.55,0.0,0.75,35.0,repeated_lesion,30.0,0.45,0.2,0.1,0.002,8.0
72,500,0.3979854614853232,0.5,-0.1074571132180631,0.0,0.125,0.2574268781037021,honeycomb__ql__plastic__intr0__struct0__synchronous__repeated_lesion__s1__62889901b5,0.0086451134702251,0.004889072164571,0.25,False,0.7582090305926492,0.003,0.016,ql,0.68,honeycomb,50,100,0.9,0.3050214385013644,0.3,0,0.42,0.08,280,0.3968051620050949,0.2,20,1.47160895486794,1.7100236744443628e-18,0.2,plastic,secondary,0.0035397903377282,False,synchronous,50,250,390,1,-1,1.0,0.6,0.6,100,0.0023234862061622,0,0,35,1.0,2,0,0.55,0.0,0.75,35.0,repeated_lesion,30.0,0.45,0.2,0.1,0.002,8.0
72,500,0.3898236800509723,0.5,-0.2349271413774065,0.1127788160433205,0.125,0.2797821914859342,honeycomb__ql__plastic__intr1__struct0__block_async__repeated_lesion__s1__0b21141ca8,0.0153233636716243,0.0073914360747004,0.25,False,0.7220432669765086,0.003,0.016,ql,0.68,honeycomb,50,100,0.9,0.3461130512258123,0.3,1,0.42,0.08,280,0.3905996681748759,0.2,20,1.50030656763377,2.233072141511037e-18,0.2,plastic,secondary,0.0197503872020208,False,block_async,50,250,390,1,-1,1.0,0.6,0.6,100,0.0027530936309156,0,0,35,1.0,2,0,0.55,0.0,0.75,35.0,repeated_lesion,30.0,0.45,0.2,0.1,0.002,8.0
72,500,0.433805551761721,0.5,-0.0562409928291891,0.0,0.125,0.0,extended_moore_r2__markov__plastic__intr0__struct1__alpha_async__repeated_lesion__s1__13089796c7,0.0079240640256312,-0.00329817466054,0.25,False,0.8139859011321702,0.003,0.016,markov,0.68,extended_moore_r2,50,100,0.9,0.2717051376433131,0.3,0,0.42,0.08,280,0.4268860071653802,0.2,20,0.7565533789777563,3.0397628105861517e-18,0.2,plastic,secondary,-0.0171416232942227,False,alpha_async,50,250,390,1,-1,1.0,0.6,0.6,100,0.0157123937360391,39382,1,35,0.7495740097736625,2,38834,0.55,0.0,0.75,35.0,repeated_lesion,30.0,0.45,0.2,0.1,0.002,8.0
72,500,0.413616280630923,0.5,0.4091660464560118,0.0,0.125,0.212672425836898,extended_moore_r2__ql__plastic__intr0__struct0__synchronous__repeated_lesion__s1__5614d0d907,-0.028941551192436,-0.0276169658293061,0.25,False,0.8577021397577098,0.003,0.016,ql,0.68,extended_moore_r2,50,100,0.9,0.1587307980722632,0.3,0,0.42,0.08,280,0.4086104884232828,0.2,20,1.1661370974627052,4.151100264983048e-18,0.2,plastic,secondary,-0.0512862042193494,False,synchronous,50,250,390,1,-1,1.0,0.6,0.6,100,0.0108088807328081,0,0,35,0.9846161265432098,2,0,0.55,0.0,0.75,35.0,repeated_lesion,30.0,0.45,0.2,0.1,0.002,8.0
72,500,0.2733481627221135,0.5,-0.1784653792580639,0.1492215252653878,0.125,0.2812151896206266,extended_moore_r2__ql__plastic__intr1__struct0__block_async__repeated_lesion__s1__9aa2653e88,0.0319527952626138,-0.0004420298598344,0.25,False,0.6117263614241651,0.003,0.016,ql,0.68,extended_moore_r2,50,100,0.9,0.2809840682813639,0.3,1,0.42,0.08,280,0.2726997416915475,0.2,20,0.9232997426562164,6.011338928759416e-18,0.2,plastic,secondary,0.0352468796929821,False,block_async,50,250,390,1,-1,1.0,0.6,0.6,100,0.0920576905346296,0,0,35,0.8318624614197531,2,0,0.55,0.0,0.75,35.0,repeated_lesion,30.0,0.45,0.2,0.1,0.002,8.0
72,500,0.440294306887516,0.5,-0.031196684959982,0.0,0.125,0.0,extended_hex_r2__markov__plastic__intr0__struct1__alpha_async__repeated_lesion__s1__9de2114fbb,-0.0230622706834234,-0.0057647156243013,0.25,False,0.8471491500376398,0.003,0.016,markov,0.68,extended_hex_r2,50,100,0.9,0.2463952151178718,0.3,0,0.42,0.08,280,0.4397534467793152,0.2,20,0.6514569107415961,2.5984847364111493e-18,0.2,plastic,secondary,0.0144618339825952,False,alpha_async,50,250,390,1,-1,1.0,0.6,0.6,100,0.0059315781469565,38445,1,35,0.7777456275720165,2,38413,0.55,0.0,0.75,35.0,repeated_lesion,30.0,0.45,0.2,0.1,0.002,8.0
72,500,0.4130995856340522,0.5,0.4193420907039,0.0,0.125,0.2189159282346718,extended_hex_r2__ql__plastic__intr0__struct0__synchronous__repeated_lesion__s1__0a042dbaca,-0.0433710810749607,-0.0012972864013733,0.25,False,0.8525122583832658,0.003,0.016,ql,0.68,extended_hex_r2,50,100,0.9,0.1602001674489674,0.3,0,0.42,0.08,280,0.4086974887673818,0.2,20,1.235249294991251,3.1527345790329318e-18,0.2,plastic,secondary,-0.0374154237693014,False,synchronous,50,250,390,1,-1,1.0,0.6,0.6,100,0.010396347330285,0,0,35,0.9917481138545954,2,0,0.55,0.0,0.75,35.0,repeated_lesion,30.0,0.45,0.2,0.1,0.002,8.0
72,500,0.3516891593566019,0.5,-0.1577352077353667,0.0915501460369038,0.125,0.2330704174823119,extended_hex_r2__ql__plastic__intr1__struct0__block_async__repeated_lesion__s1__f9379f9f15,0.0168710452096927,-0.0169960807219905,0.25,False,0.7374996191202327,0.003,0.016,ql,0.68,extended_hex_r2,50,100,0.9,0.2800772565660036,0.3,1,0.42,0.08,280,0.3493160495889758,0.2,20,0.2266871464623877,2.5209569000349626e-18,0.2,plastic,secondary,0.02097113812319,False,block_async,50,250,390,1,-1,1.0,0.6,0.6,100,0.0206597230595093,0,0,35,0.943897890946502,2,0,0.55,0.0,0.75,35.0,repeated_lesion,30.0,0.45,0.2,0.1,0.002,8.0
72,500,0.412196094038005,0.5,-0.19461678504181,0.0,0.125,0.0,honeycomb_nnn__markov__plastic__intr0__struct1__alpha_async__repeated_lesion__s1__70144619df,0.0008315107735957,-0.008236196192218,0.25,False,0.617926365238221,0.003,0.016,markov,0.68,honeycomb_nnn,50,100,0.9,0.4082520551609739,0.3,0,0.42,0.08,280,0.3972612377842554,0.2,20,1.0279422766394706,2.5797291420701493e-18,0.2,plastic,secondary,-0.0052866945484909,False,alpha_async,50,250,390,1,-1,1.0,0.6,0.6,100,0.0077376825613662,28967,1,35,0.7777777777777778,2,28967,0.55,0.0,0.75,35.0,repeated_lesion,30.0,0.45,0.2,0.1,0.002,8.0
72,500,0.4025183640210197,0.5,0.4091150381688981,0.0,0.125,0.2183731537688543,honeycomb_nnn__ql__plastic__intr0__struct0__synchronous__repeated_lesion__s1__01626cdc23,0.001792047511983,0.0061795483571452,0.25,False,0.8409461670516478,0.003,0.016,ql,0.68,honeycomb_nnn,50,100,0.9,0.1655077542194465,0.3,0,0.42,0.08,280,0.4092299556883285,0.2,20,1.251770464942577,2.759887068451365e-18,0.2,plastic,secondary,0.0486859280783714,False,synchronous,50,250,390,1,-1,1.0,0.6,0.6,100,0.0066865997582357,0,0,35,1.0,2,0,0.55,0.0,0.75,35.0,repeated_lesion,30.0,0.45,0.2,0.1,0.002,8.0
72,500,0.380599960923513,0.5,-0.2087229220093864,0.0800614866215428,0.125,0.2455858143023769,honeycomb_nnn__ql__plastic__intr1__struct0__block_async__repeated_lesion__s1__89ba74d5b0,0.0155512509025104,0.0093133968445369,0.25,False,0.7453643492084987,0.003,0.016,ql,0.68,honeycomb_nnn,50,100,0.9,0.3179017761173223,0.3,1,0.42,0.08,280,0.3789857194223862,0.2,20,0.6630109688933936,2.8736515901612164e-18,0.2,plastic,secondary,0.0019923525670048,False,block_async,50,250,390,1,-1,1.0,0.6,0.6,100,0.0240396078219613,0,0,35,0.9977494855967078,2,0,0.55,0.0,0.75,35.0,repeated_lesion,30.0,0.45,0.2,0.1,0.002,8.0
72,500,0.157427922364082,0.5,0.4740248185725069,0.0,0.125,0.0,square_vn__markov__plastic__intr0__struct1__alpha_async__repeated_lesion__s2__2f320a8f0c,0.2267783279971484,0.1960833990062375,0.25,False,0.2922322090440666,0.003,0.016,markov,0.68,square_vn,50,100,0.9,0.1389448732425235,0.3,0,0.42,0.08,280,0.1512471254009876,0.2,20,1.1855489641340289,2.163195065462554e-18,0.2,plastic,secondary,0.1851552538551066,False,alpha_async,50,250,390,2,-1,1.0,0.6,0.6,100,0.0895134277236704,12956,1,35,0.75,2,12956,0.55,0.0,0.75,35.0,repeated_lesion,30.0,0.45,0.2,0.1,0.002,8.0
72,500,0.3978187575200975,0.5,-0.0855598353346453,0.0,0.125,0.2591215292970684,square_vn__ql__plastic__intr0__struct0__synchronous__repeated_lesion__s2__a89e963f7a,-0.0025798170912327,-0.0055542601020298,0.25,False,0.7695783638423617,0.003,0.016,ql,0.68,square_vn,50,100,0.9,0.2936307800885792,0.3,0,0.42,0.08,280,0.3954463439956122,0.2,20,1.4292528892762564,2.0851725740842466e-18,0.2,plastic,secondary,-0.0306274925883584,False,synchronous,50,250,390,2,-1,1.0,0.6,0.6,100,0.0025863596405821,0,0,35,1.0,2,0,0.55,0.0,0.75,35.0,repeated_lesion,30.0,0.45,0.2,0.1,0.002,8.0
72,500,0.3952150191586733,0.5,-0.259851683249278,0.1102301998911409,0.125,0.2704197288741873,square_vn__ql__plastic__intr1__struct0__block_async__repeated_lesion__s2__8e5db84f88,0.0190159783763691,0.007410169067733,0.25,False,0.7404805461377661,0.003,0.016,ql,0.68,square_vn,50,100,0.9,0.3444056316827309,0.3,1,0.42,0.08,280,0.3930726656192165,0.2,20,1.441293367932941,2.472567063999891e-18,0.2,plastic,secondary,0.0330295023050709,False,block_async,50,250,390,2,-1,1.0,0.6,0.6,100,0.0026029851046184,0,0,35,1.0,2,0,0.55,0.0,0.75,35.0,repeated_lesion,30.0,0.45,0.2,0.1,0.002,8.0
72,500,0.3578369499505113,0.5,-0.1287250085414792,0.0,0.125,0.0,square_moore__markov__plastic__intr0__struct1__alpha_async__repeated_lesion__s2__a9c3c9567a,0.0341731142838561,0.0250723318746508,0.25,False,0.5012388914229848,0.003,0.016,markov,0.68,square_moore,50,100,0.9,0.4053530618348972,0.3,0,0.42,0.08,280,0.3384365901841929,0.2,20,1.5126959466422885,2.349382402550058e-18,0.2,plastic,secondary,0.0149153201828968,False,alpha_async,50,250,390,2,-1,1.0,0.6,0.6,100,0.0204389532373107,24295,1,35,0.75,2,24295,0.55,0.0,0.75,35.0,repeated_lesion,30.0,0.45,0.2,0.1,0.002,8.0
72,500,0.4115802437562449,0.5,0.3373637435441122,0.0,0.125,0.2140080825028303,square_moore__ql__plastic__intr0__struct0__synchronous__repeated_lesion__s2__c0ec61dce7,0.0026747685342572,-0.0127262149372943,0.25,False,0.8389064955564068,0.003,0.016,ql,0.68,square_moore,50,100,0.9,0.1819467544380789,0.3,0,0.42,0.08,280,0.4109045607029822,0.2,20,1.255118583597129,2.387715243861142e-18,0.2,plastic,secondary,-0.0119635459038255,False,synchronous,50,250,390,2,-1,1.0,0.6,0.6,100,0.0049923889811898,0,0,35,1.0,2,0,0.55,0.0,0.75,35.0,repeated_lesion,30.0,0.45,0.2,0.1,0.002,8.0
72,500,0.379185249091239,0.5,-0.3591165482616348,0.06447960859006,0.125,0.2745719700612632,square_moore__ql__plastic__intr1__struct0__block_async__repeated_lesion__s2__6a65502cce,0.0022581436928854,0.0015434791325054,0.25,False,0.6001300164602299,0.003,0.016,ql,0.68,square_moore,50,100,0.9,0.4424989713818659,0.3,1,0.42,0.08,280,0.3771804330109738,0.2,20,1.5031732947613612,3.2280924844228583e-18,0.2,plastic,secondary,-0.0034807073114617,False,block_async,50,250,390,2,-1,1.0,0.6,0.6,100,0.0410173763073476,0,0,35,0.9977334104938272,2,0,0.55,0.0,0.75,35.0,repeated_lesion,30.0,0.45,0.2,0.1,0.002,8.0
72,500,0.2709663420636062,0.5,0.3087223098367893,0.0,0.125,0.0,hex_cells__markov__plastic__intr0__struct1__alpha_async__repeated_lesion__s2__8d3d6fa2b4,0.1456491580264359,0.1354193600254038,0.25,False,0.4449290707262465,0.003,0.016,markov,0.68,hex_cells,50,100,0.9,0.2422874217599096,0.3,0,0.42,0.08,280,0.2558994050311405,0.2,20,1.4485046949417362,2.8562721829552463e-18,0.2,plastic,secondary,0.1036034536620137,False,alpha_async,50,250,390,2,-1,1.0,0.6,0.6,100,0.0926729861134149,22172,1,35,0.6666666666666666,2,22172,0.55,0.0,0.75,35.0,repeated_lesion,30.0,0.45,0.2,0.1,0.002,8.0
72,500,0.4385661685134699,0.5,-0.2466941885355467,0.0,0.125,0.2476426636520635,hex_cells__ql__plastic__intr0__struct0__synchronous__repeated_lesion__s2__e815e7388d,0.0038802200322317,0.0067449742212399,0.25,False,0.7051190537185124,0.003,0.016,ql,0.68,hex_cells,50,100,0.9,0.3700905692919992,0.3,0,0.42,0.08,280,0.4408657064521636,0.2,20,1.2979263872410296,2.0743765206117612e-18,0.2,plastic,secondary,-0.0013670822679902,False,synchronous,50,250,390,2,-1,1.0,0.6,0.6,100,0.0221786217545009,0,0,35,1.0,2,0,0.55,0.0,0.75,35.0,repeated_lesion,30.0,0.45,0.2,0.1,0.002,8.0
72,500,0.4103823270525525,0.5,-0.3019141131934585,0.063174752992067,0.125,0.274999373138533,hex_cells__ql__plastic__intr1__struct0__block_async__repeated_lesion__s2__0914fd6f56,0.015310307078874,0.0047606517339036,0.25,False,0.6575379194804092,0.003,0.016,ql,0.68,hex_cells,50,100,0.9,0.4107695031010284,0.3,1,0.42,0.08,280,0.4103584822155229,0.2,20,1.2439579119959228,1.8577781862999558e-18,0.2,plastic,secondary,0.0171359912946918,False,block_async,50,250,390,2,-1,1.0,0.6,0.6,100,0.0079062457481284,0,0,35,1.0,2,0,0.55,0.0,0.75,35.0,repeated_lesion,30.0,0.45,0.2,0.1,0.002,8.0
72,500,0.2113408921799328,0.5,0.3387512757714138,0.0,0.125,0.0,honeycomb__markov__plastic__intr0__struct1__alpha_async__repeated_lesion__s2__c1bbcb1167,0.0814014549657137,0.0789297365539697,0.25,False,0.4128221410267163,0.003,0.016,markov,0.68,honeycomb,50,100,0.9,0.1972546682076864,0.3,0,0.42,0.08,280,0.2010327239456389,0.2,20,1.2951744165434913,3.4718670216863956e-18,0.2,plastic,secondary,0.0615467612480491,False,alpha_async,50,250,390,2,-1,1.0,0.6,0.6,100,0.0507624445468185,12179,1,35,0.6666666666666666,2,12179,0.55,0.0,0.75,35.0,repeated_lesion,30.0,0.45,0.2,0.1,0.002,8.0
72,500,0.3965852183367106,0.5,-0.1039636109368041,0.0,0.125,0.262018637092386,honeycomb__ql__plastic__intr0__struct0__synchronous__repeated_lesion__s2__43e645f343,0.0008054904721844,0.0078089175982933,0.25,False,0.7542772599677704,0.003,0.016,ql,0.68,honeycomb,50,100,0.9,0.306100813968117,0.3,0,0.42,0.08,280,0.3965619814650237,0.2,20,1.4710157699261803,1.6644364959743292e-18,0.2,plastic,secondary,0.0014235509946275,False,synchronous,50,250,390,2,-1,1.0,0.6,0.6,100,0.0022211622438949,0,0,35,1.0,2,0,0.55,0.0,0.75,35.0,repeated_lesion,30.0,0.45,0.2,0.1,0.002,8.0
72,500,0.3915808617919499,0.5,-0.2484836074411973,0.1126549035046025,0.125,0.2800516762872035,honeycomb__ql__plastic__intr1__struct0__block_async__repeated_lesion__s2__27713d0cf1,0.0107074216873648,-0.0038325468038088,0.25,False,0.726427147680272,0.003,0.016,ql,0.68,honeycomb,50,100,0.9,0.3471063026893008,0.3,1,0.42,0.08,280,0.3900635060027041,0.2,20,1.502719187044141,2.9307231743856946e-18,0.2,plastic,secondary,0.017746957880559,False,block_async,50,250,390,2,-1,1.0,0.6,0.6,100,0.0026302176797248,0,0,35,1.0,2,0,0.55,0.0,0.75,35.0,repeated_lesion,30.0,0.45,0.2,0.1,0.002,8.0
72,500,0.4744235809937491,0.5,-0.0604557659302488,0.0,0.125,0.0,extended_moore_r2__markov__plastic__intr0__struct1__alpha_async__repeated_lesion__s2__a0f5359e7c,-0.0058438483213445,-0.000560570266369,0.25,False,0.8398510560271297,0.003,0.016,markov,0.68,extended_moore_r2,50,100,0.9,0.2599269538523311,0.3,0,0.42,0.08,280,0.4361476564565932,0.2,20,0.8114900738699994,2.704770361294239e-18,0.2,plastic,secondary,-0.003668592979371,False,alpha_async,50,250,390,2,-1,1.0,0.6,0.6,100,0.0039510071239322,39397,1,35,0.7497749485596708,2,38858,0.55,0.0,0.75,35.0,repeated_lesion,30.0,0.45,0.2,0.1,0.002,8.0
72,500,0.4137513581939153,0.5,0.4277947698929724,0.0,0.125,0.213334608503701,extended_moore_r2__ql__plastic__intr0__struct0__synchronous__repeated_lesion__s2__c70d3beb33,-0.0484985128060381,-0.0078335864437018,0.25,False,0.8546037647452472,0.003,0.016,ql,0.68,extended_moore_r2,50,100,0.9,0.156936795867281,0.3,0,0.42,0.08,280,0.4108704491663381,0.2,20,1.2209862428835545,4.170517032580126e-18,0.2,plastic,secondary,-0.0361066960487667,False,synchronous,50,250,390,2,-1,1.0,0.6,0.6,100,0.0145554533714734,0,0,35,0.9845437885802468,2,0,0.55,0.0,0.75,35.0,repeated_lesion,30.0,0.45,0.2,0.1,0.002,8.0
72,500,0.2730446328853241,0.5,-0.1782501520397618,0.1486642115483782,0.125,0.2801366930399444,extended_moore_r2__ql__plastic__intr1__struct0__block_async__repeated_lesion__s2__7ba6203cf4,0.0368071841744852,0.0039905621703124,0.25,False,0.6114638473078591,0.003,0.016,ql,0.68,extended_moore_r2,50,100,0.9,0.2804291271841988,0.3,1,0.42,0.08,280,0.27242739544189,0.2,20,0.9197700492031908,4.697197930091681e-18,0.2,plastic,secondary,0.0459210609637367,False,block_async,50,250,390,2,-1,1.0,0.6,0.6,100,0.0711924641374136,0,0,35,0.8326822916666666,2,0,0.55,0.0,0.75,35.0,repeated_lesion,30.0,0.45,0.2,0.1,0.002,8.0
72,500,0.4194408946400302,0.5,-0.0518142065349984,0.0,0.125,0.0,extended_hex_r2__markov__plastic__intr0__struct1__alpha_async__repeated_lesion__s2__c6369d3789,-0.0009785020479315,-0.002201948295274,0.25,False,0.8342767705170789,0.003,0.016,markov,0.68,extended_hex_r2,50,100,0.9,0.2485951260794618,0.3,0,0.42,0.08,280,0.4412796207180141,0.2,20,0.3799406002800982,2.7030608449727734e-18,0.2,plastic,secondary,-0.0158818276111143,False,alpha_async,50,250,390,2,-1,1.0,0.6,0.6,100,0.0031431847301754,38365,1,35,0.777767061042524,2,38332,0.55,0.0,0.75,35.0,repeated_lesion,30.0,0.45,0.2,0.1,0.002,8.0
72,500,0.4129582888221433,0.5,0.4223327600308632,0.0,0.125,0.2184073861558545,extended_hex_r2__ql__plastic__intr0__struct0__synchronous__repeated_lesion__s2__55e6624ff6,-0.0610713965411804,-0.0058219994651186,0.25,False,0.8492593298523461,0.003,0.016,ql,0.68,extended_hex_r2,50,100,0.9,0.1616865342852427,0.3,0,0.42,0.08,280,0.4087226623094827,0.2,20,1.2307366422550063,3.3289375705875706e-18,0.2,plastic,secondary,-0.0667400253297272,False,synchronous,50,250,390,2,-1,1.0,0.6,0.6,100,0.0099296505043465,0,0,35,0.991158693415638,2,0,0.55,0.0,0.75,35.0,repeated_lesion,30.0,0.45,0.2,0.1,0.002,8.0
72,500,0.345789177196394,0.5,-0.152854633744648,0.0975829857623771,0.125,0.2349198351035442,extended_hex_r2__ql__plastic__intr1__struct0__block_async__repeated_lesion__s2__36fd619dd2,0.0394640279803777,-0.0058587069868702,0.25,False,0.7337985943647147,0.003,0.016,ql,0.68,extended_hex_r2,50,100,0.9,0.2768860309702526,0.3,1,0.42,0.08,280,0.3435021045971312,0.2,20,0.2904086945595615,2.2177439789017713e-18,0.2,plastic,secondary,0.0486943374875985,False,block_async,50,250,390,2,-1,1.0,0.6,0.6,100,0.0242573961809758,0,0,35,0.9393968621399176,2,0,0.55,0.0,0.75,35.0,repeated_lesion,30.0,0.45,0.2,0.1,0.002,8.0
72,500,0.4061988616040508,0.5,-0.1713651044314873,0.0,0.125,0.0,honeycomb_nnn__markov__plastic__intr0__struct1__alpha_async__repeated_lesion__s2__22afbc7101,0.0048798809432818,0.0111365800694157,0.25,False,0.6103710976622965,0.003,0.016,markov,0.68,honeycomb_nnn,50,100,0.9,0.4028662031409557,0.3,0,0.42,0.08,280,0.3891323154765542,0.2,20,1.065488628169874,2.273961591206587e-18,0.2,plastic,secondary,-0.003940925088222,False,alpha_async,50,250,390,2,-1,1.0,0.6,0.6,100,0.0077953967385267,28430,1,35,0.7777777777777778,2,28430,0.55,0.0,0.75,35.0,repeated_lesion,30.0,0.45,0.2,0.1,0.002,8.0
72,500,0.4058882448910395,0.5,0.4255997249882858,0.0,0.125,0.2164060877941229,honeycomb_nnn__ql__plastic__intr0__struct0__synchronous__repeated_lesion__s2__2e0be7d0ea,0.014906732200007,0.0158082992174905,0.25,False,0.8432906819431922,0.003,0.016,ql,0.68,honeycomb_nnn,50,100,0.9,0.1630768446627308,0.3,0,0.42,0.08,280,0.4090752986101957,0.2,20,1.253201321893426,3.594633110314107e-18,0.2,plastic,secondary,0.0282052516866416,False,synchronous,50,250,390,2,-1,1.0,0.6,0.6,100,0.0068241965354455,0,0,35,1.0,2,0,0.55,0.0,0.75,35.0,repeated_lesion,30.0,0.45,0.2,0.1,0.002,8.0
72,500,0.3770650096127426,0.5,-0.2073547563057837,0.0819308519699634,0.125,0.2459356782402185,honeycomb_nnn__ql__plastic__intr1__struct0__block_async__repeated_lesion__s2__b4f61d7ebb,0.0099226224625324,0.005726717395315,0.25,False,0.7475503044589622,0.003,0.016,ql,0.68,honeycomb_nnn,50,100,0.9,0.3142205637498193,0.3,1,0.42,0.08,280,0.3779186262213622,0.2,20,0.6346332942516849,3.01356641920249e-18,0.2,plastic,secondary,-0.0017180431448787,False,block_async,50,250,390,2,-1,1.0,0.6,0.6,100,0.0296909793085082,0,0,35,0.9975780178326474,2,0,0.55,0.0,0.75,35.0,repeated_lesion,30.0,0.45,0.2,0.1,0.002,8.0
72,500,0.1638065528349348,0.5,0.4722979358915985,0.0,0.125,0.0,square_vn__markov__plastic__intr0__struct1__alpha_async__repeated_lesion__s3__78cc0435e6,0.2109701160830695,0.201810534672924,0.25,False,0.3019968134716303,0.003,0.016,markov,0.68,square_vn,50,100,0.9,0.1432597695818184,0.3,0,0.42,0.08,280,0.155331389000786,0.2,20,1.215787820627673,2.7743337159310593e-18,0.2,plastic,secondary,0.1762776282197157,False,alpha_async,50,250,390,3,-1,1.0,0.6,0.6,100,0.0982327665000223,13133,1,35,0.75,2,13133,0.55,0.0,0.75,35.0,repeated_lesion,30.0,0.45,0.2,0.1,0.002,8.0
72,500,0.3960480863505389,0.5,-0.1081728060477156,0.0,0.125,0.2588114957010055,square_vn__ql__plastic__intr0__struct0__synchronous__repeated_lesion__s3__c1850544b4,-0.0020118660844144,-0.0016156594178334,0.25,False,0.7669896575097666,0.003,0.016,ql,0.68,square_vn,50,100,0.9,0.298641329054763,0.3,0,0.42,0.08,280,0.3950969560106028,0.2,20,1.4353723078896536,2.118076218409691e-18,0.2,plastic,secondary,0.0058354909784719,False,synchronous,50,250,390,3,-1,1.0,0.6,0.6,100,0.0029256597699978,0,0,35,1.0,2,0,0.55,0.0,0.75,35.0,repeated_lesion,30.0,0.45,0.2,0.1,0.002,8.0
72,500,0.3938181853473453,0.5,-0.2664393758240209,0.1091235908503131,0.125,0.2695332933102715,square_vn__ql__plastic__intr1__struct0__block_async__repeated_lesion__s3__fb9a4062f8,0.010221801221811,0.0063160182288361,0.25,False,0.7375076987261212,0.003,0.016,ql,0.68,square_vn,50,100,0.9,0.3469902350725698,0.3,1,0.42,0.08,280,0.3931646293773715,0.2,20,1.4406238264945446,2.121047601700926e-18,0.2,plastic,secondary,0.0143094951362528,False,block_async,50,250,390,3,-1,1.0,0.6,0.6,100,0.0024889446359276,0,0,35,1.0,2,0,0.55,0.0,0.75,35.0,repeated_lesion,30.0,0.45,0.2,0.1,0.002,8.0
72,500,0.36428366729392,0.5,-0.1585156334321057,0.0,0.125,0.0,square_moore__markov__plastic__intr0__struct1__alpha_async__repeated_lesion__s3__2419339512,0.0225441243770453,0.0208847336276459,0.25,False,0.5112700550025293,0.003,0.016,markov,0.68,square_moore,50,100,0.9,0.4147547033033639,0.3,0,0.42,0.08,280,0.3444310095802825,0.2,20,1.5058659304289015,2.327647481566236e-18,0.2,plastic,secondary,-0.0026126151080046,False,alpha_async,50,250,390,3,-1,1.0,0.6,0.6,100,0.0170074257640438,24809,1,35,0.75,2,24809,0.55,0.0,0.75,35.0,repeated_lesion,30.0,0.45,0.2,0.1,0.002,8.0
72,500,0.4143916702130036,0.5,0.3554273472712108,0.0,0.125,0.2130011824013167,square_moore__ql__plastic__intr0__struct0__synchronous__repeated_lesion__s3__d24dfe5602,0.0034813472399498,-0.0095731087686709,0.25,False,0.8443146057167633,0.003,0.016,ql,0.68,square_moore,50,100,0.9,0.1788514318046031,0.3,0,0.42,0.08,280,0.4112857746904729,0.2,20,1.2386143280656066,3.0611037656109706e-18,0.2,plastic,secondary,-0.0168366150632404,False,synchronous,50,250,390,3,-1,1.0,0.6,0.6,100,0.0047553720022666,0,0,35,1.0,2,0,0.55,0.0,0.75,35.0,repeated_lesion,30.0,0.45,0.2,0.1,0.002,8.0
72,500,0.3755056424767292,0.5,-0.3635825184905269,0.0630553682755686,0.125,0.2698035418389565,square_moore__ql__plastic__intr1__struct0__block_async__repeated_lesion__s3__a854aab3ee,0.0033038365411124,0.0006656009233732,0.25,False,0.5984443787767357,0.003,0.016,ql,0.68,square_moore,50,100,0.9,0.4426718722838831,0.3,1,0.42,0.08,280,0.3752776789312796,0.2,20,1.5089155906320506,2.73775395188168e-18,0.2,plastic,secondary,-0.0057515663312342,False,block_async,50,250,390,3,-1,1.0,0.6,0.6,100,0.0657781285779853,0,0,35,0.9972993827160492,2,0,0.55,0.0,0.75,35.0,repeated_lesion,30.0,0.45,0.2,0.1,0.002,8.0
72,500,0.2415688377856058,0.5,0.3577049416561417,0.0,0.125,0.0,hex_cells__markov__plastic__intr0__struct1__alpha_async__repeated_lesion__s3__83183e65d6,0.1793842559868209,0.1566386700791051,0.25,False,0.3975901723611406,0.003,0.016,markov,0.68,hex_cells,50,100,0.9,0.217209300830222,0.3,0,0.42,0.08,280,0.2290804098059433,0.2,20,1.4246008081451689,2.887517885040691e-18,0.2,plastic,secondary,0.1399146213485675,False,alpha_async,50,250,390,3,-1,1.0,0.6,0.6,100,0.1214584898578828,21397,1,35,0.6666666666666666,2,21397,0.55,0.0,0.75,35.0,repeated_lesion,30.0,0.45,0.2,0.1,0.002,8.0
72,500,0.4415044996263117,0.5,-0.2518848320993027,0.0,0.125,0.246568991336065,hex_cells__ql__plastic__intr0__struct0__synchronous__repeated_lesion__s3__dc6a23ec03,0.003663226726483,-0.0038961411231695,0.25,False,0.703401875511281,0.003,0.016,ql,0.68,hex_cells,50,100,0.9,0.3727173902254124,0.3,0,0.42,0.08,280,0.4411323558350996,0.2,20,1.2879825771469084,1.8392462014740626e-18,0.2,plastic,secondary,0.0148542040026615,False,synchronous,50,250,390,3,-1,1.0,0.6,0.6,100,0.0224734666402294,0,0,35,1.0,2,0,0.55,0.0,0.75,35.0,repeated_lesion,30.0,0.45,0.2,0.1,0.002,8.0
72,500,0.4116863131338588,0.5,-0.3051279394930787,0.0613685094974463,0.125,0.2754791792530033,hex_cells__ql__plastic__intr1__struct0__block_async__repeated_lesion__s3__55136f36aa,0.0113297017415573,0.0081398716530802,0.25,False,0.6547695355635593,0.003,0.016,ql,0.68,hex_cells,50,100,0.9,0.4134374288650736,0.3,1,0.42,0.08,280,0.411761405499112,0.2,20,1.2402128130567271,2.340065693635592e-18,0.2,plastic,secondary,0.0143386344659734,False,block_async,50,250,390,3,-1,1.0,0.6,0.6,100,0.0057967121298962,0,0,35,0.9999678497942388,2,0,0.55,0.0,0.75,35.0,repeated_lesion,30.0,0.45,0.2,0.1,0.002,8.0
72,500,0.1850872023432959,0.5,0.3791917997058274,0.0,0.125,0.0,honeycomb__markov__plastic__intr0__struct1__alpha_async__repeated_lesion__s3__52f3c13829,0.1071960056568562,0.0623853495740984,0.25,False,0.3631792920415607,0.003,0.016,markov,0.68,honeycomb,50,100,0.9,0.1742791842150905,0.3,0,0.42,0.08,280,0.1768297774147324,0.2,20,1.2154870002122495,1.9497883163231722e-18,0.2,plastic,secondary,0.1128212987565091,False,alpha_async,50,250,390,3,-1,1.0,0.6,0.6,100,0.0693813958978048,11153,1,35,0.6666666666666666,2,11153,0.55,0.0,0.75,35.0,repeated_lesion,30.0,0.45,0.2,0.1,0.002,8.0
72,500,0.396552633452004,0.5,-0.1028184163223787,0.0,0.125,0.2620684363468085,honeycomb__ql__plastic__intr0__struct0__synchronous__repeated_lesion__s3__5219e118c3,-0.0106462747403578,-0.0102567028918105,0.25,False,0.7580226957881955,0.003,0.016,ql,0.68,honeycomb,50,100,0.9,0.3032679851164799,0.3,0,0.42,0.08,280,0.3963511834874294,0.2,20,1.462748849102158,1.6125073571939396e-18,0.2,plastic,secondary,-0.010217495186209,False,synchronous,50,250,390,3,-1,1.0,0.6,0.6,100,0.0023332920135811,0,0,35,1.0,2,0,0.55,0.0,0.75,35.0,repeated_lesion,30.0,0.45,0.2,0.1,0.002,8.0
72,500,0.3930865575689838,0.5,-0.241017355598338,0.1107140723109732,0.125,0.2792031548495006,honeycomb__ql__plastic__intr1__struct0__block_async__repeated_lesion__s3__ab10793b91,0.0112794219199986,0.0007271749298962,0.25,False,0.7253526600561907,0.003,0.016,ql,0.68,honeycomb,50,100,0.9,0.3473015744859974,0.3,1,0.42,0.08,280,0.3903167414510437,0.2,20,1.4965111626465537,1.548868226276012e-18,0.2,plastic,secondary,0.0135239657451322,False,block_async,50,250,390,3,-1,1.0,0.6,0.6,100,0.0026822392742548,0,0,35,1.0,2,0,0.55,0.0,0.75,35.0,repeated_lesion,30.0,0.45,0.2,0.1,0.002,8.0
72,500,0.4079571641578036,0.5,-0.0642348536160608,0.0,0.125,0.0,extended_moore_r2__markov__plastic__intr0__struct1__alpha_async__repeated_lesion__s3__121428d7f8,0.0012095596249637,0.0035173215427936,0.25,False,0.8163051960747112,0.003,0.016,markov,0.68,extended_moore_r2,50,100,0.9,0.2562411398225854,0.3,0,0.42,0.08,280,0.4376028855517247,0.2,20,0.2673562375919255,2.659458131179769e-18,0.2,plastic,secondary,-0.0114900718433902,False,alpha_async,50,250,390,3,-1,1.0,0.6,0.6,100,0.0045472739274978,39600,1,35,0.7497106481481481,2,39005,0.55,0.0,0.75,35.0,repeated_lesion,30.0,0.45,0.2,0.1,0.002,8.0
72,500,0.4056022597618302,0.5,0.4162814071905468,0.0,0.125,0.2121373328770775,extended_moore_r2__ql__plastic__intr0__struct0__synchronous__repeated_lesion__s3__0c4533b23e,-0.0411752166637971,-0.017484140868032,0.25,False,0.8491391224606686,0.003,0.016,ql,0.68,extended_moore_r2,50,100,0.9,0.1584032364934779,0.3,0,0.42,0.08,280,0.4093364898391383,0.2,20,1.196938990218006,4.4257115635098126e-18,0.2,plastic,secondary,-0.0126087967573242,False,synchronous,50,250,390,3,-1,1.0,0.6,0.6,100,0.0133763156325799,0,0,35,0.9847608024691358,2,0,0.55,0.0,0.75,35.0,repeated_lesion,30.0,0.45,0.2,0.1,0.002,8.0
72,500,0.2744587456077766,0.5,-0.1774195152381969,0.1488596223457112,0.125,0.2803197119157797,extended_moore_r2__ql__plastic__intr1__struct0__block_async__repeated_lesion__s3__315286eaf9,0.0469337540427874,0.0067925758084571,0.25,False,0.6121979681608569,0.003,0.016,ql,0.68,extended_moore_r2,50,100,0.9,0.2816101985697542,0.3,1,0.42,0.08,280,0.2735867209102403,0.2,20,0.9122695798033768,3.7055466717229855e-18,0.2,plastic,secondary,0.0462232082577264,False,block_async,50,250,390,3,-1,1.0,0.6,0.6,100,0.1017520352391467,0,0,35,0.8319749871399177,2,0,0.55,0.0,0.75,35.0,repeated_lesion,30.0,0.45,0.2,0.1,0.002,8.0
72,500,0.4333199965214337,0.5,-0.0348890218296217,0.0,0.125,0.0,extended_hex_r2__markov__plastic__intr0__struct1__alpha_async__repeated_lesion__s3__b6a35453c5,-0.0163797102754178,-0.0168648849662973,0.25,False,0.8419321162716471,0.003,0.016,markov,0.68,extended_hex_r2,50,100,0.9,0.2474827844842521,0.3,0,0.42,0.08,280,0.4413494554094244,0.2,20,0.5886864313611999,2.244148474836867e-18,0.2,plastic,secondary,-0.0053830951435741,False,alpha_async,50,250,390,3,-1,1.0,0.6,0.6,100,0.0048557854059569,38659,1,35,0.777767061042524,2,38619,0.55,0.0,0.75,35.0,repeated_lesion,30.0,0.45,0.2,0.1,0.002,8.0
72,500,0.4106359987005469,0.5,0.4264367941790962,0.0,0.125,0.2196695426277916,extended_hex_r2__ql__plastic__intr0__struct0__synchronous__repeated_lesion__s3__97d245b5be,-0.0311736168586816,-0.0064311455330804,0.25,False,0.8443870798313041,0.003,0.016,ql,0.68,extended_hex_r2,50,100,0.9,0.1616410799556545,0.3,0,0.42,0.08,280,0.40680989639594,0.2,20,1.234545848862436,3.5825036640301374e-18,0.2,plastic,secondary,-0.0250389889904178,False,synchronous,50,250,390,3,-1,1.0,0.6,0.6,100,0.0117087444097293,0,0,35,0.9912765775034292,2,0,0.55,0.0,0.75,35.0,repeated_lesion,30.0,0.45,0.2,0.1,0.002,8.0
72,500,0.3485221297667112,0.5,-0.1553267067742431,0.0941099175504252,0.125,0.2334769668943807,extended_hex_r2__ql__plastic__intr1__struct0__block_async__repeated_lesion__s3__3b56ae08fe,0.0278421089947381,0.0072581786315634,0.25,False,0.731931901409396,0.003,0.016,ql,0.68,extended_hex_r2,50,100,0.9,0.2806013577385446,0.3,1,0.42,0.08,280,0.3462095952588301,0.2,20,0.2589528619816228,2.50909021495164e-18,0.2,plastic,secondary,0.0309564032758051,False,block_async,50,250,390,3,-1,1.0,0.6,0.6,100,0.0107889275802017,0,0,35,0.9375428669410152,2,0,0.55,0.0,0.75,35.0,repeated_lesion,30.0,0.45,0.2,0.1,0.002,8.0
72,500,0.4130701180267242,0.5,-0.1908411777102177,0.0,0.125,0.0,honeycomb_nnn__markov__plastic__intr0__struct1__alpha_async__repeated_lesion__s3__ff8ff84698,0.0134814072295795,0.0050576250492271,0.25,False,0.6169651933852223,0.003,0.016,markov,0.68,honeycomb_nnn,50,100,0.9,0.4082110935855627,0.3,0,0.42,0.08,280,0.3969090131178447,0.2,20,1.0463111530313216,2.300491898278278e-18,0.2,plastic,secondary,0.0081150173284365,False,alpha_async,50,250,390,3,-1,1.0,0.6,0.6,100,0.0093795286611094,28995,1,35,0.7777777777777778,2,28995,0.55,0.0,0.75,35.0,repeated_lesion,30.0,0.45,0.2,0.1,0.002,8.0
72,500,0.4111395542865629,0.5,0.4112740095181603,0.0,0.125,0.2142116850088997,honeycomb_nnn__ql__plastic__intr0__struct0__synchronous__repeated_lesion__s3__6c05d6ee69,-0.0321356064297759,-0.0204427777003043,0.25,False,0.8471337691140324,0.003,0.016,ql,0.68,honeycomb_nnn,50,100,0.9,0.1656607855727943,0.3,0,0.42,0.08,280,0.4104584451460524,0.2,20,1.2438326547491965,3.3020824172230973e-18,0.2,plastic,secondary,-0.0141722131449389,False,synchronous,50,250,390,3,-1,1.0,0.6,0.6,100,0.0051702586385878,0,0,35,1.0,2,0,0.55,0.0,0.75,35.0,repeated_lesion,30.0,0.45,0.2,0.1,0.002,8.0
72,500,0.3805827461829424,0.5,-0.2166769874260354,0.0807996270370237,0.125,0.2479919650328562,honeycomb_nnn__ql__plastic__intr1__struct0__block_async__repeated_lesion__s3__41311e314b,0.022610097612301,0.0131777503747868,0.25,False,0.7334435043932285,0.003,0.016,ql,0.68,honeycomb_nnn,50,100,0.9,0.3274327530007865,0.3,1,0.42,0.08,280,0.3808738325748433,0.2,20,0.7002641369147348,3.038303956770709e-18,0.2,plastic,secondary,0.0277009057109298,False,block_async,50,250,390,3,-1,1.0,0.6,0.6,100,0.0347308098055978,0,0,35,0.9976851851851852,2,0,0.55,0.0,0.75,35.0,repeated_lesion,30.0,0.45,0.2,0.1,0.002,8.0
72,500,0.3238221782681929,0.5,0.1423320142739468,0.0,0.125,0.0,square_vn__markov__plastic__intr0__struct1__block_async__lesion__s1__32c6f28c47,0.0555379734755213,0.0546177279881216,0.25,False,0.6054459832292881,0.003,0.016,markov,0.68,square_vn,50,100,0.9,0.2750331419906406,0.3,0,0.42,0.08,280,0.3344731099468192,0.2,20,1.496723699528283,2.1097916631641775e-18,0.2,plastic,secondary,0.0223109127949514,False,block_async,50,250,390,1,-1,1.0,0.6,0.6,100,0.0315156853418442,18694,1,35,0.75,2,18694,0.55,0.0,0.75,35.0,lesion,30.0,0.45,0.2,0.1,0.002,8.0
72,500,0.4009747342360435,0.5,-0.2163414131266839,0.0,0.125,0.2622897926481767,square_vn__ql__plastic__intr0__struct0__alpha_async__lesion__s1__ec9b51d8bf,-0.0049711276035679,0.0030538150228859,0.25,False,0.7308627291782624,0.003,0.016,ql,0.68,square_vn,50,100,0.9,0.3452654689154323,0.3,0,0.42,0.08,280,0.3908793986017352,0.2,20,1.4465456220456347,1.7930018089829623e-18,0.2,plastic,secondary,-0.0049386041422435,False,alpha_async,50,250,390,1,-1,1.0,0.6,0.6,100,0.0029248021403293,0,0,35,1.0,2,0,0.55,0.0,0.75,35.0,lesion,30.0,0.45,0.2,0.1,0.002,8.0
72,500,0.3815293182532608,0.5,-0.0954382440601561,0.1369043404905335,0.125,0.2947729597391807,square_vn__ql__plastic__intr1__struct1__synchronous__lesion__s1__4b01fd3bf2,0.0056380830664038,-0.002844569678996,0.25,False,0.7484172160500238,0.003,0.016,ql,0.68,square_vn,50,100,0.9,0.3006739288252796,0.3,1,0.42,0.08,280,0.3815287531288029,0.2,20,1.3935005225064323,1.3862688565886697e-18,0.2,plastic,secondary,-0.0021806430736659,False,synchronous,50,250,390,1,-1,1.0,0.6,0.6,100,0.0023400115852368,27134,1,35,0.75,2,27134,0.55,0.0,0.75,35.0,lesion,30.0,0.45,0.2,0.1,0.002,8.0
72,500,0.40610257483988,0.5,-0.3236964303462141,0.0,0.125,0.0,square_moore__markov__plastic__intr0__struct1__block_async__lesion__s1__8a84018235,0.0001950981081846,-0.0052853329265935,0.25,False,0.5315562512582861,0.003,0.016,markov,0.68,square_moore,50,100,0.9,0.4805064441057499,0.3,0,0.42,0.08,280,0.4083370054341341,0.2,20,1.4802743787460613,2.1504935837989016e-18,0.2,plastic,secondary,-0.0039852526838206,False,block_async,50,250,390,1,-1,1.0,0.6,0.6,100,0.0132156862503897,30958,1,35,0.75,2,30958,0.55,0.0,0.75,35.0,lesion,30.0,0.45,0.2,0.1,0.002,8.0
72,500,0.4061359066732376,0.5,-0.3640625618389798,0.0,0.125,0.2722147670983324,square_moore__ql__plastic__intr0__struct0__alpha_async__lesion__s1__4ba9a54d5a,0.0075770723480091,-0.0012708155564466,0.25,False,0.5705635105623659,0.003,0.016,ql,0.68,square_moore,50,100,0.9,0.4764743912200194,0.3,0,0.42,0.08,280,0.4049576976583915,0.2,20,1.5064377337065795,2.914097996022589e-18,0.2,plastic,secondary,-0.0053265114032647,False,alpha_async,50,250,390,1,-1,1.0,0.6,0.6,100,0.0196601031094807,0,0,35,0.9992525077160492,2,0,0.55,0.0,0.75,35.0,lesion,30.0,0.45,0.2,0.1,0.002,8.0
72,500,0.4049041880240583,0.5,0.0375513445482644,0.0937829955466689,0.125,0.2236563704731246,square_moore__ql__plastic__intr1__struct1__synchronous__lesion__s1__e7a2fe4eec,0.0002519830193872,0.0067031769268524,0.25,False,0.7871551158447008,0.003,0.016,ql,0.68,square_moore,50,100,0.9,0.2502265435813825,0.3,1,0.42,0.08,280,0.4069267185137303,0.2,20,1.237705220433834,3.2163839152468453e-18,0.2,plastic,secondary,0.018520311751063,False,synchronous,50,250,390,1,-1,1.0,0.6,0.6,100,0.0062004913028606,34298,1,35,0.75,2,34298,0.55,0.0,0.75,35.0,lesion,30.0,0.45,0.2,0.1,0.002,8.0
72,500,0.4200518762107286,0.5,-0.176612864275016,0.0,0.125,0.0,hex_cells__markov__plastic__intr0__struct1__block_async__lesion__s1__1363121df6,0.0076623999444273,0.0134998036423975,0.25,False,0.6775370838180453,0.003,0.016,markov,0.68,hex_cells,50,100,0.9,0.3752218499755157,0.3,0,0.42,0.08,280,0.4243335222697599,0.2,20,1.134406473240097,2.1507846979658945e-18,0.2,plastic,secondary,0.000309160946038,False,block_async,50,250,390,1,-1,1.0,0.6,0.6,100,0.0032853639511822,29893,1,35,0.6666666666666666,2,29893,0.55,0.0,0.75,35.0,lesion,30.0,0.45,0.2,0.1,0.002,8.0
72,500,0.4373889331443583,0.5,-0.3327906447299452,0.0,0.125,0.270347398370091,hex_cells__ql__plastic__intr0__struct0__alpha_async__lesion__s1__6ee2d67798,0.0045506843157186,0.0036594856264605,0.25,False,0.6037076460188764,0.003,0.016,ql,0.68,hex_cells,50,100,0.9,0.4636490043844292,0.3,0,0.42,0.08,280,0.4349248945388407,0.2,20,1.31561303230878,1.870756782383234e-18,0.2,plastic,secondary,0.0043285412835779,False,alpha_async,50,250,390,1,-1,1.0,0.6,0.6,100,0.0066182609333544,0,0,35,1.0,2,0,0.55,0.0,0.75,35.0,lesion,30.0,0.45,0.2,0.1,0.002,8.0
72,500,0.4142586053088687,0.5,-0.0470993650476022,0.0937650266289357,0.125,0.2271497896222096,hex_cells__ql__plastic__intr1__struct1__synchronous__lesion__s1__887d9e3234,0.0164829465778429,0.0043142528100384,0.25,False,0.768312770312398,0.003,0.016,ql,0.68,hex_cells,50,100,0.9,0.2901562313026146,0.3,1,0.42,0.08,280,0.4160921716860285,0.2,20,1.148931307838371,2.2584712765271853e-18,0.2,plastic,secondary,0.0191079423890498,False,synchronous,50,250,390,1,-1,1.0,0.6,0.6,100,0.0020499253680684,34831,1,35,0.6666666666666666,2,34831,0.55,0.0,0.75,35.0,lesion,30.0,0.45,0.2,0.1,0.002,8.0
72,500,0.298698021238948,0.5,0.1578006390108389,0.0,0.125,0.0,honeycomb__markov__plastic__intr0__struct1__block_async__lesion__s1__8d85bcd9c6,0.0199774717812961,0.019016823332066,0.25,False,0.601283028515985,0.003,0.016,markov,0.68,honeycomb,50,100,0.9,0.2597969315677447,0.3,0,0.42,0.08,280,0.295073685339714,0.2,20,1.4386160769653575,3.1508398456108997e-18,0.2,plastic,secondary,0.0140255759152966,False,block_async,50,250,390,1,-1,1.0,0.6,0.6,100,0.0035970783453835,16004,1,35,0.6666666666666666,2,16004,0.55,0.0,0.75,35.0,lesion,30.0,0.45,0.2,0.1,0.002,8.0
72,500,0.3924933028196884,0.5,-0.166648270914796,0.0,0.125,0.281071786903924,honeycomb__ql__plastic__intr0__struct0__alpha_async__lesion__s1__0eda2dcf9d,-0.0089471552472516,0.005631480217111,0.25,False,0.7173237981387577,0.003,0.016,ql,0.68,honeycomb,50,100,0.9,0.3384335630898611,0.3,0,0.42,0.08,280,0.3812342757428011,0.2,20,1.4975303164004885,2.4669820906140967e-18,0.2,plastic,secondary,-0.0068448774595199,False,alpha_async,50,250,390,1,-1,1.0,0.6,0.6,100,0.002186601893215,0,0,35,1.0,2,0,0.55,0.0,0.75,35.0,lesion,30.0,0.45,0.2,0.1,0.002,8.0
72,500,0.3514649875717904,0.5,-0.0282278855840826,0.1653444826619058,0.125,0.3508807760796638,honeycomb__ql__plastic__intr1__struct1__synchronous__lesion__s1__6dfc015f3b,-0.0021252576505306,0.0037788030209071,0.25,False,0.7340199983164186,0.003,0.016,ql,0.68,honeycomb,50,100,0.9,0.280668899342115,0.3,1,0.42,0.08,280,0.3510017007807812,0.2,20,1.384613389664037,1.6274629731959152e-18,0.2,plastic,secondary,-0.0127225600477959,False,synchronous,50,250,390,1,-1,1.0,0.6,0.6,100,0.0019672760981823,22149,1,35,0.6666666666666666,2,22149,0.55,0.0,0.75,35.0,lesion,30.0,0.45,0.2,0.1,0.002,8.0
72,500,0.3584372647714097,0.5,-0.1868682980492673,0.0,0.125,0.0,extended_moore_r2__markov__plastic__intr0__struct1__block_async__lesion__s1__f8236595ae,0.034317204814959,-0.0056021643106034,0.25,False,0.718603293720484,0.003,0.016,markov,0.68,extended_moore_r2,50,100,0.9,0.3025672146324789,0.3,0,0.42,0.08,280,0.3565339460131999,0.2,20,0.4900389331130094,3.1712775771712953e-18,0.2,plastic,secondary,0.0348225885670005,False,block_async,50,250,390,1,-1,1.0,0.6,0.6,100,0.0274708657343928,39724,1,35,0.7464232896090535,2,38292,0.55,0.0,0.75,35.0,lesion,30.0,0.45,0.2,0.1,0.002,8.0
72,500,0.4775696845879381,0.5,-0.0315971367135256,0.0,0.125,0.1256095195780112,extended_moore_r2__ql__plastic__intr0__struct0__alpha_async__lesion__s1__4458623c92,-0.0485988642542678,-0.0104192175075766,0.25,False,0.8347737483021535,0.003,0.016,ql,0.68,extended_moore_r2,50,100,0.9,0.2557124280354879,0.3,0,0.42,0.08,280,0.43849554032454,0.2,20,0.8254409279975888,2.8886002484256413e-18,0.2,plastic,secondary,0.0178968064994609,False,alpha_async,50,250,390,1,-1,1.0,0.6,0.6,100,0.0034044667022937,0,0,35,0.9797614454732512,2,0,0.55,0.0,0.75,35.0,lesion,30.0,0.45,0.2,0.1,0.002,8.0
72,500,0.4027671179005122,0.5,0.3699278266830559,0.0915010441953594,0.125,0.2310268838042976,extended_moore_r2__ql__plastic__intr1__struct1__synchronous__lesion__s1__a337ec4448,0.0037001210862714,0.0076009883817846,0.25,False,0.857820763727495,0.003,0.016,ql,0.68,extended_moore_r2,50,100,0.9,0.1615281931253534,0.3,1,0.42,0.08,280,0.4042602779358371,0.2,20,1.0814012537129374,3.9658372992085085e-18,0.2,plastic,secondary,0.0116751506302775,False,synchronous,50,250,390,1,-1,1.0,0.6,0.6,100,0.0099217920254504,39719,1,35,0.7498472865226338,2,39493,0.55,0.0,0.75,35.0,lesion,30.0,0.45,0.2,0.1,0.002,8.0
72,500,0.4145014433765941,0.5,-0.14749747726692,0.0,0.125,0.0,extended_hex_r2__markov__plastic__intr0__struct1__block_async__lesion__s1__c1c043dc50,-0.0072972364988416,-1.7230695674572747e-05,0.25,False,0.8411863281515956,0.003,0.016,markov,0.68,extended_hex_r2,50,100,0.9,0.238743107524257,0.3,0,0.42,0.08,280,0.4141761335697717,0.2,20,0.1924891861849209,2.457686942760905e-18,0.2,plastic,secondary,-0.0070153598081953,False,block_async,50,250,390,1,-1,1.0,0.6,0.6,100,0.0155748169750817,39435,1,35,0.7776920438957476,2,39343,0.55,0.0,0.75,35.0,lesion,30.0,0.45,0.2,0.1,0.002,8.0
72,500,0.4770805464328448,0.5,-0.0288416021069274,0.0,0.125,0.1240848258917287,extended_hex_r2__ql__plastic__intr0__struct0__alpha_async__lesion__s1__fac1e10b66,-0.0002248668092354,0.0087875661881107,0.25,False,0.8507812594281099,0.003,0.016,ql,0.68,extended_hex_r2,50,100,0.9,0.2462283564744919,0.3,0,0.42,0.08,280,0.4443912979635679,0.2,20,0.8579599740678923,2.4709203197943837e-18,0.2,plastic,secondary,0.064544971793475,False,alpha_async,50,250,390,1,-1,1.0,0.6,0.6,100,0.0023819739886107,0,0,35,0.991008659122085,2,0,0.55,0.0,0.75,35.0,lesion,30.0,0.45,0.2,0.1,0.002,8.0
72,500,0.4012062728667019,0.5,0.3822400474641841,0.0881115659099161,0.125,0.2234140594006936,extended_hex_r2__ql__plastic__intr1__struct1__synchronous__lesion__s1__c9d9830c57,0.0350189492194818,0.011401703230911,0.25,False,0.8525941459586021,0.003,0.016,ql,0.68,extended_hex_r2,50,100,0.9,0.1627760390671961,0.3,1,0.42,0.08,280,0.4046440952232262,0.2,20,1.142493906934233,3.8307515571058176e-18,0.2,plastic,secondary,-0.0027785506229265,False,synchronous,50,250,390,1,-1,1.0,0.6,0.6,100,0.0082768768149834,38659,1,35,0.7777777777777778,2,38653,0.55,0.0,0.75,35.0,lesion,30.0,0.45,0.2,0.1,0.002,8.0
72,500,0.4220740751401369,0.5,-0.2284063503497224,0.0,0.125,0.0,honeycomb_nnn__markov__plastic__intr0__struct1__block_async__lesion__s1__cf04361f35,0.0070479790101574,0.0002120663214382,0.25,False,0.6089482370692495,0.003,0.016,markov,0.68,honeycomb_nnn,50,100,0.9,0.4267361596210864,0.3,0,0.42,0.08,280,0.4236986306608783,0.2,20,1.0018277677639051,2.0793175782285315e-18,0.2,plastic,secondary,0.0099126049882954,False,block_async,50,250,390,1,-1,1.0,0.6,0.6,100,0.010644435873058,34259,1,35,0.7777777777777778,2,34259,0.55,0.0,0.75,35.0,lesion,30.0,0.45,0.2,0.1,0.002,8.0
72,500,0.4096827104307493,0.5,-0.2463689167882985,0.0,0.125,0.2383927181888775,honeycomb_nnn__ql__plastic__intr0__struct0__alpha_async__lesion__s1__f764749397,0.0087097656003309,0.0086325469436006,0.25,False,0.6587391541070693,0.003,0.016,ql,0.68,honeycomb_nnn,50,100,0.9,0.398592447790996,0.3,0,0.42,0.08,280,0.4086858495940897,0.2,20,0.9552936379700616,2.2666413813215472e-18,0.2,plastic,secondary,0.0050366670399224,False,alpha_async,50,250,390,1,-1,1.0,0.6,0.6,100,0.0190665461771104,0,0,35,0.9994641632373114,2,0,0.55,0.0,0.75,35.0,lesion,30.0,0.45,0.2,0.1,0.002,8.0
72,500,0.4087044904705507,0.5,0.3121256780983592,0.0919284378206022,0.125,0.2196098376093783,honeycomb_nnn__ql__plastic__intr1__struct1__synchronous__lesion__s1__46291862ac,0.0233646386505559,0.029758203160304,0.25,False,0.844442481393005,0.003,0.016,ql,0.68,honeycomb_nnn,50,100,0.9,0.1835079227335632,0.3,1,0.42,0.08,280,0.407277433244643,0.2,20,1.1675699979263217,2.821528637154657e-18,0.2,plastic,secondary,0.0675359694772338,False,synchronous,50,250,390,1,-1,1.0,0.6,0.6,100,0.0048683577086777,33609,1,35,0.7777777777777778,2,33609,0.55,0.0,0.75,35.0,lesion,30.0,0.45,0.2,0.1,0.002,8.0
72,500,0.3119310456046122,0.5,0.1940530689581644,0.0,0.125,0.0,square_vn__markov__plastic__intr0__struct1__block_async__lesion__s2__d1fb2ee7ff,0.0643735449024872,0.0608194232229546,0.25,False,0.5830529459258763,0.003,0.016,markov,0.68,square_vn,50,100,0.9,0.2616141558318411,0.3,0,0.42,0.08,280,0.3236701303587454,0.2,20,1.4916651572359387,2.3836455513688344e-18,0.2,plastic,secondary,0.024213181852943,False,block_async,50,250,390,2,-1,1.0,0.6,0.6,100,0.0431244122538977,18384,1,35,0.75,2,18384,0.55,0.0,0.75,35.0,lesion,30.0,0.45,0.2,0.1,0.002,8.0
72,500,0.3995465945544657,0.5,-0.2127889321951706,0.0,0.125,0.2649408342322405,square_vn__ql__plastic__intr0__struct0__alpha_async__lesion__s2__d479731249,-0.0021586337375517,0.0044019092080444,0.25,False,0.7301940425138923,0.003,0.016,ql,0.68,square_vn,50,100,0.9,0.3436755120697272,0.3,0,0.42,0.08,280,0.3917066530902813,0.2,20,1.438428226153082,1.7225756661509321e-18,0.2,plastic,secondary,0.0154550785897394,False,alpha_async,50,250,390,2,-1,1.0,0.6,0.6,100,0.0025679422386082,0,0,35,1.0,2,0,0.55,0.0,0.75,35.0,lesion,30.0,0.45,0.2,0.1,0.002,8.0
72,500,0.3779740865729824,0.5,-0.0981224628704416,0.1358975503209755,0.125,0.2921549812900292,square_vn__ql__plastic__intr1__struct1__synchronous__lesion__s2__196fffcd71,0.0101299313152766,0.0049527791050456,0.25,False,0.7469571528725022,0.003,0.016,ql,0.68,square_vn,50,100,0.9,0.3001231371372058,0.3,1,0.42,0.08,280,0.3825432157240833,0.2,20,1.3806743842990934,1.7835470925550462e-18,0.2,plastic,secondary,0.0162510418029181,False,synchronous,50,250,390,2,-1,1.0,0.6,0.6,100,0.002083596051904,27105,1,35,0.75,2,27105,0.55,0.0,0.75,35.0,lesion,30.0,0.45,0.2,0.1,0.002,8.0
72,500,0.4045903995115695,0.5,-0.3226430439752478,0.0,0.125,0.0,square_moore__markov__plastic__intr0__struct1__block_async__lesion__s2__6189fd5210,0.0039539331917489,0.0057338497012392,0.25,False,0.538024766374059,0.003,0.016,markov,0.68,square_moore,50,100,0.9,0.47666999444913,0.3,0,0.42,0.08,280,0.407149865323808,0.2,20,1.4745021144782686,3.6108770964076775e-18,0.2,plastic,secondary,-0.010363010788861,False,block_async,50,250,390,2,-1,1.0,0.6,0.6,100,0.0304043546411804,31161,1,35,0.75,2,31161,0.55,0.0,0.75,35.0,lesion,30.0,0.45,0.2,0.1,0.002,8.0
72,500,0.4093973909266932,0.5,-0.3610230529060682,0.0,0.125,0.2697006409558017,square_moore__ql__plastic__intr0__struct0__alpha_async__lesion__s2__d45129c8e8,0.0053115713893046,0.0059365430281461,0.25,False,0.5730843779302465,0.003,0.016,ql,0.68,square_moore,50,100,0.9,0.4758209849292286,0.3,0,0.42,0.08,280,0.4065311061392647,0.2,20,1.4891727812680444,2.0428915390278148e-18,0.2,plastic,secondary,0.0177231974130823,False,alpha_async,50,250,390,2,-1,1.0,0.6,0.6,100,0.0245005062356943,0,0,35,0.9986738040123456,2,0,0.55,0.0,0.75,35.0,lesion,30.0,0.45,0.2,0.1,0.002,8.0
72,500,0.4134872306952914,0.5,0.1038928072976313,0.092712852458619,0.125,0.219382591669872,square_moore__ql__plastic__intr1__struct1__synchronous__lesion__s2__05544d1dcf,0.0236237479525012,0.0007648825039647,0.25,False,0.8106434063382316,0.003,0.016,ql,0.68,square_moore,50,100,0.9,0.2329805137628709,0.3,1,0.42,0.08,280,0.4099872626719093,0.2,20,1.2000290265282147,2.470487965717828e-18,0.2,plastic,secondary,0.0461768745056497,False,synchronous,50,250,390,2,-1,1.0,0.6,0.6,100,0.0033796775209611,34767,1,35,0.75,2,34767,0.55,0.0,0.75,35.0,lesion,30.0,0.45,0.2,0.1,0.002,8.0
72,500,0.4244817926550147,0.5,-0.1968538694048552,0.0,0.125,0.0,hex_cells__markov__plastic__intr0__struct1__block_async__lesion__s2__4c7607b3ff,0.0032448458991546,0.0057211957581792,0.25,False,0.6820485482330761,0.003,0.016,markov,0.68,hex_cells,50,100,0.9,0.3792350955415829,0.3,0,0.42,0.08,280,0.4272043178795547,0.2,20,1.116616819509837,2.210893948639094e-18,0.2,plastic,secondary,-0.0111660462488302,False,block_async,50,250,390,2,-1,1.0,0.6,0.6,100,0.0025362061983128,30241,1,35,0.6666666666666666,2,30241,0.55,0.0,0.75,35.0,lesion,30.0,0.45,0.2,0.1,0.002,8.0
72,500,0.4394066290900476,0.5,-0.3368360939043616,0.0,0.125,0.2732167433207443,hex_cells__ql__plastic__intr0__struct0__alpha_async__lesion__s2__32b49cac81,-0.003453845646905,0.003369416290718,0.25,False,0.6036662364933638,0.003,0.016,ql,0.68,hex_cells,50,100,0.9,0.4654412534844502,0.3,0,0.42,0.08,280,0.4350738080557237,0.2,20,1.3082520427871287,1.893526994012789e-18,0.2,plastic,secondary,-0.0040993194590133,False,alpha_async,50,250,390,2,-1,1.0,0.6,0.6,100,0.0089047726502957,0,0,35,1.0,2,0,0.55,0.0,0.75,35.0,lesion,30.0,0.45,0.2,0.1,0.002,8.0
72,500,0.4112641572923586,0.5,-0.037757484381199,0.0940418620590484,0.125,0.228418798620105,hex_cells__ql__plastic__intr1__struct1__synchronous__lesion__s2__f323a317bc,0.0126458641829875,0.0112668552976838,0.25,False,0.7709673304196786,0.003,0.016,ql,0.68,hex_cells,50,100,0.9,0.2858229028313949,0.3,1,0.42,0.08,280,0.4159580316836919,0.2,20,1.1368756509501077,2.2039756695587163e-18,0.2,plastic,secondary,0.0205191484363684,False,synchronous,50,250,390,2,-1,1.0,0.6,0.6,100,0.0019876394593981,34944,1,35,0.6666666666666666,2,34944,0.55,0.0,0.75,35.0,lesion,30.0,0.45,0.2,0.1,0.002,8.0
72,500,0.2943721106529191,0.5,0.1663551891941707,0.0,0.125,0.0,honeycomb__markov__plastic__intr0__struct1__block_async__lesion__s2__a3aa960962,-0.0054776681375913,-0.0137059633142763,0.25,False,0.5934797295318398,0.003,0.016,markov,0.68,honeycomb,50,100,0.9,0.2578078790321849,0.3,0,0.42,0.08,280,0.2934898706303468,0.2,20,1.428049089960394,2.1574990505892885e-18,0.2,plastic,secondary,0.0202668446856408,False,block_async,50,250,390,2,-1,1.0,0.6,0.6,100,0.0041906357166925,17426,1,35,0.6666666666666666,2,17426,0.55,0.0,0.75,35.0,lesion,30.0,0.45,0.2,0.1,0.002,8.0
72,500,0.3950242236917441,0.5,-0.1856413047208425,0.0,0.125,0.2780732491840652,honeycomb__ql__plastic__intr0__struct0__alpha_async__lesion__s2__4bf75ceb1b,-0.0126866224720441,0.0060617202158695,0.25,False,0.7173875397516892,0.003,0.016,ql,0.68,honeycomb,50,100,0.9,0.3435684002316083,0.3,0,0.42,0.08,280,0.387580935078362,0.2,20,1.511188203012301,1.6243257505014985e-18,0.2,plastic,secondary,-0.0129220893328015,False,alpha_async,50,250,390,2,-1,1.0,0.6,0.6,100,0.002260637430293,0,0,35,1.0,2,0,0.55,0.0,0.75,35.0,lesion,30.0,0.45,0.2,0.1,0.002,8.0
72,500,0.3494044423007305,0.5,-0.0193996750711237,0.1613469830695507,0.125,0.3503484823808883,honeycomb__ql__plastic__intr1__struct1__synchronous__lesion__s2__0bbac8e87c,0.002239287124798,0.0029370910998459,0.25,False,0.7321833766804627,0.003,0.016,ql,0.68,honeycomb,50,100,0.9,0.2788641005719408,0.3,1,0.42,0.08,280,0.3498094936219058,0.2,20,1.3877047500988435,1.808014459659756e-18,0.2,plastic,secondary,0.0128587294388282,False,synchronous,50,250,390,2,-1,1.0,0.6,0.6,100,0.002047274166939,22247,1,35,0.6666666666666666,2,22247,0.55,0.0,0.75,35.0,lesion,30.0,0.45,0.2,0.1,0.002,8.0
72,500,0.3617870832089683,0.5,-0.1870162841362055,0.0,0.125,0.0,extended_moore_r2__markov__plastic__intr0__struct1__block_async__lesion__s2__2b20639ce2,0.0137919022019362,-0.0060118881541319,0.25,False,0.7189277018694616,0.003,0.016,markov,0.68,extended_moore_r2,50,100,0.9,0.305277356175007,0.3,0,0.42,0.08,280,0.3604936742951775,0.2,20,0.4962281292726732,4.180097482004569e-18,0.2,plastic,secondary,0.0241619667911116,False,block_async,50,250,390,2,-1,1.0,0.6,0.6,100,0.0300691569529834,39840,1,35,0.7463107638888888,2,38466,0.55,0.0,0.75,35.0,lesion,30.0,0.45,0.2,0.1,0.002,8.0
72,500,0.440269622221096,0.5,0.0140129723272732,0.0,0.125,0.1337849294288073,extended_moore_r2__ql__plastic__intr0__struct0__alpha_async__lesion__s2__fe136ecf84,-0.0243403244346111,-0.0177952169272612,0.25,False,0.8327409338034952,0.003,0.016,ql,0.68,extended_moore_r2,50,100,0.9,0.2496759083938871,0.3,0,0.42,0.08,280,0.4383933904002849,0.2,20,0.8252114610643156,3.0568781887848753e-18,0.2,plastic,secondary,-0.0390045811002127,False,alpha_async,50,250,390,2,-1,1.0,0.6,0.6,100,0.0262180601678635,0,0,35,0.9793756430041152,2,0,0.55,0.0,0.75,35.0,lesion,30.0,0.45,0.2,0.1,0.002,8.0
72,500,0.4086288483036303,0.5,0.3887997341753893,0.0908576231612356,0.125,0.2197910369386521,extended_moore_r2__ql__plastic__intr1__struct1__synchronous__lesion__s2__d2d209417f,0.0058483031502751,0.0327736804801226,0.25,False,0.8597557551127928,0.003,0.016,ql,0.68,extended_moore_r2,50,100,0.9,0.1602380136623027,0.3,1,0.42,0.08,280,0.4054211242845945,0.2,20,1.139639975151376,3.1598938868568607e-18,0.2,plastic,secondary,0.0347123202773255,False,synchronous,50,250,390,2,-1,1.0,0.6,0.6,100,0.0121848040535216,39750,1,35,0.7498713991769548,2,39509,0.55,0.0,0.75,35.0,lesion,30.0,0.45,0.2,0.1,0.002,8.0
72,500,0.4135452583783336,0.5,-0.1453778885238364,0.0,0.125,0.0,extended_hex_r2__markov__plastic__intr0__struct1__block_async__lesion__s2__82ca39e1ef,-0.0204376505881556,-0.0003353287854594,0.25,False,0.8384648869292166,0.003,0.016,markov,0.68,extended_hex_r2,50,100,0.9,0.2399298288631178,0.3,0,0.42,0.08,280,0.41215294968045,0.2,20,0.2100777232176173,2.768133613333849e-18,0.2,plastic,secondary,-0.0246490482433617,False,block_async,50,250,390,2,-1,1.0,0.6,0.6,100,0.0142025111059211,39452,1,35,0.7777027606310014,2,39366,0.55,0.0,0.75,35.0,lesion,30.0,0.45,0.2,0.1,0.002,8.0
72,500,0.4824895045551987,0.5,-0.0388373055326442,0.0,0.125,0.1239120788946856,extended_hex_r2__ql__plastic__intr0__struct0__alpha_async__lesion__s2__13bd31cd1c,-0.0131042130344526,-0.0040695444329422,0.25,False,0.8512649337667341,0.003,0.016,ql,0.68,extended_hex_r2,50,100,0.9,0.246566377214872,0.3,0,0.42,0.08,280,0.4443387980656381,0.2,20,0.8243177294211639,2.928005067197741e-18,0.2,plastic,secondary,0.0068090901858681,False,alpha_async,50,250,390,2,-1,1.0,0.6,0.6,100,0.0024640247122942,0,0,35,0.9906014231824416,2,0,0.55,0.0,0.75,35.0,lesion,30.0,0.45,0.2,0.1,0.002,8.0
72,500,0.4047949998147954,0.5,0.3765952073012608,0.0883987415834908,0.125,0.2210992869449398,extended_hex_r2__ql__plastic__intr1__struct1__synchronous__lesion__s2__9ef4962422,-0.0206409982660869,0.0009098487146576,0.25,False,0.8515534098938895,0.003,0.016,ql,0.68,extended_hex_r2,50,100,0.9,0.1662590018482378,0.3,1,0.42,0.08,280,0.4049614038038846,0.2,20,1.142732921049858,3.587061026621536e-18,0.2,plastic,secondary,0.0064827464352225,False,synchronous,50,250,390,2,-1,1.0,0.6,0.6,100,0.0081998687003924,38751,1,35,0.7777777777777778,2,38742,0.55,0.0,0.75,35.0,lesion,30.0,0.45,0.2,0.1,0.002,8.0
72,500,0.4227147307550859,0.5,-0.2323965424805624,0.0,0.125,0.0,honeycomb_nnn__markov__plastic__intr0__struct1__block_async__lesion__s2__43e0103c55,0.0070891684689483,0.0045878103447785,0.25,False,0.6036493160332983,0.003,0.016,markov,0.68,honeycomb_nnn,50,100,0.9,0.4306800032129224,0.3,0,0.42,0.08,280,0.425315104325344,0.2,20,1.0012283342946957,2.203991534949548e-18,0.2,plastic,secondary,0.0179793748677196,False,block_async,50,250,390,2,-1,1.0,0.6,0.6,100,0.0108873176681873,34711,1,35,0.7777777777777778,2,34711,0.55,0.0,0.75,35.0,lesion,30.0,0.45,0.2,0.1,0.002,8.0
72,500,0.412213108147325,0.5,-0.2531297311071048,0.0,0.125,0.2381747477671058,honeycomb_nnn__ql__plastic__intr0__struct0__alpha_async__lesion__s2__a278180df9,-0.0080866567254948,-0.0042197845162068,0.25,False,0.6597389620810448,0.003,0.016,ql,0.68,honeycomb_nnn,50,100,0.9,0.4007217891303182,0.3,0,0.42,0.08,280,0.4114475869774197,0.2,20,0.9685030636244892,2.796294513442286e-18,0.2,plastic,secondary,-0.0060871617203357,False,alpha_async,50,250,390,2,-1,1.0,0.6,0.6,100,0.0251822984270706,0,0,35,0.9994212962962964,2,0,0.55,0.0,0.75,35.0,lesion,30.0,0.45,0.2,0.1,0.002,8.0
72,500,0.4028573082909591,0.5,0.3084396320636892,0.0914260323566109,0.125,0.2190659382677883,honeycomb_nnn__ql__plastic__intr1__struct1__synchronous__lesion__s2__aeb4bce4c6,0.0193705788912469,0.0273054161384939,0.25,False,0.8416296767459569,0.003,0.016,ql,0.68,honeycomb_nnn,50,100,0.9,0.1829321493944588,0.3,1,0.42,0.08,280,0.4082222799783643,0.2,20,1.1481228862066148,2.13729721480532e-18,0.2,plastic,secondary,0.0070700381974751,False,synchronous,50,250,390,2,-1,1.0,0.6,0.6,100,0.0051161140721237,33756,1,35,0.7777777777777778,2,33756,0.55,0.0,0.75,35.0,lesion,30.0,0.45,0.2,0.1,0.002,8.0
72,500,0.3017395420077434,0.5,0.2133454853917458,0.0,0.125,0.0,square_vn__markov__plastic__intr0__struct1__block_async__lesion__s3__147a199207,0.0815966559711275,0.0819720053924362,0.25,False,0.5604058407315072,0.003,0.016,markov,0.68,square_vn,50,100,0.9,0.2576594914583151,0.3,0,0.42,0.08,280,0.3126049700340739,0.2,20,1.4951059014924173,2.5154517728186775e-18,0.2,plastic,secondary,0.052449307960325,False,block_async,50,250,390,3,-1,1.0,0.6,0.6,100,0.0446409588441721,18272,1,35,0.75,2,18272,0.55,0.0,0.75,35.0,lesion,30.0,0.45,0.2,0.1,0.002,8.0
72,500,0.3998721215960139,0.5,-0.219365093077866,0.0,0.125,0.2628194758079509,square_vn__ql__plastic__intr0__struct0__alpha_async__lesion__s3__a08c2b2887,-0.0019648705302909,0.001788822985086,0.25,False,0.7269985683028646,0.003,0.016,ql,0.68,square_vn,50,100,0.9,0.3477861241726751,0.3,0,0.42,0.08,280,0.3921949238225496,0.2,20,1.4480990332651875,2.0301678550746287e-18,0.2,plastic,secondary,-0.0229645086441619,False,alpha_async,50,250,390,3,-1,1.0,0.6,0.6,100,0.0025002435161468,0,0,35,1.0,2,0,0.55,0.0,0.75,35.0,lesion,30.0,0.45,0.2,0.1,0.002,8.0
72,500,0.3819467070508539,0.5,-0.0896559176557192,0.1343101311749434,0.125,0.2931858624246589,square_vn__ql__plastic__intr1__struct1__synchronous__lesion__s3__f07ce8ad99,0.0110582457496086,-0.0026712909560595,0.25,False,0.7474713255067288,0.003,0.016,ql,0.68,square_vn,50,100,0.9,0.3007132982151718,0.3,1,0.42,0.08,280,0.3826268721817483,0.2,20,1.3828686459900583,1.7626870568366117e-18,0.2,plastic,secondary,-0.0026036036015562,False,synchronous,50,250,390,3,-1,1.0,0.6,0.6,100,0.0023681049462625,27383,1,35,0.75,2,27383,0.55,0.0,0.75,35.0,lesion,30.0,0.45,0.2,0.1,0.002,8.0
72,500,0.4018253726172854,0.5,-0.3296483111334424,0.0,0.125,0.0,square_moore__markov__plastic__intr0__struct1__block_async__lesion__s3__5e82581293,-0.00400448625012,-0.0006560135403602,0.25,False,0.5250257899112645,0.003,0.016,markov,0.68,square_moore,50,100,0.9,0.4835394535293861,0.3,0,0.42,0.08,280,0.4036099962970593,0.2,20,1.5023929509921388,2.113567688128835e-18,0.2,plastic,secondary,-0.011998135212887,False,block_async,50,250,390,3,-1,1.0,0.6,0.6,100,0.0147272149293586,30608,1,35,0.75,2,30608,0.55,0.0,0.75,35.0,lesion,30.0,0.45,0.2,0.1,0.002,8.0
72,500,0.4074430238401684,0.5,-0.3667640293006435,0.0,0.125,0.2717338942152222,square_moore__ql__plastic__intr0__struct0__alpha_async__lesion__s3__53c01a8899,0.0025272644520027,0.0062483495468487,0.25,False,0.5677090180287924,0.003,0.016,ql,0.68,square_moore,50,100,0.9,0.479286336060819,0.3,0,0.42,0.08,280,0.4050862596766333,0.2,20,1.505152807763699,2.422179665012236e-18,0.2,plastic,secondary,-0.001192828588643,False,alpha_async,50,250,390,3,-1,1.0,0.6,0.6,100,0.0237856437225578,0,0,35,0.9992525077160492,2,0,0.55,0.0,0.75,35.0,lesion,30.0,0.45,0.2,0.1,0.002,8.0
72,500,0.4067664113145889,0.5,0.0752456851925028,0.0942335063907606,0.125,0.223160648594252,square_moore__ql__plastic__intr1__struct1__synchronous__lesion__s3__afa4f51220,0.0029118041510866,0.0065267179484432,0.25,False,0.7951613421943277,0.003,0.016,ql,0.68,square_moore,50,100,0.9,0.2425640568879227,0.3,1,0.42,0.08,280,0.4096470792642511,0.2,20,1.2200547495226537,2.427146784339389e-18,0.2,plastic,secondary,0.0165304762429323,False,synchronous,50,250,390,3,-1,1.0,0.6,0.6,100,0.0036394578083903,35030,1,35,0.75,2,35030,0.55,0.0,0.75,35.0,lesion,30.0,0.45,0.2,0.1,0.002,8.0
72,500,0.4146843114431114,0.5,-0.1484126288888297,0.0,0.125,0.0,hex_cells__markov__plastic__intr0__struct1__block_async__lesion__s3__ca48d1538f,0.0164764971543541,0.0175619028144539,0.25,False,0.6665002016554374,0.003,0.016,markov,0.68,hex_cells,50,100,0.9,0.3710746484071363,0.3,0,0.42,0.08,280,0.4215934365743332,0.2,20,1.175382808027981,1.6208698589202885e-18,0.2,plastic,secondary,0.0040659771766077,False,block_async,50,250,390,3,-1,1.0,0.6,0.6,100,0.0051299657988098,29003,1,35,0.6666666666666666,2,29003,0.55,0.0,0.75,35.0,lesion,30.0,0.45,0.2,0.1,0.002,8.0
72,500,0.4418089283730594,0.5,-0.3425851810753338,0.0,0.125,0.2705477475289033,hex_cells__ql__plastic__intr0__struct0__alpha_async__lesion__s3__b5601c049f,-0.0014653532672069,0.0045082893912649,0.25,False,0.6064997648304584,0.003,0.016,ql,0.68,hex_cells,50,100,0.9,0.4659091742034036,0.3,0,0.42,0.08,280,0.4357482729497781,0.2,20,1.2875183671948034,2.822660003347761e-18,0.2,plastic,secondary,-0.0115092680493004,False,alpha_async,50,250,390,3,-1,1.0,0.6,0.6,100,0.0095215419603051,0,0,35,1.0,2,0,0.55,0.0,0.75,35.0,lesion,30.0,0.45,0.2,0.1,0.002,8.0
72,500,0.4138738226671652,0.5,-0.0512513766561764,0.0943516751345639,0.125,0.2278030153733182,hex_cells__ql__plastic__intr1__struct1__synchronous__lesion__s3__52445e034d,0.0177961150358482,0.0095096788560081,0.25,False,0.7678252356544861,0.003,0.016,ql,0.68,hex_cells,50,100,0.9,0.290623724114493,0.3,1,0.42,0.08,280,0.4159799168485442,0.2,20,1.143183979226725,1.425400457515789e-18,0.2,plastic,secondary,0.0103200821061345,False,synchronous,50,250,390,3,-1,1.0,0.6,0.6,100,0.001916924088382,35127,1,35,0.6666666666666666,2,35127,0.55,0.0,0.75,35.0,lesion,30.0,0.45,0.2,0.1,0.002,8.0
72,500,0.2898271193771823,0.5,0.1881596978524318,0.0,0.125,0.0,honeycomb__markov__plastic__intr0__struct1__block_async__lesion__s3__e503c942ca,-0.0015289524727531,-0.0073150058554976,0.25,False,0.5822110443390393,0.003,0.016,markov,0.68,honeycomb,50,100,0.9,0.253871404431626,0.3,0,0.42,0.08,280,0.2909972973730163,0.2,20,1.4274006028373831,9.802170747497686e-19,0.2,plastic,secondary,0.0117852625070334,False,block_async,50,250,390,3,-1,1.0,0.6,0.6,100,0.0040950244621945,16817,1,35,0.6666666666666666,2,16817,0.55,0.0,0.75,35.0,lesion,30.0,0.45,0.2,0.1,0.002,8.0
72,500,0.3950795268789162,0.5,-0.1767608702552975,0.0,0.125,0.2812257320383512,honeycomb__ql__plastic__intr0__struct0__alpha_async__lesion__s3__e5477840b7,0.0015353679233893,-0.0023305209892926,0.25,False,0.7184267806558334,0.003,0.016,ql,0.68,honeycomb,50,100,0.9,0.3405026873300728,0.3,0,0.42,0.08,280,0.3858121161648377,0.2,20,1.5022149372447438,1.761197530572926e-18,0.2,plastic,secondary,0.0096307272401169,False,alpha_async,50,250,390,3,-1,1.0,0.6,0.6,100,0.0022374320658606,0,0,35,1.0,2,0,0.55,0.0,0.75,35.0,lesion,30.0,0.45,0.2,0.1,0.002,8.0
72,500,0.3474546921579196,0.5,-0.0262835400129801,0.1650606771214046,0.125,0.354333342570874,honeycomb__ql__plastic__intr1__struct1__synchronous__lesion__s3__afcf8c18af,0.0095690342199075,0.0129796214318077,0.25,False,0.7311108030582947,0.003,0.016,ql,0.68,honeycomb,50,100,0.9,0.278505302252068,0.3,1,0.42,0.08,280,0.3498040854656472,0.2,20,1.3963434064729168,1.681386935643564e-18,0.2,plastic,secondary,-0.0120333305434458,False,synchronous,50,250,390,3,-1,1.0,0.6,0.6,100,0.0019406529314899,22359,1,35,0.6666666666666666,2,22359,0.55,0.0,0.75,35.0,lesion,30.0,0.45,0.2,0.1,0.002,8.0
72,500,0.358222285521344,0.5,-0.1867799756765994,0.0,0.125,0.0,extended_moore_r2__markov__plastic__intr0__struct1__block_async__lesion__s3__c3f9313e7c,0.0046083879290937,-0.0016514340783912,0.25,False,0.7227239055906102,0.003,0.016,markov,0.68,extended_moore_r2,50,100,0.9,0.299186385645997,0.3,0,0.42,0.08,280,0.3568291215013079,0.2,20,0.4642246915904701,3.0823783519521397e-18,0.2,plastic,secondary,0.0056033579581815,False,block_async,50,250,390,3,-1,1.0,0.6,0.6,100,0.0284069391323246,40115,1,35,0.7459329989711934,2,38747,0.55,0.0,0.75,35.0,lesion,30.0,0.45,0.2,0.1,0.002,8.0
72,500,0.4856365643854666,0.5,-0.0337094340042316,0.0,0.125,0.1231210507807105,extended_moore_r2__ql__plastic__intr0__struct0__alpha_async__lesion__s3__7348f18557,-0.0336346401753045,-0.0137265638301991,0.25,False,0.8407544785501326,0.003,0.016,ql,0.68,extended_moore_r2,50,100,0.9,0.2533762137833278,0.3,0,0.42,0.08,280,0.4433577879898027,0.2,20,0.8163282135099603,2.6495725576865327e-18,0.2,plastic,secondary,0.0234724739522607,False,alpha_async,50,250,390,3,-1,1.0,0.6,0.6,100,0.0031068558732727,0,0,35,0.9819074717078188,2,0,0.55,0.0,0.75,35.0,lesion,30.0,0.45,0.2,0.1,0.002,8.0
72,500,0.4028589211199257,0.5,0.3987324616070908,0.0922694646942574,0.125,0.2266698783364632,extended_moore_r2__ql__plastic__intr1__struct1__synchronous__lesion__s3__792b040230,0.0054128141467167,0.0324423710113586,0.25,False,0.8543933858874041,0.003,0.016,ql,0.68,extended_moore_r2,50,100,0.9,0.1594313680749581,0.3,1,0.42,0.08,280,0.4040942089746522,0.2,20,1.1485592156956468,4.0534025286036395e-18,0.2,plastic,secondary,-0.0201281025474464,False,synchronous,50,250,390,3,-1,1.0,0.6,0.6,100,0.0108479292615456,40048,1,35,0.7498794367283951,2,39870,0.55,0.0,0.75,35.0,lesion,30.0,0.45,0.2,0.1,0.002,8.0
72,500,0.4083638163950505,0.5,-0.1471991870119094,0.0,0.125,0.0,extended_hex_r2__markov__plastic__intr0__struct1__block_async__lesion__s3__5425644634,0.0069224181440471,0.0080765692271461,0.25,False,0.8185618611284179,0.003,0.016,markov,0.68,extended_hex_r2,50,100,0.9,0.2555281378676494,0.3,0,0.42,0.08,280,0.4063093220668602,0.2,20,0.2084702739855665,2.831955453533961e-18,0.2,plastic,secondary,0.0174406387353237,False,block_async,50,250,390,3,-1,1.0,0.6,0.6,100,0.0210729066737448,39708,1,35,0.7775527263374485,2,39584,0.55,0.0,0.75,35.0,lesion,30.0,0.45,0.2,0.1,0.002,8.0
72,500,0.4108260454250706,0.5,-0.0452758463324953,0.0,0.125,0.1313881653853535,extended_hex_r2__ql__plastic__intr0__struct0__alpha_async__lesion__s3__a4756408c6,0.006473904726854,0.0084045895187655,0.25,False,0.828669026084756,0.003,0.016,ql,0.68,extended_hex_r2,50,100,0.9,0.2441396314740018,0.3,0,0.42,0.08,280,0.4465227464886339,0.2,20,0.2881271718227197,2.6773073992859612e-18,0.2,plastic,secondary,-0.0753520078108111,False,alpha_async,50,250,390,3,-1,1.0,0.6,0.6,100,0.0026590621360934,0,0,35,0.9906550068587106,2,0,0.55,0.0,0.75,35.0,lesion,30.0,0.45,0.2,0.1,0.002,8.0
72,500,0.4044976357331354,0.5,0.3735595610658345,0.0893356281996028,0.125,0.2234322488003693,extended_hex_r2__ql__plastic__intr1__struct1__synchronous__lesion__s3__36e0c41ea9,-0.0183307423784429,-0.010609371617539,0.25,False,0.8547669953431078,0.003,0.016,ql,0.68,extended_hex_r2,50,100,0.9,0.1644048911374057,0.3,1,0.42,0.08,280,0.4045315523479443,0.2,20,1.1299872320880553,3.8714700835591775e-18,0.2,plastic,secondary,-0.0418846488708304,False,synchronous,50,250,390,3,-1,1.0,0.6,0.6,100,0.009499868782722,39041,1,35,0.777767061042524,2,39033,0.55,0.0,0.75,35.0,lesion,30.0,0.45,0.2,0.1,0.002,8.0
72,500,0.424888305432763,0.5,-0.2315562817584862,0.0,0.125,0.0,honeycomb_nnn__markov__plastic__intr0__struct1__block_async__lesion__s3__ad28e6e4c3,0.0087831118962096,0.0023561143196138,0.25,False,0.6046753320449001,0.003,0.016,markov,0.68,honeycomb_nnn,50,100,0.9,0.4307417309617287,0.3,0,0.42,0.08,280,0.4275498081715953,0.2,20,1.0017591983070706,2.3382193134659143e-18,0.2,plastic,secondary,0.0169627797127315,False,block_async,50,250,390,3,-1,1.0,0.6,0.6,100,0.0096446753416989,34703,1,35,0.7777777777777778,2,34703,0.55,0.0,0.75,35.0,lesion,30.0,0.45,0.2,0.1,0.002,8.0
72,500,0.4064850476847053,0.5,-0.2478019665913236,0.0,0.125,0.2389259342721012,honeycomb_nnn__ql__plastic__intr0__struct0__alpha_async__lesion__s3__698316c6a3,0.0014488001793075,0.013357255785902,0.25,False,0.6688852767960752,0.003,0.016,ql,0.68,honeycomb_nnn,50,100,0.9,0.3914846741786354,0.3,0,0.42,0.08,280,0.4053145950128821,0.2,20,0.9482801056887749,2.4498170994559387e-18,0.2,plastic,secondary,0.0134715952640574,False,alpha_async,50,250,390,3,-1,1.0,0.6,0.6,100,0.022238560269323,0,0,35,0.999335562414266,2,0,0.55,0.0,0.75,35.0,lesion,30.0,0.45,0.2,0.1,0.002,8.0
72,500,0.4060264523584903,0.5,0.3120949984918924,0.0912751564155179,0.125,0.2146923615427036,honeycomb_nnn__ql__plastic__intr1__struct1__synchronous__lesion__s3__e9bc6ba7f7,0.0058023386982611,-0.0277594506404691,0.25,False,0.8446834164439222,0.003,0.016,ql,0.68,honeycomb_nnn,50,100,0.9,0.1819035849048795,0.3,1,0.42,0.08,280,0.4086078504673067,0.2,20,1.166917853267308,2.4203212378737713e-18,0.2,plastic,secondary,-0.001745119773798,False,synchronous,50,250,390,3,-1,1.0,0.6,0.6,100,0.0051354799130244,33928,1,35,0.7777777777777778,2,33928,0.55,0.0,0.75,35.0,lesion,30.0,0.45,0.2,0.1,0.002,8.0
72,500,0.3214052438657747,0.5,0.154728542640252,0.0,0.125,0.0,square_vn__markov__plastic__intr0__struct1__block_async__repeated_lesion__s1__44b1b33ec8,0.0658869180322144,0.0644582438449702,0.25,False,0.594930439789597,0.003,0.016,markov,0.68,square_vn,50,100,0.9,0.2746394929184002,0.3,0,0.42,0.08,280,0.3308445152592395,0.2,20,1.4955608724691871,2.3028713432425825e-18,0.2,plastic,secondary,0.0321410174683724,False,block_async,50,250,390,1,-1,1.0,0.6,0.6,100,0.0339137619830136,18665,1,35,0.75,2,18665,0.55,0.0,0.75,35.0,repeated_lesion,30.0,0.45,0.2,0.1,0.002,8.0
72,500,0.4009843044398312,0.5,-0.2152352782182189,0.0,0.125,0.264721908135792,square_vn__ql__plastic__intr0__struct0__alpha_async__repeated_lesion__s1__881838a3ad,-0.0067578159866694,0.0027745742495071,0.25,False,0.729300741908651,0.003,0.016,ql,0.68,square_vn,50,100,0.9,0.34543584564487,0.3,0,0.42,0.08,280,0.3910213251821546,0.2,20,1.4399906509542355,2.2151028530895573e-18,0.2,plastic,secondary,0.0051015760616702,False,alpha_async,50,250,390,1,-1,1.0,0.6,0.6,100,0.0027660940559114,0,0,35,1.0,2,0,0.55,0.0,0.75,35.0,repeated_lesion,30.0,0.45,0.2,0.1,0.002,8.0
72,500,0.3832810414391039,0.5,-0.0932041094099761,0.1367646711150637,0.125,0.2943616944603261,square_vn__ql__plastic__intr1__struct1__synchronous__repeated_lesion__s1__38e49311bd,-0.0006554176734827,0.0089817425708472,0.25,False,0.7483878937373202,0.003,0.016,ql,0.68,square_vn,50,100,0.9,0.3008318771217359,0.3,1,0.42,0.08,280,0.3827654874103779,0.2,20,1.3850602470400852,1.812745005641347e-18,0.2,plastic,secondary,-0.0073997215702411,False,synchronous,50,250,390,1,-1,1.0,0.6,0.6,100,0.0022229932606254,27111,1,35,0.75,2,27111,0.55,0.0,0.75,35.0,repeated_lesion,30.0,0.45,0.2,0.1,0.002,8.0
72,500,0.4043003755194324,0.5,-0.3281906516387445,0.0,0.125,0.0,square_moore__markov__plastic__intr0__struct1__block_async__repeated_lesion__s1__db60ba7106,0.0006973030514626,0.0049691572570324,0.25,False,0.531794959540905,0.003,0.016,markov,0.68,square_moore,50,100,0.9,0.4803002085249763,0.3,0,0.42,0.08,280,0.4046531866322648,0.2,20,1.4884946652480102,2.375445387343359e-18,0.2,plastic,secondary,-0.0023068385189951,False,block_async,50,250,390,1,-1,1.0,0.6,0.6,100,0.0176709602881497,30922,1,35,0.75,2,30922,0.55,0.0,0.75,35.0,repeated_lesion,30.0,0.45,0.2,0.1,0.002,8.0
72,500,0.4065359944210849,0.5,-0.3642593481016935,0.0,0.125,0.2716815813981159,square_moore__ql__plastic__intr0__struct0__alpha_async__repeated_lesion__s1__7e88bcb529,0.0102732264598929,0.0021538399608403,0.25,False,0.5716876069107316,0.003,0.016,ql,0.68,square_moore,50,100,0.9,0.4762073617441499,0.3,0,0.42,0.08,280,0.4050861931300097,0.2,20,1.5043603985775291,2.8361866741422093e-18,0.2,plastic,secondary,0.0056047656131052,False,alpha_async,50,250,390,1,-1,1.0,0.6,0.6,100,0.0211048831369943,0,0,35,0.9991801697530864,2,0,0.55,0.0,0.75,35.0,repeated_lesion,30.0,0.45,0.2,0.1,0.002,8.0
72,500,0.4062751656258895,0.5,0.0331353695652361,0.093707067111954,0.125,0.225961502997529,square_moore__ql__plastic__intr1__struct1__synchronous__repeated_lesion__s1__d9feb77f28,0.0206122439515228,-0.001576149550618,0.25,False,0.7860293554274381,0.003,0.016,ql,0.68,square_moore,50,100,0.9,0.2527997645717513,0.3,1,0.42,0.08,280,0.407029852882458,0.2,20,1.247197672782519,2.449221350580225e-18,0.2,plastic,secondary,0.055487147719006,False,synchronous,50,250,390,1,-1,1.0,0.6,0.6,100,0.0102328880471362,34311,1,35,0.75,2,34311,0.55,0.0,0.75,35.0,repeated_lesion,30.0,0.45,0.2,0.1,0.002,8.0
72,500,0.419248819132331,0.5,-0.1778618230544199,0.0,0.125,0.0,hex_cells__markov__plastic__intr0__struct1__block_async__repeated_lesion__s1__492c5b8021,0.0061820491956872,0.0136506232721476,0.25,False,0.676819323806402,0.003,0.016,markov,0.68,hex_cells,50,100,0.9,0.3753461026220847,0.3,0,0.42,0.08,280,0.425140419165089,0.2,20,1.1386932551175648,1.8646803731019112e-18,0.2,plastic,secondary,0.0113563790583965,False,block_async,50,250,390,1,-1,1.0,0.6,0.6,100,0.0030453160466936,29940,1,35,0.6666666666666666,2,29940,0.55,0.0,0.75,35.0,repeated_lesion,30.0,0.45,0.2,0.1,0.002,8.0
72,500,0.4373623408253922,0.5,-0.3339048779018547,0.0,0.125,0.2709772575862248,hex_cells__ql__plastic__intr0__struct0__alpha_async__repeated_lesion__s1__8897180707,0.0017261648739448,0.0059667181632996,0.25,False,0.6038567738621515,0.003,0.016,ql,0.68,hex_cells,50,100,0.9,0.464095099798274,0.3,0,0.42,0.08,280,0.4350108315964564,0.2,20,1.31169956219367,1.5730615538006762e-18,0.2,plastic,secondary,-0.007385067564722,False,alpha_async,50,250,390,1,-1,1.0,0.6,0.6,100,0.0063173282373705,0,0,35,1.0,2,0,0.55,0.0,0.75,35.0,repeated_lesion,30.0,0.45,0.2,0.1,0.002,8.0
72,500,0.4150304753783797,0.5,-0.0445118944415276,0.0938721521097833,0.125,0.2252890989781994,hex_cells__ql__plastic__intr1__struct1__synchronous__repeated_lesion__s1__b2066f925a,0.0095423115244368,-0.0046178817727378,0.25,False,0.7702506843687674,0.003,0.016,ql,0.68,hex_cells,50,100,0.9,0.2888769148323818,0.3,1,0.42,0.08,280,0.4160765750070421,0.2,20,1.1509511436009272,1.9943335318377e-18,0.2,plastic,secondary,0.0176009420082433,False,synchronous,50,250,390,1,-1,1.0,0.6,0.6,100,0.002199425377133,34837,1,35,0.6666666666666666,2,34837,0.55,0.0,0.75,35.0,repeated_lesion,30.0,0.45,0.2,0.1,0.002,8.0
72,500,0.2937708426257814,0.5,0.1760120598577611,0.0,0.125,0.0,honeycomb__markov__plastic__intr0__struct1__block_async__repeated_lesion__s1__9b38764496,0.0263076754250672,0.0153698984064991,0.25,False,0.5925336254252956,0.003,0.016,markov,0.68,honeycomb,50,100,0.9,0.25559127275427,0.3,0,0.42,0.08,280,0.2959568870531459,0.2,20,1.4242705938834663,1.824543348060529e-18,0.2,plastic,secondary,0.0204964413848963,False,block_async,50,250,390,1,-1,1.0,0.6,0.6,100,0.0032902061144529,15942,1,35,0.6666666666666666,2,15942,0.55,0.0,0.75,35.0,repeated_lesion,30.0,0.45,0.2,0.1,0.002,8.0
72,500,0.3929671877216398,0.5,-0.1707244333114747,0.0,0.125,0.2855493401204845,honeycomb__ql__plastic__intr0__struct0__alpha_async__repeated_lesion__s1__93eba9cd4d,0.0074881117923055,0.0098645223413614,0.25,False,0.7158074931662842,0.003,0.016,ql,0.68,honeycomb,50,100,0.9,0.3396063720139623,0.3,0,0.42,0.08,280,0.3811425541309529,0.2,20,1.5115713061238982,2.681465052900795e-18,0.2,plastic,secondary,0.0035968096948296,False,alpha_async,50,250,390,1,-1,1.0,0.6,0.6,100,0.0021575109468682,0,0,35,1.0,2,0,0.55,0.0,0.75,35.0,repeated_lesion,30.0,0.45,0.2,0.1,0.002,8.0
72,500,0.3520134304573381,0.5,-0.0317688722887,0.1654910060358483,0.125,0.3531561228534945,honeycomb__ql__plastic__intr1__struct1__synchronous__repeated_lesion__s1__7eab4374ab,-0.002015038980989,0.0030506883230545,0.25,False,0.7356096653646743,0.003,0.016,ql,0.68,honeycomb,50,100,0.9,0.2799679959839992,0.3,1,0.42,0.08,280,0.349936687035506,0.2,20,1.390139356196397,1.968085599344191e-18,0.2,plastic,secondary,-0.0161914154990504,False,synchronous,50,250,390,1,-1,1.0,0.6,0.6,100,0.0020832864594831,22155,1,35,0.6666666666666666,2,22155,0.55,0.0,0.75,35.0,repeated_lesion,30.0,0.45,0.2,0.1,0.002,8.0
72,500,0.3578140584338241,0.5,-0.1866046712217728,0.0,0.125,0.0,extended_moore_r2__markov__plastic__intr0__struct1__block_async__repeated_lesion__s1__82b0db6428,0.0343017635746782,-0.0059839815403182,0.25,False,0.7186549733044425,0.003,0.016,markov,0.68,extended_moore_r2,50,100,0.9,0.3015914096375202,0.3,0,0.42,0.08,280,0.3552951226645691,0.2,20,0.493911252780404,3.202881828167884e-18,0.2,plastic,secondary,0.0387482612332189,False,block_async,50,250,390,1,-1,1.0,0.6,0.6,100,0.0286789484656632,39718,1,35,0.7464072145061729,2,38303,0.55,0.0,0.75,35.0,repeated_lesion,30.0,0.45,0.2,0.1,0.002,8.0
72,500,0.4772953405441972,0.5,-0.0319225537453598,0.0,0.125,0.1255901538233877,extended_moore_r2__ql__plastic__intr0__struct0__alpha_async__repeated_lesion__s1__8fa5ab13b4,-0.05067825921796,-0.011025480145025,0.25,False,0.8343559736520867,0.003,0.016,ql,0.68,extended_moore_r2,50,100,0.9,0.2558890260728194,0.3,0,0.42,0.08,280,0.4384757971103313,0.2,20,0.8229397795200326,2.938186895949229e-18,0.2,plastic,secondary,0.0075527901066296,False,alpha_async,50,250,390,1,-1,1.0,0.6,0.6,100,0.0034877188361635,0,0,35,0.9798016332304528,2,0,0.55,0.0,0.75,35.0,repeated_lesion,30.0,0.45,0.2,0.1,0.002,8.0
72,500,0.4045408507482996,0.5,0.3856504695722832,0.0916969078501218,0.125,0.2225620527469501,extended_moore_r2__ql__plastic__intr1__struct1__synchronous__repeated_lesion__s1__44d05a5a51,-0.034585178473534,-0.0119260647240921,0.25,False,0.8535003108030583,0.003,0.016,ql,0.68,extended_moore_r2,50,100,0.9,0.1627131748941428,0.3,1,0.42,0.08,280,0.4040526720365514,0.2,20,1.1309104011246047,4.2090843906150755e-18,0.2,plastic,secondary,-0.0980688749960266,False,synchronous,50,250,390,1,-1,1.0,0.6,0.6,100,0.0104892714759723,39709,1,35,0.7498553240740741,2,39481,0.55,0.0,0.75,35.0,repeated_lesion,30.0,0.45,0.2,0.1,0.002,8.0
72,500,0.4134832575860157,0.5,-0.1486690777192085,0.0,0.125,0.0,extended_hex_r2__markov__plastic__intr0__struct1__block_async__repeated_lesion__s1__fcedc70d15,-0.0095093066285278,-0.0033943851526696,0.25,False,0.8409180264481918,0.003,0.016,markov,0.68,extended_hex_r2,50,100,0.9,0.238650934325418,0.3,0,0.42,0.08,280,0.4130561894050613,0.2,20,0.1705391793888071,2.336330236431649e-18,0.2,plastic,secondary,-0.0074392210160685,False,block_async,50,250,390,1,-1,1.0,0.6,0.6,100,0.0161775317323848,39441,1,35,0.7776920438957476,2,39348,0.55,0.0,0.75,35.0,repeated_lesion,30.0,0.45,0.2,0.1,0.002,8.0
72,500,0.4770530227206876,0.5,-0.0288721979230241,0.0,0.125,0.1240804755600864,extended_hex_r2__ql__plastic__intr0__struct0__alpha_async__repeated_lesion__s1__ff2f0abca2,-0.0001807302224832,0.0087188276407051,0.25,False,0.8507831244961211,0.003,0.016,ql,0.68,extended_hex_r2,50,100,0.9,0.2462309776186526,0.3,0,0.42,0.08,280,0.4443786116793971,0.2,20,0.8582988095744144,2.4353698008537787e-18,0.2,plastic,secondary,0.064550629114174,False,alpha_async,50,250,390,1,-1,1.0,0.6,0.6,100,0.0023899334566893,0,0,35,0.9909872256515776,2,0,0.55,0.0,0.75,35.0,repeated_lesion,30.0,0.45,0.2,0.1,0.002,8.0
72,500,0.4073695817561957,0.5,0.3873944297649627,0.0879249492677624,0.125,0.2247120813586413,extended_hex_r2__ql__plastic__intr1__struct1__synchronous__repeated_lesion__s1__23c8d5852d,0.0110648824804588,-0.0025865375756137,0.25,False,0.8553260157180208,0.003,0.016,ql,0.68,extended_hex_r2,50,100,0.9,0.1629517824842767,0.3,1,0.42,0.08,280,0.4044566174173544,0.2,20,1.166128679970502,3.4137541623554213e-18,0.2,plastic,secondary,-0.0208131755618636,False,synchronous,50,250,390,1,-1,1.0,0.6,0.6,100,0.0076366792663635,38682,1,35,0.7777777777777778,2,38676,0.55,0.0,0.75,35.0,repeated_lesion,30.0,0.45,0.2,0.1,0.002,8.0
72,500,0.4209144051470359,0.5,-0.2311385037842904,0.0,0.125,0.0,honeycomb_nnn__markov__plastic__intr0__struct1__block_async__repeated_lesion__s1__46f3870ee6,0.0055847869353907,0.0058542298183422,0.25,False,0.6104678028198719,0.003,0.016,markov,0.68,honeycomb_nnn,50,100,0.9,0.4262815386126309,0.3,0,0.42,0.08,280,0.4216816594525554,0.2,20,0.9954389461222106,2.7077683413473072e-18,0.2,plastic,secondary,-0.0021765603871046,False,block_async,50,250,390,1,-1,1.0,0.6,0.6,100,0.0099273819837702,34232,1,35,0.7777777777777778,2,34232,0.55,0.0,0.75,35.0,repeated_lesion,30.0,0.45,0.2,0.1,0.002,8.0
72,500,0.4115782101460031,0.5,-0.2470567577389701,0.0,0.125,0.2401643422819039,honeycomb_nnn__ql__plastic__intr0__struct0__alpha_async__repeated_lesion__s1__8f332019e5,0.0074251396954539,0.0056055508867605,0.25,False,0.6567144822684519,0.003,0.016,ql,0.68,honeycomb_nnn,50,100,0.9,0.4004994826840802,0.3,0,0.42,0.08,280,0.4096495636176294,0.2,20,0.9630154496740492,2.52898410815517e-18,0.2,plastic,secondary,0.0064547164398468,False,alpha_async,50,250,390,1,-1,1.0,0.6,0.6,100,0.0168735698395842,0,0,35,0.9994212962962964,2,0,0.55,0.0,0.75,35.0,repeated_lesion,30.0,0.45,0.2,0.1,0.002,8.0
72,500,0.4073045815992407,0.5,0.3110645714307501,0.0918170803813299,0.125,0.221349764759114,honeycomb_nnn__ql__plastic__intr1__struct1__synchronous__repeated_lesion__s1__fd7e7c1480,0.0184394697256326,0.0014443147439582,0.25,False,0.8422356556444021,0.003,0.016,ql,0.68,honeycomb_nnn,50,100,0.9,0.1841728161989672,0.3,1,0.42,0.08,280,0.4076628213909679,0.2,20,1.1967123542787903,2.66745423594838e-18,0.2,plastic,secondary,-0.0281842209399851,False,synchronous,50,250,390,1,-1,1.0,0.6,0.6,100,0.0056939542717647,33586,1,35,0.7777777777777778,2,33586,0.55,0.0,0.75,35.0,repeated_lesion,30.0,0.45,0.2,0.1,0.002,8.0
72,500,0.3069258386347784,0.5,0.1965942141777272,0.0,0.125,0.0,square_vn__markov__plastic__intr0__struct1__block_async__repeated_lesion__s2__18cdb2d511,0.0723479288764673,0.0669107189071501,0.25,False,0.5732518740206459,0.003,0.016,markov,0.68,square_vn,50,100,0.9,0.2608641201752045,0.3,0,0.42,0.08,280,0.3191995316569876,0.2,20,1.4937137004893164,2.1922709551295888e-18,0.2,plastic,secondary,0.0399875063306381,False,block_async,50,250,390,2,-1,1.0,0.6,0.6,100,0.0456455314368429,18269,1,35,0.75,2,18269,0.55,0.0,0.75,35.0,repeated_lesion,30.0,0.45,0.2,0.1,0.002,8.0
72,500,0.3996975714451348,0.5,-0.209008533199111,0.0,0.125,0.2657556504839641,square_vn__ql__plastic__intr0__struct0__alpha_async__repeated_lesion__s2__4c08f5bd7d,-0.0043502930376057,-0.0042796016407133,0.25,False,0.7294781235537965,0.003,0.016,ql,0.68,square_vn,50,100,0.9,0.3439257311422431,0.3,0,0.42,0.08,280,0.3908180095818889,0.2,20,1.4392238713421637,1.6177709907336524e-18,0.2,plastic,secondary,-0.020885509285828,False,alpha_async,50,250,390,2,-1,1.0,0.6,0.6,100,0.0026709949335104,0,0,35,1.0,2,0,0.55,0.0,0.75,35.0,repeated_lesion,30.0,0.45,0.2,0.1,0.002,8.0
72,500,0.3800232201038881,0.5,-0.0907807318863295,0.1359857721757464,0.125,0.292066804363672,square_vn__ql__plastic__intr1__struct1__synchronous__repeated_lesion__s2__1c2de9b985,0.0033979209673687,0.0012154373050128,0.25,False,0.7458276901595567,0.003,0.016,ql,0.68,square_vn,50,100,0.9,0.3003148804689806,0.3,1,0.42,0.08,280,0.3823104607386983,0.2,20,1.383380908115902,2.0530231719092504e-18,0.2,plastic,secondary,0.013665953790155,False,synchronous,50,250,390,2,-1,1.0,0.6,0.6,100,0.0020895033674799,27057,1,35,0.75,2,27057,0.55,0.0,0.75,35.0,repeated_lesion,30.0,0.45,0.2,0.1,0.002,8.0
72,500,0.402986635093519,0.5,-0.3262340506605269,0.0,0.125,0.0,square_moore__markov__plastic__intr0__struct1__block_async__repeated_lesion__s2__15a89e932a,0.0007409277032645,0.0038456020242152,0.25,False,0.5339746325311665,0.003,0.016,markov,0.68,square_moore,50,100,0.9,0.4785282861447091,0.3,0,0.42,0.08,280,0.4054567018227204,0.2,20,1.4807027373798751,2.1269625642681672e-18,0.2,plastic,secondary,-0.0003932536193766,False,block_async,50,250,390,2,-1,1.0,0.6,0.6,100,0.0145631700733242,31162,1,35,0.75,2,31162,0.55,0.0,0.75,35.0,repeated_lesion,30.0,0.45,0.2,0.1,0.002,8.0
72,500,0.4094090834080347,0.5,-0.3631221237796722,0.0,0.125,0.2708447390222934,square_moore__ql__plastic__intr0__struct0__alpha_async__repeated_lesion__s2__2e60118d65,0.0101370383425561,0.0090779065789982,0.25,False,0.5727963614849287,0.003,0.016,ql,0.68,square_moore,50,100,0.9,0.4764474904970569,0.3,0,0.42,0.08,280,0.4067741921258728,0.2,20,1.4945058009680237,2.387235870115852e-18,0.2,plastic,secondary,0.0100293813665207,False,alpha_async,50,250,390,2,-1,1.0,0.6,0.6,100,0.0240207121435868,0,0,35,0.9985773533950616,2,0,0.55,0.0,0.75,35.0,repeated_lesion,30.0,0.45,0.2,0.1,0.002,8.0
72,500,0.4061317674269014,0.5,0.1218510335337438,0.0927380711655502,0.125,0.2243517551143046,square_moore__ql__plastic__intr1__struct1__synchronous__repeated_lesion__s2__b7d5768496,0.0088968792372306,0.0083649193173755,0.25,False,0.8104150148761123,0.003,0.016,ql,0.68,square_moore,50,100,0.9,0.2283054042558172,0.3,1,0.42,0.08,280,0.409420445193371,0.2,20,1.178426041358026,2.135415258209395e-18,0.2,plastic,secondary,-0.0036422664167849,False,synchronous,50,250,390,2,-1,1.0,0.6,0.6,100,0.00309385993029,34783,1,35,0.75,2,34783,0.55,0.0,0.75,35.0,repeated_lesion,30.0,0.45,0.2,0.1,0.002,8.0
72,500,0.4236162901967982,0.5,-0.2021206306742005,0.0,0.125,0.0,hex_cells__markov__plastic__intr0__struct1__block_async__repeated_lesion__s2__974893c922,-0.000188053465376,0.0064775248551036,0.25,False,0.6814003801819137,0.003,0.016,markov,0.68,hex_cells,50,100,0.9,0.3804916304613194,0.3,0,0.42,0.08,280,0.4282869321542967,0.2,20,1.1107557211610568,1.682705015383045e-18,0.2,plastic,secondary,0.0142340786204629,False,block_async,50,250,390,2,-1,1.0,0.6,0.6,100,0.002595103582004,30249,1,35,0.6666666666666666,2,30249,0.55,0.0,0.75,35.0,repeated_lesion,30.0,0.45,0.2,0.1,0.002,8.0
72,500,0.4393035892609534,0.5,-0.338819727171344,0.0,0.125,0.2716860903667928,hex_cells__ql__plastic__intr0__struct0__alpha_async__repeated_lesion__s2__34cc68049e,0.0047259908619599,0.0061633295895142,0.25,False,0.6039428570488187,0.003,0.016,ql,0.68,hex_cells,50,100,0.9,0.4655673953382977,0.3,0,0.42,0.08,280,0.4352843348730061,0.2,20,1.3008580249684036,1.968271234445938e-18,0.2,plastic,secondary,0.0078050367423685,False,alpha_async,50,250,390,2,-1,1.0,0.6,0.6,100,0.005949004565747,0,0,35,1.0,2,0,0.55,0.0,0.75,35.0,repeated_lesion,30.0,0.45,0.2,0.1,0.002,8.0
72,500,0.4142216203814056,0.5,-0.0391660083398075,0.0941871127161731,0.125,0.2274711434131,hex_cells__ql__plastic__intr1__struct1__synchronous__repeated_lesion__s2__3d53c0f212,0.0176213393107342,0.0051520754752973,0.25,False,0.7736560224789817,0.003,0.016,ql,0.68,hex_cells,50,100,0.9,0.2854597400585941,0.3,1,0.42,0.08,280,0.4156693344987768,0.2,20,1.1380721311410031,1.9269123338501995e-18,0.2,plastic,secondary,0.0358445818595331,False,synchronous,50,250,390,2,-1,1.0,0.6,0.6,100,0.0021781322863238,34946,1,35,0.6666666666666666,2,34946,0.55,0.0,0.75,35.0,repeated_lesion,30.0,0.45,0.2,0.1,0.002,8.0
72,500,0.2982542468503933,0.5,0.1687441935910111,0.0,0.125,0.0,honeycomb__markov__plastic__intr0__struct1__block_async__repeated_lesion__s2__809c5a5abb,0.0156815033717446,0.0043654484586846,0.25,False,0.60326620104825,0.003,0.016,markov,0.68,honeycomb,50,100,0.9,0.2572361934668151,0.3,0,0.42,0.08,280,0.2991784951924993,0.2,20,1.4286228460908157,1.6600933285523293e-18,0.2,plastic,secondary,0.0193443850441694,False,block_async,50,250,390,2,-1,1.0,0.6,0.6,100,0.0032270949300095,17366,1,35,0.6666666666666666,2,17366,0.55,0.0,0.75,35.0,repeated_lesion,30.0,0.45,0.2,0.1,0.002,8.0
72,500,0.3941347795182364,0.5,-0.1787761328276862,0.0,0.125,0.2808761419391495,honeycomb__ql__plastic__intr0__struct0__alpha_async__repeated_lesion__s2__ca3140e0a7,0.0010604272484724,-0.0001127185578661,0.25,False,0.7187709169493379,0.003,0.016,ql,0.68,honeycomb,50,100,0.9,0.3408910982769584,0.3,0,0.42,0.08,280,0.3867412096849103,0.2,20,1.4997528929167336,1.5428930213861929e-18,0.2,plastic,secondary,-0.0090186791902734,False,alpha_async,50,250,390,2,-1,1.0,0.6,0.6,100,0.0026029057996012,0,0,35,1.0,2,0,0.55,0.0,0.75,35.0,repeated_lesion,30.0,0.45,0.2,0.1,0.002,8.0
72,500,0.349619585896521,0.5,-0.0172406100017362,0.1612643697236385,0.125,0.3493076902448662,honeycomb__ql__plastic__intr1__struct1__synchronous__repeated_lesion__s2__1eca7ec446,-0.0025055655448046,-0.0105051749668417,0.25,False,0.7317804917370543,0.003,0.016,ql,0.68,honeycomb,50,100,0.9,0.2782804777202641,0.3,1,0.42,0.08,280,0.3506012918934174,0.2,20,1.3843158155519657,1.3622182776181681e-18,0.2,plastic,secondary,-0.0041253566437497,False,synchronous,50,250,390,2,-1,1.0,0.6,0.6,100,0.0019290094628265,22290,1,35,0.6666666666666666,2,22290,0.55,0.0,0.75,35.0,repeated_lesion,30.0,0.45,0.2,0.1,0.002,8.0
72,500,0.363188043504269,0.5,-0.1847702571597905,0.0,0.125,0.0,extended_moore_r2__markov__plastic__intr0__struct1__block_async__repeated_lesion__s2__8c78b41d8b,0.0156592653680754,0.0066570187546174,0.25,False,0.7229647598555956,0.003,0.016,markov,0.68,extended_moore_r2,50,100,0.9,0.30293172126309,0.3,0,0.42,0.08,280,0.3615232145253627,0.2,20,0.4997640922654184,3.90329290631769e-18,0.2,plastic,secondary,0.0187203972162771,False,block_async,50,250,390,2,-1,1.0,0.6,0.6,100,0.0319397828553444,39837,1,35,0.7465518904320988,2,38475,0.55,0.0,0.75,35.0,repeated_lesion,30.0,0.45,0.2,0.1,0.002,8.0
72,500,0.4409088890847725,0.5,0.0126368198151049,0.0,0.125,0.1337444130258161,extended_moore_r2__ql__plastic__intr0__struct0__alpha_async__repeated_lesion__s2__9190f18689,-0.0151274259590409,-0.0133481710191815,0.25,False,0.833997356907721,0.003,0.016,ql,0.68,extended_moore_r2,50,100,0.9,0.2490460557026369,0.3,0,0.42,0.08,280,0.4381170214194176,0.2,20,0.8236797884986501,3.0220335584419413e-18,0.2,plastic,secondary,-0.0420743542352468,False,alpha_async,50,250,390,2,-1,1.0,0.6,0.6,100,0.0258900227284665,0,0,35,0.979343492798354,2,0,0.55,0.0,0.75,35.0,repeated_lesion,30.0,0.45,0.2,0.1,0.002,8.0
72,500,0.3996232799040595,0.5,0.3763331532924211,0.0911278427075949,0.125,0.2181061691609244,extended_moore_r2__ql__plastic__intr1__struct1__synchronous__repeated_lesion__s2__a8ec7fae74,0.0049009340680795,0.0125448605742297,0.25,False,0.8518539607665371,0.003,0.016,ql,0.68,extended_moore_r2,50,100,0.9,0.1626706939446134,0.3,1,0.42,0.08,280,0.4043591295344031,0.2,20,1.1015780454043282,4.261820478030352e-18,0.2,plastic,secondary,-0.0413712052081866,False,synchronous,50,250,390,2,-1,1.0,0.6,0.6,100,0.0087765105048308,39751,1,35,0.7498633616255144,2,39509,0.55,0.0,0.75,35.0,repeated_lesion,30.0,0.45,0.2,0.1,0.002,8.0
72,500,0.41499545803354,0.5,-0.1439832165681325,0.0,0.125,0.0,extended_hex_r2__markov__plastic__intr0__struct1__block_async__repeated_lesion__s2__81308ce0c8,-0.0194304131085188,-0.0026115897871381,0.25,False,0.8371885052398775,0.003,0.016,markov,0.68,extended_hex_r2,50,100,0.9,0.2416991210850316,0.3,0,0.42,0.08,280,0.414709675997514,0.2,20,0.2353505777872383,2.7485353586440872e-18,0.2,plastic,secondary,-0.02111120801669,False,block_async,50,250,390,2,-1,1.0,0.6,0.6,100,0.0157129161652147,39456,1,35,0.777724194101509,2,39371,0.55,0.0,0.75,35.0,repeated_lesion,30.0,0.45,0.2,0.1,0.002,8.0
72,500,0.4824451788259843,0.5,-0.0387807102650823,0.0,0.125,0.1239117555669717,extended_hex_r2__ql__plastic__intr0__struct0__alpha_async__repeated_lesion__s2__36be04e6be,-0.0129176544102983,-0.0037143207822939,0.25,False,0.8512604350657942,0.003,0.016,ql,0.68,extended_hex_r2,50,100,0.9,0.2465625534031545,0.3,0,0.42,0.08,280,0.4443497027197625,0.2,20,0.8252937603707029,2.3423557669972327e-18,0.2,plastic,secondary,0.0067440956992026,False,alpha_async,50,250,390,2,-1,1.0,0.6,0.6,100,0.0024774073532854,0,0,35,0.9906228566529492,2,0,0.55,0.0,0.75,35.0,repeated_lesion,30.0,0.45,0.2,0.1,0.002,8.0
72,500,0.4085071098912164,0.5,0.3889177954322963,0.0883466519575306,0.125,0.2239634816659166,extended_hex_r2__ql__plastic__intr1__struct1__synchronous__repeated_lesion__s2__1f09a7e314,-0.0005912934203761,0.0026740331077809,0.25,False,0.8554332706211824,0.003,0.016,ql,0.68,extended_hex_r2,50,100,0.9,0.1638219924185702,0.3,1,0.42,0.08,280,0.4056578340687097,0.2,20,1.1682212577157567,3.869404640654637e-18,0.2,plastic,secondary,0.0509396553906245,False,synchronous,50,250,390,2,-1,1.0,0.6,0.6,100,0.007958478362481,38753,1,35,0.7777777777777778,2,38744,0.55,0.0,0.75,35.0,repeated_lesion,30.0,0.45,0.2,0.1,0.002,8.0
72,500,0.4228895730316687,0.5,-0.2328871592660396,0.0,0.125,0.0,honeycomb_nnn__markov__plastic__intr0__struct1__block_async__repeated_lesion__s2__c329180347,0.0073571667888836,0.008630649987466,0.25,False,0.5976908735332793,0.003,0.016,markov,0.68,honeycomb_nnn,50,100,0.9,0.4337722502504201,0.3,0,0.42,0.08,280,0.4256620816302396,0.2,20,1.0217915007954042,2.704333532588025e-18,0.2,plastic,secondary,-0.0039874998820156,False,block_async,50,250,390,2,-1,1.0,0.6,0.6,100,0.0108059826913225,34731,1,35,0.7777777777777778,2,34731,0.55,0.0,0.75,35.0,repeated_lesion,30.0,0.45,0.2,0.1,0.002,8.0
72,500,0.4127825448339779,0.5,-0.2521463181528004,0.0,0.125,0.2373549584731843,honeycomb_nnn__ql__plastic__intr0__struct0__alpha_async__repeated_lesion__s2__632f49e9d1,-0.0065004840150052,-0.004051418570739,0.25,False,0.6594815048423348,0.003,0.016,ql,0.68,honeycomb_nnn,50,100,0.9,0.4007289128004324,0.3,0,0.42,0.08,280,0.4115943729870107,0.2,20,0.9757316772372064,3.1320347180857145e-18,0.2,plastic,secondary,0.0046268612777215,False,alpha_async,50,250,390,2,-1,1.0,0.6,0.6,100,0.0231773814982762,0,0,35,0.9994427297668038,2,0,0.55,0.0,0.75,35.0,repeated_lesion,30.0,0.45,0.2,0.1,0.002,8.0
72,500,0.4028569434320104,0.5,0.3075314647228448,0.0916012152499341,0.125,0.2153735227588358,honeycomb_nnn__ql__plastic__intr1__struct1__synchronous__repeated_lesion__s2__56744fbf7f,0.0351911277561169,0.0329238893986751,0.25,False,0.8415292054313153,0.003,0.016,ql,0.68,honeycomb_nnn,50,100,0.9,0.1832983499893166,0.3,1,0.42,0.08,280,0.4076653236506021,0.2,20,1.1646135100018682,2.49248379339244e-18,0.2,plastic,secondary,0.034429224708981,False,synchronous,50,250,390,2,-1,1.0,0.6,0.6,100,0.004541635403075,33784,1,35,0.7777777777777778,2,33784,0.55,0.0,0.75,35.0,repeated_lesion,30.0,0.45,0.2,0.1,0.002,8.0
72,500,0.296732736610352,0.5,0.2399802964902582,0.0,0.125,0.0,square_vn__markov__plastic__intr0__struct1__block_async__repeated_lesion__s3__3cf73f0b73,0.0812469646750561,0.0787052573819276,0.25,False,0.5539866385364969,0.003,0.016,markov,0.68,square_vn,50,100,0.9,0.2494868732553888,0.3,0,0.42,0.08,280,0.3043375373437676,0.2,20,1.4937222417646558,2.9334069803033544e-18,0.2,plastic,secondary,0.0499572242443752,False,block_async,50,250,390,3,-1,1.0,0.6,0.6,100,0.0476460613240649,18225,1,35,0.75,2,18225,0.55,0.0,0.75,35.0,repeated_lesion,30.0,0.45,0.2,0.1,0.002,8.0
72,500,0.3980638227487039,0.5,-0.2037037460468411,0.0,0.125,0.2636219044254209,square_vn__ql__plastic__intr0__struct0__alpha_async__repeated_lesion__s3__a5e3507863,3.03308188899315e-05,0.0090556109820975,0.25,False,0.7271919103699229,0.003,0.016,ql,0.68,square_vn,50,100,0.9,0.3431251634557264,0.3,0,0.42,0.08,280,0.3915703926180743,0.2,20,1.4462766225360666,2.125408203295499e-18,0.2,plastic,secondary,-0.0174295698138876,False,alpha_async,50,250,390,3,-1,1.0,0.6,0.6,100,0.0026050468211366,0,0,35,1.0,2,0,0.55,0.0,0.75,35.0,repeated_lesion,30.0,0.45,0.2,0.1,0.002,8.0
72,500,0.3820829974161021,0.5,-0.0811929617201699,0.1344010245571672,0.125,0.291906385650922,square_vn__ql__plastic__intr1__struct1__synchronous__repeated_lesion__s3__3e59a7346c,0.0023581588447282,-0.0036597757926197,0.25,False,0.7488057499992951,0.003,0.016,ql,0.68,square_vn,50,100,0.9,0.2977957300730779,0.3,1,0.42,0.08,280,0.3827184454845684,0.2,20,1.3797396714214385,2.2045203643392748e-18,0.2,plastic,secondary,0.0127881802145343,False,synchronous,50,250,390,3,-1,1.0,0.6,0.6,100,0.0019308794752955,27296,1,35,0.75,2,27296,0.55,0.0,0.75,35.0,repeated_lesion,30.0,0.45,0.2,0.1,0.002,8.0
72,500,0.4020897318183538,0.5,-0.3300600008824011,0.0,0.125,0.0,square_moore__markov__plastic__intr0__struct1__block_async__repeated_lesion__s3__be79f954b0,0.0083271023380509,0.0012905397770005,0.25,False,0.5278261158655873,0.003,0.016,markov,0.68,square_moore,50,100,0.9,0.4819412135770292,0.3,0,0.42,0.08,280,0.4039767419068731,0.2,20,1.5034194687727995,2.4707093560148922e-18,0.2,plastic,secondary,0.0035883528899952,False,block_async,50,250,390,3,-1,1.0,0.6,0.6,100,0.0191340365856315,30637,1,35,0.75,2,30637,0.55,0.0,0.75,35.0,repeated_lesion,30.0,0.45,0.2,0.1,0.002,8.0
72,500,0.4084055142125498,0.5,-0.3671382456647561,0.0,0.125,0.2715329253730158,square_moore__ql__plastic__intr0__struct0__alpha_async__repeated_lesion__s3__aa6fbc527f,0.003540548584933,0.0050889984745466,0.25,False,0.565863955827121,0.003,0.016,ql,0.68,square_moore,50,100,0.9,0.4810231346075674,0.3,0,0.42,0.08,280,0.4051110032155327,0.2,20,1.510623532582419,2.4073983114538273e-18,0.2,plastic,secondary,0.0013338949412566,False,alpha_async,50,250,390,3,-1,1.0,0.6,0.6,100,0.0270494991642302,0,0,35,0.9992042824074074,2,0,0.55,0.0,0.75,35.0,repeated_lesion,30.0,0.45,0.2,0.1,0.002,8.0
72,500,0.4082404917549384,0.5,0.0580333925268844,0.0943538927122762,0.125,0.2227383944159215,square_moore__ql__plastic__intr1__struct1__synchronous__repeated_lesion__s3__5e27514fae,0.0246196612318113,0.0120926871537023,0.25,False,0.7948795469476669,0.003,0.016,ql,0.68,square_moore,50,100,0.9,0.2448301698415772,0.3,1,0.42,0.08,280,0.4086598395826836,0.2,20,1.228539149437235,3.4475724463126536e-18,0.2,plastic,secondary,0.0407174462294101,False,synchronous,50,250,390,3,-1,1.0,0.6,0.6,100,0.0036139842984714,34970,1,35,0.75,2,34970,0.55,0.0,0.75,35.0,repeated_lesion,30.0,0.45,0.2,0.1,0.002,8.0
72,500,0.4145313189795017,0.5,-0.1585677188501488,0.0,0.125,0.0,hex_cells__markov__plastic__intr0__struct1__block_async__repeated_lesion__s3__96c051408c,0.0164588403927845,0.0165268953785248,0.25,False,0.6646337801708896,0.003,0.016,markov,0.68,hex_cells,50,100,0.9,0.3742943164502172,0.3,0,0.42,0.08,280,0.4223905570636506,0.2,20,1.180701725327932,1.7141901587187763e-18,0.2,plastic,secondary,0.0139001257836495,False,block_async,50,250,390,3,-1,1.0,0.6,0.6,100,0.0057935923737254,29026,1,35,0.6666666666666666,2,29026,0.55,0.0,0.75,35.0,repeated_lesion,30.0,0.45,0.2,0.1,0.002,8.0
72,500,0.4414345959372459,0.5,-0.3406617969911085,0.0,0.125,0.2718065651508241,hex_cells__ql__plastic__intr0__struct0__alpha_async__repeated_lesion__s3__f01e26d790,-0.0006312736650531,0.0025845009597077,0.25,False,0.6047165019337035,0.003,0.016,ql,0.68,hex_cells,50,100,0.9,0.4664691857009796,0.3,0,0.42,0.08,280,0.4356668904099675,0.2,20,1.2921317570106272,2.2985308265349208e-18,0.2,plastic,secondary,-0.0102587859705246,False,alpha_async,50,250,390,3,-1,1.0,0.6,0.6,100,0.0089723828327548,0,0,35,1.0,2,0,0.55,0.0,0.75,35.0,repeated_lesion,30.0,0.45,0.2,0.1,0.002,8.0
72,500,0.4098858004958002,0.5,-0.0488613169351316,0.0943427153778635,0.125,0.227572421720722,hex_cells__ql__plastic__intr1__struct1__synchronous__repeated_lesion__s3__53a729750f,0.0131339939987258,0.0062146696324471,0.25,False,0.7711476636543875,0.003,0.016,ql,0.68,hex_cells,50,100,0.9,0.2870160731672048,0.3,1,0.42,0.08,280,0.4159826295094965,0.2,20,1.1140109367997062,2.3377215321190632e-18,0.2,plastic,secondary,0.0197670453520872,False,synchronous,50,250,390,3,-1,1.0,0.6,0.6,100,0.0017245671093568,35176,1,35,0.6666666666666666,2,35176,0.55,0.0,0.75,35.0,repeated_lesion,30.0,0.45,0.2,0.1,0.002,8.0
72,500,0.2928715041731992,0.5,0.166616350045349,0.0,0.125,0.0,honeycomb__markov__plastic__intr0__struct1__block_async__repeated_lesion__s3__ccd021c668,0.0276738695513059,-0.0018475131421659,0.25,False,0.5882176449965486,0.003,0.016,markov,0.68,honeycomb,50,100,0.9,0.2580847863900211,0.3,0,0.42,0.08,280,0.2960315820449203,0.2,20,1.4368368611764095,2.4236497630735637e-18,0.2,plastic,secondary,0.0497593958446283,False,block_async,50,250,390,3,-1,1.0,0.6,0.6,100,0.0037460108260608,16851,1,35,0.6666666666666666,2,16851,0.55,0.0,0.75,35.0,repeated_lesion,30.0,0.45,0.2,0.1,0.002,8.0
72,500,0.3947128511370187,0.5,-0.1770358119358624,0.0,0.125,0.2806503359177014,honeycomb__ql__plastic__intr0__struct0__alpha_async__repeated_lesion__s3__ccedddbe09,-0.0026880949198843,-0.0071680207496805,0.25,False,0.7208992117118476,0.003,0.016,ql,0.68,honeycomb,50,100,0.9,0.3390679014849416,0.3,0,0.42,0.08,280,0.385321599952205,0.2,20,1.5052554399567073,1.410788274868969e-18,0.2,plastic,secondary,-0.0095883700282139,False,alpha_async,50,250,390,3,-1,1.0,0.6,0.6,100,0.0024598433259417,0,0,35,1.0,2,0,0.55,0.0,0.75,35.0,repeated_lesion,30.0,0.45,0.2,0.1,0.002,8.0
72,500,0.3503940053833638,0.5,-0.0167301790830244,0.164829838292193,0.125,0.3549320308231318,honeycomb__ql__plastic__intr1__struct1__synchronous__repeated_lesion__s3__b55e354027,-0.0044316554192776,-0.0032357582335549,0.25,False,0.7335177590756892,0.003,0.016,ql,0.68,honeycomb,50,100,0.9,0.2778077921256185,0.3,1,0.42,0.08,280,0.3502354029564677,0.2,20,1.3875378632287716,1.8703677158929467e-18,0.2,plastic,secondary,-0.0117052368224739,False,synchronous,50,250,390,3,-1,1.0,0.6,0.6,100,0.0017605363358747,22304,1,35,0.6666666666666666,2,22304,0.55,0.0,0.75,35.0,repeated_lesion,30.0,0.45,0.2,0.1,0.002,8.0
72,500,0.3576554776026945,0.5,-0.1870485966242314,0.0,0.125,0.0,extended_moore_r2__markov__plastic__intr0__struct1__block_async__repeated_lesion__s3__18e857f26a,0.0040868845714888,-0.0037438509854358,0.25,False,0.7220584254022245,0.003,0.016,markov,0.68,extended_moore_r2,50,100,0.9,0.2989226913780248,0.3,0,0.42,0.08,280,0.3561058608727238,0.2,20,0.4647613809068901,3.3796963768246944e-18,0.2,plastic,secondary,0.0070046544857464,False,block_async,50,250,390,3,-1,1.0,0.6,0.6,100,0.0298549158360822,40115,1,35,0.7459410365226338,2,38746,0.55,0.0,0.75,35.0,repeated_lesion,30.0,0.45,0.2,0.1,0.002,8.0
72,500,0.4854314680144022,0.5,-0.032994987914557,0.0,0.125,0.1229676047636149,extended_moore_r2__ql__plastic__intr0__struct0__alpha_async__repeated_lesion__s3__dc8eb7ba98,-0.0339981768966729,-0.014377757008437,0.25,False,0.8410767644024075,0.003,0.016,ql,0.68,extended_moore_r2,50,100,0.9,0.2530388120735903,0.3,0,0.42,0.08,280,0.4433216393164959,0.2,20,0.8163213205118918,2.6965874379888232e-18,0.2,plastic,secondary,0.0298465866168847,False,alpha_async,50,250,390,3,-1,1.0,0.6,0.6,100,0.0029462959810168,0,0,35,0.9819637345679012,2,0,0.55,0.0,0.75,35.0,repeated_lesion,30.0,0.45,0.2,0.1,0.002,8.0
72,500,0.4072066665656698,0.5,0.3791591348029748,0.0920104816163739,0.125,0.222802821053914,extended_moore_r2__ql__plastic__intr1__struct1__synchronous__repeated_lesion__s3__2352ebf22e,-0.0075552248825848,-0.02714402442491,0.25,False,0.8590952263823951,0.003,0.016,ql,0.68,extended_moore_r2,50,100,0.9,0.1618358250457602,0.3,1,0.42,0.08,280,0.4054576618639065,0.2,20,1.091353775408071,3.2670906939522347e-18,0.2,plastic,secondary,-0.0342836256116281,False,synchronous,50,250,390,3,-1,1.0,0.6,0.6,100,0.0095738966526646,40039,1,35,0.7498794367283951,2,39857,0.55,0.0,0.75,35.0,repeated_lesion,30.0,0.45,0.2,0.1,0.002,8.0
72,500,0.4082553809135339,0.5,-0.1474716549175059,0.0,0.125,0.0,extended_hex_r2__markov__plastic__intr0__struct1__block_async__repeated_lesion__s3__b0fcae75b4,0.0024770673571093,0.0043565305781065,0.25,False,0.8182226337158912,0.003,0.016,markov,0.68,extended_hex_r2,50,100,0.9,0.2562027652381921,0.3,0,0.42,0.08,280,0.4064527995598568,0.2,20,0.2176546266339381,2.6202606145943792e-18,0.2,plastic,secondary,0.0051913261775942,False,block_async,50,250,390,3,-1,1.0,0.6,0.6,100,0.0199506225085998,39707,1,35,0.7775634430727023,2,39587,0.55,0.0,0.75,35.0,repeated_lesion,30.0,0.45,0.2,0.1,0.002,8.0
72,500,0.4106988638232118,0.5,-0.0459696817196813,0.0,0.125,0.1313964590143312,extended_hex_r2__ql__plastic__intr0__struct0__alpha_async__repeated_lesion__s3__1c39b15daf,0.0066581062558669,0.007996656226566,0.25,False,0.828035047065876,0.003,0.016,ql,0.68,extended_hex_r2,50,100,0.9,0.2446996018200757,0.3,0,0.42,0.08,280,0.4465434025150357,0.2,20,0.2878766032013347,2.7213767351156205e-18,0.2,plastic,secondary,-0.0744377361640059,False,alpha_async,50,250,390,3,-1,1.0,0.6,0.6,100,0.0026659174372872,0,0,35,0.9906442901234568,2,0,0.55,0.0,0.75,35.0,repeated_lesion,30.0,0.45,0.2,0.1,0.002,8.0
72,500,0.4064694126880331,0.5,0.3744967362437153,0.0892213764463246,0.125,0.2258682408642222,extended_hex_r2__ql__plastic__intr1__struct1__synchronous__repeated_lesion__s3__f8a7622c71,0.0068550677794561,-0.0127205401480525,0.25,False,0.8552802070815897,0.003,0.016,ql,0.68,extended_hex_r2,50,100,0.9,0.1651494728170936,0.3,1,0.42,0.08,280,0.4039763926021505,0.2,20,1.1336026036038915,3.267989973962636e-18,0.2,plastic,secondary,-0.0600696645559369,False,synchronous,50,250,390,3,-1,1.0,0.6,0.6,100,0.0077711217341656,39013,1,35,0.7777777777777778,2,39005,0.55,0.0,0.75,35.0,repeated_lesion,30.0,0.45,0.2,0.1,0.002,8.0
72,500,0.4238785676881315,0.5,-0.2309964860610601,0.0,0.125,0.0,honeycomb_nnn__markov__plastic__intr0__struct1__block_async__repeated_lesion__s3__6eab2114a9,0.0066413903513918,0.0055292437508879,0.25,False,0.6020114411198499,0.003,0.016,markov,0.68,honeycomb_nnn,50,100,0.9,0.4314290778369857,0.3,0,0.42,0.08,280,0.4261902788378285,0.2,20,0.9975020449460604,2.2970413082549093e-18,0.2,plastic,secondary,0.0028589235923025,False,block_async,50,250,390,3,-1,1.0,0.6,0.6,100,0.0116845121275641,34698,1,35,0.7777777777777778,2,34698,0.55,0.0,0.75,35.0,repeated_lesion,30.0,0.45,0.2,0.1,0.002,8.0
72,500,0.4068075759487092,0.5,-0.2497161381668598,0.0,0.125,0.2393387201380703,honeycomb_nnn__ql__plastic__intr0__struct0__alpha_async__repeated_lesion__s3__3b33eb7a73,3.932445304380798e-05,0.0158903674514303,0.25,False,0.6697741064130124,0.003,0.016,ql,0.68,honeycomb_nnn,50,100,0.9,0.3912099109477089,0.3,0,0.42,0.08,280,0.4050962831425871,0.2,20,0.9419606126841652,2.7003301701806963e-18,0.2,plastic,secondary,0.0154372545996646,False,alpha_async,50,250,390,3,-1,1.0,0.6,0.6,100,0.0220904171657441,0,0,35,0.9993998628257889,2,0,0.55,0.0,0.75,35.0,repeated_lesion,30.0,0.45,0.2,0.1,0.002,8.0
72,500,0.4050332496523049,0.5,0.3064228188512515,0.0913764979118578,0.125,0.2206306370214177,honeycomb_nnn__ql__plastic__intr1__struct1__synchronous__repeated_lesion__s3__cdc32e8147,-0.0016784679163819,-0.0043364377550671,0.25,False,0.8413588478507054,0.003,0.016,ql,0.68,honeycomb_nnn,50,100,0.9,0.1844376149995237,0.3,1,0.42,0.08,280,0.4077978228561574,0.2,20,1.1737380055476028,2.084400005054744e-18,0.2,plastic,secondary,0.0173590828317965,False,synchronous,50,250,390,3,-1,1.0,0.6,0.6,100,0.0057379513107371,33928,1,35,0.7777777777777778,2,33928,0.55,0.0,0.75,35.0,repeated_lesion,30.0,0.45,0.2,0.1,0.002,8.0
72,500,0.3855212233762851,0.5,-0.1333395057972586,0.2241764858318974,0.125,0.0,square_vn__markov__plastic__intr1__struct0__synchronous__lesion__s1__35088a318d,0.0107781322041122,0.0174285228454613,0.25,False,0.7588975574750555,0.003,0.016,markov,0.68,square_vn,50,100,0.9,0.3018239839353263,0.3,1,0.42,0.08,280,0.3829271942976441,0.2,20,1.4619107685502133,1.3422581864481725e-18,0.2,plastic,secondary,0.0247272519996561,False,synchronous,50,250,390,1,-1,1.0,0.6,0.6,100,0.0034611043135507,0,0,35,1.0,2,0,0.55,0.0,0.75,35.0,lesion,30.0,0.45,0.2,0.1,0.002,8.0
72,500,0.4024478671674174,0.5,-0.2565421614303288,0.0,0.125,0.2482336608199475,square_vn__ql__plastic__intr0__struct0__block_async__lesion__s1__43f484424d,-0.0019881588456566,-0.0029997010131522,0.25,False,0.7477619640376456,0.003,0.016,ql,0.68,square_vn,50,100,0.9,0.3422854343975251,0.3,0,0.42,0.08,280,0.4029211087575532,0.2,20,1.428771623130404,2.2022683682577095e-18,0.2,plastic,secondary,0.001203605421064,False,block_async,50,250,390,1,-1,1.0,0.6,0.6,100,0.0031190700791737,0,0,35,1.0,2,0,0.55,0.0,0.75,35.0,lesion,30.0,0.45,0.2,0.1,0.002,8.0
72,500,0.3824936389122581,0.5,-0.1445628059682004,0.0901195877209075,0.125,0.2982935226269177,square_vn__ql__plastic__intr1__struct1__alpha_async__lesion__s1__3faeab7d10,0.0099895936876109,0.006538715640743,0.25,False,0.7074489050920605,0.003,0.016,ql,0.68,square_vn,50,100,0.9,0.3348478502149073,0.3,1,0.42,0.08,280,0.3771790695457859,0.2,20,1.404888604025197,2.425193411870658e-18,0.2,plastic,secondary,0.0180987781957134,False,alpha_async,50,250,390,1,-1,1.0,0.6,0.6,100,0.0019802795661218,23449,1,35,0.75,2,23449,0.55,0.0,0.75,35.0,lesion,30.0,0.45,0.2,0.1,0.002,8.0
72,500,0.411702637597052,0.5,0.2911669856089826,0.1340383882336563,0.125,0.0,square_moore__markov__plastic__intr1__struct0__synchronous__lesion__s1__b9f9664c8e,-0.0022252561052104,-0.0226007696937819,0.25,False,0.8507379211432303,0.003,0.016,markov,0.68,square_moore,50,100,0.9,0.1780266563225064,0.3,1,0.42,0.08,280,0.4082465797441965,0.2,20,1.2315333825970165,2.963859822024945e-18,0.2,plastic,secondary,0.0238359388900187,False,synchronous,50,250,390,1,-1,1.0,0.6,0.6,100,0.0044715702735641,0,0,35,1.0,2,0,0.55,0.0,0.75,35.0,lesion,30.0,0.45,0.2,0.1,0.002,8.0
72,500,0.4040670751449369,0.5,-0.3560096711152284,0.0,0.125,0.2721268353418602,square_moore__ql__plastic__intr0__struct0__block_async__lesion__s1__991685e596,0.0090418763713986,0.0014685810548533,0.25,False,0.5806579421684892,0.003,0.016,ql,0.68,square_moore,50,100,0.9,0.4707172606814706,0.3,0,0.42,0.08,280,0.4062261753106555,0.2,20,1.4922121181088026,3.296356972682681e-18,0.2,plastic,secondary,0.0064326474810481,False,block_async,50,250,390,1,-1,1.0,0.6,0.6,100,0.0380968739915057,0,0,35,0.9990354938271604,2,0,0.55,0.0,0.75,35.0,lesion,30.0,0.45,0.2,0.1,0.002,8.0
72,500,0.3669191875913973,0.5,-0.3549524191703777,0.0751962411552598,0.125,0.2794625849647377,square_moore__ql__plastic__intr1__struct1__alpha_async__lesion__s1__756bda9de3,-0.0006484719055698,0.0010426680721847,0.25,False,0.5424134043904327,0.003,0.016,ql,0.68,square_moore,50,100,0.9,0.4678484599446618,0.3,1,0.42,0.08,280,0.3682791860112271,0.2,20,1.544934715203612,3.0785222123734843e-18,0.2,plastic,secondary,-0.0065568868383464,False,alpha_async,50,250,390,1,-1,1.0,0.6,0.6,100,0.0420117620126708,27712,1,35,0.75,2,27712,0.55,0.0,0.75,35.0,lesion,30.0,0.45,0.2,0.1,0.002,8.0
72,500,0.4215936663846965,0.5,-0.127217695581988,0.1116690722421681,0.125,0.0,hex_cells__markov__plastic__intr1__struct0__synchronous__lesion__s1__70677537d0,0.0141495887546556,0.0015427516267481,0.25,False,0.7498254162164099,0.003,0.016,markov,0.68,hex_cells,50,100,0.9,0.3061978659579424,0.3,1,0.42,0.08,280,0.4202360012775643,0.2,20,1.2779607688910395,1.988345954804865e-18,0.2,plastic,secondary,0.0196336715404662,False,synchronous,50,250,390,1,-1,1.0,0.6,0.6,100,0.0063625344914497,0,0,35,1.0,2,0,0.55,0.0,0.75,35.0,lesion,30.0,0.45,0.2,0.1,0.002,8.0
72,500,0.4475091734123133,0.5,-0.3550575108327583,0.0,0.125,0.287359435289347,hex_cells__ql__plastic__intr0__struct0__block_async__lesion__s1__77b2649e5e,0.0001568388132639,-0.0099063215522717,0.25,False,0.5748680097554836,0.003,0.016,ql,0.68,hex_cells,50,100,0.9,0.491445032131088,0.3,0,0.42,0.08,280,0.4482193106489241,0.2,20,1.350702906464056,1.687750308660726e-18,0.2,plastic,secondary,-0.0001702651736611,False,block_async,50,250,390,1,-1,1.0,0.6,0.6,100,0.008469114895293,0,0,35,1.0,2,0,0.55,0.0,0.75,35.0,lesion,30.0,0.45,0.2,0.1,0.002,8.0
72,500,0.4135059572405397,0.5,-0.2007416032594793,0.0681545330327597,0.125,0.2374005116662157,hex_cells__ql__plastic__intr1__struct1__alpha_async__lesion__s1__07bc6402bb,0.0066023279137547,0.0048870195016089,0.25,False,0.6895406138087516,0.003,0.016,ql,0.68,hex_cells,50,100,0.9,0.3726834571959224,0.3,1,0.42,0.08,280,0.4112447169172187,0.2,20,1.073932057672641,2.3820989621989683e-18,0.2,plastic,secondary,0.0107202544383421,False,alpha_async,50,250,390,1,-1,1.0,0.6,0.6,100,0.0022377060126096,31691,1,35,0.6666666666666666,2,31691,0.55,0.0,0.75,35.0,lesion,30.0,0.45,0.2,0.1,0.002,8.0
72,500,0.3882953521757321,0.5,-0.1549411003807106,0.195436645320497,0.125,0.0,honeycomb__markov__plastic__intr1__struct0__synchronous__lesion__s1__40bf4a97fc,0.0170822256447328,-0.0047404758765948,0.25,False,0.7470147430961849,0.003,0.016,markov,0.68,honeycomb,50,100,0.9,0.3134350430480556,0.3,1,0.42,0.08,280,0.3887809582735628,0.2,20,1.505823909579631,1.4396481489045165e-18,0.2,plastic,secondary,0.0136929735449707,False,synchronous,50,250,390,1,-1,1.0,0.6,0.6,100,0.0030215089224236,0,0,35,1.0,2,0,0.55,0.0,0.75,35.0,lesion,30.0,0.45,0.2,0.1,0.002,8.0
72,500,0.3976755412233346,0.5,-0.2157515830378703,0.0,0.125,0.2668759729392114,honeycomb__ql__plastic__intr0__struct0__block_async__lesion__s1__1124df7d2b,-0.0052946202515442,-0.0036737455341634,0.25,False,0.7339312865674605,0.003,0.016,ql,0.68,honeycomb,50,100,0.9,0.3394371678864725,0.3,0,0.42,0.08,280,0.3967130318195755,0.2,20,1.493777602334898,1.759749949870192e-18,0.2,plastic,secondary,-0.0041307678449839,False,block_async,50,250,390,1,-1,1.0,0.6,0.6,100,0.0024482785247918,0,0,35,1.0,2,0,0.55,0.0,0.75,35.0,lesion,30.0,0.45,0.2,0.1,0.002,8.0
72,500,0.3228274497914459,0.5,0.0406766315281199,0.1260745418158076,0.125,0.3899437203638526,honeycomb__ql__plastic__intr1__struct1__alpha_async__lesion__s1__ad1cb46592,0.014262687497051,0.0032345315030684,0.25,False,0.6700596413744886,0.003,0.016,ql,0.68,honeycomb,50,100,0.9,0.2754245570420611,0.3,1,0.42,0.08,280,0.3175183160334015,0.2,20,1.42704459562612,2.0195799904458007e-18,0.2,plastic,secondary,0.0288719413269197,False,alpha_async,50,250,390,1,-1,1.0,0.6,0.6,100,0.0018832006248801,19240,1,35,0.6666666666666666,2,19240,0.55,0.0,0.75,35.0,lesion,30.0,0.45,0.2,0.1,0.002,8.0
72,500,0.4032715693784956,0.5,0.4420491799561901,0.1234781344002686,0.125,0.0,extended_moore_r2__markov__plastic__intr1__struct0__synchronous__lesion__s1__69e94f93ce,-0.0385018609945265,-0.0278587281090468,0.25,False,0.8655675585967388,0.003,0.016,markov,0.68,extended_moore_r2,50,100,0.9,0.1451269982778759,0.3,1,0.42,0.08,280,0.4065227392254714,0.2,20,1.173947254843446,4.2709293759558786e-18,0.2,plastic,secondary,-0.0500040948704374,False,synchronous,50,250,390,1,-1,1.0,0.6,0.6,100,0.0131617447096344,0,0,35,0.9847849151234568,2,0,0.55,0.0,0.75,35.0,lesion,30.0,0.45,0.2,0.1,0.002,8.0
72,500,0.3290992099449012,0.5,-0.1643511504062172,0.0,0.125,0.2296406227512552,extended_moore_r2__ql__plastic__intr0__struct0__block_async__lesion__s1__64fde0816c,0.0281514303466668,-0.0010958223812067,0.25,False,0.7226984506546661,0.003,0.016,ql,0.68,extended_moore_r2,50,100,0.9,0.2563599126507286,0.3,0,0.42,0.08,280,0.325502874926561,0.2,20,0.5570134627915231,4.925147757732863e-18,0.2,plastic,secondary,0.0327221542481264,False,block_async,50,250,390,1,-1,1.0,0.6,0.6,100,0.0344904804458476,0,0,35,0.8704105581275721,2,0,0.55,0.0,0.75,35.0,lesion,30.0,0.45,0.2,0.1,0.002,8.0
72,500,0.3217225389607415,0.5,-0.214345109685471,0.0696779111165835,0.125,0.2373880372712451,extended_moore_r2__ql__plastic__intr1__struct1__alpha_async__lesion__s1__4c3468172e,0.0118230034266348,-0.0090231933719871,0.25,False,0.6239832212946652,0.003,0.016,ql,0.68,extended_moore_r2,50,100,0.9,0.3411084188795353,0.3,1,0.42,0.08,280,0.3276179085953092,0.2,20,0.7156536846570252,3.584484786994726e-18,0.2,plastic,secondary,0.0248218784981289,False,alpha_async,50,250,390,1,-1,1.0,0.6,0.6,100,0.0319654384137043,39588,1,35,0.7425250771604939,2,37745,0.55,0.0,0.75,35.0,lesion,30.0,0.45,0.2,0.1,0.002,8.0
72,500,0.4067631852124272,0.5,0.4381372396358426,0.1179516299384253,0.125,0.0,extended_hex_r2__markov__plastic__intr1__struct0__synchronous__lesion__s1__d08bd13212,-0.0076416807671741,0.0099009626272884,0.25,False,0.8633528806402943,0.003,0.016,markov,0.68,extended_hex_r2,50,100,0.9,0.1482596824119031,0.3,1,0.42,0.08,280,0.407175834825853,0.2,20,1.2007453291096668,3.663699884898823e-18,0.2,plastic,secondary,0.016349531595449,False,synchronous,50,250,390,1,-1,1.0,0.6,0.6,100,0.0102958955455692,0,0,35,0.990676440329218,2,0,0.55,0.0,0.75,35.0,lesion,30.0,0.45,0.2,0.1,0.002,8.0
72,500,0.4388940660372363,0.5,-0.1584741849764294,0.0,0.125,0.1392786095596157,extended_hex_r2__ql__plastic__intr0__struct0__block_async__lesion__s1__fc678cf464,-0.0438194885001306,-0.012103642052609,0.25,False,0.9661158266494329,0.003,0.016,ql,0.68,extended_hex_r2,50,100,0.9,0.0819871133417929,0.3,0,0.42,0.08,280,0.438722167412387,0.2,20,0.0162240677244414,2.870664615057631e-18,0.2,plastic,secondary,-0.0587742264420637,False,block_async,50,250,390,1,-1,1.0,0.6,0.6,100,0.0220408659278155,0,0,35,0.9883937757201646,2,0,0.55,0.0,0.75,35.0,lesion,30.0,0.45,0.2,0.1,0.002,8.0
72,500,0.4066045223358805,0.5,-0.073366026550194,0.0371984486756353,0.125,0.1590940101285706,extended_hex_r2__ql__plastic__intr1__struct1__alpha_async__lesion__s1__4d74872c40,0.0186250687085125,0.0178929063545313,0.25,False,0.8064364523376881,0.003,0.016,ql,0.68,extended_hex_r2,50,100,0.9,0.2667953707420478,0.3,1,0.42,0.08,280,0.418064155314595,0.2,20,0.3869474433820912,2.476391523466554e-18,0.2,plastic,secondary,-0.0267280031341436,False,alpha_async,50,250,390,1,-1,1.0,0.6,0.6,100,0.0065585229595867,39161,1,35,0.7776813271604939,2,39087,0.55,0.0,0.75,35.0,lesion,30.0,0.45,0.2,0.1,0.002,8.0
72,500,0.4117528496985468,0.5,0.4144417595145983,0.1237735134636131,0.125,0.0,honeycomb_nnn__markov__plastic__intr1__struct0__synchronous__lesion__s1__91840b5362,0.0120801950282223,0.0227133640326188,0.25,False,0.8658926409446709,0.003,0.016,markov,0.68,honeycomb_nnn,50,100,0.9,0.1549212105733716,0.3,1,0.42,0.08,280,0.4084253894470002,0.2,20,1.2077519029794397,3.3940034160022322e-18,0.2,plastic,secondary,0.0378560372858368,False,synchronous,50,250,390,1,-1,1.0,0.6,0.6,100,0.0060462369727532,0,0,35,1.0,2,0,0.55,0.0,0.75,35.0,lesion,30.0,0.45,0.2,0.1,0.002,8.0
72,500,0.3995458946839472,0.5,-0.2334156486913861,0.0,0.125,0.2460797910614687,honeycomb_nnn__ql__plastic__intr0__struct0__block_async__lesion__s1__a53e9ab44d,0.0040595622893901,0.0099745043121043,0.25,False,0.7011202551047182,0.003,0.016,ql,0.68,honeycomb_nnn,50,100,0.9,0.3625312306641405,0.3,0,0.42,0.08,280,0.398797423577617,0.2,20,0.8813877937168961,2.6640283536850535e-18,0.2,plastic,secondary,0.0013486572711289,False,block_async,50,250,390,1,-1,1.0,0.6,0.6,100,0.0477118815297946,0,0,35,0.9995713305898491,2,0,0.55,0.0,0.75,35.0,lesion,30.0,0.45,0.2,0.1,0.002,8.0
72,500,0.3911121176319964,0.5,-0.2278604148695138,0.0588855922961818,0.125,0.2395325150054313,honeycomb_nnn__ql__plastic__intr1__struct1__alpha_async__lesion__s1__d63be042bd,0.0134766093791601,-0.0002014247341688,0.25,False,0.6216643008927918,0.003,0.016,ql,0.68,honeycomb_nnn,50,100,0.9,0.4056775181574072,0.3,1,0.42,0.08,280,0.3922371209819012,0.2,20,0.9557503704168238,2.0171654439042935e-18,0.2,plastic,secondary,0.0232420800296711,False,alpha_async,50,250,390,1,-1,1.0,0.6,0.6,100,0.0102186566769945,32433,1,35,0.7777777777777778,2,32433,0.55,0.0,0.75,35.0,lesion,30.0,0.45,0.2,0.1,0.002,8.0
72,500,0.3834439734910343,0.5,-0.1373545176027517,0.2226749176021703,0.125,0.0,square_vn__markov__plastic__intr1__struct0__synchronous__lesion__s2__7eb1bd08de,0.0148787914887239,0.0178730984344921,0.25,False,0.7579700283327468,0.003,0.016,markov,0.68,square_vn,50,100,0.9,0.3014969071102588,0.3,1,0.42,0.08,280,0.3832625990809487,0.2,20,1.4556564085945198,2.063262386836298e-18,0.2,plastic,secondary,0.0236326243960028,False,synchronous,50,250,390,2,-1,1.0,0.6,0.6,100,0.0029261914480763,0,0,35,1.0,2,0,0.55,0.0,0.75,35.0,lesion,30.0,0.45,0.2,0.1,0.002,8.0
72,500,0.4019957345199324,0.5,-0.249876302738899,0.0,0.125,0.2502242639577761,square_vn__ql__plastic__intr0__struct0__block_async__lesion__s2__43d1427708,0.0016958188132205,-0.0032242682523579,0.25,False,0.7507413050318379,0.003,0.016,ql,0.68,square_vn,50,100,0.9,0.3390131045013847,0.3,0,0.42,0.08,280,0.4020315024244786,0.2,20,1.4214429764771996,2.992471583232852e-18,0.2,plastic,secondary,0.0018211594693157,False,block_async,50,250,390,2,-1,1.0,0.6,0.6,100,0.002832919715503,0,0,35,1.0,2,0,0.55,0.0,0.75,35.0,lesion,30.0,0.45,0.2,0.1,0.002,8.0
72,500,0.3814488393781706,0.5,-0.1499308484516072,0.0898372693195061,0.125,0.2972137671794634,square_vn__ql__plastic__intr1__struct1__alpha_async__lesion__s2__2fefededd6,0.0018672776870315,0.002681667094679,0.25,False,0.7098365439457422,0.003,0.016,ql,0.68,square_vn,50,100,0.9,0.3336535704080645,0.3,1,0.42,0.08,280,0.3773653024279076,0.2,20,1.3948262889658678,2.236273944442362e-18,0.2,plastic,secondary,-0.0007656487437165,False,alpha_async,50,250,390,2,-1,1.0,0.6,0.6,100,0.0023924435892208,23433,1,35,0.75,2,23433,0.55,0.0,0.75,35.0,lesion,30.0,0.45,0.2,0.1,0.002,8.0
72,500,0.4034017873998419,0.5,0.1267786874781978,0.1317899931142544,0.125,0.0,square_moore__markov__plastic__intr1__struct0__synchronous__lesion__s2__d7c66a0040,0.0073732512110053,0.0169054708171283,0.25,False,0.8074961708406259,0.003,0.016,markov,0.68,square_moore,50,100,0.9,0.2073207445306243,0.3,1,0.42,0.08,280,0.4097174694086304,0.2,20,1.321121135623088,3.381218930030324e-18,0.2,plastic,secondary,0.0140166674561935,False,synchronous,50,250,390,2,-1,1.0,0.6,0.6,100,0.0247143014237182,0,0,35,1.0,2,0,0.55,0.0,0.75,35.0,lesion,30.0,0.45,0.2,0.1,0.002,8.0
72,500,0.4074159669899628,0.5,-0.3481336306041699,0.0,0.125,0.272004860865491,square_moore__ql__plastic__intr0__struct0__block_async__lesion__s2__a9f8ac1f8c,0.0052714285771927,-0.0012568821022996,0.25,False,0.5853481286116147,0.003,0.016,ql,0.68,square_moore,50,100,0.9,0.4677504596351438,0.3,0,0.42,0.08,280,0.4091436095898031,0.2,20,1.4669594449576262,3.0523573005720543e-18,0.2,plastic,secondary,-0.0035378127835477,False,block_async,50,250,390,2,-1,1.0,0.6,0.6,100,0.0260510170548722,0,0,35,0.9988184799382716,2,0,0.55,0.0,0.75,35.0,lesion,30.0,0.45,0.2,0.1,0.002,8.0
72,500,0.3700413417170533,0.5,-0.3490802738841634,0.0744334602152663,0.125,0.2808107440168143,square_moore__ql__plastic__intr1__struct1__alpha_async__lesion__s2__a57a385fa4,0.0039297777747146,-0.0058911624944139,0.25,False,0.5452573083390853,0.003,0.016,ql,0.68,square_moore,50,100,0.9,0.4668246533924652,0.3,1,0.42,0.08,280,0.3702781572495908,0.2,20,1.5363081125496627,2.671958874641681e-18,0.2,plastic,secondary,0.0080642626809379,False,alpha_async,50,250,390,2,-1,1.0,0.6,0.6,100,0.0257892258164856,28242,1,35,0.75,2,28242,0.55,0.0,0.75,35.0,lesion,30.0,0.45,0.2,0.1,0.002,8.0
72,500,0.4222859184385124,0.5,-0.1316193593874894,0.110488896570748,0.125,0.0,hex_cells__markov__plastic__intr1__struct0__synchronous__lesion__s2__2167d2d63b,0.0287073861370948,0.0030847478027221,0.25,False,0.7473640148937452,0.003,0.016,markov,0.68,hex_cells,50,100,0.9,0.308716366456293,0.3,1,0.42,0.08,280,0.4216312558037254,0.2,20,1.2845367329834851,2.5541371537444377e-18,0.2,plastic,secondary,0.0193085717546791,False,synchronous,50,250,390,2,-1,1.0,0.6,0.6,100,0.0078496741777755,0,0,35,1.0,2,0,0.55,0.0,0.75,35.0,lesion,30.0,0.45,0.2,0.1,0.002,8.0
72,500,0.4435543022633076,0.5,-0.351165056790432,0.0,0.125,0.2858999285278427,hex_cells__ql__plastic__intr0__struct0__block_async__lesion__s2__1c4c1729fb,-0.000716383025385,0.0043607771653985,0.25,False,0.580959638155269,0.003,0.016,ql,0.68,hex_cells,50,100,0.9,0.4845182787813624,0.3,0,0.42,0.08,280,0.4443069751349994,0.2,20,1.336512370691708,2.0587244451939977e-18,0.2,plastic,secondary,-0.0060859534953734,False,block_async,50,250,390,2,-1,1.0,0.6,0.6,100,0.0087823537718602,0,0,35,1.0,2,0,0.55,0.0,0.75,35.0,lesion,30.0,0.45,0.2,0.1,0.002,8.0
72,500,0.4145202913414936,0.5,-0.2058696818295358,0.0692081806273853,0.125,0.2380940281300309,hex_cells__ql__plastic__intr1__struct1__alpha_async__lesion__s2__5c530686e2,0.0105712260975391,0.0075049244430317,0.25,False,0.6856525505967783,0.003,0.016,ql,0.68,hex_cells,50,100,0.9,0.376535971831323,0.3,1,0.42,0.08,280,0.4115747567425603,0.2,20,1.0876454331293033,2.267651119082195e-18,0.2,plastic,secondary,0.0033555791676877,False,alpha_async,50,250,390,2,-1,1.0,0.6,0.6,100,0.0024418658639996,31886,1,35,0.6666666666666666,2,31886,0.55,0.0,0.75,35.0,lesion,30.0,0.45,0.2,0.1,0.002,8.0
72,500,0.3855796019608227,0.5,-0.1551905995224193,0.2003707334400861,0.125,0.0,honeycomb__markov__plastic__intr1__struct0__synchronous__lesion__s2__0562d99f53,0.0101007528483005,0.003452575541944,0.25,False,0.7442430901876386,0.003,0.016,markov,0.68,honeycomb,50,100,0.9,0.3142986552266475,0.3,1,0.42,0.08,280,0.387073928728559,0.2,20,1.5020507020613756,1.2811379217042708e-18,0.2,plastic,secondary,0.022150343087026,False,synchronous,50,250,390,2,-1,1.0,0.6,0.6,100,0.0029138857603177,0,0,35,1.0,2,0,0.55,0.0,0.75,35.0,lesion,30.0,0.45,0.2,0.1,0.002,8.0
72,500,0.3980541721067677,0.5,-0.2238493607510745,0.0,0.125,0.265418779429273,honeycomb__ql__plastic__intr0__struct0__block_async__lesion__s2__e3a2d80cc8,0.0028500838141079,-0.0007950261427162,0.25,False,0.7341038573363097,0.003,0.016,ql,0.68,honeycomb,50,100,0.9,0.3408751236331476,0.3,0,0.42,0.08,280,0.3968926119130482,0.2,20,1.4859036324573922,1.695351247970086e-18,0.2,plastic,secondary,0.0018157268506634,False,block_async,50,250,390,2,-1,1.0,0.6,0.6,100,0.0027271392771308,0,0,35,1.0,2,0,0.55,0.0,0.75,35.0,lesion,30.0,0.45,0.2,0.1,0.002,8.0
72,500,0.3213981649883616,0.5,0.0382590407056103,0.1208112081121202,0.125,0.3894991873052129,honeycomb__ql__plastic__intr1__struct1__alpha_async__lesion__s2__e721b2d35f,-0.0133123492839509,0.0013708083082025,0.25,False,0.6691689159426492,0.003,0.016,ql,0.68,honeycomb,50,100,0.9,0.2755520200931048,0.3,1,0.42,0.08,280,0.3209745497664173,0.2,20,1.421605128004766,1.3169678889944534e-18,0.2,plastic,secondary,-0.0395913157294488,False,alpha_async,50,250,390,2,-1,1.0,0.6,0.6,100,0.0017196728004364,19812,1,35,0.6666666666666666,2,19812,0.55,0.0,0.75,35.0,lesion,30.0,0.45,0.2,0.1,0.002,8.0
72,500,0.3978335659738139,0.5,0.4567900972378621,0.1235253251120867,0.125,0.0,extended_moore_r2__markov__plastic__intr1__struct0__synchronous__lesion__s2__f6e8002249,-0.0091986608034706,-0.008048809036458,0.25,False,0.8612606608367587,0.003,0.016,markov,0.68,extended_moore_r2,50,100,0.9,0.1428631632587867,0.3,1,0.42,0.08,280,0.4074998660051997,0.2,20,1.2128388353737392,4.9884106252026694e-18,0.2,plastic,secondary,-0.0407570098174943,False,synchronous,50,250,390,2,-1,1.0,0.6,0.6,100,0.0139030578069264,0,0,35,0.9850823045267488,2,0,0.55,0.0,0.75,35.0,lesion,30.0,0.45,0.2,0.1,0.002,8.0
72,500,0.3205370357013378,0.5,-0.1827442050906151,0.0,0.125,0.2354300319402416,extended_moore_r2__ql__plastic__intr0__struct0__block_async__lesion__s2__adb9824f20,0.017367234006001,0.0032838042996864,0.25,False,0.7055577335969951,0.003,0.016,ql,0.68,extended_moore_r2,50,100,0.9,0.2647387965982574,0.3,0,0.42,0.08,280,0.3166661872312485,0.2,20,0.5747117477124736,3.3799014586888813e-18,0.2,plastic,secondary,0.0211002088967376,False,block_async,50,250,390,2,-1,1.0,0.6,0.6,100,0.0364843659572012,0,0,35,0.863940329218107,2,0,0.55,0.0,0.75,35.0,lesion,30.0,0.45,0.2,0.1,0.002,8.0
72,500,0.323359649990756,0.5,-0.203287228687836,0.0680614680667233,0.125,0.2339585490620803,extended_moore_r2__ql__plastic__intr1__struct1__alpha_async__lesion__s2__c05ab82d08,0.0140982113130469,-0.0057040332830182,0.25,False,0.6498494417938941,0.003,0.016,ql,0.68,extended_moore_r2,50,100,0.9,0.3243461275015106,0.3,1,0.42,0.08,280,0.3324812831978356,0.2,20,0.6649037202279435,3.2818168189560146e-18,0.2,plastic,secondary,0.0089571463267607,False,alpha_async,50,250,390,2,-1,1.0,0.6,0.6,100,0.0393706699158203,39647,1,35,0.7432966820987654,2,37846,0.55,0.0,0.75,35.0,lesion,30.0,0.45,0.2,0.1,0.002,8.0
72,500,0.4007846602213092,0.5,0.4361630012809181,0.1170394953384766,0.125,0.0,extended_hex_r2__markov__plastic__intr1__struct0__synchronous__lesion__s2__92cf260815,-0.0076056239121938,0.0005126196665959,0.25,False,0.8604186843328504,0.003,0.016,markov,0.68,extended_hex_r2,50,100,0.9,0.1475689658414295,0.3,1,0.42,0.08,280,0.4070547208584481,0.2,20,1.194002022217611,3.630846806991618e-18,0.2,plastic,secondary,0.0558466975729438,False,synchronous,50,250,390,2,-1,1.0,0.6,0.6,100,0.0089603562575342,0,0,35,0.9902370541838136,2,0,0.55,0.0,0.75,35.0,lesion,30.0,0.45,0.2,0.1,0.002,8.0
72,500,0.4191773883697404,0.5,-0.1472469479373048,0.0,0.125,0.1692087401952439,extended_hex_r2__ql__plastic__intr0__struct0__block_async__lesion__s2__f68a2c5f29,0.0094106018154982,-0.0036188502089656,0.25,False,0.8898845938847151,0.003,0.016,ql,0.68,extended_hex_r2,50,100,0.9,0.176420635733652,0.3,0,0.42,0.08,280,0.4191573510039512,0.2,20,0.1129135111359731,2.856699740600822e-18,0.2,plastic,secondary,0.0088804777210259,False,block_async,50,250,390,2,-1,1.0,0.6,0.6,100,0.0365540346713773,0,0,35,0.985693158436214,2,0,0.55,0.0,0.75,35.0,lesion,30.0,0.45,0.2,0.1,0.002,8.0
72,500,0.4459130611659994,0.5,-0.0621663621080914,0.0356223632790527,0.125,0.149084631073726,extended_hex_r2__ql__plastic__intr1__struct1__alpha_async__lesion__s2__b71bc33637,-0.012583138626182,-0.0313498062694891,0.25,False,0.8308567770272445,0.003,0.016,ql,0.68,extended_hex_r2,50,100,0.9,0.2629924518090026,0.3,1,0.42,0.08,280,0.4225660659787572,0.2,20,0.6926717456600711,2.6388400946687285e-18,0.2,plastic,secondary,0.0146283463097134,False,alpha_async,50,250,390,2,-1,1.0,0.6,0.6,100,0.0044432154683573,39284,1,35,0.7776384602194787,2,39215,0.55,0.0,0.75,35.0,lesion,30.0,0.45,0.2,0.1,0.002,8.0
72,500,0.406369914808541,0.5,0.4212369981884315,0.1252359719651174,0.125,0.0,honeycomb_nnn__markov__plastic__intr1__struct0__synchronous__lesion__s2__d445ad05fc,0.0017749078743378,-0.0151505956036799,0.25,False,0.8641938782279983,0.003,0.016,markov,0.68,honeycomb_nnn,50,100,0.9,0.1529522451518787,0.3,1,0.42,0.08,280,0.4080743814503951,0.2,20,1.209726040464406,2.8719451235362534e-18,0.2,plastic,secondary,-0.0260040293267426,False,synchronous,50,250,390,2,-1,1.0,0.6,0.6,100,0.0063880699047328,0,0,35,1.0,2,0,0.55,0.0,0.75,35.0,lesion,30.0,0.45,0.2,0.1,0.002,8.0
72,500,0.3921288350535018,0.5,-0.2398174800594974,0.0,0.125,0.2449480184635512,honeycomb_nnn__ql__plastic__intr0__struct0__block_async__lesion__s2__bb1768bc44,0.0084696943957944,-0.0012046009806401,0.25,False,0.7107835322091149,0.003,0.016,ql,0.68,honeycomb_nnn,50,100,0.9,0.354633050323932,0.3,0,0.42,0.08,280,0.3937570905998579,0.2,20,0.8371962130416059,2.697792735891857e-18,0.2,plastic,secondary,0.0162217775038323,False,block_async,50,250,390,2,-1,1.0,0.6,0.6,100,0.0320057287490222,0,0,35,0.9991212277091908,2,0,0.55,0.0,0.75,35.0,lesion,30.0,0.45,0.2,0.1,0.002,8.0
72,500,0.3900019491953744,0.5,-0.2256390490256589,0.0603152922252503,0.125,0.2381314370763001,honeycomb_nnn__ql__plastic__intr1__struct1__alpha_async__lesion__s2__b5ababbd21,0.0195924755126171,0.0087993722083512,0.25,False,0.6230272761140044,0.003,0.016,ql,0.68,honeycomb_nnn,50,100,0.9,0.4034754781440067,0.3,1,0.42,0.08,280,0.3908769464013749,0.2,20,0.961341125471584,2.173466036282052e-18,0.2,plastic,secondary,0.0189636523080067,False,alpha_async,50,250,390,2,-1,1.0,0.6,0.6,100,0.0112637544326424,32382,1,35,0.7777777777777778,2,32382,0.55,0.0,0.75,35.0,lesion,30.0,0.45,0.2,0.1,0.002,8.0
72,500,0.3863593806448688,0.5,-0.128874505323618,0.222120556898282,0.125,0.0,square_vn__markov__plastic__intr1__struct0__synchronous__lesion__s3__c2a00cc420,0.0171604387106514,0.017898293722322,0.25,False,0.760496135915275,0.003,0.016,markov,0.68,square_vn,50,100,0.9,0.3004538232603755,0.3,1,0.42,0.08,280,0.3825159482124742,0.2,20,1.4593563962607612,1.8834386013557854e-18,0.2,plastic,secondary,0.0101836855747292,False,synchronous,50,250,390,3,-1,1.0,0.6,0.6,100,0.0030003083334528,0,0,35,1.0,2,0,0.55,0.0,0.75,35.0,lesion,30.0,0.45,0.2,0.1,0.002,8.0
72,500,0.4016746413512261,0.5,-0.2531249315266997,0.0,0.125,0.2497962744431225,square_vn__ql__plastic__intr0__struct0__block_async__lesion__s3__c7f7b80653,-0.0048694472771498,-0.004909766735857,0.25,False,0.7446302057530472,0.003,0.016,ql,0.68,square_vn,50,100,0.9,0.3435202557152088,0.3,0,0.42,0.08,280,0.4024080431718603,0.2,20,1.4292426822497388,2.214939197945609e-18,0.2,plastic,secondary,-0.0087596241670388,False,block_async,50,250,390,3,-1,1.0,0.6,0.6,100,0.0030157661325305,0,0,35,1.0,2,0,0.55,0.0,0.75,35.0,lesion,30.0,0.45,0.2,0.1,0.002,8.0
72,500,0.3797119573601623,0.5,-0.1486332689741426,0.0940635600231796,0.125,0.2978258664050295,square_vn__ql__plastic__intr1__struct1__alpha_async__lesion__s3__593f339c72,0.0074131582800848,0.0042439704494907,0.25,False,0.7102773716962275,0.003,0.016,ql,0.68,square_vn,50,100,0.9,0.3322540576405309,0.3,1,0.42,0.08,280,0.3758555483111866,0.2,20,1.3958707620351771,2.1040914032430423e-18,0.2,plastic,secondary,-0.014143516727455,False,alpha_async,50,250,390,3,-1,1.0,0.6,0.6,100,0.0026167303729995,23198,1,35,0.75,2,23198,0.55,0.0,0.75,35.0,lesion,30.0,0.45,0.2,0.1,0.002,8.0
72,500,0.4038884837432012,0.5,0.2548330186782358,0.1346884261966652,0.125,0.0,square_moore__markov__plastic__intr1__struct0__synchronous__lesion__s3__f1aff196b8,0.0078431779482129,0.0087674154109112,0.25,False,0.8390145048290452,0.003,0.016,markov,0.68,square_moore,50,100,0.9,0.1817507448748443,0.3,1,0.42,0.08,280,0.4074688649674666,0.2,20,1.2586173136929608,3.1414705910931837e-18,0.2,plastic,secondary,0.0117610022879052,False,synchronous,50,250,390,3,-1,1.0,0.6,0.6,100,0.0052363585177238,0,0,35,1.0,2,0,0.55,0.0,0.75,35.0,lesion,30.0,0.45,0.2,0.1,0.002,8.0
72,500,0.4066760276530349,0.5,-0.3513059608371188,0.0,0.125,0.2736944810064334,square_moore__ql__plastic__intr0__struct0__block_async__lesion__s3__c203d12583,0.0008556946246447,0.0064651472181658,0.25,False,0.5791532989878485,0.003,0.016,ql,0.68,square_moore,50,100,0.9,0.4709380513727647,0.3,0,0.42,0.08,280,0.4093345498222217,0.2,20,1.4735934827374908,2.18859476543917e-18,0.2,plastic,secondary,0.0106029496367406,False,block_async,50,250,390,3,-1,1.0,0.6,0.6,100,0.0174259861768668,0,0,35,0.9987220293209876,2,0,0.55,0.0,0.75,35.0,lesion,30.0,0.45,0.2,0.1,0.002,8.0
72,500,0.3709049321132924,0.5,-0.3528170422322947,0.0735354151221467,0.125,0.2815363744872542,square_moore__ql__plastic__intr1__struct1__alpha_async__lesion__s3__1910256c70,-0.0023480373813466,0.0018024304120897,0.25,False,0.5390871985983396,0.003,0.016,ql,0.68,square_moore,50,100,0.9,0.4718556030651283,0.3,1,0.42,0.08,280,0.3721083649733937,0.2,20,1.5455934407198508,4.175333818930788e-18,0.2,plastic,secondary,-0.0064756087606123,False,alpha_async,50,250,390,3,-1,1.0,0.6,0.6,100,0.0670641045474454,28302,1,35,0.75,2,28302,0.55,0.0,0.75,35.0,lesion,30.0,0.45,0.2,0.1,0.002,8.0
72,500,0.4221454694488604,0.5,-0.127243050322234,0.1099604555998354,0.125,0.0,hex_cells__markov__plastic__intr1__struct0__synchronous__lesion__s3__0260e4f3e2,0.0144629589453848,0.0047534913526715,0.25,False,0.7480291211759869,0.003,0.016,markov,0.68,hex_cells,50,100,0.9,0.3075198433336255,0.3,1,0.42,0.08,280,0.4197445064965575,0.2,20,1.283312511596555,1.7729831402199546e-18,0.2,plastic,secondary,0.0171779489228311,False,synchronous,50,250,390,3,-1,1.0,0.6,0.6,100,0.0106641648975259,0,0,35,1.0,2,0,0.55,0.0,0.75,35.0,lesion,30.0,0.45,0.2,0.1,0.002,8.0
72,500,0.4472537832872272,0.5,-0.3558032000377928,0.0,0.125,0.2861213253045767,hex_cells__ql__plastic__intr0__struct0__block_async__lesion__s3__84eca0148f,0.0001033581565167,0.0003769034798799,0.25,False,0.5790761011717684,0.003,0.016,ql,0.68,hex_cells,50,100,0.9,0.4889274822917842,0.3,0,0.42,0.08,280,0.4481926139833408,0.2,20,1.3568169793653495,2.3568554392310627e-18,0.2,plastic,secondary,0.0037811829729287,False,block_async,50,250,390,3,-1,1.0,0.6,0.6,100,0.010288810171699,0,0,35,1.0,2,0,0.55,0.0,0.75,35.0,lesion,30.0,0.45,0.2,0.1,0.002,8.0
72,500,0.4158521772623761,0.5,-0.204521288179459,0.0681205752289885,0.125,0.2381248031244296,hex_cells__ql__plastic__intr1__struct1__alpha_async__lesion__s3__fec8e0f55c,0.005654923238222,0.0028944473922277,0.25,False,0.6922456087755655,0.003,0.016,ql,0.68,hex_cells,50,100,0.9,0.3732749496477802,0.3,1,0.42,0.08,280,0.4118721425846862,0.2,20,1.0812663748738156,1.6347876669857653e-18,0.2,plastic,secondary,0.0071205480259629,False,alpha_async,50,250,390,3,-1,1.0,0.6,0.6,100,0.0022991473496982,31903,1,35,0.6666666666666666,2,31903,0.55,0.0,0.75,35.0,lesion,30.0,0.45,0.2,0.1,0.002,8.0
72,500,0.3884188354480823,0.5,-0.1433752827094317,0.195832349215129,0.125,0.0,honeycomb__markov__plastic__intr1__struct0__synchronous__lesion__s3__1a1cfee61c,0.0128294816778279,-0.0071086412265658,0.25,False,0.7496108346939897,0.003,0.016,markov,0.68,honeycomb,50,100,0.9,0.3110927042619739,0.3,1,0.42,0.08,280,0.38819044997338,0.2,20,1.494171140678897,1.6382523671545517e-18,0.2,plastic,secondary,0.0193366336404083,False,synchronous,50,250,390,3,-1,1.0,0.6,0.6,100,0.0029045104315555,0,0,35,1.0,2,0,0.55,0.0,0.75,35.0,lesion,30.0,0.45,0.2,0.1,0.002,8.0
72,500,0.3967930967826167,0.5,-0.2145073067651305,0.0,0.125,0.2640449422054649,honeycomb__ql__plastic__intr0__struct0__block_async__lesion__s3__38ed67055f,0.0045198465907567,0.0067315587390679,0.25,False,0.7328042253180842,0.003,0.016,ql,0.68,honeycomb,50,100,0.9,0.3394938184919081,0.3,0,0.42,0.08,280,0.3971340505887589,0.2,20,1.4980901815475849,1.9651219182409413e-18,0.2,plastic,secondary,0.0125138778041616,False,block_async,50,250,390,3,-1,1.0,0.6,0.6,100,0.0029561843565957,0,0,35,1.0,2,0,0.55,0.0,0.75,35.0,lesion,30.0,0.45,0.2,0.1,0.002,8.0
72,500,0.3233548559954257,0.5,0.0227836744534383,0.1211379881771393,0.125,0.3869836943798517,honeycomb__ql__plastic__intr1__struct1__alpha_async__lesion__s3__3787e3f058,0.0007894521398556,0.0021964078611001,0.25,False,0.6699204999694734,0.003,0.016,ql,0.68,honeycomb,50,100,0.9,0.2788817495795698,0.3,1,0.42,0.08,280,0.3201048181714568,0.2,20,1.4297570120547871,1.827699391872289e-18,0.2,plastic,secondary,-0.0020558914212556,False,alpha_async,50,250,390,3,-1,1.0,0.6,0.6,100,0.0017087387555096,19773,1,35,0.6666666666666666,2,19773,0.55,0.0,0.75,35.0,lesion,30.0,0.45,0.2,0.1,0.002,8.0
72,500,0.409514453061741,0.5,0.444752049557883,0.1255826551863061,0.125,0.0,extended_moore_r2__markov__plastic__intr1__struct0__synchronous__lesion__s3__ed105bd16e,-0.029813839333432,0.0081616613181498,0.25,False,0.8671837248713217,0.003,0.016,markov,0.68,extended_moore_r2,50,100,0.9,0.1461789174278409,0.3,1,0.42,0.08,280,0.4069164488524669,0.2,20,1.1751478398293886,4.0649035504037364e-18,0.2,plastic,secondary,-0.0472052875395819,False,synchronous,50,250,390,3,-1,1.0,0.6,0.6,100,0.0115169152219357,0,0,35,0.9847849151234568,2,0,0.55,0.0,0.75,35.0,lesion,30.0,0.45,0.2,0.1,0.002,8.0
72,500,0.3192386317140254,0.5,-0.1833086317992908,0.0,0.125,0.2362266431965851,extended_moore_r2__ql__plastic__intr0__struct0__block_async__lesion__s3__ad9bfa5983,0.021457485305355,-5.544370051685475e-05,0.25,False,0.7057864798462405,0.003,0.016,ql,0.68,extended_moore_r2,50,100,0.9,0.2637201318098682,0.3,0,0.42,0.08,280,0.3162914932873514,0.2,20,0.5694081496371544,3.738342519352148e-18,0.2,plastic,secondary,0.0221848602310297,False,block_async,50,250,390,3,-1,1.0,0.6,0.6,100,0.0524700737221874,0,0,35,0.8625417952674898,2,0,0.55,0.0,0.75,35.0,lesion,30.0,0.45,0.2,0.1,0.002,8.0
72,500,0.3309897067259791,0.5,-0.2037287089933458,0.0666810513248713,0.125,0.2322837440038341,extended_moore_r2__ql__plastic__intr1__struct1__alpha_async__lesion__s3__2fc5d4175a,0.0178699263927622,0.0015653413747192,0.25,False,0.640645525105944,0.003,0.016,ql,0.68,extended_moore_r2,50,100,0.9,0.3370384214941154,0.3,1,0.42,0.08,280,0.3342491129501039,0.2,20,0.695800762202324,2.8679873974424598e-18,0.2,plastic,secondary,0.0160122135530345,False,alpha_async,50,250,390,3,-1,1.0,0.6,0.6,100,0.0242161840306994,39965,1,35,0.7431841563786008,2,38219,0.55,0.0,0.75,35.0,lesion,30.0,0.45,0.2,0.1,0.002,8.0
72,500,0.4032593309439078,0.5,0.4316920901829593,0.1173469365045402,0.125,0.0,extended_hex_r2__markov__plastic__intr1__struct0__synchronous__lesion__s3__df4fdbedda,-0.0168100905055074,-0.0145731590399017,0.25,False,0.8641367808209581,0.003,0.016,markov,0.68,extended_hex_r2,50,100,0.9,0.1481057138961065,0.3,1,0.42,0.08,280,0.4066082844012616,0.2,20,1.1672459967266486,3.7737526940909e-18,0.2,plastic,secondary,-0.0355713796763258,False,synchronous,50,250,390,3,-1,1.0,0.6,0.6,100,0.0090736868930937,0,0,35,0.9901834705075446,2,0,0.55,0.0,0.75,35.0,lesion,30.0,0.45,0.2,0.1,0.002,8.0
72,500,0.4414963367814068,0.5,-0.1772745164025291,0.0,0.125,0.1374172674566411,extended_hex_r2__ql__plastic__intr0__struct0__block_async__lesion__s3__d1d62f9fbb,-0.0121804346023466,-0.0209402293778056,0.25,False,0.973436345554615,0.003,0.016,ql,0.68,extended_hex_r2,50,100,0.9,0.0726370970842847,0.3,0,0.42,0.08,280,0.4412285358717717,0.2,20,0.0106095115285519,2.6546469014077626e-18,0.2,plastic,secondary,-0.0068702583362977,False,block_async,50,250,390,3,-1,1.0,0.6,0.6,100,0.0357900038419508,0,0,35,0.9897012174211248,2,0,0.55,0.0,0.75,35.0,lesion,30.0,0.45,0.2,0.1,0.002,8.0
72,500,0.398702184384604,0.5,-0.0738596815570485,0.0362323493340117,0.125,0.1527488559263833,extended_hex_r2__ql__plastic__intr1__struct1__alpha_async__lesion__s3__b06a79f571,0.0040964241542881,-0.0087279929765715,0.25,False,0.8082656897475433,0.003,0.016,ql,0.68,extended_hex_r2,50,100,0.9,0.2614263325273552,0.3,1,0.42,0.08,280,0.4242102539449071,0.2,20,0.2759181453904128,2.726457440557899e-18,0.2,plastic,secondary,-0.0435581991643878,False,alpha_async,50,250,390,3,-1,1.0,0.6,0.6,100,0.0055605759715366,39518,1,35,0.7776063100137174,2,39441,0.55,0.0,0.75,35.0,lesion,30.0,0.45,0.2,0.1,0.002,8.0
72,500,0.4053083427062858,0.5,0.4328065974473537,0.1242182848306436,0.125,0.0,honeycomb_nnn__markov__plastic__intr1__struct0__synchronous__lesion__s3__1c4fecf1e7,0.0054091374575648,0.0220292409505965,0.25,False,0.8624087754757956,0.003,0.016,markov,0.68,honeycomb_nnn,50,100,0.9,0.1512579470453786,0.3,1,0.42,0.08,280,0.4075348861675926,0.2,20,1.2356095307011232,2.259208765548464e-18,0.2,plastic,secondary,0.0309525349660369,False,synchronous,50,250,390,3,-1,1.0,0.6,0.6,100,0.0055043251963679,0,0,35,1.0,2,0,0.55,0.0,0.75,35.0,lesion,30.0,0.45,0.2,0.1,0.002,8.0
72,500,0.4079365285631964,0.5,-0.2581922782234051,0.0,0.125,0.2507920848855227,honeycomb_nnn__ql__plastic__intr0__struct0__block_async__lesion__s3__aa5edf23e3,0.0132103611405578,0.0165494952695543,0.25,False,0.6555147075763108,0.003,0.016,ql,0.68,honeycomb_nnn,50,100,0.9,0.4006685509949311,0.3,0,0.42,0.08,280,0.4088769461759134,0.2,20,0.966161252435559,3.061294501700388e-18,0.2,plastic,secondary,0.0201963074996256,False,block_async,50,250,390,3,-1,1.0,0.6,0.6,100,0.0436839304807543,0,0,35,0.999335562414266,2,0,0.55,0.0,0.75,35.0,lesion,30.0,0.45,0.2,0.1,0.002,8.0
72,500,0.3919567961920107,0.5,-0.2272566452244382,0.0592189416281263,0.125,0.2373089949750887,honeycomb_nnn__ql__plastic__intr1__struct1__alpha_async__lesion__s3__17df1d1ea8,0.0149655683170955,0.0023548766957349,0.25,False,0.6239898393005838,0.003,0.016,ql,0.68,honeycomb_nnn,50,100,0.9,0.4049114863496268,0.3,1,0.42,0.08,280,0.3925085278363837,0.2,20,0.9654137144139904,2.4710013966877015e-18,0.2,plastic,secondary,0.0067100238275146,False,alpha_async,50,250,390,3,-1,1.0,0.6,0.6,100,0.0077559739563584,32851,1,35,0.7777777777777778,2,32851,0.55,0.0,0.75,35.0,lesion,30.0,0.45,0.2,0.1,0.002,8.0
72,500,0.3768889582017605,0.5,-0.1392213682762013,0.2243296919089763,0.125,0.0,square_vn__markov__plastic__intr1__struct0__synchronous__repeated_lesion__s1__e2d029acb5,0.0094685316228435,0.0154400026941206,0.25,False,0.7514667970579177,0.003,0.016,markov,0.68,square_vn,50,100,0.9,0.3028091138895197,0.3,1,0.42,0.08,280,0.3824890638198686,0.2,20,1.4581154081800078,2.202816759908377e-18,0.2,plastic,secondary,-0.0113626744513418,False,synchronous,50,250,390,1,-1,1.0,0.6,0.6,100,0.002699420742045,0,0,35,1.0,2,0,0.55,0.0,0.75,35.0,repeated_lesion,30.0,0.45,0.2,0.1,0.002,8.0
72,500,0.4035350567457558,0.5,-0.2521848861805708,0.0,0.125,0.2493865013097607,square_vn__ql__plastic__intr0__struct0__block_async__repeated_lesion__s1__f679d5ff41,-0.0055179823113588,0.0095934320867992,0.25,False,0.7502154305682767,0.003,0.016,ql,0.68,square_vn,50,100,0.9,0.34063269002103,0.3,0,0.42,0.08,280,0.4028105239672304,0.2,20,1.4195804344505378,2.1663386218322146e-18,0.2,plastic,secondary,-0.0189359885352821,False,block_async,50,250,390,1,-1,1.0,0.6,0.6,100,0.0030308341344959,0,0,35,1.0,2,0,0.55,0.0,0.75,35.0,repeated_lesion,30.0,0.45,0.2,0.1,0.002,8.0
72,500,0.3820919809525099,0.5,-0.1509804876686507,0.0901534069614911,0.125,0.2970313367633094,square_vn__ql__plastic__intr1__struct1__alpha_async__repeated_lesion__s1__43b377ac7d,0.0051020152784018,0.0066911804228502,0.25,False,0.708309159069033,0.003,0.016,ql,0.68,square_vn,50,100,0.9,0.3351870752449976,0.3,1,0.42,0.08,280,0.3770536120834248,0.2,20,1.4103171957584355,1.5734117275257808e-18,0.2,plastic,secondary,0.0338209832951244,False,alpha_async,50,250,390,1,-1,1.0,0.6,0.6,100,0.0021087342912215,23478,1,35,0.75,2,23478,0.55,0.0,0.75,35.0,repeated_lesion,30.0,0.45,0.2,0.1,0.002,8.0
72,500,0.406283355286905,0.5,0.2656782740342888,0.1341156919921904,0.125,0.0,square_moore__markov__plastic__intr1__struct0__synchronous__repeated_lesion__s1__546c7a2f5f,-0.0082282669866585,0.0093466082150245,0.25,False,0.842192979658237,0.003,0.016,markov,0.68,square_moore,50,100,0.9,0.1802637677425908,0.3,1,0.42,0.08,280,0.4080577565435726,0.2,20,1.2550777763527,2.9038579776673097e-18,0.2,plastic,secondary,-0.0047486559465594,False,synchronous,50,250,390,1,-1,1.0,0.6,0.6,100,0.0053021423170089,0,0,35,1.0,2,0,0.55,0.0,0.75,35.0,repeated_lesion,30.0,0.45,0.2,0.1,0.002,8.0
72,500,0.4044314863239927,0.5,-0.3555858754453785,0.0,0.125,0.2748295765558117,square_moore__ql__plastic__intr0__struct0__block_async__repeated_lesion__s1__f41d362471,0.0095579790633614,0.0016425165274523,0.25,False,0.5767288014655413,0.003,0.016,ql,0.68,square_moore,50,100,0.9,0.4727572976781335,0.3,0,0.42,0.08,280,0.4062742981417689,0.2,20,1.4993799709595272,3.2248316731150253e-18,0.2,plastic,secondary,0.0090868232750347,False,block_async,50,250,390,1,-1,1.0,0.6,0.6,100,0.0360985398338883,0,0,35,0.9990354938271604,2,0,0.55,0.0,0.75,35.0,repeated_lesion,30.0,0.45,0.2,0.1,0.002,8.0
72,500,0.3680005229088608,0.5,-0.354116529286041,0.0752368291677867,0.125,0.280660518239523,square_moore__ql__plastic__intr1__struct1__alpha_async__repeated_lesion__s1__9682b05a6a,0.0046874670183635,-0.0010807677411787,0.25,False,0.54484210599428,0.003,0.016,ql,0.68,square_moore,50,100,0.9,0.4670629692736077,0.3,1,0.42,0.08,280,0.3682421428250287,0.2,20,1.5424455780558537,3.0248889210677826e-18,0.2,plastic,secondary,-0.0176249303970215,False,alpha_async,50,250,390,1,-1,1.0,0.6,0.6,100,0.0399878489395784,27672,1,35,0.75,2,27672,0.55,0.0,0.75,35.0,repeated_lesion,30.0,0.45,0.2,0.1,0.002,8.0
72,500,0.4213301889539712,0.5,-0.113773306870142,0.1116870898587824,0.125,0.0,hex_cells__markov__plastic__intr1__struct0__synchronous__repeated_lesion__s1__391a7d5a41,0.0281992001502043,0.017382427844968,0.25,False,0.7529064319749772,0.003,0.016,markov,0.68,hex_cells,50,100,0.9,0.3012836684267913,0.3,1,0.42,0.08,280,0.4194410578755445,0.2,20,1.2889558083596668,1.8857555748506292e-18,0.2,plastic,secondary,0.0366789182459017,False,synchronous,50,250,390,1,-1,1.0,0.6,0.6,100,0.0072548027433119,0,0,35,1.0,2,0,0.55,0.0,0.75,35.0,repeated_lesion,30.0,0.45,0.2,0.1,0.002,8.0
72,500,0.4481947317287587,0.5,-0.3550041920977176,0.0,0.125,0.2878573954947638,hex_cells__ql__plastic__intr0__struct0__block_async__repeated_lesion__s1__87f66f2b8c,0.0079180737247159,0.0051205384688455,0.25,False,0.5754228449127334,0.003,0.016,ql,0.68,hex_cells,50,100,0.9,0.491469324032684,0.3,0,0.42,0.08,280,0.4489296183765293,0.2,20,1.3531502612335855,2.2769750273482424e-18,0.2,plastic,secondary,0.0176260699747177,False,block_async,50,250,390,1,-1,1.0,0.6,0.6,100,0.0076651857616382,0,0,35,1.0,2,0,0.55,0.0,0.75,35.0,repeated_lesion,30.0,0.45,0.2,0.1,0.002,8.0
72,500,0.4152076667601956,0.5,-0.2050903280122629,0.0681175444727158,0.125,0.237850791897595,hex_cells__ql__plastic__intr1__struct1__alpha_async__repeated_lesion__s1__e30067189e,0.0132840039866134,0.0124575348553249,0.25,False,0.6884508489391974,0.003,0.016,ql,0.68,hex_cells,50,100,0.9,0.3756621309500521,0.3,1,0.42,0.08,280,0.4114991274949851,0.2,20,1.0862298583606964,1.7745720975544522e-18,0.2,plastic,secondary,0.0312573340285977,False,alpha_async,50,250,390,1,-1,1.0,0.6,0.6,100,0.0022184003717613,31718,1,35,0.6666666666666666,2,31718,0.55,0.0,0.75,35.0,repeated_lesion,30.0,0.45,0.2,0.1,0.002,8.0
72,500,0.3894833222703944,0.5,-0.1613493866802689,0.1956743097160404,0.125,0.0,honeycomb__markov__plastic__intr1__struct0__synchronous__repeated_lesion__s1__0bdc04e4a4,0.025671323629338,0.0137408041431274,0.25,False,0.7439552565211798,0.003,0.016,markov,0.68,honeycomb,50,100,0.9,0.3178643642365262,0.3,1,0.42,0.08,280,0.3881714623041263,0.2,20,1.5096150830904205,1.3844981208901057e-18,0.2,plastic,secondary,0.01864745758112,False,synchronous,50,250,390,1,-1,1.0,0.6,0.6,100,0.0034823443204849,0,0,35,1.0,2,0,0.55,0.0,0.75,35.0,repeated_lesion,30.0,0.45,0.2,0.1,0.002,8.0
72,500,0.3949254994191963,0.5,-0.2055594689493591,0.0,0.125,0.2670901800871908,honeycomb__ql__plastic__intr0__struct0__block_async__repeated_lesion__s1__8c85e5dbbd,0.0050762217897112,0.0023325586082979,0.25,False,0.7327782635368946,0.003,0.016,ql,0.68,honeycomb,50,100,0.9,0.3368860130093085,0.3,0,0.42,0.08,280,0.3964111341340353,0.2,20,1.4905516941618724,1.7269658995677585e-18,0.2,plastic,secondary,0.0007722618675326,False,block_async,50,250,390,1,-1,1.0,0.6,0.6,100,0.0022685995744519,0,0,35,1.0,2,0,0.55,0.0,0.75,35.0,repeated_lesion,30.0,0.45,0.2,0.1,0.002,8.0
72,500,0.3202967341544888,0.5,0.0414581462570001,0.1263311186632421,0.125,0.3902076128140654,honeycomb__ql__plastic__intr1__struct1__alpha_async__repeated_lesion__s1__763b7d63fe,-0.0149931947769931,-0.0032715091373728,0.25,False,0.6677546114135801,0.003,0.016,ql,0.68,honeycomb,50,100,0.9,0.2739996310052991,0.3,1,0.42,0.08,280,0.3162425962487275,0.2,20,1.4310488809683324,2.002743637808162e-18,0.2,plastic,secondary,-0.0029287782915375,False,alpha_async,50,250,390,1,-1,1.0,0.6,0.6,100,0.0018006992691667,19185,1,35,0.6666666666666666,2,19185,0.55,0.0,0.75,35.0,repeated_lesion,30.0,0.45,0.2,0.1,0.002,8.0
72,500,0.4113700361011395,0.5,0.4416397931670652,0.1236930560647208,0.125,0.0,extended_moore_r2__markov__plastic__intr1__struct0__synchronous__repeated_lesion__s1__4b4ef7a0fb,-0.0123850709537254,0.0293302097172245,0.25,False,0.8681834766034522,0.003,0.016,markov,0.68,extended_moore_r2,50,100,0.9,0.1470526036776804,0.3,1,0.42,0.08,280,0.4066029193380737,0.2,20,1.182057455160395,4.058876833998198e-18,0.2,plastic,secondary,-0.0111052572488617,False,synchronous,50,250,390,1,-1,1.0,0.6,0.6,100,0.0113732940888096,0,0,35,0.9847045396090536,2,0,0.55,0.0,0.75,35.0,repeated_lesion,30.0,0.45,0.2,0.1,0.002,8.0
72,500,0.3293523431988704,0.5,-0.1640150780665643,0.0,0.125,0.2293637225211546,extended_moore_r2__ql__plastic__intr0__struct0__block_async__repeated_lesion__s1__c907bc3933,0.0280585961624996,0.0024102580799751,0.25,False,0.722988081625225,0.003,0.016,ql,0.68,extended_moore_r2,50,100,0.9,0.2563738414566863,0.3,0,0.42,0.08,280,0.3257259095697019,0.2,20,0.557703719757907,5.435229628755801e-18,0.2,plastic,secondary,0.0330912876919962,False,block_async,50,250,390,1,-1,1.0,0.6,0.6,100,0.0345309644593165,0,0,35,0.8704748585390947,2,0,0.55,0.0,0.75,35.0,repeated_lesion,30.0,0.45,0.2,0.1,0.002,8.0
72,500,0.3217661237307564,0.5,-0.2137839051029219,0.0696304275680158,0.125,0.2382291426974849,extended_moore_r2__ql__plastic__intr1__struct1__alpha_async__repeated_lesion__s1__fca32b7a95,0.01023202135831,-0.009170012217325,0.25,False,0.6220784386877952,0.003,0.016,ql,0.68,extended_moore_r2,50,100,0.9,0.342071374247996,0.3,1,0.42,0.08,280,0.3279238370105886,0.2,20,0.7163289631436376,3.520508506114325e-18,0.2,plastic,secondary,0.0249518810493108,False,alpha_async,50,250,390,1,-1,1.0,0.6,0.6,100,0.0338292301744236,39590,1,35,0.7425331147119342,2,37753,0.55,0.0,0.75,35.0,repeated_lesion,30.0,0.45,0.2,0.1,0.002,8.0
72,500,0.4024699533612591,0.5,0.4567353414251084,0.1180805469107137,0.125,0.0,extended_hex_r2__markov__plastic__intr1__struct0__synchronous__repeated_lesion__s1__4d487d6499,-0.0284140363439244,-0.0082385482050836,0.25,False,0.8592302476952481,0.003,0.016,markov,0.68,extended_hex_r2,50,100,0.9,0.1465070396522245,0.3,1,0.42,0.08,280,0.4058796427377223,0.2,20,1.2407542468345298,3.1908013121363392e-18,0.2,plastic,secondary,0.0251988851920192,False,synchronous,50,250,390,1,-1,1.0,0.6,0.6,100,0.0109545302778294,0,0,35,0.9906121399176956,2,0,0.55,0.0,0.75,35.0,repeated_lesion,30.0,0.45,0.2,0.1,0.002,8.0
72,500,0.4388738293186212,0.5,-0.1585420528322916,0.0,0.125,0.1393234224874432,extended_hex_r2__ql__plastic__intr0__struct0__block_async__repeated_lesion__s1__abdfad315d,-0.0437881892738731,-0.0119454781424371,0.25,False,0.96595397922772,0.003,0.016,ql,0.68,extended_hex_r2,50,100,0.9,0.0822438127198954,0.3,0,0.42,0.08,280,0.4387006766113878,0.2,20,0.0158428609705063,2.9784132689821173e-18,0.2,plastic,secondary,-0.0586870481120784,False,block_async,50,250,390,1,-1,1.0,0.6,0.6,100,0.0221325845944621,0,0,35,0.9883830589849107,2,0,0.55,0.0,0.75,35.0,repeated_lesion,30.0,0.45,0.2,0.1,0.002,8.0
72,500,0.4069822733179545,0.5,-0.0702783904935042,0.0371487226236928,0.125,0.1589445218312992,extended_hex_r2__ql__plastic__intr1__struct1__alpha_async__repeated_lesion__s1__29456abdcd,0.008705054696763,0.0060688181900241,0.25,False,0.8077835276619295,0.003,0.016,ql,0.68,extended_hex_r2,50,100,0.9,0.2657075832263473,0.3,1,0.42,0.08,280,0.4186852853193362,0.2,20,0.3843565013111408,2.1647607833308887e-18,0.2,plastic,secondary,-0.0521603152136779,False,alpha_async,50,250,390,1,-1,1.0,0.6,0.6,100,0.0054273656321224,39159,1,35,0.7776384602194787,2,39081,0.55,0.0,0.75,35.0,repeated_lesion,30.0,0.45,0.2,0.1,0.002,8.0
72,500,0.4059924581639843,0.5,0.4196222100839093,0.1239715228189546,0.125,0.0,honeycomb_nnn__markov__plastic__intr1__struct0__synchronous__repeated_lesion__s1__43cdeeb091,0.0227347795537548,0.0284488012519441,0.25,False,0.8607379550104948,0.003,0.016,markov,0.68,honeycomb_nnn,50,100,0.9,0.1546111349021226,0.3,1,0.42,0.08,280,0.407709385497749,0.2,20,1.2308005871191483,3.342782376248878e-18,0.2,plastic,secondary,-0.0046778495301178,False,synchronous,50,250,390,1,-1,1.0,0.6,0.6,100,0.0068880073538273,0,0,35,1.0,2,0,0.55,0.0,0.75,35.0,repeated_lesion,30.0,0.45,0.2,0.1,0.002,8.0
72,500,0.3962011487381315,0.5,-0.2350114535540087,0.0,0.125,0.2466357880728805,honeycomb_nnn__ql__plastic__intr0__struct0__block_async__repeated_lesion__s1__e19eae3267,0.0013839685315018,0.0053171654150083,0.25,False,0.7044740775003826,0.003,0.016,ql,0.68,honeycomb_nnn,50,100,0.9,0.3587637851169195,0.3,0,0.42,0.08,280,0.3964302232627385,0.2,20,0.8637140763093877,2.5075682475477775e-18,0.2,plastic,secondary,-0.0036998369580464,False,block_async,50,250,390,1,-1,1.0,0.6,0.6,100,0.0476817749562916,0,0,35,0.9996356310013718,2,0,0.55,0.0,0.75,35.0,repeated_lesion,30.0,0.45,0.2,0.1,0.002,8.0
72,500,0.39102100677394,0.5,-0.2283200530085135,0.0588158924166514,0.125,0.2389904471248056,honeycomb_nnn__ql__plastic__intr1__struct1__alpha_async__repeated_lesion__s1__0bd340e39d,0.0178932178439088,0.0038255491901148,0.25,False,0.6197536062985752,0.003,0.016,ql,0.68,honeycomb_nnn,50,100,0.9,0.4069289059330689,0.3,1,0.42,0.08,280,0.3925130064623947,0.2,20,0.9671255689939352,2.120943333206976e-18,0.2,plastic,secondary,0.0229850461204597,False,alpha_async,50,250,390,1,-1,1.0,0.6,0.6,100,0.0099879227771361,32455,1,35,0.7777777777777778,2,32455,0.55,0.0,0.75,35.0,repeated_lesion,30.0,0.45,0.2,0.1,0.002,8.0
72,500,0.3868453017309766,0.5,-0.1290728642697758,0.2228001848411349,0.125,0.0,square_vn__markov__plastic__intr1__struct0__synchronous__repeated_lesion__s2__6a3b283eb3,0.0231571687374831,0.0092491864792021,0.25,False,0.7603864336157111,0.003,0.016,markov,0.68,square_vn,50,100,0.9,0.300479036919404,0.3,1,0.42,0.08,280,0.3830652648392716,0.2,20,1.4575563946459993,2.309042055752079e-18,0.2,plastic,secondary,0.0246854407586244,False,synchronous,50,250,390,2,-1,1.0,0.6,0.6,100,0.0027897502473193,0,0,35,1.0,2,0,0.55,0.0,0.75,35.0,repeated_lesion,30.0,0.45,0.2,0.1,0.002,8.0
72,500,0.4022241114892943,0.5,-0.2511678664262414,0.0,0.125,0.2509501547868323,square_vn__ql__plastic__intr0__struct0__block_async__repeated_lesion__s2__02e43d64e0,-0.0095071340998298,-0.0023817220133333,0.25,False,0.7464584821174156,0.003,0.016,ql,0.68,square_vn,50,100,0.9,0.3425179373610859,0.3,0,0.42,0.08,280,0.401892185055022,0.2,20,1.4286940818469285,2.43685479740842e-18,0.2,plastic,secondary,0.0128015794921399,False,block_async,50,250,390,2,-1,1.0,0.6,0.6,100,0.0030418813925093,0,0,35,1.0,2,0,0.55,0.0,0.75,35.0,repeated_lesion,30.0,0.45,0.2,0.1,0.002,8.0
72,500,0.3814983957972824,0.5,-0.1465908086142662,0.0898682974367366,0.125,0.2975554236662107,square_vn__ql__plastic__intr1__struct1__alpha_async__repeated_lesion__s2__bb6df76617,0.0053911892741522,0.0022465171548783,0.25,False,0.7088208772685747,0.003,0.016,ql,0.68,square_vn,50,100,0.9,0.3337967509327169,0.3,1,0.42,0.08,280,0.3773613796141201,0.2,20,1.4025358735372486,2.0326263782626654e-18,0.2,plastic,secondary,-0.0056740125861537,False,alpha_async,50,250,390,2,-1,1.0,0.6,0.6,100,0.0021764606902357,23414,1,35,0.75,2,23414,0.55,0.0,0.75,35.0,repeated_lesion,30.0,0.45,0.2,0.1,0.002,8.0
72,500,0.4085316925029502,0.5,0.1536244556593841,0.1323164036098155,0.125,0.0,square_moore__markov__plastic__intr1__struct0__synchronous__repeated_lesion__s2__5352017601,0.0330281151024897,-0.0054136121448713,0.25,False,0.8199979032566057,0.003,0.016,markov,0.68,square_moore,50,100,0.9,0.2020209031189015,0.3,1,0.42,0.08,280,0.408884738531919,0.2,20,1.3061324926691729,3.676446687253222e-18,0.2,plastic,secondary,0.0547021544121084,False,synchronous,50,250,390,2,-1,1.0,0.6,0.6,100,0.0204834778261151,0,0,35,1.0,2,0,0.55,0.0,0.75,35.0,repeated_lesion,30.0,0.45,0.2,0.1,0.002,8.0
72,500,0.4069825701085028,0.5,-0.3440552972738336,0.0,0.125,0.2727507803807592,square_moore__ql__plastic__intr0__struct0__block_async__repeated_lesion__s2__185d4a7041,0.0100399989778484,0.0011318714865423,0.25,False,0.5836290016111411,0.003,0.016,ql,0.68,square_moore,50,100,0.9,0.4679688726340559,0.3,0,0.42,0.08,280,0.409754889360812,0.2,20,1.4644963275052894,2.2538794030073184e-18,0.2,plastic,secondary,0.0080029668685888,False,block_async,50,250,390,2,-1,1.0,0.6,0.6,100,0.0211539904650652,0,0,35,0.9987702546296297,2,0,0.55,0.0,0.75,35.0,repeated_lesion,30.0,0.45,0.2,0.1,0.002,8.0
72,500,0.369336152499669,0.5,-0.3492966757424628,0.0744488420756067,0.125,0.2799569063119906,square_moore__ql__plastic__intr1__struct1__alpha_async__repeated_lesion__s2__1adf0168e0,0.0019866211447436,-0.0039807377842129,0.25,False,0.5435328096434925,0.003,0.016,ql,0.68,square_moore,50,100,0.9,0.4671348826342362,0.3,1,0.42,0.08,280,0.3702083325364227,0.2,20,1.5361572420696237,2.4332924779496708e-18,0.2,plastic,secondary,0.0010851166346793,False,alpha_async,50,250,390,2,-1,1.0,0.6,0.6,100,0.0192783730533345,28270,1,35,0.75,2,28270,0.55,0.0,0.75,35.0,repeated_lesion,30.0,0.45,0.2,0.1,0.002,8.0
72,500,0.4209175921639136,0.5,-0.1469983423728437,0.1103390731891247,0.125,0.0,hex_cells__markov__plastic__intr1__struct0__synchronous__repeated_lesion__s2__21e8afbdd2,0.0127898785013632,0.0091390287467699,0.25,False,0.7413921362418231,0.003,0.016,markov,0.68,hex_cells,50,100,0.9,0.3149080472228848,0.3,1,0.42,0.08,280,0.4219997119832376,0.2,20,1.284869819868737,2.406000529144632e-18,0.2,plastic,secondary,0.0041838906185958,False,synchronous,50,250,390,2,-1,1.0,0.6,0.6,100,0.009094986285713,0,0,35,1.0,2,0,0.55,0.0,0.75,35.0,repeated_lesion,30.0,0.45,0.2,0.1,0.002,8.0
72,500,0.4453055327125156,0.5,-0.3537223803864345,0.0,0.125,0.2848744684847639,hex_cells__ql__plastic__intr0__struct0__block_async__repeated_lesion__s2__8303ab16a4,0.0104209685672783,0.0125778763825364,0.25,False,0.5788197053519777,0.003,0.016,ql,0.68,hex_cells,50,100,0.9,0.487538572949953,0.3,0,0.42,0.08,280,0.4447321462243341,0.2,20,1.3376631805328263,1.7326658617694116e-18,0.2,plastic,secondary,0.00225278529394,False,block_async,50,250,390,2,-1,1.0,0.6,0.6,100,0.0086951169455597,0,0,35,1.0,2,0,0.55,0.0,0.75,35.0,repeated_lesion,30.0,0.45,0.2,0.1,0.002,8.0
72,500,0.4159523927353833,0.5,-0.2075587219970448,0.0691997689670991,0.125,0.2386819868915105,hex_cells__ql__plastic__intr1__struct1__alpha_async__repeated_lesion__s2__8eed30fb43,0.0124345321576531,0.0035702497909885,0.25,False,0.6884959567601353,0.003,0.016,ql,0.68,hex_cells,50,100,0.9,0.375734481831728,0.3,1,0.42,0.08,280,0.4118774644733353,0.2,20,1.0873491267502091,2.308594273778629e-18,0.2,plastic,secondary,0.0207184704275717,False,alpha_async,50,250,390,2,-1,1.0,0.6,0.6,100,0.0023360540337001,31910,1,35,0.6666666666666666,2,31910,0.55,0.0,0.75,35.0,repeated_lesion,30.0,0.45,0.2,0.1,0.002,8.0
72,500,0.386808236890574,0.5,-0.1618501393919281,0.2003784566452719,0.125,0.0,honeycomb__markov__plastic__intr1__struct0__synchronous__repeated_lesion__s2__9b02ea5999,0.0116914419276225,-0.002302388052182,0.25,False,0.7462926069626958,0.003,0.016,markov,0.68,honeycomb,50,100,0.9,0.3139881752584044,0.3,1,0.42,0.08,280,0.3877418958847268,0.2,20,1.4970921982332404,1.2449484857636622e-18,0.2,plastic,secondary,0.0363265840648281,False,synchronous,50,250,390,2,-1,1.0,0.6,0.6,100,0.0036257343060858,0,0,35,1.0,2,0,0.55,0.0,0.75,35.0,repeated_lesion,30.0,0.45,0.2,0.1,0.002,8.0
72,500,0.3976718297426334,0.5,-0.2151421400577463,0.0,0.125,0.2679612988276291,honeycomb__ql__plastic__intr0__struct0__block_async__repeated_lesion__s2__901843b2ae,-0.0054489974699681,0.0104623588704157,0.25,False,0.7321203644547463,0.003,0.016,ql,0.68,honeycomb,50,100,0.9,0.3405426069985596,0.3,0,0.42,0.08,280,0.3970228379125462,0.2,20,1.4854737532883366,1.5164515488036826e-18,0.2,plastic,secondary,0.0038493171619626,False,block_async,50,250,390,2,-1,1.0,0.6,0.6,100,0.002296530675032,0,0,35,1.0,2,0,0.55,0.0,0.75,35.0,repeated_lesion,30.0,0.45,0.2,0.1,0.002,8.0
72,500,0.3235747694626333,0.5,0.0328629719975595,0.120676708805591,0.125,0.3821935908047369,honeycomb__ql__plastic__intr1__struct1__alpha_async__repeated_lesion__s2__2033fba897,-0.0106966934156072,0.0008475001544355,0.25,False,0.6709810800868097,0.003,0.016,ql,0.68,honeycomb,50,100,0.9,0.2771625937826048,0.3,1,0.42,0.08,280,0.3224616359971023,0.2,20,1.4260300912143322,3.750222538065321e-18,0.2,plastic,secondary,-0.0328331421136474,False,alpha_async,50,250,390,2,-1,1.0,0.6,0.6,100,0.0017524513536546,19846,1,35,0.6666666666666666,2,19846,0.55,0.0,0.75,35.0,repeated_lesion,30.0,0.45,0.2,0.1,0.002,8.0
72,500,0.4139507186853848,0.5,0.4365264951514914,0.1236816549686359,0.125,0.0,extended_moore_r2__markov__plastic__intr1__struct0__synchronous__repeated_lesion__s2__015c4309db,-0.0490902821128285,0.0088945317227107,0.25,False,0.8704784563170971,0.003,0.016,markov,0.68,extended_moore_r2,50,100,0.9,0.147285885106814,0.3,1,0.42,0.08,280,0.4064113265460552,0.2,20,1.1802319773665046,4.796684657517369e-18,0.2,plastic,secondary,-0.0642769771197048,False,synchronous,50,250,390,2,-1,1.0,0.6,0.6,100,0.0120168913920008,0,0,35,0.985009966563786,2,0,0.55,0.0,0.75,35.0,repeated_lesion,30.0,0.45,0.2,0.1,0.002,8.0
72,500,0.3209433212546264,0.5,-0.1828406554510996,0.0,0.125,0.2355553011751566,extended_moore_r2__ql__plastic__intr0__struct0__block_async__repeated_lesion__s2__49820c7bb0,0.017747198897601,0.0058880177393764,0.25,False,0.7051570714072957,0.003,0.016,ql,0.68,extended_moore_r2,50,100,0.9,0.2656744781943944,0.3,0,0.42,0.08,280,0.3167680851083299,0.2,20,0.5751774815048314,3.741562022452529e-18,0.2,plastic,secondary,0.0216679955596557,False,block_async,50,250,390,2,-1,1.0,0.6,0.6,100,0.0374532144764129,0,0,35,0.863940329218107,2,0,0.55,0.0,0.75,35.0,repeated_lesion,30.0,0.45,0.2,0.1,0.002,8.0
72,500,0.3226651268095714,0.5,-0.203479914838025,0.0681547611117663,0.125,0.2340069218520876,extended_moore_r2__ql__plastic__intr1__struct1__alpha_async__repeated_lesion__s2__c16de69334,0.0155377399715916,-0.0052767420414611,0.25,False,0.6491359394775584,0.003,0.016,ql,0.68,extended_moore_r2,50,100,0.9,0.3240006787270777,0.3,1,0.42,0.08,280,0.3318289319749944,0.2,20,0.6691336350598908,3.212364564133382e-18,0.2,plastic,secondary,0.0137950504814378,False,alpha_async,50,250,390,2,-1,1.0,0.6,0.6,100,0.0415401101959283,39648,1,35,0.7433770576131687,2,37846,0.55,0.0,0.75,35.0,repeated_lesion,30.0,0.45,0.2,0.1,0.002,8.0
72,500,0.4077267485110584,0.5,0.4369076682533729,0.1170888831508883,0.125,0.0,extended_hex_r2__markov__plastic__intr1__struct0__synchronous__repeated_lesion__s2__722b392eb2,-0.0065186740161922,0.0165233785762314,0.25,False,0.8647606520140159,0.003,0.016,markov,0.68,extended_hex_r2,50,100,0.9,0.1483637596568423,0.3,1,0.42,0.08,280,0.4071765475898155,0.2,20,1.2130326133295153,3.104389670257272e-18,0.2,plastic,secondary,-0.0244029864716304,False,synchronous,50,250,390,2,-1,1.0,0.6,0.6,100,0.0108068532919923,0,0,35,0.9902477709190672,2,0,0.55,0.0,0.75,35.0,repeated_lesion,30.0,0.45,0.2,0.1,0.002,8.0
72,500,0.4193288523111904,0.5,-0.1477635453517899,0.0,0.125,0.1685527591117456,extended_hex_r2__ql__plastic__intr0__struct0__block_async__repeated_lesion__s2__869013453b,0.0068784914173766,-0.0038327733238582,0.25,False,0.8894933073273978,0.003,0.016,ql,0.68,extended_hex_r2,50,100,0.9,0.1771425035899232,0.3,0,0.42,0.08,280,0.419694488098933,0.2,20,0.1138865482712283,2.9342912012407508e-18,0.2,plastic,secondary,0.0082237520354859,False,block_async,50,250,390,2,-1,1.0,0.6,0.6,100,0.0380100389600973,0,0,35,0.9858539094650206,2,0,0.55,0.0,0.75,35.0,repeated_lesion,30.0,0.45,0.2,0.1,0.002,8.0
72,500,0.4482904374740182,0.5,-0.0638148409505477,0.0355314262572001,0.125,0.1481820178248065,extended_hex_r2__ql__plastic__intr1__struct1__alpha_async__repeated_lesion__s2__8f44f71655,-0.0060047583005422,-0.0078153042855994,0.25,False,0.8314279778333964,0.003,0.016,ql,0.68,extended_hex_r2,50,100,0.9,0.2629589755328793,0.3,1,0.42,0.08,280,0.4231284505765617,0.2,20,0.7014571081064829,2.3782503178544685e-18,0.2,plastic,secondary,0.0215080193062769,False,alpha_async,50,250,390,2,-1,1.0,0.6,0.6,100,0.0046259484531631,39293,1,35,0.7775955932784636,2,39227,0.55,0.0,0.75,35.0,repeated_lesion,30.0,0.45,0.2,0.1,0.002,8.0
72,500,0.4060624061640193,0.5,0.4304598878841584,0.1251338697592651,0.125,0.0,honeycomb_nnn__markov__plastic__intr1__struct0__synchronous__repeated_lesion__s2__5c7e328099,0.0305884626978051,0.0024263898392189,0.25,False,0.8625116577296034,0.003,0.016,markov,0.68,honeycomb_nnn,50,100,0.9,0.152257796198856,0.3,1,0.42,0.08,280,0.4084697138648865,0.2,20,1.234785917044238,2.6428883844170973e-18,0.2,plastic,secondary,0.0058096251679679,False,synchronous,50,250,390,2,-1,1.0,0.6,0.6,100,0.0069755056173785,0,0,35,1.0,2,0,0.55,0.0,0.75,35.0,repeated_lesion,30.0,0.45,0.2,0.1,0.002,8.0
72,500,0.3919316143614337,0.5,-0.2405204007170846,0.0,0.125,0.2438168219809577,honeycomb_nnn__ql__plastic__intr0__struct0__block_async__repeated_lesion__s2__e13958facb,0.0049003846026861,-0.002733274130243,0.25,False,0.7151453562278796,0.003,0.016,ql,0.68,honeycomb_nnn,50,100,0.9,0.3523621740821686,0.3,0,0.42,0.08,280,0.3914975525217635,0.2,20,0.803760844794495,3.0679475810061546e-18,0.2,plastic,secondary,0.0117197261711924,False,block_async,50,250,390,2,-1,1.0,0.6,0.6,100,0.0293988261891526,0,0,35,0.9991212277091908,2,0,0.55,0.0,0.75,35.0,repeated_lesion,30.0,0.45,0.2,0.1,0.002,8.0
72,500,0.3901108118105698,0.5,-0.2263388043327644,0.0603271160962436,0.125,0.2383193534998415,honeycomb_nnn__ql__plastic__intr1__struct1__alpha_async__repeated_lesion__s2__d307b573ca,0.011857760108251,0.0016075904017737,0.25,False,0.6242889979552227,0.003,0.016,ql,0.68,honeycomb_nnn,50,100,0.9,0.403150735808526,0.3,1,0.42,0.08,280,0.3912506498260449,0.2,20,0.9620642400167904,2.303187199548805e-18,0.2,plastic,secondary,0.0168948637546361,False,alpha_async,50,250,390,2,-1,1.0,0.6,0.6,100,0.0099887730207388,32417,1,35,0.7777777777777778,2,32417,0.55,0.0,0.75,35.0,repeated_lesion,30.0,0.45,0.2,0.1,0.002,8.0
72,500,0.38512039112063,0.5,-0.1378614511365888,0.2219099191838764,0.125,0.0,square_vn__markov__plastic__intr1__struct0__synchronous__repeated_lesion__s3__ba73477ad8,0.016023556930988,0.0171742425980846,0.25,False,0.757682762397131,0.003,0.016,markov,0.68,square_vn,50,100,0.9,0.3036173454771988,0.3,1,0.42,0.08,280,0.3833776933578972,0.2,20,1.4444934134160274,2.07820865917798e-18,0.2,plastic,secondary,0.0121673013316107,False,synchronous,50,250,390,3,-1,1.0,0.6,0.6,100,0.0027958499509169,0,0,35,1.0,2,0,0.55,0.0,0.75,35.0,repeated_lesion,30.0,0.45,0.2,0.1,0.002,8.0
72,500,0.4019045187380121,0.5,-0.2537840831974545,0.0,0.125,0.2487383946695822,square_vn__ql__plastic__intr0__struct0__block_async__repeated_lesion__s3__0e06bacb1e,0.0063502112112136,-0.0010214509286977,0.25,False,0.7473300270654755,0.003,0.016,ql,0.68,square_vn,50,100,0.9,0.3422717322878707,0.3,0,0.42,0.08,280,0.4028951757713835,0.2,20,1.4296771067288303,1.2305390147789862e-18,0.2,plastic,secondary,0.0012301085031419,False,block_async,50,250,390,3,-1,1.0,0.6,0.6,100,0.0029326181641054,0,0,35,1.0,2,0,0.55,0.0,0.75,35.0,repeated_lesion,30.0,0.45,0.2,0.1,0.002,8.0
72,500,0.3804419133598974,0.5,-0.1576790544463526,0.0941362954788458,0.125,0.294598136755538,square_vn__ql__plastic__intr1__struct1__alpha_async__repeated_lesion__s3__ca5e305d80,0.0104882789514547,0.0017089170340532,0.25,False,0.7124014109955207,0.003,0.016,ql,0.68,square_vn,50,100,0.9,0.3333220477686075,0.3,1,0.42,0.08,280,0.3753705871732183,0.2,20,1.4048774133723163,1.6916114555009169e-18,0.2,plastic,secondary,0.0256661728713136,False,alpha_async,50,250,390,3,-1,1.0,0.6,0.6,100,0.0023823059570102,23136,1,35,0.75,2,23136,0.55,0.0,0.75,35.0,repeated_lesion,30.0,0.45,0.2,0.1,0.002,8.0
72,500,0.4100141451756977,0.5,0.2443800949193369,0.1345093984854342,0.125,0.0,square_moore__markov__plastic__intr1__struct0__synchronous__repeated_lesion__s3__b12fe72131,0.008117617945075,0.003762759510422,0.25,False,0.8381544833115135,0.003,0.016,markov,0.68,square_moore,50,100,0.9,0.1857543054441233,0.3,1,0.42,0.08,280,0.4083923982856072,0.2,20,1.2811420194147825,3.706221309650001e-18,0.2,plastic,secondary,0.038670369388714,False,synchronous,50,250,390,3,-1,1.0,0.6,0.6,100,0.0057335929832413,0,0,35,1.0,2,0,0.55,0.0,0.75,35.0,repeated_lesion,30.0,0.45,0.2,0.1,0.002,8.0
72,500,0.406889030845102,0.5,-0.3557933686919933,0.0,0.125,0.2728130545152887,square_moore__ql__plastic__intr0__struct0__block_async__repeated_lesion__s3__abedea7a13,0.0007246377659946,-0.0007086853932975,0.25,False,0.5785342545238911,0.003,0.016,ql,0.68,square_moore,50,100,0.9,0.4728705035446989,0.3,0,0.42,0.08,280,0.4085876737373562,0.2,20,1.4852901886533123,3.0869873726348517e-18,0.2,plastic,secondary,0.0064870186698678,False,block_async,50,250,390,3,-1,1.0,0.6,0.6,100,0.0222418072196889,0,0,35,0.9987702546296297,2,0,0.55,0.0,0.75,35.0,repeated_lesion,30.0,0.45,0.2,0.1,0.002,8.0
72,500,0.3700181053513813,0.5,-0.3546075044581859,0.0737010544953271,0.125,0.2810324447777356,square_moore__ql__plastic__intr1__struct1__alpha_async__repeated_lesion__s3__dfef5b84a6,-0.0012286774413768,0.0007750377197501,0.25,False,0.5381419579321569,0.003,0.016,ql,0.68,square_moore,50,100,0.9,0.4722153381543227,0.3,1,0.42,0.08,280,0.3708574918434893,0.2,20,1.5450676450415188,2.205871712875588e-18,0.2,plastic,secondary,0.0030362328508715,False,alpha_async,50,250,390,3,-1,1.0,0.6,0.6,100,0.0561267676965479,28304,1,35,0.75,2,28304,0.55,0.0,0.75,35.0,repeated_lesion,30.0,0.45,0.2,0.1,0.002,8.0
72,500,0.4198460690160105,0.5,-0.1547316922774165,0.1096444155894835,0.125,0.0,hex_cells__markov__plastic__intr1__struct0__synchronous__repeated_lesion__s3__ae2ac46954,0.0221825783863738,0.0140154067281076,0.25,False,0.7322801413041724,0.003,0.016,markov,0.68,hex_cells,50,100,0.9,0.3215945215188298,0.3,1,0.42,0.08,280,0.4207593079913414,0.2,20,1.3016232163475852,2.1053069612607942e-18,0.2,plastic,secondary,0.0100127743052763,False,synchronous,50,250,390,3,-1,1.0,0.6,0.6,100,0.0136907727312825,0,0,35,1.0,2,0,0.55,0.0,0.75,35.0,repeated_lesion,30.0,0.45,0.2,0.1,0.002,8.0
72,500,0.4483198270229639,0.5,-0.3587984962092217,0.0,0.125,0.2869532825198032,hex_cells__ql__plastic__intr0__struct0__block_async__repeated_lesion__s3__541b4f4197,0.0060103681286438,-0.0032329053062266,0.25,False,0.578475836272156,0.003,0.016,ql,0.68,hex_cells,50,100,0.9,0.4899524703226877,0.3,0,0.42,0.08,280,0.4485820489572398,0.2,20,1.3514983685363886,1.4862553619053192e-18,0.2,plastic,secondary,-0.0020285581268963,False,block_async,50,250,390,3,-1,1.0,0.6,0.6,100,0.007927341562326,0,0,35,1.0,2,0,0.55,0.0,0.75,35.0,repeated_lesion,30.0,0.45,0.2,0.1,0.002,8.0
72,500,0.4145634229216798,0.5,-0.2047164131921703,0.0683139899859166,0.125,0.2381132472854941,hex_cells__ql__plastic__intr1__struct1__alpha_async__repeated_lesion__s3__38a083ff19,0.0041725066261506,-0.0006315861944739,0.25,False,0.6902292511308257,0.003,0.016,ql,0.68,hex_cells,50,100,0.9,0.3734701822906934,0.3,1,0.42,0.08,280,0.4102850026946137,0.2,20,1.0801693838618742,1.9597303379436816e-18,0.2,plastic,secondary,0.0083809633851417,False,alpha_async,50,250,390,3,-1,1.0,0.6,0.6,100,0.0023135232423021,31887,1,35,0.6666666666666666,2,31887,0.55,0.0,0.75,35.0,repeated_lesion,30.0,0.45,0.2,0.1,0.002,8.0
72,500,0.3858729600951444,0.5,-0.1450801849009428,0.1957774529885363,0.125,0.0,honeycomb__markov__plastic__intr1__struct0__synchronous__repeated_lesion__s3__4c30c9c00f,0.0204192291022302,0.0154826189565748,0.25,False,0.7452955734127608,0.003,0.016,markov,0.68,honeycomb,50,100,0.9,0.3123397318601497,0.3,1,0.42,0.08,280,0.3878533925602033,0.2,20,1.4995435422177317,2.7869087032954525e-18,0.2,plastic,secondary,0.0190853405005104,False,synchronous,50,250,390,3,-1,1.0,0.6,0.6,100,0.0035154536351542,0,0,35,1.0,2,0,0.55,0.0,0.75,35.0,repeated_lesion,30.0,0.45,0.2,0.1,0.002,8.0
72,500,0.397687734665951,0.5,-0.2174974401134885,0.0,0.125,0.265339481083749,honeycomb__ql__plastic__intr0__struct0__block_async__repeated_lesion__s3__6f5ca748a3,-0.000318164894662,-0.0058927091063634,0.25,False,0.7354945277663525,0.003,0.016,ql,0.68,honeycomb,50,100,0.9,0.3389332740120986,0.3,0,0.42,0.08,280,0.3971543227625391,0.2,20,1.4932849932477836,2.067910706344005e-18,0.2,plastic,secondary,0.0067597277198411,False,block_async,50,250,390,3,-1,1.0,0.6,0.6,100,0.0026500286079439,0,0,35,1.0,2,0,0.55,0.0,0.75,35.0,repeated_lesion,30.0,0.45,0.2,0.1,0.002,8.0
72,500,0.3237609825618326,0.5,0.0284757711729339,0.1210219816879884,0.125,0.3859545870152395,honeycomb__ql__plastic__intr1__struct1__alpha_async__repeated_lesion__s3__ec31ff1c41,0.0027776042930426,0.0007151333059645,0.25,False,0.6707008977618039,0.003,0.016,ql,0.68,honeycomb,50,100,0.9,0.2780275724996636,0.3,1,0.42,0.08,280,0.3207870649186292,0.2,20,1.4330690370866308,1.963921097079991e-18,0.2,plastic,secondary,0.0148057211368784,False,alpha_async,50,250,390,3,-1,1.0,0.6,0.6,100,0.0017037626356957,19727,1,35,0.6666666666666666,2,19727,0.55,0.0,0.75,35.0,repeated_lesion,30.0,0.45,0.2,0.1,0.002,8.0
72,500,0.40143099664321,0.5,0.4282735017041507,0.1256493543219711,0.125,0.0,extended_moore_r2__markov__plastic__intr1__struct0__synchronous__repeated_lesion__s3__f242e28865,-0.0459960119845006,0.0090542640251628,0.25,False,0.8646416185690612,0.003,0.016,markov,0.68,extended_moore_r2,50,100,0.9,0.1468624926954191,0.3,1,0.42,0.08,280,0.4065255772744058,0.2,20,1.1517914541608696,4.398091845958773e-18,0.2,plastic,secondary,-0.0010616775197257,False,synchronous,50,250,390,3,-1,1.0,0.6,0.6,100,0.0133252530419907,0,0,35,0.9847608024691358,2,0,0.55,0.0,0.75,35.0,repeated_lesion,30.0,0.45,0.2,0.1,0.002,8.0
72,500,0.3191392117357594,0.5,-0.183090370985116,0.0,0.125,0.2360073734835728,extended_moore_r2__ql__plastic__intr0__struct0__block_async__repeated_lesion__s3__04f707314c,0.0213345672458135,-1.516254942669458e-05,0.25,False,0.705845209606435,0.003,0.016,ql,0.68,extended_moore_r2,50,100,0.9,0.2634640666825286,0.3,0,0.42,0.08,280,0.3164953860158768,0.2,20,0.5690989226290173,3.593095043276009e-18,0.2,plastic,secondary,0.0226745720349983,False,block_async,50,250,390,3,-1,1.0,0.6,0.6,100,0.0520141458385508,0,0,35,0.8627588091563786,2,0,0.55,0.0,0.75,35.0,repeated_lesion,30.0,0.45,0.2,0.1,0.002,8.0
72,500,0.3306496336599098,0.5,-0.2040012564604216,0.0666602748304478,0.125,0.2321096030486707,extended_moore_r2__ql__plastic__intr1__struct1__alpha_async__repeated_lesion__s3__91f85b85fe,0.0165657678638104,-0.0001104650698052,0.25,False,0.6405692235933259,0.003,0.016,ql,0.68,extended_moore_r2,50,100,0.9,0.3368026597667503,0.3,1,0.42,0.08,280,0.3344073701400762,0.2,20,0.6935740491847429,3.171332095213727e-18,0.2,plastic,secondary,0.0178085668058901,False,alpha_async,50,250,390,3,-1,1.0,0.6,0.6,100,0.023990100609466,39966,1,35,0.7431921939300411,2,38220,0.55,0.0,0.75,35.0,repeated_lesion,30.0,0.45,0.2,0.1,0.002,8.0
72,500,0.4068761310661821,0.5,0.4352623360119696,0.117531667839518,0.125,0.0,extended_hex_r2__markov__plastic__intr1__struct0__synchronous__repeated_lesion__s3__22c0728f9f,-0.0001710156582147,-0.0101545456252382,0.25,False,0.8640888421860973,0.003,0.016,markov,0.68,extended_hex_r2,50,100,0.9,0.1487026880860882,0.3,1,0.42,0.08,280,0.4058546345547723,0.2,20,1.2056626114862623,3.964768482461732e-18,0.2,plastic,secondary,-0.014327568036475,False,synchronous,50,250,390,3,-1,1.0,0.6,0.6,100,0.0086936191391714,0,0,35,0.9902477709190672,2,0,0.55,0.0,0.75,35.0,repeated_lesion,30.0,0.45,0.2,0.1,0.002,8.0
72,500,0.4413959546727596,0.5,-0.1771673338746022,0.0,0.125,0.137458751437092,extended_hex_r2__ql__plastic__intr0__struct0__block_async__repeated_lesion__s3__2931a7adf1,-0.0142716279594911,-0.021508945982611,0.25,False,0.9733739885591014,0.003,0.016,ql,0.68,extended_hex_r2,50,100,0.9,0.0726442888262015,0.3,0,0.42,0.08,280,0.441131129446006,0.2,20,0.0104288704658475,2.6590889762511205e-18,0.2,plastic,secondary,-0.0124959726003647,False,block_async,50,250,390,3,-1,1.0,0.6,0.6,100,0.0367233240060357,0,0,35,0.989690500685871,2,0,0.55,0.0,0.75,35.0,repeated_lesion,30.0,0.45,0.2,0.1,0.002,8.0
72,500,0.3991523896315992,0.5,-0.0742609802834008,0.0361980437766087,0.125,0.1524985468722802,extended_hex_r2__ql__plastic__intr1__struct1__alpha_async__repeated_lesion__s3__4ebf5ffb1f,0.0049244222555773,-0.0092276811004232,0.25,False,0.8081806543927474,0.003,0.016,ql,0.68,extended_hex_r2,50,100,0.9,0.261522409581403,0.3,1,0.42,0.08,280,0.4245704036774676,0.2,20,0.272552923080692,2.568039325972847e-18,0.2,plastic,secondary,-0.0395285430833661,False,alpha_async,50,250,390,3,-1,1.0,0.6,0.6,100,0.0056964770198469,39521,1,35,0.7776063100137174,2,39444,0.55,0.0,0.75,35.0,repeated_lesion,30.0,0.45,0.2,0.1,0.002,8.0
72,500,0.4043758284379898,0.5,0.4229180327583919,0.1241309641969015,0.125,0.0,honeycomb_nnn__markov__plastic__intr1__struct0__synchronous__repeated_lesion__s3__d0b59e4f1d,-0.0007793499385017,0.0267085486212299,0.25,False,0.8628574603603536,0.003,0.016,markov,0.68,honeycomb_nnn,50,100,0.9,0.1523657530160613,0.3,1,0.42,0.08,280,0.407783775538779,0.2,20,1.215645568955258,3.500787619451238e-18,0.2,plastic,secondary,-0.0441802538621984,False,synchronous,50,250,390,3,-1,1.0,0.6,0.6,100,0.0067742034301925,0,0,35,1.0,2,0,0.55,0.0,0.75,35.0,repeated_lesion,30.0,0.45,0.2,0.1,0.002,8.0
72,500,0.4084104709779584,0.5,-0.2585452274414871,0.0,0.125,0.2510094168505774,honeycomb_nnn__ql__plastic__intr0__struct0__block_async__repeated_lesion__s3__f32024a677,0.0168413796333409,0.0208139401783046,0.25,False,0.6538940512984163,0.003,0.016,ql,0.68,honeycomb_nnn,50,100,0.9,0.4021063265722809,0.3,0,0.42,0.08,280,0.4093775229951913,0.2,20,0.9692613887305548,3.524409835508626e-18,0.2,plastic,secondary,0.0301205341276182,False,block_async,50,250,390,3,-1,1.0,0.6,0.6,100,0.0478282842215153,0,0,35,0.9993998628257889,2,0,0.55,0.0,0.75,35.0,repeated_lesion,30.0,0.45,0.2,0.1,0.002,8.0
72,500,0.3910718071879938,0.5,-0.2278411488298343,0.0593662311253569,0.125,0.2378736799071475,honeycomb_nnn__ql__plastic__intr1__struct1__alpha_async__repeated_lesion__s3__835a1016ea,0.0212216032431501,-9.813977799139927e-06,0.25,False,0.6259577127937144,0.003,0.016,ql,0.68,honeycomb_nnn,50,100,0.9,0.4033606434778275,0.3,1,0.42,0.08,280,0.3915303936701199,0.2,20,0.9593589691471576,2.7230684179451717e-18,0.2,plastic,secondary,0.0327195180835825,False,alpha_async,50,250,390,3,-1,1.0,0.6,0.6,100,0.0113544878773838,32816,1,35,0.7777777777777778,2,32816,0.55,0.0,0.75,35.0,repeated_lesion,30.0,0.45,0.2,0.1,0.002,8.0
72,500,0.2996656822620815,0.5,0.1411922192436729,0.1677680837148,0.125,0.0,square_vn__markov__plastic__intr1__struct0__alpha_async__lesion__s1__fe6491fc86,0.0894599224937658,0.0719738985375544,0.25,False,0.5460991565163652,0.003,0.016,markov,0.68,square_vn,50,100,0.9,0.2749217662281478,0.3,1,0.42,0.08,280,0.2798546536535454,0.2,20,1.5155303771245243,1.832469493001492e-18,0.2,plastic,secondary,0.0208860496204861,False,alpha_async,50,250,390,1,-1,1.0,0.6,0.6,100,0.032550421312776,0,0,35,1.0,2,0,0.55,0.0,0.75,35.0,lesion,30.0,0.45,0.2,0.1,0.002,8.0
72,500,0.388783268551948,0.5,-0.0691473571084622,0.0,0.125,0.2834388630332441,square_vn__ql__plastic__intr0__struct1__synchronous__lesion__s1__65dcac71fb,-0.0044555607870778,-0.0054003865309054,0.25,False,0.7516391319528685,0.003,0.016,ql,0.68,square_vn,50,100,0.9,0.2980105127319831,0.3,0,0.42,0.08,280,0.3877789471141126,0.2,20,1.3785355011714402,1.8058475377393014e-18,0.2,plastic,secondary,-0.0042388240295858,False,synchronous,50,250,390,1,-1,1.0,0.6,0.6,100,0.0017360011840775,26373,1,35,0.75,2,26373,0.55,0.0,0.75,35.0,lesion,30.0,0.45,0.2,0.1,0.002,8.0
72,500,0.3849309631464829,0.5,-0.1860725208811811,0.1251504520216528,0.125,0.2894083443325867,square_vn__ql__plastic__intr1__struct1__block_async__lesion__s1__1a4ad881f2,0.0120269661290443,0.0050781419335356,0.25,False,0.727741830092544,0.003,0.016,ql,0.68,square_vn,50,100,0.9,0.331520207858102,0.3,1,0.42,0.08,280,0.3851295393222408,0.2,20,1.3869291579939769,1.8784251592349345e-18,0.2,plastic,secondary,0.0055413776312162,False,block_async,50,250,390,1,-1,1.0,0.6,0.6,100,0.002352794316792,28113,1,35,0.75,2,28113,0.55,0.0,0.75,35.0,lesion,30.0,0.45,0.2,0.1,0.002,8.0
72,500,0.3953371406646955,0.5,-0.3715891048944879,0.0949186946545292,0.125,0.0,square_moore__markov__plastic__intr1__struct0__alpha_async__lesion__s1__c6f1d8bda8,0.0163538066375696,0.0079498366791758,0.25,False,0.5435209030406629,0.003,0.016,markov,0.68,square_moore,50,100,0.9,0.4815837084691708,0.3,1,0.42,0.08,280,0.3878713949526362,0.2,20,1.54603326062042,2.142248628058444e-18,0.2,plastic,secondary,0.0127933953672907,False,alpha_async,50,250,390,1,-1,1.0,0.6,0.6,100,0.0418130174995921,0,0,35,0.9984809027777778,2,0,0.55,0.0,0.75,35.0,lesion,30.0,0.45,0.2,0.1,0.002,8.0
72,500,0.4192620580831462,0.5,0.1410133224539714,0.0,0.125,0.2054182082484311,square_moore__ql__plastic__intr0__struct1__synchronous__lesion__s1__e2e5350b06,0.0030921380978749,0.017277446075861,0.25,False,0.818693337590293,0.003,0.016,ql,0.68,square_moore,50,100,0.9,0.2271150545063176,0.3,0,0.42,0.08,280,0.4187671076642637,0.2,20,1.191029207906594,2.5977404534302296e-18,0.2,plastic,secondary,0.0078067810521976,False,synchronous,50,250,390,1,-1,1.0,0.6,0.6,100,0.0033888164762373,34915,1,35,0.75,2,34915,0.55,0.0,0.75,35.0,lesion,30.0,0.45,0.2,0.1,0.002,8.0
72,500,0.3505479303465612,0.5,-0.3754092894488471,0.0691330352765426,0.125,0.2760479162039655,square_moore__ql__plastic__intr1__struct1__block_async__lesion__s1__e1f1b40544,0.0027751060703944,0.0075186448586122,0.25,False,0.5338219312606155,0.003,0.016,ql,0.68,square_moore,50,100,0.9,0.4672549983750289,0.3,1,0.42,0.08,280,0.3493032020074243,0.2,20,1.532895832676159,3.771132701482303e-18,0.2,plastic,secondary,0.0126637709270958,False,block_async,50,250,390,1,-1,1.0,0.6,0.6,100,0.0408287837919755,26736,1,35,0.75,2,26736,0.55,0.0,0.75,35.0,lesion,30.0,0.45,0.2,0.1,0.002,8.0
72,500,0.4216095327003643,0.5,-0.3250545386349073,0.0798774249540405,0.125,0.0,hex_cells__markov__plastic__intr1__struct0__alpha_async__lesion__s1__57e9510135,0.0152037247020443,0.0178153116000417,0.25,False,0.610882064955588,0.003,0.016,markov,0.68,hex_cells,50,100,0.9,0.4460983500131563,0.3,1,0.42,0.08,280,0.4130633678982494,0.2,20,1.3189567706916427,1.4101007616764045e-18,0.2,plastic,secondary,0.0085972200787917,False,alpha_async,50,250,390,1,-1,1.0,0.6,0.6,100,0.0154365900467723,0,0,35,1.0,2,0,0.55,0.0,0.75,35.0,lesion,30.0,0.45,0.2,0.1,0.002,8.0
72,500,0.4184788694565104,0.5,-0.0502784699947041,0.0,0.125,0.2124739269898299,hex_cells__ql__plastic__intr0__struct1__synchronous__lesion__s1__d60681dd2b,0.0005983623006203,-0.0059717084292807,0.25,False,0.7780531905106788,0.003,0.016,ql,0.68,hex_cells,50,100,0.9,0.2872109954930432,0.3,0,0.42,0.08,280,0.4238269521201053,0.2,20,1.1037240044913363,2.0651008914906408e-18,0.2,plastic,secondary,0.0275753502707802,False,synchronous,50,250,390,1,-1,1.0,0.6,0.6,100,0.0018764342894816,34403,1,35,0.6666666666666666,2,34403,0.55,0.0,0.75,35.0,lesion,30.0,0.45,0.2,0.1,0.002,8.0
72,500,0.4197962079815677,0.5,-0.2226971508255594,0.0751178734034325,0.125,0.2451354389582691,hex_cells__ql__plastic__intr1__struct1__block_async__lesion__s1__29b256e63f,0.0134857700548249,0.0068994501465898,0.25,False,0.6877568250879118,0.003,0.016,ql,0.68,hex_cells,50,100,0.9,0.3819701181430869,0.3,1,0.42,0.08,280,0.4212734911725739,0.2,20,1.0737003562036154,2.289573599675077e-18,0.2,plastic,secondary,0.0063650158592443,False,block_async,50,250,390,1,-1,1.0,0.6,0.6,100,0.0025408645760815,35819,1,35,0.6666666666666666,2,35819,0.55,0.0,0.75,35.0,lesion,30.0,0.45,0.2,0.1,0.002,8.0
72,500,0.2750602206156154,0.5,0.2312778883002478,0.1618083407025468,0.125,0.0,honeycomb__markov__plastic__intr1__struct0__alpha_async__lesion__s1__6d738de818,0.1250101998192024,0.1068905330646347,0.25,False,0.497951694475546,0.003,0.016,markov,0.68,honeycomb,50,100,0.9,0.2511944613694971,0.3,1,0.42,0.08,280,0.2611914560765161,0.2,20,1.5416208181373283,2.4392365134569174e-18,0.2,plastic,secondary,0.0850397121205503,False,alpha_async,50,250,390,1,-1,1.0,0.6,0.6,100,0.1187033297686822,0,0,35,1.0,2,0,0.55,0.0,0.75,35.0,lesion,30.0,0.45,0.2,0.1,0.002,8.0
72,500,0.3498681375718337,0.5,0.0125385185274472,0.0,0.125,0.3467367810005577,honeycomb__ql__plastic__intr0__struct1__synchronous__lesion__s1__11e6d6daf2,0.0099591909711787,0.0040209090877117,0.25,False,0.723045347407074,0.003,0.016,ql,0.68,honeycomb,50,100,0.9,0.2783126040359944,0.3,0,0.42,0.08,280,0.3505302515455137,0.2,20,1.388676098129621,2.2624888729301557e-18,0.2,plastic,secondary,-0.0029112871868514,False,synchronous,50,250,390,1,-1,1.0,0.6,0.6,100,0.0017972345741669,21723,1,35,0.6666666666666666,2,21723,0.55,0.0,0.75,35.0,lesion,30.0,0.45,0.2,0.1,0.002,8.0
72,500,0.3367219491807141,0.5,-0.0232010971606851,0.1885502119622841,0.125,0.3761188655747428,honeycomb__ql__plastic__intr1__struct1__block_async__lesion__s1__bb8ed72415,-0.0013062615847836,0.0021328429806822,0.25,False,0.6983806977797676,0.003,0.016,ql,0.68,honeycomb,50,100,0.9,0.284034730897191,0.3,1,0.42,0.08,280,0.3324900380086735,0.2,20,1.4128259151839448,2.2698383022318832e-18,0.2,plastic,secondary,0.0161263079093783,False,block_async,50,250,390,1,-1,1.0,0.6,0.6,100,0.0015459686457904,22161,1,35,0.6666666666666666,2,22161,0.55,0.0,0.75,35.0,lesion,30.0,0.45,0.2,0.1,0.002,8.0
72,500,0.4020719397560067,0.5,-0.0505412409656961,0.0662952564686154,0.125,0.0,extended_moore_r2__markov__plastic__intr1__struct0__alpha_async__lesion__s1__5b4489e540,-0.0144084955813447,-0.0185202254351811,0.25,False,0.8041303829383544,0.003,0.016,markov,0.68,extended_moore_r2,50,100,0.9,0.2615296210068168,0.3,1,0.42,0.08,280,0.4151227888762668,0.2,20,0.5254323304029918,3.1805446081024813e-18,0.2,plastic,secondary,-0.0598011768654874,False,alpha_async,50,250,390,1,-1,1.0,0.6,0.6,100,0.0115866101725023,0,0,35,0.9708558384773662,2,0,0.55,0.0,0.75,35.0,lesion,30.0,0.45,0.2,0.1,0.002,8.0
72,500,0.3967074555855034,0.5,0.3804747710494477,0.0,0.125,0.2072543408479741,extended_moore_r2__ql__plastic__intr0__struct1__synchronous__lesion__s1__60f2f3b85d,0.0073605297862974,-0.019543135959496,0.25,False,0.8510569773498503,0.003,0.016,ql,0.68,extended_moore_r2,50,100,0.9,0.160735735937269,0.3,0,0.42,0.08,280,0.4098827099204365,0.2,20,1.121202034976926,3.807595601902585e-18,0.2,plastic,secondary,0.0337255533616933,False,synchronous,50,250,390,1,-1,1.0,0.6,0.6,100,0.0107692965190822,39712,1,35,0.7499035493827161,2,39517,0.55,0.0,0.75,35.0,lesion,30.0,0.45,0.2,0.1,0.002,8.0
72,500,0.2873258715413734,0.5,-0.1972578721799359,0.1391317893775613,0.125,0.2762040617447315,extended_moore_r2__ql__plastic__intr1__struct1__block_async__lesion__s1__4078385c2a,0.034526478050324,0.0037267927010611,0.25,False,0.604715798341134,0.003,0.016,ql,0.68,extended_moore_r2,50,100,0.9,0.3076580141482621,0.3,1,0.42,0.08,280,0.2867643518205793,0.2,20,0.837751983983722,3.0819785599076113e-18,0.2,plastic,secondary,0.0278477001251334,False,block_async,50,250,390,1,-1,1.0,0.6,0.6,100,0.0280870541557792,39330,1,35,0.7388117283950617,2,35674,0.55,0.0,0.75,35.0,lesion,30.0,0.45,0.2,0.1,0.002,8.0
72,500,0.4689729839152011,0.5,-0.0376017309156163,0.0529788911209297,0.125,0.0,extended_hex_r2__markov__plastic__intr1__struct0__alpha_async__lesion__s1__536f7bf960,-0.0061638911609189,-0.0009627978431165,0.25,False,0.8470786111113998,0.003,0.016,markov,0.68,extended_hex_r2,50,100,0.9,0.2486359942235849,0.3,1,0.42,0.08,280,0.4365539343046055,0.2,20,0.8061092532802974,2.5962541956115887e-18,0.2,plastic,secondary,0.0368762194682657,False,alpha_async,50,250,390,1,-1,1.0,0.6,0.6,100,0.0028678540034446,0,0,35,0.9894975994513032,2,0,0.55,0.0,0.75,35.0,lesion,30.0,0.45,0.2,0.1,0.002,8.0
72,500,0.3984618370543732,0.5,0.3903565110722158,0.0,0.125,0.2183481982453404,extended_hex_r2__ql__plastic__intr0__struct1__synchronous__lesion__s1__6e3ac691ed,0.0047938761064983,-0.0187186806034117,0.25,False,0.8410150579431048,0.003,0.016,ql,0.68,extended_hex_r2,50,100,0.9,0.1661313295873728,0.3,0,0.42,0.08,280,0.4082191446220701,0.2,20,1.1861933457264309,2.8045582238686197e-18,0.2,plastic,secondary,0.0034712877961736,False,synchronous,50,250,390,1,-1,1.0,0.6,0.6,100,0.008021971913677,38797,1,35,0.7777777777777778,2,38788,0.55,0.0,0.75,35.0,lesion,30.0,0.45,0.2,0.1,0.002,8.0
72,500,0.3347833722884644,0.5,-0.163750836383756,0.1084061271687123,0.125,0.2441832798187979,extended_hex_r2__ql__plastic__intr1__struct1__block_async__lesion__s1__3bb98f13f5,0.0411459093143278,0.0056726178661187,0.25,False,0.689373771606928,0.003,0.016,ql,0.68,extended_hex_r2,50,100,0.9,0.3023835821311588,0.3,1,0.42,0.08,280,0.3330488882064426,0.2,20,0.4064389854377227,2.603377092924177e-18,0.2,plastic,secondary,0.0378354173442873,False,block_async,50,250,390,1,-1,1.0,0.6,0.6,100,0.007807004923115,38155,1,35,0.7759452160493827,2,37563,0.55,0.0,0.75,35.0,lesion,30.0,0.45,0.2,0.1,0.002,8.0
72,500,0.395027231200959,0.5,-0.2451697788090259,0.0823883224569871,0.125,0.0,honeycomb_nnn__markov__plastic__intr1__struct0__alpha_async__lesion__s1__32c7a43636,0.011026966817881,0.0045817006174647,0.25,False,0.6726381566893076,0.003,0.016,markov,0.68,honeycomb_nnn,50,100,0.9,0.3799047689626332,0.3,1,0.42,0.08,280,0.3918167235502346,0.2,20,0.8905184519530387,2.8621208221941244e-18,0.2,plastic,secondary,0.0012926927315242,False,alpha_async,50,250,390,1,-1,1.0,0.6,0.6,100,0.0159810443750058,0,0,35,0.9990997942386832,2,0,0.55,0.0,0.75,35.0,lesion,30.0,0.45,0.2,0.1,0.002,8.0
72,500,0.4181602622750035,0.5,0.3042564578208255,0.0,0.125,0.2097300908617541,honeycomb_nnn__ql__plastic__intr0__struct1__synchronous__lesion__s1__818881abd6,-0.0068631456633862,-0.0021101734461118,0.25,False,0.8447518762926542,0.003,0.016,ql,0.68,honeycomb_nnn,50,100,0.9,0.1884531345969034,0.3,0,0.42,0.08,280,0.4135295899367308,0.2,20,1.166401504187195,2.609318071992865e-18,0.2,plastic,secondary,0.0378653125202629,False,synchronous,50,250,390,1,-1,1.0,0.6,0.6,100,0.0041835121550576,33673,1,35,0.7777777777777778,2,33673,0.55,0.0,0.75,35.0,lesion,30.0,0.45,0.2,0.1,0.002,8.0
72,500,0.3716794604757761,0.5,-0.2359232224929934,0.0833898832632275,0.125,0.2557428168908837,honeycomb_nnn__ql__plastic__intr1__struct1__block_async__lesion__s1__6e7728c366,0.0253193382483921,-0.0019898073458241,0.25,False,0.61767138783684,0.003,0.016,ql,0.68,honeycomb_nnn,50,100,0.9,0.3964371905664485,0.3,1,0.42,0.08,280,0.3732778109009404,0.2,20,0.9346746678165576,2.3588924776981792e-18,0.2,plastic,secondary,0.0190846408308849,False,block_async,50,250,390,1,-1,1.0,0.6,0.6,100,0.0102312861035961,32977,1,35,0.7777777777777778,2,32977,0.55,0.0,0.75,35.0,lesion,30.0,0.45,0.2,0.1,0.002,8.0
72,500,0.2974681213554445,0.5,0.1438428592601999,0.1690159307501487,0.125,0.0,square_vn__markov__plastic__intr1__struct0__alpha_async__lesion__s2__bb08bc987c,0.0812479097159936,0.0809648357212835,0.25,False,0.5453103020612667,0.003,0.016,markov,0.68,square_vn,50,100,0.9,0.2726213539772212,0.3,1,0.42,0.08,280,0.279423374210582,0.2,20,1.5100903783469763,3.0185909422092823e-18,0.2,plastic,secondary,0.0341857989717979,False,alpha_async,50,250,390,2,-1,1.0,0.6,0.6,100,0.0396672456750735,0,0,35,1.0,2,0,0.55,0.0,0.75,35.0,lesion,30.0,0.45,0.2,0.1,0.002,8.0
72,500,0.3909153749779296,0.5,-0.0671918482326627,0.0,0.125,0.2813058245406164,square_vn__ql__plastic__intr0__struct1__synchronous__lesion__s2__e09a18634c,-0.0025579628830208,0.0032024364283277,0.25,False,0.7552849523566854,0.003,0.016,ql,0.68,square_vn,50,100,0.9,0.2976084563399961,0.3,0,0.42,0.08,280,0.3890471474949873,0.2,20,1.373842186766407,2.0075829159655373e-18,0.2,plastic,secondary,0.0055458354180393,False,synchronous,50,250,390,2,-1,1.0,0.6,0.6,100,0.0021642333840797,26417,1,35,0.75,2,26417,0.55,0.0,0.75,35.0,lesion,30.0,0.45,0.2,0.1,0.002,8.0
72,500,0.3821698497766487,0.5,-0.1822294674465218,0.126209449848984,0.125,0.2925067744041909,square_vn__ql__plastic__intr1__struct1__block_async__lesion__s2__19ec55c8ca,0.0103652126967877,0.0094884169117812,0.25,False,0.7269725013497659,0.003,0.016,ql,0.68,square_vn,50,100,0.9,0.3297147911385308,0.3,1,0.42,0.08,280,0.384765052537162,0.2,20,1.3850556513020422,2.107856870516616e-18,0.2,plastic,secondary,0.0059383179739612,False,block_async,50,250,390,2,-1,1.0,0.6,0.6,100,0.0022050086623126,28251,1,35,0.75,2,28251,0.55,0.0,0.75,35.0,lesion,30.0,0.45,0.2,0.1,0.002,8.0
72,500,0.3932250625123148,0.5,-0.3720129433488265,0.0952714405091912,0.125,0.0,square_moore__markov__plastic__intr1__struct0__alpha_async__lesion__s2__daa83debdf,0.0127140713532908,0.0036102447578159,0.25,False,0.5472737381783541,0.003,0.016,markov,0.68,square_moore,50,100,0.9,0.4782624369973264,0.3,1,0.42,0.08,280,0.3853472427473185,0.2,20,1.545123998757045,2.6199221005317576e-18,0.2,plastic,secondary,0.016465690366602,False,alpha_async,50,250,390,2,-1,1.0,0.6,0.6,100,0.0249192131895079,0,0,35,0.998046875,2,0,0.55,0.0,0.75,35.0,lesion,30.0,0.45,0.2,0.1,0.002,8.0
72,500,0.4157845085181106,0.5,0.1331056608967799,0.0,0.125,0.2073430588633462,square_moore__ql__plastic__intr0__struct1__synchronous__lesion__s2__90d696579c,-0.0063640279873417,-0.0030734401294214,0.25,False,0.8172783383061246,0.003,0.016,ql,0.68,square_moore,50,100,0.9,0.227714752823806,0.3,0,0.42,0.08,280,0.4185888572746805,0.2,20,1.1626575923310496,2.591337589695388e-18,0.2,plastic,secondary,-0.0515226875713612,False,synchronous,50,250,390,2,-1,1.0,0.6,0.6,100,0.0030534026591507,34948,1,35,0.75,2,34948,0.55,0.0,0.75,35.0,lesion,30.0,0.45,0.2,0.1,0.002,8.0
72,500,0.3523507254629551,0.5,-0.3640203945089679,0.0697888072805673,0.125,0.2736460048314192,square_moore__ql__plastic__intr1__struct1__block_async__lesion__s2__e90a209bd7,0.0097631614912719,0.0009783738191664,0.25,False,0.5436586719722433,0.003,0.016,ql,0.68,square_moore,50,100,0.9,0.4590487361257042,0.3,1,0.42,0.08,280,0.3503856137112339,0.2,20,1.5177435489596718,3.2262579652289164e-18,0.2,plastic,secondary,0.0112768779789459,False,block_async,50,250,390,2,-1,1.0,0.6,0.6,100,0.035607057373421,27326,1,35,0.75,2,27326,0.55,0.0,0.75,35.0,lesion,30.0,0.45,0.2,0.1,0.002,8.0
72,500,0.4174557275752154,0.5,-0.3192473332158093,0.0848672300670668,0.125,0.0,hex_cells__markov__plastic__intr1__struct0__alpha_async__lesion__s2__7ebedaf29d,0.0197439299202282,0.0046028175532739,0.25,False,0.6160791755172592,0.003,0.016,markov,0.68,hex_cells,50,100,0.9,0.4398021139667403,0.3,1,0.42,0.08,280,0.4084153743432328,0.2,20,1.3166833592255132,2.1880722565536122e-18,0.2,plastic,secondary,0.0217847934322191,False,alpha_async,50,250,390,2,-1,1.0,0.6,0.6,100,0.0074650271382575,0,0,35,1.0,2,0,0.55,0.0,0.75,35.0,lesion,30.0,0.45,0.2,0.1,0.002,8.0
72,500,0.4217103502477287,0.5,-0.0412487834897057,0.0,0.125,0.2121679135555772,hex_cells__ql__plastic__intr0__struct1__synchronous__lesion__s2__5a2c915d11,-0.002333650080885,-0.0023654929321102,0.25,False,0.7802314003773978,0.003,0.016,ql,0.68,hex_cells,50,100,0.9,0.2852078684421716,0.3,0,0.42,0.08,280,0.4231620785234936,0.2,20,1.1131040077936665,1.8875838599803694e-18,0.2,plastic,secondary,0.0002411584881106,False,synchronous,50,250,390,2,-1,1.0,0.6,0.6,100,0.0018477722673518,34555,1,35,0.6666666666666666,2,34555,0.55,0.0,0.75,35.0,lesion,30.0,0.45,0.2,0.1,0.002,8.0
72,500,0.4188475054936426,0.5,-0.2240685964032519,0.074596936727867,0.125,0.2440345936866683,hex_cells__ql__plastic__intr1__struct1__block_async__lesion__s2__d57fe3212d,0.018204242480391,0.0057801561400728,0.25,False,0.6862163420244685,0.003,0.016,ql,0.68,hex_cells,50,100,0.9,0.3820335674386074,0.3,1,0.42,0.08,280,0.4209846808664677,0.2,20,1.0717855458233174,2.4192231960646066e-18,0.2,plastic,secondary,0.0137575601575514,False,block_async,50,250,390,2,-1,1.0,0.6,0.6,100,0.0027110549828544,35969,1,35,0.6666666666666666,2,35969,0.55,0.0,0.75,35.0,lesion,30.0,0.45,0.2,0.1,0.002,8.0
72,500,0.3133910735671794,0.5,0.1233687710766186,0.1557094386885675,0.125,0.0,honeycomb__markov__plastic__intr1__struct0__alpha_async__lesion__s2__2740714ad9,0.0758519948647221,0.0823678605562421,0.25,False,0.5649715309136927,0.003,0.016,markov,0.68,honeycomb,50,100,0.9,0.2855140636693883,0.3,1,0.42,0.08,280,0.2939711690509647,0.2,20,1.5737974151743668,1.899246804222504e-18,0.2,plastic,secondary,0.0267130679105887,False,alpha_async,50,250,390,2,-1,1.0,0.6,0.6,100,0.0656424404783975,0,0,35,1.0,2,0,0.55,0.0,0.75,35.0,lesion,30.0,0.45,0.2,0.1,0.002,8.0
72,500,0.3475540522152358,0.5,0.0093687996433073,0.0,0.125,0.3470699234023108,honeycomb__ql__plastic__intr0__struct1__synchronous__lesion__s2__b9b0b0675d,-0.0020112145527227,-0.0010013177391,0.25,False,0.7218438997556331,0.003,0.016,ql,0.68,honeycomb,50,100,0.9,0.2779952129474037,0.3,0,0.42,0.08,280,0.3501005931301119,0.2,20,1.4006970280102746,1.5425946142162985e-18,0.2,plastic,secondary,-0.0071403314666559,False,synchronous,50,250,390,2,-1,1.0,0.6,0.6,100,0.0016727050685815,21707,1,35,0.6666666666666666,2,21707,0.55,0.0,0.75,35.0,lesion,30.0,0.45,0.2,0.1,0.002,8.0
72,500,0.3321155320975352,0.5,-0.0006174684066615,0.1842663725097033,0.125,0.3784029559171398,honeycomb__ql__plastic__intr1__struct1__block_async__lesion__s2__91cef29eec,-0.0023905499254328,-0.0035962381285284,0.25,False,0.6934824549475348,0.003,0.016,ql,0.68,honeycomb,50,100,0.9,0.2784116210932262,0.3,1,0.42,0.08,280,0.3320745376159286,0.2,20,1.412273902599123,1.7067039917633472e-18,0.2,plastic,secondary,0.0108492242462118,False,block_async,50,250,390,2,-1,1.0,0.6,0.6,100,0.0019609507312597,22455,1,35,0.6666666666666666,2,22455,0.55,0.0,0.75,35.0,lesion,30.0,0.45,0.2,0.1,0.002,8.0
72,500,0.4611333985344673,0.5,-0.0316284076363453,0.0649846719250279,0.125,0.0,extended_moore_r2__markov__plastic__intr1__struct0__alpha_async__lesion__s2__a7ce6b4188,-0.0838119456636721,-0.0543445378505538,0.25,False,0.8263335377290855,0.003,0.016,markov,0.68,extended_moore_r2,50,100,0.9,0.2599192779885696,0.3,1,0.42,0.08,280,0.4208972542245336,0.2,20,0.8573851762793587,3.1093421048875465e-18,0.2,plastic,secondary,0.000210401495531,False,alpha_async,50,250,390,2,-1,1.0,0.6,0.6,100,0.0067841082153289,0,0,35,0.9720775462962964,2,0,0.55,0.0,0.75,35.0,lesion,30.0,0.45,0.2,0.1,0.002,8.0
72,500,0.4110058429267602,0.5,0.3792221689449269,0.0,0.125,0.2109104195988154,extended_moore_r2__ql__plastic__intr0__struct1__synchronous__lesion__s2__d851b8afd3,-0.0156217874453486,-8.317498971926255e-05,0.25,False,0.8566281828406543,0.003,0.016,ql,0.68,extended_moore_r2,50,100,0.9,0.1642981211250309,0.3,0,0.42,0.08,280,0.4094308523054517,0.2,20,1.1255102334550426,3.801128902108751e-18,0.2,plastic,secondary,-0.0179879759463698,False,synchronous,50,250,390,2,-1,1.0,0.6,0.6,100,0.0097504860063242,39765,1,35,0.7498713991769548,2,39538,0.55,0.0,0.75,35.0,lesion,30.0,0.45,0.2,0.1,0.002,8.0
72,500,0.2864885126045448,0.5,-0.1991734182850082,0.1386860378060489,0.125,0.2787761168326558,extended_moore_r2__ql__plastic__intr1__struct1__block_async__lesion__s2__5be0ec7ea8,0.0306256479196492,0.0046170958654946,0.25,False,0.598085307803457,0.003,0.016,ql,0.68,extended_moore_r2,50,100,0.9,0.3108245547327172,0.3,1,0.42,0.08,280,0.2858656044083846,0.2,20,0.8438518677937484,3.7998689733550194e-18,0.2,plastic,secondary,0.0250069385235003,False,block_async,50,250,390,2,-1,1.0,0.6,0.6,100,0.041621839114641,39366,1,35,0.7386349022633745,2,35680,0.55,0.0,0.75,35.0,lesion,30.0,0.45,0.2,0.1,0.002,8.0
72,500,0.4734746558223771,0.5,-0.0354938923327161,0.0527464812726341,0.125,0.0,extended_hex_r2__markov__plastic__intr1__struct0__alpha_async__lesion__s2__51a9195632,-0.0403505046001228,-0.0182073600182252,0.25,False,0.846535471113202,0.003,0.016,markov,0.68,extended_hex_r2,50,100,0.9,0.249673513333102,0.3,1,0.42,0.08,280,0.4365770223228604,0.2,20,0.8230905453181497,2.4793065185510617e-18,0.2,plastic,secondary,0.0269598497221004,False,alpha_async,50,250,390,2,-1,1.0,0.6,0.6,100,0.0025630914875398,0,0,35,0.9896369170096022,2,0,0.55,0.0,0.75,35.0,lesion,30.0,0.45,0.2,0.1,0.002,8.0
72,500,0.4074010907783932,0.5,0.3906382493163674,0.0,0.125,0.2133220999864686,extended_hex_r2__ql__plastic__intr0__struct1__synchronous__lesion__s2__b0a540e57f,0.0072864925954713,-0.0093431518502456,0.25,False,0.8478519910938844,0.003,0.016,ql,0.68,extended_hex_r2,50,100,0.9,0.166736017546257,0.3,0,0.42,0.08,280,0.4082200394781496,0.2,20,1.2131584774740487,3.923903999292088e-18,0.2,plastic,secondary,0.0233899331128817,False,synchronous,50,250,390,2,-1,1.0,0.6,0.6,100,0.0109584189822679,38846,1,35,0.777767061042524,2,38842,0.55,0.0,0.75,35.0,lesion,30.0,0.45,0.2,0.1,0.002,8.0
72,500,0.3367464649358828,0.5,-0.1637667008351337,0.1078074674959605,0.125,0.2452438288279587,extended_hex_r2__ql__plastic__intr1__struct1__block_async__lesion__s2__ccfa10cb6a,0.0240468799382431,0.0073975047170366,0.25,False,0.690713702114949,0.003,0.016,ql,0.68,extended_hex_r2,50,100,0.9,0.303323907854823,0.3,1,0.42,0.08,280,0.3353786401184132,0.2,20,0.3880446573063778,2.6900719231386965e-18,0.2,plastic,secondary,0.0212955710548627,False,block_async,50,250,390,2,-1,1.0,0.6,0.6,100,0.0120795742948936,38126,1,35,0.7761488340192044,2,37620,0.55,0.0,0.75,35.0,lesion,30.0,0.45,0.2,0.1,0.002,8.0
72,500,0.3989703132988,0.5,-0.2510542915578803,0.0819416956661685,0.125,0.0,honeycomb_nnn__markov__plastic__intr1__struct0__alpha_async__lesion__s2__4b3ca857d9,0.0138974717716504,-0.0015800726835618,0.25,False,0.6535757309678466,0.003,0.016,markov,0.68,honeycomb_nnn,50,100,0.9,0.3932660454817843,0.3,1,0.42,0.08,280,0.3945251808492879,0.2,20,0.9496308547210224,2.8060317181328284e-18,0.2,plastic,secondary,0.0188633196182335,False,alpha_async,50,250,390,2,-1,1.0,0.6,0.6,100,0.0315499738058978,0,0,35,0.9994427297668038,2,0,0.55,0.0,0.75,35.0,lesion,30.0,0.45,0.2,0.1,0.002,8.0
72,500,0.4083815994233732,0.5,0.3112520445278263,0.0,0.125,0.2065142863062595,honeycomb_nnn__ql__plastic__intr0__struct1__synchronous__lesion__s2__dc4142d6c2,0.0260550102545699,0.0164277498253131,0.25,False,0.8399397365595126,0.003,0.016,ql,0.68,honeycomb_nnn,50,100,0.9,0.1860036728440906,0.3,0,0.42,0.08,280,0.4128375842059776,0.2,20,1.1792690700067303,2.526306914813053e-18,0.2,plastic,secondary,0.0236530784129749,False,synchronous,50,250,390,2,-1,1.0,0.6,0.6,100,0.0047473408576954,33609,1,35,0.7777777777777778,2,33609,0.55,0.0,0.75,35.0,lesion,30.0,0.45,0.2,0.1,0.002,8.0
72,500,0.3680891544473021,0.5,-0.2401662897672218,0.0838281219737394,0.125,0.2556761309921152,honeycomb_nnn__ql__plastic__intr1__struct1__block_async__lesion__s2__e6a1344170,0.0136780490256281,0.0047819142346173,0.25,False,0.6117852337512003,0.003,0.016,ql,0.68,honeycomb_nnn,50,100,0.9,0.3976466555080051,0.3,1,0.42,0.08,280,0.3689603003118844,0.2,20,0.9384424034349944,2.6189049891826904e-18,0.2,plastic,secondary,0.0117599853761474,False,block_async,50,250,390,2,-1,1.0,0.6,0.6,100,0.0125313489359205,32988,1,35,0.7777777777777778,2,32988,0.55,0.0,0.75,35.0,lesion,30.0,0.45,0.2,0.1,0.002,8.0
72,500,0.2990394291279468,0.5,0.1422346155110662,0.1679978115385373,0.125,0.0,square_vn__markov__plastic__intr1__struct0__alpha_async__lesion__s3__ac2fa97a29,0.0902325574774206,0.0823559219274395,0.25,False,0.5445214901392349,0.003,0.016,markov,0.68,square_vn,50,100,0.9,0.2744037823714508,0.3,1,0.42,0.08,280,0.2794582749477076,0.2,20,1.5127679634604678,2.248383464718764e-18,0.2,plastic,secondary,0.0282439582206824,False,alpha_async,50,250,390,3,-1,1.0,0.6,0.6,100,0.0355802532773471,0,0,35,1.0,2,0,0.55,0.0,0.75,35.0,lesion,30.0,0.45,0.2,0.1,0.002,8.0
72,500,0.3855631157442239,0.5,-0.0627737926239095,0.0,0.125,0.2778805034103912,square_vn__ql__plastic__intr0__struct1__synchronous__lesion__s3__14013f4c01,-0.0014581429878901,0.0122572929618312,0.25,False,0.7519033772376427,0.003,0.016,ql,0.68,square_vn,50,100,0.9,0.2952561513072775,0.3,0,0.42,0.08,280,0.3889871246915022,0.2,20,1.3870794653239558,2.4042739733247663e-18,0.2,plastic,secondary,0.0191125193608325,False,synchronous,50,250,390,3,-1,1.0,0.6,0.6,100,0.0019059503351261,26413,1,35,0.75,2,26413,0.55,0.0,0.75,35.0,lesion,30.0,0.45,0.2,0.1,0.002,8.0
72,500,0.3836236423670383,0.5,-0.1798240087068769,0.1255481897596712,0.125,0.2910368493230423,square_vn__ql__plastic__intr1__struct1__block_async__lesion__s3__e408806f27,0.0101784850954627,0.0076830291959467,0.25,False,0.7252743548944391,0.003,0.016,ql,0.68,square_vn,50,100,0.9,0.3314221292489113,0.3,1,0.42,0.08,280,0.3853946100569723,0.2,20,1.3892819538670085,2.716026849408553e-18,0.2,plastic,secondary,0.0212772663260695,False,block_async,50,250,390,3,-1,1.0,0.6,0.6,100,0.0026611751296063,28374,1,35,0.75,2,28374,0.55,0.0,0.75,35.0,lesion,30.0,0.45,0.2,0.1,0.002,8.0
72,500,0.3936541074329386,0.5,-0.3748773404521476,0.0950960191517515,0.125,0.0,square_moore__markov__plastic__intr1__struct0__alpha_async__lesion__s3__7bc26db308,0.0099941945075669,0.0093210254258168,0.25,False,0.5486054658699694,0.003,0.016,markov,0.68,square_moore,50,100,0.9,0.4788894327945472,0.3,1,0.42,0.08,280,0.386623832773237,0.2,20,1.550810388804528,3.757966778534738e-18,0.2,plastic,secondary,0.0166905163703279,False,alpha_async,50,250,390,3,-1,1.0,0.6,0.6,100,0.0326938258901707,0,0,35,0.9984567901234568,2,0,0.55,0.0,0.75,35.0,lesion,30.0,0.45,0.2,0.1,0.002,8.0
72,500,0.4203298213290258,0.5,0.1513127963597723,0.0,0.125,0.2014257487533569,square_moore__ql__plastic__intr0__struct1__synchronous__lesion__s3__ef6e35829e,0.010035681293572,0.0272965240076171,0.25,False,0.822010555620713,0.003,0.016,ql,0.68,square_moore,50,100,0.9,0.2246463828511594,0.3,0,0.42,0.08,280,0.4190468441322068,0.2,20,1.1892670745338385,3.0002759873709527e-18,0.2,plastic,secondary,0.0329816696788378,False,synchronous,50,250,390,3,-1,1.0,0.6,0.6,100,0.0034882390789222,35184,1,35,0.75,2,35184,0.55,0.0,0.75,35.0,lesion,30.0,0.45,0.2,0.1,0.002,8.0
72,500,0.3501382792702522,0.5,-0.3647378308601893,0.0682385726599853,0.125,0.2723494791117075,square_moore__ql__plastic__intr1__struct1__block_async__lesion__s3__e562d4563b,0.0142152644786804,0.0063220137916432,0.25,False,0.5422443652755022,0.003,0.016,ql,0.68,square_moore,50,100,0.9,0.4592374055277455,0.3,1,0.42,0.08,280,0.3489815940997328,0.2,20,1.5101992466615362,2.5522298285259793e-18,0.2,plastic,secondary,0.0201075349746782,False,block_async,50,250,390,3,-1,1.0,0.6,0.6,100,0.0278881632728735,27073,1,35,0.75,2,27073,0.55,0.0,0.75,35.0,lesion,30.0,0.45,0.2,0.1,0.002,8.0
72,500,0.420877016342189,0.5,-0.324671511908136,0.0831757247304783,0.125,0.0,hex_cells__markov__plastic__intr1__struct0__alpha_async__lesion__s3__e7af67896f,0.0146696140791342,0.0086256835153684,0.25,False,0.6084558298129834,0.003,0.016,markov,0.68,hex_cells,50,100,0.9,0.4470989702642444,0.3,1,0.42,0.08,280,0.4123781975644306,0.2,20,1.3186790601531704,1.6454935385598661e-18,0.2,plastic,secondary,0.022141063196018,False,alpha_async,50,250,390,3,-1,1.0,0.6,0.6,100,0.0053227236319072,0,0,35,1.0,2,0,0.55,0.0,0.75,35.0,lesion,30.0,0.45,0.2,0.1,0.002,8.0
72,500,0.4196780080653013,0.5,-0.0462802048048286,0.0,0.125,0.2115252455693792,hex_cells__ql__plastic__intr0__struct1__synchronous__lesion__s3__c653be60c8,0.0094206859368682,0.0122038285842392,0.25,False,0.7769002282677789,0.003,0.016,ql,0.68,hex_cells,50,100,0.9,0.2877545383612182,0.3,0,0.42,0.08,280,0.4232898667930672,0.2,20,1.1209005662059208,1.9248121240382322e-18,0.2,plastic,secondary,0.0358883455124804,False,synchronous,50,250,390,3,-1,1.0,0.6,0.6,100,0.0017455530427547,34632,1,35,0.6666666666666666,2,34632,0.55,0.0,0.75,35.0,lesion,30.0,0.45,0.2,0.1,0.002,8.0
72,500,0.4186634688116565,0.5,-0.2237711378509101,0.073596366887249,0.125,0.2451395784898556,hex_cells__ql__plastic__intr1__struct1__block_async__lesion__s3__7e7e3c32f3,0.0177930311599718,0.0044910987152131,0.25,False,0.6878997794900117,0.003,0.016,ql,0.68,hex_cells,50,100,0.9,0.3812838952995693,0.3,1,0.42,0.08,280,0.421168743272259,0.2,20,1.0764524222733942,2.1040741959427946e-18,0.2,plastic,secondary,0.0057659851777674,False,block_async,50,250,390,3,-1,1.0,0.6,0.6,100,0.0027221081495784,36216,1,35,0.6666666666666666,2,36216,0.55,0.0,0.75,35.0,lesion,30.0,0.45,0.2,0.1,0.002,8.0
72,500,0.2848029588435937,0.5,0.1998123866215977,0.1628321340375751,0.125,0.0,honeycomb__markov__plastic__intr1__struct0__alpha_async__lesion__s3__00582ba062,0.1225746413637026,0.0927480501719552,0.25,False,0.5120571567598604,0.003,0.016,markov,0.68,honeycomb,50,100,0.9,0.2622965750361138,0.3,1,0.42,0.08,280,0.2682486090802785,0.2,20,1.558819204876301,2.575817895287972e-18,0.2,plastic,secondary,0.0881546923540888,False,alpha_async,50,250,390,3,-1,1.0,0.6,0.6,100,0.1018738453572879,0,0,35,1.0,2,0,0.55,0.0,0.75,35.0,lesion,30.0,0.45,0.2,0.1,0.002,8.0
72,500,0.3491621148320601,0.5,-0.0003404549756712,0.0,0.125,0.3487346752719845,honeycomb__ql__plastic__intr0__struct1__synchronous__lesion__s3__5e621e2516,0.0037688251330068,0.0073704495152303,0.25,False,0.7213017114788103,0.003,0.016,ql,0.68,honeycomb,50,100,0.9,0.2811535911717848,0.3,0,0.42,0.08,280,0.3492138942290164,0.2,20,1.3974363878571503,1.7712906212055514e-18,0.2,plastic,secondary,-0.0134421699980575,False,synchronous,50,250,390,3,-1,1.0,0.6,0.6,100,0.0018416029901657,21891,1,35,0.6666666666666666,2,21891,0.55,0.0,0.75,35.0,lesion,30.0,0.45,0.2,0.1,0.002,8.0
72,500,0.3316249424137062,0.5,-0.0048125680818873,0.1872079515644301,0.125,0.3749685537746539,honeycomb__ql__plastic__intr1__struct1__block_async__lesion__s3__14b4094dd5,-0.0082454127811703,-0.0036781299604394,0.25,False,0.6952837741852658,0.003,0.016,ql,0.68,honeycomb,50,100,0.9,0.2778810400711063,0.3,1,0.42,0.08,280,0.333320360404687,0.2,20,1.4053665552416006,3.0068458156584632e-18,0.2,plastic,secondary,-0.0016173831190823,False,block_async,50,250,390,3,-1,1.0,0.6,0.6,100,0.0018685097045544,22430,1,35,0.6666666666666666,2,22430,0.55,0.0,0.75,35.0,lesion,30.0,0.45,0.2,0.1,0.002,8.0
72,500,0.442969866464488,0.5,-0.0335181706321915,0.0671663487385165,0.125,0.0,extended_moore_r2__markov__plastic__intr1__struct0__alpha_async__lesion__s3__2838ad44b2,-0.0701345382818642,-0.0681886637048148,0.25,False,0.8107653518603369,0.003,0.016,markov,0.68,extended_moore_r2,50,100,0.9,0.2673913440190297,0.3,1,0.42,0.08,280,0.4142707417651171,0.2,20,0.8632952763725843,3.743521313824356e-18,0.2,plastic,secondary,0.0022822688408584,False,alpha_async,50,250,390,3,-1,1.0,0.6,0.6,100,0.0113309407873811,0,0,35,0.9685812114197532,2,0,0.55,0.0,0.75,35.0,lesion,30.0,0.45,0.2,0.1,0.002,8.0
72,500,0.4041248313459471,0.5,0.3721797165046877,0.0,0.125,0.2186280182468876,extended_moore_r2__ql__plastic__intr0__struct1__synchronous__lesion__s3__9619c9bb12,0.0239918488023532,0.0138878057579907,0.25,False,0.847337939953996,0.003,0.016,ql,0.68,extended_moore_r2,50,100,0.9,0.1678543079459762,0.3,0,0.42,0.08,280,0.4089205627375313,0.2,20,1.1217533293221706,4.362523848429236e-18,0.2,plastic,secondary,-0.0013214386698189,False,synchronous,50,250,390,3,-1,1.0,0.6,0.6,100,0.0091890972715626,40046,1,35,0.7499035493827161,2,39866,0.55,0.0,0.75,35.0,lesion,30.0,0.45,0.2,0.1,0.002,8.0
72,500,0.287140638588477,0.5,-0.1999233784866178,0.1388592169269767,0.125,0.276676487038872,extended_moore_r2__ql__plastic__intr1__struct1__block_async__lesion__s3__534a1fd750,0.0327654035103649,0.0069759575855372,0.25,False,0.6060505528608957,0.003,0.016,ql,0.68,extended_moore_r2,50,100,0.9,0.3073078622812502,0.3,1,0.42,0.08,280,0.2864972886420389,0.2,20,0.8387992831410592,3.308772651241557e-18,0.2,plastic,secondary,0.0304131693183468,False,block_async,50,250,390,3,-1,1.0,0.6,0.6,100,0.0295205765672958,39635,1,35,0.7380160108024691,2,35940,0.55,0.0,0.75,35.0,lesion,30.0,0.45,0.2,0.1,0.002,8.0
72,500,0.4073215300410702,0.5,-0.0523460050831805,0.0529381196720782,0.125,0.0,extended_hex_r2__markov__plastic__intr1__struct0__alpha_async__lesion__s3__6a0bfb0d4b,0.0284928222382297,0.0174338042129222,0.25,False,0.8246943297432718,0.003,0.016,markov,0.68,extended_hex_r2,50,100,0.9,0.2463725126578707,0.3,1,0.42,0.08,280,0.4387917144180833,0.2,20,0.2804342913280647,2.583799231331215e-18,0.2,plastic,secondary,-0.0258082135124913,False,alpha_async,50,250,390,3,-1,1.0,0.6,0.6,100,0.0030768449429856,0,0,35,0.9891439471879286,2,0,0.55,0.0,0.75,35.0,lesion,30.0,0.45,0.2,0.1,0.002,8.0
72,500,0.4059023766740832,0.5,0.3861129718439814,0.0,0.125,0.2135493184168851,extended_hex_r2__ql__plastic__intr0__struct1__synchronous__lesion__s3__3e7392648c,0.0175304965456817,0.0088783035102717,0.25,False,0.8462830232187974,0.003,0.016,ql,0.68,extended_hex_r2,50,100,0.9,0.1669304035955443,0.3,0,0.42,0.08,280,0.4098420024434977,0.2,20,1.18941124417204,3.249965401997652e-18,0.2,plastic,secondary,0.0537461365895028,False,synchronous,50,250,390,3,-1,1.0,0.6,0.6,100,0.0082575192124521,39120,1,35,0.7777777777777778,2,39114,0.55,0.0,0.75,35.0,lesion,30.0,0.45,0.2,0.1,0.002,8.0
72,500,0.3349142890717692,0.5,-0.164725243691025,0.1102664514601986,0.125,0.2467281014557814,extended_hex_r2__ql__plastic__intr1__struct1__block_async__lesion__s3__b786a0aa1c,0.0280511464737432,0.0073031359784462,0.25,False,0.6885228899082835,0.003,0.016,ql,0.68,extended_hex_r2,50,100,0.9,0.3030708312517692,0.3,1,0.42,0.08,280,0.3336000350623024,0.2,20,0.4205605097710091,2.1974738326417654e-18,0.2,plastic,secondary,0.0212277489074747,False,block_async,50,250,390,3,-1,1.0,0.6,0.6,100,0.0254583266907859,38433,1,35,0.7760845336076817,2,37871,0.55,0.0,0.75,35.0,lesion,30.0,0.45,0.2,0.1,0.002,8.0
72,500,0.3975600503628937,0.5,-0.252711118187147,0.081065314110375,0.125,0.0,honeycomb_nnn__markov__plastic__intr1__struct0__alpha_async__lesion__s3__3df1929c8f,0.0114083189056678,0.0063406418744446,0.25,False,0.6570215598537102,0.003,0.016,markov,0.68,honeycomb_nnn,50,100,0.9,0.3911652290029265,0.3,1,0.42,0.08,280,0.394265067683287,0.2,20,0.939477162747018,2.483702937898775e-18,0.2,plastic,secondary,0.0112384808289986,False,alpha_async,50,250,390,3,-1,1.0,0.6,0.6,100,0.024418532558152,0,0,35,0.9988854595336076,2,0,0.55,0.0,0.75,35.0,lesion,30.0,0.45,0.2,0.1,0.002,8.0
72,500,0.4139152969638344,0.5,0.303890750405747,0.0,0.125,0.2090606332579397,honeycomb_nnn__ql__plastic__intr0__struct1__synchronous__lesion__s3__28c14b83a9,0.0026676228654106,-0.0042964052106783,0.25,False,0.8412991471916523,0.003,0.016,ql,0.68,honeycomb_nnn,50,100,0.9,0.1883657906753632,0.3,0,0.42,0.08,280,0.4129948037672577,0.2,20,1.1626294896498577,2.7795471142457732e-18,0.2,plastic,secondary,-0.0062156030047937,False,synchronous,50,250,390,3,-1,1.0,0.6,0.6,100,0.0039573002096366,33964,1,35,0.7777777777777778,2,33964,0.55,0.0,0.75,35.0,lesion,30.0,0.45,0.2,0.1,0.002,8.0
72,500,0.3685590968805984,0.5,-0.2379472386817855,0.0852390303599897,0.125,0.2544095539549368,honeycomb_nnn__ql__plastic__intr1__struct1__block_async__lesion__s3__cb2bdddfec,0.0163415898264683,0.001005990589315,0.25,False,0.6131946595257565,0.003,0.016,ql,0.68,honeycomb_nnn,50,100,0.9,0.3970698376402077,0.3,1,0.42,0.08,280,0.3689076169703363,0.2,20,0.9369199532197604,2.825828688441521e-18,0.2,plastic,secondary,0.0051248158599007,False,block_async,50,250,390,3,-1,1.0,0.6,0.6,100,0.0106699690417431,33204,1,35,0.7777777777777778,2,33204,0.55,0.0,0.75,35.0,lesion,30.0,0.45,0.2,0.1,0.002,8.0
72,500,0.2994975883316821,0.5,0.1406069908302481,0.1678617705082546,0.125,0.0,square_vn__markov__plastic__intr1__struct0__alpha_async__repeated_lesion__s1__7d3119b241,0.0963203562624233,0.0722059752006984,0.25,False,0.5434799928167794,0.003,0.016,markov,0.68,square_vn,50,100,0.9,0.2763402238707192,0.3,1,0.42,0.08,280,0.2796589950256173,0.2,20,1.511618917234172,2.5445837965927387e-18,0.2,plastic,secondary,0.0358528493298027,False,alpha_async,50,250,390,1,-1,1.0,0.6,0.6,100,0.032721766656409,0,0,35,1.0,2,0,0.55,0.0,0.75,35.0,repeated_lesion,30.0,0.45,0.2,0.1,0.002,8.0
72,500,0.3860285133004494,0.5,-0.0782514042598441,0.0,0.125,0.2789781268501042,square_vn__ql__plastic__intr0__struct1__synchronous__repeated_lesion__s1__ebcfc2d253,0.0003947762890224,-0.0119242444391135,0.25,False,0.7513104665725023,0.003,0.016,ql,0.68,square_vn,50,100,0.9,0.2985998444286225,0.3,0,0.42,0.08,280,0.3880088393583574,0.2,20,1.3816859773554448,3.147735740114086e-18,0.2,plastic,secondary,-0.0040853213214083,False,synchronous,50,250,390,1,-1,1.0,0.6,0.6,100,0.0022696657027475,26358,1,35,0.75,2,26358,0.55,0.0,0.75,35.0,repeated_lesion,30.0,0.45,0.2,0.1,0.002,8.0
72,500,0.3846969381855311,0.5,-0.1777709474610078,0.1251619103825009,0.125,0.2915911561888146,square_vn__ql__plastic__intr1__struct1__block_async__repeated_lesion__s1__d63fd52aa0,0.011322252833492,0.0018124368535795,0.25,False,0.7293989056027839,0.003,0.016,ql,0.68,square_vn,50,100,0.9,0.3277318682643925,0.3,1,0.42,0.08,280,0.3850893643677617,0.2,20,1.382569270545828,2.9432650679566123e-18,0.2,plastic,secondary,0.0061483322834953,False,block_async,50,250,390,1,-1,1.0,0.6,0.6,100,0.0019789217470916,28114,1,35,0.75,2,28114,0.55,0.0,0.75,35.0,repeated_lesion,30.0,0.45,0.2,0.1,0.002,8.0
72,500,0.3943420842490057,0.5,-0.3704416059878342,0.0950866002866506,0.125,0.0,square_moore__markov__plastic__intr1__struct0__alpha_async__repeated_lesion__s1__29c6f54f5e,0.0154921116969052,0.0014499168154702,0.25,False,0.5442610670676231,0.003,0.016,markov,0.68,square_moore,50,100,0.9,0.4803654340384461,0.3,1,0.42,0.08,280,0.3866921720753741,0.2,20,1.543458403366723,2.607542101823731e-18,0.2,plastic,secondary,0.0174874190950225,False,alpha_async,50,250,390,1,-1,1.0,0.6,0.6,100,0.0346362782799189,0,0,35,0.9985773533950616,2,0,0.55,0.0,0.75,35.0,repeated_lesion,30.0,0.45,0.2,0.1,0.002,8.0
72,500,0.4178106856200932,0.5,0.1265424293300954,0.0,0.125,0.203042684806659,square_moore__ql__plastic__intr0__struct1__synchronous__repeated_lesion__s1__0fff1f6ebb,-0.0024758018685421,-0.0032176105434494,0.25,False,0.8182598116328581,0.003,0.016,ql,0.68,square_moore,50,100,0.9,0.2289298153389623,0.3,0,0.42,0.08,280,0.4187422175178028,0.2,20,1.173467828727286,2.2565990725139854e-18,0.2,plastic,secondary,-0.0296830733739284,False,synchronous,50,250,390,1,-1,1.0,0.6,0.6,100,0.0035617823202672,34904,1,35,0.75,2,34904,0.55,0.0,0.75,35.0,repeated_lesion,30.0,0.45,0.2,0.1,0.002,8.0
72,500,0.3507172501672458,0.5,-0.3699421873838024,0.068966146888557,0.125,0.2746140762041048,square_moore__ql__plastic__intr1__struct1__block_async__repeated_lesion__s1__69728a0c3b,0.0109612687035003,0.003401613967467,0.25,False,0.5352158863824074,0.003,0.016,ql,0.68,square_moore,50,100,0.9,0.4648927180868701,0.3,1,0.42,0.08,280,0.3490370529199921,0.2,20,1.5255842373566717,3.3427145332084427e-18,0.2,plastic,secondary,0.0192633861036873,False,block_async,50,250,390,1,-1,1.0,0.6,0.6,100,0.0389989846811267,26793,1,35,0.75,2,26793,0.55,0.0,0.75,35.0,repeated_lesion,30.0,0.45,0.2,0.1,0.002,8.0
72,500,0.4218836800639253,0.5,-0.326256657676191,0.0798612439086686,0.125,0.0,hex_cells__markov__plastic__intr1__struct0__alpha_async__repeated_lesion__s1__2b9a5b6804,0.0153943064068079,0.0119174200488093,0.25,False,0.608165747293437,0.003,0.016,markov,0.68,hex_cells,50,100,0.9,0.4479600140479559,0.3,1,0.42,0.08,280,0.4130421423019079,0.2,20,1.317173220645422,1.90571486845009e-18,0.2,plastic,secondary,0.0167106880448052,False,alpha_async,50,250,390,1,-1,1.0,0.6,0.6,100,0.0154231033645366,0,0,35,1.0,2,0,0.55,0.0,0.75,35.0,repeated_lesion,30.0,0.45,0.2,0.1,0.002,8.0
72,500,0.419007521736299,0.5,-0.0394699160747709,0.0,0.125,0.2110910586333364,hex_cells__ql__plastic__intr0__struct1__synchronous__repeated_lesion__s1__a193cf93a3,-0.0075915697934344,-0.0042604293657606,0.25,False,0.7792973407493626,0.003,0.016,ql,0.68,hex_cells,50,100,0.9,0.2843764613329125,0.3,0,0.42,0.08,280,0.4232336552772506,0.2,20,1.1125314772346309,1.8757417754200863e-18,0.2,plastic,secondary,-0.0053354441376678,False,synchronous,50,250,390,1,-1,1.0,0.6,0.6,100,0.0018741059832776,34371,1,35,0.6666666666666666,2,34371,0.55,0.0,0.75,35.0,repeated_lesion,30.0,0.45,0.2,0.1,0.002,8.0
72,500,0.418006048105836,0.5,-0.2274773514557166,0.0750898140745073,0.125,0.243401723451568,hex_cells__ql__plastic__intr1__struct1__block_async__repeated_lesion__s1__56c69d53f0,0.0154809640655909,0.0052609260902688,0.25,False,0.687364243747074,0.003,0.016,ql,0.68,hex_cells,50,100,0.9,0.3819658038479227,0.3,1,0.42,0.08,280,0.4212024821640734,0.2,20,1.0799422709588775,2.7466307095156492e-18,0.2,plastic,secondary,0.0035898775264287,False,block_async,50,250,390,1,-1,1.0,0.6,0.6,100,0.0029428345077776,35804,1,35,0.6666666666666666,2,35804,0.55,0.0,0.75,35.0,repeated_lesion,30.0,0.45,0.2,0.1,0.002,8.0
72,500,0.279465736159908,0.5,0.2222089487125129,0.1614285996681901,0.125,0.0,honeycomb__markov__plastic__intr1__struct0__alpha_async__repeated_lesion__s1__2ee21c4632,0.1138055771228232,0.09607675359159,0.25,False,0.5031321151709002,0.003,0.016,markov,0.68,honeycomb,50,100,0.9,0.2550593977613166,0.3,1,0.42,0.08,280,0.2641879199418801,0.2,20,1.5496164515504305,1.923177331941188e-18,0.2,plastic,secondary,0.0846774514581485,False,alpha_async,50,250,390,1,-1,1.0,0.6,0.6,100,0.1115438207033191,0,0,35,1.0,2,0,0.55,0.0,0.75,35.0,repeated_lesion,30.0,0.45,0.2,0.1,0.002,8.0
72,500,0.3476901797050441,0.5,0.014861344979821,0.0,0.125,0.3494068845413293,honeycomb__ql__plastic__intr0__struct1__synchronous__repeated_lesion__s1__10efa471c9,-0.0028166093306393,-0.0031327344449332,0.25,False,0.7213614461534439,0.003,0.016,ql,0.68,honeycomb,50,100,0.9,0.2770997683983404,0.3,0,0.42,0.08,280,0.3494187304716289,0.2,20,1.3768348194690332,1.4556466715618265e-18,0.2,plastic,secondary,-0.0037419302923409,False,synchronous,50,250,390,1,-1,1.0,0.6,0.6,100,0.0016454873469635,21662,1,35,0.6666666666666666,2,21662,0.55,0.0,0.75,35.0,repeated_lesion,30.0,0.45,0.2,0.1,0.002,8.0
72,500,0.3321185439953882,0.5,-0.0160219229397884,0.1883842623988372,0.125,0.374865150622333,honeycomb__ql__plastic__intr1__struct1__block_async__repeated_lesion__s1__e4f9a479d2,0.00245384399988,0.0044437684472998,0.25,False,0.6943559225362586,0.003,0.016,ql,0.68,honeycomb,50,100,0.9,0.2812076985643872,0.3,1,0.42,0.08,280,0.3332499249591044,0.2,20,1.4027797543790292,2.1099509558338742e-18,0.2,plastic,secondary,-0.0136971874519443,False,block_async,50,250,390,1,-1,1.0,0.6,0.6,100,0.001827566451521,22125,1,35,0.6666666666666666,2,22125,0.55,0.0,0.75,35.0,repeated_lesion,30.0,0.45,0.2,0.1,0.002,8.0
72,500,0.4021022668265773,0.5,-0.0502564593373813,0.0662799521320028,0.125,0.0,extended_moore_r2__markov__plastic__intr1__struct0__alpha_async__repeated_lesion__s1__dd25eab9ff,-0.0140691064575714,-0.0170651639300657,0.25,False,0.8044088109205576,0.003,0.016,markov,0.68,extended_moore_r2,50,100,0.9,0.261307778854547,0.3,1,0.42,0.08,280,0.4152260446831359,0.2,20,0.5259219820630398,3.0814753495471733e-18,0.2,plastic,secondary,-0.0568702836465374,False,alpha_async,50,250,390,1,-1,1.0,0.6,0.6,100,0.0118563672730377,0,0,35,0.9708317258230452,2,0,0.55,0.0,0.75,35.0,repeated_lesion,30.0,0.45,0.2,0.1,0.002,8.0
72,500,0.4086129626176322,0.5,0.3862221733097682,0.0,0.125,0.208699499930959,extended_moore_r2__ql__plastic__intr0__struct1__synchronous__repeated_lesion__s1__6e65daec2e,-0.0134945395593468,0.0027632960376097,0.25,False,0.8506156719517225,0.003,0.016,ql,0.68,extended_moore_r2,50,100,0.9,0.1659550435589115,0.3,0,0.42,0.08,280,0.4100766773869552,0.2,20,1.153502048375224,3.6458806887238415e-18,0.2,plastic,secondary,0.027492501453319,False,synchronous,50,250,390,1,-1,1.0,0.6,0.6,100,0.010907303064898,39694,1,35,0.7499196244855967,2,39497,0.55,0.0,0.75,35.0,repeated_lesion,30.0,0.45,0.2,0.1,0.002,8.0
72,500,0.2875763679432594,0.5,-0.1975897523344559,0.1389809095592937,0.125,0.2761633743838144,extended_moore_r2__ql__plastic__intr1__struct1__block_async__repeated_lesion__s1__0dfb4c524e,0.034015909299484,0.0048954860420371,0.25,False,0.6038868039248496,0.003,0.016,ql,0.68,extended_moore_r2,50,100,0.9,0.3084845582307625,0.3,1,0.42,0.08,280,0.2867131646151068,0.2,20,0.8369835364232469,3.726356314735079e-18,0.2,plastic,secondary,0.0263447836661695,False,block_async,50,250,390,1,-1,1.0,0.6,0.6,100,0.0297510927541849,39328,1,35,0.7387956532921811,2,35678,0.55,0.0,0.75,35.0,repeated_lesion,30.0,0.45,0.2,0.1,0.002,8.0
72,500,0.4689869797773851,0.5,-0.037616702256967,0.0529893369488266,0.125,0.0,extended_hex_r2__markov__plastic__intr1__struct0__alpha_async__repeated_lesion__s1__57d773af3a,-0.0057257073905327,-0.0005298924761528,0.25,False,0.8470435029136805,0.003,0.016,markov,0.68,extended_hex_r2,50,100,0.9,0.2486767077016597,0.3,1,0.42,0.08,280,0.4365345061865263,0.2,20,0.8061258846943258,2.7000402675607504e-18,0.2,plastic,secondary,0.037218058102727,False,alpha_async,50,250,390,1,-1,1.0,0.6,0.6,100,0.0028709530820317,0,0,35,0.9894761659807956,2,0,0.55,0.0,0.75,35.0,repeated_lesion,30.0,0.45,0.2,0.1,0.002,8.0
72,500,0.4117207761408611,0.5,0.3715192388122788,0.0,0.125,0.2139003635805342,extended_hex_r2__ql__plastic__intr0__struct1__synchronous__repeated_lesion__s1__b05297b19e,-0.0236755183638788,0.0054656053603795,0.25,False,0.8525462843328206,0.003,0.016,ql,0.68,extended_hex_r2,50,100,0.9,0.1683655465784048,0.3,0,0.42,0.08,280,0.409445418197243,0.2,20,1.1609585254867094,3.5474380060600696e-18,0.2,plastic,secondary,-0.0134397338480718,False,synchronous,50,250,390,1,-1,1.0,0.6,0.6,100,0.0101145873098583,38782,1,35,0.7777777777777778,2,38773,0.55,0.0,0.75,35.0,repeated_lesion,30.0,0.45,0.2,0.1,0.002,8.0
72,500,0.3351407392134764,0.5,-0.1634061290465865,0.108396360924693,0.125,0.2441159530816491,extended_hex_r2__ql__plastic__intr1__struct1__block_async__repeated_lesion__s1__ca3fa8f67c,0.0398828229679985,0.0035764169755143,0.25,False,0.6907273611196083,0.003,0.016,ql,0.68,extended_hex_r2,50,100,0.9,0.3021864121814462,0.3,1,0.42,0.08,280,0.3332182931524606,0.2,20,0.4015740118223062,2.694957914266704e-18,0.2,plastic,secondary,0.032630791747326,False,block_async,50,250,390,1,-1,1.0,0.6,0.6,100,0.0079127384167455,38118,1,35,0.7758916323731139,2,37524,0.55,0.0,0.75,35.0,repeated_lesion,30.0,0.45,0.2,0.1,0.002,8.0
72,500,0.3942513264204517,0.5,-0.24479708038576,0.0824455216725047,0.125,0.0,honeycomb_nnn__markov__plastic__intr1__struct0__alpha_async__repeated_lesion__s1__53f849fa60,0.010852412213339,0.0031795855261563,0.25,False,0.6749548987751158,0.003,0.016,markov,0.68,honeycomb_nnn,50,100,0.9,0.3779939671676168,0.3,1,0.42,0.08,280,0.3915286853540978,0.2,20,0.8802113244935722,3.008568537828592e-18,0.2,plastic,secondary,0.0110112663480798,False,alpha_async,50,250,390,1,-1,1.0,0.6,0.6,100,0.0142238364463273,0,0,35,0.999014060356653,2,0,0.55,0.0,0.75,35.0,repeated_lesion,30.0,0.45,0.2,0.1,0.002,8.0
72,500,0.4111031236528083,0.5,0.3182426309353049,0.0,0.125,0.2127218503957595,honeycomb_nnn__ql__plastic__intr0__struct1__synchronous__repeated_lesion__s1__9e7131efdb,-0.0080638297629971,0.0012260988068891,0.25,False,0.838842250831908,0.003,0.016,ql,0.68,honeycomb_nnn,50,100,0.9,0.1861218772698985,0.3,0,0.42,0.08,280,0.4128047724092056,0.2,20,1.21871778833354,2.7776730207552728e-18,0.2,plastic,secondary,-0.0082842910929775,False,synchronous,50,250,390,1,-1,1.0,0.6,0.6,100,0.0049032703623393,33725,1,35,0.7777777777777778,2,33725,0.55,0.0,0.75,35.0,repeated_lesion,30.0,0.45,0.2,0.1,0.002,8.0
72,500,0.3703741204008644,0.5,-0.2366069284378971,0.0836539848286981,0.125,0.2582147112741483,honeycomb_nnn__ql__plastic__intr1__struct1__block_async__repeated_lesion__s1__85e5fd972e,0.0291004297745308,-0.001418037391069,0.25,False,0.6163597147852309,0.003,0.016,ql,0.68,honeycomb_nnn,50,100,0.9,0.3968458841141829,0.3,1,0.42,0.08,280,0.3704388026094246,0.2,20,0.9288287715351704,2.6811282748688008e-18,0.2,plastic,secondary,0.0216951938122694,False,block_async,50,250,390,1,-1,1.0,0.6,0.6,100,0.0111104540912176,32848,1,35,0.7777777777777778,2,32848,0.55,0.0,0.75,35.0,repeated_lesion,30.0,0.45,0.2,0.1,0.002,8.0
72,500,0.29898540012057,0.5,0.1417529010649231,0.1689885677092952,0.125,0.0,square_vn__markov__plastic__intr1__struct0__alpha_async__repeated_lesion__s2__1712216690,0.0826160726231473,0.075513258226022,0.25,False,0.5435272777417165,0.003,0.016,markov,0.68,square_vn,50,100,0.9,0.2752432362531513,0.3,1,0.42,0.08,280,0.280028891572632,0.2,20,1.5211838400051578,3.3484708838861134e-18,0.2,plastic,secondary,0.0308076810017968,False,alpha_async,50,250,390,2,-1,1.0,0.6,0.6,100,0.0402403195731497,0,0,35,1.0,2,0,0.55,0.0,0.75,35.0,repeated_lesion,30.0,0.45,0.2,0.1,0.002,8.0
72,500,0.3837773650974148,0.5,-0.0765139953902198,0.0,0.125,0.2796322497354568,square_vn__ql__plastic__intr0__struct1__synchronous__repeated_lesion__s2__8db1c2c23b,-0.0081201321837216,0.0091849641032164,0.25,False,0.7495753341380139,0.003,0.016,ql,0.68,square_vn,50,100,0.9,0.2983462225791219,0.3,0,0.42,0.08,280,0.3886834261419889,0.2,20,1.3722060793819764,1.744910034149069e-18,0.2,plastic,secondary,-0.0094220010527971,False,synchronous,50,250,390,2,-1,1.0,0.6,0.6,100,0.0022906903638777,26370,1,35,0.75,2,26370,0.55,0.0,0.75,35.0,repeated_lesion,30.0,0.45,0.2,0.1,0.002,8.0
72,500,0.3848507163667103,0.5,-0.1883572850602351,0.1262236241291134,0.125,0.2928388836906105,square_vn__ql__plastic__intr1__struct1__block_async__repeated_lesion__s2__c449fa9021,0.015897279299019,-0.0005363067574745,0.25,False,0.7279391458242708,0.003,0.016,ql,0.68,square_vn,50,100,0.9,0.3315845637991845,0.3,1,0.42,0.08,280,0.384433886916227,0.2,20,1.3881019492107218,1.9460309485790442e-18,0.2,plastic,secondary,-0.0003572010441353,False,block_async,50,250,390,2,-1,1.0,0.6,0.6,100,0.0022834130467759,28154,1,35,0.75,2,28154,0.55,0.0,0.75,35.0,repeated_lesion,30.0,0.45,0.2,0.1,0.002,8.0
72,500,0.3924940382446809,0.5,-0.3731392767123435,0.0952669404469136,0.125,0.0,square_moore__markov__plastic__intr1__struct0__alpha_async__repeated_lesion__s2__577cbcc2ae,0.0092135371989326,0.0011005173567271,0.25,False,0.5480378163717171,0.003,0.016,markov,0.68,square_moore,50,100,0.9,0.4779706529385924,0.3,1,0.42,0.08,280,0.3853456883499318,0.2,20,1.5458653589620432,2.3865532819090933e-18,0.2,plastic,secondary,0.0107011116878082,False,alpha_async,50,250,390,2,-1,1.0,0.6,0.6,100,0.0272234954512973,0,0,35,0.998095100308642,2,0,0.55,0.0,0.75,35.0,repeated_lesion,30.0,0.45,0.2,0.1,0.002,8.0
72,500,0.4157272387232382,0.5,0.1253346326703086,0.0,0.125,0.2076102778867842,square_moore__ql__plastic__intr0__struct1__synchronous__repeated_lesion__s2__f0849d68dc,0.0001283550399677,-2.3321919491793228e-05,0.25,False,0.8158962894570069,0.003,0.016,ql,0.68,square_moore,50,100,0.9,0.2293248376832434,0.3,0,0.42,0.08,280,0.4174518634538143,0.2,20,1.170837385205866,2.8855321643075593e-18,0.2,plastic,secondary,0.0149600880094574,False,synchronous,50,250,390,2,-1,1.0,0.6,0.6,100,0.0035269577283031,34929,1,35,0.75,2,34929,0.55,0.0,0.75,35.0,repeated_lesion,30.0,0.45,0.2,0.1,0.002,8.0
72,500,0.3511027783249948,0.5,-0.3670450573535634,0.0699638079118764,0.125,0.2735148938258202,square_moore__ql__plastic__intr1__struct1__block_async__repeated_lesion__s2__66e4d69f4b,0.0093688114257699,0.0005155784693033,0.25,False,0.5422748543743544,0.003,0.016,ql,0.68,square_moore,50,100,0.9,0.459844392431519,0.3,1,0.42,0.08,280,0.3513249428623312,0.2,20,1.5209473094043953,3.010345760407445e-18,0.2,plastic,secondary,0.0074654650357384,False,block_async,50,250,390,2,-1,1.0,0.6,0.6,100,0.0354410202470921,27338,1,35,0.75,2,27338,0.55,0.0,0.75,35.0,repeated_lesion,30.0,0.45,0.2,0.1,0.002,8.0
72,500,0.419686914606192,0.5,-0.3239641251075228,0.0847118848245256,0.125,0.0,hex_cells__markov__plastic__intr1__struct0__alpha_async__repeated_lesion__s2__7c1570137e,0.0179213270414166,0.0138226817169931,0.25,False,0.6148371693442896,0.003,0.016,markov,0.68,hex_cells,50,100,0.9,0.4428748104725414,0.3,1,0.42,0.08,280,0.4095109649978625,0.2,20,1.3176771209366378,2.1468062218772775e-18,0.2,plastic,secondary,0.0094830888294611,False,alpha_async,50,250,390,2,-1,1.0,0.6,0.6,100,0.0088248095554327,0,0,35,1.0,2,0,0.55,0.0,0.75,35.0,repeated_lesion,30.0,0.45,0.2,0.1,0.002,8.0
72,500,0.4210386419858457,0.5,-0.0387162457129461,0.0,0.125,0.2125387221327654,hex_cells__ql__plastic__intr0__struct1__synchronous__repeated_lesion__s2__acb27bd4e8,-0.0073682053979393,0.0042739603717632,0.25,False,0.7784587688033751,0.003,0.016,ql,0.68,hex_cells,50,100,0.9,0.2854885400282304,0.3,0,0.42,0.08,280,0.4234212672717785,0.2,20,1.1205765285456204,2.252965988335512e-18,0.2,plastic,secondary,0.0239159782920971,False,synchronous,50,250,390,2,-1,1.0,0.6,0.6,100,0.0018620348865744,34561,1,35,0.6666666666666666,2,34561,0.55,0.0,0.75,35.0,repeated_lesion,30.0,0.45,0.2,0.1,0.002,8.0
72,500,0.4188774771384277,0.5,-0.2256881530482627,0.0744606266303134,0.125,0.2450419408079594,hex_cells__ql__plastic__intr1__struct1__block_async__repeated_lesion__s2__e62b961580,0.0137347560404479,0.0025810395374818,0.25,False,0.687663071203654,0.003,0.016,ql,0.68,hex_cells,50,100,0.9,0.3816941017098679,0.3,1,0.42,0.08,280,0.421098786624009,0.2,20,1.064562070460508,1.926888078694902e-18,0.2,plastic,secondary,0.0075470691432855,False,block_async,50,250,390,2,-1,1.0,0.6,0.6,100,0.0023749948278014,35958,1,35,0.6666666666666666,2,35958,0.55,0.0,0.75,35.0,repeated_lesion,30.0,0.45,0.2,0.1,0.002,8.0
72,500,0.3143916350424955,0.5,0.1170537689890402,0.1557729272763268,0.125,0.0,honeycomb__markov__plastic__intr1__struct0__alpha_async__repeated_lesion__s2__59f1b7c7f9,0.0877646329964001,0.0776639014553061,0.25,False,0.5649368421439089,0.003,0.016,markov,0.68,honeycomb,50,100,0.9,0.2871674934916436,0.3,1,0.42,0.08,280,0.2938018020899001,0.2,20,1.5790125532677632,1.7135041216337492e-18,0.2,plastic,secondary,0.0418997351958946,False,alpha_async,50,250,390,2,-1,1.0,0.6,0.6,100,0.0647659490182095,0,0,35,1.0,2,0,0.55,0.0,0.75,35.0,repeated_lesion,30.0,0.45,0.2,0.1,0.002,8.0
72,500,0.3467036353294637,0.5,0.0107151270571986,0.0,0.125,0.344449737133124,honeycomb__ql__plastic__intr0__struct1__synchronous__repeated_lesion__s2__e06a4ffe8a,0.0049727743070584,-0.0126696072995914,0.25,False,0.7222456275160646,0.003,0.016,ql,0.68,honeycomb,50,100,0.9,0.2766697100489489,0.3,0,0.42,0.08,280,0.3505293574233854,0.2,20,1.3912293957427593,2.293390446817444e-18,0.2,plastic,secondary,-0.000962862573065,False,synchronous,50,250,390,2,-1,1.0,0.6,0.6,100,0.0020131915053995,21708,1,35,0.6666666666666666,2,21708,0.55,0.0,0.75,35.0,repeated_lesion,30.0,0.45,0.2,0.1,0.002,8.0
72,500,0.3299424880455724,0.5,-0.0069109829971923,0.184325040003913,0.125,0.3777751201446125,honeycomb__ql__plastic__intr1__struct1__block_async__repeated_lesion__s2__b6c6d9a10b,0.0078029475969593,-0.0058029965233646,0.25,False,0.6944656614275843,0.003,0.016,ql,0.68,honeycomb,50,100,0.9,0.2778248324700791,0.3,1,0.42,0.08,280,0.3326752608103053,0.2,20,1.4105141100385628,2.0637301361772382e-18,0.2,plastic,secondary,0.012512458497176,False,block_async,50,250,390,2,-1,1.0,0.6,0.6,100,0.0022526443381605,22574,1,35,0.6666666666666666,2,22574,0.55,0.0,0.75,35.0,repeated_lesion,30.0,0.45,0.2,0.1,0.002,8.0
72,500,0.4608028284264615,0.5,-0.0305066594053044,0.0649750029777232,0.125,0.0,extended_moore_r2__markov__plastic__intr1__struct0__alpha_async__repeated_lesion__s2__2d46714c3c,-0.0839519715045656,-0.0558130078173767,0.25,False,0.8257734038387484,0.003,0.016,markov,0.68,extended_moore_r2,50,100,0.9,0.2599624073236219,0.3,1,0.42,0.08,280,0.4207646530892257,0.2,20,0.8660600669406909,3.3399380973005505e-18,0.2,plastic,secondary,-0.0025215385693817,False,alpha_async,50,250,390,2,-1,1.0,0.6,0.6,100,0.006623471106321,0,0,35,0.9720293209876544,2,0,0.55,0.0,0.75,35.0,repeated_lesion,30.0,0.45,0.2,0.1,0.002,8.0
72,500,0.3990771802943005,0.5,0.3846087590171652,0.0,0.125,0.2077064859658037,extended_moore_r2__ql__plastic__intr0__struct1__synchronous__repeated_lesion__s2__29400f2475,-0.008966359353072,0.0017603551134847,0.25,False,0.8450718241265316,0.003,0.016,ql,0.68,extended_moore_r2,50,100,0.9,0.1644023725376091,0.3,0,0.42,0.08,280,0.4105299280156259,0.2,20,1.1323915672890092,3.769976337875404e-18,0.2,plastic,secondary,0.0540029576719832,False,synchronous,50,250,390,2,-1,1.0,0.6,0.6,100,0.00959233523691,39748,1,35,0.7498553240740741,2,39519,0.55,0.0,0.75,35.0,repeated_lesion,30.0,0.45,0.2,0.1,0.002,8.0
72,500,0.286611553457535,0.5,-0.19909097594556,0.1386298471812568,0.125,0.2782989260038584,extended_moore_r2__ql__plastic__intr1__struct1__block_async__repeated_lesion__s2__8aae15be35,0.0319386128738795,0.00384700632739,0.25,False,0.5989319603330163,0.003,0.016,ql,0.68,extended_moore_r2,50,100,0.9,0.3105036282056589,0.3,1,0.42,0.08,280,0.2859786076173252,0.2,20,0.8430678936918874,3.4137949903705934e-18,0.2,plastic,secondary,0.0231656301349319,False,block_async,50,250,390,2,-1,1.0,0.6,0.6,100,0.0422345009624113,39357,1,35,0.7386831275720165,2,35669,0.55,0.0,0.75,35.0,repeated_lesion,30.0,0.45,0.2,0.1,0.002,8.0
72,500,0.473543188063255,0.5,-0.0353708046429997,0.0527457243352704,0.125,0.0,extended_hex_r2__markov__plastic__intr1__struct0__alpha_async__repeated_lesion__s2__513b9da390,-0.04046529560826,-0.01757435198849,0.25,False,0.8466357682752463,0.003,0.016,markov,0.68,extended_hex_r2,50,100,0.9,0.2495626252547286,0.3,1,0.42,0.08,280,0.436581729484624,0.2,20,0.823610838761286,2.5522266491190906e-18,0.2,plastic,secondary,0.0260226170536505,False,alpha_async,50,250,390,2,-1,1.0,0.6,0.6,100,0.0025581290339193,0,0,35,0.9896797839506172,2,0,0.55,0.0,0.75,35.0,repeated_lesion,30.0,0.45,0.2,0.1,0.002,8.0
72,500,0.4094603162800401,0.5,0.3811201967934212,0.0,0.125,0.2219123804970551,extended_hex_r2__ql__plastic__intr0__struct1__synchronous__repeated_lesion__s2__2c866c65da,-0.0116727856566131,0.0088087896344127,0.25,False,0.8504784533859737,0.003,0.016,ql,0.68,extended_hex_r2,50,100,0.9,0.1675373621017238,0.3,0,0.42,0.08,280,0.4076630111601326,0.2,20,1.157701931837163,3.3900011116725383e-18,0.2,plastic,secondary,-0.0652242404980603,False,synchronous,50,250,390,2,-1,1.0,0.6,0.6,100,0.0089811976791703,38841,1,35,0.7777777777777778,2,38837,0.55,0.0,0.75,35.0,repeated_lesion,30.0,0.45,0.2,0.1,0.002,8.0
72,500,0.336547872763471,0.5,-0.1630815167819861,0.1078436902715376,0.125,0.2449812889481313,extended_hex_r2__ql__plastic__intr1__struct1__block_async__repeated_lesion__s2__d6c86bc52f,0.0232743521195792,0.0036600459793238,0.25,False,0.6900552042210515,0.003,0.016,ql,0.68,extended_hex_r2,50,100,0.9,0.3035816773579686,0.3,1,0.42,0.08,280,0.3353318758028948,0.2,20,0.390619064298103,2.293839499231684e-18,0.2,plastic,secondary,0.0203596591137053,False,block_async,50,250,390,2,-1,1.0,0.6,0.6,100,0.0125203718752533,38123,1,35,0.7760738168724279,2,37612,0.55,0.0,0.75,35.0,repeated_lesion,30.0,0.45,0.2,0.1,0.002,8.0
72,500,0.3991699094586475,0.5,-0.250092261422892,0.081882474588124,0.125,0.0,honeycomb_nnn__markov__plastic__intr1__struct0__alpha_async__repeated_lesion__s2__2f4bfcff44,0.0050509134912569,0.0037091488785592,0.25,False,0.6543128557010894,0.003,0.016,markov,0.68,honeycomb_nnn,50,100,0.9,0.3927891517201537,0.3,1,0.42,0.08,280,0.3949157164923597,0.2,20,0.9452797484057652,2.857321471540349e-18,0.2,plastic,secondary,-0.0040683514184088,False,alpha_async,50,250,390,2,-1,1.0,0.6,0.6,100,0.0305381765174389,0,0,35,0.9995070301783264,2,0,0.55,0.0,0.75,35.0,repeated_lesion,30.0,0.45,0.2,0.1,0.002,8.0
72,500,0.4085174548422768,0.5,0.3081465890151504,0.0,0.125,0.2037902072847142,honeycomb_nnn__ql__plastic__intr0__struct1__synchronous__repeated_lesion__s2__97b1e683df,0.0054652651820444,-0.0015405955151931,0.25,False,0.8408738046992198,0.003,0.016,ql,0.68,honeycomb_nnn,50,100,0.9,0.1864140296667099,0.3,0,0.42,0.08,280,0.4129922008530377,0.2,20,1.1663220554775258,2.908446188790847e-18,0.2,plastic,secondary,-0.0231531917376909,False,synchronous,50,250,390,2,-1,1.0,0.6,0.6,100,0.0049871967491769,33612,1,35,0.7777777777777778,2,33612,0.55,0.0,0.75,35.0,repeated_lesion,30.0,0.45,0.2,0.1,0.002,8.0
72,500,0.3687721983348044,0.5,-0.2382408121330396,0.0838488718795903,0.125,0.2560939587083439,honeycomb_nnn__ql__plastic__intr1__struct1__block_async__repeated_lesion__s2__d901af16f6,0.0161447284011387,0.0109026435599635,0.25,False,0.617121461934675,0.003,0.016,ql,0.68,honeycomb_nnn,50,100,0.9,0.3949453406533312,0.3,1,0.42,0.08,280,0.3692362627290787,0.2,20,0.9307764548732416,2.572058224011869e-18,0.2,plastic,secondary,0.0076582792767203,False,block_async,50,250,390,2,-1,1.0,0.6,0.6,100,0.0113242312762028,33000,1,35,0.7777777777777778,2,33000,0.55,0.0,0.75,35.0,repeated_lesion,30.0,0.45,0.2,0.1,0.002,8.0
72,500,0.2995548181388131,0.5,0.1467446232822346,0.1680384653044447,0.125,0.0,square_vn__markov__plastic__intr1__struct0__alpha_async__repeated_lesion__s3__2aea8917f9,0.0890470486440244,0.0835301872084983,0.25,False,0.5442128856994024,0.003,0.016,markov,0.68,square_vn,50,100,0.9,0.273823330575455,0.3,1,0.42,0.08,280,0.2793634288687098,0.2,20,1.5149204269447154,3.744408327977888e-18,0.2,plastic,secondary,0.0381320779520028,False,alpha_async,50,250,390,3,-1,1.0,0.6,0.6,100,0.0361233353509925,0,0,35,1.0,2,0,0.55,0.0,0.75,35.0,repeated_lesion,30.0,0.45,0.2,0.1,0.002,8.0
72,500,0.3877214153451051,0.5,-0.0705932078595011,0.0,0.125,0.2771121867896073,square_vn__ql__plastic__intr0__struct1__synchronous__repeated_lesion__s3__72962ef59a,-0.0060866565539688,0.0001235363778796,0.25,False,0.7508790478610857,0.003,0.016,ql,0.68,square_vn,50,100,0.9,0.2985976979762955,0.3,0,0.42,0.08,280,0.3888890233753392,0.2,20,1.3928155030655576,2.294864892908429e-18,0.2,plastic,secondary,0.0060135972314408,False,synchronous,50,250,390,3,-1,1.0,0.6,0.6,100,0.0020664551285127,26399,1,35,0.75,2,26399,0.55,0.0,0.75,35.0,repeated_lesion,30.0,0.45,0.2,0.1,0.002,8.0
72,500,0.3835562699259728,0.5,-0.1829354495375097,0.12579470896631,0.125,0.2881919521082573,square_vn__ql__plastic__intr1__struct1__block_async__repeated_lesion__s3__d56379bc6c,-0.0012808757719732,-0.0064276369174652,0.25,False,0.7243296137701807,0.003,0.016,ql,0.68,square_vn,50,100,0.9,0.3322510732730871,0.3,1,0.42,0.08,280,0.3848917710639311,0.2,20,1.3940077480853148,1.827153838378585e-18,0.2,plastic,secondary,0.006514706449387,False,block_async,50,250,390,3,-1,1.0,0.6,0.6,100,0.0023969682554194,28284,1,35,0.75,2,28284,0.55,0.0,0.75,35.0,repeated_lesion,30.0,0.45,0.2,0.1,0.002,8.0
72,500,0.3934046192979729,0.5,-0.3737535675654344,0.0951842423325663,0.125,0.0,square_moore__markov__plastic__intr1__struct0__alpha_async__repeated_lesion__s3__316c4d3fee,0.0089149330078296,0.0090541700340195,0.25,False,0.5449184854770748,0.003,0.016,markov,0.68,square_moore,50,100,0.9,0.4811171606319321,0.3,1,0.42,0.08,280,0.386394969565432,0.2,20,1.552464378668865,2.750885404935555e-18,0.2,plastic,secondary,0.002821097345832,False,alpha_async,50,250,390,3,-1,1.0,0.6,0.6,100,0.0338491084676073,0,0,35,0.9983603395061728,2,0,0.55,0.0,0.75,35.0,repeated_lesion,30.0,0.45,0.2,0.1,0.002,8.0
72,500,0.4169311146597998,0.5,0.1542380772465182,0.0,0.125,0.2036928270480408,square_moore__ql__plastic__intr0__struct1__synchronous__repeated_lesion__s3__d169afae1a,0.0006333035209643,-0.0127267505993376,0.25,False,0.8213896148950072,0.003,0.016,ql,0.68,square_moore,50,100,0.9,0.2239947309106094,0.3,0,0.42,0.08,280,0.4192113060900501,0.2,20,1.1676733893669051,2.0516827857015804e-18,0.2,plastic,secondary,-0.0100099838037445,False,synchronous,50,250,390,3,-1,1.0,0.6,0.6,100,0.0037504037812674,35229,1,35,0.75,2,35229,0.55,0.0,0.75,35.0,repeated_lesion,30.0,0.45,0.2,0.1,0.002,8.0
72,500,0.3500357700499717,0.5,-0.3677662329573801,0.0681807648882326,0.125,0.2731872944533784,square_moore__ql__plastic__intr1__struct1__block_async__repeated_lesion__s3__78be8a88a8,0.0162176943694298,0.0067283968417211,0.25,False,0.5359470802895494,0.003,0.016,ql,0.68,square_moore,50,100,0.9,0.4634351788711142,0.3,1,0.42,0.08,280,0.3487291283968329,0.2,20,1.5198454413321827,3.709437554212849e-18,0.2,plastic,secondary,0.0139910931432501,False,block_async,50,250,390,3,-1,1.0,0.6,0.6,100,0.0281315330529712,27150,1,35,0.75,2,27150,0.55,0.0,0.75,35.0,repeated_lesion,30.0,0.45,0.2,0.1,0.002,8.0
72,500,0.4199518720994487,0.5,-0.3231788167872703,0.0832198377074629,0.125,0.0,hex_cells__markov__plastic__intr1__struct0__alpha_async__repeated_lesion__s3__131468e2ad,0.0167244961586355,0.024458170052414,0.25,False,0.609941903417765,0.003,0.016,markov,0.68,hex_cells,50,100,0.9,0.4453871544139586,0.3,1,0.42,0.08,280,0.4121522961322052,0.2,20,1.3172892689279674,2.303638360279333e-18,0.2,plastic,secondary,0.016034654481025,False,alpha_async,50,250,390,3,-1,1.0,0.6,0.6,100,0.0061908725045656,0,0,35,1.0,2,0,0.55,0.0,0.75,35.0,repeated_lesion,30.0,0.45,0.2,0.1,0.002,8.0
72,500,0.42190572288427,0.5,-0.0471288998651914,0.0,0.125,0.2143963634630998,hex_cells__ql__plastic__intr0__struct1__synchronous__repeated_lesion__s3__338f2827be,0.0075143800683288,0.0101419068884914,0.25,False,0.7804511456792779,0.003,0.016,ql,0.68,hex_cells,50,100,0.9,0.2863176867105971,0.3,0,0.42,0.08,280,0.4234768802146568,0.2,20,1.1095699529248233,2.1145959382860362e-18,0.2,plastic,secondary,0.019193114227322,False,synchronous,50,250,390,3,-1,1.0,0.6,0.6,100,0.0018913554387914,34662,1,35,0.6666666666666666,2,34662,0.55,0.0,0.75,35.0,repeated_lesion,30.0,0.45,0.2,0.1,0.002,8.0
72,500,0.4185644761175018,0.5,-0.2230137822513917,0.0738448742303186,0.125,0.2441449788896141,hex_cells__ql__plastic__intr1__struct1__block_async__repeated_lesion__s3__43a79a648f,0.0188206007952837,0.004837438636333,0.25,False,0.690476312462692,0.003,0.016,ql,0.68,hex_cells,50,100,0.9,0.3794544169553695,0.3,1,0.42,0.08,280,0.4204545652867277,0.2,20,1.070968203766644,2.6086984698407157e-18,0.2,plastic,secondary,0.0316151653526755,False,block_async,50,250,390,3,-1,1.0,0.6,0.6,100,0.0025220510717301,36192,1,35,0.6666666666666666,2,36192,0.55,0.0,0.75,35.0,repeated_lesion,30.0,0.45,0.2,0.1,0.002,8.0
72,500,0.2852797293831642,0.5,0.2012898832198676,0.1628614210961217,0.125,0.0,honeycomb__markov__plastic__intr1__struct0__alpha_async__repeated_lesion__s3__786f64d8e3,0.1162547663139423,0.0914611860325717,0.25,False,0.5136114443783422,0.003,0.016,markov,0.68,honeycomb,50,100,0.9,0.2617762234862309,0.3,1,0.42,0.08,280,0.2688901138798613,0.2,20,1.5580935915996506,1.6437193109718577e-18,0.2,plastic,secondary,0.0733153270570358,False,alpha_async,50,250,390,3,-1,1.0,0.6,0.6,100,0.0989988020321757,0,0,35,1.0,2,0,0.55,0.0,0.75,35.0,repeated_lesion,30.0,0.45,0.2,0.1,0.002,8.0
72,500,0.3481461298859735,0.5,0.005935987207936,0.0,0.125,0.3472893151765292,honeycomb__ql__plastic__intr0__struct1__synchronous__repeated_lesion__s3__4329639968,0.0021560758449193,0.0038276100297777,0.25,False,0.7230989135060024,0.003,0.016,ql,0.68,honeycomb,50,100,0.9,0.278233505603968,0.3,0,0.42,0.08,280,0.349699114069528,0.2,20,1.390961782289151,2.0072325523314184e-18,0.2,plastic,secondary,0.0021500773106209,False,synchronous,50,250,390,3,-1,1.0,0.6,0.6,100,0.001969868737753,21824,1,35,0.6666666666666666,2,21824,0.55,0.0,0.75,35.0,repeated_lesion,30.0,0.45,0.2,0.1,0.002,8.0
72,500,0.3320068731713194,0.5,-0.0067021361654934,0.1871793588012026,0.125,0.3753008174448966,honeycomb__ql__plastic__intr1__struct1__block_async__repeated_lesion__s3__7386c6bd43,-0.0102141414713394,0.0046359736387085,0.25,False,0.6949032076176536,0.003,0.016,ql,0.68,honeycomb,50,100,0.9,0.2783691375000821,0.3,1,0.42,0.08,280,0.3332241018635841,0.2,20,1.4167613580179428,1.661282458342257e-18,0.2,plastic,secondary,0.0106114703404461,False,block_async,50,250,390,3,-1,1.0,0.6,0.6,100,0.0018583129339188,22417,1,35,0.6666666666666666,2,22417,0.55,0.0,0.75,35.0,repeated_lesion,30.0,0.45,0.2,0.1,0.002,8.0
72,500,0.4467204344975578,0.5,-0.032974892003325,0.0668710476208911,0.125,0.0,extended_moore_r2__markov__plastic__intr1__struct0__alpha_async__repeated_lesion__s3__ad5606605d,-0.0596417007572931,-0.0498736006401224,0.25,False,0.8156388725386229,0.003,0.016,markov,0.68,extended_moore_r2,50,100,0.9,0.2654038210802288,0.3,1,0.42,0.08,280,0.4155573097814634,0.2,20,0.8548799176287561,3.493763426576419e-18,0.2,plastic,secondary,0.0081214717901445,False,alpha_async,50,250,390,3,-1,1.0,0.6,0.6,100,0.0098604992720075,0,0,35,0.9687339248971192,2,0,0.55,0.0,0.75,35.0,repeated_lesion,30.0,0.45,0.2,0.1,0.002,8.0
72,500,0.4082532314059652,0.5,0.3675431774091038,0.0,0.125,0.2087926206384927,extended_moore_r2__ql__plastic__intr0__struct1__synchronous__repeated_lesion__s3__870d7ff330,-0.0245994685044841,0.0032885025620088,0.25,False,0.8541561114115375,0.003,0.016,ql,0.68,extended_moore_r2,50,100,0.9,0.1663148199254009,0.3,0,0.42,0.08,280,0.4095893466101306,0.2,20,1.1195353046148349,3.448115173015447e-18,0.2,plastic,secondary,-0.0300096699981114,False,synchronous,50,250,390,3,-1,1.0,0.6,0.6,100,0.0103829447036225,40041,1,35,0.7498955118312757,2,39857,0.55,0.0,0.75,35.0,repeated_lesion,30.0,0.45,0.2,0.1,0.002,8.0
72,500,0.2870553481224566,0.5,-0.1998140785395248,0.1388644569685636,0.125,0.2765482526443623,extended_moore_r2__ql__plastic__intr1__struct1__block_async__repeated_lesion__s3__af66f5f327,0.0328288815704219,0.006484896725987,0.25,False,0.6060898389381898,0.003,0.016,ql,0.68,extended_moore_r2,50,100,0.9,0.3070780674237727,0.3,1,0.42,0.08,280,0.286404193425683,0.2,20,0.8388728252722961,3.490726306768567e-18,0.2,plastic,secondary,0.0303610733806571,False,block_async,50,250,390,3,-1,1.0,0.6,0.6,100,0.0292393957730723,39639,1,35,0.7380481610082305,2,35941,0.55,0.0,0.75,35.0,repeated_lesion,30.0,0.45,0.2,0.1,0.002,8.0
72,500,0.4070764658913933,0.5,-0.0528698845630565,0.0529528035272516,0.125,0.0,extended_hex_r2__markov__plastic__intr1__struct0__alpha_async__repeated_lesion__s3__7fa528989a,0.0281653553854674,0.0169519629929363,0.25,False,0.824928438531507,0.003,0.016,markov,0.68,extended_hex_r2,50,100,0.9,0.2461002206312069,0.3,1,0.42,0.08,280,0.4387605673208143,0.2,20,0.2771520477027846,2.5534099595520534e-18,0.2,plastic,secondary,-0.0257302240609655,False,alpha_async,50,250,390,3,-1,1.0,0.6,0.6,100,0.0029775827789578,0,0,35,0.9890903635116598,2,0,0.55,0.0,0.75,35.0,repeated_lesion,30.0,0.45,0.2,0.1,0.002,8.0
72,500,0.4058867201137975,0.5,0.3683489054167871,0.0,0.125,0.2187095637487794,extended_hex_r2__ql__plastic__intr0__struct1__synchronous__repeated_lesion__s3__eeffafbf91,-0.0041138366372691,-0.0021794553438488,0.25,False,0.8498245670174699,0.003,0.016,ql,0.68,extended_hex_r2,50,100,0.9,0.1681437379061129,0.3,0,0.42,0.08,280,0.4089284632366559,0.2,20,1.1438454304776278,3.314591044544969e-18,0.2,plastic,secondary,0.0702959252070904,False,synchronous,50,250,390,3,-1,1.0,0.6,0.6,100,0.0090293153694389,39119,1,35,0.7777777777777778,2,39113,0.55,0.0,0.75,35.0,repeated_lesion,30.0,0.45,0.2,0.1,0.002,8.0
72,500,0.334990809065568,0.5,-0.1641801130301008,0.1102742498240517,0.125,0.2465576306343716,extended_hex_r2__ql__plastic__intr1__struct1__block_async__repeated_lesion__s3__180d2de752,0.028347776127774,0.0052884525771523,0.25,False,0.6868151924627875,0.003,0.016,ql,0.68,extended_hex_r2,50,100,0.9,0.3041273825550293,0.3,1,0.42,0.08,280,0.3334824393848982,0.2,20,0.4235802930881046,2.5126621369312603e-18,0.2,plastic,secondary,0.0186624822205166,False,block_async,50,250,390,3,-1,1.0,0.6,0.6,100,0.0252537607964569,38443,1,35,0.775934499314129,2,37883,0.55,0.0,0.75,35.0,repeated_lesion,30.0,0.45,0.2,0.1,0.002,8.0
72,500,0.397687194802682,0.5,-0.2537847180394482,0.0810594055936364,0.125,0.0,honeycomb_nnn__markov__plastic__intr1__struct0__alpha_async__repeated_lesion__s3__2d30fe4fed,0.0101902991036415,0.0040875260792961,0.25,False,0.6555746074402882,0.003,0.016,markov,0.68,honeycomb_nnn,50,100,0.9,0.3924280461418087,0.3,1,0.42,0.08,280,0.3942958967414861,0.2,20,0.9441073188083696,3.134871480577396e-18,0.2,plastic,secondary,0.0076701732861322,False,alpha_async,50,250,390,3,-1,1.0,0.6,0.6,100,0.025876489861606,0,0,35,0.9989497599451304,2,0,0.55,0.0,0.75,35.0,repeated_lesion,30.0,0.45,0.2,0.1,0.002,8.0
72,500,0.4113824044271503,0.5,0.3120054984968501,0.0,0.125,0.2076808397852167,honeycomb_nnn__ql__plastic__intr0__struct1__synchronous__repeated_lesion__s3__4246d6c01d,0.0052056144459844,0.0268283498754957,0.25,False,0.8373547573149288,0.003,0.016,ql,0.68,honeycomb_nnn,50,100,0.9,0.1884835248238738,0.3,0,0.42,0.08,280,0.4128823450779178,0.2,20,1.198415091222515,2.5920801382750913e-18,0.2,plastic,secondary,-0.0467263863167146,False,synchronous,50,250,390,3,-1,1.0,0.6,0.6,100,0.0047622875269106,33962,1,35,0.7777777777777778,2,33962,0.55,0.0,0.75,35.0,repeated_lesion,30.0,0.45,0.2,0.1,0.002,8.0
72,500,0.3684422619956933,0.5,-0.2373106010458419,0.0854169295413105,0.125,0.2546520587453402,honeycomb_nnn__ql__plastic__intr1__struct1__block_async__repeated_lesion__s3__d1fb05760d,0.0095733408272465,0.0076451202716417,0.25,False,0.6177621065177634,0.003,0.016,ql,0.68,honeycomb_nnn,50,100,0.9,0.3946306157988203,0.3,1,0.42,0.08,280,0.3683827751070708,0.2,20,0.9318462707519792,2.0455064625736437e-18,0.2,plastic,secondary,0.0151596970908067,False,block_async,50,250,390,3,-1,1.0,0.6,0.6,100,0.0133149577736664,33168,1,35,0.7777777777777778,2,33168,0.55,0.0,0.75,35.0,repeated_lesion,30.0,0.45,0.2,0.1,0.002,8.0
