L,T,activity_late,alpha_async,autocorr_late,bias_mean_late,block_fraction,coherence_late,config_id,corr_A_late,corr_B_late,dephase,diagonal_ablation,entropy_late,eta_intrinsic,eta_weight,formalism,gamma,geometry,imprint_duration,imprint_start,imprint_strength,interface_density_late,intrinsic_bias_limit,intrinsic_enabled,intrinsic_target_activity,lesion_fraction,lesion_time,memory_mean_late,memory_strength,metric_stride,neighbor_pattern_entropy_late,orientation_anisotropy_late,p0,plasticity,profile,repair_reference_corr,save_dense,schedule,second_imprint_duration,second_imprint_start,second_lesion_time,seed,sensitivity_point,sequential_events_per_sweep,sigma_birth,sigma_survive,snapshot_every,spectral_peak_fraction_late,structural_additions_total,structural_enabled,structural_interval,structural_link_fraction_late,structural_min_degree,structural_removals_total,structural_rewire_probability,structural_swap_tolerance,structural_target_fraction,structural_utility_tau,task,tau_memory,theta_input,theta_memory,theta_phase,weight_decay,weight_sum
52,260,0.0834048498402865,0.5,0.5765673846298407,0.0,0.125,0.0,square_vn__markov__plastic__intr0__struct0__alpha_async__lesion__s1__fadb9c8b46,0.3994292558719376,0.393436700606483,0.25,False,0.1554469377832875,0.002,0.006,markov,0.58,square_vn,40,80,0.9,0.0705794005268466,0.3,0,0.42,0.08,160,0.088021120249693,0.2,20,0.7984451291677853,6.6661874719399664e-18,0.2,plastic,sensitivity,0.3918354289761799,False,alpha_async,40,150,210,1,-1,1.0,0.6,0.6,80,0.0867326213265656,0,0,40,1.0,2,0,0.25,0.01,0.75,50.0,lesion,30.0,0.45,0.2,0.1,0.002,8.0
52,260,0.2899788520540518,0.5,0.2076189741956286,0.0,0.125,0.3951170100996851,square_vn__ql__plastic__intr0__struct0__alpha_async__lesion__s2__d8aeafe228,0.1094050206673742,0.1180084814200512,0.25,False,0.6376793851303422,0.002,0.006,ql,0.62,square_vn,40,80,0.9,0.2137501169352703,0.3,0,0.42,0.08,160,0.2488240522903671,0.4,20,1.4719279524743571,3.4821820409800985e-18,0.2,plastic,sensitivity,0.0854703307294392,False,alpha_async,40,150,210,2,-1,1.0,0.6,0.6,80,0.0509397669851769,0,0,40,1.0,2,0,0.25,0.01,0.75,50.0,lesion,30.0,0.45,0.2,0.1,0.002,8.0
52,260,0.3952773458235397,0.5,-0.2676969557965522,0.0,0.125,0.3282338797504838,square_moore__ql__plastic__intr0__struct0__alpha_async__lesion__s2__4fbdc48158,0.018778623902038,0.0071479849326023,0.25,False,0.6123812296066004,0.002,0.006,ql,0.58,square_moore,40,80,0.9,0.4166807518549073,0.3,0,0.42,0.08,160,0.3347777752803342,0.3,20,1.4767078875276127,4.323314475051449e-18,0.2,plastic,sensitivity,0.0111974529469577,False,alpha_async,40,150,210,2,-1,1.0,0.6,0.6,80,0.0656529628828999,0,0,40,1.0,2,0,0.25,0.01,0.75,50.0,lesion,30.0,0.45,0.2,0.1,0.002,8.0
52,260,0.4402383103789045,0.5,-0.3684186597476739,0.0,0.125,0.2874428605056615,hex_cells__ql__plastic__intr0__struct0__alpha_async__lesion__s1__a2c1da83a1,0.0033627681989124,-0.0066207944706477,0.25,False,0.5861046744514157,0.002,0.006,ql,0.68,hex_cells,40,80,0.9,0.4880394551253273,0.3,0,0.42,0.08,160,0.3779013586535579,0.2,20,1.2977119867887092,2.5493500389443506e-18,0.2,plastic,sensitivity,-0.0040691883914358,False,alpha_async,40,150,210,1,-1,1.0,0.6,0.6,80,0.016129387611066,0,0,40,1.0,2,0,0.25,0.01,0.75,50.0,lesion,30.0,0.45,0.2,0.1,0.002,8.0
52,260,0.2812834891568729,0.5,0.2108641968525676,0.0,0.125,0.4049937738517529,honeycomb__ql__plastic__intr0__struct0__alpha_async__lesion__s1__1dddb5424c,0.1335733450186053,0.1203404481621212,0.25,False,0.627053025389043,0.002,0.006,ql,0.58,honeycomb,40,80,0.9,0.2078513470929164,0.3,0,0.42,0.08,160,0.2458087557380839,0.4,20,1.4785619348818422,1.6237780130956699e-18,0.2,plastic,sensitivity,0.1026209173120895,False,alpha_async,40,150,210,1,-1,1.0,0.6,0.6,80,0.1160426795662357,0,0,40,1.0,2,0,0.25,0.01,0.75,50.0,lesion,30.0,0.45,0.2,0.1,0.002,8.0
52,260,0.4355240083564828,0.5,0.1592220433356012,0.0,0.125,0.0,extended_moore_r2__markov__plastic__intr0__struct0__alpha_async__lesion__s2__ab41685adb,0.0299467654975008,0.0408935490516372,0.25,False,0.7762459877767487,0.002,0.006,markov,0.68,extended_moore_r2,40,80,0.9,0.2406246539306115,0.3,0,0.42,0.08,160,0.3345224505739608,0.3,20,0.8874360016267779,4.602547446786103e-18,0.2,plastic,sensitivity,-0.0045513409982156,False,alpha_async,40,150,210,2,-1,1.0,0.6,0.6,80,0.0241915488313409,0,0,40,1.0,2,0,0.25,0.01,0.75,50.0,lesion,30.0,0.45,0.2,0.1,0.002,8.0
52,260,0.454220019431827,0.5,0.0460328605171373,0.0,0.125,0.0,extended_hex_r2__markov__plastic__intr0__struct0__alpha_async__lesion__s2__1791f596ad,0.0152581015299275,0.0321684502102476,0.25,False,0.8638282817898055,0.002,0.006,markov,0.62,extended_hex_r2,40,80,0.9,0.2130113156374289,0.3,0,0.42,0.08,160,0.3582251704902773,0.2,20,0.7731912810672359,3.595143053800551e-18,0.2,plastic,sensitivity,0.0009145309267683,False,alpha_async,40,150,210,2,-1,1.0,0.6,0.6,80,0.0117267224904615,0,0,40,1.0,2,0,0.25,0.01,0.75,50.0,lesion,30.0,0.45,0.2,0.1,0.002,8.0
52,260,0.3705966531710516,0.5,-0.0937873993121884,0.0,0.125,0.0,honeycomb_nnn__markov__plastic__intr0__struct0__alpha_async__lesion__s1__233d860296,0.0373738580366062,0.0376160458547848,0.25,False,0.4049393889611191,0.002,0.006,markov,0.68,honeycomb_nnn,40,80,0.9,0.4317490138125653,0.3,0,0.42,0.08,160,0.2958528616350738,0.4,20,1.4443274459319415,4.8950873771790165e-18,0.2,plastic,sensitivity,0.0086779961216822,False,alpha_async,40,150,210,1,-1,1.0,0.6,0.6,80,0.0495881806278982,0,0,40,1.0,2,0,0.25,0.01,0.75,50.0,lesion,30.0,0.45,0.2,0.1,0.002,8.0
52,260,0.0815050978095529,0.5,0.577631020619321,0.0,0.125,0.0,square_vn__markov__plastic__intr0__struct0__alpha_async__lesion__s1__af33cb8b68,0.3945668913601274,0.4099479541327842,0.25,False,0.1512224245640694,0.002,0.01,markov,0.58,square_vn,40,80,0.9,0.0692886661203665,0.3,0,0.42,0.08,160,0.0867986921268329,0.2,20,0.7821841319603915,6.5027861323619456e-18,0.2,plastic,sensitivity,0.3524890213875334,False,alpha_async,40,150,210,1,-1,1.0,0.6,0.6,80,0.091010029347116,0,0,40,1.0,2,0,0.25,0.01,0.75,50.0,lesion,30.0,0.45,0.2,0.1,0.002,8.0
52,260,0.2932147603534636,0.5,0.2022771739861749,0.0,0.125,0.3927114412572897,square_vn__ql__plastic__intr0__struct0__alpha_async__lesion__s2__7bdb3f187d,0.1248868239266287,0.0959152736274792,0.25,False,0.6425344658139492,0.002,0.01,ql,0.62,square_vn,40,80,0.9,0.2162073225000245,0.3,0,0.42,0.08,160,0.2510280700628993,0.4,20,1.4642138285132942,2.8386116443013097e-18,0.2,plastic,sensitivity,0.0883459532145429,False,alpha_async,40,150,210,2,-1,1.0,0.6,0.6,80,0.0545413023697434,0,0,40,1.0,2,0,0.25,0.01,0.75,50.0,lesion,30.0,0.45,0.2,0.1,0.002,8.0
52,260,0.3984709351679396,0.5,-0.2944255163529607,0.0,0.125,0.3233364928161735,square_moore__ql__plastic__intr0__struct0__alpha_async__lesion__s2__03d91d9457,0.012195662597788,0.0137140997320029,0.25,False,0.5887460722722307,0.002,0.01,ql,0.58,square_moore,40,80,0.9,0.4357871930616162,0.3,0,0.42,0.08,160,0.3364239561240186,0.3,20,1.4959887819083828,3.602012751493048e-18,0.2,plastic,sensitivity,-0.0053064067922555,False,alpha_async,40,150,210,2,-1,1.0,0.6,0.6,80,0.0635063756134664,0,0,40,1.0,2,0,0.25,0.01,0.75,50.0,lesion,30.0,0.45,0.2,0.1,0.002,8.0
52,260,0.4342971055591282,0.5,-0.366372068035317,0.0,0.125,0.2826144740072422,hex_cells__ql__plastic__intr0__struct0__alpha_async__lesion__s1__9a843a580d,0.0049839626510308,-0.0042150252862968,0.25,False,0.5908723542165107,0.002,0.01,ql,0.68,hex_cells,40,80,0.9,0.4817005218653929,0.3,0,0.42,0.08,160,0.3747852646213536,0.2,20,1.307308403155646,3.2578978893917706e-18,0.2,plastic,sensitivity,0.0129730637953057,False,alpha_async,40,150,210,1,-1,1.0,0.6,0.6,80,0.0323750314875737,0,0,40,1.0,2,0,0.25,0.01,0.75,50.0,lesion,30.0,0.45,0.2,0.1,0.002,8.0
52,260,0.28421329653646,0.5,0.2057664016345122,0.0,0.125,0.4025419890861209,honeycomb__ql__plastic__intr0__struct0__alpha_async__lesion__s1__46f1601b7e,0.139225852044707,0.1090716833741674,0.25,False,0.6303113070103517,0.002,0.01,ql,0.58,honeycomb,40,80,0.9,0.2116603747647497,0.3,0,0.42,0.08,160,0.2512683853269779,0.4,20,1.4922979906275688,2.9725561588165167e-18,0.2,plastic,sensitivity,0.1102555089983934,False,alpha_async,40,150,210,1,-1,1.0,0.6,0.6,80,0.1142395365702343,0,0,40,1.0,2,0,0.25,0.01,0.75,50.0,lesion,30.0,0.45,0.2,0.1,0.002,8.0
52,260,0.4322172092590571,0.5,0.1709853243825504,0.0,0.125,0.0,extended_moore_r2__markov__plastic__intr0__struct0__alpha_async__lesion__s2__0c9ba7fbeb,0.0311407246078689,0.0421260151707292,0.25,False,0.7736876134318637,0.002,0.01,markov,0.68,extended_moore_r2,40,80,0.9,0.2383014457533592,0.3,0,0.42,0.08,160,0.3315089679398774,0.3,20,0.9021657140506264,4.425059907125487e-18,0.2,plastic,sensitivity,0.0055817414171655,False,alpha_async,40,150,210,2,-1,1.0,0.6,0.6,80,0.0257428922237647,0,0,40,1.0,2,0,0.25,0.01,0.75,50.0,lesion,30.0,0.45,0.2,0.1,0.002,8.0
52,260,0.4524162471193247,0.5,0.0577418477731639,0.0,0.125,0.0,extended_hex_r2__markov__plastic__intr0__struct0__alpha_async__lesion__s2__c82f161d1b,0.0155265805811862,0.0330455211560027,0.25,False,0.861176025745312,0.002,0.01,markov,0.62,extended_hex_r2,40,80,0.9,0.2119875463347613,0.3,0,0.42,0.08,160,0.3554868033684653,0.2,20,0.7836032769241598,3.897815966966803e-18,0.2,plastic,sensitivity,0.0063380263319064,False,alpha_async,40,150,210,2,-1,1.0,0.6,0.6,80,0.0129075127796581,0,0,40,1.0,2,0,0.25,0.01,0.75,50.0,lesion,30.0,0.45,0.2,0.1,0.002,8.0
52,260,0.3611889851822074,0.5,-0.0589278318755596,0.0,0.125,0.0,honeycomb_nnn__markov__plastic__intr0__struct0__alpha_async__lesion__s1__f9da3594d0,0.0484159453660714,0.0445739934430206,0.25,False,0.4423784290969467,0.002,0.01,markov,0.68,honeycomb_nnn,40,80,0.9,0.4051363634901235,0.3,0,0.42,0.08,160,0.2881817445858611,0.4,20,1.4412349745182855,4.3959290346583014e-18,0.2,plastic,sensitivity,0.0163065827311997,False,alpha_async,40,150,210,1,-1,1.0,0.6,0.6,80,0.0359414685244865,0,0,40,1.0,2,0,0.25,0.01,0.75,50.0,lesion,30.0,0.45,0.2,0.1,0.002,8.0
52,260,0.078822044463294,0.5,0.5650341303520471,0.0,0.125,0.0,square_vn__markov__plastic__intr0__struct0__alpha_async__lesion__s1__8875de68ed,0.4003085468306486,0.4123308571571704,0.25,False,0.1459788794419366,0.002,0.016,markov,0.58,square_vn,40,80,0.9,0.0687869511285058,0.3,0,0.42,0.08,160,0.0846875611114911,0.2,20,0.7668992363664614,6.280234168971563e-18,0.2,plastic,sensitivity,0.3916527524118158,False,alpha_async,40,150,210,1,-1,1.0,0.6,0.6,80,0.0828982684671643,0,0,40,1.0,2,0,0.25,0.01,0.75,50.0,lesion,30.0,0.45,0.2,0.1,0.002,8.0
52,260,0.2863485017691431,0.5,0.2010325598833105,0.0,0.125,0.4010802871751295,square_vn__ql__plastic__intr0__struct0__alpha_async__lesion__s2__b684435ac1,0.1076731902817128,0.1099924387637797,0.25,False,0.6323513647544229,0.002,0.016,ql,0.62,square_vn,40,80,0.9,0.2133352446874082,0.3,0,0.42,0.08,160,0.2447319815471422,0.4,20,1.454535209560543,3.302400481521207e-18,0.2,plastic,sensitivity,0.0633116286810642,False,alpha_async,40,150,210,2,-1,1.0,0.6,0.6,80,0.0468237693781726,0,0,40,1.0,2,0,0.25,0.01,0.75,50.0,lesion,30.0,0.45,0.2,0.1,0.002,8.0
52,260,0.3955227634880779,0.5,-0.3128472397536355,0.0,0.125,0.3182262600135824,square_moore__ql__plastic__intr0__struct0__alpha_async__lesion__s2__b3c4fe365d,0.0134882805593926,0.0163043244883857,0.25,False,0.5750997274525044,0.002,0.016,ql,0.58,square_moore,40,80,0.9,0.4469682856757458,0.3,0,0.42,0.08,160,0.3339242995691123,0.3,20,1.536810604461696,4.4905921935261775e-18,0.2,plastic,sensitivity,0.0082818572533187,False,alpha_async,40,150,210,2,-1,1.0,0.6,0.6,80,0.0757929170683829,0,0,40,1.0,2,0,0.25,0.01,0.75,50.0,lesion,30.0,0.45,0.2,0.1,0.002,8.0
52,260,0.4294481261956848,0.5,-0.3424238380507598,0.0,0.125,0.281249669753251,hex_cells__ql__plastic__intr0__struct0__alpha_async__lesion__s1__31b131786b,-4.500011161661111e-05,-0.0025156316814224,0.25,False,0.6070541162506937,0.002,0.016,ql,0.68,hex_cells,40,80,0.9,0.4625068816570508,0.3,0,0.42,0.08,160,0.3698398380817906,0.2,20,1.2976806432459158,2.826426008002486e-18,0.2,plastic,sensitivity,0.0067724096479231,False,alpha_async,40,150,210,1,-1,1.0,0.6,0.6,80,0.0210656713434447,0,0,40,1.0,2,0,0.25,0.01,0.75,50.0,lesion,30.0,0.45,0.2,0.1,0.002,8.0
52,260,0.2738897815128594,0.5,0.2326165741022988,0.0,0.125,0.4096625619532029,honeycomb__ql__plastic__intr0__struct0__alpha_async__lesion__s1__63ae70cf74,0.1527900834630932,0.1320515904190874,0.25,False,0.6231453208390677,0.002,0.016,ql,0.58,honeycomb,40,80,0.9,0.1996070649674723,0.3,0,0.42,0.08,160,0.2426644369595159,0.4,20,1.4506753217142254,3.7451819749927675e-18,0.2,plastic,sensitivity,0.1231550094394631,False,alpha_async,40,150,210,1,-1,1.0,0.6,0.6,80,0.1271336787191547,0,0,40,1.0,2,0,0.25,0.01,0.75,50.0,lesion,30.0,0.45,0.2,0.1,0.002,8.0
52,260,0.4258203007369053,0.5,0.1856172676330829,0.0,0.125,0.0,extended_moore_r2__markov__plastic__intr0__struct0__alpha_async__lesion__s2__a68e6f1f0d,0.026953364352938,0.046943461963617,0.25,False,0.7673022364045138,0.002,0.016,markov,0.68,extended_moore_r2,40,80,0.9,0.2366095747977229,0.3,0,0.42,0.08,160,0.3261445110365694,0.3,20,0.9291209160177312,4.159620606387701e-18,0.2,plastic,sensitivity,0.0190212136660527,False,alpha_async,40,150,210,2,-1,1.0,0.6,0.6,80,0.0282211122827007,0,0,40,0.9954080374753452,2,0,0.25,0.01,0.75,50.0,lesion,30.0,0.45,0.2,0.1,0.002,8.0
52,260,0.4309303142982341,0.5,0.1051225838968964,0.0,0.125,0.0,extended_hex_r2__markov__plastic__intr0__struct0__alpha_async__lesion__s2__728909d5e0,0.0206064802138277,0.0162264188315898,0.25,False,0.8669069201953499,0.002,0.016,markov,0.62,extended_hex_r2,40,80,0.9,0.1964014634107525,0.3,0,0.42,0.08,160,0.3506914983877648,0.2,20,0.7633126183626379,3.9443500892076315e-18,0.2,plastic,sensitivity,-0.0265414327100283,False,alpha_async,40,150,210,2,-1,1.0,0.6,0.6,80,0.020969928393988,0,0,40,0.9995890861275476,2,0,0.25,0.01,0.75,50.0,lesion,30.0,0.45,0.2,0.1,0.002,8.0
52,260,0.3426143154575957,0.5,0.0065383765485467,0.0,0.125,0.0,honeycomb_nnn__markov__plastic__intr0__struct0__alpha_async__lesion__s1__b28aaef4a5,0.0578646035020411,0.066110410058284,0.25,False,0.4617020182009326,0.002,0.016,markov,0.68,honeycomb_nnn,40,80,0.9,0.3692769529358667,0.3,0,0.42,0.08,160,0.2750457274372987,0.4,20,1.4378389299636567,3.980096945320447e-18,0.2,plastic,sensitivity,0.0162716776284799,False,alpha_async,40,150,210,1,-1,1.0,0.6,0.6,80,0.0388899092387959,0,0,40,0.9999589086127548,2,0,0.25,0.01,0.75,50.0,lesion,30.0,0.45,0.2,0.1,0.002,8.0
52,260,0.0880567802867706,0.5,0.5476504384119456,0.0,0.125,0.0,square_vn__markov__plastic__intr0__struct0__alpha_async__lesion__s1__22ecfb608c,0.3691375312170471,0.3747692957875277,0.25,False,0.1614729967459414,0.002,0.006,markov,0.58,square_vn,40,80,0.9,0.0782245577195261,0.3,0,0.42,0.08,160,0.0911720856380176,0.3,20,0.8210088095335694,4.533208297062658e-18,0.2,plastic,sensitivity,0.3514903794800579,False,alpha_async,40,150,210,1,-1,1.0,0.6,0.6,80,0.0873356558313216,0,0,40,1.0,2,0,0.25,0.01,0.75,50.0,lesion,30.0,0.45,0.2,0.1,0.002,8.0
52,260,0.339767719797487,0.5,0.0385790881458709,0.0,0.125,0.3505915953288318,square_vn__ql__plastic__intr0__struct0__alpha_async__lesion__s2__1a28f5e664,0.0725428922914759,0.0663221773065726,0.25,False,0.6747529270430417,0.002,0.006,ql,0.68,square_vn,40,80,0.9,0.2762691918800437,0.3,0,0.42,0.08,160,0.2847327991977773,0.2,20,1.4787077586215485,3.8875409390947045e-18,0.2,plastic,sensitivity,0.0335803983453989,False,alpha_async,40,150,210,2,-1,1.0,0.6,0.6,80,0.0260631399492307,0,0,40,1.0,2,0,0.25,0.01,0.75,50.0,lesion,30.0,0.45,0.2,0.1,0.002,8.0
52,260,0.391506907765722,0.5,-0.2594528488027693,0.0,0.125,0.3309513341248173,square_moore__ql__plastic__intr0__struct0__alpha_async__lesion__s2__c79417e14c,0.0321509656311191,0.0273061192800241,0.25,False,0.6082299453333173,0.002,0.006,ql,0.58,square_moore,40,80,0.9,0.4137570890943853,0.3,0,0.42,0.08,160,0.3313260680151727,0.4,20,1.4827688086122743,4.829536100760486e-18,0.2,plastic,sensitivity,0.0112965367835326,False,alpha_async,40,150,210,2,-1,1.0,0.6,0.6,80,0.0853201045281903,0,0,40,1.0,2,0,0.25,0.01,0.75,50.0,lesion,30.0,0.45,0.2,0.1,0.002,8.0
52,260,0.4376155541320586,0.5,-0.3679794543301837,0.0,0.125,0.2845560393457153,hex_cells__ql__plastic__intr0__struct0__alpha_async__lesion__s1__2868540e9c,0.004502997717682,-0.0040068870643197,0.25,False,0.583897862467517,0.002,0.006,ql,0.68,hex_cells,40,80,0.9,0.4888961780922775,0.3,0,0.42,0.08,160,0.3753375184030007,0.3,20,1.3292996864177822,2.680952137747771e-18,0.2,plastic,sensitivity,0.0057759045686769,False,alpha_async,40,150,210,1,-1,1.0,0.6,0.6,80,0.0256385789262737,0,0,40,1.0,2,0,0.25,0.01,0.75,50.0,lesion,30.0,0.45,0.2,0.1,0.002,8.0
52,260,0.3006461032544817,0.5,0.1539315956021356,0.0,0.125,0.3810326992378696,honeycomb__ql__plastic__intr0__struct0__alpha_async__lesion__s1__7e240b1fa6,0.1111856601747319,0.0953685835299985,0.25,False,0.6454305929890203,0.002,0.006,ql,0.62,honeycomb,40,80,0.9,0.2312981907527699,0.3,0,0.42,0.08,160,0.2642700358795943,0.2,20,1.5176996421915383,1.3622045783109929e-18,0.2,plastic,sensitivity,0.0926918882715122,False,alpha_async,40,150,210,1,-1,1.0,0.6,0.6,80,0.0910728302162091,0,0,40,1.0,2,0,0.25,0.01,0.75,50.0,lesion,30.0,0.45,0.2,0.1,0.002,8.0
52,260,0.4317843275853004,0.5,0.172850861597981,0.0,0.125,0.0,extended_moore_r2__markov__plastic__intr0__struct0__alpha_async__lesion__s2__b873e0deb1,0.0333367356817924,0.0438749421215871,0.25,False,0.7709536134610723,0.002,0.006,markov,0.68,extended_moore_r2,40,80,0.9,0.2390519958208444,0.3,0,0.42,0.08,160,0.3313439642680258,0.4,20,0.9037663387330735,4.6346159333350765e-18,0.2,plastic,sensitivity,-0.0043864289770325,False,alpha_async,40,150,210,2,-1,1.0,0.6,0.6,80,0.0266931039375602,0,0,40,1.0,2,0,0.25,0.01,0.75,50.0,lesion,30.0,0.45,0.2,0.1,0.002,8.0
52,260,0.4515634275296256,0.5,0.0616342190519375,0.0,0.125,0.0,extended_hex_r2__markov__plastic__intr0__struct0__alpha_async__lesion__s2__48eaaa2f6f,0.0186077913578466,0.0345246017225453,0.25,False,0.8583958937164341,0.002,0.006,markov,0.62,extended_hex_r2,40,80,0.9,0.2134276518013287,0.3,0,0.42,0.08,160,0.3552333489795312,0.3,20,0.7907638878846622,3.43988337781858e-18,0.2,plastic,sensitivity,0.0014282428423477,False,alpha_async,40,150,210,2,-1,1.0,0.6,0.6,80,0.0137408264847761,0,0,40,1.0,2,0,0.25,0.01,0.75,50.0,lesion,30.0,0.45,0.2,0.1,0.002,8.0
52,260,0.3576393790428847,0.5,-0.0423547836749839,0.0,0.125,0.0,honeycomb_nnn__markov__plastic__intr0__struct0__alpha_async__lesion__s2__187972ca95,0.0493846877686116,0.0526385335758468,0.25,False,0.4068106017614492,0.002,0.006,markov,0.58,honeycomb_nnn,40,80,0.9,0.4085826612980263,0.3,0,0.42,0.08,160,0.2848970639445358,0.2,20,1.4694299599339296,4.057489548900875e-18,0.2,plastic,sensitivity,0.0149594480218205,False,alpha_async,40,150,210,2,-1,1.0,0.6,0.6,80,0.0542337464016337,0,0,40,1.0,2,0,0.25,0.01,0.75,50.0,lesion,30.0,0.45,0.2,0.1,0.002,8.0
52,260,0.0798925629981958,0.5,0.5721559385686893,0.0,0.125,0.0,square_vn__markov__plastic__intr0__struct0__alpha_async__lesion__s1__b4e93e2113,0.4032221205600549,0.415500992565208,0.25,False,0.1464209671611574,0.002,0.01,markov,0.58,square_vn,40,80,0.9,0.0690247214394832,0.3,0,0.42,0.08,160,0.0849778715517076,0.3,20,0.7775167229247287,6.738201866629761e-18,0.2,plastic,sensitivity,0.3913152154162228,False,alpha_async,40,150,210,1,-1,1.0,0.6,0.6,80,0.0844172297643157,0,0,40,1.0,2,0,0.25,0.01,0.75,50.0,lesion,30.0,0.45,0.2,0.1,0.002,8.0
52,260,0.3333311903565253,0.5,0.0581606567354286,0.0,0.125,0.3614648923170392,square_vn__ql__plastic__intr0__struct0__alpha_async__lesion__s2__442ffe4dfc,0.0631437734879773,0.0732340128446734,0.25,False,0.66548202937729,0.002,0.01,ql,0.68,square_vn,40,80,0.9,0.2709543254422304,0.3,0,0.42,0.08,160,0.2766250733430485,0.2,20,1.5024817807290327,3.139104111284591e-18,0.2,plastic,sensitivity,0.0282659132372779,False,alpha_async,40,150,210,2,-1,1.0,0.6,0.6,80,0.032141497504304,0,0,40,1.0,2,0,0.25,0.01,0.75,50.0,lesion,30.0,0.45,0.2,0.1,0.002,8.0
52,260,0.3934697828476323,0.5,-0.28154124830078,0.0,0.125,0.3283098301383931,square_moore__ql__plastic__intr0__struct0__alpha_async__lesion__s2__6dead0b25d,0.0094962196393841,0.0087644215029445,0.25,False,0.5769223114748954,0.002,0.01,ql,0.58,square_moore,40,80,0.9,0.4337179486104383,0.3,0,0.42,0.08,160,0.3309733276241926,0.4,20,1.5091940158020376,3.824975250940367e-18,0.2,plastic,sensitivity,-0.0070729927447814,False,alpha_async,40,150,210,2,-1,1.0,0.6,0.6,80,0.0786004911528426,0,0,40,1.0,2,0,0.25,0.01,0.75,50.0,lesion,30.0,0.45,0.2,0.1,0.002,8.0
52,260,0.4311361927897621,0.5,-0.3575210309918746,0.0,0.125,0.2861713668610454,hex_cells__ql__plastic__intr0__struct0__alpha_async__lesion__s1__23d6f79d37,0.0053038414238908,-0.0051301494155698,0.25,False,0.6025321983686404,0.002,0.01,ql,0.68,hex_cells,40,80,0.9,0.4708709851289769,0.3,0,0.42,0.08,160,0.3717018384741642,0.3,20,1.3059819978848228,2.7074148163291098e-18,0.2,plastic,sensitivity,0.0001736145799386,False,alpha_async,40,150,210,1,-1,1.0,0.6,0.6,80,0.022115115027048,0,0,40,1.0,2,0,0.25,0.01,0.75,50.0,lesion,30.0,0.45,0.2,0.1,0.002,8.0
52,260,0.2873305484431498,0.5,0.1932500748283359,0.0,0.125,0.3944673526477031,honeycomb__ql__plastic__intr0__struct0__alpha_async__lesion__s1__85bfae5b87,0.1025572747748098,0.1117398522773443,0.25,False,0.6313529220833495,0.002,0.01,ql,0.62,honeycomb,40,80,0.9,0.2184698942166707,0.3,0,0.42,0.08,160,0.2540188822924329,0.2,20,1.4890880743740729,2.7721045254124883e-18,0.2,plastic,sensitivity,0.081842686491098,False,alpha_async,40,150,210,1,-1,1.0,0.6,0.6,80,0.1008691441770571,0,0,40,1.0,2,0,0.25,0.01,0.75,50.0,lesion,30.0,0.45,0.2,0.1,0.002,8.0
52,260,0.4267001656831117,0.5,0.1901522951687398,0.0,0.125,0.0,extended_moore_r2__markov__plastic__intr0__struct0__alpha_async__lesion__s2__fe4a2d3092,0.0357852731077594,0.0465862471482266,0.25,False,0.7655338108307541,0.002,0.01,markov,0.68,extended_moore_r2,40,80,0.9,0.2361233181571073,0.3,0,0.42,0.08,160,0.326935999099149,0.4,20,0.92188593057373,4.43625015320796e-18,0.2,plastic,sensitivity,0.0055945508655163,False,alpha_async,40,150,210,2,-1,1.0,0.6,0.6,80,0.0296619977664725,0,0,40,1.0,2,0,0.25,0.01,0.75,50.0,lesion,30.0,0.45,0.2,0.1,0.002,8.0
52,260,0.4491640376506138,0.5,0.0753426309057156,0.0,0.125,0.0,extended_hex_r2__markov__plastic__intr0__struct0__alpha_async__lesion__s2__4384c0161a,0.0196118251854363,0.0361590885582922,0.25,False,0.8562499394300574,0.002,0.01,markov,0.62,extended_hex_r2,40,80,0.9,0.2121284264129854,0.3,0,0.42,0.08,160,0.3526918127664772,0.3,20,0.7997410409600625,3.514697189219153e-18,0.2,plastic,sensitivity,0.0069789977022755,False,alpha_async,40,150,210,2,-1,1.0,0.6,0.6,80,0.0156984742378702,0,0,40,1.0,2,0,0.25,0.01,0.75,50.0,lesion,30.0,0.45,0.2,0.1,0.002,8.0
52,260,0.3275610958565213,0.5,0.0390415775864101,0.0,0.125,0.0,honeycomb_nnn__markov__plastic__intr0__struct0__alpha_async__lesion__s2__a4b6ae20f5,0.067334793207448,0.0766335686041075,0.25,False,0.410603945883518,0.002,0.01,markov,0.58,honeycomb_nnn,40,80,0.9,0.3641138315083821,0.3,0,0.42,0.08,160,0.2632116857238481,0.2,20,1.4952267595777222,3.1905376723956333e-18,0.2,plastic,sensitivity,0.03270122505296,False,alpha_async,40,150,210,2,-1,1.0,0.6,0.6,80,0.0422274355840397,0,0,40,1.0,2,0,0.25,0.01,0.75,50.0,lesion,30.0,0.45,0.2,0.1,0.002,8.0
52,260,0.083165258311758,0.5,0.5758092187627617,0.0,0.125,0.0,square_vn__markov__plastic__intr0__struct0__alpha_async__lesion__s1__cf1e99a4e7,0.3938365832283517,0.3845315034353089,0.25,False,0.1539292127490079,0.002,0.016,markov,0.58,square_vn,40,80,0.9,0.0708616675684101,0.3,0,0.42,0.08,160,0.0881704212139528,0.3,20,0.7962077335073738,8.463964089078666e-18,0.2,plastic,sensitivity,0.375790508832057,False,alpha_async,40,150,210,1,-1,1.0,0.6,0.6,80,0.0845662972747402,0,0,40,1.0,2,0,0.25,0.01,0.75,50.0,lesion,30.0,0.45,0.2,0.1,0.002,8.0
52,260,0.3297320288662832,0.5,0.0636601481554557,0.0,0.125,0.3610619507448846,square_vn__ql__plastic__intr0__struct0__alpha_async__lesion__s2__54cc731ef6,0.0653244841211343,0.0697194304637889,0.25,False,0.6608528067340801,0.002,0.016,ql,0.68,square_vn,40,80,0.9,0.2684490937579085,0.3,0,0.42,0.08,160,0.2755742381150817,0.2,20,1.4971699830459382,3.670187284954319e-18,0.2,plastic,sensitivity,0.0291229909057611,False,alpha_async,40,150,210,2,-1,1.0,0.6,0.6,80,0.0259803492688968,0,0,40,1.0,2,0,0.25,0.01,0.75,50.0,lesion,30.0,0.45,0.2,0.1,0.002,8.0
52,260,0.3900959315342547,0.5,-0.2921740283645805,0.0,0.125,0.3209175068189304,square_moore__ql__plastic__intr0__struct0__alpha_async__lesion__s2__1205c51be8,0.0151447643368404,0.0124309216219397,0.25,False,0.5745669157138009,0.002,0.016,ql,0.58,square_moore,40,80,0.9,0.4375449237559159,0.3,0,0.42,0.08,160,0.3290960197349035,0.4,20,1.529887465821038,4.725932261252779e-18,0.2,plastic,sensitivity,-0.0033803791189672,False,alpha_async,40,150,210,2,-1,1.0,0.6,0.6,80,0.0543018912537094,0,0,40,1.0,2,0,0.25,0.01,0.75,50.0,lesion,30.0,0.45,0.2,0.1,0.002,8.0
52,260,0.425419663612016,0.5,-0.3393683909612235,0.0,0.125,0.2806244338127323,hex_cells__ql__plastic__intr0__struct0__alpha_async__lesion__s1__78243e2283,-0.0004897671500576,0.0006565215998491,0.25,False,0.6125205099447167,0.002,0.016,ql,0.68,hex_cells,40,80,0.9,0.4567240919124328,0.3,0,0.42,0.08,160,0.3662366704439962,0.3,20,1.3064391161326112,3.367575405860732e-18,0.2,plastic,sensitivity,-0.0125374278668148,False,alpha_async,40,150,210,1,-1,1.0,0.6,0.6,80,0.0132001198519834,0,0,40,1.0,2,0,0.25,0.01,0.75,50.0,lesion,30.0,0.45,0.2,0.1,0.002,8.0
52,260,0.2927070609929886,0.5,0.2115084814067331,0.0,0.125,0.3941945548843682,honeycomb__ql__plastic__intr0__struct0__alpha_async__lesion__s1__fe24bc34f4,0.125283461539017,0.1079121922988224,0.25,False,0.6367352809239641,0.002,0.016,ql,0.62,honeycomb,40,80,0.9,0.2154430245631178,0.3,0,0.42,0.08,160,0.2560357885960411,0.2,20,1.505686415852521,2.493803496963264e-18,0.2,plastic,sensitivity,0.0956216143968021,False,alpha_async,40,150,210,1,-1,1.0,0.6,0.6,80,0.1177910976884867,0,0,40,1.0,2,0,0.25,0.01,0.75,50.0,lesion,30.0,0.45,0.2,0.1,0.002,8.0
52,260,0.4217001900705078,0.5,0.2072915663787096,0.0,0.125,0.0,extended_moore_r2__markov__plastic__intr0__struct0__alpha_async__lesion__s2__1b7baa222e,0.0313063676743686,0.049762349481527,0.25,False,0.7604783843556033,0.002,0.016,markov,0.68,extended_moore_r2,40,80,0.9,0.2338995429072537,0.3,0,0.42,0.08,160,0.3214006616108913,0.4,20,0.9415135713691316,3.5607618660282644e-18,0.2,plastic,sensitivity,0.0150933926097692,False,alpha_async,40,150,210,2,-1,1.0,0.6,0.6,80,0.0316233346382572,0,0,40,0.9957008136094676,2,0,0.25,0.01,0.75,50.0,lesion,30.0,0.45,0.2,0.1,0.002,8.0
52,260,0.4312047768081523,0.5,0.1242467437583845,0.0,0.125,0.0,extended_hex_r2__markov__plastic__intr0__struct0__alpha_async__lesion__s2__b8a0b1f18d,0.0389731846171071,0.0409097816780333,0.25,False,0.8577470033576859,0.002,0.016,markov,0.62,extended_hex_r2,40,80,0.9,0.1988014514074967,0.3,0,0.42,0.08,160,0.3470271428842832,0.3,20,0.8237002582778281,3.5548366655236974e-18,0.2,plastic,sensitivity,-0.00683675855804,False,alpha_async,40,150,210,2,-1,1.0,0.6,0.6,80,0.0285381590059944,0,0,40,0.999465811965812,2,0,0.25,0.01,0.75,50.0,lesion,30.0,0.45,0.2,0.1,0.002,8.0
52,260,0.31687437380924,0.5,0.0659188263870395,0.0,0.125,0.0,honeycomb_nnn__markov__plastic__intr0__struct0__alpha_async__lesion__s2__294533e37f,0.0913495540569674,0.0700492240836042,0.25,False,0.4123369232235398,0.002,0.016,markov,0.58,honeycomb_nnn,40,80,0.9,0.3485981850391628,0.3,0,0.42,0.08,160,0.2560690093794169,0.2,20,1.493219281045245,2.813075352416999e-18,0.2,plastic,sensitivity,0.0484794059112378,False,alpha_async,40,150,210,2,-1,1.0,0.6,0.6,80,0.0547215288015525,0,0,40,1.0,2,0,0.25,0.01,0.75,50.0,lesion,30.0,0.45,0.2,0.1,0.002,8.0
52,260,0.0785073869028395,0.5,0.5614216601239127,0.0,0.125,0.0,square_vn__markov__plastic__intr0__struct0__alpha_async__lesion__s1__5a1bb31e9e,0.3969393303462821,0.4085881230343226,0.25,False,0.142878720137833,0.002,0.006,markov,0.58,square_vn,40,80,0.9,0.068841020295773,0.3,0,0.42,0.08,160,0.0840550777753987,0.4,20,0.7643573711674155,7.006024632306986e-18,0.2,plastic,sensitivity,0.39238108985686,False,alpha_async,40,150,210,1,-1,1.0,0.6,0.6,80,0.081693438002966,0,0,40,1.0,2,0,0.25,0.01,0.75,50.0,lesion,30.0,0.45,0.2,0.1,0.002,8.0
52,260,0.3125306700654811,0.5,0.112982489917924,0.0,0.125,0.3765243198270602,square_vn__ql__plastic__intr0__struct0__alpha_async__lesion__s2__cbf8841f66,0.0707178208815766,0.0727925521038681,0.25,False,0.6478848176813821,0.002,0.006,ql,0.68,square_vn,40,80,0.9,0.2508136467409131,0.3,0,0.42,0.08,160,0.2651378395493844,0.3,20,1.4889355251381289,3.982233424323428e-18,0.2,plastic,sensitivity,0.0549524828719932,False,alpha_async,40,150,210,2,-1,1.0,0.6,0.6,80,0.0301613448774008,0,0,40,1.0,2,0,0.25,0.01,0.75,50.0,lesion,30.0,0.45,0.2,0.1,0.002,8.0
52,260,0.4038800775481688,0.5,-0.2957111471722475,0.0,0.125,0.3244226502807704,square_moore__ql__plastic__intr0__struct0__alpha_async__lesion__s2__e17d9e5210,0.0147923243008203,-0.0009434961266825,0.25,False,0.6123088968289877,0.002,0.006,ql,0.62,square_moore,40,80,0.9,0.4288761323375484,0.3,0,0.42,0.08,160,0.3400632909272593,0.2,20,1.4600928484101088,3.6942426511320176e-18,0.2,plastic,sensitivity,0.0144606182762251,False,alpha_async,40,150,210,2,-1,1.0,0.6,0.6,80,0.0687531370819918,0,0,40,1.0,2,0,0.25,0.01,0.75,50.0,lesion,30.0,0.45,0.2,0.1,0.002,8.0
52,260,0.4358421850455311,0.5,-0.3640159515210261,0.0,0.125,0.2875325660075793,hex_cells__ql__plastic__intr0__struct0__alpha_async__lesion__s1__75329372e9,0.0022389025405697,0.0061770100118442,0.25,False,0.5868524578922107,0.002,0.006,ql,0.68,hex_cells,40,80,0.9,0.484680238697517,0.3,0,0.42,0.08,160,0.3759942215931223,0.4,20,1.3106641346497148,2.5612575695664727e-18,0.2,plastic,sensitivity,-0.0099666444096046,False,alpha_async,40,150,210,1,-1,1.0,0.6,0.6,80,0.0187598234990803,0,0,40,1.0,2,0,0.25,0.01,0.75,50.0,lesion,30.0,0.45,0.2,0.1,0.002,8.0
52,260,0.291156463053293,0.5,0.1657955217111062,0.0,0.125,0.395443292127557,honeycomb__ql__plastic__intr0__struct0__alpha_async__lesion__s1__0997bead36,0.1213647543341033,0.1118389997210435,0.25,False,0.6332524871244116,0.002,0.006,ql,0.62,honeycomb,40,80,0.9,0.2249137437056939,0.3,0,0.42,0.08,160,0.2543359153342956,0.3,20,1.4931947178709697,1.333032199074726e-18,0.2,plastic,sensitivity,0.0881097278796746,False,alpha_async,40,150,210,1,-1,1.0,0.6,0.6,80,0.0929450070114762,0,0,40,1.0,2,0,0.25,0.01,0.75,50.0,lesion,30.0,0.45,0.2,0.1,0.002,8.0
52,260,0.4281149453635606,0.5,-0.2837227053761301,0.0,0.125,0.2274164248836777,extended_moore_r2__ql__plastic__intr0__struct0__alpha_async__lesion__s1__8cadcd3baa,0.0037589361360957,-0.0025304240067052,0.25,False,0.630756615504329,0.002,0.006,ql,0.58,extended_moore_r2,40,80,0.9,0.4269129256609323,0.3,0,0.42,0.08,160,0.3806425943407355,0.2,20,0.8448085906177489,4.136320673531353e-18,0.2,plastic,sensitivity,-0.0010088636046432,False,alpha_async,40,150,210,1,-1,1.0,0.6,0.6,80,0.1802327565289933,0,0,40,0.9999845907297832,2,0,0.25,0.01,0.75,50.0,lesion,30.0,0.45,0.2,0.1,0.002,8.0
52,260,0.4482424091521845,0.5,0.08534751694364,0.0,0.125,0.0,extended_hex_r2__markov__plastic__intr0__struct0__alpha_async__lesion__s2__4c2ba0b5ab,0.022351321640262,0.0370654484016398,0.25,False,0.8506826762827883,0.002,0.006,markov,0.62,extended_hex_r2,40,80,0.9,0.2138307125208836,0.3,0,0.42,0.08,160,0.3521566879622706,0.4,20,0.8127320005177694,3.836644511966881e-18,0.2,plastic,sensitivity,0.0017135659074066,False,alpha_async,40,150,210,2,-1,1.0,0.6,0.6,80,0.0164748641395623,0,0,40,1.0,2,0,0.25,0.01,0.75,50.0,lesion,30.0,0.45,0.2,0.1,0.002,8.0
52,260,0.3471496384945171,0.5,-0.0138350937475996,0.0,0.125,0.0,honeycomb_nnn__markov__plastic__intr0__struct0__alpha_async__lesion__s2__7f5ec9dc42,0.0568547271703906,0.0675485794127496,0.25,False,0.4017573965057371,0.002,0.006,markov,0.58,honeycomb_nnn,40,80,0.9,0.3929426698981669,0.3,0,0.42,0.08,160,0.2768832961686577,0.3,20,1.484907319915765,3.551657727308223e-18,0.2,plastic,sensitivity,0.0193021710198418,False,alpha_async,40,150,210,2,-1,1.0,0.6,0.6,80,0.0373328910787038,0,0,40,1.0,2,0,0.25,0.01,0.75,50.0,lesion,30.0,0.45,0.2,0.1,0.002,8.0
52,260,0.0744505659415587,0.5,0.572606068298876,0.0,0.125,0.0,square_vn__markov__plastic__intr0__struct0__alpha_async__lesion__s1__2d6331543c,0.4196369837824038,0.4006434125099098,0.25,False,0.1373375558520117,0.002,0.01,markov,0.58,square_vn,40,80,0.9,0.0641873042329847,0.3,0,0.42,0.08,160,0.0811611119085023,0.4,20,0.7411336048154057,6.778751240381095e-18,0.2,plastic,sensitivity,0.3957668550621274,False,alpha_async,40,150,210,1,-1,1.0,0.6,0.6,80,0.0813786962967948,0,0,40,1.0,2,0,0.25,0.01,0.75,50.0,lesion,30.0,0.45,0.2,0.1,0.002,8.0
52,260,0.3192340705167369,0.5,0.1199177967385595,0.0,0.125,0.3748510323412043,square_vn__ql__plastic__intr0__struct0__alpha_async__lesion__s2__90a6cd36d0,0.0923600239440254,0.0578610693530216,0.25,False,0.6518684100159872,0.002,0.01,ql,0.68,square_vn,40,80,0.9,0.2517002773566915,0.3,0,0.42,0.08,160,0.2657122807491049,0.3,20,1.4899359600558435,2.632576525938588e-18,0.2,plastic,sensitivity,0.0348295588654742,False,alpha_async,40,150,210,2,-1,1.0,0.6,0.6,80,0.0335315739054749,0,0,40,1.0,2,0,0.25,0.01,0.75,50.0,lesion,30.0,0.45,0.2,0.1,0.002,8.0
52,260,0.4032473749160266,0.5,-0.3054815943750155,0.0,0.125,0.3175918052340377,square_moore__ql__plastic__intr0__struct0__alpha_async__lesion__s2__12fc28f0b8,0.0124927871322431,0.0105887741877722,0.25,False,0.5761827539317436,0.002,0.01,ql,0.62,square_moore,40,80,0.9,0.4488756639814582,0.3,0,0.42,0.08,160,0.3427258175959627,0.2,20,1.4815656863907878,3.4167093188267938e-18,0.2,plastic,sensitivity,-0.009127805599981,False,alpha_async,40,150,210,2,-1,1.0,0.6,0.6,80,0.088349463869746,0,0,40,1.0,2,0,0.25,0.01,0.75,50.0,lesion,30.0,0.45,0.2,0.1,0.002,8.0
52,260,0.4322043859787794,0.5,-0.3583974090257411,0.0,0.125,0.2848766114025287,hex_cells__ql__plastic__intr0__struct0__alpha_async__lesion__s1__2611701302,0.0151771817569766,-9.131481272309054e-05,0.25,False,0.5958667912546031,0.002,0.01,ql,0.68,hex_cells,40,80,0.9,0.4751513328881855,0.3,0,0.42,0.08,160,0.3722472982818052,0.4,20,1.2998515313108634,2.4909824942667944e-18,0.2,plastic,sensitivity,-0.0046195707533527,False,alpha_async,40,150,210,1,-1,1.0,0.6,0.6,80,0.0216901034992023,0,0,40,1.0,2,0,0.25,0.01,0.75,50.0,lesion,30.0,0.45,0.2,0.1,0.002,8.0
52,260,0.2979780162174109,0.5,0.1491471206811896,0.0,0.125,0.3882525459082548,honeycomb__ql__plastic__intr0__struct0__alpha_async__lesion__s1__4cbd65102c,0.1027870387737693,0.0926935052215223,0.25,False,0.644187780932303,0.002,0.01,ql,0.62,honeycomb,40,80,0.9,0.2318697904254027,0.3,0,0.42,0.08,160,0.2615709490741307,0.3,20,1.48668845199201,3.533995578215384e-18,0.2,plastic,sensitivity,0.0704339290126624,False,alpha_async,40,150,210,1,-1,1.0,0.6,0.6,80,0.0836672322136793,0,0,40,1.0,2,0,0.25,0.01,0.75,50.0,lesion,30.0,0.45,0.2,0.1,0.002,8.0
52,260,0.421465481295918,0.5,-0.2801704988584854,0.0,0.125,0.2187699246533855,extended_moore_r2__ql__plastic__intr0__struct0__alpha_async__lesion__s1__81d8058974,0.0137815364447426,0.0040236188823186,0.25,False,0.6709059429728295,0.002,0.01,ql,0.58,extended_moore_r2,40,80,0.9,0.4009078965984953,0.3,0,0.42,0.08,160,0.3761155597985562,0.2,20,0.7740231301141239,2.839400002259377e-18,0.2,plastic,sensitivity,0.00967556524468,False,alpha_async,40,150,210,1,-1,1.0,0.6,0.6,80,0.1515060407414956,0,0,40,0.998721030571992,2,0,0.25,0.01,0.75,50.0,lesion,30.0,0.45,0.2,0.1,0.002,8.0
52,260,0.4451413122347369,0.5,0.0996682811510496,0.0,0.125,0.0,extended_hex_r2__markov__plastic__intr0__struct0__alpha_async__lesion__s2__9aeb5a62e7,0.0240515862488719,0.0393723740198132,0.25,False,0.8489696275803292,0.002,0.01,markov,0.62,extended_hex_r2,40,80,0.9,0.2115720154925251,0.3,0,0.42,0.08,160,0.3491713557541826,0.4,20,0.8203235659487643,3.815222615136443e-18,0.2,plastic,sensitivity,0.007023516210543,False,alpha_async,40,150,210,2,-1,1.0,0.6,0.6,80,0.0186396550338928,0,0,40,1.0,2,0,0.25,0.01,0.75,50.0,lesion,30.0,0.45,0.2,0.1,0.002,8.0
52,260,0.3242514157916978,0.5,0.0488637562695747,0.0,0.125,0.0,honeycomb_nnn__markov__plastic__intr0__struct0__alpha_async__lesion__s2__a985b5fce7,0.0821111057987882,0.0794234667055357,0.25,False,0.410660352690909,0.002,0.01,markov,0.58,honeycomb_nnn,40,80,0.9,0.3589488527049135,0.3,0,0.42,0.08,160,0.2606414644017093,0.3,20,1.496726257785614,4.0712833856359985e-18,0.2,plastic,sensitivity,0.051763321453556,False,alpha_async,40,150,210,2,-1,1.0,0.6,0.6,80,0.0456390536722989,0,0,40,1.0,2,0,0.25,0.01,0.75,50.0,lesion,30.0,0.45,0.2,0.1,0.002,8.0
52,260,0.078604882730256,0.5,0.5640956219786081,0.0,0.125,0.0,square_vn__markov__plastic__intr0__struct0__alpha_async__lesion__s1__71de74f4da,0.3898700328520032,0.4081730374949319,0.25,False,0.1481905487919887,0.002,0.016,markov,0.58,square_vn,40,80,0.9,0.0685145581486781,0.3,0,0.42,0.08,160,0.0864953328150426,0.4,20,0.7542496499291387,1.093912354956054e-17,0.2,plastic,sensitivity,0.3818647712602593,False,alpha_async,40,150,210,1,-1,1.0,0.6,0.6,80,0.0819690703685783,0,0,40,1.0,2,0,0.25,0.01,0.75,50.0,lesion,30.0,0.45,0.2,0.1,0.002,8.0
52,260,0.3157078085960413,0.5,0.1277928465513846,0.0,0.125,0.3767638381145385,square_vn__ql__plastic__intr0__struct0__alpha_async__lesion__s2__128980f216,0.0872809434280447,0.0759181139947993,0.25,False,0.6507656270055387,0.002,0.016,ql,0.68,square_vn,40,80,0.9,0.2503685132308815,0.3,0,0.42,0.08,160,0.2643518494711027,0.3,20,1.4978145836343373,2.8342906772768563e-18,0.2,plastic,sensitivity,0.0339184589741791,False,alpha_async,40,150,210,2,-1,1.0,0.6,0.6,80,0.0333379260640291,0,0,40,1.0,2,0,0.25,0.01,0.75,50.0,lesion,30.0,0.45,0.2,0.1,0.002,8.0
52,260,0.4023866925508609,0.5,-0.3446821595394172,0.0,0.125,0.3076003073275436,square_moore__ql__plastic__intr0__struct0__alpha_async__lesion__s2__3faa1d1cb5,0.0094150060943917,0.0221561761369091,0.25,False,0.5516266036831246,0.002,0.016,ql,0.62,square_moore,40,80,0.9,0.4729483593196351,0.3,0,0.42,0.08,160,0.342842602467507,0.2,20,1.5379060507530156,3.961567063254892e-18,0.2,plastic,sensitivity,-0.0006197617300958,False,alpha_async,40,150,210,2,-1,1.0,0.6,0.6,80,0.06240448660122,0,0,40,1.0,2,0,0.25,0.01,0.75,50.0,lesion,30.0,0.45,0.2,0.1,0.002,8.0
52,260,0.4289819730961439,0.5,-0.3428905359495443,0.0,0.125,0.2817006396857537,hex_cells__ql__plastic__intr0__struct0__alpha_async__lesion__s1__dbbf1b88b4,0.0173306382726973,-0.0120204467008678,0.25,False,0.6088296581459084,0.002,0.016,ql,0.68,hex_cells,40,80,0.9,0.4612121910311799,0.3,0,0.42,0.08,160,0.366360511187177,0.4,20,1.3090330581816971,3.296472507199818e-18,0.2,plastic,sensitivity,0.0160077747485448,False,alpha_async,40,150,210,1,-1,1.0,0.6,0.6,80,0.0192266676019827,0,0,40,1.0,2,0,0.25,0.01,0.75,50.0,lesion,30.0,0.45,0.2,0.1,0.002,8.0
52,260,0.3159661648161203,0.5,0.1048115830275219,0.0,0.125,0.374576173975293,honeycomb__ql__plastic__intr0__struct0__alpha_async__lesion__s1__fcf29d1c39,0.0901941763267498,0.0671920340258751,0.25,False,0.6622765774404514,0.002,0.016,ql,0.62,honeycomb,40,80,0.9,0.2491014306555533,0.3,0,0.42,0.08,160,0.274644647173433,0.3,20,1.5192570876752989,1.7229831339786601e-18,0.2,plastic,sensitivity,0.0441910018088614,False,alpha_async,40,150,210,1,-1,1.0,0.6,0.6,80,0.0641020869273494,0,0,40,1.0,2,0,0.25,0.01,0.75,50.0,lesion,30.0,0.45,0.2,0.1,0.002,8.0
52,260,0.4118683799479902,0.5,-0.2651304690167823,0.0,0.125,0.205887871957507,extended_moore_r2__ql__plastic__intr0__struct0__alpha_async__lesion__s1__9406cfb24d,-0.0010254302812279,-0.006761864029193,0.25,False,0.7443019626824298,0.002,0.016,ql,0.58,extended_moore_r2,40,80,0.9,0.3441484008480988,0.3,0,0.42,0.08,160,0.3702238863777851,0.2,20,0.5861916224639355,6.2372623285445356e-18,0.2,plastic,sensitivity,-0.0046556342049186,False,alpha_async,40,150,210,1,-1,1.0,0.6,0.6,80,0.1168272338839281,0,0,40,0.9886279585798816,2,0,0.25,0.01,0.75,50.0,lesion,30.0,0.45,0.2,0.1,0.002,8.0
52,260,0.4223600383299976,0.5,0.1493507199416954,0.0,0.125,0.0,extended_hex_r2__markov__plastic__intr0__struct0__alpha_async__lesion__s2__d4eb6788d4,0.0236867534297621,0.0030246359930039,0.25,False,0.8463483021639385,0.002,0.016,markov,0.62,extended_hex_r2,40,80,0.9,0.1983112524282557,0.3,0,0.42,0.08,160,0.3424574061528003,0.4,20,0.8302424545081722,3.8522544999159946e-18,0.2,plastic,sensitivity,0.0010694989105886,False,alpha_async,40,150,210,2,-1,1.0,0.6,0.6,80,0.0278503235753994,0,0,40,0.9995069033530573,2,0,0.25,0.01,0.75,50.0,lesion,30.0,0.45,0.2,0.1,0.002,8.0
52,260,0.2949530198076477,0.5,0.1201380918113043,0.0,0.125,0.0,honeycomb_nnn__markov__plastic__intr0__struct0__alpha_async__lesion__s2__8e47496cc4,0.1108187245054176,0.0952997906107935,0.25,False,0.4013497965741159,0.002,0.016,markov,0.58,honeycomb_nnn,40,80,0.9,0.3195504465604094,0.3,0,0.42,0.08,160,0.2407859377534923,0.3,20,1.4966765455751765,4.565361855766109e-18,0.2,plastic,sensitivity,0.0704447032898449,False,alpha_async,40,150,210,2,-1,1.0,0.6,0.6,80,0.0679720012366225,0,0,40,0.9999589086127548,2,0,0.25,0.01,0.75,50.0,lesion,30.0,0.45,0.2,0.1,0.002,8.0
52,260,0.0861155813038499,0.5,0.563834423731305,0.0,0.125,0.0,square_vn__markov__plastic__intr0__struct0__alpha_async__lesion__s1__0d6e1f8f57,0.4006131804213675,0.3824339278749881,0.25,False,0.1561342570861,0.002,0.006,markov,0.62,square_vn,40,80,0.9,0.0748845206118975,0.3,0,0.42,0.08,160,0.0892541343528521,0.2,20,0.822349297118595,5.310955959090467e-18,0.2,plastic,sensitivity,0.3870499306388192,False,alpha_async,40,150,210,1,-1,1.0,0.6,0.6,80,0.0856804634366494,0,0,40,1.0,2,0,0.25,0.01,0.75,50.0,lesion,30.0,0.45,0.2,0.1,0.002,8.0
52,260,0.320798431349869,0.5,0.0859032007226343,0.0,0.125,0.3723174621301078,square_vn__ql__plastic__intr0__struct0__alpha_async__lesion__s2__25c5a868fc,0.0804650070002823,0.0686571809868061,0.25,False,0.6507871721647542,0.002,0.006,ql,0.68,square_vn,40,80,0.9,0.2603621938289563,0.3,0,0.42,0.08,160,0.2666271655864464,0.4,20,1.5075685486767625,2.715697537396066e-18,0.2,plastic,sensitivity,0.0364074911264442,False,alpha_async,40,150,210,2,-1,1.0,0.6,0.6,80,0.0308108329428878,0,0,40,1.0,2,0,0.25,0.01,0.75,50.0,lesion,30.0,0.45,0.2,0.1,0.002,8.0
52,260,0.400196988987606,0.5,-0.2807510434658586,0.0,0.125,0.3257257443190584,square_moore__ql__plastic__intr0__struct0__alpha_async__lesion__s2__cdf14cbd20,0.0183335863159794,0.0024869343214408,0.25,False,0.6090182452455696,0.002,0.006,ql,0.62,square_moore,40,80,0.9,0.4238639884937981,0.3,0,0.42,0.08,160,0.3376457080092688,0.3,20,1.4566770707327057,4.2651960693798296e-18,0.2,plastic,sensitivity,0.0110034607446267,False,alpha_async,40,150,210,2,-1,1.0,0.6,0.6,80,0.0523593494061568,0,0,40,1.0,2,0,0.25,0.01,0.75,50.0,lesion,30.0,0.45,0.2,0.1,0.002,8.0
52,260,0.4330453803628042,0.5,-0.3636011458747115,0.0,0.125,0.2997801802126758,hex_cells__ql__plastic__intr0__struct0__alpha_async__lesion__s2__bdfc6e3ba1,0.0236636167895543,-0.0049917185815051,0.25,False,0.6041073337602331,0.002,0.006,ql,0.58,hex_cells,40,80,0.9,0.4728817401124907,0.3,0,0.42,0.08,160,0.3670093437295434,0.2,20,1.3008589845144636,3.4049550298907097e-18,0.2,plastic,sensitivity,0.0165282491956264,False,alpha_async,40,150,210,2,-1,1.0,0.6,0.6,80,0.0174339406349217,0,0,40,1.0,2,0,0.25,0.01,0.75,50.0,lesion,30.0,0.45,0.2,0.1,0.002,8.0
52,260,0.2965104166873784,0.5,0.1764499592940147,0.0,0.125,0.3931013935873965,honeycomb__ql__plastic__intr0__struct0__alpha_async__lesion__s1__9feb00565b,0.1262167136946662,0.1102837268044882,0.25,False,0.6390624975517333,0.002,0.006,ql,0.62,honeycomb,40,80,0.9,0.2272630900901786,0.3,0,0.42,0.08,160,0.2577499006788681,0.4,20,1.509197829536354,1.1358595804364065e-18,0.2,plastic,sensitivity,0.1050465843962448,False,alpha_async,40,150,210,1,-1,1.0,0.6,0.6,80,0.0884590159208913,0,0,40,1.0,2,0,0.25,0.01,0.75,50.0,lesion,30.0,0.45,0.2,0.1,0.002,8.0
52,260,0.4266822728806339,0.5,-0.2843181476750741,0.0,0.125,0.2283821505729145,extended_moore_r2__ql__plastic__intr0__struct0__alpha_async__lesion__s1__ab17390f9e,0.0110962066772448,-0.0039924228486742,0.25,False,0.6233079171768878,0.002,0.006,ql,0.58,extended_moore_r2,40,80,0.9,0.4308076748559861,0.3,0,0.42,0.08,160,0.3790967718982636,0.3,20,0.8351232159020782,2.722332338681492e-18,0.2,plastic,sensitivity,0.0095785108038691,False,alpha_async,40,150,210,1,-1,1.0,0.6,0.6,80,0.1713397520826599,0,0,40,1.0,2,0,0.25,0.01,0.75,50.0,lesion,30.0,0.45,0.2,0.1,0.002,8.0
52,260,0.4583677100548959,0.5,0.0244752043333752,0.0,0.125,0.0,extended_hex_r2__markov__plastic__intr0__struct0__alpha_async__lesion__s2__b9b6715b3d,-0.0043006547018669,0.0144064964686334,0.25,False,0.8363519990870739,0.002,0.006,markov,0.68,extended_hex_r2,40,80,0.9,0.242936487939946,0.3,0,0.42,0.08,160,0.3666027268684992,0.2,20,0.8092617655318947,3.6467456193439454e-18,0.2,plastic,sensitivity,0.026839555306142,False,alpha_async,40,150,210,2,-1,1.0,0.6,0.6,80,0.0103600000071142,0,0,40,1.0,2,0,0.25,0.01,0.75,50.0,lesion,30.0,0.45,0.2,0.1,0.002,8.0
52,260,0.3333174248686475,0.5,0.0127567280837107,0.0,0.125,0.0,honeycomb_nnn__markov__plastic__intr0__struct0__alpha_async__lesion__s2__fa7c2224d9,0.065691614542179,0.0759928428288987,0.25,False,0.3840159746634712,0.002,0.006,markov,0.58,honeycomb_nnn,40,80,0.9,0.3804872991854859,0.3,0,0.42,0.08,160,0.2676888558208956,0.4,20,1.5061935652758132,4.7276332304487486e-18,0.2,plastic,sensitivity,0.0277770854103358,False,alpha_async,40,150,210,2,-1,1.0,0.6,0.6,80,0.0418795128946543,0,0,40,1.0,2,0,0.25,0.01,0.75,50.0,lesion,30.0,0.45,0.2,0.1,0.002,8.0
52,260,0.0904484729014808,0.5,0.5654660372918782,0.0,0.125,0.0,square_vn__markov__plastic__intr0__struct0__alpha_async__lesion__s1__06b6243b78,0.3600180378191623,0.3664480353791329,0.25,False,0.1661587209349183,0.002,0.01,markov,0.62,square_vn,40,80,0.9,0.077338267555106,0.3,0,0.42,0.08,160,0.0929574446394438,0.2,20,0.8402305392394401,7.543660950111134e-18,0.2,plastic,sensitivity,0.3363722953371797,False,alpha_async,40,150,210,1,-1,1.0,0.6,0.6,80,0.0924099633858282,0,0,40,1.0,2,0,0.25,0.01,0.75,50.0,lesion,30.0,0.45,0.2,0.1,0.002,8.0
52,260,0.3022612920547538,0.5,0.1472795649683359,0.0,0.125,0.3800256710931228,square_vn__ql__plastic__intr0__struct0__alpha_async__lesion__s2__2a2b0b0d47,0.0871721057106428,0.1076537985336048,0.25,False,0.6398723964920934,0.002,0.01,ql,0.68,square_vn,40,80,0.9,0.2380981227929367,0.3,0,0.42,0.08,160,0.2584084749428757,0.4,20,1.4665247503772196,2.4395262675694133e-18,0.2,plastic,sensitivity,0.0235043196870037,False,alpha_async,40,150,210,2,-1,1.0,0.6,0.6,80,0.0369548004170291,0,0,40,1.0,2,0,0.25,0.01,0.75,50.0,lesion,30.0,0.45,0.2,0.1,0.002,8.0
52,260,0.4028423066550939,0.5,-0.3111353191372454,0.0,0.125,0.3181948040876601,square_moore__ql__plastic__intr0__struct0__alpha_async__lesion__s2__dd8fb4eab7,0.0132519616719299,0.009310966153594,0.25,False,0.5872623194085816,0.002,0.01,ql,0.62,square_moore,40,80,0.9,0.4450874946100039,0.3,0,0.42,0.08,160,0.3409688758976457,0.3,20,1.4863009643872662,4.109591475103527e-18,0.2,plastic,sensitivity,0.0044819430741311,False,alpha_async,40,150,210,2,-1,1.0,0.6,0.6,80,0.0430866896451325,0,0,40,1.0,2,0,0.25,0.01,0.75,50.0,lesion,30.0,0.45,0.2,0.1,0.002,8.0
52,260,0.4273450136284769,0.5,-0.3479420120334571,0.0,0.125,0.3002987675358928,hex_cells__ql__plastic__intr0__struct0__alpha_async__lesion__s2__8b4f36cc5d,0.0145046875489622,-0.0091295946900104,0.25,False,0.5986144515655353,0.002,0.01,ql,0.58,hex_cells,40,80,0.9,0.4670978198090815,0.3,0,0.42,0.08,160,0.3628309110988198,0.2,20,1.3247620421442583,3.6091903149883695e-18,0.2,plastic,sensitivity,0.0119883506744108,False,alpha_async,40,150,210,2,-1,1.0,0.6,0.6,80,0.0186042393385605,0,0,40,1.0,2,0,0.25,0.01,0.75,50.0,lesion,30.0,0.45,0.2,0.1,0.002,8.0
52,260,0.2998663120105003,0.5,0.1846394313423373,0.0,0.125,0.3898193554070915,honeycomb__ql__plastic__intr0__struct0__alpha_async__lesion__s1__31075eff88,0.1352515308976613,0.1078807624030605,0.25,False,0.6432978889774449,0.002,0.01,ql,0.62,honeycomb,40,80,0.9,0.2256713187531702,0.3,0,0.42,0.08,160,0.2594508636081828,0.4,20,1.5134869721703694,3.097251044504769e-18,0.2,plastic,sensitivity,0.1007356352141059,False,alpha_async,40,150,210,1,-1,1.0,0.6,0.6,80,0.1024023164227395,0,0,40,1.0,2,0,0.25,0.01,0.75,50.0,lesion,30.0,0.45,0.2,0.1,0.002,8.0
52,260,0.4208222504687502,0.5,-0.2751850191912622,0.0,0.125,0.2180664326369718,extended_moore_r2__ql__plastic__intr0__struct0__alpha_async__lesion__s1__8b5eac0d7e,0.0081303870302585,-0.0028359951626994,0.25,False,0.686607957494652,0.002,0.01,ql,0.58,extended_moore_r2,40,80,0.9,0.3891391618921855,0.3,0,0.42,0.08,160,0.3743912514361552,0.3,20,0.7363271362245106,4.338401121569835e-18,0.2,plastic,sensitivity,0.0059670758264464,False,alpha_async,40,150,210,1,-1,1.0,0.6,0.6,80,0.1098063691489512,0,0,40,0.9987364398422092,2,0,0.25,0.01,0.75,50.0,lesion,30.0,0.45,0.2,0.1,0.002,8.0
52,260,0.460216693196109,0.5,0.0288477616870713,0.0,0.125,0.0,extended_hex_r2__markov__plastic__intr0__struct0__alpha_async__lesion__s2__d8c355a6a8,0.0013207349581464,0.0272189851847256,0.25,False,0.8364742541620105,0.002,0.01,markov,0.68,extended_hex_r2,40,80,0.9,0.2424235121369002,0.3,0,0.42,0.08,160,0.3637260254009171,0.2,20,0.8229864493322014,3.177357164842381e-18,0.2,plastic,sensitivity,0.0243414016931402,False,alpha_async,40,150,210,2,-1,1.0,0.6,0.6,80,0.007792289723749,0,0,40,1.0,2,0,0.25,0.01,0.75,50.0,lesion,30.0,0.45,0.2,0.1,0.002,8.0
52,260,0.3128829207705896,0.5,0.078061966429679,0.0,0.125,0.0,honeycomb_nnn__markov__plastic__intr0__struct0__alpha_async__lesion__s2__b832117a8f,0.0874558348911204,0.0910262688044258,0.25,False,0.3937871397672654,0.002,0.01,markov,0.58,honeycomb_nnn,40,80,0.9,0.3460790331027443,0.3,0,0.42,0.08,160,0.2513810809442318,0.4,20,1.50594665811308,5.783653069640445e-18,0.2,plastic,sensitivity,0.0431944656681027,False,alpha_async,40,150,210,2,-1,1.0,0.6,0.6,80,0.0530130205105547,0,0,40,1.0,2,0,0.25,0.01,0.75,50.0,lesion,30.0,0.45,0.2,0.1,0.002,8.0
52,260,0.0940985553007871,0.5,0.5383060820460869,0.0,0.125,0.0,square_vn__markov__plastic__intr0__struct0__alpha_async__lesion__s1__26c946a104,0.3681702779686773,0.3614948631983248,0.25,False,0.1721026801524623,0.002,0.016,markov,0.62,square_vn,40,80,0.9,0.0840099362663455,0.3,0,0.42,0.08,160,0.095419430177968,0.2,20,0.8687466947852185,5.853128097083139e-18,0.2,plastic,sensitivity,0.3489837967396014,False,alpha_async,40,150,210,1,-1,1.0,0.6,0.6,80,0.0877364522974255,0,0,40,1.0,2,0,0.25,0.01,0.75,50.0,lesion,30.0,0.45,0.2,0.1,0.002,8.0
52,260,0.288343784300841,0.5,0.1981666863529956,0.0,0.125,0.3937101586615328,square_vn__ql__plastic__intr0__struct0__alpha_async__lesion__s2__beb81d7610,0.0925502269211024,0.0991510685495057,0.25,False,0.6229866703505255,0.002,0.016,ql,0.68,square_vn,40,80,0.9,0.2210405855629202,0.3,0,0.42,0.08,160,0.2450171285782999,0.4,20,1.461382073280656,4.22628722620861e-18,0.2,plastic,sensitivity,0.0681988965837535,False,alpha_async,40,150,210,2,-1,1.0,0.6,0.6,80,0.0453399187294004,0,0,40,1.0,2,0,0.25,0.01,0.75,50.0,lesion,30.0,0.45,0.2,0.1,0.002,8.0
52,260,0.3994942044913989,0.5,-0.3302542046232802,0.0,0.125,0.3111846184347268,square_moore__ql__plastic__intr0__struct0__alpha_async__lesion__s2__76c16f666c,0.0103555038044227,0.0205334048043317,0.25,False,0.564148536548046,0.002,0.016,ql,0.62,square_moore,40,80,0.9,0.4608228079650647,0.3,0,0.42,0.08,160,0.3397463947315258,0.3,20,1.5362942648667166,3.7254559365701134e-18,0.2,plastic,sensitivity,0.0045439856278506,False,alpha_async,40,150,210,2,-1,1.0,0.6,0.6,80,0.0787413541951484,0,0,40,1.0,2,0,0.25,0.01,0.75,50.0,lesion,30.0,0.45,0.2,0.1,0.002,8.0
52,260,0.420805929617394,0.5,-0.3390527944226552,0.0,0.125,0.2967469867092658,hex_cells__ql__plastic__intr0__struct0__alpha_async__lesion__s2__4689f818ad,-0.0066654026540999,-0.0079262965748013,0.25,False,0.6081202263220263,0.002,0.016,ql,0.58,hex_cells,40,80,0.9,0.4561893901177717,0.3,0,0.42,0.08,160,0.3578058634589159,0.2,20,1.317367020068084,2.858321973220328e-18,0.2,plastic,sensitivity,-0.0240981356133122,False,alpha_async,40,150,210,2,-1,1.0,0.6,0.6,80,0.0156495401250978,0,0,40,1.0,2,0,0.25,0.01,0.75,50.0,lesion,30.0,0.45,0.2,0.1,0.002,8.0
52,260,0.2973606055758526,0.5,0.1520297205065357,0.0,0.125,0.391340896884848,honeycomb__ql__plastic__intr0__struct0__alpha_async__lesion__s1__0c1083f5f8,0.1170410875254611,0.1151976495214669,0.25,False,0.637585018456259,0.002,0.016,ql,0.62,honeycomb,40,80,0.9,0.2326005877503736,0.3,0,0.42,0.08,160,0.2588251662977873,0.4,20,1.520304711534602,4.041166139105138e-18,0.2,plastic,sensitivity,0.0771488551783085,False,alpha_async,40,150,210,1,-1,1.0,0.6,0.6,80,0.0929447835592834,0,0,40,1.0,2,0,0.25,0.01,0.75,50.0,lesion,30.0,0.45,0.2,0.1,0.002,8.0
52,260,0.4152288616435832,0.5,-0.2686891295952138,0.0,0.125,0.2089379122057064,extended_moore_r2__ql__plastic__intr0__struct0__alpha_async__lesion__s1__3cf05e509f,0.0046033097356937,-0.0065306544159752,0.25,False,0.7318361898066472,0.002,0.016,ql,0.58,extended_moore_r2,40,80,0.9,0.3561264720863701,0.3,0,0.42,0.08,160,0.3699561052095217,0.3,20,0.6465014396425114,4.2098334171771126e-18,0.2,plastic,sensitivity,0.0014410620506527,False,alpha_async,40,150,210,1,-1,1.0,0.6,0.6,80,0.0896423974676753,0,0,40,0.9874414447731756,2,0,0.25,0.01,0.75,50.0,lesion,30.0,0.45,0.2,0.1,0.002,8.0
52,260,0.4413818653326927,0.5,0.0535131420018843,0.0,0.125,0.0,extended_hex_r2__markov__plastic__intr0__struct0__alpha_async__lesion__s2__397a0cd630,0.0030270031764741,0.0159245839731773,0.25,False,0.8411502616977277,0.002,0.016,markov,0.68,extended_hex_r2,40,80,0.9,0.2321960271095116,0.3,0,0.42,0.08,160,0.3608381459791676,0.2,20,0.795059067466093,3.5652514747982895e-18,0.2,plastic,sensitivity,0.0214399115534771,False,alpha_async,40,150,210,2,-1,1.0,0.6,0.6,80,0.0146963166340061,0,0,40,0.9996096318211702,2,0,0.25,0.01,0.75,50.0,lesion,30.0,0.45,0.2,0.1,0.002,8.0
52,260,0.30293526639969,0.5,0.0963608583176828,0.0,0.125,0.0,honeycomb_nnn__markov__plastic__intr0__struct0__alpha_async__lesion__s2__943ca3d3b3,0.102008398381289,0.0965823700528502,0.25,False,0.4046555331103925,0.002,0.016,markov,0.58,honeycomb_nnn,40,80,0.9,0.330923786093267,0.3,0,0.42,0.08,160,0.2444346255198455,0.4,20,1.4906431899623367,3.5679393926491395e-18,0.2,plastic,sensitivity,0.0619596214705785,False,alpha_async,40,150,210,2,-1,1.0,0.6,0.6,80,0.0619396315820221,0,0,40,1.0,2,0,0.25,0.01,0.75,50.0,lesion,30.0,0.45,0.2,0.1,0.002,8.0
52,260,0.0888020011307335,0.5,0.5563860987134377,0.0,0.125,0.0,square_vn__markov__plastic__intr0__struct0__alpha_async__lesion__s1__1bf0ead87e,0.3898861184679638,0.3638878776630046,0.25,False,0.1629240931050253,0.002,0.006,markov,0.62,square_vn,40,80,0.9,0.0774709602510322,0.3,0,0.42,0.08,160,0.0920886783963815,0.3,20,0.8355553526715793,5.986748845216677e-18,0.2,plastic,sensitivity,0.3950388209722406,False,alpha_async,40,150,210,1,-1,1.0,0.6,0.6,80,0.0902622890994387,0,0,40,1.0,2,0,0.25,0.01,0.75,50.0,lesion,30.0,0.45,0.2,0.1,0.002,8.0
52,260,0.2761395608653443,0.5,0.1069857310638926,0.0,0.125,0.0,square_moore__markov__plastic__intr0__struct0__alpha_async__lesion__s1__e0c92e1112,0.0970446019063187,0.0899239196155749,0.25,False,0.3803053691303741,0.002,0.006,markov,0.58,square_moore,40,80,0.9,0.3103701375036023,0.3,0,0.42,0.08,160,0.2234301250976023,0.2,20,1.5222911723872763,5.163039160257872e-18,0.2,plastic,sensitivity,0.0681313737601505,False,alpha_async,40,150,210,1,-1,1.0,0.6,0.6,80,0.0684750970070084,0,0,40,1.0,2,0,0.25,0.01,0.75,50.0,lesion,30.0,0.45,0.2,0.1,0.002,8.0
52,260,0.3972648827660243,0.5,-0.2918660282339834,0.0,0.125,0.3253514381993292,square_moore__ql__plastic__intr0__struct0__alpha_async__lesion__s2__9580caa6cc,0.0237975233425281,0.0204525850100851,0.25,False,0.5922957912613341,0.002,0.006,ql,0.62,square_moore,40,80,0.9,0.433882084625889,0.3,0,0.42,0.08,160,0.3376902686968849,0.4,20,1.4932756083182388,5.169942395963176e-18,0.2,plastic,sensitivity,0.0190489232020366,False,alpha_async,40,150,210,2,-1,1.0,0.6,0.6,80,0.0570188631896111,0,0,40,1.0,2,0,0.25,0.01,0.75,50.0,lesion,30.0,0.45,0.2,0.1,0.002,8.0
52,260,0.4298328445974785,0.5,-0.3542786615860329,0.0,0.125,0.3000165684005396,hex_cells__ql__plastic__intr0__struct0__alpha_async__lesion__s2__6191ee1ae6,0.022426687180196,-0.0149737238033494,0.25,False,0.5992567029774457,0.002,0.006,ql,0.58,hex_cells,40,80,0.9,0.4713067777608513,0.3,0,0.42,0.08,160,0.3654451835677569,0.3,20,1.331640130293745,2.318315303616033e-18,0.2,plastic,sensitivity,0.0071246530264926,False,alpha_async,40,150,210,2,-1,1.0,0.6,0.6,80,0.0218580159842533,0,0,40,1.0,2,0,0.25,0.01,0.75,50.0,lesion,30.0,0.45,0.2,0.1,0.002,8.0
52,260,0.352821575973675,0.5,0.0104763086750903,0.0,0.125,0.3487674848131505,honeycomb__ql__plastic__intr0__struct0__alpha_async__lesion__s1__5b17ecfa7f,0.0435064936809036,0.0512679884834854,0.25,False,0.6853910872702825,0.002,0.006,ql,0.68,honeycomb,40,80,0.9,0.2893181933260811,0.3,0,0.42,0.08,160,0.297670764064807,0.2,20,1.5444975756570667,2.295414330039518e-18,0.2,plastic,sensitivity,0.0072603553739435,False,alpha_async,40,150,210,1,-1,1.0,0.6,0.6,80,0.0251319899773362,0,0,40,1.0,2,0,0.25,0.01,0.75,50.0,lesion,30.0,0.45,0.2,0.1,0.002,8.0
52,260,0.4255108375551763,0.5,-0.2851395517999888,0.0,0.125,0.2306081130192761,extended_moore_r2__ql__plastic__intr0__struct0__alpha_async__lesion__s1__d24a7bb188,0.0133586509786704,-0.0073138676627905,0.25,False,0.6100845710670856,0.002,0.006,ql,0.58,extended_moore_r2,40,80,0.9,0.4383991218406786,0.3,0,0.42,0.08,160,0.3773417803154706,0.4,20,0.8479762780173884,3.4785504555481106e-18,0.2,plastic,sensitivity,0.0106309898704935,False,alpha_async,40,150,210,1,-1,1.0,0.6,0.6,80,0.1667050230436899,0,0,40,1.0,2,0,0.25,0.01,0.75,50.0,lesion,30.0,0.45,0.2,0.1,0.002,8.0
52,260,0.4607655626762811,0.5,0.0343710227767053,0.0,0.125,0.0,extended_hex_r2__markov__plastic__intr0__struct0__alpha_async__lesion__s2__1195e241f3,0.0049689616393747,0.029122692691253,0.25,False,0.8337401254733544,0.002,0.006,markov,0.68,extended_hex_r2,40,80,0.9,0.2428871536679743,0.3,0,0.42,0.08,160,0.3637141209630421,0.3,20,0.8275026250007741,3.07309622597038e-18,0.2,plastic,sensitivity,0.0299249695210773,False,alpha_async,40,150,210,2,-1,1.0,0.6,0.6,80,0.0083186987804406,0,0,40,1.0,2,0,0.25,0.01,0.75,50.0,lesion,30.0,0.45,0.2,0.1,0.002,8.0
52,260,0.3700390110329424,0.5,-0.0838500941951038,0.0,0.125,0.0,honeycomb_nnn__markov__plastic__intr0__struct0__alpha_async__lesion__s2__ad127bf733,0.0401201896662406,0.0429265434234795,0.25,False,0.4000208852298128,0.002,0.006,markov,0.62,honeycomb_nnn,40,80,0.9,0.4287100164869775,0.3,0,0.42,0.08,160,0.2932774088054061,0.2,20,1.4400884884418943,3.6301900211469046e-18,0.2,plastic,sensitivity,0.006861230014515,False,alpha_async,40,150,210,2,-1,1.0,0.6,0.6,80,0.0445039101827455,0,0,40,1.0,2,0,0.25,0.01,0.75,50.0,lesion,30.0,0.45,0.2,0.1,0.002,8.0
52,260,0.0816993410139989,0.5,0.5538809738825016,0.0,0.125,0.0,square_vn__markov__plastic__intr0__struct0__alpha_async__lesion__s1__c1c5459ab5,0.3987325532258904,0.4051548889021245,0.25,False,0.1483051717524894,0.002,0.01,markov,0.62,square_vn,40,80,0.9,0.072248706614031,0.3,0,0.42,0.08,160,0.0866529694668139,0.3,20,0.7863946111135705,6.213758291642726e-18,0.2,plastic,sensitivity,0.3836776351135632,False,alpha_async,40,150,210,1,-1,1.0,0.6,0.6,80,0.0825689955830663,0,0,40,1.0,2,0,0.25,0.01,0.75,50.0,lesion,30.0,0.45,0.2,0.1,0.002,8.0
52,260,0.2788406550522925,0.5,0.0896379425358665,0.0,0.125,0.0,square_moore__markov__plastic__intr0__struct0__alpha_async__lesion__s1__ec82c8adf0,0.0986313054611679,0.0951729126371658,0.25,False,0.3765762905175268,0.002,0.01,markov,0.58,square_moore,40,80,0.9,0.3150085502797337,0.3,0,0.42,0.08,160,0.222952975590941,0.2,20,1.5111822995080866,3.6848886997589034e-18,0.2,plastic,sensitivity,0.0572542923436252,False,alpha_async,40,150,210,1,-1,1.0,0.6,0.6,80,0.1528390957497456,0,0,40,1.0,2,0,0.25,0.01,0.75,50.0,lesion,30.0,0.45,0.2,0.1,0.002,8.0
52,260,0.4003722409236048,0.5,-0.3054744268755336,0.0,0.125,0.3217211427460955,square_moore__ql__plastic__intr0__struct0__alpha_async__lesion__s2__deb32927eb,0.0198651258560179,0.0174421071483098,0.25,False,0.5661534953396828,0.002,0.01,ql,0.62,square_moore,40,80,0.9,0.4516844949145235,0.3,0,0.42,0.08,160,0.3395403353970017,0.4,20,1.5166832317717116,4.884601388727383e-18,0.2,plastic,sensitivity,0.0122350514231991,False,alpha_async,40,150,210,2,-1,1.0,0.6,0.6,80,0.0994493927812101,0,0,40,1.0,2,0,0.25,0.01,0.75,50.0,lesion,30.0,0.45,0.2,0.1,0.002,8.0
52,260,0.4258966909812119,0.5,-0.348044775493407,0.0,0.125,0.2973600529251169,hex_cells__ql__plastic__intr0__struct0__alpha_async__lesion__s2__c24bddb2d8,0.0148984676166075,-0.0043529809159042,0.25,False,0.5986251819289817,0.002,0.01,ql,0.58,hex_cells,40,80,0.9,0.4675338870665755,0.3,0,0.42,0.08,160,0.3617002145815027,0.3,20,1.3246787272814664,2.291959324405012e-18,0.2,plastic,sensitivity,0.0177510315701337,False,alpha_async,40,150,210,2,-1,1.0,0.6,0.6,80,0.0163257337893753,0,0,40,1.0,2,0,0.25,0.01,0.75,50.0,lesion,30.0,0.45,0.2,0.1,0.002,8.0
52,260,0.3394564984550585,0.5,0.0451616194700632,0.0,0.125,0.3582193366877925,honeycomb__ql__plastic__intr0__struct0__alpha_async__lesion__s1__a697aac9e2,0.0505123492124624,0.0442723550964774,0.25,False,0.6717171367508049,0.002,0.01,ql,0.68,honeycomb,40,80,0.9,0.2788361736438567,0.3,0,0.42,0.08,160,0.2917748188100759,0.2,20,1.5388351304384091,1.7134565373475097e-18,0.2,plastic,sensitivity,0.0175048958748191,False,alpha_async,40,150,210,1,-1,1.0,0.6,0.6,80,0.0332585014969035,0,0,40,1.0,2,0,0.25,0.01,0.75,50.0,lesion,30.0,0.45,0.2,0.1,0.002,8.0
52,260,0.419066418775861,0.5,-0.2793628395190544,0.0,0.125,0.2193296448273332,extended_moore_r2__ql__plastic__intr0__struct0__alpha_async__lesion__s1__fbdc04a08a,0.0045596557816826,-0.0112219594905488,0.25,False,0.6675687374717464,0.002,0.01,ql,0.58,extended_moore_r2,40,80,0.9,0.4015471890175324,0.3,0,0.42,0.08,160,0.3718526001563327,0.4,20,0.780713059634124,4.8354217540731695e-18,0.2,plastic,sensitivity,3.807614550830523e-05,False,alpha_async,40,150,210,1,-1,1.0,0.6,0.6,80,0.1383011082556154,0,0,40,0.997981385601578,2,0,0.25,0.01,0.75,50.0,lesion,30.0,0.45,0.2,0.1,0.002,8.0
52,260,0.4599870856072565,0.5,0.0269504046603236,0.0,0.125,0.0,extended_hex_r2__markov__plastic__intr0__struct0__alpha_async__lesion__s2__093e282e39,0.0085050107957622,0.0247856529993097,0.25,False,0.828659036515858,0.002,0.01,markov,0.68,extended_hex_r2,40,80,0.9,0.2453361435541403,0.3,0,0.42,0.08,160,0.3610825302334489,0.3,20,0.7655675115924656,3.1012077520500825e-18,0.2,plastic,sensitivity,0.0096759863043821,False,alpha_async,40,150,210,2,-1,1.0,0.6,0.6,80,0.0077935622425956,0,0,40,1.0,2,0,0.25,0.01,0.75,50.0,lesion,30.0,0.45,0.2,0.1,0.002,8.0
52,260,0.3612161526302906,0.5,-0.0591867994970462,0.0,0.125,0.0,honeycomb_nnn__markov__plastic__intr0__struct0__alpha_async__lesion__s2__f09d885d7a,0.0608934525610587,0.0533489102192875,0.25,False,0.4425457195978156,0.002,0.01,markov,0.62,honeycomb_nnn,40,80,0.9,0.4062129648388323,0.3,0,0.42,0.08,160,0.2881809987747489,0.2,20,1.4480678009823984,3.683730563283071e-18,0.2,plastic,sensitivity,0.0369473047787831,False,alpha_async,40,150,210,2,-1,1.0,0.6,0.6,80,0.0421206545186442,0,0,40,1.0,2,0,0.25,0.01,0.75,50.0,lesion,30.0,0.45,0.2,0.1,0.002,8.0
52,260,0.0876024312802238,0.5,0.5560724122315591,0.0,0.125,0.0,square_vn__markov__plastic__intr0__struct0__alpha_async__lesion__s1__81bb69ed85,0.3757545628196899,0.3574573726345356,0.25,False,0.1608408980598802,0.002,0.016,markov,0.62,square_vn,40,80,0.9,0.0766392851423205,0.3,0,0.42,0.08,160,0.0906925167529147,0.3,20,0.8245670325433494,4.727591112350438e-18,0.2,plastic,sensitivity,0.3473068006930814,False,alpha_async,40,150,210,1,-1,1.0,0.6,0.6,80,0.0882969646046269,0,0,40,1.0,2,0,0.25,0.01,0.75,50.0,lesion,30.0,0.45,0.2,0.1,0.002,8.0
52,260,0.2743027859476861,0.5,0.0802567957199909,0.0,0.125,0.0,square_moore__markov__plastic__intr0__struct0__alpha_async__lesion__s1__eb667ad0b6,0.097027234870223,0.0969520335254638,0.25,False,0.3706338036270654,0.002,0.016,markov,0.58,square_moore,40,80,0.9,0.3162949343605062,0.3,0,0.42,0.08,160,0.2194779817964254,0.2,20,1.4966175774123738,6.890122294583809e-18,0.2,plastic,sensitivity,0.0679168957899669,False,alpha_async,40,150,210,1,-1,1.0,0.6,0.6,80,0.1431942174084779,0,0,40,1.0,2,0,0.25,0.01,0.75,50.0,lesion,30.0,0.45,0.2,0.1,0.002,8.0
52,260,0.4008240292346547,0.5,-0.3248489214337774,0.0,0.125,0.311535051720201,square_moore__ql__plastic__intr0__struct0__alpha_async__lesion__s2__164fba26d6,0.0076232589602291,0.0154702725717351,0.25,False,0.5632749772221722,0.002,0.016,ql,0.62,square_moore,40,80,0.9,0.4608481112438965,0.3,0,0.42,0.08,160,0.3398330002773673,0.4,20,1.5289027319501356,5.4621328552381495e-18,0.2,plastic,sensitivity,-0.0080545657807903,False,alpha_async,40,150,210,2,-1,1.0,0.6,0.6,80,0.0524609950167224,0,0,40,1.0,2,0,0.25,0.01,0.75,50.0,lesion,30.0,0.45,0.2,0.1,0.002,8.0
52,260,0.4201818335062047,0.5,-0.3254262008948189,0.0,0.125,0.2982876025350316,hex_cells__ql__plastic__intr0__struct0__alpha_async__lesion__s2__3046ab86a4,0.014388292892325,-0.0063611179914803,0.25,False,0.6124547180436927,0.002,0.016,ql,0.58,hex_cells,40,80,0.9,0.4478668757663444,0.3,0,0.42,0.08,160,0.355700882438153,0.3,20,1.3061186778579013,2.112407056870169e-18,0.2,plastic,sensitivity,0.000900235603451,False,alpha_async,40,150,210,2,-1,1.0,0.6,0.6,80,0.0176574678051274,0,0,40,1.0,2,0,0.25,0.01,0.75,50.0,lesion,30.0,0.45,0.2,0.1,0.002,8.0
52,260,0.3417259566145165,0.5,0.0164147036419791,0.0,0.125,0.3537097995740713,honeycomb__ql__plastic__intr0__struct0__alpha_async__lesion__s1__2c59fa7a6f,0.0519336663541424,0.0406008608209431,0.25,False,0.6764460358120066,0.002,0.016,ql,0.68,honeycomb,40,80,0.9,0.2844401060418174,0.3,0,0.42,0.08,160,0.2944328073439722,0.2,20,1.534201126280298,2.987053554498644e-18,0.2,plastic,sensitivity,0.0285664715780533,False,alpha_async,40,150,210,1,-1,1.0,0.6,0.6,80,0.0248346555412142,0,0,40,1.0,2,0,0.25,0.01,0.75,50.0,lesion,30.0,0.45,0.2,0.1,0.002,8.0
52,260,0.4126861499047164,0.5,-0.2673611720986775,0.0,0.125,0.2082988018771838,extended_moore_r2__ql__plastic__intr0__struct0__alpha_async__lesion__s1__4fa063a736,4.258045899213861e-05,-0.0024671619664551,0.25,False,0.7348904457687483,0.002,0.016,ql,0.58,extended_moore_r2,40,80,0.9,0.3523940237494962,0.3,0,0.42,0.08,160,0.3680094824028202,0.4,20,0.5948567798523047,5.41765485305358e-18,0.2,plastic,sensitivity,0.0020376210625261,False,alpha_async,40,150,210,1,-1,1.0,0.6,0.6,80,0.1117039130155992,0,0,40,0.9882889546351084,2,0,0.25,0.01,0.75,50.0,lesion,30.0,0.45,0.2,0.1,0.002,8.0
52,260,0.4478922301925805,0.5,0.0552661257081778,0.0,0.125,0.0,extended_hex_r2__markov__plastic__intr0__struct0__alpha_async__lesion__s2__3010af509f,0.0107988861496469,0.0337684581311859,0.25,False,0.8347389348966262,0.002,0.016,markov,0.68,extended_hex_r2,40,80,0.9,0.2355997440529515,0.3,0,0.42,0.08,160,0.3572690246572224,0.3,20,0.8432588929739039,3.1285366237351963e-18,0.2,plastic,sensitivity,0.0115775220074349,False,alpha_async,40,150,210,2,-1,1.0,0.6,0.6,80,0.0120113129346029,0,0,40,0.9995274490466798,2,0,0.25,0.01,0.75,50.0,lesion,30.0,0.45,0.2,0.1,0.002,8.0
52,260,0.3152461172339455,0.5,0.0623504004255028,0.0,0.125,0.0,honeycomb_nnn__markov__plastic__intr0__struct0__alpha_async__lesion__s2__0940851810,0.0792074328837095,0.0813516378997941,0.25,False,0.4220261484680612,0.002,0.016,markov,0.62,honeycomb_nnn,40,80,0.9,0.3437877047174167,0.3,0,0.42,0.08,160,0.2521975552718771,0.2,20,1.476440056138819,4.799527294722077e-18,0.2,plastic,sensitivity,0.0280677228673239,False,alpha_async,40,150,210,2,-1,1.0,0.6,0.6,80,0.0470556963210413,0,0,40,1.0,2,0,0.25,0.01,0.75,50.0,lesion,30.0,0.45,0.2,0.1,0.002,8.0
52,260,0.0866086405818562,0.5,0.545852956847433,0.0,0.125,0.0,square_vn__markov__plastic__intr0__struct0__alpha_async__lesion__s1__f1ca06617e,0.3853172353287526,0.383514763859534,0.25,False,0.1548595972646655,0.002,0.006,markov,0.62,square_vn,40,80,0.9,0.07716568375729,0.3,0,0.42,0.08,160,0.0889387301164713,0.4,20,0.8140420327029357,5.998217766926449e-18,0.2,plastic,sensitivity,0.3332265571292606,False,alpha_async,40,150,210,1,-1,1.0,0.6,0.6,80,0.0851070371148109,0,0,40,1.0,2,0,0.25,0.01,0.75,50.0,lesion,30.0,0.45,0.2,0.1,0.002,8.0
52,260,0.2742675970034043,0.5,0.1288137901771048,0.0,0.125,0.0,square_moore__markov__plastic__intr0__struct0__alpha_async__lesion__s1__c99f4b67fc,0.1119889055079584,0.1019508600498339,0.25,False,0.391913967188311,0.002,0.006,markov,0.58,square_moore,40,80,0.9,0.2988704083198399,0.3,0,0.42,0.08,160,0.2210861535483828,0.3,20,1.5179613526924836,4.449767533088891e-18,0.2,plastic,sensitivity,0.0759345840063913,False,alpha_async,40,150,210,1,-1,1.0,0.6,0.6,80,0.0807414194855726,0,0,40,1.0,2,0,0.25,0.01,0.75,50.0,lesion,30.0,0.45,0.2,0.1,0.002,8.0
52,260,0.4141838714117538,0.5,-0.3151042170844699,0.0,0.125,0.3136095138511273,square_moore__ql__plastic__intr0__struct0__alpha_async__lesion__s2__05bde5d48f,0.0106067794351173,0.00530845995453,0.25,False,0.6010125118523418,0.002,0.006,ql,0.68,square_moore,40,80,0.9,0.4442922955918686,0.3,0,0.42,0.08,160,0.3505309963148114,0.2,20,1.4192451937332873,4.365115445979389e-18,0.2,plastic,sensitivity,0.0045025893230355,False,alpha_async,40,150,210,2,-1,1.0,0.6,0.6,80,0.0917445376860203,0,0,40,1.0,2,0,0.25,0.01,0.75,50.0,lesion,30.0,0.45,0.2,0.1,0.002,8.0
52,260,0.4297897933304669,0.5,-0.3499023555715854,0.0,0.125,0.3025550383638646,hex_cells__ql__plastic__intr0__struct0__alpha_async__lesion__s2__dacb12d580,0.0210789629838747,0.0025941756617301,0.25,False,0.5948417636250629,0.002,0.006,ql,0.58,hex_cells,40,80,0.9,0.4727431717726608,0.3,0,0.42,0.08,160,0.3630152016105424,0.4,20,1.3077721848796846,1.7376832931763392e-18,0.2,plastic,sensitivity,0.0132917058255846,False,alpha_async,40,150,210,2,-1,1.0,0.6,0.6,80,0.0211026298491152,0,0,40,1.0,2,0,0.25,0.01,0.75,50.0,lesion,30.0,0.45,0.2,0.1,0.002,8.0
52,260,0.3468533136335817,0.5,0.0252125751127162,0.0,0.125,0.3517857113475365,honeycomb__ql__plastic__intr0__struct0__alpha_async__lesion__s1__ec1d0e4b02,0.0543098643520212,0.0422865386102097,0.25,False,0.6827536890785512,0.002,0.006,ql,0.68,honeycomb,40,80,0.9,0.2825131657992619,0.3,0,0.42,0.08,160,0.2947206632997368,0.3,20,1.541181123462186,2.591835719950759e-18,0.2,plastic,sensitivity,0.0293768974855062,False,alpha_async,40,150,210,1,-1,1.0,0.6,0.6,80,0.0254814630176606,0,0,40,1.0,2,0,0.25,0.01,0.75,50.0,lesion,30.0,0.45,0.2,0.1,0.002,8.0
52,260,0.426616670870301,0.5,-0.2820893110172326,0.0,0.125,0.225252063740196,extended_moore_r2__ql__plastic__intr0__struct0__alpha_async__lesion__s1__1db401d29f,-0.0097436060146047,-9.865742824789372e-05,0.25,False,0.6426693856473275,0.002,0.006,ql,0.62,extended_moore_r2,40,80,0.9,0.4202281420455967,0.3,0,0.42,0.08,160,0.3824849076326774,0.2,20,0.8225979904948536,5.082852822351798e-18,0.2,plastic,sensitivity,-0.0155222090580754,False,alpha_async,40,150,210,1,-1,1.0,0.6,0.6,80,0.1564227822712355,0,0,40,1.0,2,0,0.25,0.01,0.75,50.0,lesion,30.0,0.45,0.2,0.1,0.002,8.0
52,260,0.4589551552455033,0.5,0.0279418610291839,0.0,0.125,0.0,extended_hex_r2__markov__plastic__intr0__struct0__alpha_async__lesion__s2__b98af248da,0.0117087134497927,0.0255572054754715,0.25,False,0.8271408194739484,0.002,0.006,markov,0.68,extended_hex_r2,40,80,0.9,0.2459771400411567,0.3,0,0.42,0.08,160,0.3613284635382057,0.4,20,0.7659796773358899,3.3157606832292873e-18,0.2,plastic,sensitivity,0.0056256191192614,False,alpha_async,40,150,210,2,-1,1.0,0.6,0.6,80,0.0085644114929451,0,0,40,1.0,2,0,0.25,0.01,0.75,50.0,lesion,30.0,0.45,0.2,0.1,0.002,8.0
52,260,0.3607054259137354,0.5,-0.0535950836404403,0.0,0.125,0.0,honeycomb_nnn__markov__plastic__intr0__struct0__alpha_async__lesion__s2__a0969e0262,0.0476746638060722,0.0447734099709192,0.25,False,0.4165518147608754,0.002,0.006,markov,0.62,honeycomb_nnn,40,80,0.9,0.4102090412215118,0.3,0,0.42,0.08,160,0.2870733591426466,0.3,20,1.455976204940641,3.764974488609804e-18,0.2,plastic,sensitivity,0.0260893215144015,False,alpha_async,40,150,210,2,-1,1.0,0.6,0.6,80,0.0320708009224667,0,0,40,1.0,2,0,0.25,0.01,0.75,50.0,lesion,30.0,0.45,0.2,0.1,0.002,8.0
52,260,0.0820223837379618,0.5,0.5496547194272747,0.0,0.125,0.0,square_vn__markov__plastic__intr0__struct0__alpha_async__lesion__s1__eeb2189ce8,0.383240750023295,0.3887949092702192,0.25,False,0.1519520969062316,0.002,0.01,markov,0.62,square_vn,40,80,0.9,0.0732301800540948,0.3,0,0.42,0.08,160,0.0875651377250559,0.4,20,0.7907773194805275,1.04322741792725e-17,0.2,plastic,sensitivity,0.3754443247626277,False,alpha_async,40,150,210,1,-1,1.0,0.6,0.6,80,0.0862527627162645,0,0,40,1.0,2,0,0.25,0.01,0.75,50.0,lesion,30.0,0.45,0.2,0.1,0.002,8.0
52,260,0.2667342601876259,0.5,0.0953895939962979,0.0,0.125,0.0,square_moore__markov__plastic__intr0__struct0__alpha_async__lesion__s1__eecbf5099b,0.1140629850045317,0.1000242837892719,0.25,False,0.3464478929502663,0.002,0.01,markov,0.58,square_moore,40,80,0.9,0.3117515750890965,0.3,0,0.42,0.08,160,0.2157063526454012,0.3,20,1.4936343288404192,3.697370435101526e-18,0.2,plastic,sensitivity,0.0766568793251015,False,alpha_async,40,150,210,1,-1,1.0,0.6,0.6,80,0.1540500761150936,0,0,40,1.0,2,0,0.25,0.01,0.75,50.0,lesion,30.0,0.45,0.2,0.1,0.002,8.0
52,260,0.4137213620733445,0.5,-0.3378269360507422,0.0,0.125,0.3099106381650811,square_moore__ql__plastic__intr0__struct0__alpha_async__lesion__s2__db3372a623,0.0084521010824108,0.0054456561538262,0.25,False,0.5641249578836129,0.002,0.01,ql,0.68,square_moore,40,80,0.9,0.4706006801156177,0.3,0,0.42,0.08,160,0.354000232872141,0.2,20,1.484149021354428,5.835069241611047e-18,0.2,plastic,sensitivity,0.0078862711601086,False,alpha_async,40,150,210,2,-1,1.0,0.6,0.6,80,0.1588861313472769,0,0,40,1.0,2,0,0.25,0.01,0.75,50.0,lesion,30.0,0.45,0.2,0.1,0.002,8.0
52,260,0.4237161689077855,0.5,-0.3428681152391554,0.0,0.125,0.298526948423227,hex_cells__ql__plastic__intr0__struct0__alpha_async__lesion__s2__78218dbbd9,0.0177040099144262,-0.0081167514636065,0.25,False,0.5967465278524213,0.002,0.01,ql,0.58,hex_cells,40,80,0.9,0.4667188580927233,0.3,0,0.42,0.08,160,0.3585920895377475,0.4,20,1.3188341760026985,2.648624626482483e-18,0.2,plastic,sensitivity,0.0026044214434167,False,alpha_async,40,150,210,2,-1,1.0,0.6,0.6,80,0.0143610538552727,0,0,40,1.0,2,0,0.25,0.01,0.75,50.0,lesion,30.0,0.45,0.2,0.1,0.002,8.0
52,260,0.3394257419728169,0.5,0.020292449529163,0.0,0.125,0.3571095439625015,honeycomb__ql__plastic__intr0__struct0__alpha_async__lesion__s1__b536cf21d6,0.0627215602734342,0.0649490826762023,0.25,False,0.6651026580545462,0.002,0.01,ql,0.68,honeycomb,40,80,0.9,0.2869973888681676,0.3,0,0.42,0.08,160,0.2903453911293833,0.3,20,1.5663367846724812,2.3843622357809418e-18,0.2,plastic,sensitivity,0.0233176806625617,False,alpha_async,40,150,210,1,-1,1.0,0.6,0.6,80,0.0401684853804734,0,0,40,1.0,2,0,0.25,0.01,0.75,50.0,lesion,30.0,0.45,0.2,0.1,0.002,8.0
52,260,0.4203558250966179,0.5,-0.2808865914022185,0.0,0.125,0.2129637842052734,extended_moore_r2__ql__plastic__intr0__struct0__alpha_async__lesion__s1__1d64dde5d3,0.0010922028004589,-0.0062914606085856,0.25,False,0.680506120270989,0.002,0.01,ql,0.62,extended_moore_r2,40,80,0.9,0.3947146863782216,0.3,0,0.42,0.08,160,0.3783996300921108,0.2,20,0.7595740030938924,4.3703362764327855e-18,0.2,plastic,sensitivity,0.0019607084969038,False,alpha_async,40,150,210,1,-1,1.0,0.6,0.6,80,0.1864851622721794,0,0,40,0.9986748027613412,2,0,0.25,0.01,0.75,50.0,lesion,30.0,0.45,0.2,0.1,0.002,8.0
52,260,0.4551543722707165,0.5,0.0360783088435703,0.0,0.125,0.0,extended_hex_r2__markov__plastic__intr0__struct0__alpha_async__lesion__s2__5dee679f7b,0.0129860944350639,0.0292244608584482,0.25,False,0.828412368995159,0.002,0.01,markov,0.68,extended_hex_r2,40,80,0.9,0.24261827308368,0.3,0,0.42,0.08,160,0.3588993407793786,0.4,20,0.775441071741605,3.751608675333682e-18,0.2,plastic,sensitivity,0.0104113812406094,False,alpha_async,40,150,210,2,-1,1.0,0.6,0.6,80,0.0073576488665822,0,0,40,1.0,2,0,0.25,0.01,0.75,50.0,lesion,30.0,0.45,0.2,0.1,0.002,8.0
52,260,0.3570646189124933,0.5,-0.0361431447716367,0.0,0.125,0.0,honeycomb_nnn__markov__plastic__intr0__struct0__alpha_async__lesion__s2__2f87e3a8b3,0.0614283208129546,0.0505110766235359,0.25,False,0.4360758223298133,0.002,0.01,markov,0.62,honeycomb_nnn,40,80,0.9,0.3993997877867452,0.3,0,0.42,0.08,160,0.2840648909802649,0.3,20,1.4453480303675894,4.5010121329064515e-18,0.2,plastic,sensitivity,0.0395281606560719,False,alpha_async,40,150,210,2,-1,1.0,0.6,0.6,80,0.0522499512737208,0,0,40,1.0,2,0,0.25,0.01,0.75,50.0,lesion,30.0,0.45,0.2,0.1,0.002,8.0
52,260,0.0824046261863682,0.5,0.549092581147495,0.0,0.125,0.0,square_vn__markov__plastic__intr0__struct0__alpha_async__lesion__s1__efe1a0ede3,0.3641606332620641,0.3814265571221371,0.25,False,0.152155926854281,0.002,0.016,markov,0.62,square_vn,40,80,0.9,0.0732059729579352,0.3,0,0.42,0.08,160,0.0882631724286581,0.4,20,0.7891644615690622,9.378589385583605e-18,0.2,plastic,sensitivity,0.3698736557388818,False,alpha_async,40,150,210,1,-1,1.0,0.6,0.6,80,0.0831806154364966,0,0,40,1.0,2,0,0.25,0.01,0.75,50.0,lesion,30.0,0.45,0.2,0.1,0.002,8.0
52,260,0.2755538876222475,0.5,0.0577403066167408,0.0,0.125,0.0,square_moore__markov__plastic__intr0__struct0__alpha_async__lesion__s1__36f1aa43a4,0.0907201285977039,0.0965490166264718,0.25,False,0.3592121705002329,0.002,0.016,markov,0.58,square_moore,40,80,0.9,0.3269981047389157,0.3,0,0.42,0.08,160,0.2227432586795313,0.3,20,1.504614350843961,5.6717982422645014e-18,0.2,plastic,sensitivity,0.0537370921058238,False,alpha_async,40,150,210,1,-1,1.0,0.6,0.6,80,0.08986068151747,0,0,40,1.0,2,0,0.25,0.01,0.75,50.0,lesion,30.0,0.45,0.2,0.1,0.002,8.0
52,260,0.412073758933117,0.5,-0.3527356310764489,0.0,0.125,0.3041719696330149,square_moore__ql__plastic__intr0__struct0__alpha_async__lesion__s2__42ad44cbfe,-0.0009963635301908,0.0006961943467547,0.25,False,0.5605807537662979,0.002,0.016,ql,0.68,square_moore,40,80,0.9,0.4774593331443925,0.3,0,0.42,0.08,160,0.3519054001187876,0.2,20,1.5069439694764706,3.3221675007542666e-18,0.2,plastic,sensitivity,-0.0020676323687021,False,alpha_async,40,150,210,2,-1,1.0,0.6,0.6,80,0.0585894316912548,0,0,40,1.0,2,0,0.25,0.01,0.75,50.0,lesion,30.0,0.45,0.2,0.1,0.002,8.0
52,260,0.4124984585107182,0.5,-0.3128394989692213,0.0,0.125,0.3008931702769415,hex_cells__ql__plastic__intr0__struct0__alpha_async__lesion__s2__e0c51ffc08,0.0153539738119808,0.0050439521063209,0.25,False,0.6161037348856913,0.002,0.016,ql,0.58,hex_cells,40,80,0.9,0.4389954601853663,0.3,0,0.42,0.08,160,0.3514280324572986,0.4,20,1.3322195495939002,2.285925905398294e-18,0.2,plastic,sensitivity,0.0021872215547689,False,alpha_async,40,150,210,2,-1,1.0,0.6,0.6,80,0.0155157601991248,0,0,40,1.0,2,0,0.25,0.01,0.75,50.0,lesion,30.0,0.45,0.2,0.1,0.002,8.0
52,260,0.3452839241959793,0.5,0.0112807340464353,0.0,0.125,0.3514344320735263,honeycomb__ql__plastic__intr0__struct0__alpha_async__lesion__s1__a2f9972acc,0.0614248711078415,0.0436139866978951,0.25,False,0.673002778059559,0.002,0.016,ql,0.68,honeycomb,40,80,0.9,0.2897743499406975,0.3,0,0.42,0.08,160,0.2935536708413475,0.3,20,1.5404290124315232,1.874800029949696e-18,0.2,plastic,sensitivity,0.0425757459658426,False,alpha_async,40,150,210,1,-1,1.0,0.6,0.6,80,0.0220228723054768,0,0,40,1.0,2,0,0.25,0.01,0.75,50.0,lesion,30.0,0.45,0.2,0.1,0.002,8.0
52,260,0.416051585846799,0.5,-0.1967775922426594,0.0,0.125,0.1934285694165704,extended_moore_r2__ql__plastic__intr0__struct0__alpha_async__lesion__s1__e59ffdda7c,-0.0171636563531963,-0.0236857317266799,0.25,False,0.7861457820332647,0.002,0.016,ql,0.62,extended_moore_r2,40,80,0.9,0.3026363942489125,0.3,0,0.42,0.08,160,0.3770978799104253,0.2,20,0.5829414992939085,3.4322057569321776e-18,0.2,plastic,sensitivity,-0.0299885079493531,False,alpha_async,40,150,210,1,-1,1.0,0.6,0.6,80,0.0411744348174312,0,0,40,0.9895833333333334,2,0,0.25,0.01,0.75,50.0,lesion,30.0,0.45,0.2,0.1,0.002,8.0
52,260,0.4445621066779002,0.5,0.0629686018928696,0.0,0.125,0.0,extended_hex_r2__markov__plastic__intr0__struct0__alpha_async__lesion__s2__2244279010,0.0086028391114158,0.0260815297913934,0.25,False,0.8305111755502398,0.002,0.016,markov,0.68,extended_hex_r2,40,80,0.9,0.2352330314217519,0.3,0,0.42,0.08,160,0.3543874464443111,0.4,20,0.8272527214776947,3.636775037697203e-18,0.2,plastic,sensitivity,0.0171093825766401,False,alpha_async,40,150,210,2,-1,1.0,0.6,0.6,80,0.011625094825529,0,0,40,0.9995274490466798,2,0,0.25,0.01,0.75,50.0,lesion,30.0,0.45,0.2,0.1,0.002,8.0
52,260,0.3228097123084628,0.5,0.0480271339494174,0.0,0.125,0.0,honeycomb_nnn__markov__plastic__intr0__struct0__alpha_async__lesion__s2__d0414af0b2,0.0902451785552105,0.0797564539213047,0.25,False,0.4158580531968629,0.002,0.016,markov,0.62,honeycomb_nnn,40,80,0.9,0.355856361635747,0.3,0,0.42,0.08,160,0.2582917730579231,0.3,20,1.4946251735102385,4.2617755050239465e-18,0.2,plastic,sensitivity,0.046471799707535,False,alpha_async,40,150,210,2,-1,1.0,0.6,0.6,80,0.0397467005925424,0,0,40,1.0,2,0,0.25,0.01,0.75,50.0,lesion,30.0,0.45,0.2,0.1,0.002,8.0
52,260,0.1001990951366401,0.5,0.5355985206961156,0.0,0.125,0.0,square_vn__markov__plastic__intr0__struct0__alpha_async__lesion__s1__61d5ea88f6,0.3420113222618047,0.3459625956262626,0.25,False,0.1800276554710141,0.002,0.006,markov,0.68,square_vn,40,80,0.9,0.0891215239328393,0.3,0,0.42,0.08,160,0.1004324260496136,0.2,20,0.905210369369283,3.660071888699188e-18,0.2,plastic,sensitivity,0.3348894605470912,False,alpha_async,40,150,210,1,-1,1.0,0.6,0.6,80,0.0864257407246622,0,0,40,1.0,2,0,0.25,0.01,0.75,50.0,lesion,30.0,0.45,0.2,0.1,0.002,8.0
52,260,0.2596585559778297,0.5,0.143955851940785,0.0,0.125,0.0,square_moore__markov__plastic__intr0__struct0__alpha_async__lesion__s1__fe7bc438e3,0.111523941525967,0.119526709033115,0.25,False,0.3639706676961449,0.002,0.006,markov,0.58,square_moore,40,80,0.9,0.2887272136966736,0.3,0,0.42,0.08,160,0.2131115039736642,0.4,20,1.4934743732219762,6.4134787580541194e-18,0.2,plastic,sensitivity,0.0790453676659887,False,alpha_async,40,150,210,1,-1,1.0,0.6,0.6,80,0.0683836335625452,0,0,40,1.0,2,0,0.25,0.01,0.75,50.0,lesion,30.0,0.45,0.2,0.1,0.002,8.0
52,260,0.4114282569214137,0.5,-0.3143228680663559,0.0,0.125,0.3135638748517004,square_moore__ql__plastic__intr0__struct0__alpha_async__lesion__s2__b0e5ddc910,0.0047798289637038,0.0048410488359951,0.25,False,0.5979696202191133,0.002,0.006,ql,0.68,square_moore,40,80,0.9,0.4459917238376539,0.3,0,0.42,0.08,160,0.3497405204146201,0.3,20,1.4454974312583888,3.7273353814035634e-18,0.2,plastic,sensitivity,-0.0070688797852754,False,alpha_async,40,150,210,2,-1,1.0,0.6,0.6,80,0.1082345408758762,0,0,40,1.0,2,0,0.25,0.01,0.75,50.0,lesion,30.0,0.45,0.2,0.1,0.002,8.0
52,260,0.4357098445086116,0.5,-0.3622015116819282,0.0,0.125,0.2948745809164528,hex_cells__ql__plastic__intr0__struct0__alpha_async__lesion__s2__844ab716ef,0.0177454995408346,-0.0092522762661437,0.25,False,0.5815820160087687,0.002,0.006,ql,0.62,hex_cells,40,80,0.9,0.4866400481790178,0.3,0,0.42,0.08,160,0.3718644967731601,0.2,20,1.3022810997478853,3.641355901583212e-18,0.2,plastic,sensitivity,0.0104029156301087,False,alpha_async,40,150,210,2,-1,1.0,0.6,0.6,80,0.0167536557747045,0,0,40,1.0,2,0,0.25,0.01,0.75,50.0,lesion,30.0,0.45,0.2,0.1,0.002,8.0
52,260,0.3234756921371093,0.5,0.0980641682629204,0.0,0.125,0.3726187326815747,honeycomb__ql__plastic__intr0__struct0__alpha_async__lesion__s1__a231e087f7,0.0767249854966574,0.0661534392136727,0.25,False,0.6605132297631514,0.002,0.006,ql,0.68,honeycomb,40,80,0.9,0.25911125121986,0.3,0,0.42,0.08,160,0.2774513618811551,0.4,20,1.5225962134743565,1.8588860767366002e-18,0.2,plastic,sensitivity,0.0431833487655241,False,alpha_async,40,150,210,1,-1,1.0,0.6,0.6,80,0.0481851736550531,0,0,40,1.0,2,0,0.25,0.01,0.75,50.0,lesion,30.0,0.45,0.2,0.1,0.002,8.0
52,260,0.4262720693068402,0.5,-0.2833473784273488,0.0,0.125,0.2269828543238075,extended_moore_r2__ql__plastic__intr0__struct0__alpha_async__lesion__s1__e1dbca35f1,-0.0085209834913277,0.0001412568275488,0.25,False,0.6272378067287822,0.002,0.006,ql,0.62,extended_moore_r2,40,80,0.9,0.4282182762212256,0.3,0,0.42,0.08,160,0.3819521181029031,0.3,20,0.8317604459868986,4.638617460894762e-18,0.2,plastic,sensitivity,-0.0142756897158084,False,alpha_async,40,150,210,1,-1,1.0,0.6,0.6,80,0.1620579286554233,0,0,40,1.0,2,0,0.25,0.01,0.75,50.0,lesion,30.0,0.45,0.2,0.1,0.002,8.0
52,260,0.4403906577016984,0.5,-0.0600799360058411,0.0,0.125,0.1667186363861645,extended_hex_r2__ql__plastic__intr0__struct0__alpha_async__lesion__s1__7577ecad1a,0.0303678969351329,0.0154667595162788,0.25,False,0.9134630652764352,0.002,0.006,ql,0.58,extended_hex_r2,40,80,0.9,0.1819380726151013,0.3,0,0.42,0.08,160,0.3980741873916726,0.2,20,0.4516893213323469,2.5328718862073653e-18,0.2,plastic,sensitivity,-0.0059789954716157,False,alpha_async,40,150,210,1,-1,1.0,0.6,0.6,80,0.0088269329744808,0,0,40,1.0,2,0,0.25,0.01,0.75,50.0,lesion,30.0,0.45,0.2,0.1,0.002,8.0
52,260,0.3584732883433144,0.5,-0.0513342608902669,0.0,0.125,0.0,honeycomb_nnn__markov__plastic__intr0__struct0__alpha_async__lesion__s2__94120ed4e9,0.0526658143514296,0.0505923063751777,0.25,False,0.397615511172974,0.002,0.006,markov,0.62,honeycomb_nnn,40,80,0.9,0.4128435484694391,0.3,0,0.42,0.08,160,0.2862151166521363,0.4,20,1.463736709219823,4.992155034002799e-18,0.2,plastic,sensitivity,0.023341960919393,False,alpha_async,40,150,210,2,-1,1.0,0.6,0.6,80,0.0315743332146487,0,0,40,1.0,2,0,0.25,0.01,0.75,50.0,lesion,30.0,0.45,0.2,0.1,0.002,8.0
52,260,0.1053013211284369,0.5,0.5355682068092068,0.0,0.125,0.0,square_vn__markov__plastic__intr0__struct0__alpha_async__lesion__s1__ea0fe8caf1,0.3287092802118123,0.309931581719254,0.25,False,0.1913548037027223,0.002,0.01,markov,0.68,square_vn,40,80,0.9,0.0928707951501601,0.3,0,0.42,0.08,160,0.1040382346373117,0.2,20,0.9256266460407486,5.19641975011911e-18,0.2,plastic,sensitivity,0.2959141217826883,False,alpha_async,40,150,210,1,-1,1.0,0.6,0.6,80,0.0896269997192842,0,0,40,1.0,2,0,0.25,0.01,0.75,50.0,lesion,30.0,0.45,0.2,0.1,0.002,8.0
52,260,0.2754748247780154,0.5,0.0887265231011041,0.0,0.125,0.0,square_moore__markov__plastic__intr0__struct0__alpha_async__lesion__s1__f2a47ca4c8,0.1065391013765602,0.0982240093461468,0.25,False,0.3722892748984193,0.002,0.01,markov,0.58,square_moore,40,80,0.9,0.3160743224321184,0.3,0,0.42,0.08,160,0.2224745532025372,0.4,20,1.513017002280798,4.997202811685395e-18,0.2,plastic,sensitivity,0.0725285298949286,False,alpha_async,40,150,210,1,-1,1.0,0.6,0.6,80,0.1422330513079654,0,0,40,1.0,2,0,0.25,0.01,0.75,50.0,lesion,30.0,0.45,0.2,0.1,0.002,8.0
52,260,0.4133158070555356,0.5,-0.3288051044631992,0.0,0.125,0.31029980793268,square_moore__ql__plastic__intr0__struct0__alpha_async__lesion__s2__914b660220,0.0049214933796009,0.0066541434350789,0.25,False,0.5905469172630169,0.002,0.01,ql,0.68,square_moore,40,80,0.9,0.4544602927474688,0.3,0,0.42,0.08,160,0.3493607926880835,0.3,20,1.460506299922952,4.299634159264645e-18,0.2,plastic,sensitivity,-0.0147161058364304,False,alpha_async,40,150,210,2,-1,1.0,0.6,0.6,80,0.0658057125241608,0,0,40,1.0,2,0,0.25,0.01,0.75,50.0,lesion,30.0,0.45,0.2,0.1,0.002,8.0
52,260,0.4276037972162281,0.5,-0.3528584731312291,0.0,0.125,0.2929155906105538,hex_cells__ql__plastic__intr0__struct0__alpha_async__lesion__s2__454c830cb0,0.0083253297400322,-0.0131203959286072,0.25,False,0.5952304646284906,0.002,0.01,ql,0.62,hex_cells,40,80,0.9,0.4719225633278365,0.3,0,0.42,0.08,160,0.3663905495788999,0.2,20,1.3187456140482643,3.518423920719036e-18,0.2,plastic,sensitivity,-0.0037869297736391,False,alpha_async,40,150,210,2,-1,1.0,0.6,0.6,80,0.0208959145056794,0,0,40,1.0,2,0,0.25,0.01,0.75,50.0,lesion,30.0,0.45,0.2,0.1,0.002,8.0
52,260,0.3305917526047008,0.5,0.0801275826347599,0.0,0.125,0.3648681763466055,honeycomb__ql__plastic__intr0__struct0__alpha_async__lesion__s1__16b1022878,0.0737899925773244,0.0661316319345591,0.25,False,0.6640080555777943,0.002,0.01,ql,0.68,honeycomb,40,80,0.9,0.2675119946002895,0.3,0,0.42,0.08,160,0.2820879275520003,0.4,20,1.5404911625201203,1.1635191083126961e-18,0.2,plastic,sensitivity,0.0524269025508341,False,alpha_async,40,150,210,1,-1,1.0,0.6,0.6,80,0.0440242611015766,0,0,40,1.0,2,0,0.25,0.01,0.75,50.0,lesion,30.0,0.45,0.2,0.1,0.002,8.0
52,260,0.4186143633352431,0.5,-0.2725356053129122,0.0,0.125,0.2134932887705864,extended_moore_r2__ql__plastic__intr0__struct0__alpha_async__lesion__s1__b9da8fed64,0.0022613968499258,-0.00584849958876,0.25,False,0.6930878524282003,0.002,0.01,ql,0.62,extended_moore_r2,40,80,0.9,0.3823939746452633,0.3,0,0.42,0.08,160,0.3780618698293062,0.3,20,0.7313901222392901,4.368723686126039e-18,0.2,plastic,sensitivity,0.0019465631497471,False,alpha_async,40,150,210,1,-1,1.0,0.6,0.6,80,0.1532902226600062,0,0,40,0.998751849112426,2,0,0.25,0.01,0.75,50.0,lesion,30.0,0.45,0.2,0.1,0.002,8.0
52,260,0.4409442702731196,0.5,-0.0606748467184052,0.0,0.125,0.1679183038526701,extended_hex_r2__ql__plastic__intr0__struct0__alpha_async__lesion__s1__8c6552e9a3,0.0277484362933469,0.0092069877691514,0.25,False,0.9115867116555482,0.002,0.01,ql,0.58,extended_hex_r2,40,80,0.9,0.1845231380205394,0.3,0,0.42,0.08,160,0.3969133506602679,0.2,20,0.4708933614707142,3.2690622706371842e-18,0.2,plastic,sensitivity,-0.0163149305339721,False,alpha_async,40,150,210,1,-1,1.0,0.6,0.6,80,0.0109283525860179,0,0,40,1.0,2,0,0.25,0.01,0.75,50.0,lesion,30.0,0.45,0.2,0.1,0.002,8.0
52,260,0.3369878897565071,0.5,0.0166512032284222,0.0,0.125,0.0,honeycomb_nnn__markov__plastic__intr0__struct0__alpha_async__lesion__s2__f87e20f0cd,0.0699794658512626,0.0574589974911626,0.25,False,0.4296631045874357,0.002,0.01,markov,0.62,honeycomb_nnn,40,80,0.9,0.3715980530175924,0.3,0,0.42,0.08,160,0.2705712910563708,0.4,20,1.4697928363531163,3.105908494534602e-18,0.2,plastic,sensitivity,0.0356285730419732,False,alpha_async,40,150,210,2,-1,1.0,0.6,0.6,80,0.0396124545935267,0,0,40,1.0,2,0,0.25,0.01,0.75,50.0,lesion,30.0,0.45,0.2,0.1,0.002,8.0
52,260,0.0837483876159484,0.5,0.5404802101484257,0.0,0.125,0.0,square_vn__markov__plastic__intr0__struct0__alpha_async__lesion__s1__667deea5d8,0.3725429071392687,0.3681414610841743,0.25,False,0.1519865141552126,0.002,0.016,markov,0.68,square_vn,40,80,0.9,0.076149342849117,0.3,0,0.42,0.08,160,0.0884801044068479,0.2,20,0.7983093705045733,6.322104377119912e-18,0.2,plastic,sensitivity,0.3482173338399427,False,alpha_async,40,150,210,1,-1,1.0,0.6,0.6,80,0.089753008629343,0,0,40,1.0,2,0,0.25,0.01,0.75,50.0,lesion,30.0,0.45,0.2,0.1,0.002,8.0
52,260,0.2567451002513955,0.5,0.0994511038223181,0.0,0.125,0.0,square_moore__markov__plastic__intr0__struct0__alpha_async__lesion__s1__3e89945c27,0.1075464125823869,0.0994490315403093,0.25,False,0.3339615291100115,0.002,0.016,markov,0.58,square_moore,40,80,0.9,0.3043238723296272,0.3,0,0.42,0.08,160,0.2076814848963649,0.4,20,1.4641105618404326,5.97626790891572e-18,0.2,plastic,sensitivity,0.0811411080421172,False,alpha_async,40,150,210,1,-1,1.0,0.6,0.6,80,0.1122494699613183,0,0,40,1.0,2,0,0.25,0.01,0.75,50.0,lesion,30.0,0.45,0.2,0.1,0.002,8.0
52,260,0.4084771470602689,0.5,-0.3367834222748481,0.0,0.125,0.3051772524954731,square_moore__ql__plastic__intr0__struct0__alpha_async__lesion__s2__1842e20b99,0.0039504136619254,0.0051016220409953,0.25,False,0.5742836891780739,0.002,0.016,ql,0.68,square_moore,40,80,0.9,0.4638384848584356,0.3,0,0.42,0.08,160,0.348122034631855,0.3,20,1.4935111050421608,2.5860781763093777e-18,0.2,plastic,sensitivity,-0.0012484017348981,False,alpha_async,40,150,210,2,-1,1.0,0.6,0.6,80,0.0407429008705422,0,0,40,1.0,2,0,0.25,0.01,0.75,50.0,lesion,30.0,0.45,0.2,0.1,0.002,8.0
52,260,0.4212737914010905,0.5,-0.3440778826123849,0.0,0.125,0.2920201967699944,hex_cells__ql__plastic__intr0__struct0__alpha_async__lesion__s2__eccfd0810e,0.0082787387425123,-0.0090864178110022,0.25,False,0.615965764067126,0.002,0.016,ql,0.62,hex_cells,40,80,0.9,0.454451641746002,0.3,0,0.42,0.08,160,0.360093924268993,0.2,20,1.3291169255168005,2.825963408314321e-18,0.2,plastic,sensitivity,-0.002064065737857,False,alpha_async,40,150,210,2,-1,1.0,0.6,0.6,80,0.0285378234491886,0,0,40,1.0,2,0,0.25,0.01,0.75,50.0,lesion,30.0,0.45,0.2,0.1,0.002,8.0
52,260,0.3163625846789047,0.5,0.1200932369989697,0.0,0.125,0.3768139795215757,honeycomb__ql__plastic__intr0__struct0__alpha_async__lesion__s1__a66acb6a7a,0.0711615564656367,0.0632945942697264,0.25,False,0.6526661487940318,0.002,0.016,ql,0.68,honeycomb,40,80,0.9,0.252855628690013,0.3,0,0.42,0.08,160,0.2731084753581447,0.4,20,1.5274128293101512,2.115612293623873e-18,0.2,plastic,sensitivity,0.0368005420740937,False,alpha_async,40,150,210,1,-1,1.0,0.6,0.6,80,0.055115358477354,0,0,40,1.0,2,0,0.25,0.01,0.75,50.0,lesion,30.0,0.45,0.2,0.1,0.002,8.0
52,260,0.4231235722116609,0.5,-0.1804488575066132,0.0,0.125,0.190557626602381,extended_moore_r2__ql__plastic__intr0__struct0__alpha_async__lesion__s1__e804916ad9,-0.0112056169210941,-0.0240655974299806,0.25,False,0.8026875579782802,0.002,0.016,ql,0.62,extended_moore_r2,40,80,0.9,0.2901125912531678,0.3,0,0.42,0.08,160,0.3803210192267628,0.3,20,0.611467265658555,4.0648582489285695e-18,0.2,plastic,sensitivity,-0.0337089747161073,False,alpha_async,40,150,210,1,-1,1.0,0.6,0.6,80,0.0480247588871668,0,0,40,0.990584935897436,2,0,0.25,0.01,0.75,50.0,lesion,30.0,0.45,0.2,0.1,0.002,8.0
52,260,0.4454052581113261,0.5,-0.0475593764704549,0.0,0.125,0.1676681274365445,extended_hex_r2__ql__plastic__intr0__struct0__alpha_async__lesion__s1__2af2923e0c,0.0164887017488307,-0.0057275640476308,0.25,False,0.9117298049709608,0.002,0.016,ql,0.58,extended_hex_r2,40,80,0.9,0.1858772918589572,0.3,0,0.42,0.08,160,0.3943059519124024,0.2,20,0.5593495613778341,3.2893364621603698e-18,0.2,plastic,sensitivity,-0.0065117126811492,False,alpha_async,40,150,210,1,-1,1.0,0.6,0.6,80,0.0192589883782133,0,0,40,0.9994247205785668,2,0,0.25,0.01,0.75,50.0,lesion,30.0,0.45,0.2,0.1,0.002,8.0
52,260,0.3196132189326832,0.5,0.0494871892607574,0.0,0.125,0.0,honeycomb_nnn__markov__plastic__intr0__struct0__alpha_async__lesion__s2__9fda3ba566,0.0818916352923342,0.0789522483849606,0.25,False,0.4058067054214824,0.002,0.016,markov,0.62,honeycomb_nnn,40,80,0.9,0.3562945387663528,0.3,0,0.42,0.08,160,0.2579485499975282,0.4,20,1.5049624109201385,3.468847394593165e-18,0.2,plastic,sensitivity,0.047107917960922,False,alpha_async,40,150,210,2,-1,1.0,0.6,0.6,80,0.0617823103397566,0,0,40,1.0,2,0,0.25,0.01,0.75,50.0,lesion,30.0,0.45,0.2,0.1,0.002,8.0
52,260,0.086505073828831,0.5,0.5639737816040714,0.0,0.125,0.0,square_vn__markov__plastic__intr0__struct0__alpha_async__lesion__s1__8b4e68c9b5,0.3809599775780263,0.3647069794985971,0.25,False,0.155577321051746,0.002,0.006,markov,0.68,square_vn,40,80,0.9,0.075078103033346,0.3,0,0.42,0.08,160,0.089606019158561,0.3,20,0.8153878540321188,5.821329576549986e-18,0.2,plastic,sensitivity,0.3688757046955063,False,alpha_async,40,150,210,1,-1,1.0,0.6,0.6,80,0.0851686915132564,0,0,40,1.0,2,0,0.25,0.01,0.75,50.0,lesion,30.0,0.45,0.2,0.1,0.002,8.0
52,260,0.2940550002486973,0.5,0.0793645098415241,0.0,0.125,0.0,square_moore__markov__plastic__intr0__struct0__alpha_async__lesion__s1__1ed087678a,0.0995806054271544,0.0808307157395457,0.25,False,0.4098965053937655,0.002,0.006,markov,0.62,square_moore,40,80,0.9,0.3236955652853499,0.3,0,0.42,0.08,160,0.234993545668101,0.2,20,1.53764050063765,4.9835836553603495e-18,0.2,plastic,sensitivity,0.0636745816119873,False,alpha_async,40,150,210,1,-1,1.0,0.6,0.6,80,0.1043035788308882,0,0,40,1.0,2,0,0.25,0.01,0.75,50.0,lesion,30.0,0.45,0.2,0.1,0.002,8.0
52,260,0.4063458854523147,0.5,-0.3148230003952094,0.0,0.125,0.3170329050640559,square_moore__ql__plastic__intr0__struct0__alpha_async__lesion__s2__8ce9fd556b,0.0070239455381038,0.0040879893272451,0.25,False,0.591746693902171,0.002,0.006,ql,0.68,square_moore,40,80,0.9,0.4471454877199813,0.3,0,0.42,0.08,160,0.345905045745116,0.4,20,1.4782809699699826,4.389846483694687e-18,0.2,plastic,sensitivity,0.0040035124902088,False,alpha_async,40,150,210,2,-1,1.0,0.6,0.6,80,0.0723186016871225,0,0,40,1.0,2,0,0.25,0.01,0.75,50.0,lesion,30.0,0.45,0.2,0.1,0.002,8.0
52,260,0.4312770623124121,0.5,-0.3496315448234695,0.0,0.125,0.2952315078078421,hex_cells__ql__plastic__intr0__struct0__alpha_async__lesion__s2__1f51826d88,0.0168302056312823,-0.0089918693281125,0.25,False,0.5916707930416694,0.002,0.006,ql,0.62,hex_cells,40,80,0.9,0.475004633925378,0.3,0,0.42,0.08,160,0.3687890095005791,0.3,20,1.3133988563143146,2.593150480198368e-18,0.2,plastic,sensitivity,0.0008612049218972,False,alpha_async,40,150,210,2,-1,1.0,0.6,0.6,80,0.019819668264772,0,0,40,1.0,2,0,0.25,0.01,0.75,50.0,lesion,30.0,0.45,0.2,0.1,0.002,8.0
52,260,0.2952212997103698,0.5,0.1756710143662931,0.0,0.125,0.3958403312460614,honeycomb__ql__plastic__intr0__struct0__alpha_async__lesion__s2__c75ea42cab,0.1368522890955113,0.1146160673949178,0.25,False,0.6420370862706457,0.002,0.006,ql,0.58,honeycomb,40,80,0.9,0.2228898855970688,0.3,0,0.42,0.08,160,0.2546662974648618,0.2,20,1.512888921128364,1.3430879119922098e-18,0.2,plastic,sensitivity,0.0938966872624152,False,alpha_async,40,150,210,2,-1,1.0,0.6,0.6,80,0.1039892392672961,0,0,40,1.0,2,0,0.25,0.01,0.75,50.0,lesion,30.0,0.45,0.2,0.1,0.002,8.0
52,260,0.4273320344336466,0.5,-0.2861111803167394,0.0,0.125,0.2283067327089511,extended_moore_r2__ql__plastic__intr0__struct0__alpha_async__lesion__s1__a2753d4a8a,0.0053109107696741,-0.0039062844290031,0.25,False,0.6087399272404664,0.002,0.006,ql,0.62,extended_moore_r2,40,80,0.9,0.4388281784101415,0.3,0,0.42,0.08,160,0.3806829616232386,0.4,20,0.8550768923244095,2.9403952012601733e-18,0.2,plastic,sensitivity,0.0052723164709855,False,alpha_async,40,150,210,1,-1,1.0,0.6,0.6,80,0.2107168380171686,0,0,40,0.9999845907297832,2,0,0.25,0.01,0.75,50.0,lesion,30.0,0.45,0.2,0.1,0.002,8.0
52,260,0.4364754005608799,0.5,-0.0738044636826241,0.0,0.125,0.1684271602119876,extended_hex_r2__ql__plastic__intr0__struct0__alpha_async__lesion__s1__bf57e833e0,-0.0071668834208043,-0.008255158790528,0.25,False,0.906093278618902,0.002,0.006,ql,0.58,extended_hex_r2,40,80,0.9,0.1885450221300027,0.3,0,0.42,0.08,160,0.3975093505832011,0.3,20,0.367897482794105,3.5958825622920335e-18,0.2,plastic,sensitivity,-0.0254161402697511,False,alpha_async,40,150,210,1,-1,1.0,0.6,0.6,80,0.0068169282280572,0,0,40,1.0,2,0,0.25,0.01,0.75,50.0,lesion,30.0,0.45,0.2,0.1,0.002,8.0
52,260,0.3923521802630766,0.5,-0.1348215181718257,0.0,0.125,0.0,honeycomb_nnn__markov__plastic__intr0__struct0__alpha_async__lesion__s2__023c6e4fe9,0.0280128648745862,0.0245047511988219,0.25,False,0.4378373723674977,0.002,0.006,markov,0.68,honeycomb_nnn,40,80,0.9,0.44948786880186,0.3,0,0.42,0.08,160,0.3120558060534741,0.2,20,1.3502194295499494,3.661435397038997e-18,0.2,plastic,sensitivity,0.0013749361717185,False,alpha_async,40,150,210,2,-1,1.0,0.6,0.6,80,0.0362196402966479,0,0,40,1.0,2,0,0.25,0.01,0.75,50.0,lesion,30.0,0.45,0.2,0.1,0.002,8.0
52,260,0.0928598335636057,0.5,0.5509293372874525,0.0,0.125,0.0,square_vn__markov__plastic__intr0__struct0__alpha_async__lesion__s1__9060cbc6e6,0.3584062307994046,0.3550635416253078,0.25,False,0.1677536160684896,0.002,0.01,markov,0.68,square_vn,40,80,0.9,0.0816452056003033,0.3,0,0.42,0.08,160,0.0937871103451029,0.3,20,0.8600090265061913,5.500903302279702e-18,0.2,plastic,sensitivity,0.3415809993615922,False,alpha_async,40,150,210,1,-1,1.0,0.6,0.6,80,0.0870681328621117,0,0,40,1.0,2,0,0.25,0.01,0.75,50.0,lesion,30.0,0.45,0.2,0.1,0.002,8.0
52,260,0.3001693554833332,0.5,0.0482211227370254,0.0,0.125,0.0,square_moore__markov__plastic__intr0__struct0__alpha_async__lesion__s1__2944c345cf,0.0838811950062262,0.0870083748697853,0.25,False,0.4086375228225301,0.002,0.01,markov,0.62,square_moore,40,80,0.9,0.3369032269515554,0.3,0,0.42,0.08,160,0.2372346893078742,0.2,20,1.5456467137699603,6.399383389758795e-18,0.2,plastic,sensitivity,0.0403842980337014,False,alpha_async,40,150,210,1,-1,1.0,0.6,0.6,80,0.1600222346869142,0,0,40,1.0,2,0,0.25,0.01,0.75,50.0,lesion,30.0,0.45,0.2,0.1,0.002,8.0
52,260,0.4083643442688758,0.5,-0.3281297487439016,0.0,0.125,0.3126173067920224,square_moore__ql__plastic__intr0__struct0__alpha_async__lesion__s2__9e992f290e,0.00695002071963,0.0118493712040754,0.25,False,0.5731468241091543,0.002,0.01,ql,0.68,square_moore,40,80,0.9,0.4603430383703635,0.3,0,0.42,0.08,160,0.3480053015126584,0.4,20,1.4875887489085713,2.944942999156471e-18,0.2,plastic,sensitivity,0.0037803575496865,False,alpha_async,40,150,210,2,-1,1.0,0.6,0.6,80,0.0579035523955138,0,0,40,1.0,2,0,0.25,0.01,0.75,50.0,lesion,30.0,0.45,0.2,0.1,0.002,8.0
52,260,0.428532995567337,0.5,-0.3548062562904988,0.0,0.125,0.2931143994922228,hex_cells__ql__plastic__intr0__struct0__alpha_async__lesion__s2__180c8a0395,0.0041495276091282,-0.0008966633046715,0.25,False,0.6004012382314382,0.002,0.01,ql,0.62,hex_cells,40,80,0.9,0.4702397903019696,0.3,0,0.42,0.08,160,0.3667432742020049,0.3,20,1.3225415308891997,2.85576818654188e-18,0.2,plastic,sensitivity,-0.0073512020693996,False,alpha_async,40,150,210,2,-1,1.0,0.6,0.6,80,0.0215191438032462,0,0,40,1.0,2,0,0.25,0.01,0.75,50.0,lesion,30.0,0.45,0.2,0.1,0.002,8.0
52,260,0.2824822306539707,0.5,0.2164493871685941,0.0,0.125,0.4020764923736986,honeycomb__ql__plastic__intr0__struct0__alpha_async__lesion__s2__646b81f6a6,0.1353933528918709,0.125625769262647,0.25,False,0.6302447975374124,0.002,0.01,ql,0.58,honeycomb,40,80,0.9,0.2067640584932071,0.3,0,0.42,0.08,160,0.2465636963836801,0.2,20,1.4808516556508855,2.214988493468316e-18,0.2,plastic,sensitivity,0.1038926400712226,False,alpha_async,40,150,210,2,-1,1.0,0.6,0.6,80,0.1162880095126033,0,0,40,1.0,2,0,0.25,0.01,0.75,50.0,lesion,30.0,0.45,0.2,0.1,0.002,8.0
52,260,0.4238132089955417,0.5,-0.2742626494954223,0.0,0.125,0.2156066346406875,extended_moore_r2__ql__plastic__intr0__struct0__alpha_async__lesion__s1__8bfe928f8c,0.0056997309241599,-0.0028447781919512,0.25,False,0.6811759874276984,0.002,0.01,ql,0.62,extended_moore_r2,40,80,0.9,0.3930560327222332,0.3,0,0.42,0.08,160,0.376274979558217,0.4,20,0.7813450393033374,4.112478274207691e-18,0.2,plastic,sensitivity,0.000431091108543,False,alpha_async,40,150,210,1,-1,1.0,0.6,0.6,80,0.1172762701721331,0,0,40,0.9988597140039448,2,0,0.25,0.01,0.75,50.0,lesion,30.0,0.45,0.2,0.1,0.002,8.0
52,260,0.4434346396007131,0.5,-0.0439901897288584,0.0,0.125,0.167433107795521,extended_hex_r2__ql__plastic__intr0__struct0__alpha_async__lesion__s1__4984b05470,0.0359407017033607,0.0105211204637594,0.25,False,0.9123564863217823,0.002,0.01,ql,0.58,extended_hex_r2,40,80,0.9,0.1844932812962026,0.3,0,0.42,0.08,160,0.3955292080620311,0.3,20,0.526087360135221,3.6169374243594795e-18,0.2,plastic,sensitivity,0.0106750358831457,False,alpha_async,40,150,210,1,-1,1.0,0.6,0.6,80,0.0187700401938603,0,0,40,1.0,2,0,0.25,0.01,0.75,50.0,lesion,30.0,0.45,0.2,0.1,0.002,8.0
52,260,0.3876116784168433,0.5,-0.1234941188959524,0.0,0.125,0.0,honeycomb_nnn__markov__plastic__intr0__struct0__alpha_async__lesion__s2__c8e5a05cec,0.0361028799937124,0.0352841473471936,0.25,False,0.4729524584169398,0.002,0.01,markov,0.68,honeycomb_nnn,40,80,0.9,0.4304203904291548,0.3,0,0.42,0.08,160,0.3088636323942384,0.2,20,1.353099404680085,3.776001295970998e-18,0.2,plastic,sensitivity,0.0062175433154814,False,alpha_async,40,150,210,2,-1,1.0,0.6,0.6,80,0.0427166301426578,0,0,40,1.0,2,0,0.25,0.01,0.75,50.0,lesion,30.0,0.45,0.2,0.1,0.002,8.0
52,260,0.084815153121988,0.5,0.555543299863668,0.0,0.125,0.0,square_vn__markov__plastic__intr0__struct0__alpha_async__lesion__s1__ff55eb4a7b,0.3833806810862494,0.3538893366350328,0.25,False,0.1544080816469951,0.002,0.016,markov,0.68,square_vn,40,80,0.9,0.0750945513086853,0.3,0,0.42,0.08,160,0.0886116999005938,0.3,20,0.8124902763579586,5.4085077338503855e-18,0.2,plastic,sensitivity,0.3423995972621712,False,alpha_async,40,150,210,1,-1,1.0,0.6,0.6,80,0.0840217608712518,0,0,40,1.0,2,0,0.25,0.01,0.75,50.0,lesion,30.0,0.45,0.2,0.1,0.002,8.0
52,260,0.2844797915042253,0.5,0.0689387228682903,0.0,0.125,0.0,square_moore__markov__plastic__intr0__struct0__alpha_async__lesion__s1__6c6913042b,0.0924902492443494,0.1046056493547479,0.25,False,0.3818851738365386,0.002,0.016,markov,0.62,square_moore,40,80,0.9,0.3276823053758226,0.3,0,0.42,0.08,160,0.2299592777562717,0.2,20,1.5211385006684184,4.9501618802879295e-18,0.2,plastic,sensitivity,0.0581795041309229,False,alpha_async,40,150,210,1,-1,1.0,0.6,0.6,80,0.0661441493143987,0,0,40,1.0,2,0,0.25,0.01,0.75,50.0,lesion,30.0,0.45,0.2,0.1,0.002,8.0
52,260,0.4105512259860079,0.5,-0.3508529520845111,0.0,0.125,0.3065416750192644,square_moore__ql__plastic__intr0__struct0__alpha_async__lesion__s2__41a13c908a,0.0021189607413506,0.0032689731952307,0.25,False,0.5488195092749506,0.002,0.016,ql,0.68,square_moore,40,80,0.9,0.4810587517149738,0.3,0,0.42,0.08,160,0.3480057029257521,0.4,20,1.52289055607482,3.766430867705337e-18,0.2,plastic,sensitivity,-0.0098449967587597,False,alpha_async,40,150,210,2,-1,1.0,0.6,0.6,80,0.0815726968793518,0,0,40,1.0,2,0,0.25,0.01,0.75,50.0,lesion,30.0,0.45,0.2,0.1,0.002,8.0
52,260,0.4183795960742377,0.5,-0.3303094630383021,0.0,0.125,0.288230529007537,hex_cells__ql__plastic__intr0__struct0__alpha_async__lesion__s2__635e19612e,0.0024132738405641,0.000875167602723,0.25,False,0.6198960654040147,0.002,0.016,ql,0.62,hex_cells,40,80,0.9,0.4461693215933744,0.3,0,0.42,0.08,160,0.3586405855224462,0.3,20,1.3184179839173389,2.5326407841172816e-18,0.2,plastic,sensitivity,-0.0124345094840159,False,alpha_async,40,150,210,2,-1,1.0,0.6,0.6,80,0.0138294067497151,0,0,40,1.0,2,0,0.25,0.01,0.75,50.0,lesion,30.0,0.45,0.2,0.1,0.002,8.0
52,260,0.307434608217553,0.5,0.1380072053788252,0.0,0.125,0.3798416164193018,honeycomb__ql__plastic__intr0__struct0__alpha_async__lesion__s2__72f3699870,0.1055344442132096,0.0958205201574105,0.25,False,0.6574939305435955,0.002,0.016,ql,0.58,honeycomb,40,80,0.9,0.2344315126792451,0.3,0,0.42,0.08,160,0.2658330915916715,0.2,20,1.5143566200667926,3.8216117567376554e-18,0.2,plastic,sensitivity,0.081319617367853,False,alpha_async,40,150,210,2,-1,1.0,0.6,0.6,80,0.0829035978952223,0,0,40,1.0,2,0,0.25,0.01,0.75,50.0,lesion,30.0,0.45,0.2,0.1,0.002,8.0
52,260,0.4205540564446171,0.5,-0.2052726859293658,0.0,0.125,0.1942281968792844,extended_moore_r2__ql__plastic__intr0__struct0__alpha_async__lesion__s1__2d6ef163bd,-0.0079372327398592,-0.0056908218742287,0.25,False,0.7882093756333286,0.002,0.016,ql,0.62,extended_moore_r2,40,80,0.9,0.3023789131720204,0.3,0,0.42,0.08,160,0.3790047378283507,0.4,20,0.5839357794327057,4.639351125648336e-18,0.2,plastic,sensitivity,-0.041302809830353,False,alpha_async,40,150,210,1,-1,1.0,0.6,0.6,80,0.0693463590643596,0,0,40,0.989706607495069,2,0,0.25,0.01,0.75,50.0,lesion,30.0,0.45,0.2,0.1,0.002,8.0
52,260,0.4452477225950884,0.5,-0.0405798570605825,0.0,0.125,0.1678702692888425,extended_hex_r2__ql__plastic__intr0__struct0__alpha_async__lesion__s1__2e1eca36f7,0.0200741341196702,0.0023312390646765,0.25,False,0.9133038701882568,0.002,0.016,ql,0.58,extended_hex_r2,40,80,0.9,0.1832812890021538,0.3,0,0.42,0.08,160,0.3938747232414724,0.3,20,0.5597170856703083,2.894389894473577e-18,0.2,plastic,sensitivity,3.657338662481206e-05,False,alpha_async,40,150,210,1,-1,1.0,0.6,0.6,80,0.0199804882606946,0,0,40,0.9994452662721892,2,0,0.25,0.01,0.75,50.0,lesion,30.0,0.45,0.2,0.1,0.002,8.0
52,260,0.3659218005826308,0.5,-0.0677643368265274,0.0,0.125,0.0,honeycomb_nnn__markov__plastic__intr0__struct0__alpha_async__lesion__s2__89cdb8f87f,0.0494064427033801,0.0406159898977456,0.25,False,0.4817903911954029,0.002,0.016,markov,0.68,honeycomb_nnn,40,80,0.9,0.400387160153891,0.3,0,0.42,0.08,160,0.2941445845154155,0.2,20,1.4050312682317856,3.3586446122630834e-18,0.2,plastic,sensitivity,0.0149912123447364,False,alpha_async,40,150,210,2,-1,1.0,0.6,0.6,80,0.0325130118913668,0,0,40,1.0,2,0,0.25,0.01,0.75,50.0,lesion,30.0,0.45,0.2,0.1,0.002,8.0
52,260,0.0846131233230677,0.5,0.5567321401915888,0.0,0.125,0.0,square_vn__markov__plastic__intr0__struct0__alpha_async__lesion__s1__0675686199,0.3667934813874002,0.369779260311718,0.25,False,0.1535170446684129,0.002,0.006,markov,0.68,square_vn,40,80,0.9,0.0746794615242169,0.3,0,0.42,0.08,160,0.088546292482378,0.4,20,0.8067683814870888,8.183388442165611e-18,0.2,plastic,sensitivity,0.3443248241762174,False,alpha_async,40,150,210,1,-1,1.0,0.6,0.6,80,0.0837421472205433,0,0,40,1.0,2,0,0.25,0.01,0.75,50.0,lesion,30.0,0.45,0.2,0.1,0.002,8.0
52,260,0.2838900625419369,0.5,0.1099155074548899,0.0,0.125,0.0,square_moore__markov__plastic__intr0__struct0__alpha_async__lesion__s1__6933c66af0,0.0970415022225131,0.0866397986286324,0.25,False,0.4026425577042043,0.002,0.006,markov,0.62,square_moore,40,80,0.9,0.3092132798114868,0.3,0,0.42,0.08,160,0.2275552007450397,0.3,20,1.5273145042565044,5.9974854402872254e-18,0.2,plastic,sensitivity,0.064511854032784,False,alpha_async,40,150,210,1,-1,1.0,0.6,0.6,80,0.0703763715378923,0,0,40,1.0,2,0,0.25,0.01,0.75,50.0,lesion,30.0,0.45,0.2,0.1,0.002,8.0
52,260,0.331016198301113,0.5,0.0139243706987419,0.0,0.125,0.0,hex_cells__markov__plastic__intr0__struct0__alpha_async__lesion__s1__36c2a6d86c,0.0977101959813808,0.0726516035744925,0.25,False,0.4225865323993889,0.002,0.006,markov,0.58,hex_cells,40,80,0.9,0.3723960502544239,0.3,0,0.42,0.08,160,0.267569419340261,0.2,20,1.567373262664159,2.2732403800310445e-18,0.2,plastic,sensitivity,0.0613369970444789,False,alpha_async,40,150,210,1,-1,1.0,0.6,0.6,80,0.0565234339257445,0,0,40,1.0,2,0,0.25,0.01,0.75,50.0,lesion,30.0,0.45,0.2,0.1,0.002,8.0
52,260,0.4343773389849093,0.5,-0.3590182932615208,0.0,0.125,0.2956096235112062,hex_cells__ql__plastic__intr0__struct0__alpha_async__lesion__s2__569f1b1e64,0.017922025755133,-0.0048127979161867,0.25,False,0.5873641381443462,0.002,0.006,ql,0.62,hex_cells,40,80,0.9,0.4816710625078776,0.3,0,0.42,0.08,160,0.3701341767601994,0.4,20,1.30419219641267,3.476226198966484e-18,0.2,plastic,sensitivity,0.0101629318957544,False,alpha_async,40,150,210,2,-1,1.0,0.6,0.6,80,0.0158874155328418,0,0,40,1.0,2,0,0.25,0.01,0.75,50.0,lesion,30.0,0.45,0.2,0.1,0.002,8.0
52,260,0.2874292175925766,0.5,0.2040276806668643,0.0,0.125,0.3970226862140115,honeycomb__ql__plastic__intr0__struct0__alpha_async__lesion__s2__b0cec03f82,0.1350611461254172,0.1167169125940118,0.25,False,0.6385218337281313,0.002,0.006,ql,0.58,honeycomb,40,80,0.9,0.2115316805780829,0.3,0,0.42,0.08,160,0.2523712087719706,0.3,20,1.479592373690265,2.8778177249387842e-18,0.2,plastic,sensitivity,0.1046804421711456,False,alpha_async,40,150,210,2,-1,1.0,0.6,0.6,80,0.1074181541199133,0,0,40,1.0,2,0,0.25,0.01,0.75,50.0,lesion,30.0,0.45,0.2,0.1,0.002,8.0
52,260,0.4277156731254437,0.5,-0.0385231678519973,0.0,0.125,0.1678260523622056,extended_moore_r2__ql__plastic__intr0__struct0__alpha_async__lesion__s1__17a17072aa,-0.0206910720400323,-0.0017453038618886,0.25,False,0.8127856965178927,0.002,0.006,ql,0.68,extended_moore_r2,40,80,0.9,0.2629426822899075,0.3,0,0.42,0.08,160,0.4004062135107787,0.2,20,0.573906176621461,4.073679642624277e-18,0.2,plastic,sensitivity,-0.0043110419385103,False,alpha_async,40,150,210,1,-1,1.0,0.6,0.6,80,0.0082913245775611,0,0,40,1.0,2,0,0.25,0.01,0.75,50.0,lesion,30.0,0.45,0.2,0.1,0.002,8.0
52,260,0.4328375606921931,0.5,-0.0788651674586263,0.0,0.125,0.1690350000056902,extended_hex_r2__ql__plastic__intr0__struct0__alpha_async__lesion__s1__587ff63012,-0.0054747066045671,-0.0113043632178254,0.25,False,0.9015926376511132,0.002,0.006,ql,0.58,extended_hex_r2,40,80,0.9,0.1920800072365936,0.3,0,0.42,0.08,160,0.3967715710297479,0.4,20,0.3336048317781004,4.015939902705206e-18,0.2,plastic,sensitivity,-0.0267014701365354,False,alpha_async,40,150,210,1,-1,1.0,0.6,0.6,80,0.0060378249637247,0,0,40,1.0,2,0,0.25,0.01,0.75,50.0,lesion,30.0,0.45,0.2,0.1,0.002,8.0
52,260,0.3853849344367765,0.5,-0.1191781033165478,0.0,0.125,0.0,honeycomb_nnn__markov__plastic__intr0__struct0__alpha_async__lesion__s2__f5dbce64c3,0.0369462069776457,0.0269503057972523,0.25,False,0.4280841871113212,0.002,0.006,markov,0.68,honeycomb_nnn,40,80,0.9,0.4417734779554326,0.3,0,0.42,0.08,160,0.3069882602660637,0.3,20,1.3816533406676887,4.544426095398304e-18,0.2,plastic,sensitivity,0.0079070846499567,False,alpha_async,40,150,210,2,-1,1.0,0.6,0.6,80,0.0352438836951093,0,0,40,1.0,2,0,0.25,0.01,0.75,50.0,lesion,30.0,0.45,0.2,0.1,0.002,8.0
52,260,0.0850377922271262,0.5,0.5521882138396083,0.0,0.125,0.0,square_vn__markov__plastic__intr0__struct0__alpha_async__lesion__s1__a0ef29dcc7,0.3793979804558123,0.371940525491031,0.25,False,0.1527959398052205,0.002,0.01,markov,0.68,square_vn,40,80,0.9,0.075780907157073,0.3,0,0.42,0.08,160,0.0882813366411488,0.4,20,0.7993062277617291,5.443242822340816e-18,0.2,plastic,sensitivity,0.3453464503125273,False,alpha_async,40,150,210,1,-1,1.0,0.6,0.6,80,0.0882864544186953,0,0,40,1.0,2,0,0.25,0.01,0.75,50.0,lesion,30.0,0.45,0.2,0.1,0.002,8.0
52,260,0.283734410003492,0.5,0.0591930507035386,0.0,0.125,0.0,square_moore__markov__plastic__intr0__struct0__alpha_async__lesion__s1__f5a1440b8c,0.0951987799868748,0.0916615848824328,0.25,False,0.3663962849515208,0.002,0.01,markov,0.62,square_moore,40,80,0.9,0.3300666640417677,0.3,0,0.42,0.08,160,0.227423055965445,0.3,20,1.5180080413459844,6.307007574702927e-18,0.2,plastic,sensitivity,0.0688530321779263,False,alpha_async,40,150,210,1,-1,1.0,0.6,0.6,80,0.0699413394129005,0,0,40,1.0,2,0,0.25,0.01,0.75,50.0,lesion,30.0,0.45,0.2,0.1,0.002,8.0
52,260,0.3208921829787509,0.5,0.0451112528917907,0.0,0.125,0.0,hex_cells__markov__plastic__intr0__struct0__alpha_async__lesion__s1__3be68cf41a,0.0916133021027247,0.0632885494764262,0.25,False,0.4274090248920134,0.002,0.01,markov,0.58,hex_cells,40,80,0.9,0.3536996610072777,0.3,0,0.42,0.08,160,0.2577555969249717,0.2,20,1.5569033988205687,2.378099488108627e-18,0.2,plastic,sensitivity,0.054803130342058,False,alpha_async,40,150,210,1,-1,1.0,0.6,0.6,80,0.0562301404758866,0,0,40,1.0,2,0,0.25,0.01,0.75,50.0,lesion,30.0,0.45,0.2,0.1,0.002,8.0
52,260,0.4280941367316926,0.5,-0.3551803707282959,0.0,0.125,0.2925611101107008,hex_cells__ql__plastic__intr0__struct0__alpha_async__lesion__s2__8058c8b4af,0.0136711020760979,-0.0080853615783417,0.25,False,0.6037696228980794,0.002,0.01,ql,0.62,hex_cells,40,80,0.9,0.4681100514119902,0.3,0,0.42,0.08,160,0.3659717643432226,0.4,20,1.3097303222685512,2.503653939636712e-18,0.2,plastic,sensitivity,0.0038986212178847,False,alpha_async,40,150,210,2,-1,1.0,0.6,0.6,80,0.0288137716455111,0,0,40,1.0,2,0,0.25,0.01,0.75,50.0,lesion,30.0,0.45,0.2,0.1,0.002,8.0
52,260,0.2824110140832483,0.5,0.2039339389569932,0.0,0.125,0.4013558838835699,honeycomb__ql__plastic__intr0__struct0__alpha_async__lesion__s2__b3e701726c,0.1431112485158726,0.1164432178849711,0.25,False,0.6306377712234577,0.002,0.01,ql,0.58,honeycomb,40,80,0.9,0.209919852586729,0.3,0,0.42,0.08,160,0.2481787530168723,0.3,20,1.465834342092587,4.061517316616762e-18,0.2,plastic,sensitivity,0.0982690361341502,False,alpha_async,40,150,210,2,-1,1.0,0.6,0.6,80,0.1040487925540516,0,0,40,1.0,2,0,0.25,0.01,0.75,50.0,lesion,30.0,0.45,0.2,0.1,0.002,8.0
52,260,0.4416256998691772,0.5,-0.0085849503938614,0.0,0.125,0.1659333194838456,extended_moore_r2__ql__plastic__intr0__struct0__alpha_async__lesion__s1__eaef1584e8,-0.0332709526994075,-0.0196416001985218,0.25,False,0.8269840873476513,0.002,0.01,ql,0.68,extended_moore_r2,40,80,0.9,0.2579099584965004,0.3,0,0.42,0.08,160,0.3975145839330022,0.2,20,0.7896865435897199,3.749365272531649e-18,0.2,plastic,sensitivity,0.016308746953349,False,alpha_async,40,150,210,1,-1,1.0,0.6,0.6,80,0.0250222714596765,0,0,40,0.9998150887573964,2,0,0.25,0.01,0.75,50.0,lesion,30.0,0.45,0.2,0.1,0.002,8.0
52,260,0.4437129160783805,0.5,-0.0420225627901369,0.0,0.125,0.1681982340831435,extended_hex_r2__ql__plastic__intr0__struct0__alpha_async__lesion__s1__32382deb92,0.035042994314271,0.0138476179616915,0.25,False,0.912464130116407,0.002,0.01,ql,0.58,extended_hex_r2,40,80,0.9,0.1839689572046172,0.3,0,0.42,0.08,160,0.3947728264115507,0.4,20,0.5297168709122545,3.766125643855593e-18,0.2,plastic,sensitivity,0.010847444128866,False,alpha_async,40,150,210,1,-1,1.0,0.6,0.6,80,0.0191072365326659,0,0,40,1.0,2,0,0.25,0.01,0.75,50.0,lesion,30.0,0.45,0.2,0.1,0.002,8.0
52,260,0.3787603774285964,0.5,-0.0944640425931972,0.0,0.125,0.0,honeycomb_nnn__markov__plastic__intr0__struct0__alpha_async__lesion__s2__565b91a8ec,0.0443982684067432,0.0444487569605786,0.25,False,0.4559930453624965,0.002,0.01,markov,0.68,honeycomb_nnn,40,80,0.9,0.4229034458653191,0.3,0,0.42,0.08,160,0.3003403136691117,0.3,20,1.3933920078024589,3.766779690787726e-18,0.2,plastic,sensitivity,0.0101575384471075,False,alpha_async,40,150,210,2,-1,1.0,0.6,0.6,80,0.0334544659591467,0,0,40,1.0,2,0,0.25,0.01,0.75,50.0,lesion,30.0,0.45,0.2,0.1,0.002,8.0
52,260,0.083126597622741,0.5,0.5421026074469449,0.0,0.125,0.0,square_vn__markov__plastic__intr0__struct0__alpha_async__lesion__s1__0143942745,0.368190335682278,0.3804948581304563,0.25,False,0.1486672741765402,0.002,0.016,markov,0.68,square_vn,40,80,0.9,0.0751601803553782,0.3,0,0.42,0.08,160,0.0874824944100695,0.4,20,0.7923368968563426,7.747337905081415e-18,0.2,plastic,sensitivity,0.3527093026251256,False,alpha_async,40,150,210,1,-1,1.0,0.6,0.6,80,0.0858600089478304,0,0,40,1.0,2,0,0.25,0.01,0.75,50.0,lesion,30.0,0.45,0.2,0.1,0.002,8.0
52,260,0.2878585847123705,0.5,0.0465444902922998,0.0,0.125,0.0,square_moore__markov__plastic__intr0__struct0__alpha_async__lesion__s1__0b5cd1d02b,0.0898901945301885,0.0870660463354327,0.25,False,0.3805785178663698,0.002,0.016,markov,0.62,square_moore,40,80,0.9,0.336015572532041,0.3,0,0.42,0.08,160,0.2318213702500981,0.3,20,1.5215372518700587,4.968351238946924e-18,0.2,plastic,sensitivity,0.0360016029726576,False,alpha_async,40,150,210,1,-1,1.0,0.6,0.6,80,0.0737818528648173,0,0,40,1.0,2,0,0.25,0.01,0.75,50.0,lesion,30.0,0.45,0.2,0.1,0.002,8.0
52,260,0.2881330305959484,0.5,0.1206800149930253,0.0,0.125,0.0,hex_cells__markov__plastic__intr0__struct0__alpha_async__lesion__s1__467eb35959,0.1270052424946078,0.0834325612815638,0.25,False,0.4072847394388252,0.002,0.016,markov,0.58,hex_cells,40,80,0.9,0.3125199485934877,0.3,0,0.42,0.08,160,0.237107165825634,0.2,20,1.5246291794421791,2.837274534292906e-18,0.2,plastic,sensitivity,0.0879025660719448,False,alpha_async,40,150,210,1,-1,1.0,0.6,0.6,80,0.0747423262352002,0,0,40,1.0,2,0,0.25,0.01,0.75,50.0,lesion,30.0,0.45,0.2,0.1,0.002,8.0
52,260,0.4193387566607622,0.5,-0.3313134197968783,0.0,0.125,0.2894432551238109,hex_cells__ql__plastic__intr0__struct0__alpha_async__lesion__s2__74ea0ad2c9,0.020071298180576,-0.014814433982385,0.25,False,0.6195401118475645,0.002,0.016,ql,0.62,hex_cells,40,80,0.9,0.4467216512874086,0.3,0,0.42,0.08,160,0.3565568462179875,0.4,20,1.3190843690540424,3.8293780883326265e-18,0.2,plastic,sensitivity,0.0046140500275835,False,alpha_async,40,150,210,2,-1,1.0,0.6,0.6,80,0.0251365862430113,0,0,40,1.0,2,0,0.25,0.01,0.75,50.0,lesion,30.0,0.45,0.2,0.1,0.002,8.0
52,260,0.2821117578061526,0.5,0.2151958228077579,0.0,0.125,0.4051686146976363,honeycomb__ql__plastic__intr0__struct0__alpha_async__lesion__s2__e4b02c2a5f,0.1299641788720452,0.1072458689038822,0.25,False,0.6303803845758859,0.002,0.016,ql,0.58,honeycomb,40,80,0.9,0.2072189803703273,0.3,0,0.42,0.08,160,0.2474299231750055,0.3,20,1.4770553447550625,3.1914351218132506e-18,0.2,plastic,sensitivity,0.1141886223018834,False,alpha_async,40,150,210,2,-1,1.0,0.6,0.6,80,0.1235406032091237,0,0,40,1.0,2,0,0.25,0.01,0.75,50.0,lesion,30.0,0.45,0.2,0.1,0.002,8.0
52,260,0.4700504184282594,0.5,-0.0433366357735139,0.0,0.125,0.1593995534970791,extended_moore_r2__ql__plastic__intr0__struct0__alpha_async__lesion__s1__44dc3c7996,0.0082150294966616,-0.0005612166339171,0.25,False,0.829133747513839,0.002,0.016,ql,0.68,extended_moore_r2,40,80,0.9,0.2585685139546106,0.3,0,0.42,0.08,160,0.3953894454319092,0.2,20,0.6641450831867816,3.760872024143404e-18,0.2,plastic,sensitivity,0.0400329381860528,False,alpha_async,40,150,210,1,-1,1.0,0.6,0.6,80,0.004007366325605,0,0,40,0.9941136587771204,2,0,0.25,0.01,0.75,50.0,lesion,30.0,0.45,0.2,0.1,0.002,8.0
52,260,0.4452822158496696,0.5,-0.0400114061547565,0.0,0.125,0.1688628630038169,extended_hex_r2__ql__plastic__intr0__struct0__alpha_async__lesion__s1__774234fb32,0.0204523961323785,0.0007589092317837,0.25,False,0.9133612023168908,0.002,0.016,ql,0.58,extended_hex_r2,40,80,0.9,0.1832315067333499,0.3,0,0.42,0.08,160,0.3929116605760844,0.4,20,0.5517282747624542,3.167941572411735e-18,0.2,plastic,sensitivity,-0.0002913574596621,False,alpha_async,40,150,210,1,-1,1.0,0.6,0.6,80,0.0194803192163066,0,0,40,0.9994247205785668,2,0,0.25,0.01,0.75,50.0,lesion,30.0,0.45,0.2,0.1,0.002,8.0
52,260,0.3631508218208459,0.5,-0.0566239028186358,0.0,0.125,0.0,honeycomb_nnn__markov__plastic__intr0__struct0__alpha_async__lesion__s2__49e06d2180,0.0457182226426797,0.0411248380803506,0.25,False,0.4713588158774774,0.002,0.016,markov,0.68,honeycomb_nnn,40,80,0.9,0.3978344250129351,0.3,0,0.42,0.08,160,0.2898455320641562,0.3,20,1.4135613884609597,3.99079634123509e-18,0.2,plastic,sensitivity,0.0166164413176408,False,alpha_async,40,150,210,2,-1,1.0,0.6,0.6,80,0.0315820480478402,0,0,40,0.9999589086127548,2,0,0.25,0.01,0.75,50.0,lesion,30.0,0.45,0.2,0.1,0.002,8.0
52,260,0.090221073883414,0.5,0.5504718392725345,0.0,0.125,0.0,square_vn__markov__plastic__intr0__struct0__alpha_async__lesion__s2__2be07984f5,0.3630459192705115,0.3795249056798892,0.25,False,0.1641934478224756,0.002,0.006,markov,0.58,square_vn,40,80,0.9,0.0793180927207298,0.3,0,0.42,0.08,160,0.0919119723572872,0.2,20,0.8359656933510884,4.557303877510108e-18,0.2,plastic,sensitivity,0.3150582195275219,False,alpha_async,40,150,210,2,-1,1.0,0.6,0.6,80,0.0927375238462739,0,0,40,1.0,2,0,0.25,0.01,0.75,50.0,lesion,30.0,0.45,0.2,0.1,0.002,8.0
52,260,0.2831550095568264,0.5,0.1181127916572741,0.0,0.125,0.0,square_moore__markov__plastic__intr0__struct0__alpha_async__lesion__s1__d758a6b0a7,0.1030622328020627,0.0867948748766796,0.25,False,0.4037744437831786,0.002,0.006,markov,0.62,square_moore,40,80,0.9,0.3053165239319326,0.3,0,0.42,0.08,160,0.2272304290002987,0.4,20,1.5205092890264214,6.139810912527324e-18,0.2,plastic,sensitivity,0.0684848886422572,False,alpha_async,40,150,210,1,-1,1.0,0.6,0.6,80,0.0622596108458907,0,0,40,1.0,2,0,0.25,0.01,0.75,50.0,lesion,30.0,0.45,0.2,0.1,0.002,8.0
52,260,0.3241061823094345,0.5,0.0337655856212618,0.0,0.125,0.0,hex_cells__markov__plastic__intr0__struct0__alpha_async__lesion__s1__c947d8beeb,0.1184823890845155,0.0813545740627034,0.25,False,0.4085616590779179,0.002,0.006,markov,0.58,hex_cells,40,80,0.9,0.3658506040874396,0.3,0,0.42,0.08,160,0.2616040673695448,0.3,20,1.5813505575061002,3.251483787266503e-18,0.2,plastic,sensitivity,0.0778846704785072,False,alpha_async,40,150,210,1,-1,1.0,0.6,0.6,80,0.0623585243968511,0,0,40,1.0,2,0,0.25,0.01,0.75,50.0,lesion,30.0,0.45,0.2,0.1,0.002,8.0
52,260,0.443331948522812,0.5,-0.3814103885228708,0.0,0.125,0.2850324108765627,hex_cells__ql__plastic__intr0__struct0__alpha_async__lesion__s2__540bb1ceb8,0.0106321831481392,0.0007829026882319,0.25,False,0.594109331412997,0.002,0.006,ql,0.68,hex_cells,40,80,0.9,0.4882677113320167,0.3,0,0.42,0.08,160,0.3806970384732254,0.2,20,1.282548134152122,2.9700390135502112e-18,0.2,plastic,sensitivity,0.0168792692029642,False,alpha_async,40,150,210,2,-1,1.0,0.6,0.6,80,0.0191448750615705,0,0,40,1.0,2,0,0.25,0.01,0.75,50.0,lesion,30.0,0.45,0.2,0.1,0.002,8.0
52,260,0.2651916018900666,0.5,0.2459412757296295,0.0,0.125,0.4152333990488995,honeycomb__ql__plastic__intr0__struct0__alpha_async__lesion__s2__bd34343ce2,0.1639336508638307,0.1404077363044887,0.25,False,0.6121303139734012,0.002,0.006,ql,0.58,honeycomb,40,80,0.9,0.1915976731560244,0.3,0,0.42,0.08,160,0.2362143513302849,0.4,20,1.4385068610032985,2.164460596766421e-18,0.2,plastic,sensitivity,0.1464839642462486,False,alpha_async,40,150,210,2,-1,1.0,0.6,0.6,80,0.1415152671377234,0,0,40,1.0,2,0,0.25,0.01,0.75,50.0,lesion,30.0,0.45,0.2,0.1,0.002,8.0
52,260,0.43422165470109,0.5,-0.0925410290079523,0.0,0.125,0.1771187602155153,extended_moore_r2__ql__plastic__intr0__struct0__alpha_async__lesion__s1__53e749b3b8,-0.0253925176066582,-0.0062823599832058,0.25,False,0.7914954034472195,0.002,0.006,ql,0.68,extended_moore_r2,40,80,0.9,0.2894841862028361,0.3,0,0.42,0.08,160,0.3970542976996329,0.3,20,0.7254078648966509,5.0993388489491956e-18,0.2,plastic,sensitivity,0.0044364693875234,False,alpha_async,40,150,210,1,-1,1.0,0.6,0.6,80,0.0377684948153825,0,0,40,1.0,2,0,0.25,0.01,0.75,50.0,lesion,30.0,0.45,0.2,0.1,0.002,8.0
52,260,0.4374170968017157,0.5,-0.0410556773911933,0.0,0.125,0.1625609976859362,extended_hex_r2__ql__plastic__intr0__struct0__alpha_async__lesion__s1__13fa28c0de,0.0265204952419766,0.0183182969050318,0.25,False,0.8794363549482024,0.002,0.006,ql,0.62,extended_hex_r2,40,80,0.9,0.2134647684606983,0.3,0,0.42,0.08,160,0.4026619361627714,0.2,20,0.5142223668502831,3.2198141347096088e-18,0.2,plastic,sensitivity,-0.0207895788989249,False,alpha_async,40,150,210,1,-1,1.0,0.6,0.6,80,0.0052754447230532,0,0,40,1.0,2,0,0.25,0.01,0.75,50.0,lesion,30.0,0.45,0.2,0.1,0.002,8.0
52,260,0.3788116669463535,0.5,-0.1087556351894202,0.0,0.125,0.0,honeycomb_nnn__markov__plastic__intr0__struct0__alpha_async__lesion__s2__64768bd6f8,0.0415521180417482,0.0384300914531066,0.25,False,0.3985374700597152,0.002,0.006,markov,0.68,honeycomb_nnn,40,80,0.9,0.4447365750119006,0.3,0,0.42,0.08,160,0.3015883017009099,0.4,20,1.4151661555208668,3.484808791615457e-18,0.2,plastic,sensitivity,0.0090243827393226,False,alpha_async,40,150,210,2,-1,1.0,0.6,0.6,80,0.0478783111208676,0,0,40,1.0,2,0,0.25,0.01,0.75,50.0,lesion,30.0,0.45,0.2,0.1,0.002,8.0
52,260,0.0889803272697919,0.5,0.5431684600835663,0.0,0.125,0.0,square_vn__markov__plastic__intr0__struct0__alpha_async__lesion__s2__0aa89a49f2,0.35782697166002,0.3747967863581212,0.25,False,0.1630878682844852,0.002,0.01,markov,0.58,square_vn,40,80,0.9,0.0791451993874566,0.3,0,0.42,0.08,160,0.0922817394623957,0.2,20,0.8323340173468975,4.644139794603787e-18,0.2,plastic,sensitivity,0.3063670913605016,False,alpha_async,40,150,210,2,-1,1.0,0.6,0.6,80,0.0872667654663608,0,0,40,1.0,2,0,0.25,0.01,0.75,50.0,lesion,30.0,0.45,0.2,0.1,0.002,8.0
52,260,0.2869843729806927,0.5,0.0846058516566566,0.0,0.125,0.0,square_moore__markov__plastic__intr0__struct0__alpha_async__lesion__s1__b8fe3272b8,0.0929356280826407,0.086470364193377,0.25,False,0.3954062579137325,0.002,0.01,markov,0.62,square_moore,40,80,0.9,0.321038058184566,0.3,0,0.42,0.08,160,0.2314408010860337,0.4,20,1.5304273622071276,3.2202068346226264e-18,0.2,plastic,sensitivity,0.0597987594478227,False,alpha_async,40,150,210,1,-1,1.0,0.6,0.6,80,0.0592985619986428,0,0,40,1.0,2,0,0.25,0.01,0.75,50.0,lesion,30.0,0.45,0.2,0.1,0.002,8.0
52,260,0.3121334990872654,0.5,0.066822193203755,0.0,0.125,0.0,hex_cells__markov__plastic__intr0__struct0__alpha_async__lesion__s1__00a8a62e15,0.1051360000135874,0.0780134305964946,0.25,False,0.4095773383129145,0.002,0.01,markov,0.58,hex_cells,40,80,0.9,0.3462177004731658,0.3,0,0.42,0.08,160,0.2514304141574998,0.3,20,1.5672266736353866,2.554327426844386e-18,0.2,plastic,sensitivity,0.0648934179383317,False,alpha_async,40,150,210,1,-1,1.0,0.6,0.6,80,0.0616517222152478,0,0,40,1.0,2,0,0.25,0.01,0.75,50.0,lesion,30.0,0.45,0.2,0.1,0.002,8.0
52,260,0.434473412221777,0.5,-0.3694895134413356,0.0,0.125,0.2814341695219533,hex_cells__ql__plastic__intr0__struct0__alpha_async__lesion__s2__311e32729d,0.0089321568304386,-0.0126161938191804,0.25,False,0.599698490131288,0.002,0.01,ql,0.68,hex_cells,40,80,0.9,0.4781665111916727,0.3,0,0.42,0.08,160,0.3763560215365956,0.2,20,1.2922708205631306,2.400091352565147e-18,0.2,plastic,sensitivity,-0.0013679884702082,False,alpha_async,40,150,210,2,-1,1.0,0.6,0.6,80,0.025011604871665,0,0,40,1.0,2,0,0.25,0.01,0.75,50.0,lesion,30.0,0.45,0.2,0.1,0.002,8.0
52,260,0.2748382374653724,0.5,0.2275249879287582,0.0,0.125,0.4070815313069534,honeycomb__ql__plastic__intr0__struct0__alpha_async__lesion__s2__4070fa7b43,0.1373041205763717,0.1256254979686296,0.25,False,0.6260434328585699,0.002,0.01,ql,0.58,honeycomb,40,80,0.9,0.2001039817329155,0.3,0,0.42,0.08,160,0.2439779789673211,0.4,20,1.4439201222758526,2.2471131105493957e-18,0.2,plastic,sensitivity,0.1070401027645871,False,alpha_async,40,150,210,2,-1,1.0,0.6,0.6,80,0.1180197782768818,0,0,40,1.0,2,0,0.25,0.01,0.75,50.0,lesion,30.0,0.45,0.2,0.1,0.002,8.0
52,260,0.4454476508366984,0.5,-0.007596088218745,0.0,0.125,0.1661604462008719,extended_moore_r2__ql__plastic__intr0__struct0__alpha_async__lesion__s1__0fde6e0a09,-0.0328737716152176,-0.0246072848879292,0.25,False,0.8307292662924763,0.002,0.01,ql,0.68,extended_moore_r2,40,80,0.9,0.2566009419583566,0.3,0,0.42,0.08,160,0.3962176403452638,0.3,20,0.8065465541172081,3.5978267309060785e-18,0.2,plastic,sensitivity,0.0200384932219995,False,alpha_async,40,150,210,1,-1,1.0,0.6,0.6,80,0.0233854310926754,0,0,40,0.9998613165680472,2,0,0.25,0.01,0.75,50.0,lesion,30.0,0.45,0.2,0.1,0.002,8.0
52,260,0.4375841366863853,0.5,-0.0448815883365079,0.0,0.125,0.1630111155133588,extended_hex_r2__ql__plastic__intr0__struct0__alpha_async__lesion__s1__2ae91cf401,0.0281801910431582,0.0212812738411264,0.25,False,0.8769621068540735,0.002,0.01,ql,0.62,extended_hex_r2,40,80,0.9,0.2158157972195889,0.3,0,0.42,0.08,160,0.4022206246165671,0.2,20,0.5002382986502144,2.867012517884399e-18,0.2,plastic,sensitivity,-0.0268827221847519,False,alpha_async,40,150,210,1,-1,1.0,0.6,0.6,80,0.0045651169032115,0,0,40,1.0,2,0,0.25,0.01,0.75,50.0,lesion,30.0,0.45,0.2,0.1,0.002,8.0
52,260,0.3567341368620131,0.5,-0.0398705255238796,0.0,0.125,0.0,honeycomb_nnn__markov__plastic__intr0__struct0__alpha_async__lesion__s2__ad79b9190d,0.0609474722037445,0.0553458853980865,0.25,False,0.4472498672789686,0.002,0.01,markov,0.68,honeycomb_nnn,40,80,0.9,0.3969117382203074,0.3,0,0.42,0.08,160,0.2867835033640819,0.4,20,1.4380886404721611,3.1826835849187464e-18,0.2,plastic,sensitivity,0.0343284222368225,False,alpha_async,40,150,210,2,-1,1.0,0.6,0.6,80,0.0388354553223556,0,0,40,1.0,2,0,0.25,0.01,0.75,50.0,lesion,30.0,0.45,0.2,0.1,0.002,8.0
52,260,0.0871930180830406,0.5,0.5573664041717018,0.0,0.125,0.0,square_vn__markov__plastic__intr0__struct0__alpha_async__lesion__s2__ad590c65be,0.3756211293749047,0.367676903362981,0.25,False,0.1596503272965253,0.002,0.016,markov,0.58,square_vn,40,80,0.9,0.075969479263247,0.3,0,0.42,0.08,160,0.0900080737412016,0.2,20,0.8328771732430438,3.8989347290143645e-18,0.2,plastic,sensitivity,0.362289737021095,False,alpha_async,40,150,210,2,-1,1.0,0.6,0.6,80,0.0928150614556874,0,0,40,1.0,2,0,0.25,0.01,0.75,50.0,lesion,30.0,0.45,0.2,0.1,0.002,8.0
52,260,0.2856356420400279,0.5,0.039921108498676,0.0,0.125,0.0,square_moore__markov__plastic__intr0__struct0__alpha_async__lesion__s1__5ed44c8b89,0.090256434572609,0.0887168979545573,0.25,False,0.3763887325015044,0.002,0.016,markov,0.62,square_moore,40,80,0.9,0.337103793307656,0.3,0,0.42,0.08,160,0.2299597222454953,0.4,20,1.5192526525381875,5.453609981621609e-18,0.2,plastic,sensitivity,0.0518991083204717,False,alpha_async,40,150,210,1,-1,1.0,0.6,0.6,80,0.0542391979989834,0,0,40,1.0,2,0,0.25,0.01,0.75,50.0,lesion,30.0,0.45,0.2,0.1,0.002,8.0
52,260,0.2923249649322949,0.5,0.1191550372338818,0.0,0.125,0.0,hex_cells__markov__plastic__intr0__struct0__alpha_async__lesion__s1__44ab32c639,0.1230857795319008,0.0884086288825862,0.25,False,0.4117215695517854,0.002,0.016,markov,0.58,hex_cells,40,80,0.9,0.3144896794073583,0.3,0,0.42,0.08,160,0.23669814705518,0.3,20,1.5312136991745433,3.1202024973765992e-18,0.2,plastic,sensitivity,0.0816449871888643,False,alpha_async,40,150,210,1,-1,1.0,0.6,0.6,80,0.072121858464722,0,0,40,1.0,2,0,0.25,0.01,0.75,50.0,lesion,30.0,0.45,0.2,0.1,0.002,8.0
52,260,0.4304769860358009,0.5,-0.356037354173528,0.0,0.125,0.281054499188767,hex_cells__ql__plastic__intr0__struct0__alpha_async__lesion__s2__c2a26239b8,-0.0075950429852602,0.0014441912051706,0.25,False,0.6086716246434267,0.002,0.016,ql,0.68,hex_cells,40,80,0.9,0.4665123846248605,0.3,0,0.42,0.08,160,0.3718644572062643,0.2,20,1.3040713788587368,1.6020140730700262e-18,0.2,plastic,sensitivity,-0.0048215391358703,False,alpha_async,40,150,210,2,-1,1.0,0.6,0.6,80,0.036507281112655,0,0,40,1.0,2,0,0.25,0.01,0.75,50.0,lesion,30.0,0.45,0.2,0.1,0.002,8.0
52,260,0.2828413630010911,0.5,0.1965234642708082,0.0,0.125,0.4014072087469132,honeycomb__ql__plastic__intr0__struct0__alpha_async__lesion__s2__b0eba04f18,0.1300424964209153,0.1081254255763587,0.25,False,0.63061054632764,0.002,0.016,ql,0.58,honeycomb,40,80,0.9,0.2126830592600246,0.3,0,0.42,0.08,160,0.2487402439214321,0.4,20,1.4819384332374188,2.092360650122193e-18,0.2,plastic,sensitivity,0.0975795806875897,False,alpha_async,40,150,210,2,-1,1.0,0.6,0.6,80,0.1135153600832058,0,0,40,1.0,2,0,0.25,0.01,0.75,50.0,lesion,30.0,0.45,0.2,0.1,0.002,8.0
52,260,0.4664376478148808,0.5,-0.0498252165306938,0.0,0.125,0.1625037709355657,extended_moore_r2__ql__plastic__intr0__struct0__alpha_async__lesion__s1__18c96eb5a7,-0.0157746523318856,-0.0165708332837081,0.25,False,0.8250434274680755,0.002,0.016,ql,0.68,extended_moore_r2,40,80,0.9,0.2622257132812669,0.3,0,0.42,0.08,160,0.3930051003532528,0.3,20,0.6749046527006127,3.099523255308761e-18,0.2,plastic,sensitivity,0.0253922611935613,False,alpha_async,40,150,210,1,-1,1.0,0.6,0.6,80,0.006745465457585,0,0,40,0.9931582840236688,2,0,0.25,0.01,0.75,50.0,lesion,30.0,0.45,0.2,0.1,0.002,8.0
52,260,0.4422255990507889,0.5,-0.0281889131305694,0.0,0.125,0.1638447481844515,extended_hex_r2__ql__plastic__intr0__struct0__alpha_async__lesion__s1__f14d11cc02,0.0321694068115846,0.0180478771414375,0.25,False,0.8857208112873618,0.002,0.016,ql,0.62,extended_hex_r2,40,80,0.9,0.2088844596780624,0.3,0,0.42,0.08,160,0.4000901311732638,0.2,20,0.597688601916829,3.4012502847466687e-18,0.2,plastic,sensitivity,-0.0129744210251929,False,alpha_async,40,150,210,1,-1,1.0,0.6,0.6,80,0.008008171348899,0,0,40,0.9995479947403024,2,0,0.25,0.01,0.75,50.0,lesion,30.0,0.45,0.2,0.1,0.002,8.0
52,260,0.3593187573991312,0.5,-0.0517640886460745,0.0,0.125,0.0,honeycomb_nnn__markov__plastic__intr0__struct0__alpha_async__lesion__s2__bf1c1bce27,0.0566763425817592,0.037096230231968,0.25,False,0.457107601370376,0.002,0.016,markov,0.68,honeycomb_nnn,40,80,0.9,0.3978703597459296,0.3,0,0.42,0.08,160,0.2868790737428976,0.4,20,1.4291948351077688,4.334518045604923e-18,0.2,plastic,sensitivity,0.0169829696605159,False,alpha_async,40,150,210,2,-1,1.0,0.6,0.6,80,0.0350199018292557,0,0,40,1.0,2,0,0.25,0.01,0.75,50.0,lesion,30.0,0.45,0.2,0.1,0.002,8.0
52,260,0.0884904881346683,0.5,0.5655960014708779,0.0,0.125,0.0,square_vn__markov__plastic__intr0__struct0__alpha_async__lesion__s2__bcefaa4f2d,0.3615817624007111,0.3766959094477753,0.25,False,0.1607180286969461,0.002,0.006,markov,0.58,square_vn,40,80,0.9,0.0761567718720967,0.3,0,0.42,0.08,160,0.091623977485739,0.3,20,0.8317048797971517,2.988866448269588e-18,0.2,plastic,sensitivity,0.3729216359198352,False,alpha_async,40,150,210,2,-1,1.0,0.6,0.6,80,0.0909327089270456,0,0,40,1.0,2,0,0.25,0.01,0.75,50.0,lesion,30.0,0.45,0.2,0.1,0.002,8.0
52,260,0.3229986254034814,0.5,0.005472830388055,0.0,0.125,0.0,square_moore__markov__plastic__intr0__struct0__alpha_async__lesion__s1__341239ce64,0.0677068275326697,0.0534656247450019,0.25,False,0.4517337104397881,0.002,0.006,markov,0.68,square_moore,40,80,0.9,0.3567705955579909,0.3,0,0.42,0.08,160,0.2571778031246038,0.2,20,1.557966859208306,4.1959430069153395e-18,0.2,plastic,sensitivity,0.0436516813610638,False,alpha_async,40,150,210,1,-1,1.0,0.6,0.6,80,0.0627889631982562,0,0,40,1.0,2,0,0.25,0.01,0.75,50.0,lesion,30.0,0.45,0.2,0.1,0.002,8.0
52,260,0.3249210251371073,0.5,0.0454100182881497,0.0,0.125,0.0,hex_cells__markov__plastic__intr0__struct0__alpha_async__lesion__s1__f808d2f0e7,0.1141494741500358,0.0740739180969997,0.25,False,0.4097210656977065,0.002,0.006,markov,0.58,hex_cells,40,80,0.9,0.3630553341989551,0.3,0,0.42,0.08,160,0.2600026676287584,0.4,20,1.577661110874792,2.0557002522338473e-18,0.2,plastic,sensitivity,0.0687356477538586,False,alpha_async,40,150,210,1,-1,1.0,0.6,0.6,80,0.0678164245353605,0,0,40,1.0,2,0,0.25,0.01,0.75,50.0,lesion,30.0,0.45,0.2,0.1,0.002,8.0
52,260,0.4409741374030099,0.5,-0.3746438179064705,0.0,0.125,0.2871965665643959,hex_cells__ql__plastic__intr0__struct0__alpha_async__lesion__s2__f0c65a7455,0.0188643751065266,-0.0017070876454341,0.25,False,0.5840312768422686,0.002,0.006,ql,0.68,hex_cells,40,80,0.9,0.4907888921260169,0.3,0,0.42,0.08,160,0.3784523919553639,0.3,20,1.2768036075070766,1.3384925680336092e-18,0.2,plastic,sensitivity,0.0111317303886067,False,alpha_async,40,150,210,2,-1,1.0,0.6,0.6,80,0.0267245067852029,0,0,40,1.0,2,0,0.25,0.01,0.75,50.0,lesion,30.0,0.45,0.2,0.1,0.002,8.0
52,260,0.3036349233322399,0.5,0.1673585289264393,0.0,0.125,0.3850075623247486,honeycomb__ql__plastic__intr0__struct0__alpha_async__lesion__s2__8e3c151853,0.0960853605993374,0.0909652823923686,0.25,False,0.6445024496715829,0.002,0.006,ql,0.62,honeycomb,40,80,0.9,0.2319069904522278,0.3,0,0.42,0.08,160,0.2614276536522892,0.2,20,1.52504150401987,2.715961817910849e-18,0.2,plastic,sensitivity,0.0709470218026274,False,alpha_async,40,150,210,2,-1,1.0,0.6,0.6,80,0.0870114569419793,0,0,40,1.0,2,0,0.25,0.01,0.75,50.0,lesion,30.0,0.45,0.2,0.1,0.002,8.0
52,260,0.4411368735202409,0.5,-0.0492892515441838,0.0,0.125,0.1747452555675866,extended_moore_r2__ql__plastic__intr0__struct0__alpha_async__lesion__s1__a2ef5edb83,-0.0427312441364474,-0.0239639734351464,0.25,False,0.8085197253754064,0.002,0.006,ql,0.68,extended_moore_r2,40,80,0.9,0.2765702716361287,0.3,0,0.42,0.08,160,0.3957564344838425,0.4,20,0.8166804500216246,4.118679732413399e-18,0.2,plastic,sensitivity,0.0113477672591736,False,alpha_async,40,150,210,1,-1,1.0,0.6,0.6,80,0.0277659408153075,0,0,40,1.0,2,0,0.25,0.01,0.75,50.0,lesion,30.0,0.45,0.2,0.1,0.002,8.0
52,260,0.434451502208886,0.5,-0.0504152496187896,0.0,0.125,0.1638399485606403,extended_hex_r2__ql__plastic__intr0__struct0__alpha_async__lesion__s1__1e6edb0032,0.0301511484172395,0.0198578957474626,0.25,False,0.8747599102453942,0.002,0.006,ql,0.62,extended_hex_r2,40,80,0.9,0.2165803243313674,0.3,0,0.42,0.08,160,0.4018892140220303,0.3,20,0.4536718252913214,2.926398110045452e-18,0.2,plastic,sensitivity,-0.0285448453640361,False,alpha_async,40,150,210,1,-1,1.0,0.6,0.6,80,0.0041936080586347,0,0,40,1.0,2,0,0.25,0.01,0.75,50.0,lesion,30.0,0.45,0.2,0.1,0.002,8.0
52,260,0.4313682642913012,0.5,-0.3135822871168787,0.0,0.125,0.2818795889365963,honeycomb_nnn__ql__plastic__intr0__struct0__alpha_async__lesion__s1__c9352b07ea,0.0055355677264627,-0.0070566670165465,0.25,False,0.4727566261741668,0.002,0.006,ql,0.58,honeycomb_nnn,40,80,0.9,0.5183820722612199,0.3,0,0.42,0.08,160,0.3716912867955749,0.2,20,1.207641042087759,3.775927993623455e-18,0.2,plastic,sensitivity,-3.379104779814435e-05,False,alpha_async,40,150,210,1,-1,1.0,0.6,0.6,80,0.0655557154956196,0,0,40,1.0,2,0,0.25,0.01,0.75,50.0,lesion,30.0,0.45,0.2,0.1,0.002,8.0
52,260,0.0804839475738789,0.5,0.560358783097743,0.0,0.125,0.0,square_vn__markov__plastic__intr0__struct0__alpha_async__lesion__s2__343a05a843,0.3904993553503977,0.3934479973037315,0.25,False,0.1493418539640614,0.002,0.01,markov,0.58,square_vn,40,80,0.9,0.0706207618678248,0.3,0,0.42,0.08,160,0.0870216541087009,0.3,20,0.7794467171192759,6.238285424308278e-18,0.2,plastic,sensitivity,0.3907291638234311,False,alpha_async,40,150,210,2,-1,1.0,0.6,0.6,80,0.0867792195612428,0,0,40,1.0,2,0,0.25,0.01,0.75,50.0,lesion,30.0,0.45,0.2,0.1,0.002,8.0
52,260,0.3202982364167866,0.5,0.0034429302903468,0.0,0.125,0.0,square_moore__markov__plastic__intr0__struct0__alpha_async__lesion__s1__fc00307f86,0.0701533229156196,0.070660959725876,0.25,False,0.4378514519840042,0.002,0.01,markov,0.68,square_moore,40,80,0.9,0.3570484672035655,0.3,0,0.42,0.08,160,0.2554649331364875,0.2,20,1.559054019950147,5.06138364537213e-18,0.2,plastic,sensitivity,0.0432046029705215,False,alpha_async,40,150,210,1,-1,1.0,0.6,0.6,80,0.172170338759551,0,0,40,1.0,2,0,0.25,0.01,0.75,50.0,lesion,30.0,0.45,0.2,0.1,0.002,8.0
52,260,0.2990804353107992,0.5,0.0989314064157192,0.0,0.125,0.0,hex_cells__markov__plastic__intr0__struct0__alpha_async__lesion__s1__51435d1196,0.1264754247642416,0.0821571930858966,0.25,False,0.3965152426383897,0.002,0.01,markov,0.58,hex_cells,40,80,0.9,0.3297663506985944,0.3,0,0.42,0.08,160,0.2420096700116418,0.4,20,1.5547282051526192,3.3943859760268623e-18,0.2,plastic,sensitivity,0.0840280748060073,False,alpha_async,40,150,210,1,-1,1.0,0.6,0.6,80,0.0721522519194245,0,0,40,1.0,2,0,0.25,0.01,0.75,50.0,lesion,30.0,0.45,0.2,0.1,0.002,8.0
52,260,0.4345439795256575,0.5,-0.365324871682829,0.0,0.125,0.2848204817612839,hex_cells__ql__plastic__intr0__struct0__alpha_async__lesion__s2__04bb665cf4,0.0090564374847293,-0.0065269204630423,0.25,False,0.5906843892480826,0.002,0.01,ql,0.68,hex_cells,40,80,0.9,0.4816713727057245,0.3,0,0.42,0.08,160,0.3738603189544337,0.3,20,1.3305147480908206,2.5503262011195784e-18,0.2,plastic,sensitivity,0.0070742978271962,False,alpha_async,40,150,210,2,-1,1.0,0.6,0.6,80,0.0263831534322216,0,0,40,1.0,2,0,0.25,0.01,0.75,50.0,lesion,30.0,0.45,0.2,0.1,0.002,8.0
52,260,0.3000658591562442,0.5,0.1720855130602393,0.0,0.125,0.3890111267072883,honeycomb__ql__plastic__intr0__struct0__alpha_async__lesion__s2__f6eec543ad,0.1123863440939638,0.0836814030714035,0.25,False,0.6417128624099764,0.002,0.01,ql,0.62,honeycomb,40,80,0.9,0.2291949741171061,0.3,0,0.42,0.08,160,0.2612030403505215,0.2,20,1.5126204416695446,3.492858293307476e-18,0.2,plastic,sensitivity,0.0826427175162505,False,alpha_async,40,150,210,2,-1,1.0,0.6,0.6,80,0.0917041059904268,0,0,40,1.0,2,0,0.25,0.01,0.75,50.0,lesion,30.0,0.45,0.2,0.1,0.002,8.0
52,260,0.44617035502824,0.5,-0.0187310065775979,0.0,0.125,0.1682603535840842,extended_moore_r2__ql__plastic__intr0__struct0__alpha_async__lesion__s1__7e1382c583,-0.0237698474982888,-0.0280834422719204,0.25,False,0.8257661232147715,0.002,0.01,ql,0.68,extended_moore_r2,40,80,0.9,0.2618614523676728,0.3,0,0.42,0.08,160,0.3947215248713828,0.4,20,0.827260284247023,3.0933963471093767e-18,0.2,plastic,sensitivity,0.0169430095282984,False,alpha_async,40,150,210,1,-1,1.0,0.6,0.6,80,0.0218938561958369,0,0,40,0.9997996794871796,2,0,0.25,0.01,0.75,50.0,lesion,30.0,0.45,0.2,0.1,0.002,8.0
52,260,0.4336944583835949,0.5,-0.0515533572406046,0.0,0.125,0.1642818394195982,extended_hex_r2__ql__plastic__intr0__struct0__alpha_async__lesion__s1__cd1278d6ea,0.0237598814817716,0.0189256919085218,0.25,False,0.8754880014258329,0.002,0.01,ql,0.62,extended_hex_r2,40,80,0.9,0.2151293525648956,0.3,0,0.42,0.08,160,0.4009349449525889,0.3,20,0.4180608756724375,3.3156304667046133e-18,0.2,plastic,sensitivity,-0.0284623457892987,False,alpha_async,40,150,210,1,-1,1.0,0.6,0.6,80,0.0046391855584722,0,0,40,1.0,2,0,0.25,0.01,0.75,50.0,lesion,30.0,0.45,0.2,0.1,0.002,8.0
52,260,0.4239703770500619,0.5,-0.299489928750427,0.0,0.125,0.2802720192879991,honeycomb_nnn__ql__plastic__intr0__struct0__alpha_async__lesion__s1__7b95ed87b7,-0.0027906234124787,-0.0099570115265351,0.25,False,0.5199072070816212,0.002,0.01,ql,0.58,honeycomb_nnn,40,80,0.9,0.4894975232252598,0.3,0,0.42,0.08,160,0.364977780801611,0.2,20,1.1858212171919096,3.4494547335825852e-18,0.2,plastic,sensitivity,-0.0076676745985558,False,alpha_async,40,150,210,1,-1,1.0,0.6,0.6,80,0.054851458727737,0,0,40,1.0,2,0,0.25,0.01,0.75,50.0,lesion,30.0,0.45,0.2,0.1,0.002,8.0
52,260,0.0831497537891254,0.5,0.549727891016709,0.0,0.125,0.0,square_vn__markov__plastic__intr0__struct0__alpha_async__lesion__s2__45e3ba7cc9,0.3966256176119607,0.3754399691616977,0.25,False,0.1518953469870753,0.002,0.016,markov,0.58,square_vn,40,80,0.9,0.0739746863067902,0.3,0,0.42,0.08,160,0.0881570419656445,0.3,20,0.7912872578310722,5.0396798886883004e-18,0.2,plastic,sensitivity,0.3727551018908766,False,alpha_async,40,150,210,2,-1,1.0,0.6,0.6,80,0.0837469920737012,0,0,40,1.0,2,0,0.25,0.01,0.75,50.0,lesion,30.0,0.45,0.2,0.1,0.002,8.0
52,260,0.3095608649570962,0.5,-0.0005986023706962,0.0,0.125,0.0,square_moore__markov__plastic__intr0__struct0__alpha_async__lesion__s1__5f81da398a,0.073646139210753,0.0900841998464485,0.25,False,0.4129783833912934,0.002,0.016,markov,0.68,square_moore,40,80,0.9,0.3594832828485234,0.3,0,0.42,0.08,160,0.2457803859063381,0.2,20,1.5457172858331834,4.8106984582231114e-18,0.2,plastic,sensitivity,0.0372590329690289,False,alpha_async,40,150,210,1,-1,1.0,0.6,0.6,80,0.0416569819112361,0,0,40,1.0,2,0,0.25,0.01,0.75,50.0,lesion,30.0,0.45,0.2,0.1,0.002,8.0
52,260,0.2891904337030483,0.5,0.1188135539800437,0.0,0.125,0.0,hex_cells__markov__plastic__intr0__struct0__alpha_async__lesion__s1__b397d76f9f,0.1205979215561947,0.0895328766185598,0.25,False,0.3968397356696136,0.002,0.016,markov,0.58,hex_cells,40,80,0.9,0.317047737034858,0.3,0,0.42,0.08,160,0.2356864603688591,0.4,20,1.5359502408848895,3.796644141378483e-18,0.2,plastic,sensitivity,0.0700799934867045,False,alpha_async,40,150,210,1,-1,1.0,0.6,0.6,80,0.0739786417493389,0,0,40,1.0,2,0,0.25,0.01,0.75,50.0,lesion,30.0,0.45,0.2,0.1,0.002,8.0
52,260,0.4282434989982585,0.5,-0.3488962242069084,0.0,0.125,0.2798130077762216,hex_cells__ql__plastic__intr0__struct0__alpha_async__lesion__s2__9bae29e17f,0.0086637056702026,-0.0074146477786513,0.25,False,0.6233633585127175,0.002,0.016,ql,0.68,hex_cells,40,80,0.9,0.4544682524433361,0.3,0,0.42,0.08,160,0.3702272743210361,0.3,20,1.267752588408533,3.1885344846621983e-18,0.2,plastic,sensitivity,0.0123493935096968,False,alpha_async,40,150,210,2,-1,1.0,0.6,0.6,80,0.0130350777657233,0,0,40,1.0,2,0,0.25,0.01,0.75,50.0,lesion,30.0,0.45,0.2,0.1,0.002,8.0
52,260,0.2780201981704571,0.5,0.2134012402956751,0.0,0.125,0.4034643141662337,honeycomb__ql__plastic__intr0__struct0__alpha_async__lesion__s2__ec1e4b0d66,0.1441325842829485,0.1103699550237906,0.25,False,0.6228561518648615,0.002,0.016,ql,0.62,honeycomb,40,80,0.9,0.2083312925459478,0.3,0,0.42,0.08,160,0.2459640149488111,0.2,20,1.4664510294215056,3.2029972638712893e-18,0.2,plastic,sensitivity,0.1137060491346689,False,alpha_async,40,150,210,2,-1,1.0,0.6,0.6,80,0.1184892200427413,0,0,40,1.0,2,0,0.25,0.01,0.75,50.0,lesion,30.0,0.45,0.2,0.1,0.002,8.0
52,260,0.468639228505203,0.5,-0.0428293407494181,0.0,0.125,0.1619587103132168,extended_moore_r2__ql__plastic__intr0__struct0__alpha_async__lesion__s1__8136eea57b,0.0018875705657644,-0.0053681791207968,0.25,False,0.8283779261306651,0.002,0.016,ql,0.68,extended_moore_r2,40,80,0.9,0.2587596342743594,0.3,0,0.42,0.08,160,0.3929718829675325,0.4,20,0.6703250877044719,4.133492661674122e-18,0.2,plastic,sensitivity,0.0342996448734481,False,alpha_async,40,150,210,1,-1,1.0,0.6,0.6,80,0.004040539285405,0,0,40,0.9940828402366864,2,0,0.25,0.01,0.75,50.0,lesion,30.0,0.45,0.2,0.1,0.002,8.0
52,260,0.4468461844027185,0.5,-0.0116267052554911,0.0,0.125,0.1633653970476231,extended_hex_r2__ql__plastic__intr0__struct0__alpha_async__lesion__s1__a582050e82,0.0332817225603508,0.0228237976868924,0.25,False,0.8891256712803303,0.002,0.016,ql,0.62,extended_hex_r2,40,80,0.9,0.2071022951333612,0.3,0,0.42,0.08,160,0.3980621408001173,0.3,20,0.6766950084941866,4.487775838567225e-18,0.2,plastic,sensitivity,0.0138112974183059,False,alpha_async,40,150,210,1,-1,1.0,0.6,0.6,80,0.0216632835698124,0,0,40,0.9994863576594346,2,0,0.25,0.01,0.75,50.0,lesion,30.0,0.45,0.2,0.1,0.002,8.0
52,260,0.4147826725112937,0.5,-0.2885464220940037,0.0,0.125,0.277991938077899,honeycomb_nnn__ql__plastic__intr0__struct0__alpha_async__lesion__s1__a485cb5d22,-0.0054393144488739,-0.0104192215029937,0.25,False,0.5726490130753318,0.002,0.016,ql,0.58,honeycomb_nnn,40,80,0.9,0.4576270402599043,0.3,0,0.42,0.08,160,0.3571782675304148,0.2,20,1.1586572261535393,3.6028355096087906e-18,0.2,plastic,sensitivity,-0.0126248606451352,False,alpha_async,40,150,210,1,-1,1.0,0.6,0.6,80,0.0453685065716327,0,0,40,1.0,2,0,0.25,0.01,0.75,50.0,lesion,30.0,0.45,0.2,0.1,0.002,8.0
52,260,0.082425912762859,0.5,0.5457466285653189,0.0,0.125,0.0,square_vn__markov__plastic__intr0__struct0__alpha_async__lesion__s2__4a38e976b3,0.387500871159059,0.3866016785907148,0.25,False,0.150579750748042,0.002,0.006,markov,0.58,square_vn,40,80,0.9,0.0736079982592681,0.3,0,0.42,0.08,160,0.0881151073015377,0.4,20,0.7856067795118076,6.716343351067719e-18,0.2,plastic,sensitivity,0.3736427263976953,False,alpha_async,40,150,210,2,-1,1.0,0.6,0.6,80,0.0841880297983494,0,0,40,1.0,2,0,0.25,0.01,0.75,50.0,lesion,30.0,0.45,0.2,0.1,0.002,8.0
52,260,0.309029736588235,0.5,0.0477868735357165,0.0,0.125,0.0,square_moore__markov__plastic__intr0__struct0__alpha_async__lesion__s1__6a4e91872d,0.0863879757124747,0.0671137126777491,0.25,False,0.4401182774550807,0.002,0.006,markov,0.68,square_moore,40,80,0.9,0.3380406596182248,0.3,0,0.42,0.08,160,0.2464395460011492,0.3,20,1.5478012490995816,4.9527242703068774e-18,0.2,plastic,sensitivity,0.0512645275221564,False,alpha_async,40,150,210,1,-1,1.0,0.6,0.6,80,0.0585135451205798,0,0,40,1.0,2,0,0.25,0.01,0.75,50.0,lesion,30.0,0.45,0.2,0.1,0.002,8.0
52,260,0.3534490049690308,0.5,-0.0331582124965326,0.0,0.125,0.0,hex_cells__markov__plastic__intr0__struct0__alpha_async__lesion__s1__43c5211832,0.0795329521092825,0.0586231632525155,0.25,False,0.440617934030058,0.002,0.006,markov,0.62,hex_cells,40,80,0.9,0.3954592028172701,0.3,0,0.42,0.08,160,0.2822094371967545,0.2,20,1.5613634235856295,3.306420572894684e-18,0.2,plastic,sensitivity,0.0409301904301549,False,alpha_async,40,150,210,1,-1,1.0,0.6,0.6,80,0.0447254088219951,0,0,40,1.0,2,0,0.25,0.01,0.75,50.0,lesion,30.0,0.45,0.2,0.1,0.002,8.0
52,260,0.4419059817442135,0.5,-0.3744148315516828,0.0,0.125,0.2863946760680295,hex_cells__ql__plastic__intr0__struct0__alpha_async__lesion__s2__da041854a9,0.008965557233011,-0.0028337548597161,0.25,False,0.5872044628362812,0.002,0.006,ql,0.68,hex_cells,40,80,0.9,0.4893468190498763,0.3,0,0.42,0.08,160,0.3783001710662894,0.4,20,1.2884396153485875,2.245125394029122e-18,0.2,plastic,sensitivity,0.0012208080146886,False,alpha_async,40,150,210,2,-1,1.0,0.6,0.6,80,0.0158428673249616,0,0,40,1.0,2,0,0.25,0.01,0.75,50.0,lesion,30.0,0.45,0.2,0.1,0.002,8.0
52,260,0.2961653069825714,0.5,0.171994121447965,0.0,0.125,0.3922020386232054,honeycomb__ql__plastic__intr0__struct0__alpha_async__lesion__s2__46c0f831fb,0.1251006060732373,0.0989740562562618,0.25,False,0.6381297689382852,0.002,0.006,ql,0.62,honeycomb,40,80,0.9,0.2280296278148224,0.3,0,0.42,0.08,160,0.2580676830932289,0.3,20,1.4972497478113682,3.0069049401060127e-18,0.2,plastic,sensitivity,0.096972763491329,False,alpha_async,40,150,210,2,-1,1.0,0.6,0.6,80,0.0891359591528238,0,0,40,1.0,2,0,0.25,0.01,0.75,50.0,lesion,30.0,0.45,0.2,0.1,0.002,8.0
52,260,0.4277211019276012,0.5,-0.2838886407330206,0.0,0.125,0.2311502841064424,extended_moore_r2__ql__plastic__intr0__struct0__alpha_async__lesion__s2__d9ef890e85,-0.0052498126734779,-0.0007017059406822,0.25,False,0.6216180629275166,0.002,0.006,ql,0.58,extended_moore_r2,40,80,0.9,0.4322482430495105,0.3,0,0.42,0.08,160,0.37970271660936,0.2,20,0.8495960831636425,4.653968432077092e-18,0.2,plastic,sensitivity,-0.0005430021512209,False,alpha_async,40,150,210,2,-1,1.0,0.6,0.6,80,0.1281837904255923,0,0,40,0.9999845907297832,2,0,0.25,0.01,0.75,50.0,lesion,30.0,0.45,0.2,0.1,0.002,8.0
52,260,0.4352646338330909,0.5,-0.0527243750311582,0.0,0.125,0.1651562195995732,extended_hex_r2__ql__plastic__intr0__struct0__alpha_async__lesion__s1__8b797be213,0.0175680885766819,0.0139101812849789,0.25,False,0.8758497072324256,0.002,0.006,ql,0.62,extended_hex_r2,40,80,0.9,0.2160566287883706,0.3,0,0.42,0.08,160,0.4008835443042849,0.4,20,0.4420881711464802,3.868230908712741e-18,0.2,plastic,sensitivity,-0.0255261943477471,False,alpha_async,40,150,210,1,-1,1.0,0.6,0.6,80,0.0058557348947965,0,0,40,1.0,2,0,0.25,0.01,0.75,50.0,lesion,30.0,0.45,0.2,0.1,0.002,8.0
52,260,0.4307429411968077,0.5,-0.3034766293418225,0.0,0.125,0.2800403570423591,honeycomb_nnn__ql__plastic__intr0__struct0__alpha_async__lesion__s1__2326f7aa9b,0.0003466639793111,-0.0023477703102746,0.25,False,0.4709900523076342,0.002,0.006,ql,0.58,honeycomb_nnn,40,80,0.9,0.5139917743264326,0.3,0,0.42,0.08,160,0.3708447263847862,0.3,20,1.1819340874884587,4.917055441757327e-18,0.2,plastic,sensitivity,-0.0087125104779782,False,alpha_async,40,150,210,1,-1,1.0,0.6,0.6,80,0.0531564720332104,0,0,40,1.0,2,0,0.25,0.01,0.75,50.0,lesion,30.0,0.45,0.2,0.1,0.002,8.0
52,260,0.0839430623772691,0.5,0.5435068164178422,0.0,0.125,0.0,square_vn__markov__plastic__intr0__struct0__alpha_async__lesion__s2__d1870229fd,0.3831255846653176,0.3884852552462135,0.25,False,0.1541816206717194,0.002,0.01,markov,0.58,square_vn,40,80,0.9,0.0753904973037209,0.3,0,0.42,0.08,160,0.0882012829403003,0.4,20,0.7917838182572688,8.315005517788159e-18,0.2,plastic,sensitivity,0.3649782567118487,False,alpha_async,40,150,210,2,-1,1.0,0.6,0.6,80,0.0850309984766973,0,0,40,1.0,2,0,0.25,0.01,0.75,50.0,lesion,30.0,0.45,0.2,0.1,0.002,8.0
52,260,0.3178179886948408,0.5,-0.0020653937004102,0.0,0.125,0.0,square_moore__markov__plastic__intr0__struct0__alpha_async__lesion__s1__c8b0bbfb3a,0.0689181569729787,0.067551409922375,0.25,False,0.4176771839744157,0.002,0.01,markov,0.68,square_moore,40,80,0.9,0.3630540143056344,0.3,0,0.42,0.08,160,0.2528776802761823,0.3,20,1.5581198295662742,3.0810411860775157e-18,0.2,plastic,sensitivity,0.0428218275448446,False,alpha_async,40,150,210,1,-1,1.0,0.6,0.6,80,0.0419541322048927,0,0,40,1.0,2,0,0.25,0.01,0.75,50.0,lesion,30.0,0.45,0.2,0.1,0.002,8.0
52,260,0.3442070162897577,0.5,-0.0193135703793794,0.0,0.125,0.0,hex_cells__markov__plastic__intr0__struct0__alpha_async__lesion__s1__5ae970b20a,0.0764093500123285,0.055702885844671,0.25,False,0.4527385465940414,0.002,0.01,markov,0.62,hex_cells,40,80,0.9,0.3817908718587559,0.3,0,0.42,0.08,160,0.2757271778106149,0.2,20,1.5566479081774407,2.285392123091066e-18,0.2,plastic,sensitivity,0.0269774143919339,False,alpha_async,40,150,210,1,-1,1.0,0.6,0.6,80,0.0459018627654139,0,0,40,1.0,2,0,0.25,0.01,0.75,50.0,lesion,30.0,0.45,0.2,0.1,0.002,8.0
52,260,0.431487460025636,0.5,-0.3540316693393405,0.0,0.125,0.2863687100567764,hex_cells__ql__plastic__intr0__struct0__alpha_async__lesion__s2__dd219d998e,0.0040670989328448,-0.0084290098565745,0.25,False,0.6027193721221223,0.002,0.01,ql,0.68,hex_cells,40,80,0.9,0.4700971921999566,0.3,0,0.42,0.08,160,0.3706167650256751,0.4,20,1.3134758992076152,3.4470712113110026e-18,0.2,plastic,sensitivity,0.0051835772856157,False,alpha_async,40,150,210,2,-1,1.0,0.6,0.6,80,0.019595094771331,0,0,40,1.0,2,0,0.25,0.01,0.75,50.0,lesion,30.0,0.45,0.2,0.1,0.002,8.0
52,260,0.2911556972503734,0.5,0.1892001873850597,0.0,0.125,0.3973890274262489,honeycomb__ql__plastic__intr0__struct0__alpha_async__lesion__s2__eaf111b7c8,0.1203688454842652,0.1215348698448482,0.25,False,0.6342455365156655,0.002,0.01,ql,0.62,honeycomb,40,80,0.9,0.2200050613805729,0.3,0,0.42,0.08,160,0.2536873666023786,0.3,20,1.4943928897149672,4.694538816375704e-18,0.2,plastic,sensitivity,0.1068595220180097,False,alpha_async,40,150,210,2,-1,1.0,0.6,0.6,80,0.1096328103469513,0,0,40,1.0,2,0,0.25,0.01,0.75,50.0,lesion,30.0,0.45,0.2,0.1,0.002,8.0
52,260,0.4225329060333362,0.5,-0.2801533609178093,0.0,0.125,0.2169933966326857,extended_moore_r2__ql__plastic__intr0__struct0__alpha_async__lesion__s2__1a9f9f0bba,-0.0012017664133231,-0.0029746461161039,0.25,False,0.6752380318753893,0.002,0.01,ql,0.58,extended_moore_r2,40,80,0.9,0.3992734379608757,0.3,0,0.42,0.08,160,0.3749829345964522,0.2,20,0.7769116182509531,5.0162840264702455e-18,0.2,plastic,sensitivity,-0.0045906618459458,False,alpha_async,40,150,210,2,-1,1.0,0.6,0.6,80,0.0936101548682891,0,0,40,0.998366617357002,2,0,0.25,0.01,0.75,50.0,lesion,30.0,0.45,0.2,0.1,0.002,8.0
52,260,0.4303034827343648,0.5,-0.0548255356554117,0.0,0.125,0.1652011391203511,extended_hex_r2__ql__plastic__intr0__struct0__alpha_async__lesion__s1__bf5ace2b40,0.0063970544740927,0.0017211560389303,0.25,False,0.871858992748835,0.002,0.01,ql,0.62,extended_hex_r2,40,80,0.9,0.2168876525696708,0.3,0,0.42,0.08,160,0.4001530143592612,0.4,20,0.3904159571555092,3.1765766167643462e-18,0.2,plastic,sensitivity,-0.0282284760876842,False,alpha_async,40,150,210,1,-1,1.0,0.6,0.6,80,0.0041340764542295,0,0,40,1.0,2,0,0.25,0.01,0.75,50.0,lesion,30.0,0.45,0.2,0.1,0.002,8.0
52,260,0.4240600244444484,0.5,-0.2995375745809042,0.0,0.125,0.2817391479793062,honeycomb_nnn__ql__plastic__intr0__struct0__alpha_async__lesion__s1__3cb0ca1b56,0.0007899553241683,-0.006938995064445,0.25,False,0.5152838575279486,0.002,0.01,ql,0.58,honeycomb_nnn,40,80,0.9,0.4915267977089924,0.3,0,0.42,0.08,160,0.3639881342852847,0.3,20,1.1886690697802098,4.158299904735729e-18,0.2,plastic,sensitivity,-0.0052342956574463,False,alpha_async,40,150,210,1,-1,1.0,0.6,0.6,80,0.0528792082003239,0,0,40,1.0,2,0,0.25,0.01,0.75,50.0,lesion,30.0,0.45,0.2,0.1,0.002,8.0
52,260,0.0867323482704542,0.5,0.5589255404098272,0.0,0.125,0.0,square_vn__markov__plastic__intr0__struct0__alpha_async__lesion__s2__224ca90ee7,0.3763565001623047,0.3742172028029487,0.25,False,0.1581769151155179,0.002,0.016,markov,0.58,square_vn,40,80,0.9,0.0756754330973801,0.3,0,0.42,0.08,160,0.08996620436159,0.4,20,0.8276530978631486,6.112281652466514e-18,0.2,plastic,sensitivity,0.3498176562444195,False,alpha_async,40,150,210,2,-1,1.0,0.6,0.6,80,0.0851810694951068,0,0,40,1.0,2,0,0.25,0.01,0.75,50.0,lesion,30.0,0.45,0.2,0.1,0.002,8.0
52,260,0.3058310894659906,0.5,0.013265746755729,0.0,0.125,0.0,square_moore__markov__plastic__intr0__struct0__alpha_async__lesion__s1__874abd9421,0.0719203465566339,0.061724167645255,0.25,False,0.415476240585842,0.002,0.016,markov,0.68,square_moore,40,80,0.9,0.3500268132342752,0.3,0,0.42,0.08,160,0.2442807455343402,0.3,20,1.5363244746653832,3.564065611616834e-18,0.2,plastic,sensitivity,0.041141798501968,False,alpha_async,40,150,210,1,-1,1.0,0.6,0.6,80,0.0539252569942839,0,0,40,1.0,2,0,0.25,0.01,0.75,50.0,lesion,30.0,0.45,0.2,0.1,0.002,8.0
52,260,0.3281547780590619,0.5,0.0334189281692624,0.0,0.125,0.0,hex_cells__markov__plastic__intr0__struct0__alpha_async__lesion__s1__a0b953cab6,0.0872119707832908,0.0819371075567249,0.25,False,0.4542066998997576,0.002,0.016,markov,0.62,hex_cells,40,80,0.9,0.3526810380580316,0.3,0,0.42,0.08,160,0.2635204845629597,0.2,20,1.5326863143297993,2.8261597993164923e-18,0.2,plastic,sensitivity,0.0440662171158182,False,alpha_async,40,150,210,1,-1,1.0,0.6,0.6,80,0.049298606735678,0,0,40,1.0,2,0,0.25,0.01,0.75,50.0,lesion,30.0,0.45,0.2,0.1,0.002,8.0
52,260,0.428187734418348,0.5,-0.343986002719306,0.0,0.125,0.282216654003033,hex_cells__ql__plastic__intr0__struct0__alpha_async__lesion__s2__697db764e1,-0.0034352759812605,0.0062162649650831,0.25,False,0.6167721526392033,0.002,0.016,ql,0.68,hex_cells,40,80,0.9,0.4566485868275001,0.3,0,0.42,0.08,160,0.3667319293299101,0.4,20,1.290126580140603,3.0390512904615165e-18,0.2,plastic,sensitivity,-0.0071773737508197,False,alpha_async,40,150,210,2,-1,1.0,0.6,0.6,80,0.0200883247401133,0,0,40,1.0,2,0,0.25,0.01,0.75,50.0,lesion,30.0,0.45,0.2,0.1,0.002,8.0
52,260,0.2865102305177945,0.5,0.2124880449644114,0.0,0.125,0.3973196169718435,honeycomb__ql__plastic__intr0__struct0__alpha_async__lesion__s2__48f2cfb245,0.1354617919953075,0.1125385399314538,0.25,False,0.6312016588155753,0.002,0.016,ql,0.62,honeycomb,40,80,0.9,0.2123820929421404,0.3,0,0.42,0.08,160,0.251341691979679,0.3,20,1.4817180655267317,3.8659615228653995e-18,0.2,plastic,sensitivity,0.1005069730104857,False,alpha_async,40,150,210,2,-1,1.0,0.6,0.6,80,0.1149284017008094,0,0,40,1.0,2,0,0.25,0.01,0.75,50.0,lesion,30.0,0.45,0.2,0.1,0.002,8.0
52,260,0.4122978578816843,0.5,-0.2617263086139638,0.0,0.125,0.207815680874002,extended_moore_r2__ql__plastic__intr0__struct0__alpha_async__lesion__s2__df0c03ca8c,-0.0012845804025388,-0.0082009910531128,0.25,False,0.7372149640765621,0.002,0.016,ql,0.58,extended_moore_r2,40,80,0.9,0.3495718011584738,0.3,0,0.42,0.08,160,0.367784709894577,0.2,20,0.6183168974056743,4.270996692494265e-18,0.2,plastic,sensitivity,-0.0040552628617956,False,alpha_async,40,150,210,2,-1,1.0,0.6,0.6,80,0.0588613290368455,0,0,40,0.987657174556213,2,0,0.25,0.01,0.75,50.0,lesion,30.0,0.45,0.2,0.1,0.002,8.0
52,260,0.4465805835571961,0.5,-0.0105770381345636,0.0,0.125,0.1642960516439491,extended_hex_r2__ql__plastic__intr0__struct0__alpha_async__lesion__s1__327fa09788,0.0338017068877047,0.0212022363463157,0.25,False,0.888721526341103,0.002,0.016,ql,0.62,extended_hex_r2,40,80,0.9,0.2073962054429071,0.3,0,0.42,0.08,160,0.3972288210543048,0.4,20,0.6813041399667411,3.387170969734273e-18,0.2,plastic,sensitivity,0.0143828939511184,False,alpha_async,40,150,210,1,-1,1.0,0.6,0.6,80,0.0219496964348976,0,0,40,0.9994247205785668,2,0,0.25,0.01,0.75,50.0,lesion,30.0,0.45,0.2,0.1,0.002,8.0
52,260,0.4121917078293671,0.5,-0.2846188622541538,0.0,0.125,0.2785513834565999,honeycomb_nnn__ql__plastic__intr0__struct0__alpha_async__lesion__s1__891ec58c04,-0.0082458964690068,-0.0162610447925668,0.25,False,0.568672752191219,0.002,0.016,ql,0.58,honeycomb_nnn,40,80,0.9,0.4571352028481918,0.3,0,0.42,0.08,160,0.3545859164882334,0.3,20,1.1768693740281624,3.7746345438047135e-18,0.2,plastic,sensitivity,-0.0174205154952403,False,alpha_async,40,150,210,1,-1,1.0,0.6,0.6,80,0.0386555587557424,0,0,40,1.0,2,0,0.25,0.01,0.75,50.0,lesion,30.0,0.45,0.2,0.1,0.002,8.0
52,260,0.0890726680952672,0.5,0.5372197261558437,0.0,0.125,0.0,square_vn__markov__plastic__intr0__struct0__alpha_async__lesion__s2__1a7b287e77,0.3607686380015563,0.3535040310036277,0.25,False,0.1631901331364306,0.002,0.006,markov,0.62,square_vn,40,80,0.9,0.080150426030385,0.3,0,0.42,0.08,160,0.0932906532642989,0.2,20,0.8385018977834471,5.27206506274916e-18,0.2,plastic,sensitivity,0.3435624300177333,False,alpha_async,40,150,210,2,-1,1.0,0.6,0.6,80,0.084339868898404,0,0,40,1.0,2,0,0.25,0.01,0.75,50.0,lesion,30.0,0.45,0.2,0.1,0.002,8.0
52,260,0.3042331399815486,0.5,0.0461605149937103,0.0,0.125,0.0,square_moore__markov__plastic__intr0__struct0__alpha_async__lesion__s1__cffa3e0157,0.093615422891457,0.0793329845739267,0.25,False,0.421736337489609,0.002,0.006,markov,0.68,square_moore,40,80,0.9,0.3367231829673409,0.3,0,0.42,0.08,160,0.2440329821992014,0.4,20,1.5359049362382418,4.960054297005578e-18,0.2,plastic,sensitivity,0.0558459036011992,False,alpha_async,40,150,210,1,-1,1.0,0.6,0.6,80,0.0563273920566077,0,0,40,1.0,2,0,0.25,0.01,0.75,50.0,lesion,30.0,0.45,0.2,0.1,0.002,8.0
52,260,0.3415283828637523,0.5,-0.0023951330685644,0.0,0.125,0.0,hex_cells__markov__plastic__intr0__struct0__alpha_async__lesion__s1__0b361a5555,0.1008273873365808,0.067422728823037,0.25,False,0.431350026307725,0.002,0.006,markov,0.62,hex_cells,40,80,0.9,0.3810637512720738,0.3,0,0.42,0.08,160,0.2734843414727329,0.3,20,1.5838017111987333,3.1039273424837598e-18,0.2,plastic,sensitivity,0.0705519013314413,False,alpha_async,40,150,210,1,-1,1.0,0.6,0.6,80,0.059585191006375,0,0,40,1.0,2,0,0.25,0.01,0.75,50.0,lesion,30.0,0.45,0.2,0.1,0.002,8.0
52,260,0.1208650650015565,0.5,0.5186412523817291,0.0,0.125,0.0,honeycomb__markov__plastic__intr0__struct0__alpha_async__lesion__s1__64c2d286cc,0.3365836633745934,0.3057396927009443,0.25,False,0.2258039952468216,0.002,0.006,markov,0.58,honeycomb,40,80,0.9,0.1063318044618212,0.3,0,0.42,0.08,160,0.1180349514070891,0.2,20,1.0234240617641537,5.6249635016016694e-18,0.2,plastic,sensitivity,0.311957724290468,False,alpha_async,40,150,210,1,-1,1.0,0.6,0.6,80,0.1261165602999997,0,0,40,1.0,2,0,0.25,0.01,0.75,50.0,lesion,30.0,0.45,0.2,0.1,0.002,8.0
52,260,0.2837586286554348,0.5,0.2239154019029685,0.0,0.125,0.4033261865928001,honeycomb__ql__plastic__intr0__struct0__alpha_async__lesion__s2__35b9cd6c42,0.1326856037926168,0.1077331518849634,0.25,False,0.6285510966499132,0.002,0.006,ql,0.62,honeycomb,40,80,0.9,0.2089026835877316,0.3,0,0.42,0.08,160,0.2465081122171312,0.4,20,1.4781236018794237,2.650546311704377e-18,0.2,plastic,sensitivity,0.0750087553188781,False,alpha_async,40,150,210,2,-1,1.0,0.6,0.6,80,0.1165903024638094,0,0,40,1.0,2,0,0.25,0.01,0.75,50.0,lesion,30.0,0.45,0.2,0.1,0.002,8.0
52,260,0.4270875277437287,0.5,-0.283832265724685,0.0,0.125,0.2324346129552922,extended_moore_r2__ql__plastic__intr0__struct0__alpha_async__lesion__s2__fa74858217,-0.0057010509425088,-0.0006623820206028,0.25,False,0.6165910200525778,0.002,0.006,ql,0.58,extended_moore_r2,40,80,0.9,0.4348110770576258,0.3,0,0.42,0.08,160,0.3785445014254597,0.3,20,0.8481509802316459,4.609092514058502e-18,0.2,plastic,sensitivity,5.432250637290686e-05,False,alpha_async,40,150,210,2,-1,1.0,0.6,0.6,80,0.1263599101328542,0,0,40,0.9999537721893492,2,0,0.25,0.01,0.75,50.0,lesion,30.0,0.45,0.2,0.1,0.002,8.0
52,260,0.423849220933449,0.5,-0.0451688338378705,0.0,0.125,0.1621233400658776,extended_hex_r2__ql__plastic__intr0__struct0__alpha_async__lesion__s1__56519bd396,-0.0153143051722608,-0.0072323512410251,0.25,False,0.8247802378173229,0.002,0.006,ql,0.68,extended_hex_r2,40,80,0.9,0.2504291531970943,0.3,0,0.42,0.08,160,0.4056325327687902,0.2,20,0.3782596242510527,3.032006124076508e-18,0.2,plastic,sensitivity,-0.029197278816751,False,alpha_async,40,150,210,1,-1,1.0,0.6,0.6,80,0.0033284329776165,0,0,40,1.0,2,0,0.25,0.01,0.75,50.0,lesion,30.0,0.45,0.2,0.1,0.002,8.0
52,260,0.4307504101333488,0.5,-0.301695146985717,0.0,0.125,0.2828873231331121,honeycomb_nnn__ql__plastic__intr0__struct0__alpha_async__lesion__s1__05af094bf8,0.0035939119966547,-0.0008156560338667,0.25,False,0.4718996706705569,0.002,0.006,ql,0.58,honeycomb_nnn,40,80,0.9,0.5131604889488783,0.3,0,0.42,0.08,160,0.3695859107033694,0.4,20,1.174884692370372,3.673108298499671e-18,0.2,plastic,sensitivity,-0.001731048577367,False,alpha_async,40,150,210,1,-1,1.0,0.6,0.6,80,0.0484124427527113,0,0,40,1.0,2,0,0.25,0.01,0.75,50.0,lesion,30.0,0.45,0.2,0.1,0.002,8.0
52,260,0.0940167088245999,0.5,0.553892028630708,0.0,0.125,0.0,square_vn__markov__plastic__intr0__struct0__alpha_async__lesion__s2__843a12182b,0.3661066980624425,0.352581127622273,0.25,False,0.1725581702400989,0.002,0.01,markov,0.62,square_vn,40,80,0.9,0.0813470718957614,0.3,0,0.42,0.08,160,0.0958782193118254,0.2,20,0.870395426521883,5.5481065473198296e-18,0.2,plastic,sensitivity,0.3459951916228037,False,alpha_async,40,150,210,2,-1,1.0,0.6,0.6,80,0.0922775509507507,0,0,40,1.0,2,0,0.25,0.01,0.75,50.0,lesion,30.0,0.45,0.2,0.1,0.002,8.0
52,260,0.2980315352876599,0.5,0.0543479672021397,0.0,0.125,0.0,square_moore__markov__plastic__intr0__struct0__alpha_async__lesion__s1__d5df313488,0.0812621073873323,0.1006686226201156,0.25,False,0.3962818515367441,0.002,0.01,markov,0.68,square_moore,40,80,0.9,0.3378127891450808,0.3,0,0.42,0.08,160,0.2359441171656725,0.4,20,1.5380912232915194,4.100789454179221e-18,0.2,plastic,sensitivity,0.0413346160198457,False,alpha_async,40,150,210,1,-1,1.0,0.6,0.6,80,0.0569515727211973,0,0,40,1.0,2,0,0.25,0.01,0.75,50.0,lesion,30.0,0.45,0.2,0.1,0.002,8.0
52,260,0.3314421226323558,0.5,0.0163758306990503,0.0,0.125,0.0,hex_cells__markov__plastic__intr0__struct0__alpha_async__lesion__s1__2a2949b4db,0.0859048121597268,0.0667870250181228,0.25,False,0.434818053832886,0.002,0.01,markov,0.62,hex_cells,40,80,0.9,0.3679007844213957,0.3,0,0.42,0.08,160,0.2662583719317999,0.3,20,1.5591469580371398,2.5931739587948527e-18,0.2,plastic,sensitivity,0.0452598713811253,False,alpha_async,40,150,210,1,-1,1.0,0.6,0.6,80,0.0511923516241117,0,0,40,1.0,2,0,0.25,0.01,0.75,50.0,lesion,30.0,0.45,0.2,0.1,0.002,8.0
52,260,0.1160640459432048,0.5,0.546444560973463,0.0,0.125,0.0,honeycomb__markov__plastic__intr0__struct0__alpha_async__lesion__s1__9a2ad312b2,0.3680703294183576,0.3090159546175636,0.25,False,0.2169693758422336,0.002,0.01,markov,0.58,honeycomb,40,80,0.9,0.0989251832358211,0.3,0,0.42,0.08,160,0.1120333079794484,0.2,20,1.0014766195885296,4.873526918579492e-18,0.2,plastic,sensitivity,0.3298279027595727,False,alpha_async,40,150,210,1,-1,1.0,0.6,0.6,80,0.1360866994779096,0,0,40,1.0,2,0,0.25,0.01,0.75,50.0,lesion,30.0,0.45,0.2,0.1,0.002,8.0
52,260,0.3029256804662377,0.5,0.1567127957015652,0.0,0.125,0.3870587461980971,honeycomb__ql__plastic__intr0__struct0__alpha_async__lesion__s2__1453778df9,0.1210163740686951,0.1092527544948391,0.25,False,0.6403899826637568,0.002,0.01,ql,0.62,honeycomb,40,80,0.9,0.2344911707640097,0.3,0,0.42,0.08,160,0.2604342189923597,0.4,20,1.5380529851176383,2.4656825833357217e-18,0.2,plastic,sensitivity,0.086629672002151,False,alpha_async,40,150,210,2,-1,1.0,0.6,0.6,80,0.0987169058954701,0,0,40,1.0,2,0,0.25,0.01,0.75,50.0,lesion,30.0,0.45,0.2,0.1,0.002,8.0
52,260,0.4218322572747119,0.5,-0.280472920634302,0.0,0.125,0.2183695421261622,extended_moore_r2__ql__plastic__intr0__struct0__alpha_async__lesion__s2__db6e44ad29,0.0007057870535407,-0.0036028353824874,0.25,False,0.6696243046413551,0.002,0.01,ql,0.58,extended_moore_r2,40,80,0.9,0.4018110824719877,0.3,0,0.42,0.08,160,0.3739241871955148,0.3,20,0.7744587610888726,6.4502674165974134e-18,0.2,plastic,sensitivity,-0.0009416480685156,False,alpha_async,40,150,210,2,-1,1.0,0.6,0.6,80,0.1059135791471451,0,0,40,0.9982587524654832,2,0,0.25,0.01,0.75,50.0,lesion,30.0,0.45,0.2,0.1,0.002,8.0
52,260,0.4234560423094931,0.5,-0.0452522862859782,0.0,0.125,0.162227193542423,extended_hex_r2__ql__plastic__intr0__struct0__alpha_async__lesion__s1__10443815fa,-0.0151696027511398,-0.0079728245817835,0.25,False,0.8246454316986248,0.002,0.01,ql,0.68,extended_hex_r2,40,80,0.9,0.2503066615753671,0.3,0,0.42,0.08,160,0.4050454172179219,0.2,20,0.3801995965125118,3.4095935366403203e-18,0.2,plastic,sensitivity,-0.0297454274763072,False,alpha_async,40,150,210,1,-1,1.0,0.6,0.6,80,0.0033464375685837,0,0,40,1.0,2,0,0.25,0.01,0.75,50.0,lesion,30.0,0.45,0.2,0.1,0.002,8.0
52,260,0.422520289073171,0.5,-0.2956169453710631,0.0,0.125,0.2831873079629919,honeycomb_nnn__ql__plastic__intr0__struct0__alpha_async__lesion__s1__0b1fd039f7,0.0081884718663661,-0.0102553623321733,0.25,False,0.518181788207611,0.002,0.01,ql,0.58,honeycomb_nnn,40,80,0.9,0.4885207803996545,0.3,0,0.42,0.08,160,0.3618852789163861,0.4,20,1.1878852929138255,4.283525666189922e-18,0.2,plastic,sensitivity,0.0049052936648813,False,alpha_async,40,150,210,1,-1,1.0,0.6,0.6,80,0.0446127029206863,0,0,40,1.0,2,0,0.25,0.01,0.75,50.0,lesion,30.0,0.45,0.2,0.1,0.002,8.0
52,260,0.0907795732205043,0.5,0.5473511335888431,0.0,0.125,0.0,square_vn__markov__plastic__intr0__struct0__alpha_async__lesion__s2__0d9e0d39e8,0.3462238542652261,0.3722962148659981,0.25,False,0.1673846825525842,0.002,0.016,markov,0.62,square_vn,40,80,0.9,0.0804134127556126,0.3,0,0.42,0.08,160,0.0930420005103189,0.2,20,0.8359624314580003,3.1420837983302774e-18,0.2,plastic,sensitivity,0.3401239299908652,False,alpha_async,40,150,210,2,-1,1.0,0.6,0.6,80,0.0960953950506147,0,0,40,1.0,2,0,0.25,0.01,0.75,50.0,lesion,30.0,0.45,0.2,0.1,0.002,8.0
52,260,0.3043436583044275,0.5,0.0354950180246997,0.0,0.125,0.0,square_moore__markov__plastic__intr0__struct0__alpha_async__lesion__s1__9772166415,0.0756689602746126,0.07675007604331,0.25,False,0.4035459153470018,0.002,0.016,markov,0.68,square_moore,40,80,0.9,0.3465143858822805,0.3,0,0.42,0.08,160,0.2407531235004024,0.4,20,1.542384385601094,2.553549840437259e-18,0.2,plastic,sensitivity,0.0398340953961315,False,alpha_async,40,150,210,1,-1,1.0,0.6,0.6,80,0.0537672477168603,0,0,40,1.0,2,0,0.25,0.01,0.75,50.0,lesion,30.0,0.45,0.2,0.1,0.002,8.0
52,260,0.2969263344255901,0.5,0.0950380569606973,0.0,0.125,0.0,hex_cells__markov__plastic__intr0__struct0__alpha_async__lesion__s1__d39bfb281b,0.1047610088783832,0.0926239384297703,0.25,False,0.4113679119916254,0.002,0.016,markov,0.62,hex_cells,40,80,0.9,0.3257687868234462,0.3,0,0.42,0.08,160,0.2418993924657463,0.3,20,1.5347869903008042,2.680194751294401e-18,0.2,plastic,sensitivity,0.0538858555973801,False,alpha_async,40,150,210,1,-1,1.0,0.6,0.6,80,0.0696062220389568,0,0,40,1.0,2,0,0.25,0.01,0.75,50.0,lesion,30.0,0.45,0.2,0.1,0.002,8.0
52,260,0.1155939505650321,0.5,0.5288220280596962,0.0,0.125,0.0,honeycomb__markov__plastic__intr0__struct0__alpha_async__lesion__s1__ac7b5f82b5,0.3520663248585655,0.3090632880657767,0.25,False,0.2114439525400697,0.002,0.016,markov,0.58,honeycomb,40,80,0.9,0.1011504967548072,0.3,0,0.42,0.08,160,0.1135901738539684,0.2,20,1.003433307851277,3.607665893570617e-18,0.2,plastic,sensitivity,0.3573432155377242,False,alpha_async,40,150,210,1,-1,1.0,0.6,0.6,80,0.1412762913961767,0,0,40,1.0,2,0,0.25,0.01,0.75,50.0,lesion,30.0,0.45,0.2,0.1,0.002,8.0
52,260,0.2918820671015157,0.5,0.1902597194435753,0.0,0.125,0.3982745100739643,honeycomb__ql__plastic__intr0__struct0__alpha_async__lesion__s2__d955db5e6d,0.1102351347567098,0.1196231646158972,0.25,False,0.6356526129176714,0.002,0.016,ql,0.62,honeycomb,40,80,0.9,0.2204088949763054,0.3,0,0.42,0.08,160,0.2512719866155674,0.4,20,1.4907242767152669,3.079221605954363e-18,0.2,plastic,sensitivity,0.0616698007117026,False,alpha_async,40,150,210,2,-1,1.0,0.6,0.6,80,0.1014757013680571,0,0,40,1.0,2,0,0.25,0.01,0.75,50.0,lesion,30.0,0.45,0.2,0.1,0.002,8.0
52,260,0.4114783542251483,0.5,-0.2610767270209785,0.0,0.125,0.2090416365306845,extended_moore_r2__ql__plastic__intr0__struct0__alpha_async__lesion__s2__1803d9a59e,-0.0029408045754913,-0.0043323359361104,0.25,False,0.7368276887765858,0.002,0.016,ql,0.58,extended_moore_r2,40,80,0.9,0.3491338926846278,0.3,0,0.42,0.08,160,0.3662317653511567,0.3,20,0.6049256527362049,3.4294455867992584e-18,0.2,plastic,sensitivity,-0.0119794889367022,False,alpha_async,40,150,210,2,-1,1.0,0.6,0.6,80,0.0793927003044524,0,0,40,0.9876109467455622,2,0,0.25,0.01,0.75,50.0,lesion,30.0,0.45,0.2,0.1,0.002,8.0
52,260,0.4268748665297712,0.5,-0.0386879175637229,0.0,0.125,0.1626314898424001,extended_hex_r2__ql__plastic__intr0__struct0__alpha_async__lesion__s1__2d2459c261,-0.0152382628758871,-0.0130189687912124,0.25,False,0.8300055014478224,0.002,0.016,ql,0.68,extended_hex_r2,40,80,0.9,0.247258444746818,0.3,0,0.42,0.08,160,0.4040771439983154,0.2,20,0.4414635994803725,3.0841486836573523e-18,0.2,plastic,sensitivity,-0.0302326733889326,False,alpha_async,40,150,210,1,-1,1.0,0.6,0.6,80,0.0033584287802371,0,0,40,0.9994452662721892,2,0,0.25,0.01,0.75,50.0,lesion,30.0,0.45,0.2,0.1,0.002,8.0
52,260,0.409943804413428,0.5,-0.2788267813562835,0.0,0.125,0.2808844678292893,honeycomb_nnn__ql__plastic__intr0__struct0__alpha_async__lesion__s1__c63d1a1527,-0.0061551462744794,-0.0094839022883193,0.25,False,0.5735087837589946,0.002,0.016,ql,0.58,honeycomb_nnn,40,80,0.9,0.4517310950446958,0.3,0,0.42,0.08,160,0.3526081562630873,0.4,20,1.1758066725996708,4.962412650549733e-18,0.2,plastic,sensitivity,-0.014691368456668,False,alpha_async,40,150,210,1,-1,1.0,0.6,0.6,80,0.0424717480564391,0,0,40,1.0,2,0,0.25,0.01,0.75,50.0,lesion,30.0,0.45,0.2,0.1,0.002,8.0
52,260,0.0859529904753188,0.5,0.571424790909316,0.0,0.125,0.0,square_vn__markov__plastic__intr0__struct0__alpha_async__lesion__s2__67d324acda,0.3931569464388332,0.3758385665883239,0.25,False,0.1566543448796185,0.002,0.006,markov,0.62,square_vn,40,80,0.9,0.0737012238653563,0.3,0,0.42,0.08,160,0.0893732908151594,0.3,20,0.8193378708253886,7.178125642608682e-18,0.2,plastic,sensitivity,0.3865583027201414,False,alpha_async,40,150,210,2,-1,1.0,0.6,0.6,80,0.0914605801310806,0,0,40,1.0,2,0,0.25,0.01,0.75,50.0,lesion,30.0,0.45,0.2,0.1,0.002,8.0
52,260,0.2892262791276176,0.5,0.0985765844618281,0.0,0.125,0.0,square_moore__markov__plastic__intr0__struct0__alpha_async__lesion__s2__d9d24b5b3b,0.0980030832066726,0.0904781701297895,0.25,False,0.4114644879882952,0.002,0.006,markov,0.58,square_moore,40,80,0.9,0.3156098828595441,0.3,0,0.42,0.08,160,0.2336296756000695,0.2,20,1.5386280567481243,6.45648853807015e-18,0.2,plastic,sensitivity,0.0609732432012369,False,alpha_async,40,150,210,2,-1,1.0,0.6,0.6,80,0.0777944050587356,0,0,40,1.0,2,0,0.25,0.01,0.75,50.0,lesion,30.0,0.45,0.2,0.1,0.002,8.0
52,260,0.335966919379296,0.5,0.0182248745648912,0.0,0.125,0.0,hex_cells__markov__plastic__intr0__struct0__alpha_async__lesion__s1__97c221cd2e,0.114207576123709,0.0713746546913302,0.25,False,0.4288725842294667,0.002,0.006,markov,0.62,hex_cells,40,80,0.9,0.3716771858523842,0.3,0,0.42,0.08,160,0.2693656943253996,0.4,20,1.569697452118348,2.7633619486251904e-18,0.2,plastic,sensitivity,0.0813433610337763,False,alpha_async,40,150,210,1,-1,1.0,0.6,0.6,80,0.0558638251998316,0,0,40,1.0,2,0,0.25,0.01,0.75,50.0,lesion,30.0,0.45,0.2,0.1,0.002,8.0
52,260,0.1252517845696767,0.5,0.5288248460031061,0.0,0.125,0.0,honeycomb__markov__plastic__intr0__struct0__alpha_async__lesion__s1__40b53e0a72,0.3339308863199132,0.2950251635274494,0.25,False,0.2316575765109542,0.002,0.006,markov,0.58,honeycomb,40,80,0.9,0.1081101230756144,0.3,0,0.42,0.08,160,0.1196300243025954,0.3,20,1.0546385480705815,6.348179610733448e-18,0.2,plastic,sensitivity,0.2930067548798249,False,alpha_async,40,150,210,1,-1,1.0,0.6,0.6,80,0.1309715082814822,0,0,40,1.0,2,0,0.25,0.01,0.75,50.0,lesion,30.0,0.45,0.2,0.1,0.002,8.0
52,260,0.304800054138427,0.5,0.1338933674293114,0.0,0.125,0.3819474347099809,honeycomb__ql__plastic__intr0__struct0__alpha_async__lesion__s2__9f014f8a8c,0.0998209635278343,0.0791221141176961,0.25,False,0.6349584769643178,0.002,0.006,ql,0.68,honeycomb,40,80,0.9,0.2461723931437701,0.3,0,0.42,0.08,160,0.2638590207943173,0.2,20,1.5269629441984456,3.2394740974098522e-18,0.2,plastic,sensitivity,0.0627087922876516,False,alpha_async,40,150,210,2,-1,1.0,0.6,0.6,80,0.0794801960553177,0,0,40,1.0,2,0,0.25,0.01,0.75,50.0,lesion,30.0,0.45,0.2,0.1,0.002,8.0
52,260,0.426148455786326,0.5,-0.2833397865088276,0.0,0.125,0.2336691806965151,extended_moore_r2__ql__plastic__intr0__struct0__alpha_async__lesion__s2__56742cf202,-0.0048170361809045,-0.001509412207671,0.25,False,0.6129326657285935,0.002,0.006,ql,0.58,extended_moore_r2,40,80,0.9,0.4367118408501147,0.3,0,0.42,0.08,160,0.3772712165055585,0.4,20,0.8514068048477816,4.137180739012651e-18,0.2,plastic,sensitivity,0.0018941159656227,False,alpha_async,40,150,210,2,-1,1.0,0.6,0.6,80,0.1295618842193591,0,0,40,0.9999383629191322,2,0,0.25,0.01,0.75,50.0,lesion,30.0,0.45,0.2,0.1,0.002,8.0
52,260,0.4238504063554817,0.5,-0.0451533809814001,0.0,0.125,0.1631305959688746,extended_hex_r2__ql__plastic__intr0__struct0__alpha_async__lesion__s1__74e92cd3b0,-0.0153582296527171,-0.0070945747741391,0.25,False,0.8250158266559894,0.002,0.006,ql,0.68,extended_hex_r2,40,80,0.9,0.2503298995415049,0.3,0,0.42,0.08,160,0.4048828004732234,0.3,20,0.378274247463375,3.5601678509355645e-18,0.2,plastic,sensitivity,-0.0290111937388294,False,alpha_async,40,150,210,1,-1,1.0,0.6,0.6,80,0.0033362654039153,0,0,40,1.0,2,0,0.25,0.01,0.75,50.0,lesion,30.0,0.45,0.2,0.1,0.002,8.0
52,260,0.4363827807206911,0.5,-0.3136530875033493,0.0,0.125,0.2813133626672164,honeycomb_nnn__ql__plastic__intr0__struct0__alpha_async__lesion__s1__0eda636e1b,0.001169978013534,0.0072123177243444,0.25,False,0.4551683852911123,0.002,0.006,ql,0.62,honeycomb_nnn,40,80,0.9,0.5276438039534536,0.3,0,0.42,0.08,160,0.3792379419050947,0.2,20,1.15117553500353,4.217551948177419e-18,0.2,plastic,sensitivity,-0.0033716658801206,False,alpha_async,40,150,210,1,-1,1.0,0.6,0.6,80,0.0848396216924518,0,0,40,1.0,2,0,0.25,0.01,0.75,50.0,lesion,30.0,0.45,0.2,0.1,0.002,8.0
52,260,0.0861553834474255,0.5,0.5639700466556309,0.0,0.125,0.0,square_vn__markov__plastic__intr0__struct0__alpha_async__lesion__s2__bf3a40fea5,0.389459314477095,0.3641520633882193,0.25,False,0.160363192175517,0.002,0.01,markov,0.62,square_vn,40,80,0.9,0.0746835111237986,0.3,0,0.42,0.08,160,0.0913322845179232,0.3,20,0.8134549306390187,7.357927294091415e-18,0.2,plastic,sensitivity,0.3874270277499683,False,alpha_async,40,150,210,2,-1,1.0,0.6,0.6,80,0.0886677604203293,0,0,40,1.0,2,0,0.25,0.01,0.75,50.0,lesion,30.0,0.45,0.2,0.1,0.002,8.0
52,260,0.2917926984915132,0.5,0.0579731141120492,0.0,0.125,0.0,square_moore__markov__plastic__intr0__struct0__alpha_async__lesion__s2__1bdf454218,0.0886490621671076,0.095667623676106,0.25,False,0.386662440066526,0.002,0.01,markov,0.58,square_moore,40,80,0.9,0.3335192317878405,0.3,0,0.42,0.08,160,0.2354296032057429,0.2,20,1.534758463786248,5.008582936071063e-18,0.2,plastic,sensitivity,0.0540701761406741,False,alpha_async,40,150,210,2,-1,1.0,0.6,0.6,80,0.0668859073834948,0,0,40,1.0,2,0,0.25,0.01,0.75,50.0,lesion,30.0,0.45,0.2,0.1,0.002,8.0
52,260,0.3226536180472323,0.5,0.0357761584968916,0.0,0.125,0.0,hex_cells__markov__plastic__intr0__struct0__alpha_async__lesion__s1__8abe02b212,0.0937885105335369,0.0735529117445145,0.25,False,0.4260317816714747,0.002,0.01,markov,0.62,hex_cells,40,80,0.9,0.3572978750548137,0.3,0,0.42,0.08,160,0.2599517559510554,0.4,20,1.5621550543277265,2.3738675431073344e-18,0.2,plastic,sensitivity,0.0591015278110239,False,alpha_async,40,150,210,1,-1,1.0,0.6,0.6,80,0.0595499936801519,0,0,40,1.0,2,0,0.25,0.01,0.75,50.0,lesion,30.0,0.45,0.2,0.1,0.002,8.0
52,260,0.1187062162185943,0.5,0.5375215512473397,0.0,0.125,0.0,honeycomb__markov__plastic__intr0__struct0__alpha_async__lesion__s1__387448813a,0.3519611284458372,0.3084661859563909,0.25,False,0.2180091147845158,0.002,0.01,markov,0.58,honeycomb,40,80,0.9,0.102405847886463,0.3,0,0.42,0.08,160,0.1136629047591168,0.3,20,1.008271571588214,3.1646915294290278e-18,0.2,plastic,sensitivity,0.3325410688791516,False,alpha_async,40,150,210,1,-1,1.0,0.6,0.6,80,0.1393665630919175,0,0,40,1.0,2,0,0.25,0.01,0.75,50.0,lesion,30.0,0.45,0.2,0.1,0.002,8.0
52,260,0.3309811254528649,0.5,0.0569666783411422,0.0,0.125,0.360475991637991,honeycomb__ql__plastic__intr0__struct0__alpha_async__lesion__s2__550e4d3d9d,0.0535435141578973,0.0443205503464126,0.25,False,0.6606787491813281,0.002,0.01,ql,0.68,honeycomb,40,80,0.9,0.2727937299300625,0.3,0,0.42,0.08,160,0.282338868498125,0.2,20,1.536788116027649,2.992313414041415e-18,0.2,plastic,sensitivity,0.0352599398909073,False,alpha_async,40,150,210,2,-1,1.0,0.6,0.6,80,0.0419268302987798,0,0,40,1.0,2,0,0.25,0.01,0.75,50.0,lesion,30.0,0.45,0.2,0.1,0.002,8.0
52,260,0.4208424534681889,0.5,-0.2803151584581252,0.0,0.125,0.2199828003145704,extended_moore_r2__ql__plastic__intr0__struct0__alpha_async__lesion__s2__6d28e73304,0.001094557687837,-0.0039510206771185,0.25,False,0.6646964283572746,0.002,0.01,ql,0.58,extended_moore_r2,40,80,0.9,0.4039337694710343,0.3,0,0.42,0.08,160,0.3727226808638054,0.4,20,0.7739000529415829,5.823884714263796e-18,0.2,plastic,sensitivity,7.030520310427629e-05,False,alpha_async,40,150,210,2,-1,1.0,0.6,0.6,80,0.1047122495833556,0,0,40,0.9981817061143984,2,0,0.25,0.01,0.75,50.0,lesion,30.0,0.45,0.2,0.1,0.002,8.0
52,260,0.42527715535459,0.5,-0.0438153533649913,0.0,0.125,0.1633019399692741,extended_hex_r2__ql__plastic__intr0__struct0__alpha_async__lesion__s1__e5ad51f482,-0.0156376203313021,-0.0095306432936353,0.25,False,0.8274779704904921,0.002,0.01,ql,0.68,extended_hex_r2,40,80,0.9,0.2490392277571219,0.3,0,0.42,0.08,160,0.4042117276496381,0.3,20,0.4040067770323554,3.885519319640159e-18,0.2,plastic,sensitivity,-0.030318646964397,False,alpha_async,40,150,210,1,-1,1.0,0.6,0.6,80,0.003529042671124,0,0,40,1.0,2,0,0.25,0.01,0.75,50.0,lesion,30.0,0.45,0.2,0.1,0.002,8.0
52,260,0.427340756810339,0.5,-0.3043691205195825,0.0,0.125,0.2792450905943406,honeycomb_nnn__ql__plastic__intr0__struct0__alpha_async__lesion__s1__3f93dd859b,-0.0082233065193259,-0.0034919988057111,0.25,False,0.5133635254828708,0.002,0.01,ql,0.62,honeycomb_nnn,40,80,0.9,0.4961481919795681,0.3,0,0.42,0.08,160,0.371064858784802,0.2,20,1.1436139342297649,4.801905003781079e-18,0.2,plastic,sensitivity,-0.0095254945919036,False,alpha_async,40,150,210,1,-1,1.0,0.6,0.6,80,0.0390762951417596,0,0,40,1.0,2,0,0.25,0.01,0.75,50.0,lesion,30.0,0.45,0.2,0.1,0.002,8.0
52,260,0.0865205908953434,0.5,0.5584391085782231,0.0,0.125,0.0,square_vn__markov__plastic__intr0__struct0__alpha_async__lesion__s2__6df8428eb3,0.3981480931513414,0.3767730082395955,0.25,False,0.1556574708928473,0.002,0.016,markov,0.62,square_vn,40,80,0.9,0.0756976773772385,0.3,0,0.42,0.08,160,0.0897204552171595,0.3,20,0.8226080956963937,4.143700972197205e-18,0.2,plastic,sensitivity,0.3641995412711946,False,alpha_async,40,150,210,2,-1,1.0,0.6,0.6,80,0.0855024038986295,0,0,40,1.0,2,0,0.25,0.01,0.75,50.0,lesion,30.0,0.45,0.2,0.1,0.002,8.0
52,260,0.2742841253040511,0.5,0.0836353816142525,0.0,0.125,0.0,square_moore__markov__plastic__intr0__struct0__alpha_async__lesion__s2__10c33b2fab,0.0976718353135851,0.1028348784891054,0.25,False,0.367836827664781,0.002,0.016,markov,0.58,square_moore,40,80,0.9,0.3169293352958747,0.3,0,0.42,0.08,160,0.2238177957353904,0.2,20,1.502600164818703,4.705256159807673e-18,0.2,plastic,sensitivity,0.0651873954332054,False,alpha_async,40,150,210,2,-1,1.0,0.6,0.6,80,0.0578545085022408,0,0,40,1.0,2,0,0.25,0.01,0.75,50.0,lesion,30.0,0.45,0.2,0.1,0.002,8.0
52,260,0.3100086438943709,0.5,0.0793489556232151,0.0,0.125,0.0,hex_cells__markov__plastic__intr0__struct0__alpha_async__lesion__s1__3b3c775ba0,0.0949825122271922,0.0841693972982847,0.25,False,0.4304424314475505,0.002,0.016,markov,0.62,hex_cells,40,80,0.9,0.3341627102530498,0.3,0,0.42,0.08,160,0.2493637055830872,0.4,20,1.542658250527614,3.611644348415485e-18,0.2,plastic,sensitivity,0.0433554637458882,False,alpha_async,40,150,210,1,-1,1.0,0.6,0.6,80,0.0589816261524872,0,0,40,1.0,2,0,0.25,0.01,0.75,50.0,lesion,30.0,0.45,0.2,0.1,0.002,8.0
52,260,0.1219046575025458,0.5,0.5252398306476186,0.0,0.125,0.0,honeycomb__markov__plastic__intr0__struct0__alpha_async__lesion__s1__7c6f499856,0.3250172734420916,0.3120824750049557,0.25,False,0.2276469658356218,0.002,0.016,markov,0.58,honeycomb,40,80,0.9,0.106117360142892,0.3,0,0.42,0.08,160,0.1184337456214145,0.3,20,1.0321567720697475,5.4493897016371555e-18,0.2,plastic,sensitivity,0.2949822039260716,False,alpha_async,40,150,210,1,-1,1.0,0.6,0.6,80,0.1342797808510642,0,0,40,1.0,2,0,0.25,0.01,0.75,50.0,lesion,30.0,0.45,0.2,0.1,0.002,8.0
52,260,0.3214815294955544,0.5,0.115144088368218,0.0,0.125,0.3719334361921106,honeycomb__ql__plastic__intr0__struct0__alpha_async__lesion__s2__2818f31c46,0.07661999705088,0.0520346450970201,0.25,False,0.6570570932667402,0.002,0.016,ql,0.68,honeycomb,40,80,0.9,0.2555058534033514,0.3,0,0.42,0.08,160,0.2750208524157833,0.2,20,1.5207318086440498,2.3750487978343942e-18,0.2,plastic,sensitivity,0.0438842693423237,False,alpha_async,40,150,210,2,-1,1.0,0.6,0.6,80,0.0513767423667809,0,0,40,1.0,2,0,0.25,0.01,0.75,50.0,lesion,30.0,0.45,0.2,0.1,0.002,8.0
52,260,0.4084366635407901,0.5,-0.2601480962987381,0.0,0.125,0.2109809415917313,extended_moore_r2__ql__plastic__intr0__struct0__alpha_async__lesion__s2__d73d9c0bf9,0.0047999703531658,-0.0007942050213063,0.25,False,0.7285086591072983,0.002,0.016,ql,0.58,extended_moore_r2,40,80,0.9,0.3534205435770554,0.3,0,0.42,0.08,160,0.3635998661981678,0.4,20,0.5910370761785746,4.033335275388141e-18,0.2,plastic,sensitivity,-0.0011073156725915,False,alpha_async,40,150,210,2,-1,1.0,0.6,0.6,80,0.0690668642253954,0,0,40,0.9865014792899408,2,0,0.25,0.01,0.75,50.0,lesion,30.0,0.45,0.2,0.1,0.002,8.0
52,260,0.4260375527448404,0.5,-0.0432333978552932,0.0,0.125,0.1638639863286375,extended_hex_r2__ql__plastic__intr0__struct0__alpha_async__lesion__s1__4387d33c06,-0.0106041338820258,-0.0088307754712642,0.25,False,0.8289387988457446,0.002,0.016,ql,0.68,extended_hex_r2,40,80,0.9,0.2482618311232088,0.3,0,0.42,0.08,160,0.4031511103791168,0.3,20,0.41001947273287,3.4922158441395576e-18,0.2,plastic,sensitivity,-0.0274232102564003,False,alpha_async,40,150,210,1,-1,1.0,0.6,0.6,80,0.0035442909269807,0,0,40,0.9994452662721892,2,0,0.25,0.01,0.75,50.0,lesion,30.0,0.45,0.2,0.1,0.002,8.0
52,260,0.4197054049786413,0.5,-0.2973376829809133,0.0,0.125,0.2725947847699876,honeycomb_nnn__ql__plastic__intr0__struct0__alpha_async__lesion__s1__29b85d2762,-0.013455755214012,-0.0084251082489519,0.25,False,0.5553585203119366,0.002,0.016,ql,0.62,honeycomb_nnn,40,80,0.9,0.4723714080609417,0.3,0,0.42,0.08,160,0.3642821071482924,0.2,20,1.134569011357119,3.755221446979312e-18,0.2,plastic,sensitivity,-0.0205847063950797,False,alpha_async,40,150,210,1,-1,1.0,0.6,0.6,80,0.0416236689465421,0,0,40,1.0,2,0,0.25,0.01,0.75,50.0,lesion,30.0,0.45,0.2,0.1,0.002,8.0
52,260,0.079922741796918,0.5,0.5449964117871985,0.0,0.125,0.0,square_vn__markov__plastic__intr0__struct0__alpha_async__lesion__s2__8d9328763e,0.40585967505554,0.3857707010958561,0.25,False,0.1452150847111354,0.002,0.006,markov,0.62,square_vn,40,80,0.9,0.0719373727539008,0.3,0,0.42,0.08,160,0.0860968645988941,0.4,20,0.775446320832066,7.486647567780937e-18,0.2,plastic,sensitivity,0.4012757848661598,False,alpha_async,40,150,210,2,-1,1.0,0.6,0.6,80,0.0833175030077358,0,0,40,1.0,2,0,0.25,0.01,0.75,50.0,lesion,30.0,0.45,0.2,0.1,0.002,8.0
52,260,0.2742631428867443,0.5,0.1428224924427974,0.0,0.125,0.0,square_moore__markov__plastic__intr0__struct0__alpha_async__lesion__s2__e719c46e19,0.0967129864076116,0.1048206796445005,0.25,False,0.3952906851203888,0.002,0.006,markov,0.58,square_moore,40,80,0.9,0.2940479769681434,0.3,0,0.42,0.08,160,0.2231958765125506,0.3,20,1.5159688837782423,4.22012355416874e-18,0.2,plastic,sensitivity,0.0654558307524144,False,alpha_async,40,150,210,2,-1,1.0,0.6,0.6,80,0.0601673467974995,0,0,40,1.0,2,0,0.25,0.01,0.75,50.0,lesion,30.0,0.45,0.2,0.1,0.002,8.0
52,260,0.3733984482830628,0.5,-0.1000438356419897,0.0,0.125,0.0,hex_cells__markov__plastic__intr0__struct0__alpha_async__lesion__s1__23ddb3b2ab,0.053140768674693,0.0420761842568692,0.25,False,0.4698181140775534,0.002,0.006,markov,0.68,hex_cells,40,80,0.9,0.4192824085507415,0.3,0,0.42,0.08,160,0.2989391638572947,0.2,20,1.5535848192629167,2.61263118563605e-18,0.2,plastic,sensitivity,0.0142824379901792,False,alpha_async,40,150,210,1,-1,1.0,0.6,0.6,80,0.0400475222522291,0,0,40,1.0,2,0,0.25,0.01,0.75,50.0,lesion,30.0,0.45,0.2,0.1,0.002,8.0
52,260,0.1123863603515219,0.5,0.546820164858638,0.0,0.125,0.0,honeycomb__markov__plastic__intr0__struct0__alpha_async__lesion__s1__7d490cb5cc,0.3476651352815391,0.3188811611028619,0.25,False,0.2095044503734845,0.002,0.006,markov,0.58,honeycomb,40,80,0.9,0.0954928822652027,0.3,0,0.42,0.08,160,0.1113626041193228,0.4,20,0.9866595103448356,1.7083178391641188e-18,0.2,plastic,sensitivity,0.3447176726194941,False,alpha_async,40,150,210,1,-1,1.0,0.6,0.6,80,0.1358235717168988,0,0,40,1.0,2,0,0.25,0.01,0.75,50.0,lesion,30.0,0.45,0.2,0.1,0.002,8.0
52,260,0.3093731218329139,0.5,0.1540263909824657,0.0,0.125,0.3802982250223153,honeycomb__ql__plastic__intr0__struct0__alpha_async__lesion__s2__d531b28063,0.0899375439489712,0.0757059904548198,0.25,False,0.6441066074043083,0.002,0.006,ql,0.68,honeycomb,40,80,0.9,0.2432465997951023,0.3,0,0.42,0.08,160,0.2653440032430752,0.3,20,1.5146746856333797,3.2817694029315793e-18,0.2,plastic,sensitivity,0.0638055111498715,False,alpha_async,40,150,210,2,-1,1.0,0.6,0.6,80,0.0681108098757888,0,0,40,1.0,2,0,0.25,0.01,0.75,50.0,lesion,30.0,0.45,0.2,0.1,0.002,8.0
52,260,0.4296027226891933,0.5,-0.2842600702141849,0.0,0.125,0.2281672891452819,extended_moore_r2__ql__plastic__intr0__struct0__alpha_async__lesion__s2__7797bea318,-0.0148032920451175,-0.0039402961012074,0.25,False,0.614381481088046,0.002,0.006,ql,0.62,extended_moore_r2,40,80,0.9,0.4374614078332837,0.3,0,0.42,0.08,160,0.382905715512896,0.2,20,0.8651412049668283,4.718060249913413e-18,0.2,plastic,sensitivity,-0.026472443266672,False,alpha_async,40,150,210,2,-1,1.0,0.6,0.6,80,0.1469812715016333,0,0,40,0.9999845907297832,2,0,0.25,0.01,0.75,50.0,lesion,30.0,0.45,0.2,0.1,0.002,8.0
52,260,0.4254237675276369,0.5,-0.0444078295052275,0.0,0.125,0.164049359598635,extended_hex_r2__ql__plastic__intr0__struct0__alpha_async__lesion__s1__a1b4118d16,-0.0128294303862176,-0.0091492978488625,0.25,False,0.8260501890218094,0.002,0.006,ql,0.68,extended_hex_r2,40,80,0.9,0.2504251967661473,0.3,0,0.42,0.08,160,0.4042186275207778,0.4,20,0.4024249473027668,3.2010071650304365e-18,0.2,plastic,sensitivity,-0.0290058475820308,False,alpha_async,40,150,210,1,-1,1.0,0.6,0.6,80,0.0033895861916281,0,0,40,1.0,2,0,0.25,0.01,0.75,50.0,lesion,30.0,0.45,0.2,0.1,0.002,8.0
52,260,0.4336755225893541,0.5,-0.3091904586978234,0.0,0.125,0.283257248862018,honeycomb_nnn__ql__plastic__intr0__struct0__alpha_async__lesion__s1__a9d4b65cc8,0.0042287041416405,0.0025961274510579,0.25,False,0.4631179298911331,0.002,0.006,ql,0.62,honeycomb_nnn,40,80,0.9,0.5212091497033151,0.3,0,0.42,0.08,160,0.3765160523106568,0.3,20,1.151028276662767,4.317457712150694e-18,0.2,plastic,sensitivity,0.0005048288672417,False,alpha_async,40,150,210,1,-1,1.0,0.6,0.6,80,0.0959173616810525,0,0,40,1.0,2,0,0.25,0.01,0.75,50.0,lesion,30.0,0.45,0.2,0.1,0.002,8.0
52,260,0.0856681071845796,0.5,0.5445601989308243,0.0,0.125,0.0,square_vn__markov__plastic__intr0__struct0__alpha_async__lesion__s2__c12ee4fe1b,0.3759551184262218,0.3749921984103046,0.25,False,0.1539115695328074,0.002,0.01,markov,0.62,square_vn,40,80,0.9,0.0771676594481929,0.3,0,0.42,0.08,160,0.0902672730917341,0.4,20,0.8117831147281939,4.4721775254777415e-18,0.2,plastic,sensitivity,0.3968652518536512,False,alpha_async,40,150,210,2,-1,1.0,0.6,0.6,80,0.0921521797882033,0,0,40,1.0,2,0,0.25,0.01,0.75,50.0,lesion,30.0,0.45,0.2,0.1,0.002,8.0
52,260,0.2840885599507219,0.5,0.0792827597657843,0.0,0.125,0.0,square_moore__markov__plastic__intr0__struct0__alpha_async__lesion__s2__f81fe3d250,0.0987905597878053,0.0898829100960226,0.25,False,0.382869329308722,0.002,0.01,markov,0.58,square_moore,40,80,0.9,0.3214862600442175,0.3,0,0.42,0.08,160,0.2294035316537074,0.3,20,1.5278307031114065,5.4959840877515736e-18,0.2,plastic,sensitivity,0.0660110651286763,False,alpha_async,40,150,210,2,-1,1.0,0.6,0.6,80,0.0579963787869124,0,0,40,1.0,2,0,0.25,0.01,0.75,50.0,lesion,30.0,0.45,0.2,0.1,0.002,8.0
52,260,0.3600426093944733,0.5,-0.0542023489673421,0.0,0.125,0.0,hex_cells__markov__plastic__intr0__struct0__alpha_async__lesion__s1__d091112d20,0.0676409641122525,0.0485078382958479,0.25,False,0.4753765720710883,0.002,0.01,markov,0.68,hex_cells,40,80,0.9,0.3943024514565105,0.3,0,0.42,0.08,160,0.2873859687760071,0.2,20,1.5488601556036743,2.711952674791704e-18,0.2,plastic,sensitivity,0.0226946980768217,False,alpha_async,40,150,210,1,-1,1.0,0.6,0.6,80,0.0492626144537796,0,0,40,1.0,2,0,0.25,0.01,0.75,50.0,lesion,30.0,0.45,0.2,0.1,0.002,8.0
52,260,0.1072428404828058,0.5,0.5374578574945444,0.0,0.125,0.0,honeycomb__markov__plastic__intr0__struct0__alpha_async__lesion__s1__31799e6d21,0.3758058077438627,0.3324684799134687,0.25,False,0.1996144956177472,0.002,0.01,markov,0.58,honeycomb,40,80,0.9,0.0931361194675092,0.3,0,0.42,0.08,160,0.1079588909748493,0.4,20,0.951418174264297,6.135871671514396e-18,0.2,plastic,sensitivity,0.3468276381379249,False,alpha_async,40,150,210,1,-1,1.0,0.6,0.6,80,0.133832367306745,0,0,40,1.0,2,0,0.25,0.01,0.75,50.0,lesion,30.0,0.45,0.2,0.1,0.002,8.0
52,260,0.3066923595667929,0.5,0.1421481651724172,0.0,0.125,0.384577977426499,honeycomb__ql__plastic__intr0__struct0__alpha_async__lesion__s2__74d7f0b464,0.0940504522957838,0.0985175599965023,0.25,False,0.6379631577786107,0.002,0.01,ql,0.68,honeycomb,40,80,0.9,0.2442278188232852,0.3,0,0.42,0.08,160,0.2607327038349427,0.3,20,1.5306594253473846,3.822085581744767e-18,0.2,plastic,sensitivity,0.0572092891354884,False,alpha_async,40,150,210,2,-1,1.0,0.6,0.6,80,0.0712930831787786,0,0,40,1.0,2,0,0.25,0.01,0.75,50.0,lesion,30.0,0.45,0.2,0.1,0.002,8.0
52,260,0.4376403177599805,0.5,-0.243771023006998,0.0,0.125,0.2028633579355901,extended_moore_r2__ql__plastic__intr0__struct0__alpha_async__lesion__s2__e3c2a6f72d,-0.0100960005209569,0.0008707467849208,0.25,False,0.7424298851638885,0.002,0.01,ql,0.62,extended_moore_r2,40,80,0.9,0.3474843242656156,0.3,0,0.42,0.08,160,0.3819875662752868,0.2,20,0.813059253041405,6.341165629382518e-18,0.2,plastic,sensitivity,-0.0149791038008602,False,alpha_async,40,150,210,2,-1,1.0,0.6,0.6,80,0.0729003139339912,0,0,40,0.9985207100591716,2,0,0.25,0.01,0.75,50.0,lesion,30.0,0.45,0.2,0.1,0.002,8.0
52,260,0.4250382371236824,0.5,-0.0432154051448206,0.0,0.125,0.1641470100255142,extended_hex_r2__ql__plastic__intr0__struct0__alpha_async__lesion__s1__e1764deddc,-0.0133422586253214,-0.0080300571757616,0.25,False,0.8263226641026438,0.002,0.01,ql,0.68,extended_hex_r2,40,80,0.9,0.2497794612592926,0.3,0,0.42,0.08,160,0.4036294379452332,0.4,20,0.4050599613217649,4.0437240132748675e-18,0.2,plastic,sensitivity,-0.0302000071064157,False,alpha_async,40,150,210,1,-1,1.0,0.6,0.6,80,0.003491117325384,0,0,40,1.0,2,0,0.25,0.01,0.75,50.0,lesion,30.0,0.45,0.2,0.1,0.002,8.0
52,260,0.4259246400743342,0.5,-0.3025113880498529,0.0,0.125,0.2794595911718268,honeycomb_nnn__ql__plastic__intr0__struct0__alpha_async__lesion__s1__2d56f131c6,-0.0053809138385448,-0.0007614700322915,0.25,False,0.5120781033049763,0.002,0.01,ql,0.62,honeycomb_nnn,40,80,0.9,0.4952322516888883,0.3,0,0.42,0.08,160,0.3685428350978061,0.3,20,1.169841359055324,4.485287907409324e-18,0.2,plastic,sensitivity,-0.0069356250657943,False,alpha_async,40,150,210,1,-1,1.0,0.6,0.6,80,0.0402553282397151,0,0,40,1.0,2,0,0.25,0.01,0.75,50.0,lesion,30.0,0.45,0.2,0.1,0.002,8.0
52,260,0.0803867609473085,0.5,0.5585117316244889,0.0,0.125,0.0,square_vn__markov__plastic__intr0__struct0__alpha_async__lesion__s2__12f23c3a6f,0.3847648042346264,0.3924399108020637,0.25,False,0.147386804671751,0.002,0.016,markov,0.62,square_vn,40,80,0.9,0.0704096690258726,0.3,0,0.42,0.08,160,0.0860032296962159,0.4,20,0.7732322850001783,1.0227146819382149e-17,0.2,plastic,sensitivity,0.3734987509152908,False,alpha_async,40,150,210,2,-1,1.0,0.6,0.6,80,0.0821828856416975,0,0,40,1.0,2,0,0.25,0.01,0.75,50.0,lesion,30.0,0.45,0.2,0.1,0.002,8.0
52,260,0.2792195128744213,0.5,0.076150158740784,0.0,0.125,0.0,square_moore__markov__plastic__intr0__struct0__alpha_async__lesion__s2__e67ea27ba2,0.096182596296033,0.0879732192697751,0.25,False,0.3720427112712354,0.002,0.016,markov,0.58,square_moore,40,80,0.9,0.3224111968669696,0.3,0,0.42,0.08,160,0.2251313054585833,0.3,20,1.5154470363796395,4.5282915475254494e-18,0.2,plastic,sensitivity,0.0607206078215238,False,alpha_async,40,150,210,2,-1,1.0,0.6,0.6,80,0.049533201070097,0,0,40,1.0,2,0,0.25,0.01,0.75,50.0,lesion,30.0,0.45,0.2,0.1,0.002,8.0
52,260,0.340374579818841,0.5,0.000577953723739,0.0,0.125,0.0,hex_cells__markov__plastic__intr0__struct0__alpha_async__lesion__s1__f5eb938a3c,0.0715505140889198,0.0577506303437824,0.25,False,0.4663855420140348,0.002,0.016,markov,0.68,hex_cells,40,80,0.9,0.3679605534429183,0.3,0,0.42,0.08,160,0.2727032460205518,0.2,20,1.5245486271422033,3.0990210870837397e-18,0.2,plastic,sensitivity,0.038300422412006,False,alpha_async,40,150,210,1,-1,1.0,0.6,0.6,80,0.0515603506548017,0,0,40,1.0,2,0,0.25,0.01,0.75,50.0,lesion,30.0,0.45,0.2,0.1,0.002,8.0
52,260,0.1053857813337734,0.5,0.5442936963882645,0.0,0.125,0.0,honeycomb__markov__plastic__intr0__struct0__alpha_async__lesion__s1__60d52e394e,0.3731984495523434,0.3202960284824094,0.25,False,0.1991139162484098,0.002,0.016,markov,0.58,honeycomb,40,80,0.9,0.0911331899187111,0.3,0,0.42,0.08,160,0.1062558922375089,0.4,20,0.9313744035577542,5.643921324149846e-18,0.2,plastic,sensitivity,0.3625461062835436,False,alpha_async,40,150,210,1,-1,1.0,0.6,0.6,80,0.1360375745552412,0,0,40,1.0,2,0,0.25,0.01,0.75,50.0,lesion,30.0,0.45,0.2,0.1,0.002,8.0
52,260,0.3300608743685664,0.5,0.0685105123865568,0.0,0.125,0.3665525041933982,honeycomb__ql__plastic__intr0__struct0__alpha_async__lesion__s2__5b13d60805,0.0945014305144779,0.0591819492748751,0.25,False,0.6643689454897683,0.002,0.016,ql,0.68,honeycomb,40,80,0.9,0.2696162486317257,0.3,0,0.42,0.08,160,0.2833691229654422,0.3,20,1.5285512588213968,3.545140522257177e-18,0.2,plastic,sensitivity,0.0625428537384153,False,alpha_async,40,150,210,2,-1,1.0,0.6,0.6,80,0.0411699290152928,0,0,40,1.0,2,0,0.25,0.01,0.75,50.0,lesion,30.0,0.45,0.2,0.1,0.002,8.0
52,260,0.4316669451103672,0.5,-0.1969655796519576,0.0,0.125,0.1922544822878915,extended_moore_r2__ql__plastic__intr0__struct0__alpha_async__lesion__s2__f88cbd1bc0,-0.0303835157353254,-0.0298852692912907,0.25,False,0.7938365534199686,0.002,0.016,ql,0.62,extended_moore_r2,40,80,0.9,0.3039606113195852,0.3,0,0.42,0.08,160,0.378035587564719,0.2,20,0.715298278142192,4.283513588790384e-18,0.2,plastic,sensitivity,-0.009839282500015,False,alpha_async,40,150,210,2,-1,1.0,0.6,0.6,80,0.0588208557436695,0,0,40,0.9898915187376726,2,0,0.25,0.01,0.75,50.0,lesion,30.0,0.45,0.2,0.1,0.002,8.0
52,260,0.4264722599052689,0.5,-0.0420852949279286,0.0,0.125,0.1647003269069997,extended_hex_r2__ql__plastic__intr0__struct0__alpha_async__lesion__s1__c9d3b86854,-0.0109996462476011,-0.0103699623676267,0.25,False,0.8287709104379908,0.002,0.016,ql,0.68,extended_hex_r2,40,80,0.9,0.2485441768014051,0.3,0,0.42,0.08,160,0.4025482408934899,0.4,20,0.4289895074513111,3.5615314039851815e-18,0.2,plastic,sensitivity,-0.0293516151417079,False,alpha_async,40,150,210,1,-1,1.0,0.6,0.6,80,0.0035780397591097,0,0,40,0.9994452662721892,2,0,0.25,0.01,0.75,50.0,lesion,30.0,0.45,0.2,0.1,0.002,8.0
52,260,0.4151918004705781,0.5,-0.293997574444422,0.0,0.125,0.2763325621245169,honeycomb_nnn__ql__plastic__intr0__struct0__alpha_async__lesion__s1__039d958c9f,-0.0124622103941065,-0.0070153128816309,0.25,False,0.5605200209988522,0.002,0.016,ql,0.62,honeycomb_nnn,40,80,0.9,0.4658268251758792,0.3,0,0.42,0.08,160,0.3587626818278049,0.3,20,1.1670799998722554,3.7053665903038735e-18,0.2,plastic,sensitivity,-0.0103671419903035,False,alpha_async,40,150,210,1,-1,1.0,0.6,0.6,80,0.0731379248193896,0,0,40,1.0,2,0,0.25,0.01,0.75,50.0,lesion,30.0,0.45,0.2,0.1,0.002,8.0
52,260,0.0973512014656581,0.5,0.5368597287549296,0.0,0.125,0.0,square_vn__markov__plastic__intr0__struct0__alpha_async__lesion__s2__0a7660c293,0.3332438182389856,0.3387989075896542,0.25,False,0.1743773037642183,0.002,0.006,markov,0.68,square_vn,40,80,0.9,0.0866818660481499,0.3,0,0.42,0.08,160,0.0974463649291854,0.2,20,0.8891211741677676,6.062222287770936e-18,0.2,plastic,sensitivity,0.2824890384825023,False,alpha_async,40,150,210,2,-1,1.0,0.6,0.6,80,0.0854375423537845,0,0,40,1.0,2,0,0.25,0.01,0.75,50.0,lesion,30.0,0.45,0.2,0.1,0.002,8.0
52,260,0.2711796089549576,0.5,0.1332828231701278,0.0,0.125,0.0,square_moore__markov__plastic__intr0__struct0__alpha_async__lesion__s2__d63012c883,0.1086575855031592,0.0937359441698845,0.25,False,0.3796342334090033,0.002,0.006,markov,0.58,square_moore,40,80,0.9,0.2986257369517073,0.3,0,0.42,0.08,160,0.2216832938079691,0.4,20,1.5133572015654475,6.8321049227438624e-18,0.2,plastic,sensitivity,0.0647132620098975,False,alpha_async,40,150,210,2,-1,1.0,0.6,0.6,80,0.070791770931605,0,0,40,1.0,2,0,0.25,0.01,0.75,50.0,lesion,30.0,0.45,0.2,0.1,0.002,8.0
52,260,0.3674946885661307,0.5,-0.0687811808651985,0.0,0.125,0.0,hex_cells__markov__plastic__intr0__struct0__alpha_async__lesion__s1__00b79a3a0b,0.0608004525456555,0.0648028310569601,0.25,False,0.4520840396812485,0.002,0.006,markov,0.68,hex_cells,40,80,0.9,0.4124957561486199,0.3,0,0.42,0.08,160,0.2908631797362624,0.3,20,1.565574391932303,2.4941983824399887e-18,0.2,plastic,sensitivity,0.0215166575229967,False,alpha_async,40,150,210,1,-1,1.0,0.6,0.6,80,0.0510162647505846,0,0,40,1.0,2,0,0.25,0.01,0.75,50.0,lesion,30.0,0.45,0.2,0.1,0.002,8.0
52,260,0.1180265588082098,0.5,0.5320025645579914,0.0,0.125,0.0,honeycomb__markov__plastic__intr0__struct0__alpha_async__lesion__s1__de027daf96,0.3546296694645472,0.2842353452182634,0.25,False,0.2134763783827543,0.002,0.006,markov,0.62,honeycomb,40,80,0.9,0.1031504827699544,0.3,0,0.42,0.08,160,0.1117824344358809,0.2,20,1.0218930567343294,4.450406612211908e-18,0.2,plastic,sensitivity,0.3338014065748126,False,alpha_async,40,150,210,1,-1,1.0,0.6,0.6,80,0.1311420457950473,0,0,40,1.0,2,0,0.25,0.01,0.75,50.0,lesion,30.0,0.45,0.2,0.1,0.002,8.0
52,260,0.3191534928454938,0.5,0.0863889550419376,0.0,0.125,0.3728805895562448,honeycomb__ql__plastic__intr0__struct0__alpha_async__lesion__s2__5767271e10,0.0734767001901661,0.0604907550908957,0.25,False,0.6517864092562368,0.002,0.006,ql,0.68,honeycomb,40,80,0.9,0.2624744314317644,0.3,0,0.42,0.08,160,0.2749327170117461,0.4,20,1.5377592345294422,3.732244251929742e-18,0.2,plastic,sensitivity,0.0469496248604248,False,alpha_async,40,150,210,2,-1,1.0,0.6,0.6,80,0.0504023858214928,0,0,40,1.0,2,0,0.25,0.01,0.75,50.0,lesion,30.0,0.45,0.2,0.1,0.002,8.0
52,260,0.4289485546597929,0.5,-0.2831003091771634,0.0,0.125,0.2295002631185411,extended_moore_r2__ql__plastic__intr0__struct0__alpha_async__lesion__s2__295d5f0a2f,-0.0122397093081719,-0.0038114545460819,0.25,False,0.6134070233619878,0.002,0.006,ql,0.62,extended_moore_r2,40,80,0.9,0.4371573185335569,0.3,0,0.42,0.08,160,0.3819364455597956,0.3,20,0.8634466161525577,4.087404679037711e-18,0.2,plastic,sensitivity,-0.0233860154233867,False,alpha_async,40,150,210,2,-1,1.0,0.6,0.6,80,0.1322945697413537,0,0,40,0.9999845907297832,2,0,0.25,0.01,0.75,50.0,lesion,30.0,0.45,0.2,0.1,0.002,8.0
52,260,0.4457391855080095,0.5,-0.0448580624812698,0.0,0.125,0.1634887104352053,extended_hex_r2__ql__plastic__intr0__struct0__alpha_async__lesion__s2__87fa5e322d,-0.0029477885718492,-0.0092611856894242,0.25,False,0.916681528920138,0.002,0.006,ql,0.58,extended_hex_r2,40,80,0.9,0.1799942668758033,0.3,0,0.42,0.08,160,0.3964297885885633,0.2,20,0.5279514751097717,3.729316700051307e-18,0.2,plastic,sensitivity,-0.0079746396526209,False,alpha_async,40,150,210,2,-1,1.0,0.6,0.6,80,0.0121195188555545,0,0,40,1.0,2,0,0.25,0.01,0.75,50.0,lesion,30.0,0.45,0.2,0.1,0.002,8.0
52,260,0.4319204724818496,0.5,-0.3104941671124654,0.0,0.125,0.2796069921319934,honeycomb_nnn__ql__plastic__intr0__struct0__alpha_async__lesion__s1__5a7958fab9,0.005139404198218,-0.0043683396963643,0.25,False,0.4703670984320098,0.002,0.006,ql,0.62,honeycomb_nnn,40,80,0.9,0.5184833736770287,0.3,0,0.42,0.08,160,0.3748069193510098,0.4,20,1.198054929481818,3.924631166689374e-18,0.2,plastic,sensitivity,0.0100324966796582,False,alpha_async,40,150,210,1,-1,1.0,0.6,0.6,80,0.0643231780830021,0,0,40,1.0,2,0,0.25,0.01,0.75,50.0,lesion,30.0,0.45,0.2,0.1,0.002,8.0
52,260,0.097634998580815,0.5,0.5209164829752169,0.0,0.125,0.0,square_vn__markov__plastic__intr0__struct0__alpha_async__lesion__s2__7ff8347539,0.3431749105260828,0.3394537495810207,0.25,False,0.1756240403829528,0.002,0.01,markov,0.68,square_vn,40,80,0.9,0.0890693385684409,0.3,0,0.42,0.08,160,0.0979448560008304,0.2,20,0.8897170876964523,4.3725156286321736e-18,0.2,plastic,sensitivity,0.3287508925415336,False,alpha_async,40,150,210,2,-1,1.0,0.6,0.6,80,0.0970979426266823,0,0,40,1.0,2,0,0.25,0.01,0.75,50.0,lesion,30.0,0.45,0.2,0.1,0.002,8.0
52,260,0.2730220837699355,0.5,0.1001162182833203,0.0,0.125,0.0,square_moore__markov__plastic__intr0__struct0__alpha_async__lesion__s2__9715f43882,0.1036513179707847,0.1015324612590489,0.25,False,0.3689313065171942,0.002,0.01,markov,0.58,square_moore,40,80,0.9,0.3109971831672804,0.3,0,0.42,0.08,160,0.2224963897712133,0.4,20,1.5120157370890448,6.019277511250356e-18,0.2,plastic,sensitivity,0.0771911374925392,False,alpha_async,40,150,210,2,-1,1.0,0.6,0.6,80,0.0622960688239706,0,0,40,1.0,2,0,0.25,0.01,0.75,50.0,lesion,30.0,0.45,0.2,0.1,0.002,8.0
52,260,0.3517235408489427,0.5,-0.0321438410105616,0.0,0.125,0.0,hex_cells__markov__plastic__intr0__struct0__alpha_async__lesion__s1__893d1291b0,0.0755856584172144,0.0620047843226588,0.25,False,0.4577350145251271,0.002,0.01,markov,0.68,hex_cells,40,80,0.9,0.3873583183771437,0.3,0,0.42,0.08,160,0.2801242861423063,0.3,20,1.5509367459695491,2.4178822904198013e-18,0.2,plastic,sensitivity,0.0208513303097165,False,alpha_async,40,150,210,1,-1,1.0,0.6,0.6,80,0.0474151705323259,0,0,40,1.0,2,0,0.25,0.01,0.75,50.0,lesion,30.0,0.45,0.2,0.1,0.002,8.0
52,260,0.109336977939776,0.5,0.5490025302218412,0.0,0.125,0.0,honeycomb__markov__plastic__intr0__struct0__alpha_async__lesion__s1__61e6376ca5,0.3756077608054877,0.3286816881984301,0.25,False,0.2025364956054801,0.002,0.01,markov,0.62,honeycomb,40,80,0.9,0.0938413339856389,0.3,0,0.42,0.08,160,0.1073646505231185,0.2,20,0.9704152222929632,6.181161369475889e-18,0.2,plastic,sensitivity,0.3449454413094999,False,alpha_async,40,150,210,1,-1,1.0,0.6,0.6,80,0.1338492383363174,0,0,40,1.0,2,0,0.25,0.01,0.75,50.0,lesion,30.0,0.45,0.2,0.1,0.002,8.0
52,260,0.3138225502394458,0.5,0.114623771254071,0.0,0.125,0.3768235230736478,honeycomb__ql__plastic__intr0__struct0__alpha_async__lesion__s2__8213b48365,0.0757946988350972,0.0522854961334796,0.25,False,0.6449634804407554,0.002,0.01,ql,0.68,honeycomb,40,80,0.9,0.2536269706537549,0.3,0,0.42,0.08,160,0.2672999380151553,0.4,20,1.5301820432709103,2.6137993098983775e-18,0.2,plastic,sensitivity,0.055899099467119,False,alpha_async,40,150,210,2,-1,1.0,0.6,0.6,80,0.0645303797887295,0,0,40,1.0,2,0,0.25,0.01,0.75,50.0,lesion,30.0,0.45,0.2,0.1,0.002,8.0
52,260,0.4362786582634073,0.5,-0.2529671846584075,0.0,0.125,0.2070145843342714,extended_moore_r2__ql__plastic__intr0__struct0__alpha_async__lesion__s2__67a0a9908d,-0.005065583717224,0.0074153184048693,0.25,False,0.7254743918658456,0.002,0.01,ql,0.62,extended_moore_r2,40,80,0.9,0.3619520450599526,0.3,0,0.42,0.08,160,0.3807654425220179,0.3,20,0.8213552058135435,6.1295188549136726e-18,0.2,plastic,sensitivity,-0.0123401477458525,False,alpha_async,40,150,210,2,-1,1.0,0.6,0.6,80,0.0727191210904906,0,0,40,0.9984436637080868,2,0,0.25,0.01,0.75,50.0,lesion,30.0,0.45,0.2,0.1,0.002,8.0
52,260,0.4415022996132846,0.5,-0.0427862797216396,0.0,0.125,0.1651060060586975,extended_hex_r2__ql__plastic__intr0__struct0__alpha_async__lesion__s2__1aaffd8967,-0.0057093888057149,-0.0091497602324658,0.25,False,0.9141329907628798,0.002,0.01,ql,0.58,extended_hex_r2,40,80,0.9,0.1818949289855828,0.3,0,0.42,0.08,160,0.3954882996768638,0.2,20,0.5117247002610462,3.0513865587239596e-18,0.2,plastic,sensitivity,-0.0189507730816644,False,alpha_async,40,150,210,2,-1,1.0,0.6,0.6,80,0.0200810541957251,0,0,40,1.0,2,0,0.25,0.01,0.75,50.0,lesion,30.0,0.45,0.2,0.1,0.002,8.0
52,260,0.4232810730871881,0.5,-0.3021757671356078,0.0,0.125,0.2803288823695003,honeycomb_nnn__ql__plastic__intr0__struct0__alpha_async__lesion__s1__b37a4aa720,-0.0016277172671861,-0.004771490116758,0.25,False,0.522808092076131,0.002,0.01,ql,0.62,honeycomb_nnn,40,80,0.9,0.4887986517987745,0.3,0,0.42,0.08,160,0.3648978963780679,0.4,20,1.1788518598497155,4.921754312298772e-18,0.2,plastic,sensitivity,-0.0095595723663473,False,alpha_async,40,150,210,1,-1,1.0,0.6,0.6,80,0.0595167167944037,0,0,40,1.0,2,0,0.25,0.01,0.75,50.0,lesion,30.0,0.45,0.2,0.1,0.002,8.0
52,260,0.0895354931608206,0.5,0.5453216528668378,0.0,0.125,0.0,square_vn__markov__plastic__intr0__struct0__alpha_async__lesion__s2__756eec09c2,0.3773584778223888,0.3656521036961414,0.25,False,0.162329467738831,0.002,0.016,markov,0.68,square_vn,40,80,0.9,0.0797707024272655,0.3,0,0.42,0.08,160,0.0920965663596792,0.2,20,0.8407191146109682,5.130887783335455e-18,0.2,plastic,sensitivity,0.3562215027661308,False,alpha_async,40,150,210,2,-1,1.0,0.6,0.6,80,0.0898791138059768,0,0,40,1.0,2,0,0.25,0.01,0.75,50.0,lesion,30.0,0.45,0.2,0.1,0.002,8.0
52,260,0.26800161459427,0.5,0.0809075525434002,0.0,0.125,0.0,square_moore__markov__plastic__intr0__struct0__alpha_async__lesion__s2__8a330c7eea,0.0982674052676106,0.1055959289872555,0.25,False,0.3449342412783036,0.002,0.016,markov,0.58,square_moore,40,80,0.9,0.3176927451260379,0.3,0,0.42,0.08,160,0.2171794790905811,0.4,20,1.49423153996724,5.59182133526994e-18,0.2,plastic,sensitivity,0.0675163733637547,False,alpha_async,40,150,210,2,-1,1.0,0.6,0.6,80,0.0587644434753302,0,0,40,1.0,2,0,0.25,0.01,0.75,50.0,lesion,30.0,0.45,0.2,0.1,0.002,8.0
52,260,0.3406719459806114,0.5,-0.0075820130259585,0.0,0.125,0.0,hex_cells__markov__plastic__intr0__struct0__alpha_async__lesion__s1__39df1b5cb6,0.072601969005959,0.0526388087179586,0.25,False,0.47383007373789,0.002,0.016,markov,0.68,hex_cells,40,80,0.9,0.3675259502211928,0.3,0,0.42,0.08,160,0.2739765783187063,0.3,20,1.5248641141587689,4.093571973727036e-18,0.2,plastic,sensitivity,0.0245975047254198,False,alpha_async,40,150,210,1,-1,1.0,0.6,0.6,80,0.0400320285773824,0,0,40,1.0,2,0,0.25,0.01,0.75,50.0,lesion,30.0,0.45,0.2,0.1,0.002,8.0
52,260,0.1119040771448197,0.5,0.5394750108708471,0.0,0.125,0.0,honeycomb__markov__plastic__intr0__struct0__alpha_async__lesion__s1__0a216163aa,0.3541198775144146,0.2882516947342626,0.25,False,0.2086527793761667,0.002,0.016,markov,0.62,honeycomb,40,80,0.9,0.0967867566620408,0.3,0,0.42,0.08,160,0.111959459956975,0.2,20,0.9825638570342718,7.746866721143937e-18,0.2,plastic,sensitivity,0.3289361167270798,False,alpha_async,40,150,210,1,-1,1.0,0.6,0.6,80,0.1412559335424789,0,0,40,1.0,2,0,0.25,0.01,0.75,50.0,lesion,30.0,0.45,0.2,0.1,0.002,8.0
52,260,0.3101362792780582,0.5,0.1231713720114653,0.0,0.125,0.3810780140869104,honeycomb__ql__plastic__intr0__struct0__alpha_async__lesion__s2__cee757aef1,0.0858674841252323,0.0609824636479474,0.25,False,0.6422480840208705,0.002,0.016,ql,0.68,honeycomb,40,80,0.9,0.2506004518401632,0.3,0,0.42,0.08,160,0.2672785398824969,0.4,20,1.522156072892482,3.0212582401165965e-18,0.2,plastic,sensitivity,0.0588632374017856,False,alpha_async,40,150,210,2,-1,1.0,0.6,0.6,80,0.0595247205772484,0,0,40,1.0,2,0,0.25,0.01,0.75,50.0,lesion,30.0,0.45,0.2,0.1,0.002,8.0
52,260,0.4289601196790338,0.5,-0.2109252945297151,0.0,0.125,0.1938471813287349,extended_moore_r2__ql__plastic__intr0__struct0__alpha_async__lesion__s2__3f1031ac99,-0.0218769573232765,-0.0265781169549065,0.25,False,0.7812471635359891,0.002,0.016,ql,0.62,extended_moore_r2,40,80,0.9,0.3124235889912746,0.3,0,0.42,0.08,160,0.3756491873659621,0.3,20,0.6799802823488884,4.76264828692839e-18,0.2,plastic,sensitivity,0.003680081019356,False,alpha_async,40,150,210,2,-1,1.0,0.6,0.6,80,0.0722067362352288,0,0,40,0.9894446499013808,2,0,0.25,0.01,0.75,50.0,lesion,30.0,0.45,0.2,0.1,0.002,8.0
52,260,0.4420055985884166,0.5,-0.0390088682755052,0.0,0.125,0.1665223189560516,extended_hex_r2__ql__plastic__intr0__struct0__alpha_async__lesion__s2__6bb6c2f7a2,-0.0107449228379574,-0.0252144934999658,0.25,False,0.9133368843990104,0.002,0.016,ql,0.58,extended_hex_r2,40,80,0.9,0.1819868612571864,0.3,0,0.42,0.08,160,0.393953375502978,0.2,20,0.5306066713619269,3.0286993705642906e-18,0.2,plastic,sensitivity,-0.0044620923753924,False,alpha_async,40,150,210,2,-1,1.0,0.6,0.6,80,0.0208601239066509,0,0,40,0.9993425378040762,2,0,0.25,0.01,0.75,50.0,lesion,30.0,0.45,0.2,0.1,0.002,8.0
52,260,0.415002772430683,0.5,-0.2908821381699892,0.0,0.125,0.2784338991542521,honeycomb_nnn__ql__plastic__intr0__struct0__alpha_async__lesion__s1__bcdbca346d,-0.0116868130137892,-0.0095885363629907,0.25,False,0.553976665286546,0.002,0.016,ql,0.62,honeycomb_nnn,40,80,0.9,0.4677666048582226,0.3,0,0.42,0.08,160,0.3572727490271368,0.4,20,1.163066783172711,4.6814559284380385e-18,0.2,plastic,sensitivity,-0.0103578264312852,False,alpha_async,40,150,210,1,-1,1.0,0.6,0.6,80,0.0584546835061397,0,0,40,0.9999589086127548,2,0,0.25,0.01,0.75,50.0,lesion,30.0,0.45,0.2,0.1,0.002,8.0
52,260,0.1032444530309402,0.5,0.5231725170170649,0.0,0.125,0.0,square_vn__markov__plastic__intr0__struct0__alpha_async__lesion__s2__0e295ea34c,0.3329794837231139,0.350566592004996,0.25,False,0.1851445230194597,0.002,0.006,markov,0.68,square_vn,40,80,0.9,0.0931883886166246,0.3,0,0.42,0.08,160,0.101210828506759,0.3,20,0.9245054094186252,4.795767671320963e-18,0.2,plastic,sensitivity,0.3272995209718898,False,alpha_async,40,150,210,2,-1,1.0,0.6,0.6,80,0.0898098462871611,0,0,40,1.0,2,0,0.25,0.01,0.75,50.0,lesion,30.0,0.45,0.2,0.1,0.002,8.0
52,260,0.2977780659858196,0.5,0.070116860608332,0.0,0.125,0.0,square_moore__markov__plastic__intr0__struct0__alpha_async__lesion__s2__f98a9349aa,0.0902271886620767,0.0703186768727764,0.25,False,0.4232202385020029,0.002,0.006,markov,0.62,square_moore,40,80,0.9,0.3271288710049081,0.3,0,0.42,0.08,160,0.241780373753408,0.2,20,1.5451237849870294,3.485012168028186e-18,0.2,plastic,sensitivity,0.0638285286271633,False,alpha_async,40,150,210,2,-1,1.0,0.6,0.6,80,0.0716556538161493,0,0,40,1.0,2,0,0.25,0.01,0.75,50.0,lesion,30.0,0.45,0.2,0.1,0.002,8.0
52,260,0.3601992989987086,0.5,-0.0499074383337247,0.0,0.125,0.0,hex_cells__markov__plastic__intr0__struct0__alpha_async__lesion__s1__b91e1c4d87,0.0675869797425996,0.052533101081689,0.25,False,0.4560592606788101,0.002,0.006,markov,0.68,hex_cells,40,80,0.9,0.3996711337850089,0.3,0,0.42,0.08,160,0.2867836694732639,0.4,20,1.5676488076393778,2.2182244793311835e-18,0.2,plastic,sensitivity,0.0179445858345253,False,alpha_async,40,150,210,1,-1,1.0,0.6,0.6,80,0.0501522161811704,0,0,40,1.0,2,0,0.25,0.01,0.75,50.0,lesion,30.0,0.45,0.2,0.1,0.002,8.0
52,260,0.1065146892422669,0.5,0.5403346243081449,0.0,0.125,0.0,honeycomb__markov__plastic__intr0__struct0__alpha_async__lesion__s1__928304720c,0.354049932857211,0.3191050586183612,0.25,False,0.199455508711434,0.002,0.006,markov,0.62,honeycomb,40,80,0.9,0.0928561989716661,0.3,0,0.42,0.08,160,0.1059943653520679,0.3,20,0.9390511446204174,4.330835034371017e-18,0.2,plastic,sensitivity,0.3356364592067667,False,alpha_async,40,150,210,1,-1,1.0,0.6,0.6,80,0.1300938967971468,0,0,40,1.0,2,0,0.25,0.01,0.75,50.0,lesion,30.0,0.45,0.2,0.1,0.002,8.0
52,260,0.3876124118166162,0.5,-0.0649466154748096,0.0,0.125,0.0,extended_moore_r2__markov__plastic__intr0__struct0__alpha_async__lesion__s1__6a55fcc531,0.0230317942297428,0.0313143355457823,0.25,False,0.6037951452774598,0.002,0.006,markov,0.58,extended_moore_r2,40,80,0.9,0.3575624762081072,0.3,0,0.42,0.08,160,0.3083667719384979,0.2,20,1.1554906551036983,5.742044464997738e-18,0.2,plastic,sensitivity,-0.0098292997496076,False,alpha_async,40,150,210,1,-1,1.0,0.6,0.6,80,0.0760949615836779,0,0,40,1.0,2,0,0.25,0.01,0.75,50.0,lesion,30.0,0.45,0.2,0.1,0.002,8.0
52,260,0.4278281402651854,0.5,-0.2828947852352086,0.0,0.125,0.2311118412656791,extended_moore_r2__ql__plastic__intr0__struct0__alpha_async__lesion__s2__399b9bce15,-0.0088241814642837,-0.0045001677544173,0.25,False,0.6126341529642795,0.002,0.006,ql,0.62,extended_moore_r2,40,80,0.9,0.4371633986262844,0.3,0,0.42,0.08,160,0.3810425195444658,0.4,20,0.8644044740508043,5.0746095894100026e-18,0.2,plastic,sensitivity,-0.016328136264716,False,alpha_async,40,150,210,2,-1,1.0,0.6,0.6,80,0.1592315539273386,0,0,40,0.999969181459566,2,0,0.25,0.01,0.75,50.0,lesion,30.0,0.45,0.2,0.1,0.002,8.0
52,260,0.4473158760232243,0.5,-0.0488000767489789,0.0,0.125,0.1651267738028122,extended_hex_r2__ql__plastic__intr0__struct0__alpha_async__lesion__s2__d175ffb181,-0.0044154405409506,-0.0157008308916736,0.25,False,0.9148611949736264,0.002,0.006,ql,0.58,extended_hex_r2,40,80,0.9,0.1829416858055917,0.3,0,0.42,0.08,160,0.3953274690887,0.3,20,0.5571413613199908,2.784072565457953e-18,0.2,plastic,sensitivity,-0.0068162877413316,False,alpha_async,40,150,210,2,-1,1.0,0.6,0.6,80,0.0136486199733044,0,0,40,1.0,2,0,0.25,0.01,0.75,50.0,lesion,30.0,0.45,0.2,0.1,0.002,8.0
52,260,0.4369469052610243,0.5,-0.3158828018762071,0.0,0.125,0.2796257814058446,honeycomb_nnn__ql__plastic__intr0__struct0__alpha_async__lesion__s1__2a0078e74e,-0.001863949346504,0.0070287095596206,0.25,False,0.4482171513122253,0.002,0.006,ql,0.68,honeycomb_nnn,40,80,0.9,0.532085956143325,0.3,0,0.42,0.08,160,0.3833328356289112,0.2,20,1.143312947451408,4.26285192370419e-18,0.2,plastic,sensitivity,-0.0059173477836616,False,alpha_async,40,150,210,1,-1,1.0,0.6,0.6,80,0.0651507836357831,0,0,40,1.0,2,0,0.25,0.01,0.75,50.0,lesion,30.0,0.45,0.2,0.1,0.002,8.0
52,260,0.0841623822696428,0.5,0.543577345441734,0.0,0.125,0.0,square_vn__markov__plastic__intr0__struct0__alpha_async__lesion__s2__504f33dfd6,0.3648134088475657,0.3612803771796259,0.25,False,0.1520115772653582,0.002,0.01,markov,0.68,square_vn,40,80,0.9,0.0758922799652111,0.3,0,0.42,0.08,160,0.0888613542451228,0.3,20,0.7990084078141261,8.561967771870333e-18,0.2,plastic,sensitivity,0.3314406580572028,False,alpha_async,40,150,210,2,-1,1.0,0.6,0.6,80,0.0819442056448017,0,0,40,1.0,2,0,0.25,0.01,0.75,50.0,lesion,30.0,0.45,0.2,0.1,0.002,8.0
52,260,0.3064453667554274,0.5,0.0192683759672076,0.0,0.125,0.0,square_moore__markov__plastic__intr0__struct0__alpha_async__lesion__s2__32349d4711,0.0875083047629399,0.0791058440735975,0.25,False,0.3952035901465576,0.002,0.01,markov,0.62,square_moore,40,80,0.9,0.3552481520547397,0.3,0,0.42,0.08,160,0.2467206833939828,0.2,20,1.5545238170758866,3.598611204608e-18,0.2,plastic,sensitivity,0.0598242499885992,False,alpha_async,40,150,210,2,-1,1.0,0.6,0.6,80,0.0657868137832274,0,0,40,1.0,2,0,0.25,0.01,0.75,50.0,lesion,30.0,0.45,0.2,0.1,0.002,8.0
52,260,0.3443622379653019,0.5,-0.0173246090211759,0.0,0.125,0.0,hex_cells__markov__plastic__intr0__struct0__alpha_async__lesion__s1__94d001303b,0.0800187848732587,0.0594028965307726,0.25,False,0.4518998633211328,0.002,0.01,markov,0.68,hex_cells,40,80,0.9,0.3797257691272206,0.3,0,0.42,0.08,160,0.2755664762079225,0.4,20,1.537256309101733,3.0692242788141198e-18,0.2,plastic,sensitivity,0.0327334309910375,False,alpha_async,40,150,210,1,-1,1.0,0.6,0.6,80,0.0464439030330894,0,0,40,1.0,2,0,0.25,0.01,0.75,50.0,lesion,30.0,0.45,0.2,0.1,0.002,8.0
52,260,0.1173617654079184,0.5,0.5243986852808568,0.0,0.125,0.0,honeycomb__markov__plastic__intr0__struct0__alpha_async__lesion__s1__1e0b61fac4,0.3623532011428365,0.2693404727883108,0.25,False,0.2160653846733088,0.002,0.01,markov,0.62,honeycomb,40,80,0.9,0.103342699839177,0.3,0,0.42,0.08,160,0.1126764137337203,0.3,20,1.0100207728396369,2.676079181515125e-18,0.2,plastic,sensitivity,0.3505876886250725,False,alpha_async,40,150,210,1,-1,1.0,0.6,0.6,80,0.1413358824141641,0,0,40,1.0,2,0,0.25,0.01,0.75,50.0,lesion,30.0,0.45,0.2,0.1,0.002,8.0
52,260,0.3789576410593205,0.5,-0.0167867133750596,0.0,0.125,0.0,extended_moore_r2__markov__plastic__intr0__struct0__alpha_async__lesion__s1__52a385db0e,0.0291308504814501,0.0277984439645378,0.25,False,0.6434644637286585,0.002,0.01,markov,0.58,extended_moore_r2,40,80,0.9,0.3230265468849556,0.3,0,0.42,0.08,160,0.3015056604082649,0.2,20,1.105285941875364,4.1884981356727065e-18,0.2,plastic,sensitivity,-0.0064975760001687,False,alpha_async,40,150,210,1,-1,1.0,0.6,0.6,80,0.0730291575949719,0,0,40,0.9991062623274162,2,0,0.25,0.01,0.75,50.0,lesion,30.0,0.45,0.2,0.1,0.002,8.0
52,260,0.4296021245880543,0.5,-0.2706300533486913,0.0,0.125,0.2150113202952988,extended_moore_r2__ql__plastic__intr0__struct0__alpha_async__lesion__s2__82605531d8,0.0058799185438883,-0.0032129157557616,0.25,False,0.6829981391641726,0.002,0.01,ql,0.62,extended_moore_r2,40,80,0.9,0.3918359889291213,0.3,0,0.42,0.08,160,0.3778864412187243,0.4,20,0.8307692621127153,4.175120618102809e-18,0.2,plastic,sensitivity,0.0115993622447146,False,alpha_async,40,150,210,2,-1,1.0,0.6,0.6,80,0.2035063013561758,0,0,40,0.998335798816568,2,0,0.25,0.01,0.75,50.0,lesion,30.0,0.45,0.2,0.1,0.002,8.0
52,260,0.4421675521580219,0.5,-0.0407292280167841,0.0,0.125,0.1662232301106559,extended_hex_r2__ql__plastic__intr0__struct0__alpha_async__lesion__s2__79c28dd01a,-0.0070947265222193,-0.0143808375826402,0.25,False,0.9132599100450404,0.002,0.01,ql,0.58,extended_hex_r2,40,80,0.9,0.1830793617381348,0.3,0,0.42,0.08,160,0.3946507644833722,0.3,20,0.5356448555714307,3.57484874753641e-18,0.2,plastic,sensitivity,-0.0131801722504477,False,alpha_async,40,150,210,2,-1,1.0,0.6,0.6,80,0.021680706015982,0,0,40,1.0,2,0,0.25,0.01,0.75,50.0,lesion,30.0,0.45,0.2,0.1,0.002,8.0
52,260,0.4290246230274019,0.5,-0.3110592030339395,0.0,0.125,0.2716282592211774,honeycomb_nnn__ql__plastic__intr0__struct0__alpha_async__lesion__s1__4491ee6953,0.0047316693092049,-0.0052766191104727,0.25,False,0.5115382030326757,0.002,0.01,ql,0.68,honeycomb_nnn,40,80,0.9,0.4995267872331985,0.3,0,0.42,0.08,160,0.375570225149829,0.2,20,1.151724902818657,4.3525161930780865e-18,0.2,plastic,sensitivity,0.0083110800156019,False,alpha_async,40,150,210,1,-1,1.0,0.6,0.6,80,0.082670617141556,0,0,40,1.0,2,0,0.25,0.01,0.75,50.0,lesion,30.0,0.45,0.2,0.1,0.002,8.0
52,260,0.0923958925933725,0.5,0.5274240326310041,0.0,0.125,0.0,square_vn__markov__plastic__intr0__struct0__alpha_async__lesion__s2__34b07398bb,0.3537126282778773,0.330409347432941,0.25,False,0.1682194851378442,0.002,0.016,markov,0.68,square_vn,40,80,0.9,0.084177468110085,0.3,0,0.42,0.08,160,0.0950545769430802,0.3,20,0.8537331067370012,7.139858517781089e-18,0.2,plastic,sensitivity,0.3322687246471462,False,alpha_async,40,150,210,2,-1,1.0,0.6,0.6,80,0.0850710775865016,0,0,40,1.0,2,0,0.25,0.01,0.75,50.0,lesion,30.0,0.45,0.2,0.1,0.002,8.0
52,260,0.3110436774398339,0.5,0.0015921503528382,0.0,0.125,0.0,square_moore__markov__plastic__intr0__struct0__alpha_async__lesion__s2__ef0bb6ded3,0.0706372255303437,0.0743121960593043,0.25,False,0.4114805288310975,0.002,0.016,markov,0.62,square_moore,40,80,0.9,0.3599348947977465,0.3,0,0.42,0.08,160,0.2494890644640127,0.2,20,1.5583378556493983,5.107206027599611e-18,0.2,plastic,sensitivity,0.0449663718628496,False,alpha_async,40,150,210,2,-1,1.0,0.6,0.6,80,0.0773008455775752,0,0,40,1.0,2,0,0.25,0.01,0.75,50.0,lesion,30.0,0.45,0.2,0.1,0.002,8.0
52,260,0.3295086702159291,0.5,0.0410444370272714,0.0,0.125,0.0,hex_cells__markov__plastic__intr0__struct0__alpha_async__lesion__s1__dcb2dbbd63,0.0888401973663631,0.0749856782642969,0.25,False,0.4599405576316977,0.002,0.016,markov,0.68,hex_cells,40,80,0.9,0.350332795134622,0.3,0,0.42,0.08,160,0.2632566281483773,0.4,20,1.5353640600435146,3.729856950134957e-18,0.2,plastic,sensitivity,0.0520389018276036,False,alpha_async,40,150,210,1,-1,1.0,0.6,0.6,80,0.0520069570758121,0,0,40,1.0,2,0,0.25,0.01,0.75,50.0,lesion,30.0,0.45,0.2,0.1,0.002,8.0
52,260,0.1201513399144293,0.5,0.5492546755650526,0.0,0.125,0.0,honeycomb__markov__plastic__intr0__struct0__alpha_async__lesion__s1__70ff6e1dd8,0.325080072320783,0.3132100984778629,0.25,False,0.2217984408420237,0.002,0.016,markov,0.62,honeycomb,40,80,0.9,0.1010449654479015,0.3,0,0.42,0.08,160,0.1131761387382125,0.3,20,1.0085086417116174,3.872893553442179e-18,0.2,plastic,sensitivity,0.2795273987850455,False,alpha_async,40,150,210,1,-1,1.0,0.6,0.6,80,0.138747705110011,0,0,40,1.0,2,0,0.25,0.01,0.75,50.0,lesion,30.0,0.45,0.2,0.1,0.002,8.0
52,260,0.366363636252131,0.5,0.0572626505297494,0.0,0.125,0.0,extended_moore_r2__markov__plastic__intr0__struct0__alpha_async__lesion__s1__6b35306649,0.032920060622909,0.0183186822207679,0.25,False,0.6727282980905241,0.002,0.016,markov,0.58,extended_moore_r2,40,80,0.9,0.2827125636876273,0.3,0,0.42,0.08,160,0.2915467326711853,0.2,20,1.0152703935646703,3.829712647207912e-18,0.2,plastic,sensitivity,-0.0095056666098951,False,alpha_async,40,150,210,1,-1,1.0,0.6,0.6,80,0.0491285695054746,0,0,40,0.9906928007889546,2,0,0.25,0.01,0.75,50.0,lesion,30.0,0.45,0.2,0.1,0.002,8.0
52,260,0.4279115381744773,0.5,-0.2273491258709934,0.0,0.125,0.2002214773093163,extended_moore_r2__ql__plastic__intr0__struct0__alpha_async__lesion__s2__f18eb03d09,-0.0051096081451931,-0.0110341608700147,0.25,False,0.7680912677266546,0.002,0.016,ql,0.62,extended_moore_r2,40,80,0.9,0.3257709337956158,0.3,0,0.42,0.08,160,0.3738112578784689,0.4,20,0.694237773849219,4.623188447670322e-18,0.2,plastic,sensitivity,0.0143997097261755,False,alpha_async,40,150,210,2,-1,1.0,0.6,0.6,80,0.0760433714113089,0,0,40,0.9887974605522682,2,0,0.25,0.01,0.75,50.0,lesion,30.0,0.45,0.2,0.1,0.002,8.0
52,260,0.4411829287764867,0.5,-0.0382236349032601,0.0,0.125,0.1676906376333271,extended_hex_r2__ql__plastic__intr0__struct0__alpha_async__lesion__s2__60a6f461eb,-0.0122621694725055,-0.0281177906854861,0.25,False,0.913354737127571,0.002,0.016,ql,0.58,extended_hex_r2,40,80,0.9,0.1816968038208084,0.3,0,0.42,0.08,160,0.3930527605957663,0.3,20,0.5273191300103712,3.845233541147745e-18,0.2,plastic,sensitivity,-0.0045433248216235,False,alpha_async,40,150,210,2,-1,1.0,0.6,0.6,80,0.0210895083320532,0,0,40,0.999198717948718,2,0,0.25,0.01,0.75,50.0,lesion,30.0,0.45,0.2,0.1,0.002,8.0
52,260,0.4250926433457011,0.5,-0.3009351389447161,0.0,0.125,0.2695921304914035,honeycomb_nnn__ql__plastic__intr0__struct0__alpha_async__lesion__s1__da36630d16,-0.0098673449840286,-0.0103951608768735,0.25,False,0.5469372810769224,0.002,0.016,ql,0.68,honeycomb_nnn,40,80,0.9,0.4785721885470855,0.3,0,0.42,0.08,160,0.3718540812145175,0.2,20,1.1344105230117745,3.508981271002765e-18,0.2,plastic,sensitivity,-0.0062525445016018,False,alpha_async,40,150,210,1,-1,1.0,0.6,0.6,80,0.0302304807214855,0,0,40,1.0,2,0,0.25,0.01,0.75,50.0,lesion,30.0,0.45,0.2,0.1,0.002,8.0
52,260,0.084121221835245,0.5,0.5543771374937461,0.0,0.125,0.0,square_vn__markov__plastic__intr0__struct0__alpha_async__lesion__s2__c9817e0278,0.3904102603288095,0.389633419675983,0.25,False,0.1516991304078152,0.002,0.006,markov,0.68,square_vn,40,80,0.9,0.0745054318593637,0.3,0,0.42,0.08,160,0.0875330387988982,0.4,20,0.8045390825307454,5.1524097496996095e-18,0.2,plastic,sensitivity,0.3696817315674375,False,alpha_async,40,150,210,2,-1,1.0,0.6,0.6,80,0.0840096161897117,0,0,40,1.0,2,0,0.25,0.01,0.75,50.0,lesion,30.0,0.45,0.2,0.1,0.002,8.0
52,260,0.2971459642373377,0.5,0.0652727920745263,0.0,0.125,0.0,square_moore__markov__plastic__intr0__struct0__alpha_async__lesion__s2__919c10a269,0.0883341594980648,0.0837279924456102,0.25,False,0.4176806558410046,0.002,0.006,markov,0.62,square_moore,40,80,0.9,0.3303005894561658,0.3,0,0.42,0.08,160,0.2407699391668471,0.3,20,1.5423124065410143,3.562414574876728e-18,0.2,plastic,sensitivity,0.0587464995955865,False,alpha_async,40,150,210,2,-1,1.0,0.6,0.6,80,0.0703485817449705,0,0,40,1.0,2,0,0.25,0.01,0.75,50.0,lesion,30.0,0.45,0.2,0.1,0.002,8.0
52,260,0.3342049124918942,0.5,0.0179443970027005,0.0,0.125,0.0,hex_cells__markov__plastic__intr0__struct0__alpha_async__lesion__s2__01a62a8a1a,0.1099114506615492,0.0850076468988006,0.25,False,0.4341909607446629,0.002,0.006,markov,0.58,hex_cells,40,80,0.9,0.368064676009472,0.3,0,0.42,0.08,160,0.2683995519368506,0.2,20,1.5499176099442422,3.0092706016918363e-18,0.2,plastic,sensitivity,0.0539552197526752,False,alpha_async,40,150,210,2,-1,1.0,0.6,0.6,80,0.0562359604230245,0,0,40,1.0,2,0,0.25,0.01,0.75,50.0,lesion,30.0,0.45,0.2,0.1,0.002,8.0
52,260,0.097238476291123,0.5,0.5463751552308423,0.0,0.125,0.0,honeycomb__markov__plastic__intr0__struct0__alpha_async__lesion__s1__e63cda1d94,0.4024361135888787,0.3292749410742204,0.25,False,0.1799844749454595,0.002,0.006,markov,0.62,honeycomb,40,80,0.9,0.0855412835144965,0.3,0,0.42,0.08,160,0.0990014881500395,0.4,20,0.8934592253509134,6.47339866280221e-18,0.2,plastic,sensitivity,0.372938850582555,False,alpha_async,40,150,210,1,-1,1.0,0.6,0.6,80,0.1322119527642228,0,0,40,1.0,2,0,0.25,0.01,0.75,50.0,lesion,30.0,0.45,0.2,0.1,0.002,8.0
52,260,0.3807243588002391,0.5,-0.0417924109440645,0.0,0.125,0.0,extended_moore_r2__markov__plastic__intr0__struct0__alpha_async__lesion__s1__fdbd432943,0.0329319508389769,0.0321778983190768,0.25,False,0.5891908775886937,0.002,0.006,markov,0.58,extended_moore_r2,40,80,0.9,0.353657634855755,0.3,0,0.42,0.08,160,0.3023938217488181,0.3,20,1.178385324071846,3.822894456158191e-18,0.2,plastic,sensitivity,-0.0001130819999662,False,alpha_async,40,150,210,1,-1,1.0,0.6,0.6,80,0.0510396692737072,0,0,40,1.0,2,0,0.25,0.01,0.75,50.0,lesion,30.0,0.45,0.2,0.1,0.002,8.0
52,260,0.4666064996126562,0.5,-0.0463311216804152,0.0,0.125,0.1594338992405135,extended_moore_r2__ql__plastic__intr0__struct0__alpha_async__lesion__s2__d40da48757,-0.0045019665850508,-0.002031117943048,0.25,False,0.828774256075354,0.002,0.006,ql,0.68,extended_moore_r2,40,80,0.9,0.257228985639335,0.3,0,0.42,0.08,160,0.3980246396463148,0.2,20,0.6624482036427465,4.108561562882558e-18,0.2,plastic,sensitivity,-0.0037227094621048,False,alpha_async,40,150,210,2,-1,1.0,0.6,0.6,80,0.0105324397677595,0,0,40,1.0,2,0,0.25,0.01,0.75,50.0,lesion,30.0,0.45,0.2,0.1,0.002,8.0
52,260,0.4435583394647216,0.5,-0.0447880242513366,0.0,0.125,0.1669468957235908,extended_hex_r2__ql__plastic__intr0__struct0__alpha_async__lesion__s2__5915f7df3b,-0.0047068806578378,-0.0144430496582975,0.25,False,0.9117498999481252,0.002,0.006,ql,0.58,extended_hex_r2,40,80,0.9,0.1859036542651017,0.3,0,0.42,0.08,160,0.394796807531153,0.4,20,0.5513095637240951,2.9816742365797445e-18,0.2,plastic,sensitivity,-0.0124008210398711,False,alpha_async,40,150,210,2,-1,1.0,0.6,0.6,80,0.0216470921023019,0,0,40,1.0,2,0,0.25,0.01,0.75,50.0,lesion,30.0,0.45,0.2,0.1,0.002,8.0
52,260,0.4376258106013992,0.5,-0.3169232310341001,0.0,0.125,0.2794384496496924,honeycomb_nnn__ql__plastic__intr0__struct0__alpha_async__lesion__s1__9c8f6028c9,0.0011238793512712,0.0063440581022714,0.25,False,0.4471009915960088,0.002,0.006,ql,0.68,honeycomb_nnn,40,80,0.9,0.5329723251607877,0.3,0,0.42,0.08,160,0.3829031480907255,0.3,20,1.1468872332347777,4.312507786581722e-18,0.2,plastic,sensitivity,-0.0020773567047666,False,alpha_async,40,150,210,1,-1,1.0,0.6,0.6,80,0.0605523260488541,0,0,40,1.0,2,0,0.25,0.01,0.75,50.0,lesion,30.0,0.45,0.2,0.1,0.002,8.0
52,260,0.0799976475694516,0.5,0.523745418459467,0.0,0.125,0.0,square_vn__markov__plastic__intr0__struct0__alpha_async__lesion__s2__f00324176e,0.4006597114899622,0.3872604405237349,0.25,False,0.1426273186129625,0.002,0.01,markov,0.68,square_vn,40,80,0.9,0.0745861758710557,0.3,0,0.42,0.08,160,0.0861080936075375,0.4,20,0.7627299540518159,6.350847721312131e-18,0.2,plastic,sensitivity,0.3874937355985972,False,alpha_async,40,150,210,2,-1,1.0,0.6,0.6,80,0.0791529507348077,0,0,40,1.0,2,0,0.25,0.01,0.75,50.0,lesion,30.0,0.45,0.2,0.1,0.002,8.0
52,260,0.3019570666454512,0.5,0.0566095992150072,0.0,0.125,0.0,square_moore__markov__plastic__intr0__struct0__alpha_async__lesion__s2__21f88ad586,0.0839894196183407,0.0754822434390386,0.25,False,0.40683798621686,0.002,0.01,markov,0.62,square_moore,40,80,0.9,0.3362654373115734,0.3,0,0.42,0.08,160,0.2408372593832447,0.3,20,1.549344420794048,5.41562422833829e-18,0.2,plastic,sensitivity,0.0454399090550659,False,alpha_async,40,150,210,2,-1,1.0,0.6,0.6,80,0.0580260203912577,0,0,40,1.0,2,0,0.25,0.01,0.75,50.0,lesion,30.0,0.45,0.2,0.1,0.002,8.0
52,260,0.3263893821442716,0.5,0.0306992263330769,0.0,0.125,0.0,hex_cells__markov__plastic__intr0__struct0__alpha_async__lesion__s2__cbfefbb8ca,0.1047411858688144,0.0820619336424068,0.25,False,0.4255452601929008,0.002,0.01,markov,0.58,hex_cells,40,80,0.9,0.3624434249622486,0.3,0,0.42,0.08,160,0.2602457898832084,0.2,20,1.5582109281897063,2.9779227778073267e-18,0.2,plastic,sensitivity,0.0615884671116406,False,alpha_async,40,150,210,2,-1,1.0,0.6,0.6,80,0.05642039218986,0,0,40,1.0,2,0,0.25,0.01,0.75,50.0,lesion,30.0,0.45,0.2,0.1,0.002,8.0
52,260,0.1007486591661035,0.5,0.5416028803446887,0.0,0.125,0.0,honeycomb__markov__plastic__intr0__struct0__alpha_async__lesion__s1__866ecd07e6,0.3840735774589074,0.3038124037676112,0.25,False,0.1865520667134061,0.002,0.01,markov,0.62,honeycomb,40,80,0.9,0.0883885928788559,0.3,0,0.42,0.08,160,0.1023506116839172,0.4,20,0.9094244917177172,6.6931689023769096e-18,0.2,plastic,sensitivity,0.3650122286163232,False,alpha_async,40,150,210,1,-1,1.0,0.6,0.6,80,0.1293261853173151,0,0,40,1.0,2,0,0.25,0.01,0.75,50.0,lesion,30.0,0.45,0.2,0.1,0.002,8.0
52,260,0.3708738105832672,0.5,0.0061185023093879,0.0,0.125,0.0,extended_moore_r2__markov__plastic__intr0__struct0__alpha_async__lesion__s1__da5c128406,0.0318083329789616,0.0348476481765308,0.25,False,0.622923865037874,0.002,0.01,markov,0.58,extended_moore_r2,40,80,0.9,0.3209661154558069,0.3,0,0.42,0.08,160,0.2947005608903045,0.3,20,1.140184270130262,6.4345813401125595e-18,0.2,plastic,sensitivity,-0.0014169893923817,False,alpha_async,40,150,210,1,-1,1.0,0.6,0.6,80,0.0581281468104689,0,0,40,0.9988443047337278,2,0,0.25,0.01,0.75,50.0,lesion,30.0,0.45,0.2,0.1,0.002,8.0
52,260,0.4533483904794614,0.5,-0.0170828878357828,0.0,0.125,0.161069232101565,extended_moore_r2__ql__plastic__intr0__struct0__alpha_async__lesion__s2__766698ce66,0.009217381463641,-0.002932359572004,0.25,False,0.8361799507801244,0.002,0.01,ql,0.68,extended_moore_r2,40,80,0.9,0.2502706736051833,0.3,0,0.42,0.08,160,0.3973221839435327,0.2,20,0.7261876374252977,3.286521486313362e-18,0.2,plastic,sensitivity,0.0049840815690371,False,alpha_async,40,150,210,2,-1,1.0,0.6,0.6,80,0.0119020092148733,0,0,40,0.999969181459566,2,0,0.25,0.01,0.75,50.0,lesion,30.0,0.45,0.2,0.1,0.002,8.0
52,260,0.4413128096919134,0.5,-0.0413620028174167,0.0,0.125,0.1675000522671647,extended_hex_r2__ql__plastic__intr0__struct0__alpha_async__lesion__s2__f979421afe,-0.0076301514164963,-0.0168630877020631,0.25,False,0.9127643100492328,0.002,0.01,ql,0.58,extended_hex_r2,40,80,0.9,0.1833940011635441,0.3,0,0.42,0.08,160,0.3935991388646154,0.4,20,0.5252575847710932,3.3944939746920385e-18,0.2,plastic,sensitivity,-0.0132059617438899,False,alpha_async,40,150,210,2,-1,1.0,0.6,0.6,80,0.0212833495914345,0,0,40,1.0,2,0,0.25,0.01,0.75,50.0,lesion,30.0,0.45,0.2,0.1,0.002,8.0
52,260,0.4288131059819016,0.5,-0.3077756122638196,0.0,0.125,0.2708113484085044,honeycomb_nnn__ql__plastic__intr0__struct0__alpha_async__lesion__s1__37e9b76b85,-0.0013415522564688,0.0018842307858771,0.25,False,0.5135856804273762,0.002,0.01,ql,0.68,honeycomb_nnn,40,80,0.9,0.4982470409571038,0.3,0,0.42,0.08,160,0.3760668296931638,0.3,20,1.1510421983109422,3.675084794434791e-18,0.2,plastic,sensitivity,-0.0059358126047325,False,alpha_async,40,150,210,1,-1,1.0,0.6,0.6,80,0.0432835482660264,0,0,40,1.0,2,0,0.25,0.01,0.75,50.0,lesion,30.0,0.45,0.2,0.1,0.002,8.0
52,260,0.0845889370649107,0.5,0.537352780779426,0.0,0.125,0.0,square_vn__markov__plastic__intr0__struct0__alpha_async__lesion__s2__a597c62cd9,0.3701444709668591,0.3774890867109917,0.25,False,0.1529624947809074,0.002,0.016,markov,0.68,square_vn,40,80,0.9,0.0766623881965556,0.3,0,0.42,0.08,160,0.0887338507728299,0.4,20,0.8061104732528399,5.933006854870333e-18,0.2,plastic,sensitivity,0.3698818485582906,False,alpha_async,40,150,210,2,-1,1.0,0.6,0.6,80,0.0850497324169032,0,0,40,1.0,2,0,0.25,0.01,0.75,50.0,lesion,30.0,0.45,0.2,0.1,0.002,8.0
52,260,0.3053300867494144,0.5,0.016779346637356,0.0,0.125,0.0,square_moore__markov__plastic__intr0__struct0__alpha_async__lesion__s2__34c5772d3d,0.0691564795357815,0.0775850142743962,0.25,False,0.3960226272036576,0.002,0.016,markov,0.62,square_moore,40,80,0.9,0.355284774946843,0.3,0,0.42,0.08,160,0.244540595289159,0.3,20,1.5516578366983882,4.622074290333418e-18,0.2,plastic,sensitivity,0.0430713496038724,False,alpha_async,40,150,210,2,-1,1.0,0.6,0.6,80,0.0526259477504439,0,0,40,1.0,2,0,0.25,0.01,0.75,50.0,lesion,30.0,0.45,0.2,0.1,0.002,8.0
52,260,0.3008188280759764,0.5,0.1039653673938199,0.0,0.125,0.0,hex_cells__markov__plastic__intr0__struct0__alpha_async__lesion__s2__f36ac6d317,0.1057843732100927,0.0948289565122771,0.25,False,0.4232636240025968,0.002,0.016,markov,0.58,hex_cells,40,80,0.9,0.3226814746468345,0.3,0,0.42,0.08,160,0.2433638992836883,0.2,20,1.5288565833541303,2.658693089074819e-18,0.2,plastic,sensitivity,0.0510603785422724,False,alpha_async,40,150,210,2,-1,1.0,0.6,0.6,80,0.0719116486152466,0,0,40,1.0,2,0,0.25,0.01,0.75,50.0,lesion,30.0,0.45,0.2,0.1,0.002,8.0
52,260,0.1082708752784703,0.5,0.5540711645569666,0.0,0.125,0.0,honeycomb__markov__plastic__intr0__struct0__alpha_async__lesion__s1__e61f192317,0.3689357023852187,0.317891517325815,0.25,False,0.2006408508520493,0.002,0.016,markov,0.62,honeycomb,40,80,0.9,0.0928243444538627,0.3,0,0.42,0.08,160,0.1062279939383644,0.4,20,0.9615939518858752,4.705345217798441e-18,0.2,plastic,sensitivity,0.3825055881495117,False,alpha_async,40,150,210,1,-1,1.0,0.6,0.6,80,0.1425416162015706,0,0,40,1.0,2,0,0.25,0.01,0.75,50.0,lesion,30.0,0.45,0.2,0.1,0.002,8.0
52,260,0.360280850089277,0.5,0.080941874273984,0.0,0.125,0.0,extended_moore_r2__markov__plastic__intr0__struct0__alpha_async__lesion__s1__378fc6924f,0.0465853336814998,0.0480825997886352,0.25,False,0.6640418361361058,0.002,0.016,markov,0.58,extended_moore_r2,40,80,0.9,0.2787934304432748,0.3,0,0.42,0.08,160,0.2859929314403786,0.3,20,1.0327517239713897,5.439171658940038e-18,0.2,plastic,sensitivity,0.0083682911807583,False,alpha_async,40,150,210,1,-1,1.0,0.6,0.6,80,0.0598615470072896,0,0,40,0.9908468934911244,2,0,0.25,0.01,0.75,50.0,lesion,30.0,0.45,0.2,0.1,0.002,8.0
52,260,0.442848132922994,0.5,0.0097910247565539,0.0,0.125,0.1645560274613945,extended_moore_r2__ql__plastic__intr0__struct0__alpha_async__lesion__s2__1f5cb8d02f,0.001394592088875,0.0084510204214067,0.25,False,0.8363335085699478,0.002,0.016,ql,0.68,extended_moore_r2,40,80,0.9,0.2479785416534975,0.3,0,0.42,0.08,160,0.3961198806708519,0.2,20,0.8229397408404333,3.549171174846942e-18,0.2,plastic,sensitivity,-0.0067202744624353,False,alpha_async,40,150,210,2,-1,1.0,0.6,0.6,80,0.0290722421242138,0,0,40,0.994236932938856,2,0,0.25,0.01,0.75,50.0,lesion,30.0,0.45,0.2,0.1,0.002,8.0
52,260,0.4400790749765235,0.5,-0.0435513465448571,0.0,0.125,0.1689024623909127,extended_hex_r2__ql__plastic__intr0__struct0__alpha_async__lesion__s2__38f0a52c87,-0.0116840659746507,-0.0241867250849409,0.25,False,0.911644402570234,0.002,0.016,ql,0.58,extended_hex_r2,40,80,0.9,0.1832060444581043,0.3,0,0.42,0.08,160,0.3921223586109151,0.4,20,0.5173772688810742,3.752298368700762e-18,0.2,plastic,sensitivity,-0.0001301729029152,False,alpha_async,40,150,210,2,-1,1.0,0.6,0.6,80,0.0200733984420989,0,0,40,0.99913708086785,2,0,0.25,0.01,0.75,50.0,lesion,30.0,0.45,0.2,0.1,0.002,8.0
52,260,0.4216305207756345,0.5,-0.2988771671308972,0.0,0.125,0.2683603634679848,honeycomb_nnn__ql__plastic__intr0__struct0__alpha_async__lesion__s1__503c83a333,-0.001779174778025,-0.003001274230406,0.25,False,0.5452283329015738,0.002,0.016,ql,0.68,honeycomb_nnn,40,80,0.9,0.4784083242955798,0.3,0,0.42,0.08,160,0.3673795884588769,0.3,20,1.1274861748953542,4.031234061807734e-18,0.2,plastic,sensitivity,-0.0037541718928055,False,alpha_async,40,150,210,1,-1,1.0,0.6,0.6,80,0.0478171792704609,0,0,40,1.0,2,0,0.25,0.01,0.75,50.0,lesion,30.0,0.45,0.2,0.1,0.002,8.0
52,260,0.2658157974592501,0.5,0.27629872942596,0.0,0.125,0.4180482060944265,square_vn__ql__plastic__intr0__struct0__alpha_async__lesion__s1__ab014ab894,0.1427608524776394,0.1459738521698287,0.25,False,0.6171439250944476,0.002,0.006,ql,0.58,square_vn,40,80,0.9,0.18432033263418,0.3,0,0.42,0.08,160,0.229573100125077,0.2,20,1.4091300318170803,4.234172377288657e-18,0.2,plastic,sensitivity,0.0976604796309124,False,alpha_async,40,150,210,1,-1,1.0,0.6,0.6,80,0.0605502026872162,0,0,40,1.0,2,0,0.25,0.01,0.75,50.0,lesion,30.0,0.45,0.2,0.1,0.002,8.0
52,260,0.2895378456903703,0.5,0.0874058673971255,0.0,0.125,0.0,square_moore__markov__plastic__intr0__struct0__alpha_async__lesion__s2__dd26c25aca,0.0850843093196728,0.0807873141812052,0.25,False,0.4087781426669099,0.002,0.006,markov,0.62,square_moore,40,80,0.9,0.3197996752108349,0.3,0,0.42,0.08,160,0.2361590641957034,0.4,20,1.534361256993413,3.582468490876033e-18,0.2,plastic,sensitivity,0.0618029657908992,False,alpha_async,40,150,210,2,-1,1.0,0.6,0.6,80,0.0562570003124838,0,0,40,1.0,2,0,0.25,0.01,0.75,50.0,lesion,30.0,0.45,0.2,0.1,0.002,8.0
52,260,0.3222021577792297,0.5,0.0448444080378177,0.0,0.125,0.0,hex_cells__markov__plastic__intr0__struct0__alpha_async__lesion__s2__0fe17bb9a2,0.1164967648045068,0.100908931372704,0.25,False,0.4150930425946086,0.002,0.006,markov,0.58,hex_cells,40,80,0.9,0.358271182717938,0.3,0,0.42,0.08,160,0.2590493566547382,0.3,20,1.573249674468584,2.5262710364533704e-18,0.2,plastic,sensitivity,0.064592652030309,False,alpha_async,40,150,210,2,-1,1.0,0.6,0.6,80,0.0593916323231174,0,0,40,1.0,2,0,0.25,0.01,0.75,50.0,lesion,30.0,0.45,0.2,0.1,0.002,8.0
52,260,0.1278194218306533,0.5,0.5070542408017208,0.0,0.125,0.0,honeycomb__markov__plastic__intr0__struct0__alpha_async__lesion__s1__d1f10641bd,0.3244939613297063,0.3031770973738824,0.25,False,0.2304166690910467,0.002,0.006,markov,0.68,honeycomb,40,80,0.9,0.1140101581401226,0.3,0,0.42,0.08,160,0.1199156715240933,0.2,20,1.0596063727210645,5.2066137987649286e-18,0.2,plastic,sensitivity,0.2867587136504552,False,alpha_async,40,150,210,1,-1,1.0,0.6,0.6,80,0.1491514367903275,0,0,40,1.0,2,0,0.25,0.01,0.75,50.0,lesion,30.0,0.45,0.2,0.1,0.002,8.0
52,260,0.3721421674947594,0.5,-0.0130454252428034,0.0,0.125,0.0,extended_moore_r2__markov__plastic__intr0__struct0__alpha_async__lesion__s1__c2707a62d4,0.0410481987835283,0.0367087288622642,0.25,False,0.5762121869125824,0.002,0.006,markov,0.58,extended_moore_r2,40,80,0.9,0.3466404535658897,0.3,0,0.42,0.08,160,0.2956365264540621,0.4,20,1.2096226657570852,5.295878109662849e-18,0.2,plastic,sensitivity,0.00494780750092,False,alpha_async,40,150,210,1,-1,1.0,0.6,0.6,80,0.0547894379881093,0,0,40,1.0,2,0,0.25,0.01,0.75,50.0,lesion,30.0,0.45,0.2,0.1,0.002,8.0
52,260,0.4719879761571124,0.5,-0.0358943317132462,0.0,0.125,0.1577976160490782,extended_moore_r2__ql__plastic__intr0__struct0__alpha_async__lesion__s2__d45469fc12,-0.0039857918384437,0.0081656977225213,0.25,False,0.832949300515334,0.002,0.006,ql,0.68,extended_moore_r2,40,80,0.9,0.2521119750890846,0.3,0,0.42,0.08,160,0.3981437296000428,0.3,20,0.6475263923841303,3.949366036591956e-18,0.2,plastic,sensitivity,-0.0037700300045188,False,alpha_async,40,150,210,2,-1,1.0,0.6,0.6,80,0.0033692204847989,0,0,40,1.0,2,0,0.25,0.01,0.75,50.0,lesion,30.0,0.45,0.2,0.1,0.002,8.0
52,260,0.4563161626607573,0.5,-0.0331040327256769,0.0,0.125,0.1572669141022032,extended_hex_r2__ql__plastic__intr0__struct0__alpha_async__lesion__s2__c7043b4e35,-0.0174833860841532,-0.0146384085611676,0.25,False,0.8886095363332881,0.002,0.006,ql,0.62,extended_hex_r2,40,80,0.9,0.2093961242335038,0.3,0,0.42,0.08,160,0.4006717726366869,0.2,20,0.6953353875190665,4.1413525245396534e-18,0.2,plastic,sensitivity,-0.0080234441435774,False,alpha_async,40,150,210,2,-1,1.0,0.6,0.6,80,0.0063862846456405,0,0,40,1.0,2,0,0.25,0.01,0.75,50.0,lesion,30.0,0.45,0.2,0.1,0.002,8.0
52,260,0.4362510544912348,0.5,-0.3148559212914283,0.0,0.125,0.2798000688457282,honeycomb_nnn__ql__plastic__intr0__struct0__alpha_async__lesion__s1__b49f00e956,0.0031910511244204,0.0036290970370927,0.25,False,0.4503155105949641,0.002,0.006,ql,0.68,honeycomb_nnn,40,80,0.9,0.5311780160412737,0.3,0,0.42,0.08,160,0.3804396821380528,0.4,20,1.152315737880261,3.2347228945780197e-18,0.2,plastic,sensitivity,0.0013404493618019,False,alpha_async,40,150,210,1,-1,1.0,0.6,0.6,80,0.0487418394984081,0,0,40,1.0,2,0,0.25,0.01,0.75,50.0,lesion,30.0,0.45,0.2,0.1,0.002,8.0
52,260,0.2843894664570858,0.5,0.2250551621705014,0.0,0.125,0.405816262857073,square_vn__ql__plastic__intr0__struct0__alpha_async__lesion__s1__3cf74c2d94,0.1162724277806689,0.106096820636893,0.25,False,0.6362092175321632,0.002,0.01,ql,0.58,square_vn,40,80,0.9,0.2054641783446187,0.3,0,0.42,0.08,160,0.2424916478633373,0.2,20,1.4526534728548128,3.597193255140562e-18,0.2,plastic,sensitivity,0.0906735065134293,False,alpha_async,40,150,210,1,-1,1.0,0.6,0.6,80,0.0549731767961263,0,0,40,1.0,2,0,0.25,0.01,0.75,50.0,lesion,30.0,0.45,0.2,0.1,0.002,8.0
52,260,0.2935199828798698,0.5,0.0578630840066617,0.0,0.125,0.0,square_moore__markov__plastic__intr0__struct0__alpha_async__lesion__s2__c996ba4ad6,0.0920748812339112,0.0901754950140492,0.25,False,0.3969217109399243,0.002,0.01,markov,0.62,square_moore,40,80,0.9,0.3338703671507674,0.3,0,0.42,0.08,160,0.2362797982812597,0.4,20,1.5417646610301474,4.989143237212878e-18,0.2,plastic,sensitivity,0.0570809395732835,False,alpha_async,40,150,210,2,-1,1.0,0.6,0.6,80,0.0535947778134427,0,0,40,1.0,2,0,0.25,0.01,0.75,50.0,lesion,30.0,0.45,0.2,0.1,0.002,8.0
52,260,0.311811689519908,0.5,0.0670084729852105,0.0,0.125,0.0,hex_cells__markov__plastic__intr0__struct0__alpha_async__lesion__s2__2afbaadf56,0.1120854722783375,0.0888426928043005,0.25,False,0.4147139214365835,0.002,0.01,markov,0.58,hex_cells,40,80,0.9,0.343774887056744,0.3,0,0.42,0.08,160,0.2507023024604807,0.3,20,1.5480251458785907,3.9256509620249015e-18,0.2,plastic,sensitivity,0.0685776883202544,False,alpha_async,40,150,210,2,-1,1.0,0.6,0.6,80,0.066254205202161,0,0,40,1.0,2,0,0.25,0.01,0.75,50.0,lesion,30.0,0.45,0.2,0.1,0.002,8.0
52,260,0.1384909406628751,0.5,0.4875407562604277,0.0,0.125,0.0,honeycomb__markov__plastic__intr0__struct0__alpha_async__lesion__s1__85a5267d3c,0.2969440396306048,0.2837449420616423,0.25,False,0.2517938233495816,0.002,0.01,markov,0.68,honeycomb,40,80,0.9,0.1247106517239985,0.3,0,0.42,0.08,160,0.1282276619823843,0.2,20,1.111883706820615,3.778623023811933e-18,0.2,plastic,sensitivity,0.2541549047047464,False,alpha_async,40,150,210,1,-1,1.0,0.6,0.6,80,0.1451499076183202,0,0,40,1.0,2,0,0.25,0.01,0.75,50.0,lesion,30.0,0.45,0.2,0.1,0.002,8.0
52,260,0.3622397982117453,0.5,0.0326236158006415,0.0,0.125,0.0,extended_moore_r2__markov__plastic__intr0__struct0__alpha_async__lesion__s1__804cac63c4,0.0378332411948935,0.0403872390190888,0.25,False,0.6042398561994133,0.002,0.01,markov,0.58,extended_moore_r2,40,80,0.9,0.3176803013509864,0.3,0,0.42,0.08,160,0.287549048051986,0.4,20,1.1853594490159614,7.342276683860444e-18,0.2,plastic,sensitivity,0.0046271242970936,False,alpha_async,40,150,210,1,-1,1.0,0.6,0.6,80,0.0704364834655505,0,0,40,0.998813486193294,2,0,0.25,0.01,0.75,50.0,lesion,30.0,0.45,0.2,0.1,0.002,8.0
52,260,0.4713119707467459,0.5,-0.0349156065130293,0.0,0.125,0.15786327809696,extended_moore_r2__ql__plastic__intr0__struct0__alpha_async__lesion__s2__65684d17b5,-0.0075497987657008,0.0077440008265729,0.25,False,0.8344668796339848,0.002,0.01,ql,0.68,extended_moore_r2,40,80,0.9,0.2509419077020056,0.3,0,0.42,0.08,160,0.3972555207637002,0.3,20,0.6536691954095971,4.023034631641756e-18,0.2,plastic,sensitivity,0.0042506051069864,False,alpha_async,40,150,210,2,-1,1.0,0.6,0.6,80,0.003462535786152,0,0,40,1.0,2,0,0.25,0.01,0.75,50.0,lesion,30.0,0.45,0.2,0.1,0.002,8.0
52,260,0.4493047187089784,0.5,-0.0108899891607508,0.0,0.125,0.1589753525751445,extended_hex_r2__ql__plastic__intr0__struct0__alpha_async__lesion__s2__af96b9aa12,-0.0074986794038326,-0.0191462788267831,0.25,False,0.8892105390547753,0.002,0.01,ql,0.62,extended_hex_r2,40,80,0.9,0.2074492625189535,0.3,0,0.42,0.08,160,0.4002043210909469,0.2,20,0.7055806260703501,3.458247321123089e-18,0.2,plastic,sensitivity,-0.0027978382601857,False,alpha_async,40,150,210,2,-1,1.0,0.6,0.6,80,0.020316862444874,0,0,40,1.0,2,0,0.25,0.01,0.75,50.0,lesion,30.0,0.45,0.2,0.1,0.002,8.0
52,260,0.4283556050755217,0.5,-0.3069801405746535,0.0,0.125,0.2733730552987534,honeycomb_nnn__ql__plastic__intr0__struct0__alpha_async__lesion__s1__5125713b80,-0.0156051261312087,0.0044970795847016,0.25,False,0.5101253056296206,0.002,0.01,ql,0.68,honeycomb_nnn,40,80,0.9,0.4991146857330011,0.3,0,0.42,0.08,160,0.3744858269810918,0.4,20,1.1405275155909602,4.264239489632745e-18,0.2,plastic,sensitivity,-0.0141025809894223,False,alpha_async,40,150,210,1,-1,1.0,0.6,0.6,80,0.0505020789354366,0,0,40,1.0,2,0,0.25,0.01,0.75,50.0,lesion,30.0,0.45,0.2,0.1,0.002,8.0
52,260,0.2821410073236663,0.5,0.1924020796098214,0.0,0.125,0.4032247622119509,square_vn__ql__plastic__intr0__struct0__alpha_async__lesion__s1__7cd67c84df,0.1157388809573161,0.1147353136084668,0.25,False,0.6301284343231991,0.002,0.016,ql,0.58,square_vn,40,80,0.9,0.2123820725533751,0.3,0,0.42,0.08,160,0.2448940774034479,0.2,20,1.4518463659923924,3.7932710340319455e-18,0.2,plastic,sensitivity,0.0775008711342021,False,alpha_async,40,150,210,1,-1,1.0,0.6,0.6,80,0.045094167448989,0,0,40,1.0,2,0,0.25,0.01,0.75,50.0,lesion,30.0,0.45,0.2,0.1,0.002,8.0
52,260,0.2971809986913229,0.5,0.0435004988471081,0.0,0.125,0.0,square_moore__markov__plastic__intr0__struct0__alpha_async__lesion__s2__5f7d311c20,0.0862048227322387,0.0801333203633761,0.25,False,0.3999144130857473,0.002,0.016,markov,0.62,square_moore,40,80,0.9,0.3392746943024216,0.3,0,0.42,0.08,160,0.237708413591368,0.4,20,1.5386905240721094,5.0501556447945576e-18,0.2,plastic,sensitivity,0.0495631318700341,False,alpha_async,40,150,210,2,-1,1.0,0.6,0.6,80,0.0758412420194076,0,0,40,1.0,2,0,0.25,0.01,0.75,50.0,lesion,30.0,0.45,0.2,0.1,0.002,8.0
52,260,0.3019794832535809,0.5,0.0883924572620623,0.0,0.125,0.0,hex_cells__markov__plastic__intr0__struct0__alpha_async__lesion__s2__458bb53fb6,0.1009598753982796,0.0776752910479526,0.25,False,0.4192846596616715,0.002,0.016,markov,0.58,hex_cells,40,80,0.9,0.3279323172702097,0.3,0,0.42,0.08,160,0.2434774595333319,0.3,20,1.538247969738472,2.620381799566208e-18,0.2,plastic,sensitivity,0.0635024752886071,False,alpha_async,40,150,210,2,-1,1.0,0.6,0.6,80,0.0591275795927707,0,0,40,1.0,2,0,0.25,0.01,0.75,50.0,lesion,30.0,0.45,0.2,0.1,0.002,8.0
52,260,0.1425812797582123,0.5,0.4930598083866646,0.0,0.125,0.0,honeycomb__markov__plastic__intr0__struct0__alpha_async__lesion__s1__6d8cdde66b,0.2846875477015258,0.2641768394911979,0.25,False,0.2604935539117208,0.002,0.016,markov,0.68,honeycomb,40,80,0.9,0.1264594159324219,0.3,0,0.42,0.08,160,0.131087117251432,0.2,20,1.135726323429897,2.175430124716817e-18,0.2,plastic,sensitivity,0.2613489019981596,False,alpha_async,40,150,210,1,-1,1.0,0.6,0.6,80,0.1429311115201954,0,0,40,1.0,2,0,0.25,0.01,0.75,50.0,lesion,30.0,0.45,0.2,0.1,0.002,8.0
52,260,0.3535610913402734,0.5,0.1124147883771189,0.0,0.125,0.0,extended_moore_r2__markov__plastic__intr0__struct0__alpha_async__lesion__s1__0e264ca149,0.0460248708490795,0.0462743074868284,0.25,False,0.6498919858826445,0.002,0.016,markov,0.58,extended_moore_r2,40,80,0.9,0.272802707829935,0.3,0,0.42,0.08,160,0.2794062477333124,0.4,20,1.059519589199231,5.894423291618393e-18,0.2,plastic,sensitivity,0.0013398440687518,False,alpha_async,40,150,210,1,-1,1.0,0.6,0.6,80,0.0530702051659437,0,0,40,0.990954758382643,2,0,0.25,0.01,0.75,50.0,lesion,30.0,0.45,0.2,0.1,0.002,8.0
52,260,0.4394415814329107,0.5,-0.0080291863983491,0.0,0.125,0.167188989286126,extended_moore_r2__ql__plastic__intr0__struct0__alpha_async__lesion__s2__603fc6f471,0.0044680200605398,0.0109827184281233,0.25,False,0.8306726474998735,0.002,0.016,ql,0.68,extended_moore_r2,40,80,0.9,0.2540041746897118,0.3,0,0.42,0.08,160,0.3940768564928524,0.3,20,0.8018643197525476,3.944735216374801e-18,0.2,plastic,sensitivity,-0.0058650867218144,False,alpha_async,40,150,210,2,-1,1.0,0.6,0.6,80,0.0261868047698267,0,0,40,0.9944834812623274,2,0,0.25,0.01,0.75,50.0,lesion,30.0,0.45,0.2,0.1,0.002,8.0
52,260,0.4453157731511969,0.5,-0.0071012446080587,0.0,0.125,0.1603734194214489,extended_hex_r2__ql__plastic__intr0__struct0__alpha_async__lesion__s2__4c511a0ee1,-0.0059704412518761,-0.0129813198893016,0.25,False,0.8878804625260431,0.002,0.016,ql,0.62,extended_hex_r2,40,80,0.9,0.2072272032593465,0.3,0,0.42,0.08,160,0.3986461356585537,0.2,20,0.6868109815066442,2.726190537495641e-18,0.2,plastic,sensitivity,-0.0068936405277036,False,alpha_async,40,150,210,2,-1,1.0,0.6,0.6,80,0.0213115645021068,0,0,40,0.9994247205785668,2,0,0.25,0.01,0.75,50.0,lesion,30.0,0.45,0.2,0.1,0.002,8.0
52,260,0.4201563893550467,0.5,-0.2990048747186687,0.0,0.125,0.26904319497507,honeycomb_nnn__ql__plastic__intr0__struct0__alpha_async__lesion__s1__e3f21f427c,-0.0060750938555842,-0.0097916915820006,0.25,False,0.5475950707299128,0.002,0.016,ql,0.68,honeycomb_nnn,40,80,0.9,0.4759958013315221,0.3,0,0.42,0.08,160,0.3659185760744205,0.4,20,1.137657941319264,4.006218763202738e-18,0.2,plastic,sensitivity,0.0044848290597661,False,alpha_async,40,150,210,1,-1,1.0,0.6,0.6,80,0.0460268433356446,0,0,40,0.9999589086127548,2,0,0.25,0.01,0.75,50.0,lesion,30.0,0.45,0.2,0.1,0.002,8.0
52,260,0.2674906340916314,0.5,0.2568617224097358,0.0,0.125,0.4148147727671776,square_vn__ql__plastic__intr0__struct0__alpha_async__lesion__s1__f32131c763,0.135466331872549,0.1374715131204312,0.25,False,0.6225305719389688,0.002,0.006,ql,0.58,square_vn,40,80,0.9,0.1885608419217912,0.3,0,0.42,0.08,160,0.2338515402579532,0.3,20,1.4160717578552238,5.3710035994573065e-18,0.2,plastic,sensitivity,0.094235675007433,False,alpha_async,40,150,210,1,-1,1.0,0.6,0.6,80,0.0580936892941374,0,0,40,1.0,2,0,0.25,0.01,0.75,50.0,lesion,30.0,0.45,0.2,0.1,0.002,8.0
52,260,0.3248054492544475,0.5,0.0019288193420725,0.0,0.125,0.0,square_moore__markov__plastic__intr0__struct0__alpha_async__lesion__s2__494590f666,0.065679082290685,0.0698817340463017,0.25,False,0.4554843823598642,0.002,0.006,markov,0.68,square_moore,40,80,0.9,0.3593644851364004,0.3,0,0.42,0.08,160,0.262096197092156,0.2,20,1.555437775775682,4.574020126147029e-18,0.2,plastic,sensitivity,0.0392815203733599,False,alpha_async,40,150,210,2,-1,1.0,0.6,0.6,80,0.046484312050067,0,0,40,1.0,2,0,0.25,0.01,0.75,50.0,lesion,30.0,0.45,0.2,0.1,0.002,8.0
52,260,0.32017860924509,0.5,0.0454659838015366,0.0,0.125,0.0,hex_cells__markov__plastic__intr0__struct0__alpha_async__lesion__s2__35fb96bbc9,0.1150913413013706,0.1006447112369452,0.25,False,0.4071477535085927,0.002,0.006,markov,0.58,hex_cells,40,80,0.9,0.3590350918257519,0.3,0,0.42,0.08,160,0.2584261314326678,0.4,20,1.5673690568447325,2.102251529752961e-18,0.2,plastic,sensitivity,0.0709231794734137,False,alpha_async,40,150,210,2,-1,1.0,0.6,0.6,80,0.0663838607177684,0,0,40,1.0,2,0,0.25,0.01,0.75,50.0,lesion,30.0,0.45,0.2,0.1,0.002,8.0
52,260,0.1097831125937012,0.5,0.5168736270058812,0.0,0.125,0.0,honeycomb__markov__plastic__intr0__struct0__alpha_async__lesion__s1__ee8fe9be9e,0.3491427986227614,0.3425768880107198,0.25,False,0.1996870686805953,0.002,0.006,markov,0.68,honeycomb,40,80,0.9,0.0993505282691435,0.3,0,0.42,0.08,160,0.1074745372986751,0.3,20,0.9697075839465148,3.372521029303556e-18,0.2,plastic,sensitivity,0.3130527630554726,False,alpha_async,40,150,210,1,-1,1.0,0.6,0.6,80,0.1258731638294592,0,0,40,1.0,2,0,0.25,0.01,0.75,50.0,lesion,30.0,0.45,0.2,0.1,0.002,8.0
52,260,0.4009108508699776,0.5,-0.1228767997838842,0.0,0.125,0.0,extended_moore_r2__markov__plastic__intr0__struct0__alpha_async__lesion__s1__637b82fcc6,0.0126402141976511,0.0282230444254245,0.25,False,0.6028965984156484,0.002,0.006,markov,0.62,extended_moore_r2,40,80,0.9,0.3816406433913284,0.3,0,0.42,0.08,160,0.3202459308224894,0.2,20,1.1092330204372918,6.540604422988396e-18,0.2,plastic,sensitivity,-0.0084190169092417,False,alpha_async,40,150,210,1,-1,1.0,0.6,0.6,80,0.0887055033049239,0,0,40,1.0,2,0,0.25,0.01,0.75,50.0,lesion,30.0,0.45,0.2,0.1,0.002,8.0
52,260,0.4719030994056414,0.5,-0.0359437345081625,0.0,0.125,0.1584619667378504,extended_moore_r2__ql__plastic__intr0__struct0__alpha_async__lesion__s2__b998fb4f63,-0.0033727803312025,0.0080738138579641,0.25,False,0.8329071597466005,0.002,0.006,ql,0.68,extended_moore_r2,40,80,0.9,0.2520645027530525,0.3,0,0.42,0.08,160,0.3974796413673752,0.4,20,0.6453954487977588,3.5783020773336564e-18,0.2,plastic,sensitivity,-0.0033772725801609,False,alpha_async,40,150,210,2,-1,1.0,0.6,0.6,80,0.0033520618529497,0,0,40,1.0,2,0,0.25,0.01,0.75,50.0,lesion,30.0,0.45,0.2,0.1,0.002,8.0
52,260,0.4538242665610418,0.5,-0.0150841903619887,0.0,0.125,0.15951493380829,extended_hex_r2__ql__plastic__intr0__struct0__alpha_async__lesion__s2__a89af884cc,-0.0158858857178378,-0.0186914233165753,0.25,False,0.8902329439108273,0.002,0.006,ql,0.62,extended_hex_r2,40,80,0.9,0.2076537012762417,0.3,0,0.42,0.08,160,0.4002382467997018,0.3,20,0.731225402600947,3.0410531520088805e-18,0.2,plastic,sensitivity,-0.0037679055045554,False,alpha_async,40,150,210,2,-1,1.0,0.6,0.6,80,0.015922210642427,0,0,40,1.0,2,0,0.25,0.01,0.75,50.0,lesion,30.0,0.45,0.2,0.1,0.002,8.0
52,260,0.4330456936114551,0.5,-0.3008638324760472,0.0,0.125,0.2813594943794084,honeycomb_nnn__ql__plastic__intr0__struct0__alpha_async__lesion__s2__a7095651c7,0.0024553376442314,-0.0004991280216436,0.25,False,0.473437375879747,0.002,0.006,ql,0.58,honeycomb_nnn,40,80,0.9,0.5132985224212899,0.3,0,0.42,0.08,160,0.3723836036109661,0.2,20,1.177506989340381,4.232946649887144e-18,0.2,plastic,sensitivity,-0.00543758513843,False,alpha_async,40,150,210,2,-1,1.0,0.6,0.6,80,0.0476145176990874,0,0,40,1.0,2,0,0.25,0.01,0.75,50.0,lesion,30.0,0.45,0.2,0.1,0.002,8.0
52,260,0.2700006057876509,0.5,0.2427706212215958,0.0,0.125,0.4131260880827973,square_vn__ql__plastic__intr0__struct0__alpha_async__lesion__s1__1df978e8b6,0.1129055720949019,0.1221651455701198,0.25,False,0.6225605561291485,0.002,0.01,ql,0.58,square_vn,40,80,0.9,0.1925621735590169,0.3,0,0.42,0.08,160,0.234934121534533,0.3,20,1.4242331128203638,4.278532921640836e-18,0.2,plastic,sensitivity,0.0639947156732455,False,alpha_async,40,150,210,1,-1,1.0,0.6,0.6,80,0.0600711762333828,0,0,40,1.0,2,0,0.25,0.01,0.75,50.0,lesion,30.0,0.45,0.2,0.1,0.002,8.0
52,260,0.3276756738998181,0.5,-0.0339998881861681,0.0,0.125,0.0,square_moore__markov__plastic__intr0__struct0__alpha_async__lesion__s2__9906b1c1cf,0.061708822714906,0.0562453175071964,0.25,False,0.425602138860105,0.002,0.01,markov,0.68,square_moore,40,80,0.9,0.3778916467829556,0.3,0,0.42,0.08,160,0.2617643827704615,0.2,20,1.567226293289026,6.009246184327928e-18,0.2,plastic,sensitivity,0.0248688245037166,False,alpha_async,40,150,210,2,-1,1.0,0.6,0.6,80,0.0759139428990647,0,0,40,1.0,2,0,0.25,0.01,0.75,50.0,lesion,30.0,0.45,0.2,0.1,0.002,8.0
52,260,0.3059948447201764,0.5,0.0741751830132235,0.0,0.125,0.0,hex_cells__markov__plastic__intr0__struct0__alpha_async__lesion__s2__268564d5fe,0.1139669017151574,0.0919225407374587,0.25,False,0.4026939151901045,0.002,0.01,markov,0.58,hex_cells,40,80,0.9,0.3420051858318353,0.3,0,0.42,0.08,160,0.2486061237823222,0.4,20,1.558669761800987,3.859155470257156e-18,0.2,plastic,sensitivity,0.0750219496727106,False,alpha_async,40,150,210,2,-1,1.0,0.6,0.6,80,0.0752328653592104,0,0,40,1.0,2,0,0.25,0.01,0.75,50.0,lesion,30.0,0.45,0.2,0.1,0.002,8.0
52,260,0.1150600628641808,0.5,0.5071462266914589,0.0,0.125,0.0,honeycomb__markov__plastic__intr0__struct0__alpha_async__lesion__s1__e9827c37f6,0.3389429838244155,0.2809613873121001,0.25,False,0.2112880268458788,0.002,0.01,markov,0.68,honeycomb,40,80,0.9,0.1048614335418861,0.3,0,0.42,0.08,160,0.112607583870019,0.3,20,0.99557023529927,3.624991824836181e-18,0.2,plastic,sensitivity,0.299544920822195,False,alpha_async,40,150,210,1,-1,1.0,0.6,0.6,80,0.1339755601584662,0,0,40,1.0,2,0,0.25,0.01,0.75,50.0,lesion,30.0,0.45,0.2,0.1,0.002,8.0
52,260,0.4036385031597507,0.5,-0.0005681161590471,0.0,0.125,0.0,extended_moore_r2__markov__plastic__intr0__struct0__alpha_async__lesion__s1__3749aca3bb,0.0338554376178523,0.0411813880222743,0.25,False,0.7048680705866645,0.002,0.01,markov,0.62,extended_moore_r2,40,80,0.9,0.2978588914429325,0.3,0,0.42,0.08,160,0.3154530717621387,0.2,20,1.065264991299936,4.497838698004345e-18,0.2,plastic,sensitivity,-0.0071966543454302,False,alpha_async,40,150,210,1,-1,1.0,0.6,0.6,80,0.0513021715655125,0,0,40,0.9995069033530573,2,0,0.25,0.01,0.75,50.0,lesion,30.0,0.45,0.2,0.1,0.002,8.0
52,260,0.4708398812979767,0.5,-0.0352530198850438,0.0,0.125,0.1593721671467033,extended_moore_r2__ql__plastic__intr0__struct0__alpha_async__lesion__s2__c1aba46cb7,-0.0066172182663697,0.0084511607639745,0.25,False,0.8342253337684714,0.002,0.01,ql,0.68,extended_moore_r2,40,80,0.9,0.2511680122285506,0.3,0,0.42,0.08,160,0.3960425642639024,0.4,20,0.6544535820066265,3.1785286043650197e-18,0.2,plastic,sensitivity,0.005263735123818,False,alpha_async,40,150,210,2,-1,1.0,0.6,0.6,80,0.0038565359689217,0,0,40,1.0,2,0,0.25,0.01,0.75,50.0,lesion,30.0,0.45,0.2,0.1,0.002,8.0
52,260,0.4484518386581692,0.5,-0.0119024203763621,0.0,0.125,0.1599487091463449,extended_hex_r2__ql__plastic__intr0__struct0__alpha_async__lesion__s2__d0440bcb8e,-0.0066587132285302,-0.0144163911848266,0.25,False,0.8894028520542542,0.002,0.01,ql,0.62,extended_hex_r2,40,80,0.9,0.2068269121129594,0.3,0,0.42,0.08,160,0.3992548218171319,0.3,20,0.6980681912132048,3.303188261973215e-18,0.2,plastic,sensitivity,-0.0033662635935551,False,alpha_async,40,150,210,2,-1,1.0,0.6,0.6,80,0.0197695024130173,0,0,40,1.0,2,0,0.25,0.01,0.75,50.0,lesion,30.0,0.45,0.2,0.1,0.002,8.0
52,260,0.4300110112776591,0.5,-0.2987378724105944,0.0,0.125,0.2767025757219752,honeycomb_nnn__ql__plastic__intr0__struct0__alpha_async__lesion__s2__fa00607d87,-0.0013784433235949,0.0013841652576983,0.25,False,0.5143753714192476,0.002,0.01,ql,0.58,honeycomb_nnn,40,80,0.9,0.4938618484281559,0.3,0,0.42,0.08,160,0.3683733199756567,0.2,20,1.1591507896747328,3.743899430757575e-18,0.2,plastic,sensitivity,-0.0030994353093286,False,alpha_async,40,150,210,2,-1,1.0,0.6,0.6,80,0.0524871795708679,0,0,40,1.0,2,0,0.25,0.01,0.75,50.0,lesion,30.0,0.45,0.2,0.1,0.002,8.0
52,260,0.2644743750191524,0.5,0.2439448140179176,0.0,0.125,0.4148068942548202,square_vn__ql__plastic__intr0__struct0__alpha_async__lesion__s1__74cf518baa,0.1336118822523315,0.1282000805394515,0.25,False,0.6145492407834849,0.002,0.016,ql,0.58,square_vn,40,80,0.9,0.1909178144877939,0.3,0,0.42,0.08,160,0.2332139346318442,0.3,20,1.4037724851896078,5.222534788939017e-18,0.2,plastic,sensitivity,0.105940656645825,False,alpha_async,40,150,210,1,-1,1.0,0.6,0.6,80,0.0568903921475737,0,0,40,1.0,2,0,0.25,0.01,0.75,50.0,lesion,30.0,0.45,0.2,0.1,0.002,8.0
52,260,0.3274068746060618,0.5,-0.0591029013587173,0.0,0.125,0.0,square_moore__markov__plastic__intr0__struct0__alpha_async__lesion__s2__a6501b8c18,0.054622466779427,0.0602490787650539,0.25,False,0.422434645399978,0.002,0.016,markov,0.68,square_moore,40,80,0.9,0.3862009741577301,0.3,0,0.42,0.08,160,0.2611500790440847,0.2,20,1.5541243528264828,4.5675019842610535e-18,0.2,plastic,sensitivity,0.0204930789025817,False,alpha_async,40,150,210,2,-1,1.0,0.6,0.6,80,0.0464103246158941,0,0,40,1.0,2,0,0.25,0.01,0.75,50.0,lesion,30.0,0.45,0.2,0.1,0.002,8.0
52,260,0.294672861070937,0.5,0.1105323556554442,0.0,0.125,0.0,hex_cells__markov__plastic__intr0__struct0__alpha_async__lesion__s2__582bf4aab1,0.1130591808686188,0.096925631870726,0.25,False,0.4112573030626119,0.002,0.016,markov,0.58,hex_cells,40,80,0.9,0.3198748247345493,0.3,0,0.42,0.08,160,0.2400342228999377,0.4,20,1.532804931991486,3.1855027119816298e-18,0.2,plastic,sensitivity,0.0584645720965753,False,alpha_async,40,150,210,2,-1,1.0,0.6,0.6,80,0.0787613817178092,0,0,40,1.0,2,0,0.25,0.01,0.75,50.0,lesion,30.0,0.45,0.2,0.1,0.002,8.0
52,260,0.1233427978776178,0.5,0.5132838648152437,0.0,0.125,0.0,honeycomb__markov__plastic__intr0__struct0__alpha_async__lesion__s1__ac29c25443,0.3264453212538631,0.2719699464672771,0.25,False,0.2249660943911993,0.002,0.016,markov,0.68,honeycomb,40,80,0.9,0.1099967820145827,0.3,0,0.42,0.08,160,0.1185889853111343,0.3,20,1.0387280805402157,4.4169619735031465e-18,0.2,plastic,sensitivity,0.3099664553846272,False,alpha_async,40,150,210,1,-1,1.0,0.6,0.6,80,0.1291434462511233,0,0,40,1.0,2,0,0.25,0.01,0.75,50.0,lesion,30.0,0.45,0.2,0.1,0.002,8.0
52,260,0.3833625340731322,0.5,0.0268321521643879,0.0,0.125,0.0,extended_moore_r2__markov__plastic__intr0__struct0__alpha_async__lesion__s1__68dd191655,0.0282999851817241,0.0179460167552897,0.25,False,0.7111979369158846,0.002,0.016,markov,0.62,extended_moore_r2,40,80,0.9,0.2772748537907865,0.3,0,0.42,0.08,160,0.3034759220741285,0.2,20,0.9530356361121513,4.9296473648499156e-18,0.2,plastic,sensitivity,-0.0234515427617067,False,alpha_async,40,150,210,1,-1,1.0,0.6,0.6,80,0.041699095251892,0,0,40,0.9904308431952664,2,0,0.25,0.01,0.75,50.0,lesion,30.0,0.45,0.2,0.1,0.002,8.0
52,260,0.4400105241231831,0.5,-0.0170859562029645,0.0,0.125,0.1700756603619536,extended_moore_r2__ql__plastic__intr0__struct0__alpha_async__lesion__s2__dd749b4a93,-0.0240599160966783,-0.0166410637801324,0.25,False,0.82602987153158,0.002,0.016,ql,0.68,extended_moore_r2,40,80,0.9,0.2589516658433363,0.3,0,0.42,0.08,160,0.3917210239720539,0.4,20,0.8132631167011274,3.945384392160616e-18,0.2,plastic,sensitivity,-0.0164197563139816,False,alpha_async,40,150,210,2,-1,1.0,0.6,0.6,80,0.0272481120332599,0,0,40,0.993836291913215,2,0,0.25,0.01,0.75,50.0,lesion,30.0,0.45,0.2,0.1,0.002,8.0
52,260,0.4438414226823999,0.5,-0.0040866706412632,0.0,0.125,0.1621263208183412,extended_hex_r2__ql__plastic__intr0__struct0__alpha_async__lesion__s2__f647e73abd,-0.0033008506730932,-0.00810449291798,0.25,False,0.8889632842546099,0.002,0.016,ql,0.62,extended_hex_r2,40,80,0.9,0.2053242464137733,0.3,0,0.42,0.08,160,0.3978921484985844,0.3,20,0.6752085104317906,3.1868410349987808e-18,0.2,plastic,sensitivity,-0.0199870660277622,False,alpha_async,40,150,210,2,-1,1.0,0.6,0.6,80,0.0271424915494612,0,0,40,0.9993836291913216,2,0,0.25,0.01,0.75,50.0,lesion,30.0,0.45,0.2,0.1,0.002,8.0
52,260,0.4221012535686929,0.5,-0.2902392893631796,0.0,0.125,0.274588936189621,honeycomb_nnn__ql__plastic__intr0__struct0__alpha_async__lesion__s2__70c82b84e0,0.0082971272549708,0.0126686269647015,0.25,False,0.557853832075872,0.002,0.016,ql,0.58,honeycomb_nnn,40,80,0.9,0.4688844492568315,0.3,0,0.42,0.08,160,0.3618489626018652,0.2,20,1.1285611558876645,4.17775779390724e-18,0.2,plastic,sensitivity,0.0089185191312273,False,alpha_async,40,150,210,2,-1,1.0,0.6,0.6,80,0.0394826713845181,0,0,40,1.0,2,0,0.25,0.01,0.75,50.0,lesion,30.0,0.45,0.2,0.1,0.002,8.0
52,260,0.2615870696524209,0.5,0.279493965368657,0.0,0.125,0.4208304213101096,square_vn__ql__plastic__intr0__struct0__alpha_async__lesion__s1__cb53a702f7,0.1334669862370277,0.1426383761095408,0.25,False,0.6151283991612618,0.002,0.006,ql,0.58,square_vn,40,80,0.9,0.1811367354769614,0.3,0,0.42,0.08,160,0.2298899407882496,0.4,20,1.3938919031579662,4.275825387086881e-18,0.2,plastic,sensitivity,0.1111821375748963,False,alpha_async,40,150,210,1,-1,1.0,0.6,0.6,80,0.0644370558440248,0,0,40,1.0,2,0,0.25,0.01,0.75,50.0,lesion,30.0,0.45,0.2,0.1,0.002,8.0
52,260,0.3244600202589384,0.5,0.0204998169701047,0.0,0.125,0.0,square_moore__markov__plastic__intr0__struct0__alpha_async__lesion__s2__d186412a62,0.0688913158893032,0.0577492087702348,0.25,False,0.4635235782126403,0.002,0.006,markov,0.68,square_moore,40,80,0.9,0.3504335678536185,0.3,0,0.42,0.08,160,0.2584914573349489,0.3,20,1.5500430158435476,3.64799925699967e-18,0.2,plastic,sensitivity,0.038723070628516,False,alpha_async,40,150,210,2,-1,1.0,0.6,0.6,80,0.0615069931476686,0,0,40,1.0,2,0,0.25,0.01,0.75,50.0,lesion,30.0,0.45,0.2,0.1,0.002,8.0
52,260,0.3538234993990274,0.5,-0.0462798999921256,0.0,0.125,0.0,hex_cells__markov__plastic__intr0__struct0__alpha_async__lesion__s2__e897b67490,0.0787887549833562,0.0665810094320459,0.25,False,0.4459236228713791,0.002,0.006,markov,0.62,hex_cells,40,80,0.9,0.39852321169411,0.3,0,0.42,0.08,160,0.2825709225028874,0.2,20,1.5541454454852612,2.5834147101608924e-18,0.2,plastic,sensitivity,0.033551893190247,False,alpha_async,40,150,210,2,-1,1.0,0.6,0.6,80,0.0435770740786358,0,0,40,1.0,2,0,0.25,0.01,0.75,50.0,lesion,30.0,0.45,0.2,0.1,0.002,8.0
52,260,0.1020806001135069,0.5,0.5110994774160798,0.0,0.125,0.0,honeycomb__markov__plastic__intr0__struct0__alpha_async__lesion__s1__dbd3749ae7,0.3631727376575378,0.3003276061773192,0.25,False,0.1881566974100605,0.002,0.006,markov,0.68,honeycomb,40,80,0.9,0.0940689307195092,0.3,0,0.42,0.08,160,0.1036859939679024,0.4,20,0.9192775035449589,2.033917678783688e-18,0.2,plastic,sensitivity,0.3395730273191318,False,alpha_async,40,150,210,1,-1,1.0,0.6,0.6,80,0.1302385367787578,0,0,40,1.0,2,0,0.25,0.01,0.75,50.0,lesion,30.0,0.45,0.2,0.1,0.002,8.0
52,260,0.3952769444997624,0.5,-0.1088339240871353,0.0,0.125,0.0,extended_moore_r2__markov__plastic__intr0__struct0__alpha_async__lesion__s1__8b53e0d488,0.0121242470472055,0.0264441208406537,0.25,False,0.5951122765539264,0.002,0.006,markov,0.62,extended_moore_r2,40,80,0.9,0.3782427975207857,0.3,0,0.42,0.08,160,0.3153576909734413,0.3,20,1.1136241786951295,4.2982739031946544e-18,0.2,plastic,sensitivity,-0.0200120545484598,False,alpha_async,40,150,210,1,-1,1.0,0.6,0.6,80,0.0772767467481637,0,0,40,1.0,2,0,0.25,0.01,0.75,50.0,lesion,30.0,0.45,0.2,0.1,0.002,8.0
52,260,0.4206224305353352,0.5,0.0834711162792139,0.0,0.125,0.0,extended_hex_r2__markov__plastic__intr0__struct0__alpha_async__lesion__s1__59bfb77eb3,0.0039759599270952,0.0092196207954282,0.25,False,0.8695927835205546,0.002,0.006,markov,0.58,extended_hex_r2,40,80,0.9,0.1839293089457725,0.3,0,0.42,0.08,160,0.3493649199253726,0.2,20,0.5407079299248586,3.029320650961416e-18,0.2,plastic,sensitivity,-0.0309970816658256,False,alpha_async,40,150,210,1,-1,1.0,0.6,0.6,80,0.015618395979251,0,0,40,1.0,2,0,0.25,0.01,0.75,50.0,lesion,30.0,0.45,0.2,0.1,0.002,8.0
52,260,0.4549461288818739,0.5,-0.0165279994103776,0.0,0.125,0.160768840273308,extended_hex_r2__ql__plastic__intr0__struct0__alpha_async__lesion__s2__6e8d95132b,-0.0149218204504723,-0.0180131963507959,0.25,False,0.890856897232664,0.002,0.006,ql,0.62,extended_hex_r2,40,80,0.9,0.2071229223442937,0.3,0,0.42,0.08,160,0.3991613435539453,0.4,20,0.7345759126453778,3.9015055717643005e-18,0.2,plastic,sensitivity,-0.0036899253529098,False,alpha_async,40,150,210,2,-1,1.0,0.6,0.6,80,0.0154026432074302,0,0,40,1.0,2,0,0.25,0.01,0.75,50.0,lesion,30.0,0.45,0.2,0.1,0.002,8.0
52,260,0.4323987827396714,0.5,-0.2956872725758183,0.0,0.125,0.2801530044336963,honeycomb_nnn__ql__plastic__intr0__struct0__alpha_async__lesion__s2__ef49a96a79,0.0007237662198707,0.0024527574019976,0.25,False,0.4693080899453992,0.002,0.006,ql,0.58,honeycomb_nnn,40,80,0.9,0.5121057296079181,0.3,0,0.42,0.08,160,0.3710989679351962,0.3,20,1.16748246077683,4.33603409430675e-18,0.2,plastic,sensitivity,-0.0045374170448924,False,alpha_async,40,150,210,2,-1,1.0,0.6,0.6,80,0.0376782473888798,0,0,40,1.0,2,0,0.25,0.01,0.75,50.0,lesion,30.0,0.45,0.2,0.1,0.002,8.0
52,260,0.2725066428261788,0.5,0.2425283267876247,0.0,0.125,0.4089532835138949,square_vn__ql__plastic__intr0__struct0__alpha_async__lesion__s1__53e9b228f5,0.1261620355741949,0.1264182237842874,0.25,False,0.6233118835440664,0.002,0.01,ql,0.58,square_vn,40,80,0.9,0.1956618338261531,0.3,0,0.42,0.08,160,0.2364905891042854,0.4,20,1.4305811943367204,2.633694631148607e-18,0.2,plastic,sensitivity,0.0870253190132305,False,alpha_async,40,150,210,1,-1,1.0,0.6,0.6,80,0.0640780700106998,0,0,40,1.0,2,0,0.25,0.01,0.75,50.0,lesion,30.0,0.45,0.2,0.1,0.002,8.0
52,260,0.3226749145092931,0.5,-0.0252499179202367,0.0,0.125,0.0,square_moore__markov__plastic__intr0__struct0__alpha_async__lesion__s2__f8b3de4a64,0.0656267000141008,0.0603788493529876,0.25,False,0.4218577647354786,0.002,0.01,markov,0.68,square_moore,40,80,0.9,0.3708487902555054,0.3,0,0.42,0.08,160,0.256870876186014,0.3,20,1.5590069568409,5.972666058598692e-18,0.2,plastic,sensitivity,0.0288118521927467,False,alpha_async,40,150,210,2,-1,1.0,0.6,0.6,80,0.0569918302729437,0,0,40,1.0,2,0,0.25,0.01,0.75,50.0,lesion,30.0,0.45,0.2,0.1,0.002,8.0
52,260,0.3410314436716593,0.5,-0.0101199809921465,0.0,0.125,0.0,hex_cells__markov__plastic__intr0__struct0__alpha_async__lesion__s2__82663a531d,0.0829777128040464,0.0670225162540205,0.25,False,0.4515055917780549,0.002,0.01,markov,0.62,hex_cells,40,80,0.9,0.3753185414748938,0.3,0,0.42,0.08,160,0.2722734318731929,0.2,20,1.5450695345187506,2.7241378081383223e-18,0.2,plastic,sensitivity,0.0295637397316275,False,alpha_async,40,150,210,2,-1,1.0,0.6,0.6,80,0.039922985617953,0,0,40,1.0,2,0,0.25,0.01,0.75,50.0,lesion,30.0,0.45,0.2,0.1,0.002,8.0
52,260,0.1062635558394626,0.5,0.5158171257939912,0.0,0.125,0.0,honeycomb__markov__plastic__intr0__struct0__alpha_async__lesion__s1__617b285cfb,0.3559905737129805,0.3203423536512205,0.25,False,0.1914313987768416,0.002,0.01,markov,0.68,honeycomb,40,80,0.9,0.0964454050208153,0.3,0,0.42,0.08,160,0.105258111936848,0.4,20,0.9470582984542478,5.263216765620098e-18,0.2,plastic,sensitivity,0.3258645321999904,False,alpha_async,40,150,210,1,-1,1.0,0.6,0.6,80,0.1240301055162645,0,0,40,1.0,2,0,0.25,0.01,0.75,50.0,lesion,30.0,0.45,0.2,0.1,0.002,8.0
52,260,0.3868368388018324,0.5,-0.0619523206035112,0.0,0.125,0.0,extended_moore_r2__markov__plastic__intr0__struct0__alpha_async__lesion__s1__a7073d299a,0.0154907878563006,0.0254528324005167,0.25,False,0.6370559661046035,0.002,0.01,markov,0.62,extended_moore_r2,40,80,0.9,0.3409551373766897,0.3,0,0.42,0.08,160,0.308402611869389,0.3,20,1.0861702480550604,6.4779318387929566e-18,0.2,plastic,sensitivity,-0.0128023118457358,False,alpha_async,40,150,210,1,-1,1.0,0.6,0.6,80,0.0826574255551402,0,0,40,0.9992911735700196,2,0,0.25,0.01,0.75,50.0,lesion,30.0,0.45,0.2,0.1,0.002,8.0
52,260,0.4185178232584761,0.5,0.1011630039611158,0.0,0.125,0.0,extended_hex_r2__markov__plastic__intr0__struct0__alpha_async__lesion__s1__840223e7da,0.0071039329404641,0.0108186633643139,0.25,False,0.8658420394179229,0.002,0.01,markov,0.58,extended_hex_r2,40,80,0.9,0.182294967686376,0.3,0,0.42,0.08,160,0.3465477022665081,0.2,20,0.5496117621378794,3.4540716788306893e-18,0.2,plastic,sensitivity,-0.0342284678701558,False,alpha_async,40,150,210,1,-1,1.0,0.6,0.6,80,0.0144959273655368,0,0,40,1.0,2,0,0.25,0.01,0.75,50.0,lesion,30.0,0.45,0.2,0.1,0.002,8.0
52,260,0.44519030014102,0.5,-0.0047798795702979,0.0,0.125,0.1614218235625796,extended_hex_r2__ql__plastic__intr0__struct0__alpha_async__lesion__s2__930afca821,-0.0028200590713221,-0.0141769690694948,0.25,False,0.8874578535694871,0.002,0.01,ql,0.62,extended_hex_r2,40,80,0.9,0.2071703285345912,0.3,0,0.42,0.08,160,0.3980071029921567,0.4,20,0.6940932824767206,3.2722096843878694e-18,0.2,plastic,sensitivity,-0.0113743290679774,False,alpha_async,40,150,210,2,-1,1.0,0.6,0.6,80,0.0218984261685687,0,0,40,1.0,2,0,0.25,0.01,0.75,50.0,lesion,30.0,0.45,0.2,0.1,0.002,8.0
52,260,0.4279718479613075,0.5,-0.2948422253266843,0.0,0.125,0.2764332305421433,honeycomb_nnn__ql__plastic__intr0__struct0__alpha_async__lesion__s2__0fdcfb100e,0.003350146804576,0.0107610452472497,0.25,False,0.5133409454703484,0.002,0.01,ql,0.58,honeycomb_nnn,40,80,0.9,0.4929490143158945,0.3,0,0.42,0.08,160,0.3670234891267933,0.3,20,1.1520117088558928,3.213153422081457e-18,0.2,plastic,sensitivity,-0.0021613112368203,False,alpha_async,40,150,210,2,-1,1.0,0.6,0.6,80,0.0489772078071949,0,0,40,1.0,2,0,0.25,0.01,0.75,50.0,lesion,30.0,0.45,0.2,0.1,0.002,8.0
52,260,0.2607820821993385,0.5,0.2600874398098204,0.0,0.125,0.4200981277727421,square_vn__ql__plastic__intr0__struct0__alpha_async__lesion__s1__c068672967,0.1386070244864403,0.1425337460154083,0.25,False,0.6119427161185296,0.002,0.016,ql,0.58,square_vn,40,80,0.9,0.1851754484841741,0.3,0,0.42,0.08,160,0.2297659309549533,0.4,20,1.3941499534564414,3.8841262685217575e-18,0.2,plastic,sensitivity,0.1019056690857868,False,alpha_async,40,150,210,1,-1,1.0,0.6,0.6,80,0.0564373516939432,0,0,40,1.0,2,0,0.25,0.01,0.75,50.0,lesion,30.0,0.45,0.2,0.1,0.002,8.0
52,260,0.319185265353048,0.5,-0.0256504293559224,0.0,0.125,0.0,square_moore__markov__plastic__intr0__struct0__alpha_async__lesion__s2__912554df85,0.0685715693645526,0.0704433341124754,0.25,False,0.4222559646057619,0.002,0.016,markov,0.68,square_moore,40,80,0.9,0.3706345339925851,0.3,0,0.42,0.08,160,0.2548624052770332,0.3,20,1.5580696671188143,4.038610284770539e-18,0.2,plastic,sensitivity,0.0295843958378819,False,alpha_async,40,150,210,2,-1,1.0,0.6,0.6,80,0.0662175685193845,0,0,40,1.0,2,0,0.25,0.01,0.75,50.0,lesion,30.0,0.45,0.2,0.1,0.002,8.0
52,260,0.3319672179017282,0.5,0.0244423921123153,0.0,0.125,0.0,hex_cells__markov__plastic__intr0__struct0__alpha_async__lesion__s2__c0a1eed670,0.0916550289157363,0.0705043074127602,0.25,False,0.4563481029199359,0.002,0.016,markov,0.62,hex_cells,40,80,0.9,0.3585907200811961,0.3,0,0.42,0.08,160,0.2648999734881264,0.2,20,1.5368257830838463,2.9639377334767307e-18,0.2,plastic,sensitivity,0.0520474532709352,False,alpha_async,40,150,210,2,-1,1.0,0.6,0.6,80,0.0494473683144925,0,0,40,1.0,2,0,0.25,0.01,0.75,50.0,lesion,30.0,0.45,0.2,0.1,0.002,8.0
52,260,0.1346363017470616,0.5,0.5126438414481278,0.0,0.125,0.0,honeycomb__markov__plastic__intr0__struct0__alpha_async__lesion__s1__4cec779357,0.304370417071017,0.2710786094322909,0.25,False,0.247841630661571,0.002,0.016,markov,0.68,honeycomb,40,80,0.9,0.1172000822208742,0.3,0,0.42,0.08,160,0.1253959332390982,0.4,20,1.0929663870572093,6.899148437585489e-18,0.2,plastic,sensitivity,0.2780024921643962,False,alpha_async,40,150,210,1,-1,1.0,0.6,0.6,80,0.1333500157222017,0,0,40,1.0,2,0,0.25,0.01,0.75,50.0,lesion,30.0,0.45,0.2,0.1,0.002,8.0
52,260,0.3783719392848288,0.5,0.0835470321908187,0.0,0.125,0.0,extended_moore_r2__markov__plastic__intr0__struct0__alpha_async__lesion__s1__acc0b554ab,0.020301041905882,0.006872554819507,0.25,False,0.7134399343414136,0.002,0.016,markov,0.62,extended_moore_r2,40,80,0.9,0.2572929737081613,0.3,0,0.42,0.08,160,0.2996058980310092,0.3,20,0.9758431393541728,4.285513980417031e-18,0.2,plastic,sensitivity,-0.0238587711691533,False,alpha_async,40,150,210,1,-1,1.0,0.6,0.6,80,0.0336870318650065,0,0,40,0.9909855769230768,2,0,0.25,0.01,0.75,50.0,lesion,30.0,0.45,0.2,0.1,0.002,8.0
52,260,0.4131250231961203,0.5,0.1252020322773273,0.0,0.125,0.0,extended_hex_r2__markov__plastic__intr0__struct0__alpha_async__lesion__s1__416b33b3f1,0.0156891362244517,0.0135916557986452,0.25,False,0.8536347773896747,0.002,0.016,markov,0.58,extended_hex_r2,40,80,0.9,0.1829447296040367,0.3,0,0.42,0.08,160,0.3393272554720953,0.2,20,0.593478513547013,3.722316612195516e-18,0.2,plastic,sensitivity,-0.0400773276511019,False,alpha_async,40,150,210,1,-1,1.0,0.6,0.6,80,0.0191786083219416,0,0,40,0.9996096318211702,2,0,0.25,0.01,0.75,50.0,lesion,30.0,0.45,0.2,0.1,0.002,8.0
52,260,0.4415161336521944,0.5,-0.0075934744031284,0.0,0.125,0.1640688067605542,extended_hex_r2__ql__plastic__intr0__struct0__alpha_async__lesion__s2__14dd4d428c,-0.007242681441138,-0.0138520208074137,0.25,False,0.8869435564011274,0.002,0.016,ql,0.62,extended_hex_r2,40,80,0.9,0.207167462753173,0.3,0,0.42,0.08,160,0.3966415779039936,0.4,20,0.6521143635697221,3.6838604226356885e-18,0.2,plastic,sensitivity,-0.0217669144960423,False,alpha_async,40,150,210,2,-1,1.0,0.6,0.6,80,0.0253749572437722,0,0,40,0.999465811965812,2,0,0.25,0.01,0.75,50.0,lesion,30.0,0.45,0.2,0.1,0.002,8.0
52,260,0.4187530745242683,0.5,-0.2859024406660009,0.0,0.125,0.2711470663272483,honeycomb_nnn__ql__plastic__intr0__struct0__alpha_async__lesion__s2__51ef7b7f98,0.0085876329986825,-0.0040063935179902,0.25,False,0.5590492572049482,0.002,0.016,ql,0.58,honeycomb_nnn,40,80,0.9,0.4665303317567699,0.3,0,0.42,0.08,160,0.3593842902570087,0.3,20,1.168545414758226,4.639804817550019e-18,0.2,plastic,sensitivity,0.0102763115368764,False,alpha_async,40,150,210,2,-1,1.0,0.6,0.6,80,0.0200454064698627,0,0,40,1.0,2,0,0.25,0.01,0.75,50.0,lesion,30.0,0.45,0.2,0.1,0.002,8.0
52,260,0.2758540720698019,0.5,0.2077549831879116,0.0,0.125,0.4055538665126926,square_vn__ql__plastic__intr0__struct0__alpha_async__lesion__s1__705ad5c82e,0.1438480051091768,0.1325336181521656,0.25,False,0.6195468136633688,0.002,0.006,ql,0.62,square_vn,40,80,0.9,0.2077827833676503,0.3,0,0.42,0.08,160,0.2393418301356533,0.2,20,1.436755923042308,5.1319256141627395e-18,0.2,plastic,sensitivity,0.123305431589998,False,alpha_async,40,150,210,1,-1,1.0,0.6,0.6,80,0.051614904001599,0,0,40,1.0,2,0,0.25,0.01,0.75,50.0,lesion,30.0,0.45,0.2,0.1,0.002,8.0
52,260,0.3173570089763198,0.5,0.0212853706399312,0.0,0.125,0.0,square_moore__markov__plastic__intr0__struct0__alpha_async__lesion__s2__d556f9c506,0.0794566547187353,0.0664438075483898,0.25,False,0.445436869056641,0.002,0.006,markov,0.68,square_moore,40,80,0.9,0.3501293342162067,0.3,0,0.42,0.08,160,0.2547809317903138,0.4,20,1.5515675545828391,4.281921661203236e-18,0.2,plastic,sensitivity,0.036643242496285,False,alpha_async,40,150,210,2,-1,1.0,0.6,0.6,80,0.085592521649667,0,0,40,1.0,2,0,0.25,0.01,0.75,50.0,lesion,30.0,0.45,0.2,0.1,0.002,8.0
52,260,0.3431692266127011,0.5,-0.0078499847148256,0.0,0.125,0.0,hex_cells__markov__plastic__intr0__struct0__alpha_async__lesion__s2__49cb4a4154,0.1068620715588388,0.0734734693905823,0.25,False,0.4364838238876319,0.002,0.006,markov,0.62,hex_cells,40,80,0.9,0.3828333787359716,0.3,0,0.42,0.08,160,0.2745238537377261,0.3,20,1.5385561338476867,3.0163163107131712e-18,0.2,plastic,sensitivity,0.0602418586785497,False,alpha_async,40,150,210,2,-1,1.0,0.6,0.6,80,0.0453348010445602,0,0,40,1.0,2,0,0.25,0.01,0.75,50.0,lesion,30.0,0.45,0.2,0.1,0.002,8.0
52,260,0.1082729227277258,0.5,0.5236697305643979,0.0,0.125,0.0,honeycomb__markov__plastic__intr0__struct0__alpha_async__lesion__s2__7eb288ee06,0.3735525639248064,0.3129309820690949,0.25,False,0.201110321056122,0.002,0.006,markov,0.58,honeycomb,40,80,0.9,0.0965026810160998,0.3,0,0.42,0.08,160,0.1073058425867669,0.2,20,0.9536841056349458,3.303763855042073e-18,0.2,plastic,sensitivity,0.3359137291958863,False,alpha_async,40,150,210,2,-1,1.0,0.6,0.6,80,0.1417812866606915,0,0,40,1.0,2,0,0.25,0.01,0.75,50.0,lesion,30.0,0.45,0.2,0.1,0.002,8.0
52,260,0.3898743508217014,0.5,-0.0856060717475856,0.0,0.125,0.0,extended_moore_r2__markov__plastic__intr0__struct0__alpha_async__lesion__s1__5ba06166ec,0.0215266127939303,0.0275269715780834,0.25,False,0.5770712266543794,0.002,0.006,markov,0.62,extended_moore_r2,40,80,0.9,0.3770208998764036,0.3,0,0.42,0.08,160,0.3100003281602664,0.4,20,1.1589244995707262,5.459710027193768e-18,0.2,plastic,sensitivity,-0.0156531018895879,False,alpha_async,40,150,210,1,-1,1.0,0.6,0.6,80,0.0844072128271031,0,0,40,1.0,2,0,0.25,0.01,0.75,50.0,lesion,30.0,0.45,0.2,0.1,0.002,8.0
52,260,0.4188464449526105,0.5,0.1023206543886801,0.0,0.125,0.0,extended_hex_r2__markov__plastic__intr0__struct0__alpha_async__lesion__s1__b22dce34cb,0.0071872735597951,0.0115790849483776,0.25,False,0.8645103965980105,0.002,0.006,markov,0.58,extended_hex_r2,40,80,0.9,0.1832653296909892,0.3,0,0.42,0.08,160,0.346478233556515,0.3,20,0.5602348286135904,3.495503907989487e-18,0.2,plastic,sensitivity,-0.0329325769665572,False,alpha_async,40,150,210,1,-1,1.0,0.6,0.6,80,0.0163342588833174,0,0,40,1.0,2,0,0.25,0.01,0.75,50.0,lesion,30.0,0.45,0.2,0.1,0.002,8.0
52,260,0.4705172098580125,0.5,-0.0424511048049245,0.0,0.125,0.1547301973421058,extended_hex_r2__ql__plastic__intr0__struct0__alpha_async__lesion__s2__0378e9d66d,-0.0012599565902694,0.0119315845776193,0.25,False,0.84020582440382,0.002,0.006,ql,0.68,extended_hex_r2,40,80,0.9,0.2501323401611456,0.3,0,0.42,0.08,160,0.40299738663375,0.2,20,0.6791280215764389,3.650493568988242e-18,0.2,plastic,sensitivity,0.0074407339935451,False,alpha_async,40,150,210,2,-1,1.0,0.6,0.6,80,0.0038243107032055,0,0,40,1.0,2,0,0.25,0.01,0.75,50.0,lesion,30.0,0.45,0.2,0.1,0.002,8.0
52,260,0.4333364323635807,0.5,-0.2945702032961109,0.0,0.125,0.2791760953028907,honeycomb_nnn__ql__plastic__intr0__struct0__alpha_async__lesion__s2__cb1046eb64,0.0122891047787323,0.0016714278710743,0.25,False,0.4629427096407157,0.002,0.006,ql,0.58,honeycomb_nnn,40,80,0.9,0.515198235576206,0.3,0,0.42,0.08,160,0.3706873994932306,0.4,20,1.1709605380833836,3.2002846341575814e-18,0.2,plastic,sensitivity,0.0103522567909947,False,alpha_async,40,150,210,2,-1,1.0,0.6,0.6,80,0.0377376875839085,0,0,40,1.0,2,0,0.25,0.01,0.75,50.0,lesion,30.0,0.45,0.2,0.1,0.002,8.0
52,260,0.2953691189676146,0.5,0.183803125099432,0.0,0.125,0.3904386314640835,square_vn__ql__plastic__intr0__struct0__alpha_async__lesion__s1__925f995a5f,0.095560832564951,0.1040975365545345,0.25,False,0.6422492685758977,0.002,0.01,ql,0.62,square_vn,40,80,0.9,0.2228244835597709,0.3,0,0.42,0.08,160,0.2525200579485623,0.2,20,1.4666424881215152,3.2391870418591916e-18,0.2,plastic,sensitivity,0.0437409096054153,False,alpha_async,40,150,210,1,-1,1.0,0.6,0.6,80,0.0495135894787378,0,0,40,1.0,2,0,0.25,0.01,0.75,50.0,lesion,30.0,0.45,0.2,0.1,0.002,8.0
52,260,0.3185998271868501,0.5,-0.0186265145593049,0.0,0.125,0.0,square_moore__markov__plastic__intr0__struct0__alpha_async__lesion__s2__9260710443,0.0709693216214351,0.0650868911605658,0.25,False,0.4205064940174346,0.002,0.01,markov,0.68,square_moore,40,80,0.9,0.3682124419151265,0.3,0,0.42,0.08,160,0.2550785432289373,0.4,20,1.5547817501678505,5.787742515937734e-18,0.2,plastic,sensitivity,0.0502737789663267,False,alpha_async,40,150,210,2,-1,1.0,0.6,0.6,80,0.0501142897376798,0,0,40,1.0,2,0,0.25,0.01,0.75,50.0,lesion,30.0,0.45,0.2,0.1,0.002,8.0
52,260,0.337047592292827,0.5,-0.0056167058187213,0.0,0.125,0.0,hex_cells__markov__plastic__intr0__struct0__alpha_async__lesion__s2__6b16b18c95,0.0791888608505354,0.0694156770317586,0.25,False,0.4509854762010311,0.002,0.01,markov,0.62,hex_cells,40,80,0.9,0.3729024612517079,0.3,0,0.42,0.08,160,0.2700978915268739,0.3,20,1.5425446293595757,3.720621557514194e-18,0.2,plastic,sensitivity,0.0212880673775636,False,alpha_async,40,150,210,2,-1,1.0,0.6,0.6,80,0.0449006168019753,0,0,40,1.0,2,0,0.25,0.01,0.75,50.0,lesion,30.0,0.45,0.2,0.1,0.002,8.0
52,260,0.1175872201001185,0.5,0.5170519869567227,0.0,0.125,0.0,honeycomb__markov__plastic__intr0__struct0__alpha_async__lesion__s2__645611b783,0.3487789618645516,0.2993528136707916,0.25,False,0.2171727218567805,0.002,0.01,markov,0.58,honeycomb,40,80,0.9,0.1040256589250908,0.3,0,0.42,0.08,160,0.1141773312138715,0.2,20,1.0107068300070996,5.9353506406532834e-18,0.2,plastic,sensitivity,0.3270778138593266,False,alpha_async,40,150,210,2,-1,1.0,0.6,0.6,80,0.1481282458737894,0,0,40,1.0,2,0,0.25,0.01,0.75,50.0,lesion,30.0,0.45,0.2,0.1,0.002,8.0
52,260,0.3787479527785612,0.5,-0.0300274603817736,0.0,0.125,0.0,extended_moore_r2__markov__plastic__intr0__struct0__alpha_async__lesion__s1__ab726e16cd,0.0324652726131961,0.0363892756246062,0.25,False,0.6325810591664611,0.002,0.01,markov,0.62,extended_moore_r2,40,80,0.9,0.3289398544526916,0.3,0,0.42,0.08,160,0.3007091664625336,0.4,20,1.1187536427352491,5.6004106960248346e-18,0.2,plastic,sensitivity,0.0006661307776241,False,alpha_async,40,150,210,1,-1,1.0,0.6,0.6,80,0.0522178264955724,0,0,40,0.9991062623274162,2,0,0.25,0.01,0.75,50.0,lesion,30.0,0.45,0.2,0.1,0.002,8.0
52,260,0.4146974853760612,0.5,0.1235385415508946,0.0,0.125,0.0,extended_hex_r2__markov__plastic__intr0__struct0__alpha_async__lesion__s1__59137cfc7f,0.0127139432421767,0.0168553793005979,0.25,False,0.8562294522483493,0.002,0.01,markov,0.58,extended_hex_r2,40,80,0.9,0.1825952770108414,0.3,0,0.42,0.08,160,0.342008008838815,0.3,20,0.5870964219515064,3.561821513170616e-18,0.2,plastic,sensitivity,-0.0341478167299159,False,alpha_async,40,150,210,1,-1,1.0,0.6,0.6,80,0.0178759799545238,0,0,40,1.0,2,0,0.25,0.01,0.75,50.0,lesion,30.0,0.45,0.2,0.1,0.002,8.0
52,260,0.4688615440077841,0.5,-0.0411337130759989,0.0,0.125,0.1549485068579968,extended_hex_r2__ql__plastic__intr0__struct0__alpha_async__lesion__s2__e11a722890,-0.0022521395358672,0.0099578902430888,0.25,False,0.8418122702877494,0.002,0.01,ql,0.68,extended_hex_r2,40,80,0.9,0.2485742866192176,0.3,0,0.42,0.08,160,0.4023736156386566,0.2,20,0.6867441603005472,3.6666159983037604e-18,0.2,plastic,sensitivity,0.0126288640318761,False,alpha_async,40,150,210,2,-1,1.0,0.6,0.6,80,0.0037521041523641,0,0,40,1.0,2,0,0.25,0.01,0.75,50.0,lesion,30.0,0.45,0.2,0.1,0.002,8.0
52,260,0.4263051192055675,0.5,-0.292407802052886,0.0,0.125,0.2809700283406892,honeycomb_nnn__ql__plastic__intr0__struct0__alpha_async__lesion__s2__95d0491b76,0.0068048414390778,0.012128500596769,0.25,False,0.5124994755117277,0.002,0.01,ql,0.58,honeycomb_nnn,40,80,0.9,0.4920044945467722,0.3,0,0.42,0.08,160,0.3637804889386508,0.4,20,1.1809792533816776,3.1768688808488008e-18,0.2,plastic,sensitivity,1.4222668130787756e-05,False,alpha_async,40,150,210,2,-1,1.0,0.6,0.6,80,0.0767189889730165,0,0,40,1.0,2,0,0.25,0.01,0.75,50.0,lesion,30.0,0.45,0.2,0.1,0.002,8.0
52,260,0.3043974805157275,0.5,0.1415358799515678,0.0,0.125,0.3881015646491748,square_vn__ql__plastic__intr0__struct0__alpha_async__lesion__s1__258f815f67,0.0815810590779171,0.0949620634181644,0.25,False,0.647378557824657,0.002,0.016,ql,0.62,square_vn,40,80,0.9,0.2364683802964337,0.3,0,0.42,0.08,160,0.2577687229898622,0.2,20,1.4800800841384003,4.677814533636313e-18,0.2,plastic,sensitivity,0.0454071480926523,False,alpha_async,40,150,210,1,-1,1.0,0.6,0.6,80,0.0334596422165686,0,0,40,1.0,2,0,0.25,0.01,0.75,50.0,lesion,30.0,0.45,0.2,0.1,0.002,8.0
52,260,0.310427366503594,0.5,-0.0251461204803641,0.0,0.125,0.0,square_moore__markov__plastic__intr0__struct0__alpha_async__lesion__s2__a90d523b2f,0.0691172829845728,0.0786382453848342,0.25,False,0.392539079310553,0.002,0.016,markov,0.68,square_moore,40,80,0.9,0.3718456281356601,0.3,0,0.42,0.08,160,0.2499780119591136,0.4,20,1.5476166465613896,3.124413172268226e-18,0.2,plastic,sensitivity,0.047332034009968,False,alpha_async,40,150,210,2,-1,1.0,0.6,0.6,80,0.0493185477318435,0,0,40,1.0,2,0,0.25,0.01,0.75,50.0,lesion,30.0,0.45,0.2,0.1,0.002,8.0
52,260,0.315877263167173,0.5,0.0609189101798314,0.0,0.125,0.0,hex_cells__markov__plastic__intr0__struct0__alpha_async__lesion__s2__95862facd6,0.0954290629220894,0.0809071389902487,0.25,False,0.4364216464971835,0.002,0.016,markov,0.62,hex_cells,40,80,0.9,0.3426726101273437,0.3,0,0.42,0.08,160,0.2534375273378149,0.3,20,1.5386147543737334,2.216281769905334e-18,0.2,plastic,sensitivity,0.0521051482178269,False,alpha_async,40,150,210,2,-1,1.0,0.6,0.6,80,0.0565375287553831,0,0,40,1.0,2,0,0.25,0.01,0.75,50.0,lesion,30.0,0.45,0.2,0.1,0.002,8.0
52,260,0.1180147737408009,0.5,0.52915304541737,0.0,0.125,0.0,honeycomb__markov__plastic__intr0__struct0__alpha_async__lesion__s2__9f0033bdbb,0.3404981808250487,0.301251685195545,0.25,False,0.2194680351491355,0.002,0.016,markov,0.58,honeycomb,40,80,0.9,0.1028196522606706,0.3,0,0.42,0.08,160,0.1148135718820279,0.2,20,1.0088531177332625,2.3603997580559607e-18,0.2,plastic,sensitivity,0.3101172976539322,False,alpha_async,40,150,210,2,-1,1.0,0.6,0.6,80,0.147915805821165,0,0,40,1.0,2,0,0.25,0.01,0.75,50.0,lesion,30.0,0.45,0.2,0.1,0.002,8.0
52,260,0.3721754912582234,0.5,0.1529003384880174,0.0,0.125,0.0,extended_moore_r2__markov__plastic__intr0__struct0__alpha_async__lesion__s1__3304cfd5c2,0.0320942142978311,0.0325285594086982,0.25,False,0.708720746715343,0.002,0.016,markov,0.62,extended_moore_r2,40,80,0.9,0.2413532066927867,0.3,0,0.42,0.08,160,0.2948666597732026,0.4,20,0.995077530646424,4.7860546399323514e-18,0.2,plastic,sensitivity,-0.0057629570543557,False,alpha_async,40,150,210,1,-1,1.0,0.6,0.6,80,0.0335469271350501,0,0,40,0.9916635848126232,2,0,0.25,0.01,0.75,50.0,lesion,30.0,0.45,0.2,0.1,0.002,8.0
52,260,0.4088598451065937,0.5,0.155341589406744,0.0,0.125,0.0,extended_hex_r2__markov__plastic__intr0__struct0__alpha_async__lesion__s1__ea38a8fc69,0.020436860574184,0.0207343757653292,0.25,False,0.8436514087309295,0.002,0.016,markov,0.58,extended_hex_r2,40,80,0.9,0.1811210614508044,0.3,0,0.42,0.08,160,0.3342126971500405,0.3,20,0.6421655655051745,3.817194643596129e-18,0.2,plastic,sensitivity,-0.0394356661760903,False,alpha_async,40,150,210,1,-1,1.0,0.6,0.6,80,0.0238754771144433,0,0,40,0.9995890861275476,2,0,0.25,0.01,0.75,50.0,lesion,30.0,0.45,0.2,0.1,0.002,8.0
52,260,0.4632719257091386,0.5,-0.0359481604542749,0.0,0.125,0.1555810896423732,extended_hex_r2__ql__plastic__intr0__struct0__alpha_async__lesion__s2__ddfe700a73,-0.0169261395456531,-0.0037272031766878,0.25,False,0.84422409974138,0.002,0.016,ql,0.68,extended_hex_r2,40,80,0.9,0.2458952082622804,0.3,0,0.42,0.08,160,0.4013781745825466,0.2,20,0.6872113185280123,3.517755729940098e-18,0.2,plastic,sensitivity,0.0202898508329915,False,alpha_async,40,150,210,2,-1,1.0,0.6,0.6,80,0.0040227341643252,0,0,40,0.9992809007232084,2,0,0.25,0.01,0.75,50.0,lesion,30.0,0.45,0.2,0.1,0.002,8.0
52,260,0.4199216778477721,0.5,-0.2817427666712174,0.0,0.125,0.2746165253767826,honeycomb_nnn__ql__plastic__intr0__struct0__alpha_async__lesion__s2__49764fc684,0.0022736419015063,0.0014216938913101,0.25,False,0.5625757322800933,0.002,0.016,ql,0.58,honeycomb_nnn,40,80,0.9,0.46237320622179,0.3,0,0.42,0.08,160,0.3577753549699362,0.4,20,1.1438840754974324,3.101786583577326e-18,0.2,plastic,sensitivity,-0.0031205437757738,False,alpha_async,40,150,210,2,-1,1.0,0.6,0.6,80,0.0274856146850076,0,0,40,1.0,2,0,0.25,0.01,0.75,50.0,lesion,30.0,0.45,0.2,0.1,0.002,8.0
52,260,0.2995413330507008,0.5,0.1392259269107788,0.0,0.125,0.3872656188880334,square_vn__ql__plastic__intr0__struct0__alpha_async__lesion__s1__9ce2946834,0.1079860649684021,0.0836643863009832,0.25,False,0.6451210848575709,0.002,0.006,ql,0.62,square_vn,40,80,0.9,0.2331340973523226,0.3,0,0.42,0.08,160,0.2561624932601991,0.3,20,1.4773112720864787,4.0842017167040444e-18,0.2,plastic,sensitivity,0.0811761466480084,False,alpha_async,40,150,210,1,-1,1.0,0.6,0.6,80,0.0361456768885077,0,0,40,1.0,2,0,0.25,0.01,0.75,50.0,lesion,30.0,0.45,0.2,0.1,0.002,8.0
52,260,0.3968690722981456,0.5,-0.2676265008958242,0.0,0.125,0.3284236231669652,square_moore__ql__plastic__intr0__struct0__alpha_async__lesion__s1__d3c5e01b68,0.0209328779223345,0.0249874142206692,0.25,False,0.5971563403590091,0.002,0.006,ql,0.58,square_moore,40,80,0.9,0.4258803770938133,0.3,0,0.42,0.08,160,0.3342000549877139,0.2,20,1.4803508095916955,4.312550133805885e-18,0.2,plastic,sensitivity,0.003789991412732,False,alpha_async,40,150,210,1,-1,1.0,0.6,0.6,80,0.0574453279879895,0,0,40,1.0,2,0,0.25,0.01,0.75,50.0,lesion,30.0,0.45,0.2,0.1,0.002,8.0
52,260,0.3318027008903444,0.5,0.0254106961358501,0.0,0.125,0.0,hex_cells__markov__plastic__intr0__struct0__alpha_async__lesion__s2__04e57d0913,0.1035278558704857,0.0784119930406103,0.25,False,0.4253197816303427,0.002,0.006,markov,0.62,hex_cells,40,80,0.9,0.3677105284694256,0.3,0,0.42,0.08,160,0.2656188399420703,0.4,20,1.5652783769382526,3.7101286499790734e-18,0.2,plastic,sensitivity,0.056144820660966,False,alpha_async,40,150,210,2,-1,1.0,0.6,0.6,80,0.0572249361893889,0,0,40,1.0,2,0,0.25,0.01,0.75,50.0,lesion,30.0,0.45,0.2,0.1,0.002,8.0
52,260,0.1087860097089436,0.5,0.5371846002385107,0.0,0.125,0.0,honeycomb__markov__plastic__intr0__struct0__alpha_async__lesion__s2__dc1d53cad6,0.3569054396521373,0.3076361037654633,0.25,False,0.203773382002921,0.002,0.006,markov,0.58,honeycomb,40,80,0.9,0.094463994798275,0.3,0,0.42,0.08,160,0.1091773668882757,0.3,20,0.9576470453149274,4.121374406976158e-18,0.2,plastic,sensitivity,0.3606554837691776,False,alpha_async,40,150,210,2,-1,1.0,0.6,0.6,80,0.1460618708606334,0,0,40,1.0,2,0,0.25,0.01,0.75,50.0,lesion,30.0,0.45,0.2,0.1,0.002,8.0
52,260,0.4156606480607618,0.5,0.035414241022796,0.0,0.125,0.0,extended_moore_r2__markov__plastic__intr0__struct0__alpha_async__lesion__s1__b284e40cb5,-0.0070895630299831,0.0056111913650024,0.25,False,0.7760645396488389,0.002,0.006,markov,0.68,extended_moore_r2,40,80,0.9,0.2582628420669913,0.3,0,0.42,0.08,160,0.3441944178685292,0.2,20,0.7366084168287883,3.8708456439805524e-18,0.2,plastic,sensitivity,-0.0139436365887269,False,alpha_async,40,150,210,1,-1,1.0,0.6,0.6,80,0.0153579317590748,0,0,40,1.0,2,0,0.25,0.01,0.75,50.0,lesion,30.0,0.45,0.2,0.1,0.002,8.0
52,260,0.4140188950042753,0.5,0.1259882150470352,0.0,0.125,0.0,extended_hex_r2__markov__plastic__intr0__struct0__alpha_async__lesion__s1__91fd76a8ca,0.0141566985814735,0.0173658395153025,0.25,False,0.8550560731711366,0.002,0.006,markov,0.58,extended_hex_r2,40,80,0.9,0.1829983469143795,0.3,0,0.42,0.08,160,0.3428023841941062,0.4,20,0.5732228430245376,3.9727650305952256e-18,0.2,plastic,sensitivity,-0.0325997928897868,False,alpha_async,40,150,210,1,-1,1.0,0.6,0.6,80,0.0185086830516512,0,0,40,1.0,2,0,0.25,0.01,0.75,50.0,lesion,30.0,0.45,0.2,0.1,0.002,8.0
52,260,0.465923299915534,0.5,-0.0383727714745157,0.0,0.125,0.1557221160361024,extended_hex_r2__ql__plastic__intr0__struct0__alpha_async__lesion__s2__237c1c442b,-0.0028097894854584,0.0116059951731216,0.25,False,0.8414651683439329,0.002,0.006,ql,0.68,extended_hex_r2,40,80,0.9,0.2486861574106243,0.3,0,0.42,0.08,160,0.4023937127951113,0.3,20,0.6857531653055059,3.3859550785292322e-18,0.2,plastic,sensitivity,0.0082023179042524,False,alpha_async,40,150,210,2,-1,1.0,0.6,0.6,80,0.0037249960794164,0,0,40,1.0,2,0,0.25,0.01,0.75,50.0,lesion,30.0,0.45,0.2,0.1,0.002,8.0
52,260,0.4364092282142445,0.5,-0.3152079427944941,0.0,0.125,0.2758035701552666,honeycomb_nnn__ql__plastic__intr0__struct0__alpha_async__lesion__s2__df3a256584,-0.0045271475728997,0.0032064872623012,0.25,False,0.4594806058359782,0.002,0.006,ql,0.62,honeycomb_nnn,40,80,0.9,0.525814579231677,0.3,0,0.42,0.08,160,0.3800284456862277,0.2,20,1.1654365341138675,3.544012181352731e-18,0.2,plastic,sensitivity,0.0005482487191814,False,alpha_async,40,150,210,2,-1,1.0,0.6,0.6,80,0.0576368652285601,0,0,40,1.0,2,0,0.25,0.01,0.75,50.0,lesion,30.0,0.45,0.2,0.1,0.002,8.0
52,260,0.284337527184115,0.5,0.1839742850314474,0.0,0.125,0.3988202478422731,square_vn__ql__plastic__intr0__struct0__alpha_async__lesion__s1__95d655f23c,0.1251558607056027,0.1253173133998283,0.25,False,0.6242629039373752,0.002,0.01,ql,0.62,square_vn,40,80,0.9,0.217524413073021,0.3,0,0.42,0.08,160,0.2450830553925828,0.3,20,1.4585631586715913,3.2555177777704352e-18,0.2,plastic,sensitivity,0.0760937118901594,False,alpha_async,40,150,210,1,-1,1.0,0.6,0.6,80,0.0551031344975021,0,0,40,1.0,2,0,0.25,0.01,0.75,50.0,lesion,30.0,0.45,0.2,0.1,0.002,8.0
52,260,0.3944144642180118,0.5,-0.2707251520444352,0.0,0.125,0.3269879800716471,square_moore__ql__plastic__intr0__struct0__alpha_async__lesion__s1__cbc0f1ad93,0.0226500201811505,0.0182408093813367,0.25,False,0.5966000439963662,0.002,0.01,ql,0.58,square_moore,40,80,0.9,0.422313706490746,0.3,0,0.42,0.08,160,0.3323937527231071,0.2,20,1.4890240137049948,5.380172389862074e-18,0.2,plastic,sensitivity,0.0050587334481247,False,alpha_async,40,150,210,1,-1,1.0,0.6,0.6,80,0.1270399993094783,0,0,40,1.0,2,0,0.25,0.01,0.75,50.0,lesion,30.0,0.45,0.2,0.1,0.002,8.0
52,260,0.3309575324403503,0.5,0.0167605833022121,0.0,0.125,0.0,hex_cells__markov__plastic__intr0__struct0__alpha_async__lesion__s2__b7d26ca918,0.0960749291596686,0.0791719409715916,0.25,False,0.4355597263697293,0.002,0.01,markov,0.62,hex_cells,40,80,0.9,0.366238689488701,0.3,0,0.42,0.08,160,0.2652707018367031,0.4,20,1.54901877737308,2.5286435217664613e-18,0.2,plastic,sensitivity,0.0441398003941882,False,alpha_async,40,150,210,2,-1,1.0,0.6,0.6,80,0.0488532655814396,0,0,40,1.0,2,0,0.25,0.01,0.75,50.0,lesion,30.0,0.45,0.2,0.1,0.002,8.0
52,260,0.1069415069552653,0.5,0.5293749095158853,0.0,0.125,0.0,honeycomb__markov__plastic__intr0__struct0__alpha_async__lesion__s2__8e593ac91d,0.3625962907315517,0.3047609060355818,0.25,False,0.201437973853666,0.002,0.01,markov,0.58,honeycomb,40,80,0.9,0.0948741832948503,0.3,0,0.42,0.08,160,0.1085247868882693,0.3,20,0.9491904554069084,4.152028392218173e-18,0.2,plastic,sensitivity,0.3514133036007905,False,alpha_async,40,150,210,2,-1,1.0,0.6,0.6,80,0.1466070909055246,0,0,40,1.0,2,0,0.25,0.01,0.75,50.0,lesion,30.0,0.45,0.2,0.1,0.002,8.0
52,260,0.4371916660756454,0.5,0.1372499622201167,0.0,0.125,0.0,extended_moore_r2__markov__plastic__intr0__struct0__alpha_async__lesion__s1__8adb6a8959,0.0509281441008893,0.0361464098470043,0.25,False,0.7811096282068393,0.002,0.01,markov,0.68,extended_moore_r2,40,80,0.9,0.2451864944256079,0.3,0,0.42,0.08,160,0.3362346266120534,0.2,20,0.8709282169806404,4.6010578600353815e-18,0.2,plastic,sensitivity,0.0337682569235322,False,alpha_async,40,150,210,1,-1,1.0,0.6,0.6,80,0.0275246998308618,0,0,40,0.9999229536489151,2,0,0.25,0.01,0.75,50.0,lesion,30.0,0.45,0.2,0.1,0.002,8.0
52,260,0.4105326844604909,0.5,0.140628720005932,0.0,0.125,0.0,extended_hex_r2__markov__plastic__intr0__struct0__alpha_async__lesion__s1__ed083a5445,0.0172679819967952,0.0199132132872173,0.25,False,0.847060796379204,0.002,0.01,markov,0.58,extended_hex_r2,40,80,0.9,0.1831328738941803,0.3,0,0.42,0.08,160,0.3376631378405382,0.4,20,0.6141906106967275,3.816385908165033e-18,0.2,plastic,sensitivity,-0.0306258228439945,False,alpha_async,40,150,210,1,-1,1.0,0.6,0.6,80,0.0209338107747555,0,0,40,1.0,2,0,0.25,0.01,0.75,50.0,lesion,30.0,0.45,0.2,0.1,0.002,8.0
52,260,0.4653205599580201,0.5,-0.0377723981464828,0.0,0.125,0.1560500492489969,extended_hex_r2__ql__plastic__intr0__struct0__alpha_async__lesion__s2__afbc8b1d33,-0.0059808738466094,0.0113987290849456,0.25,False,0.8426634194532513,0.002,0.01,ql,0.68,extended_hex_r2,40,80,0.9,0.2476611563850466,0.3,0,0.42,0.08,160,0.40160601228775,0.3,20,0.6889748311732816,3.3975993378246583e-18,0.2,plastic,sensitivity,0.013671509366891,False,alpha_async,40,150,210,2,-1,1.0,0.6,0.6,80,0.0037714746079582,0,0,40,1.0,2,0,0.25,0.01,0.75,50.0,lesion,30.0,0.45,0.2,0.1,0.002,8.0
52,260,0.4290342522509958,0.5,-0.3106993050483153,0.0,0.125,0.274519014073307,honeycomb_nnn__ql__plastic__intr0__struct0__alpha_async__lesion__s2__e9a47bf260,-0.0034470361360355,-0.0015971582831439,0.25,False,0.5223567628945374,0.002,0.01,ql,0.62,honeycomb_nnn,40,80,0.9,0.49428251197609,0.3,0,0.42,0.08,160,0.3719364453814525,0.2,20,1.1696590646696534,2.958607064681544e-18,0.2,plastic,sensitivity,-0.0091230493916042,False,alpha_async,40,150,210,2,-1,1.0,0.6,0.6,80,0.0840892962229137,0,0,40,1.0,2,0,0.25,0.01,0.75,50.0,lesion,30.0,0.45,0.2,0.1,0.002,8.0
52,260,0.3042662931781009,0.5,0.1613225305763729,0.0,0.125,0.3850791853122908,square_vn__ql__plastic__intr0__struct0__alpha_async__lesion__s1__d3623717b6,0.0808050949185536,0.0958675333032418,0.25,False,0.6523073224291203,0.002,0.016,ql,0.62,square_vn,40,80,0.9,0.230704377552628,0.3,0,0.42,0.08,160,0.2583685211717206,0.3,20,1.4753343167793485,3.1071190017728175e-18,0.2,plastic,sensitivity,0.0543095933301072,False,alpha_async,40,150,210,1,-1,1.0,0.6,0.6,80,0.0442586870356055,0,0,40,1.0,2,0,0.25,0.01,0.75,50.0,lesion,30.0,0.45,0.2,0.1,0.002,8.0
52,260,0.3965139073864172,0.5,-0.3027226244259112,0.0,0.125,0.3179342199954413,square_moore__ql__plastic__intr0__struct0__alpha_async__lesion__s1__ac8cf5ad5e,0.0097645566462678,0.0025688013262653,0.25,False,0.5858306112719971,0.002,0.016,ql,0.58,square_moore,40,80,0.9,0.4407826001973189,0.3,0,0.42,0.08,160,0.33441302437827,0.2,20,1.516375447096444,3.6369459221079984e-18,0.2,plastic,sensitivity,-0.0053994419084394,False,alpha_async,40,150,210,1,-1,1.0,0.6,0.6,80,0.0813037239996429,0,0,40,1.0,2,0,0.25,0.01,0.75,50.0,lesion,30.0,0.45,0.2,0.1,0.002,8.0
52,260,0.3112783555284961,0.5,0.0797933077314826,0.0,0.125,0.0,hex_cells__markov__plastic__intr0__struct0__alpha_async__lesion__s2__722ae7a70a,0.1004425488084723,0.0808635242664451,0.25,False,0.4382421427920855,0.002,0.016,markov,0.62,hex_cells,40,80,0.9,0.3332283378888586,0.3,0,0.42,0.08,160,0.2506521503012395,0.4,20,1.5335297141288873,2.354368403604236e-18,0.2,plastic,sensitivity,0.0568533626372008,False,alpha_async,40,150,210,2,-1,1.0,0.6,0.6,80,0.0618366824752321,0,0,40,1.0,2,0,0.25,0.01,0.75,50.0,lesion,30.0,0.45,0.2,0.1,0.002,8.0
52,260,0.1018235964947949,0.5,0.5483712514897039,0.0,0.125,0.0,honeycomb__markov__plastic__intr0__struct0__alpha_async__lesion__s2__9ac76cea15,0.3880125585688601,0.340853374586386,0.25,False,0.1918828493939539,0.002,0.016,markov,0.58,honeycomb,40,80,0.9,0.0880760694497067,0.3,0,0.42,0.08,160,0.1029276819371383,0.3,20,0.9167489145496512,3.0668129790874e-18,0.2,plastic,sensitivity,0.3566031463969141,False,alpha_async,40,150,210,2,-1,1.0,0.6,0.6,80,0.1353402176446998,0,0,40,1.0,2,0,0.25,0.01,0.75,50.0,lesion,30.0,0.45,0.2,0.1,0.002,8.0
52,260,0.4334800501820975,0.5,0.1725321798202424,0.0,0.125,0.0,extended_moore_r2__markov__plastic__intr0__struct0__alpha_async__lesion__s1__4e5978a65e,0.046387542496537,0.0400963369392251,0.25,False,0.7695922738348777,0.002,0.016,markov,0.68,extended_moore_r2,40,80,0.9,0.24183925661563,0.3,0,0.42,0.08,160,0.3294366658482615,0.2,20,0.9118970036718368,4.293949438625728e-18,0.2,plastic,sensitivity,0.0366170896811269,False,alpha_async,40,150,210,1,-1,1.0,0.6,0.6,80,0.0267919035419457,0,0,40,0.9949765779092702,2,0,0.25,0.01,0.75,50.0,lesion,30.0,0.45,0.2,0.1,0.002,8.0
52,260,0.4096523699405714,0.5,0.1937252023018824,0.0,0.125,0.0,extended_hex_r2__markov__plastic__intr0__struct0__alpha_async__lesion__s1__1d8a5169c1,0.0236161679319448,0.0285109741718138,0.25,False,0.8379959498604096,0.002,0.016,markov,0.58,extended_hex_r2,40,80,0.9,0.1785090807765584,0.3,0,0.42,0.08,160,0.3295929987574812,0.4,20,0.7151209485342381,3.324902203841002e-18,0.2,plastic,sensitivity,-0.0324809755820041,False,alpha_async,40,150,210,1,-1,1.0,0.6,0.6,80,0.0359969777733987,0,0,40,0.9995479947403024,2,0,0.25,0.01,0.75,50.0,lesion,30.0,0.45,0.2,0.1,0.002,8.0
52,260,0.4621042511107323,0.5,-0.0367217265018472,0.0,0.125,0.1566405754250265,extended_hex_r2__ql__plastic__intr0__struct0__alpha_async__lesion__s2__a0efaccc7c,-0.0042025039809365,0.0143067480750657,0.25,False,0.8451454477816279,0.002,0.016,ql,0.68,extended_hex_r2,40,80,0.9,0.2455927651458234,0.3,0,0.42,0.08,160,0.4006680418968604,0.3,20,0.6873165763183277,3.722255203412033e-18,0.2,plastic,sensitivity,0.0226940283903607,False,alpha_async,40,150,210,2,-1,1.0,0.6,0.6,80,0.0043683767817203,0,0,40,0.9993219921104536,2,0,0.25,0.01,0.75,50.0,lesion,30.0,0.45,0.2,0.1,0.002,8.0
52,260,0.4238489101120185,0.5,-0.2994424377099702,0.0,0.125,0.2721766970538083,honeycomb_nnn__ql__plastic__intr0__struct0__alpha_async__lesion__s2__f6a8906dde,-0.0018699527349631,-0.0046762784588256,0.25,False,0.5513010015647639,0.002,0.016,ql,0.62,honeycomb_nnn,40,80,0.9,0.4773644884759307,0.3,0,0.42,0.08,160,0.3670866117475847,0.2,20,1.1486729632719952,3.861720197125297e-18,0.2,plastic,sensitivity,-0.0030506109460317,False,alpha_async,40,150,210,2,-1,1.0,0.6,0.6,80,0.0339516945317463,0,0,40,1.0,2,0,0.25,0.01,0.75,50.0,lesion,30.0,0.45,0.2,0.1,0.002,8.0
52,260,0.2817852834926421,0.5,0.2208018292992945,0.0,0.125,0.4014239591555121,square_vn__ql__plastic__intr0__struct0__alpha_async__lesion__s1__c766c25986,0.1334367480357799,0.1318341943549605,0.25,False,0.6307457203129622,0.002,0.006,ql,0.62,square_vn,40,80,0.9,0.2064900810945409,0.3,0,0.42,0.08,160,0.2426776918968373,0.4,20,1.4472046633743991,3.203816081599912e-18,0.2,plastic,sensitivity,0.0862878524845237,False,alpha_async,40,150,210,1,-1,1.0,0.6,0.6,80,0.0567793888506884,0,0,40,1.0,2,0,0.25,0.01,0.75,50.0,lesion,30.0,0.45,0.2,0.1,0.002,8.0
52,260,0.3935535338924289,0.5,-0.2592191669415835,0.0,0.125,0.3303556237953935,square_moore__ql__plastic__intr0__struct0__alpha_async__lesion__s1__84be558303,0.025585222699865,0.0158528832274816,0.25,False,0.6048710374360944,0.002,0.006,ql,0.58,square_moore,40,80,0.9,0.415935174494519,0.3,0,0.42,0.08,160,0.3330472546869965,0.3,20,1.4707881157977694,3.974086237868858e-18,0.2,plastic,sensitivity,0.0079798168646139,False,alpha_async,40,150,210,1,-1,1.0,0.6,0.6,80,0.0726123057910766,0,0,40,1.0,2,0,0.25,0.01,0.75,50.0,lesion,30.0,0.45,0.2,0.1,0.002,8.0
52,260,0.3714165495953698,0.5,-0.080472116165718,0.0,0.125,0.0,hex_cells__markov__plastic__intr0__struct0__alpha_async__lesion__s2__6b188fec0c,0.0696567557223471,0.0582178562486756,0.25,False,0.4709242147184711,0.002,0.006,markov,0.68,hex_cells,40,80,0.9,0.4100430161329966,0.3,0,0.42,0.08,160,0.2927195465437791,0.2,20,1.5245167212050827,3.4156890154801186e-18,0.2,plastic,sensitivity,0.0302635731087167,False,alpha_async,40,150,210,2,-1,1.0,0.6,0.6,80,0.0362835051567711,0,0,40,1.0,2,0,0.25,0.01,0.75,50.0,lesion,30.0,0.45,0.2,0.1,0.002,8.0
52,260,0.0917560851888364,0.5,0.5383560108424034,0.0,0.125,0.0,honeycomb__markov__plastic__intr0__struct0__alpha_async__lesion__s2__e0223df0b1,0.4091422783448106,0.3113604026506531,0.25,False,0.1707703257189112,0.002,0.006,markov,0.58,honeycomb,40,80,0.9,0.0820442337420501,0.3,0,0.42,0.08,160,0.0964674245974567,0.4,20,0.8601421509946182,1.6266407522256031e-18,0.2,plastic,sensitivity,0.4004040021427901,False,alpha_async,40,150,210,2,-1,1.0,0.6,0.6,80,0.1299687827596157,0,0,40,1.0,2,0,0.25,0.01,0.75,50.0,lesion,30.0,0.45,0.2,0.1,0.002,8.0
52,260,0.4045015625265688,0.5,0.0807505187952625,0.0,0.125,0.0,extended_moore_r2__markov__plastic__intr0__struct0__alpha_async__lesion__s1__d49d39f99b,0.0037670145016929,0.0152500297206497,0.25,False,0.7652853015381909,0.002,0.006,markov,0.68,extended_moore_r2,40,80,0.9,0.2470161545268815,0.3,0,0.42,0.08,160,0.3396823578741821,0.3,20,0.6551272399250105,3.986770482734501e-18,0.2,plastic,sensitivity,-0.019482185816396,False,alpha_async,40,150,210,1,-1,1.0,0.6,0.6,80,0.0146217370125826,0,0,40,1.0,2,0,0.25,0.01,0.75,50.0,lesion,30.0,0.45,0.2,0.1,0.002,8.0
52,260,0.4228181598930183,0.5,0.0188501859626066,0.0,0.125,0.0,extended_hex_r2__markov__plastic__intr0__struct0__alpha_async__lesion__s1__b812b79590,-0.0067512786666451,-0.0002451971290492,0.25,False,0.8526607948835272,0.002,0.006,markov,0.62,extended_hex_r2,40,80,0.9,0.2136545611689899,0.3,0,0.42,0.08,160,0.35931604950543,0.2,20,0.4809527998438522,3.157587686278412e-18,0.2,plastic,sensitivity,-0.0312074727258267,False,alpha_async,40,150,210,1,-1,1.0,0.6,0.6,80,0.0072500027519979,0,0,40,1.0,2,0,0.25,0.01,0.75,50.0,lesion,30.0,0.45,0.2,0.1,0.002,8.0
52,260,0.4655586482770588,0.5,-0.0377209390669956,0.0,0.125,0.1567530883756585,extended_hex_r2__ql__plastic__intr0__struct0__alpha_async__lesion__s2__bb14e7a816,-0.0050428950440259,0.011713637774693,0.25,False,0.841615516109886,0.002,0.006,ql,0.68,extended_hex_r2,40,80,0.9,0.248452418350882,0.3,0,0.42,0.08,160,0.4016006136109494,0.4,20,0.6866250064735716,4.366812274082483e-18,0.2,plastic,sensitivity,0.008446669701976,False,alpha_async,40,150,210,2,-1,1.0,0.6,0.6,80,0.0038938901564013,0,0,40,1.0,2,0,0.25,0.01,0.75,50.0,lesion,30.0,0.45,0.2,0.1,0.002,8.0
52,260,0.4365096744585918,0.5,-0.3176286948249722,0.0,0.125,0.2754676644186264,honeycomb_nnn__ql__plastic__intr0__struct0__alpha_async__lesion__s2__0df5159489,-7.98127278616529e-05,0.0002791115144717,0.25,False,0.4589364357903793,0.002,0.006,ql,0.62,honeycomb_nnn,40,80,0.9,0.5268962344923179,0.3,0,0.42,0.08,160,0.3780813927716186,0.3,20,1.1647544720154246,4.0975608085187535e-18,0.2,plastic,sensitivity,0.0025739801467076,False,alpha_async,40,150,210,2,-1,1.0,0.6,0.6,80,0.0476045537198604,0,0,40,1.0,2,0,0.25,0.01,0.75,50.0,lesion,30.0,0.45,0.2,0.1,0.002,8.0
52,260,0.307541626481058,0.5,0.1618828495169061,0.0,0.125,0.3851099258584406,square_vn__ql__plastic__intr0__struct0__alpha_async__lesion__s1__d4b0d17061,0.1115001596453655,0.0953022983130301,0.25,False,0.6544361390931245,0.002,0.01,ql,0.62,square_vn,40,80,0.9,0.2322018731699537,0.3,0,0.42,0.08,160,0.2586045694806877,0.4,20,1.4870837679346582,4.380727504954797e-18,0.2,plastic,sensitivity,0.0605240664768481,False,alpha_async,40,150,210,1,-1,1.0,0.6,0.6,80,0.0501106421208267,0,0,40,1.0,2,0,0.25,0.01,0.75,50.0,lesion,30.0,0.45,0.2,0.1,0.002,8.0
52,260,0.3939501550992521,0.5,-0.2736979288857907,0.0,0.125,0.3273071648113771,square_moore__ql__plastic__intr0__struct0__alpha_async__lesion__s1__2714323e4d,0.0208124931708808,0.0352936159389776,0.25,False,0.582961222607993,0.002,0.01,ql,0.58,square_moore,40,80,0.9,0.4300589301012978,0.3,0,0.42,0.08,160,0.333111209930897,0.3,20,1.4977616070550972,5.535368498901974e-18,0.2,plastic,sensitivity,0.0054940870943253,False,alpha_async,40,150,210,1,-1,1.0,0.6,0.6,80,0.0701080054014381,0,0,40,1.0,2,0,0.25,0.01,0.75,50.0,lesion,30.0,0.45,0.2,0.1,0.002,8.0
52,260,0.3614589680015393,0.5,-0.0610167290126198,0.0,0.125,0.0,hex_cells__markov__plastic__intr0__struct0__alpha_async__lesion__s2__fb15a29f7c,0.0794602398269959,0.0442927654278958,0.25,False,0.479558095854848,0.002,0.01,markov,0.68,hex_cells,40,80,0.9,0.3961608831136076,0.3,0,0.42,0.08,160,0.2879772703434312,0.2,20,1.5234337058818317,2.851312973154656e-18,0.2,plastic,sensitivity,0.0375828245100706,False,alpha_async,40,150,210,2,-1,1.0,0.6,0.6,80,0.0405184820306635,0,0,40,1.0,2,0,0.25,0.01,0.75,50.0,lesion,30.0,0.45,0.2,0.1,0.002,8.0
52,260,0.101342037889171,0.5,0.5321416321340097,0.0,0.125,0.0,honeycomb__markov__plastic__intr0__struct0__alpha_async__lesion__s2__882cc73832,0.3599617784600277,0.3036578545445514,0.25,False,0.1872019794680924,0.002,0.01,markov,0.58,honeycomb,40,80,0.9,0.0899402696978858,0.3,0,0.42,0.08,160,0.1028131896917462,0.4,20,0.9139830613835151,3.62934110052781e-18,0.2,plastic,sensitivity,0.3282179817281073,False,alpha_async,40,150,210,2,-1,1.0,0.6,0.6,80,0.1360101840611014,0,0,40,1.0,2,0,0.25,0.01,0.75,50.0,lesion,30.0,0.45,0.2,0.1,0.002,8.0
52,260,0.4060126713121847,0.5,0.0991194188215823,0.0,0.125,0.0,extended_moore_r2__markov__plastic__intr0__struct0__alpha_async__lesion__s1__73d1e35cf5,0.0115399032120596,0.0233637590498252,0.25,False,0.7635696524043508,0.002,0.01,markov,0.68,extended_moore_r2,40,80,0.9,0.2491838701498777,0.3,0,0.42,0.08,160,0.3327981391069808,0.3,20,0.9040846646345676,4.22253805221405e-18,0.2,plastic,sensitivity,0.0034214336479725,False,alpha_async,40,150,210,1,-1,1.0,0.6,0.6,80,0.0216715533030571,0,0,40,0.999969181459566,2,0,0.25,0.01,0.75,50.0,lesion,30.0,0.45,0.2,0.1,0.002,8.0
52,260,0.4210068165869504,0.5,0.0299092116606017,0.0,0.125,0.0,extended_hex_r2__markov__plastic__intr0__struct0__alpha_async__lesion__s1__7d12782bc5,-0.0035320127056934,0.0013945533979805,0.25,False,0.8499603687602649,0.002,0.01,markov,0.62,extended_hex_r2,40,80,0.9,0.2123871330594032,0.3,0,0.42,0.08,160,0.3565601186844646,0.2,20,0.4986669901162971,2.942378310666239e-18,0.2,plastic,sensitivity,-0.0303458407283796,False,alpha_async,40,150,210,1,-1,1.0,0.6,0.6,80,0.0080765037735368,0,0,40,1.0,2,0,0.25,0.01,0.75,50.0,lesion,30.0,0.45,0.2,0.1,0.002,8.0
52,260,0.463163094026905,0.5,-0.0329809084718205,0.0,0.125,0.1569692269453184,extended_hex_r2__ql__plastic__intr0__struct0__alpha_async__lesion__s2__b6d95e32b5,-0.0085088770051783,0.0026175748633828,0.25,False,0.8428960084090932,0.002,0.01,ql,0.68,extended_hex_r2,40,80,0.9,0.246709494948854,0.3,0,0.42,0.08,160,0.4008964488105126,0.4,20,0.687383884197141,3.211004176661863e-18,0.2,plastic,sensitivity,0.0137632753288668,False,alpha_async,40,150,210,2,-1,1.0,0.6,0.6,80,0.0045221294595485,0,0,40,1.0,2,0,0.25,0.01,0.75,50.0,lesion,30.0,0.45,0.2,0.1,0.002,8.0
52,260,0.4296008418512635,0.5,-0.3086673404838017,0.0,0.125,0.2710603362694403,honeycomb_nnn__ql__plastic__intr0__struct0__alpha_async__lesion__s2__1c64752ac6,-0.0021182932800645,-0.0077997960096868,0.25,False,0.519919247675292,0.002,0.01,ql,0.62,honeycomb_nnn,40,80,0.9,0.4953799476768089,0.3,0,0.42,0.08,160,0.3710624969414107,0.3,20,1.1688364431039613,3.127533153014407e-18,0.2,plastic,sensitivity,0.0001940618008954,False,alpha_async,40,150,210,2,-1,1.0,0.6,0.6,80,0.0391652342097361,0,0,40,1.0,2,0,0.25,0.01,0.75,50.0,lesion,30.0,0.45,0.2,0.1,0.002,8.0
52,260,0.3000289222292994,0.5,0.1640177017689047,0.0,0.125,0.3892792142997742,square_vn__ql__plastic__intr0__struct0__alpha_async__lesion__s1__e90b39fda8,0.0892218634770087,0.0946823339917838,0.25,False,0.6449873502812874,0.002,0.016,ql,0.62,square_vn,40,80,0.9,0.2284133860532181,0.3,0,0.42,0.08,160,0.2547850419703554,0.4,20,1.4659838775852034,3.833964494031241e-18,0.2,plastic,sensitivity,0.0524881884104656,False,alpha_async,40,150,210,1,-1,1.0,0.6,0.6,80,0.0400273573308862,0,0,40,1.0,2,0,0.25,0.01,0.75,50.0,lesion,30.0,0.45,0.2,0.1,0.002,8.0
52,260,0.3903209634097079,0.5,-0.2866728818354312,0.0,0.125,0.3190567023792142,square_moore__ql__plastic__intr0__struct0__alpha_async__lesion__s1__8050e0d1bd,0.0058732057411678,0.0080982145036793,0.25,False,0.5680205794086725,0.002,0.016,ql,0.58,square_moore,40,80,0.9,0.4404145641904544,0.3,0,0.42,0.08,160,0.3289466613868586,0.3,20,1.5381763695150383,4.901869122593492e-18,0.2,plastic,sensitivity,0.0014719274242265,False,alpha_async,40,150,210,1,-1,1.0,0.6,0.6,80,0.0432069208664609,0,0,40,1.0,2,0,0.25,0.01,0.75,50.0,lesion,30.0,0.45,0.2,0.1,0.002,8.0
52,260,0.3473190289971266,0.5,-0.0147211597551432,0.0,0.125,0.0,hex_cells__markov__plastic__intr0__struct0__alpha_async__lesion__s2__6782dba4b8,0.0680778290505357,0.0634492439627938,0.25,False,0.4743009629845908,0.002,0.016,markov,0.68,hex_cells,40,80,0.9,0.3747244719293452,0.3,0,0.42,0.08,160,0.2769636060073048,0.2,20,1.5293121766209632,3.3994915395105497e-18,0.2,plastic,sensitivity,0.0386155964943976,False,alpha_async,40,150,210,2,-1,1.0,0.6,0.6,80,0.0492209496246082,0,0,40,1.0,2,0,0.25,0.01,0.75,50.0,lesion,30.0,0.45,0.2,0.1,0.002,8.0
52,260,0.108550236783374,0.5,0.531305545223745,0.0,0.125,0.0,honeycomb__markov__plastic__intr0__struct0__alpha_async__lesion__s2__2dedd2d382,0.3427827895245718,0.3285087317777289,0.25,False,0.2027024725930903,0.002,0.016,markov,0.58,honeycomb,40,80,0.9,0.0960525667434794,0.3,0,0.42,0.08,160,0.1085795034230089,0.4,20,0.9607163830347168,5.143021391331971e-18,0.2,plastic,sensitivity,0.311992852202644,False,alpha_async,40,150,210,2,-1,1.0,0.6,0.6,80,0.1445019000363706,0,0,40,1.0,2,0,0.25,0.01,0.75,50.0,lesion,30.0,0.45,0.2,0.1,0.002,8.0
52,260,0.4253859020410644,0.5,0.1965269007085036,0.0,0.125,0.0,extended_moore_r2__markov__plastic__intr0__struct0__alpha_async__lesion__s1__3ef447145b,0.0484308194625046,0.043247643738111,0.25,False,0.7584416271438371,0.002,0.016,markov,0.68,extended_moore_r2,40,80,0.9,0.2385122973532577,0.3,0,0.42,0.08,160,0.3234010257866386,0.3,20,0.9379017110743736,4.606443541870404e-18,0.2,plastic,sensitivity,0.0349951965155909,False,alpha_async,40,150,210,1,-1,1.0,0.6,0.6,80,0.0319911338154028,0,0,40,0.9957932692307692,2,0,0.25,0.01,0.75,50.0,lesion,30.0,0.45,0.2,0.1,0.002,8.0
52,260,0.4184458836612433,0.5,0.0481293683437009,0.0,0.125,0.0,extended_hex_r2__markov__plastic__intr0__struct0__alpha_async__lesion__s1__d58d5d3812,0.0015138045720659,0.0036506185690127,0.25,False,0.845005024266697,0.002,0.016,markov,0.62,extended_hex_r2,40,80,0.9,0.2110356592459533,0.3,0,0.42,0.08,160,0.3517856801490427,0.2,20,0.5311158311390821,3.1447268820692353e-18,0.2,plastic,sensitivity,-0.0339483352241332,False,alpha_async,40,150,210,1,-1,1.0,0.6,0.6,80,0.0096538123316256,0,0,40,0.9996507232084156,2,0,0.25,0.01,0.75,50.0,lesion,30.0,0.45,0.2,0.1,0.002,8.0
52,260,0.4619503845425345,0.5,-0.0373005890478394,0.0,0.125,0.1576786164698745,extended_hex_r2__ql__plastic__intr0__struct0__alpha_async__lesion__s2__d458c2fb4b,-0.0036691667935303,0.0153732526097624,0.25,False,0.8446908636043532,0.002,0.016,ql,0.68,extended_hex_r2,40,80,0.9,0.2457732085967371,0.3,0,0.42,0.08,160,0.3999474535168166,0.4,20,0.6859300313472612,3.5836478940026865e-18,0.2,plastic,sensitivity,0.0228289032304636,False,alpha_async,40,150,210,2,-1,1.0,0.6,0.6,80,0.0043939535915932,0,0,40,0.9993219921104536,2,0,0.25,0.01,0.75,50.0,lesion,30.0,0.45,0.2,0.1,0.002,8.0
52,260,0.4238531476924589,0.5,-0.2995568682291025,0.0,0.125,0.2683576506187178,honeycomb_nnn__ql__plastic__intr0__struct0__alpha_async__lesion__s2__ae1a36dde2,0.0038743982061511,-0.0032882190308899,0.25,False,0.5583638039278495,0.002,0.016,ql,0.62,honeycomb_nnn,40,80,0.9,0.4734158304360096,0.3,0,0.42,0.08,160,0.3664303611969212,0.3,20,1.143355322008304,3.3293850083387992e-18,0.2,plastic,sensitivity,0.0064379461875347,False,alpha_async,40,150,210,2,-1,1.0,0.6,0.6,80,0.0490644088153467,0,0,40,1.0,2,0,0.25,0.01,0.75,50.0,lesion,30.0,0.45,0.2,0.1,0.002,8.0
52,260,0.3328647205419085,0.5,0.061806673798463,0.0,0.125,0.3588504954809077,square_vn__ql__plastic__intr0__struct0__alpha_async__lesion__s1__6569e23cc5,0.06591893709406,0.0633096808477827,0.25,False,0.6671661869944442,0.002,0.006,ql,0.68,square_vn,40,80,0.9,0.2693463841621491,0.3,0,0.42,0.08,160,0.277615249326199,0.2,20,1.5113191276152729,3.8951839266422444e-18,0.2,plastic,sensitivity,0.0311814648903371,False,alpha_async,40,150,210,1,-1,1.0,0.6,0.6,80,0.0274960631667519,0,0,40,1.0,2,0,0.25,0.01,0.75,50.0,lesion,30.0,0.45,0.2,0.1,0.002,8.0
52,260,0.3919606175622641,0.5,-0.2527004181611985,0.0,0.125,0.3317242386801264,square_moore__ql__plastic__intr0__struct0__alpha_async__lesion__s1__ec91281901,0.0254191018506454,0.0062013234584498,0.25,False,0.6111815714971217,0.002,0.006,ql,0.58,square_moore,40,80,0.9,0.4090950710671743,0.3,0,0.42,0.08,160,0.3313598563069555,0.4,20,1.4691530066197045,4.69247113470022e-18,0.2,plastic,sensitivity,0.014320624142918,False,alpha_async,40,150,210,1,-1,1.0,0.6,0.6,80,0.0794184853331528,0,0,40,1.0,2,0,0.25,0.01,0.75,50.0,lesion,30.0,0.45,0.2,0.1,0.002,8.0
52,260,0.3713259321095618,0.5,-0.0890356391287044,0.0,0.125,0.0,hex_cells__markov__plastic__intr0__struct0__alpha_async__lesion__s2__cdfa096ef6,0.0724737856008047,0.0533943808418849,0.25,False,0.4709970999130685,0.002,0.006,markov,0.68,hex_cells,40,80,0.9,0.4137643636570352,0.3,0,0.42,0.08,160,0.2958112134135188,0.3,20,1.539321518705907,3.178620925043395e-18,0.2,plastic,sensitivity,0.0288374048057746,False,alpha_async,40,150,210,2,-1,1.0,0.6,0.6,80,0.0395592134693428,0,0,40,1.0,2,0,0.25,0.01,0.75,50.0,lesion,30.0,0.45,0.2,0.1,0.002,8.0
52,260,0.1159269667585677,0.5,0.5102716625398073,0.0,0.125,0.0,honeycomb__markov__plastic__intr0__struct0__alpha_async__lesion__s2__9ac2c86b4e,0.3494515960670377,0.302491796013929,0.25,False,0.2141801844886224,0.002,0.006,markov,0.62,honeycomb,40,80,0.9,0.1046039847178689,0.3,0,0.42,0.08,160,0.1126674487664378,0.2,20,0.9984871988248534,2.7610405817960887e-18,0.2,plastic,sensitivity,0.3158224677216665,False,alpha_async,40,150,210,2,-1,1.0,0.6,0.6,80,0.1343902740328695,0,0,40,1.0,2,0,0.25,0.01,0.75,50.0,lesion,30.0,0.45,0.2,0.1,0.002,8.0
52,260,0.3998483315599729,0.5,0.0982337971227845,0.0,0.125,0.0,extended_moore_r2__markov__plastic__intr0__struct0__alpha_async__lesion__s1__5aa4060417,0.0085006830949625,0.019565529231608,0.25,False,0.7571214449849387,0.002,0.006,markov,0.68,extended_moore_r2,40,80,0.9,0.243546605861023,0.3,0,0.42,0.08,160,0.3349339543365471,0.4,20,0.6797252122254879,4.3975077171294175e-18,0.2,plastic,sensitivity,-0.0186780147410793,False,alpha_async,40,150,210,1,-1,1.0,0.6,0.6,80,0.0160307677139659,0,0,40,1.0,2,0,0.25,0.01,0.75,50.0,lesion,30.0,0.45,0.2,0.1,0.002,8.0
52,260,0.4204880575912539,0.5,0.0314849125330849,0.0,0.125,0.0,extended_hex_r2__markov__plastic__intr0__struct0__alpha_async__lesion__s1__077802efcc,-0.0034709443028423,0.0021250331673985,0.25,False,0.8471528104309755,0.002,0.006,markov,0.62,extended_hex_r2,40,80,0.9,0.2139651725926515,0.3,0,0.42,0.08,160,0.3564962428206281,0.3,20,0.5069882353956371,3.76091219055489e-18,0.2,plastic,sensitivity,-0.030576554531609,False,alpha_async,40,150,210,1,-1,1.0,0.6,0.6,80,0.0082578642870646,0,0,40,1.0,2,0,0.25,0.01,0.75,50.0,lesion,30.0,0.45,0.2,0.1,0.002,8.0
52,260,0.3534665871466271,0.5,-0.0266025649196014,0.0,0.125,0.0,honeycomb_nnn__markov__plastic__intr0__struct0__alpha_async__lesion__s1__076739f95d,0.0780035443055092,0.0568424432519709,0.25,False,0.4048104279148898,0.002,0.006,markov,0.58,honeycomb_nnn,40,80,0.9,0.4005744417546184,0.3,0,0.42,0.08,160,0.2830003138069227,0.2,20,1.4746391428067014,3.62693451873831e-18,0.2,plastic,sensitivity,0.0460305205964564,False,alpha_async,40,150,210,1,-1,1.0,0.6,0.6,80,0.0417705089797389,0,0,40,1.0,2,0,0.25,0.01,0.75,50.0,lesion,30.0,0.45,0.2,0.1,0.002,8.0
52,260,0.4341197931878482,0.5,-0.3139406072181419,0.0,0.125,0.2761063299905643,honeycomb_nnn__ql__plastic__intr0__struct0__alpha_async__lesion__s2__46e2c63c7b,0.0028371583230522,-0.0010696333164468,0.25,False,0.4598565822661307,0.002,0.006,ql,0.62,honeycomb_nnn,40,80,0.9,0.5252145187077946,0.3,0,0.42,0.08,160,0.3767142076187131,0.4,20,1.189723352287403,3.0914311581272573e-18,0.2,plastic,sensitivity,0.0008164929988072,False,alpha_async,40,150,210,2,-1,1.0,0.6,0.6,80,0.0390852406289512,0,0,40,1.0,2,0,0.25,0.01,0.75,50.0,lesion,30.0,0.45,0.2,0.1,0.002,8.0
52,260,0.3175518247183687,0.5,0.0902280406150516,0.0,0.125,0.3691987337309428,square_vn__ql__plastic__intr0__struct0__alpha_async__lesion__s1__7a0755cf06,0.0718497575677901,0.0701971263304385,0.25,False,0.6541945833937999,0.002,0.01,ql,0.68,square_vn,40,80,0.9,0.2562895154362235,0.3,0,0.42,0.08,160,0.2695217058019601,0.2,20,1.4954294708425595,3.2624505726013683e-18,0.2,plastic,sensitivity,0.01635918497862,False,alpha_async,40,150,210,1,-1,1.0,0.6,0.6,80,0.0383529494217899,0,0,40,1.0,2,0,0.25,0.01,0.75,50.0,lesion,30.0,0.45,0.2,0.1,0.002,8.0
52,260,0.3913894896523438,0.5,-0.2697190227860724,0.0,0.125,0.3291167779611788,square_moore__ql__plastic__intr0__struct0__alpha_async__lesion__s1__3527ff168b,0.0184252194508003,0.0245311686144045,0.25,False,0.5915304552612178,0.002,0.01,ql,0.58,square_moore,40,80,0.9,0.4241253697547627,0.3,0,0.42,0.08,160,0.3294123719329401,0.4,20,1.5052617032760998,4.710223832851396e-18,0.2,plastic,sensitivity,-0.001389899624089,False,alpha_async,40,150,210,1,-1,1.0,0.6,0.6,80,0.0896539866657945,0,0,40,1.0,2,0,0.25,0.01,0.75,50.0,lesion,30.0,0.45,0.2,0.1,0.002,8.0
52,260,0.3559077600551919,0.5,-0.0529918774107222,0.0,0.125,0.0,hex_cells__markov__plastic__intr0__struct0__alpha_async__lesion__s2__d5849abe95,0.0682654869779088,0.050862247057711,0.25,False,0.4723335105580933,0.002,0.01,markov,0.68,hex_cells,40,80,0.9,0.3925012570270942,0.3,0,0.42,0.08,160,0.2847370375235052,0.3,20,1.5355783274958166,2.5238563353322608e-18,0.2,plastic,sensitivity,0.0191822844449252,False,alpha_async,40,150,210,2,-1,1.0,0.6,0.6,80,0.0401058866042924,0,0,40,1.0,2,0,0.25,0.01,0.75,50.0,lesion,30.0,0.45,0.2,0.1,0.002,8.0
52,260,0.1164927062058727,0.5,0.527324343374323,0.0,0.125,0.0,honeycomb__markov__plastic__intr0__struct0__alpha_async__lesion__s2__0aa93d1e9b,0.3445687824456478,0.2844081729987929,0.25,False,0.2151861973367624,0.002,0.01,markov,0.62,honeycomb,40,80,0.9,0.1023418509758946,0.3,0,0.42,0.08,160,0.1122443001711554,0.2,20,1.003229915216988,3.56196419495181e-18,0.2,plastic,sensitivity,0.3020763196530203,False,alpha_async,40,150,210,2,-1,1.0,0.6,0.6,80,0.1430391100716248,0,0,40,1.0,2,0,0.25,0.01,0.75,50.0,lesion,30.0,0.45,0.2,0.1,0.002,8.0
52,260,0.4039265168526587,0.5,0.1375316687989571,0.0,0.125,0.0,extended_moore_r2__markov__plastic__intr0__struct0__alpha_async__lesion__s1__6cd3834126,0.0136649157915561,0.0250294509445208,0.25,False,0.764075599964679,0.002,0.01,markov,0.68,extended_moore_r2,40,80,0.9,0.2407162039833701,0.3,0,0.42,0.08,160,0.3297776303860241,0.4,20,0.9578618657318216,4.3122223405745736e-18,0.2,plastic,sensitivity,-0.0044727887581043,False,alpha_async,40,150,210,1,-1,1.0,0.6,0.6,80,0.0257907827673916,0,0,40,1.0,2,0,0.25,0.01,0.75,50.0,lesion,30.0,0.45,0.2,0.1,0.002,8.0
52,260,0.4187893908666116,0.5,0.0462715973204987,0.0,0.125,0.0,extended_hex_r2__markov__plastic__intr0__struct0__alpha_async__lesion__s1__639f986764,-0.0005142199802305,0.0038393734722738,0.25,False,0.843705106181828,0.002,0.01,markov,0.62,extended_hex_r2,40,80,0.9,0.2125321347956551,0.3,0,0.42,0.08,160,0.3533184494888108,0.3,20,0.5329239304267248,3.24375233513602e-18,0.2,plastic,sensitivity,-0.0295846234601526,False,alpha_async,40,150,210,1,-1,1.0,0.6,0.6,80,0.0096723022712646,0,0,40,1.0,2,0,0.25,0.01,0.75,50.0,lesion,30.0,0.45,0.2,0.1,0.002,8.0
52,260,0.3237619437292471,0.5,0.0444913839920487,0.0,0.125,0.0,honeycomb_nnn__markov__plastic__intr0__struct0__alpha_async__lesion__s1__c037a26032,0.0841734994260812,0.0834049132436934,0.25,False,0.4106145960211071,0.002,0.01,markov,0.58,honeycomb_nnn,40,80,0.9,0.3574828472402822,0.3,0,0.42,0.08,160,0.2608639588823891,0.2,20,1.495730186506539,3.4453200571154878e-18,0.2,plastic,sensitivity,0.0390990611644558,False,alpha_async,40,150,210,1,-1,1.0,0.6,0.6,80,0.0462107342879778,0,0,40,1.0,2,0,0.25,0.01,0.75,50.0,lesion,30.0,0.45,0.2,0.1,0.002,8.0
52,260,0.427146118159769,0.5,-0.306436253405186,0.0,0.125,0.2741430763254346,honeycomb_nnn__ql__plastic__intr0__struct0__alpha_async__lesion__s2__e255c299b9,-0.0046370832174992,-0.0066895518893041,0.25,False,0.516434816981567,0.002,0.01,ql,0.62,honeycomb_nnn,40,80,0.9,0.4951256740024614,0.3,0,0.42,0.08,160,0.3697596299967495,0.4,20,1.1748876878275267,3.42483862689878e-18,0.2,plastic,sensitivity,-0.0066653533461052,False,alpha_async,40,150,210,2,-1,1.0,0.6,0.6,80,0.0291828636188698,0,0,40,1.0,2,0,0.25,0.01,0.75,50.0,lesion,30.0,0.45,0.2,0.1,0.002,8.0
52,260,0.3099943766878213,0.5,0.133010604145622,0.0,0.125,0.378303032521901,square_vn__ql__plastic__intr0__struct0__alpha_async__lesion__s1__5854a41483,0.0841204584731064,0.0780858569852955,0.25,False,0.6450230304932473,0.002,0.016,ql,0.68,square_vn,40,80,0.9,0.2441215697612477,0.3,0,0.42,0.08,160,0.2594991524876417,0.2,20,1.479464448160244,5.0231947788342e-18,0.2,plastic,sensitivity,0.0290401131340271,False,alpha_async,40,150,210,1,-1,1.0,0.6,0.6,80,0.0326760068945095,0,0,40,1.0,2,0,0.25,0.01,0.75,50.0,lesion,30.0,0.45,0.2,0.1,0.002,8.0
52,260,0.3935835004958667,0.5,-0.2691622634049775,0.0,0.125,0.3229134608395427,square_moore__ql__plastic__intr0__struct0__alpha_async__lesion__s1__9186f01c16,0.0091973287474925,0.0213052440567565,0.25,False,0.5866614440502934,0.002,0.016,ql,0.58,square_moore,40,80,0.9,0.4273030422686732,0.3,0,0.42,0.08,160,0.3298295918108318,0.4,20,1.5042333042067533,3.552551010132488e-18,0.2,plastic,sensitivity,0.0062073959648629,False,alpha_async,40,150,210,1,-1,1.0,0.6,0.6,80,0.0349139104463657,0,0,40,1.0,2,0,0.25,0.01,0.75,50.0,lesion,30.0,0.45,0.2,0.1,0.002,8.0
52,260,0.3354036586864763,0.5,0.0027014546961749,0.0,0.125,0.0,hex_cells__markov__plastic__intr0__struct0__alpha_async__lesion__s2__953dbb799c,0.0754437434854881,0.0703111778595443,0.25,False,0.4673825829704165,0.002,0.016,markov,0.68,hex_cells,40,80,0.9,0.3638481855221169,0.3,0,0.42,0.08,160,0.2696439183916979,0.3,20,1.5307735016193849,3.670359160263867e-18,0.2,plastic,sensitivity,0.0379307631363404,False,alpha_async,40,150,210,2,-1,1.0,0.6,0.6,80,0.045551345458694,0,0,40,1.0,2,0,0.25,0.01,0.75,50.0,lesion,30.0,0.45,0.2,0.1,0.002,8.0
52,260,0.1244412408588081,0.5,0.5210028139242344,0.0,0.125,0.0,honeycomb__markov__plastic__intr0__struct0__alpha_async__lesion__s2__595097f738,0.3342348474918503,0.2902445198734684,0.25,False,0.2288522124340526,0.002,0.016,markov,0.62,honeycomb,40,80,0.9,0.1085582836037909,0.3,0,0.42,0.08,160,0.1172535234625579,0.2,20,1.051701782236069,6.019449803946181e-18,0.2,plastic,sensitivity,0.2998405831595716,False,alpha_async,40,150,210,2,-1,1.0,0.6,0.6,80,0.1499353662812098,0,0,40,1.0,2,0,0.25,0.01,0.75,50.0,lesion,30.0,0.45,0.2,0.1,0.002,8.0
52,260,0.4222438584784361,0.5,0.2094172008759664,0.0,0.125,0.0,extended_moore_r2__markov__plastic__intr0__struct0__alpha_async__lesion__s1__040498e516,0.0565877063922562,0.0454654889577395,0.25,False,0.7516475442432,0.002,0.016,markov,0.68,extended_moore_r2,40,80,0.9,0.2374101673029129,0.3,0,0.42,0.08,160,0.319806064915116,0.4,20,0.9457101552478808,5.2455507348507874e-18,0.2,plastic,sensitivity,0.0321710591360971,False,alpha_async,40,150,210,1,-1,1.0,0.6,0.6,80,0.0344836289072476,0,0,40,0.9953309911242604,2,0,0.25,0.01,0.75,50.0,lesion,30.0,0.45,0.2,0.1,0.002,8.0
52,260,0.414708834589097,0.5,0.0727438574166767,0.0,0.125,0.0,extended_hex_r2__markov__plastic__intr0__struct0__alpha_async__lesion__s1__cc40076189,0.0057372960504412,0.0085687721239794,0.25,False,0.8361451959334513,0.002,0.016,markov,0.62,extended_hex_r2,40,80,0.9,0.2100409934972857,0.3,0,0.42,0.08,160,0.3473343164108151,0.3,20,0.5740687264987016,4.1747992673701874e-18,0.2,plastic,sensitivity,-0.0339840634235459,False,alpha_async,40,150,210,1,-1,1.0,0.6,0.6,80,0.011004730596628,0,0,40,0.9995890861275476,2,0,0.25,0.01,0.75,50.0,lesion,30.0,0.45,0.2,0.1,0.002,8.0
52,260,0.3058248156342862,0.5,0.0993754672441712,0.0,0.125,0.0,honeycomb_nnn__markov__plastic__intr0__struct0__alpha_async__lesion__s1__7abd44b535,0.0918471871750134,0.0944744935212226,0.25,False,0.4227960535713828,0.002,0.016,markov,0.58,honeycomb_nnn,40,80,0.9,0.3266645188795242,0.3,0,0.42,0.08,160,0.2476937047614627,0.2,20,1.4706562185273706,3.67650615346529e-18,0.2,plastic,sensitivity,0.0463166024930438,False,alpha_async,40,150,210,1,-1,1.0,0.6,0.6,80,0.0569037467233996,0,0,40,0.9999589086127548,2,0,0.25,0.01,0.75,50.0,lesion,30.0,0.45,0.2,0.1,0.002,8.0
52,260,0.4198169681883699,0.5,-0.2943586333448585,0.0,0.125,0.2709179426463278,honeycomb_nnn__ql__plastic__intr0__struct0__alpha_async__lesion__s2__1374eec404,-0.0105433108974891,-0.0121695530530787,0.25,False,0.5540950513337276,0.002,0.016,ql,0.62,honeycomb_nnn,40,80,0.9,0.4730423822251929,0.3,0,0.42,0.08,160,0.3629493319496722,0.4,20,1.1555390716564766,3.779614004871438e-18,0.2,plastic,sensitivity,-0.0127229632840333,False,alpha_async,40,150,210,2,-1,1.0,0.6,0.6,80,0.0281283272446065,0,0,40,1.0,2,0,0.25,0.01,0.75,50.0,lesion,30.0,0.45,0.2,0.1,0.002,8.0
52,260,0.3148536805628995,0.5,0.1186992215857098,0.0,0.125,0.3751903953495224,square_vn__ql__plastic__intr0__struct0__alpha_async__lesion__s1__ae6c8b39e8,0.096031271705222,0.0841667898072565,0.25,False,0.6516945317370415,0.002,0.006,ql,0.68,square_vn,40,80,0.9,0.2511387571891965,0.3,0,0.42,0.08,160,0.265204331413644,0.3,20,1.4924539288598089,3.818339096414257e-18,0.2,plastic,sensitivity,0.0647625967796162,False,alpha_async,40,150,210,1,-1,1.0,0.6,0.6,80,0.0293380223311631,0,0,40,1.0,2,0,0.25,0.01,0.75,50.0,lesion,30.0,0.45,0.2,0.1,0.002,8.0
52,260,0.4033374203877612,0.5,-0.289865570918619,0.0,0.125,0.3245768384810399,square_moore__ql__plastic__intr0__struct0__alpha_async__lesion__s1__3a5417bff5,0.0172485175559402,0.0137545374918271,0.25,False,0.6036778725724917,0.002,0.006,ql,0.62,square_moore,40,80,0.9,0.4311229569642943,0.3,0,0.42,0.08,160,0.3413338575200924,0.2,20,1.466379818955789,4.5054254950887136e-18,0.2,plastic,sensitivity,0.0031971681568731,False,alpha_async,40,150,210,1,-1,1.0,0.6,0.6,80,0.05914837501632,0,0,40,1.0,2,0,0.25,0.01,0.75,50.0,lesion,30.0,0.45,0.2,0.1,0.002,8.0
52,260,0.357149039623639,0.5,-0.0423443623773385,0.0,0.125,0.0,hex_cells__markov__plastic__intr0__struct0__alpha_async__lesion__s2__2bd7897216,0.081724039580827,0.0605363760784638,0.25,False,0.4691036799449841,0.002,0.006,markov,0.68,hex_cells,40,80,0.9,0.3896228668095873,0.3,0,0.42,0.08,160,0.2839882178862648,0.4,20,1.5364683695382582,3.258126978489185e-18,0.2,plastic,sensitivity,0.0430887707630213,False,alpha_async,40,150,210,2,-1,1.0,0.6,0.6,80,0.0420174502302023,0,0,40,1.0,2,0,0.25,0.01,0.75,50.0,lesion,30.0,0.45,0.2,0.1,0.002,8.0
52,260,0.110030002872369,0.5,0.5218939553174292,0.0,0.125,0.0,honeycomb__markov__plastic__intr0__struct0__alpha_async__lesion__s2__3961ba6063,0.3595953401334587,0.2725005195580333,0.25,False,0.2029434512149137,0.002,0.006,markov,0.62,honeycomb,40,80,0.9,0.0980420270711869,0.3,0,0.42,0.08,160,0.108108713005287,0.3,20,0.9640392553165072,5.2137778882560084e-18,0.2,plastic,sensitivity,0.3163129632940998,False,alpha_async,40,150,210,2,-1,1.0,0.6,0.6,80,0.147003767516419,0,0,40,1.0,2,0,0.25,0.01,0.75,50.0,lesion,30.0,0.45,0.2,0.1,0.002,8.0
52,260,0.3894943769520428,0.5,-0.083018619158602,0.0,0.125,0.0,extended_moore_r2__markov__plastic__intr0__struct0__alpha_async__lesion__s2__8dd394396b,0.0109068686097656,0.0322812267242478,0.25,False,0.5894499615806351,0.002,0.006,markov,0.58,extended_moore_r2,40,80,0.9,0.3697948971803609,0.3,0,0.42,0.08,160,0.3100642913130217,0.2,20,1.1610019373066758,3.602882205681695e-18,0.2,plastic,sensitivity,-0.0105430443318145,False,alpha_async,40,150,210,2,-1,1.0,0.6,0.6,80,0.0958762263160686,0,0,40,1.0,2,0,0.25,0.01,0.75,50.0,lesion,30.0,0.45,0.2,0.1,0.002,8.0
52,260,0.4177153891551688,0.5,0.0466222035008228,0.0,0.125,0.0,extended_hex_r2__markov__plastic__intr0__struct0__alpha_async__lesion__s1__37770fecc6,0.0001748255837412,0.0044577813938823,0.25,False,0.8407010377559114,0.002,0.006,markov,0.62,extended_hex_r2,40,80,0.9,0.2139921376545736,0.3,0,0.42,0.08,160,0.3534875474698566,0.4,20,0.5396091772807713,2.8062620478842906e-18,0.2,plastic,sensitivity,-0.0301118924399802,False,alpha_async,40,150,210,1,-1,1.0,0.6,0.6,80,0.0097245133559647,0,0,40,1.0,2,0,0.25,0.01,0.75,50.0,lesion,30.0,0.45,0.2,0.1,0.002,8.0
52,260,0.3325308555781499,0.5,0.0237962301011353,0.0,0.125,0.0,honeycomb_nnn__markov__plastic__intr0__struct0__alpha_async__lesion__s1__a62fc147dd,0.094490183856145,0.0657068901391576,0.25,False,0.3836554646468963,0.002,0.006,markov,0.58,honeycomb_nnn,40,80,0.9,0.3771201172916205,0.3,0,0.42,0.08,160,0.2682764881610198,0.3,20,1.5028065884503852,4.650818821459796e-18,0.2,plastic,sensitivity,0.0590961347947883,False,alpha_async,40,150,210,1,-1,1.0,0.6,0.6,80,0.0463534868405553,0,0,40,1.0,2,0,0.25,0.01,0.75,50.0,lesion,30.0,0.45,0.2,0.1,0.002,8.0
52,260,0.4366647625541026,0.5,-0.3156743335223986,0.0,0.125,0.2753984938922539,honeycomb_nnn__ql__plastic__intr0__struct0__alpha_async__lesion__s2__72cd30c9e2,0.0044173776972944,0.0038071412552201,0.25,False,0.4512581410626994,0.002,0.006,ql,0.68,honeycomb_nnn,40,80,0.9,0.5302226233492776,0.3,0,0.42,0.08,160,0.3829741613358104,0.2,20,1.1385162680669836,3.993150376768381e-18,0.2,plastic,sensitivity,0.0082312367363107,False,alpha_async,40,150,210,2,-1,1.0,0.6,0.6,80,0.0355529786663895,0,0,40,1.0,2,0,0.25,0.01,0.75,50.0,lesion,30.0,0.45,0.2,0.1,0.002,8.0
52,260,0.3271939155327318,0.5,0.0918259425172491,0.0,0.125,0.3654422375710956,square_vn__ql__plastic__intr0__struct0__alpha_async__lesion__s1__b48afb3192,0.0723981535472641,0.0611650533352491,0.25,False,0.6604794612439565,0.002,0.01,ql,0.68,square_vn,40,80,0.9,0.2612222645981279,0.3,0,0.42,0.08,160,0.2744774291006791,0.3,20,1.4911107386319362,4.186798327317384e-18,0.2,plastic,sensitivity,0.0384241111929541,False,alpha_async,40,150,210,1,-1,1.0,0.6,0.6,80,0.0226671378288073,0,0,40,1.0,2,0,0.25,0.01,0.75,50.0,lesion,30.0,0.45,0.2,0.1,0.002,8.0
52,260,0.4036237604575159,0.5,-0.3082040818767071,0.0,0.125,0.3186195194858446,square_moore__ql__plastic__intr0__struct0__alpha_async__lesion__s1__e0621997a9,0.014329144517824,0.0130310859710671,0.25,False,0.5830513665450093,0.002,0.01,ql,0.62,square_moore,40,80,0.9,0.4465444535973132,0.3,0,0.42,0.08,160,0.3418712789633034,0.2,20,1.4896754944884048,4.0185666221638716e-18,0.2,plastic,sensitivity,-0.009248252122795,False,alpha_async,40,150,210,1,-1,1.0,0.6,0.6,80,0.074230626623842,0,0,40,1.0,2,0,0.25,0.01,0.75,50.0,lesion,30.0,0.45,0.2,0.1,0.002,8.0
52,260,0.3527678404588056,0.5,-0.033464428052777,0.0,0.125,0.0,hex_cells__markov__plastic__intr0__struct0__alpha_async__lesion__s2__951b198b0d,0.067198621094043,0.0561653378003745,0.25,False,0.4743466047201123,0.002,0.01,markov,0.68,hex_cells,40,80,0.9,0.3836955097994449,0.3,0,0.42,0.08,160,0.2809730180122466,0.4,20,1.5261890060230334,2.550854726324623e-18,0.2,plastic,sensitivity,0.0184428217397051,False,alpha_async,40,150,210,2,-1,1.0,0.6,0.6,80,0.0370947213365256,0,0,40,1.0,2,0,0.25,0.01,0.75,50.0,lesion,30.0,0.45,0.2,0.1,0.002,8.0
52,260,0.1156938291656903,0.5,0.5343151791124227,0.0,0.125,0.0,honeycomb__markov__plastic__intr0__struct0__alpha_async__lesion__s2__35329c84b4,0.3528494425722401,0.2831005407239266,0.25,False,0.2148396481722451,0.002,0.01,markov,0.62,honeycomb,40,80,0.9,0.1002516526298948,0.3,0,0.42,0.08,160,0.1122120534001588,0.3,20,1.0013617607859666,1.754691206805567e-18,0.2,plastic,sensitivity,0.3454699254863818,False,alpha_async,40,150,210,2,-1,1.0,0.6,0.6,80,0.1534513352379372,0,0,40,1.0,2,0,0.25,0.01,0.75,50.0,lesion,30.0,0.45,0.2,0.1,0.002,8.0
52,260,0.380140644254728,0.5,-0.0390370210572612,0.0,0.125,0.0,extended_moore_r2__markov__plastic__intr0__struct0__alpha_async__lesion__s2__e8e156bec7,0.0490163874514344,0.0350311948729959,0.25,False,0.6162096446985319,0.002,0.01,markov,0.58,extended_moore_r2,40,80,0.9,0.3432519229154523,0.3,0,0.42,0.08,160,0.3015840779408202,0.2,20,1.1616870687012266,3.256257695815645e-18,0.2,plastic,sensitivity,0.0268674695731443,False,alpha_async,40,150,210,2,-1,1.0,0.6,0.6,80,0.0879886522762906,0,0,40,0.9982279339250492,2,0,0.25,0.01,0.75,50.0,lesion,30.0,0.45,0.2,0.1,0.002,8.0
52,260,0.4158707677721693,0.5,0.060422093231456,0.0,0.125,0.0,extended_hex_r2__markov__plastic__intr0__struct0__alpha_async__lesion__s1__b5a68d164c,0.0031932879078534,0.0062094264026805,0.25,False,0.8371396537456812,0.002,0.01,markov,0.62,extended_hex_r2,40,80,0.9,0.2125614793944231,0.3,0,0.42,0.08,160,0.3502759976063409,0.4,20,0.5607416977849421,4.211648685383872e-18,0.2,plastic,sensitivity,-0.0295193566823432,False,alpha_async,40,150,210,1,-1,1.0,0.6,0.6,80,0.0105537078020733,0,0,40,1.0,2,0,0.25,0.01,0.75,50.0,lesion,30.0,0.45,0.2,0.1,0.002,8.0
52,260,0.3192708446184125,0.5,0.0461801060733538,0.0,0.125,0.0,honeycomb_nnn__markov__plastic__intr0__struct0__alpha_async__lesion__s1__4e7ffae205,0.0942992012731732,0.0872723308215468,0.25,False,0.3963028384395917,0.002,0.01,markov,0.58,honeycomb_nnn,40,80,0.9,0.3577414827149576,0.3,0,0.42,0.08,160,0.2576806873052541,0.3,20,1.5050061988736785,3.728692636353255e-18,0.2,plastic,sensitivity,0.0441875377123383,False,alpha_async,40,150,210,1,-1,1.0,0.6,0.6,80,0.045255391059308,0,0,40,1.0,2,0,0.25,0.01,0.75,50.0,lesion,30.0,0.45,0.2,0.1,0.002,8.0
52,260,0.4309952439332159,0.5,-0.3101300741382879,0.0,0.125,0.2682392104747464,honeycomb_nnn__ql__plastic__intr0__struct0__alpha_async__lesion__s2__c0e519d251,0.0022714618323217,-0.0002673360123107,0.25,False,0.5296684734472684,0.002,0.01,ql,0.68,honeycomb_nnn,40,80,0.9,0.4927802545420564,0.3,0,0.42,0.08,160,0.3773952264808891,0.2,20,1.142517784834295,3.685012271607969e-18,0.2,plastic,sensitivity,0.004465872760954,False,alpha_async,40,150,210,2,-1,1.0,0.6,0.6,80,0.0301621099075433,0,0,40,1.0,2,0,0.25,0.01,0.75,50.0,lesion,30.0,0.45,0.2,0.1,0.002,8.0
52,260,0.3220950502877668,0.5,0.0954686609673612,0.0,0.125,0.3687363437685763,square_vn__ql__plastic__intr0__struct0__alpha_async__lesion__s1__e24db845dd,0.0668032810728398,0.0632608428578154,0.25,False,0.6625767514048108,0.002,0.016,ql,0.68,square_vn,40,80,0.9,0.2557204613691059,0.3,0,0.42,0.08,160,0.2698094719173225,0.3,20,1.481611943738841,4.1893827924892114e-18,0.2,plastic,sensitivity,0.0109524773048197,False,alpha_async,40,150,210,1,-1,1.0,0.6,0.6,80,0.027948243031211,0,0,40,1.0,2,0,0.25,0.01,0.75,50.0,lesion,30.0,0.45,0.2,0.1,0.002,8.0
52,260,0.4015918272297504,0.5,-0.3319663098142181,0.0,0.125,0.3112811555801337,square_moore__ql__plastic__intr0__struct0__alpha_async__lesion__s1__190c6c0c99,0.0049826547952061,0.0022261300150639,0.25,False,0.5758757924695593,0.002,0.016,ql,0.62,square_moore,40,80,0.9,0.4568529448700412,0.3,0,0.42,0.08,160,0.3385915506269484,0.2,20,1.529555793373092,4.03085667446533e-18,0.2,plastic,sensitivity,-0.0031925721292496,False,alpha_async,40,150,210,1,-1,1.0,0.6,0.6,80,0.1104886378520096,0,0,40,1.0,2,0,0.25,0.01,0.75,50.0,lesion,30.0,0.45,0.2,0.1,0.002,8.0
52,260,0.3442092059555698,0.5,-0.0051811714119818,0.0,0.125,0.0,hex_cells__markov__plastic__intr0__struct0__alpha_async__lesion__s2__9b993b1233,0.0750388922853802,0.0607028146714954,0.25,False,0.4732027054977805,0.002,0.016,markov,0.68,hex_cells,40,80,0.9,0.3697765513164806,0.3,0,0.42,0.08,160,0.2738925278947133,0.4,20,1.527543018503574,2.6090070169838327e-18,0.2,plastic,sensitivity,0.0416527471144448,False,alpha_async,40,150,210,2,-1,1.0,0.6,0.6,80,0.0479580337352509,0,0,40,1.0,2,0,0.25,0.01,0.75,50.0,lesion,30.0,0.45,0.2,0.1,0.002,8.0
52,260,0.1078245535104393,0.5,0.5404594618715496,0.0,0.125,0.0,honeycomb__markov__plastic__intr0__struct0__alpha_async__lesion__s2__cb2e8cfa62,0.3718856841743006,0.3255835014845968,0.25,False,0.1988128350841279,0.002,0.016,markov,0.62,honeycomb,40,80,0.9,0.0937148819669684,0.3,0,0.42,0.08,160,0.1043596547682501,0.3,20,0.96038443519469,5.1597619563050755e-18,0.2,plastic,sensitivity,0.34712261577225,False,alpha_async,40,150,210,2,-1,1.0,0.6,0.6,80,0.1338232719270396,0,0,40,1.0,2,0,0.25,0.01,0.75,50.0,lesion,30.0,0.45,0.2,0.1,0.002,8.0
52,260,0.3669586633155721,0.5,0.049551439768547,0.0,0.125,0.0,extended_moore_r2__markov__plastic__intr0__struct0__alpha_async__lesion__s2__3078dfdf87,0.0469068972480825,0.0454602225153724,0.25,False,0.6711821005301326,0.002,0.016,markov,0.58,extended_moore_r2,40,80,0.9,0.2859865637991838,0.3,0,0.42,0.08,160,0.2897433788557331,0.2,20,1.0492687700253085,4.753221644253355e-18,0.2,plastic,sensitivity,0.0096527318692592,False,alpha_async,40,150,210,2,-1,1.0,0.6,0.6,80,0.0606051874865106,0,0,40,0.9887820512820512,2,0,0.25,0.01,0.75,50.0,lesion,30.0,0.45,0.2,0.1,0.002,8.0
52,260,0.4107296541617531,0.5,0.0965571560784342,0.0,0.125,0.0,extended_hex_r2__markov__plastic__intr0__struct0__alpha_async__lesion__s1__571476c2ed,0.0105469475821691,0.0134122239378194,0.25,False,0.8268278272704626,0.002,0.016,markov,0.62,extended_hex_r2,40,80,0.9,0.2093551623207239,0.3,0,0.42,0.08,160,0.3427559321566242,0.4,20,0.6112986249482677,3.9955810077442565e-18,0.2,plastic,sensitivity,-0.033514624918149,False,alpha_async,40,150,210,1,-1,1.0,0.6,0.6,80,0.0134091978797745,0,0,40,0.9995685404339252,2,0,0.25,0.01,0.75,50.0,lesion,30.0,0.45,0.2,0.1,0.002,8.0
52,260,0.3077185115038872,0.5,0.0862011169702975,0.0,0.125,0.0,honeycomb_nnn__markov__plastic__intr0__struct0__alpha_async__lesion__s1__c11595b427,0.0915949221481814,0.0859095821743214,0.25,False,0.4185399292625529,0.002,0.016,markov,0.58,honeycomb_nnn,40,80,0.9,0.3324124819645728,0.3,0,0.42,0.08,160,0.2483350728065912,0.3,20,1.4835668185668422,3.5666202214266065e-18,0.2,plastic,sensitivity,0.0472878737438775,False,alpha_async,40,150,210,1,-1,1.0,0.6,0.6,80,0.0539758439971332,0,0,40,1.0,2,0,0.25,0.01,0.75,50.0,lesion,30.0,0.45,0.2,0.1,0.002,8.0
52,260,0.4211504179591507,0.5,-0.3023059924280807,0.0,0.125,0.2710805418849856,honeycomb_nnn__ql__plastic__intr0__struct0__alpha_async__lesion__s2__200f2debc6,-0.0064158023631414,-0.0023871828596993,0.25,False,0.5620478623069193,0.002,0.016,ql,0.68,honeycomb_nnn,40,80,0.9,0.4696518785726138,0.3,0,0.42,0.08,160,0.3685301137684011,0.2,20,1.1219274657667306,3.663295519502708e-18,0.2,plastic,sensitivity,-0.0118509392566822,False,alpha_async,40,150,210,2,-1,1.0,0.6,0.6,80,0.0659514093242829,0,0,40,1.0,2,0,0.25,0.01,0.75,50.0,lesion,30.0,0.45,0.2,0.1,0.002,8.0
52,260,0.3089539591961307,0.5,0.1270728506785258,0.0,0.125,0.378800899575174,square_vn__ql__plastic__intr0__struct0__alpha_async__lesion__s1__872a4ac6ba,0.0839410682395497,0.077693052872095,0.25,False,0.6438448052142881,0.002,0.006,ql,0.68,square_vn,40,80,0.9,0.2455757798208512,0.3,0,0.42,0.08,160,0.260670341832624,0.4,20,1.4829844364141007,2.608111524416242e-18,0.2,plastic,sensitivity,0.0161081100187135,False,alpha_async,40,150,210,1,-1,1.0,0.6,0.6,80,0.0321053982588176,0,0,40,1.0,2,0,0.25,0.01,0.75,50.0,lesion,30.0,0.45,0.2,0.1,0.002,8.0
52,260,0.4004806939074938,0.5,-0.2929251321217845,0.0,0.125,0.3238262776222895,square_moore__ql__plastic__intr0__struct0__alpha_async__lesion__s1__bdcfa49ca8,0.01181166701909,0.0181681228331843,0.25,False,0.5977439526317612,0.002,0.006,ql,0.62,square_moore,40,80,0.9,0.4344545593464182,0.3,0,0.42,0.08,160,0.3403201449100969,0.3,20,1.4795603995961766,4.3820700398562905e-18,0.2,plastic,sensitivity,0.007422209475481,False,alpha_async,40,150,210,1,-1,1.0,0.6,0.6,80,0.0612792653923139,0,0,40,1.0,2,0,0.25,0.01,0.75,50.0,lesion,30.0,0.45,0.2,0.1,0.002,8.0
52,260,0.4335189568911937,0.5,-0.3558631994813399,0.0,0.125,0.2986357551789246,hex_cells__ql__plastic__intr0__struct0__alpha_async__lesion__s1__5abe53cfc2,0.0171519538443821,0.000603083852756,0.25,False,0.5882159765444838,0.002,0.006,ql,0.58,hex_cells,40,80,0.9,0.4802732536660682,0.3,0,0.42,0.08,160,0.3678348560270896,0.2,20,1.2984238677565765,2.6313277814067327e-18,0.2,plastic,sensitivity,-0.0009513160547977,False,alpha_async,40,150,210,1,-1,1.0,0.6,0.6,80,0.0251402155993579,0,0,40,1.0,2,0,0.25,0.01,0.75,50.0,lesion,30.0,0.45,0.2,0.1,0.002,8.0
52,260,0.0965750740422034,0.5,0.5498268029292792,0.0,0.125,0.0,honeycomb__markov__plastic__intr0__struct0__alpha_async__lesion__s2__a41bfc3cf7,0.3955089326006684,0.3010503433208102,0.25,False,0.1821122368383704,0.002,0.006,markov,0.62,honeycomb,40,80,0.9,0.0846366617752391,0.3,0,0.42,0.08,160,0.1001288034239915,0.4,20,0.8851920222258309,2.4400696287594397e-18,0.2,plastic,sensitivity,0.3626546286478359,False,alpha_async,40,150,210,2,-1,1.0,0.6,0.6,80,0.1387913585645864,0,0,40,1.0,2,0,0.25,0.01,0.75,50.0,lesion,30.0,0.45,0.2,0.1,0.002,8.0
52,260,0.3822442343053325,0.5,-0.0523903853924328,0.0,0.125,0.0,extended_moore_r2__markov__plastic__intr0__struct0__alpha_async__lesion__s2__47cfdd8732,0.0161938345583806,0.0373122199210982,0.25,False,0.5750277698901873,0.002,0.006,markov,0.58,extended_moore_r2,40,80,0.9,0.3635258301034578,0.3,0,0.42,0.08,160,0.3032804403619014,0.3,20,1.2023818820300265,3.878060139916367e-18,0.2,plastic,sensitivity,-0.0069006889355308,False,alpha_async,40,150,210,2,-1,1.0,0.6,0.6,80,0.0922890969628865,0,0,40,1.0,2,0,0.25,0.01,0.75,50.0,lesion,30.0,0.45,0.2,0.1,0.002,8.0
52,260,0.4305847101855161,0.5,0.0116216685749934,0.0,0.125,0.0,extended_hex_r2__markov__plastic__intr0__struct0__alpha_async__lesion__s1__96e7ac9913,-0.0026310489872598,-0.001971553775875,0.25,False,0.829061431692428,0.002,0.006,markov,0.68,extended_hex_r2,40,80,0.9,0.2419477156282334,0.3,0,0.42,0.08,160,0.3680156470422055,0.2,20,0.6328117512082537,3.07171987202738e-18,0.2,plastic,sensitivity,-0.0422116818402987,False,alpha_async,40,150,210,1,-1,1.0,0.6,0.6,80,0.0062560218118507,0,0,40,1.0,2,0,0.25,0.01,0.75,50.0,lesion,30.0,0.45,0.2,0.1,0.002,8.0
52,260,0.3309674024264613,0.5,0.0263261738204011,0.0,0.125,0.0,honeycomb_nnn__markov__plastic__intr0__struct0__alpha_async__lesion__s1__9708d52a05,0.0901442761111055,0.0689776742656054,0.25,False,0.384264925267485,0.002,0.006,markov,0.58,honeycomb_nnn,40,80,0.9,0.3758520121199439,0.3,0,0.42,0.08,160,0.2666004514779204,0.4,20,1.507194510979173,4.800450290624791e-18,0.2,plastic,sensitivity,0.0556598276907033,False,alpha_async,40,150,210,1,-1,1.0,0.6,0.6,80,0.0495105792923465,0,0,40,1.0,2,0,0.25,0.01,0.75,50.0,lesion,30.0,0.45,0.2,0.1,0.002,8.0
52,260,0.4384743717217421,0.5,-0.3157175316934459,0.0,0.125,0.2750830317671556,honeycomb_nnn__ql__plastic__intr0__struct0__alpha_async__lesion__s2__ddad1d6e71,0.0007096997247569,0.0009317910945454,0.25,False,0.4397000240878024,0.002,0.006,ql,0.68,honeycomb_nnn,40,80,0.9,0.5350661595054115,0.3,0,0.42,0.08,160,0.3838719173385023,0.3,20,1.1362405591293665,3.7884441679587665e-18,0.2,plastic,sensitivity,0.0057773424188104,False,alpha_async,40,150,210,2,-1,1.0,0.6,0.6,80,0.0277749808959469,0,0,40,1.0,2,0,0.25,0.01,0.75,50.0,lesion,30.0,0.45,0.2,0.1,0.002,8.0
52,260,0.3110070686856084,0.5,0.1161474785370513,0.0,0.125,0.3775632879697227,square_vn__ql__plastic__intr0__struct0__alpha_async__lesion__s1__25336ed312,0.0868005142097435,0.0761811918141972,0.25,False,0.6418654606449893,0.002,0.01,ql,0.68,square_vn,40,80,0.9,0.25155667075521,0.3,0,0.42,0.08,160,0.2639639030216109,0.4,20,1.5025871379701172,4.8503932351903235e-18,0.2,plastic,sensitivity,0.0558170746623446,False,alpha_async,40,150,210,1,-1,1.0,0.6,0.6,80,0.0362181713421673,0,0,40,1.0,2,0,0.25,0.01,0.75,50.0,lesion,30.0,0.45,0.2,0.1,0.002,8.0
52,260,0.3999785474737021,0.5,-0.3011690758631001,0.0,0.125,0.321401639268,square_moore__ql__plastic__intr0__struct0__alpha_async__lesion__s1__84134d9e65,0.0195091358700762,0.0113769363292814,0.25,False,0.5773543855837776,0.002,0.01,ql,0.62,square_moore,40,80,0.9,0.4446062242174158,0.3,0,0.42,0.08,160,0.3374662324212049,0.3,20,1.4899505410609395,3.4560613645641813e-18,0.2,plastic,sensitivity,0.0129668665615885,False,alpha_async,40,150,210,1,-1,1.0,0.6,0.6,80,0.061045967503531,0,0,40,1.0,2,0,0.25,0.01,0.75,50.0,lesion,30.0,0.45,0.2,0.1,0.002,8.0
52,260,0.4256009625270501,0.5,-0.350607229510703,0.0,0.125,0.297276390088223,hex_cells__ql__plastic__intr0__struct0__alpha_async__lesion__s1__fd6b8bcc11,0.0180658671120443,-0.0036819709188772,0.25,False,0.5959765324829762,0.002,0.01,ql,0.58,hex_cells,40,80,0.9,0.4709473467556289,0.3,0,0.42,0.08,160,0.3646467347935171,0.2,20,1.3394543489389557,2.780497805658217e-18,0.2,plastic,sensitivity,0.0067908217713343,False,alpha_async,40,150,210,1,-1,1.0,0.6,0.6,80,0.0174292271844744,0,0,40,1.0,2,0,0.25,0.01,0.75,50.0,lesion,30.0,0.45,0.2,0.1,0.002,8.0
52,260,0.1071321107979508,0.5,0.5434445088817984,0.0,0.125,0.0,honeycomb__markov__plastic__intr0__struct0__alpha_async__lesion__s2__b1536f11fc,0.3599023698806433,0.3092104601188606,0.25,False,0.1998068507357829,0.002,0.01,markov,0.62,honeycomb,40,80,0.9,0.0930171497325389,0.3,0,0.42,0.08,160,0.1076996604366979,0.4,20,0.954856482797476,5.032652521093495e-18,0.2,plastic,sensitivity,0.3436680743545989,False,alpha_async,40,150,210,2,-1,1.0,0.6,0.6,80,0.1414652560066868,0,0,40,1.0,2,0,0.25,0.01,0.75,50.0,lesion,30.0,0.45,0.2,0.1,0.002,8.0
52,260,0.3723863781802124,0.5,-0.0100401591402488,0.0,0.125,0.0,extended_moore_r2__markov__plastic__intr0__struct0__alpha_async__lesion__s2__0671393b30,0.0563359621032815,0.0400186872673625,0.25,False,0.6098759462066634,0.002,0.01,markov,0.58,extended_moore_r2,40,80,0.9,0.3322575447937885,0.3,0,0.42,0.08,160,0.2942432061349097,0.3,20,1.193381445854644,2.798942952689747e-18,0.2,plastic,sensitivity,0.0316164696004705,False,alpha_async,40,150,210,2,-1,1.0,0.6,0.6,80,0.0885699743802233,0,0,40,0.9982279339250492,2,0,0.25,0.01,0.75,50.0,lesion,30.0,0.45,0.2,0.1,0.002,8.0
52,260,0.4249308779637397,0.5,0.0105291410820902,0.0,0.125,0.0,extended_hex_r2__markov__plastic__intr0__struct0__alpha_async__lesion__s1__e39693a88c,-0.0124319463084426,-0.0128353573516,0.25,False,0.8202707542505658,0.002,0.01,markov,0.68,extended_hex_r2,40,80,0.9,0.2441061925864133,0.3,0,0.42,0.08,160,0.3641239694391375,0.2,20,0.5764285621185257,3.845468900198524e-18,0.2,plastic,sensitivity,-0.0423809752621464,False,alpha_async,40,150,210,1,-1,1.0,0.6,0.6,80,0.0052108831508975,0,0,40,1.0,2,0,0.25,0.01,0.75,50.0,lesion,30.0,0.45,0.2,0.1,0.002,8.0
52,260,0.3222937346432532,0.5,0.0405486842832932,0.0,0.125,0.0,honeycomb_nnn__markov__plastic__intr0__struct0__alpha_async__lesion__s1__ad81b86534,0.0876799284515202,0.0742257051409889,0.25,False,0.4057171366124312,0.002,0.01,markov,0.58,honeycomb_nnn,40,80,0.9,0.3588699427690776,0.3,0,0.42,0.08,160,0.2590403317402313,0.4,20,1.4954286424776175,3.665650787816176e-18,0.2,plastic,sensitivity,0.0386464903859238,False,alpha_async,40,150,210,1,-1,1.0,0.6,0.6,80,0.0456588354116365,0,0,40,1.0,2,0,0.25,0.01,0.75,50.0,lesion,30.0,0.45,0.2,0.1,0.002,8.0
52,260,0.4309439517096116,0.5,-0.3107826954254939,0.0,0.125,0.2694143953322445,honeycomb_nnn__ql__plastic__intr0__struct0__alpha_async__lesion__s2__4837883f3a,0.0069303653069694,0.01185206687256,0.25,False,0.5034800308955897,0.002,0.01,ql,0.68,honeycomb_nnn,40,80,0.9,0.5043058054867996,0.3,0,0.42,0.08,160,0.3771732458354342,0.3,20,1.1462333022374622,3.487558606699032e-18,0.2,plastic,sensitivity,0.0133333185570796,False,alpha_async,40,150,210,2,-1,1.0,0.6,0.6,80,0.0445897215378089,0,0,40,1.0,2,0,0.25,0.01,0.75,50.0,lesion,30.0,0.45,0.2,0.1,0.002,8.0
52,260,0.3103394504497628,0.5,0.13273450281259,0.0,0.125,0.3767834644135278,square_vn__ql__plastic__intr0__struct0__alpha_async__lesion__s1__5a090bfd0e,0.0762560269131275,0.0992818852404921,0.25,False,0.6468562819187769,0.002,0.016,ql,0.68,square_vn,40,80,0.9,0.2441783060152986,0.3,0,0.42,0.08,160,0.2612027945027363,0.4,20,1.4746068480707653,2.766619150506076e-18,0.2,plastic,sensitivity,0.0232545109706765,False,alpha_async,40,150,210,1,-1,1.0,0.6,0.6,80,0.0319955215885538,0,0,40,1.0,2,0,0.25,0.01,0.75,50.0,lesion,30.0,0.45,0.2,0.1,0.002,8.0
52,260,0.397241682760388,0.5,-0.3082642537370584,0.0,0.125,0.3135374108373976,square_moore__ql__plastic__intr0__struct0__alpha_async__lesion__s1__c43c6b6a9b,0.0098345059242454,0.0044953804221706,0.25,False,0.583677485240644,0.002,0.016,ql,0.62,square_moore,40,80,0.9,0.4432676360451069,0.3,0,0.42,0.08,160,0.3369665566731028,0.3,20,1.506326784419386,3.6215573258332964e-18,0.2,plastic,sensitivity,-0.0051591289052379,False,alpha_async,40,150,210,1,-1,1.0,0.6,0.6,80,0.1141932611041922,0,0,40,1.0,2,0,0.25,0.01,0.75,50.0,lesion,30.0,0.45,0.2,0.1,0.002,8.0
52,260,0.4205064070290203,0.5,-0.3378195497425355,0.0,0.125,0.2943555026834241,hex_cells__ql__plastic__intr0__struct0__alpha_async__lesion__s1__e3ac2739bd,0.0136212094403205,-0.0115748936202511,0.25,False,0.6098060472390099,0.002,0.016,ql,0.58,hex_cells,40,80,0.9,0.454420257037945,0.3,0,0.42,0.08,160,0.359126143832369,0.2,20,1.3340488003152249,3.3899188347209923e-18,0.2,plastic,sensitivity,-0.0012391158938146,False,alpha_async,40,150,210,1,-1,1.0,0.6,0.6,80,0.0235635036664408,0,0,40,1.0,2,0,0.25,0.01,0.75,50.0,lesion,30.0,0.45,0.2,0.1,0.002,8.0
52,260,0.1017250624131734,0.5,0.5574211861976855,0.0,0.125,0.0,honeycomb__markov__plastic__intr0__struct0__alpha_async__lesion__s2__7a2d94e954,0.3841820671509639,0.3152063301775075,0.25,False,0.1874202200394475,0.002,0.016,markov,0.62,honeycomb,40,80,0.9,0.0871861841484389,0.3,0,0.42,0.08,160,0.1011323304879958,0.4,20,0.9276224555896092,7.35563114575541e-18,0.2,plastic,sensitivity,0.3684867573557964,False,alpha_async,40,150,210,2,-1,1.0,0.6,0.6,80,0.1395360928201466,0,0,40,1.0,2,0,0.25,0.01,0.75,50.0,lesion,30.0,0.45,0.2,0.1,0.002,8.0
52,260,0.3553632758687379,0.5,0.1003412260178663,0.0,0.125,0.0,extended_moore_r2__markov__plastic__intr0__struct0__alpha_async__lesion__s2__dfb8b75dbd,0.0567563054497646,0.0471892189879214,0.25,False,0.6542029770779706,0.002,0.016,markov,0.58,extended_moore_r2,40,80,0.9,0.2758341022247371,0.3,0,0.42,0.08,160,0.2804418834804761,0.3,20,1.08578335629138,4.843335577645986e-18,0.2,plastic,sensitivity,0.0262471727189422,False,alpha_async,40,150,210,2,-1,1.0,0.6,0.6,80,0.0506786712688394,0,0,40,0.98888991617357,2,0,0.25,0.01,0.75,50.0,lesion,30.0,0.45,0.2,0.1,0.002,8.0
52,260,0.4270752343477266,0.5,0.0337369835216839,0.0,0.125,0.0,extended_hex_r2__markov__plastic__intr0__struct0__alpha_async__lesion__s1__fd93446048,-0.0160725380800164,-0.011195970194141,0.25,False,0.823608648750361,0.002,0.016,markov,0.68,extended_hex_r2,40,80,0.9,0.2392862275276318,0.3,0,0.42,0.08,160,0.3599455899923137,0.2,20,0.6888931671619071,3.751447028911802e-18,0.2,plastic,sensitivity,-0.0318387106297518,False,alpha_async,40,150,210,1,-1,1.0,0.6,0.6,80,0.0086051759334541,0,0,40,0.9994247205785668,2,0,0.25,0.01,0.75,50.0,lesion,30.0,0.45,0.2,0.1,0.002,8.0
52,260,0.3040882710613631,0.5,0.0959567377687186,0.0,0.125,0.0,honeycomb_nnn__markov__plastic__intr0__struct0__alpha_async__lesion__s1__a8e4c3901f,0.0901272900096962,0.080370230743505,0.25,False,0.409646347654984,0.002,0.016,markov,0.58,honeycomb_nnn,40,80,0.9,0.3298827828098152,0.3,0,0.42,0.08,160,0.2445085617310476,0.4,20,1.4750986326220203,4.688642253016546e-18,0.2,plastic,sensitivity,0.0351296608666615,False,alpha_async,40,150,210,1,-1,1.0,0.6,0.6,80,0.0494019991330389,0,0,40,1.0,2,0,0.25,0.01,0.75,50.0,lesion,30.0,0.45,0.2,0.1,0.002,8.0
52,260,0.4234144746337008,0.5,-0.300154209183956,0.0,0.125,0.2681959246752016,honeycomb_nnn__ql__plastic__intr0__struct0__alpha_async__lesion__s2__71dba2e05e,0.005177832961896,0.0023384200722651,0.25,False,0.5611110912772839,0.002,0.016,ql,0.68,honeycomb_nnn,40,80,0.9,0.4716909211299269,0.3,0,0.42,0.08,160,0.3693569483792486,0.3,20,1.14941049812066,3.4932670424883654e-18,0.2,plastic,sensitivity,0.0039474495267659,False,alpha_async,40,150,210,2,-1,1.0,0.6,0.6,80,0.0392692471649131,0,0,40,1.0,2,0,0.25,0.01,0.75,50.0,lesion,30.0,0.45,0.2,0.1,0.002,8.0
52,260,0.2944178838311674,0.5,0.1911660746685347,0.0,0.125,0.3952724476762397,square_vn__ql__plastic__intr0__struct0__alpha_async__lesion__s2__77f7f86912,0.111592973057935,0.1132829675019126,0.25,False,0.6434560926398513,0.002,0.006,ql,0.58,square_vn,40,80,0.9,0.2181321345151682,0.3,0,0.42,0.08,160,0.2520551441619011,0.2,20,1.4711811903388945,3.58679889440298e-18,0.2,plastic,sensitivity,0.0713103976370879,False,alpha_async,40,150,210,2,-1,1.0,0.6,0.6,80,0.0479484151343592,0,0,40,1.0,2,0,0.25,0.01,0.75,50.0,lesion,30.0,0.45,0.2,0.1,0.002,8.0
52,260,0.4010382307367355,0.5,-0.2827164244323912,0.0,0.125,0.3240568608503422,square_moore__ql__plastic__intr0__struct0__alpha_async__lesion__s1__0a99cdf969,0.0109413015546381,0.0202705006933923,0.25,False,0.5949789315216651,0.002,0.006,ql,0.62,square_moore,40,80,0.9,0.4335276948785409,0.3,0,0.42,0.08,160,0.3372424542681681,0.4,20,1.4716650952006247,3.3082542308273974e-18,0.2,plastic,sensitivity,-0.0051554775495201,False,alpha_async,40,150,210,1,-1,1.0,0.6,0.6,80,0.0647652593829905,0,0,40,1.0,2,0,0.25,0.01,0.75,50.0,lesion,30.0,0.45,0.2,0.1,0.002,8.0
52,260,0.431016472959188,0.5,-0.3455142875440634,0.0,0.125,0.2996577076698935,hex_cells__ql__plastic__intr0__struct0__alpha_async__lesion__s1__24a835b576,0.0236805013224767,0.0008996848817362,0.25,False,0.590128357455487,0.002,0.006,ql,0.58,hex_cells,40,80,0.9,0.4743487331185212,0.3,0,0.42,0.08,160,0.3648681040683543,0.3,20,1.2988611790875015,2.586781985828856e-18,0.2,plastic,sensitivity,0.0095257623616377,False,alpha_async,40,150,210,1,-1,1.0,0.6,0.6,80,0.0151799518987915,0,0,40,1.0,2,0,0.25,0.01,0.75,50.0,lesion,30.0,0.45,0.2,0.1,0.002,8.0
52,260,0.1185955547694859,0.5,0.5215256012941548,0.0,0.125,0.0,honeycomb__markov__plastic__intr0__struct0__alpha_async__lesion__s2__d1f6a8a885,0.3374185159273088,0.2902650336414136,0.25,False,0.2122244643079423,0.002,0.006,markov,0.68,honeycomb,40,80,0.9,0.1054370796719575,0.3,0,0.42,0.08,160,0.1135794044626462,0.2,20,1.0202379156356918,4.2280083883807454e-18,0.2,plastic,sensitivity,0.328754435273632,False,alpha_async,40,150,210,2,-1,1.0,0.6,0.6,80,0.137260608523793,0,0,40,1.0,2,0,0.25,0.01,0.75,50.0,lesion,30.0,0.45,0.2,0.1,0.002,8.0
52,260,0.3748467499824337,0.5,-0.0235398947649337,0.0,0.125,0.0,extended_moore_r2__markov__plastic__intr0__struct0__alpha_async__lesion__s2__8685768dc2,0.0212162582940475,0.0432155456103569,0.25,False,0.5659910786527064,0.002,0.006,markov,0.58,extended_moore_r2,40,80,0.9,0.3557896143767081,0.3,0,0.42,0.08,160,0.2968959701217599,0.4,20,1.2359408678417,3.992632820503739e-18,0.2,plastic,sensitivity,-0.0053531414647349,False,alpha_async,40,150,210,2,-1,1.0,0.6,0.6,80,0.0684931998885453,0,0,40,1.0,2,0,0.25,0.01,0.75,50.0,lesion,30.0,0.45,0.2,0.1,0.002,8.0
52,260,0.4219038044804269,0.5,-0.0017257525608072,0.0,0.125,0.0,extended_hex_r2__markov__plastic__intr0__struct0__alpha_async__lesion__s1__431f87940a,-0.0118865014710717,-0.0044261909552766,0.25,False,0.8158991826714903,0.002,0.006,markov,0.68,extended_hex_r2,40,80,0.9,0.2458817231944647,0.3,0,0.42,0.08,160,0.3654832353541882,0.3,20,0.4942310838483728,3.3536560869136323e-18,0.2,plastic,sensitivity,-0.028879917966184,False,alpha_async,40,150,210,1,-1,1.0,0.6,0.6,80,0.0041809064816839,0,0,40,1.0,2,0,0.25,0.01,0.75,50.0,lesion,30.0,0.45,0.2,0.1,0.002,8.0
52,260,0.3692811342491223,0.5,-0.0835813358564351,0.0,0.125,0.0,honeycomb_nnn__markov__plastic__intr0__struct0__alpha_async__lesion__s1__2e6eac3c78,0.0392583962032866,0.0383443698752503,0.25,False,0.4091403296645857,0.002,0.006,markov,0.62,honeycomb_nnn,40,80,0.9,0.4280451183117356,0.3,0,0.42,0.08,160,0.2948350590662538,0.2,20,1.4531428705631264,3.9671727253719696e-18,0.2,plastic,sensitivity,0.0121555396168899,False,alpha_async,40,150,210,1,-1,1.0,0.6,0.6,80,0.0473020978441149,0,0,40,1.0,2,0,0.25,0.01,0.75,50.0,lesion,30.0,0.45,0.2,0.1,0.002,8.0
52,260,0.4363769538476556,0.5,-0.3147955968425782,0.0,0.125,0.2750359568823299,honeycomb_nnn__ql__plastic__intr0__struct0__alpha_async__lesion__s2__006bb73993,-0.0010611219749455,0.0059368300355288,0.25,False,0.446366944565055,0.002,0.006,ql,0.68,honeycomb_nnn,40,80,0.9,0.531541786076711,0.3,0,0.42,0.08,160,0.3814414404676801,0.4,20,1.1486279958076488,3.5579127694278365e-18,0.2,plastic,sensitivity,0.0015242539281442,False,alpha_async,40,150,210,2,-1,1.0,0.6,0.6,80,0.0560414607312432,0,0,40,1.0,2,0,0.25,0.01,0.75,50.0,lesion,30.0,0.45,0.2,0.1,0.002,8.0
52,260,0.2886884523140309,0.5,0.1875111911126158,0.0,0.125,0.3971016053331854,square_vn__ql__plastic__intr0__struct0__alpha_async__lesion__s2__8504270797,0.1106633694775309,0.1179885408274826,0.25,False,0.6384941955071137,0.002,0.01,ql,0.58,square_vn,40,80,0.9,0.2160234172857719,0.3,0,0.42,0.08,160,0.2494803026431372,0.2,20,1.458413227836141,2.9583357191139807e-18,0.2,plastic,sensitivity,0.0837392665822123,False,alpha_async,40,150,210,2,-1,1.0,0.6,0.6,80,0.0548678060656711,0,0,40,1.0,2,0,0.25,0.01,0.75,50.0,lesion,30.0,0.45,0.2,0.1,0.002,8.0
52,260,0.4002238127759892,0.5,-0.2904550300266346,0.0,0.125,0.3220396128421834,square_moore__ql__plastic__intr0__struct0__alpha_async__lesion__s1__699d5d6a16,0.0167975998148663,0.0221272745701515,0.25,False,0.591810855965185,0.002,0.01,ql,0.62,square_moore,40,80,0.9,0.4362876348512706,0.3,0,0.42,0.08,160,0.3375916216762502,0.4,20,1.479360154024019,5.294963256345277e-18,0.2,plastic,sensitivity,-0.0039267337997595,False,alpha_async,40,150,210,1,-1,1.0,0.6,0.6,80,0.0606879842394012,0,0,40,1.0,2,0,0.25,0.01,0.75,50.0,lesion,30.0,0.45,0.2,0.1,0.002,8.0
52,260,0.4257694606211687,0.5,-0.3556455582134052,0.0,0.125,0.297767618273095,hex_cells__ql__plastic__intr0__struct0__alpha_async__lesion__s1__d7fb99eb99,0.014969225172428,-0.0111622617192495,0.25,False,0.5982298606400266,0.002,0.01,ql,0.58,hex_cells,40,80,0.9,0.4706763712726693,0.3,0,0.42,0.08,160,0.3628215927780087,0.3,20,1.3349387113628186,3.1039808672507933e-18,0.2,plastic,sensitivity,0.0045914356108705,False,alpha_async,40,150,210,1,-1,1.0,0.6,0.6,80,0.0211372343958932,0,0,40,1.0,2,0,0.25,0.01,0.75,50.0,lesion,30.0,0.45,0.2,0.1,0.002,8.0
52,260,0.1131305035734315,0.5,0.5093313519663522,0.0,0.125,0.0,honeycomb__markov__plastic__intr0__struct0__alpha_async__lesion__s2__2cfaf722f6,0.3411187076813836,0.3018104653952842,0.25,False,0.2015593552390723,0.002,0.01,markov,0.68,honeycomb,40,80,0.9,0.1029589735170572,0.3,0,0.42,0.08,160,0.1100517715522063,0.2,20,0.9895693335109657,3.041122042656621e-18,0.2,plastic,sensitivity,0.309215581602995,False,alpha_async,40,150,210,2,-1,1.0,0.6,0.6,80,0.1379901979085562,0,0,40,1.0,2,0,0.25,0.01,0.75,50.0,lesion,30.0,0.45,0.2,0.1,0.002,8.0
52,260,0.3630649308337939,0.5,0.0241722796708373,0.0,0.125,0.0,extended_moore_r2__markov__plastic__intr0__struct0__alpha_async__lesion__s2__9680cbba0b,0.0629725752475941,0.0461092572256796,0.25,False,0.5948661535052309,0.002,0.01,markov,0.58,extended_moore_r2,40,80,0.9,0.3248108903678114,0.3,0,0.42,0.08,160,0.286856195463361,0.4,20,1.212588584128018,3.815276099345943e-18,0.2,plastic,sensitivity,0.0375828967878185,False,alpha_async,40,150,210,2,-1,1.0,0.6,0.6,80,0.0889982407230403,0,0,40,0.9981046597633136,2,0,0.25,0.01,0.75,50.0,lesion,30.0,0.45,0.2,0.1,0.002,8.0
52,260,0.423454295268461,0.5,0.0100406683435285,0.0,0.125,0.0,extended_hex_r2__markov__plastic__intr0__struct0__alpha_async__lesion__s1__05a9783bfd,-0.0144703889410404,-0.0067307003777176,0.25,False,0.8162502710205312,0.002,0.01,markov,0.68,extended_hex_r2,40,80,0.9,0.2446220937165818,0.3,0,0.42,0.08,160,0.3618665333036315,0.3,20,0.551631775042559,3.4430441637711988e-18,0.2,plastic,sensitivity,-0.0322459095626919,False,alpha_async,40,150,210,1,-1,1.0,0.6,0.6,80,0.0054628297019372,0,0,40,1.0,2,0,0.25,0.01,0.75,50.0,lesion,30.0,0.45,0.2,0.1,0.002,8.0
52,260,0.3567226361586324,0.5,-0.0367061905153755,0.0,0.125,0.0,honeycomb_nnn__markov__plastic__intr0__struct0__alpha_async__lesion__s1__1a0ce4c45a,0.0528699922663913,0.0487255106796818,0.25,False,0.4342973977024573,0.002,0.01,markov,0.62,honeycomb_nnn,40,80,0.9,0.398197020950248,0.3,0,0.42,0.08,160,0.2848359150389723,0.2,20,1.4483279255451482,4.4776309855184415e-18,0.2,plastic,sensitivity,0.0200053184095647,False,alpha_async,40,150,210,1,-1,1.0,0.6,0.6,80,0.0473529887614515,0,0,40,1.0,2,0,0.25,0.01,0.75,50.0,lesion,30.0,0.45,0.2,0.1,0.002,8.0
52,260,0.4301057279053565,0.5,-0.3110100355526111,0.0,0.125,0.2703230229722108,honeycomb_nnn__ql__plastic__intr0__struct0__alpha_async__lesion__s2__100550aef1,0.0024409243720464,-0.0014747777392679,0.25,False,0.5215640535827566,0.002,0.01,ql,0.68,honeycomb_nnn,40,80,0.9,0.4953467643234719,0.3,0,0.42,0.08,160,0.3746246636639923,0.4,20,1.1716348400451695,4.529769006386258e-18,0.2,plastic,sensitivity,-0.0036562454021992,False,alpha_async,40,150,210,2,-1,1.0,0.6,0.6,80,0.0419055963259304,0,0,40,1.0,2,0,0.25,0.01,0.75,50.0,lesion,30.0,0.45,0.2,0.1,0.002,8.0
52,260,0.2825731950360384,0.5,0.2283287956589056,0.0,0.125,0.4048610928935661,square_vn__ql__plastic__intr0__struct0__alpha_async__lesion__s2__9998e234d6,0.1195108595258524,0.1186182961444343,0.25,False,0.6384058280940752,0.002,0.016,ql,0.58,square_vn,40,80,0.9,0.202882813276519,0.3,0,0.42,0.08,160,0.243955730799568,0.2,20,1.4444063676423486,6.1385637713552476e-18,0.2,plastic,sensitivity,0.0998013321170783,False,alpha_async,40,150,210,2,-1,1.0,0.6,0.6,80,0.0559640175087654,0,0,40,1.0,2,0,0.25,0.01,0.75,50.0,lesion,30.0,0.45,0.2,0.1,0.002,8.0
52,260,0.3996210746837971,0.5,-0.3120427092654004,0.0,0.125,0.3125555064279227,square_moore__ql__plastic__intr0__struct0__alpha_async__lesion__s1__d5b5570e88,0.0018144147863475,0.0043465737780439,0.25,False,0.5811157678123403,0.002,0.016,ql,0.62,square_moore,40,80,0.9,0.447065639401801,0.3,0,0.42,0.08,160,0.3357250845094103,0.4,20,1.5097062789631222,2.7078142681902407e-18,0.2,plastic,sensitivity,-0.0146204369796154,False,alpha_async,40,150,210,1,-1,1.0,0.6,0.6,80,0.0561010235925785,0,0,40,1.0,2,0,0.25,0.01,0.75,50.0,lesion,30.0,0.45,0.2,0.1,0.002,8.0
52,260,0.4162722837200762,0.5,-0.3346069498626939,0.0,0.125,0.292992027971732,hex_cells__ql__plastic__intr0__struct0__alpha_async__lesion__s1__2b727fb2b7,0.0178402495946074,-0.0036812507019985,0.25,False,0.6145489389783475,0.002,0.016,ql,0.58,hex_cells,40,80,0.9,0.4496199643446045,0.3,0,0.42,0.08,160,0.3562375202201606,0.3,20,1.3320686672268025,2.234451202922294e-18,0.2,plastic,sensitivity,-0.0010370139138949,False,alpha_async,40,150,210,1,-1,1.0,0.6,0.6,80,0.0229969286395027,0,0,40,1.0,2,0,0.25,0.01,0.75,50.0,lesion,30.0,0.45,0.2,0.1,0.002,8.0
52,260,0.0994687984998,0.5,0.5388365088811998,0.0,0.125,0.0,honeycomb__markov__plastic__intr0__struct0__alpha_async__lesion__s2__542f985492,0.3820059443891435,0.2973702899927168,0.25,False,0.1848342596156975,0.002,0.016,markov,0.68,honeycomb,40,80,0.9,0.0876139034957901,0.3,0,0.42,0.08,160,0.1007198140274954,0.2,20,0.9033410061464155,6.276622649029518e-18,0.2,plastic,sensitivity,0.3794371127319125,False,alpha_async,40,150,210,2,-1,1.0,0.6,0.6,80,0.1269696022525931,0,0,40,1.0,2,0,0.25,0.01,0.75,50.0,lesion,30.0,0.45,0.2,0.1,0.002,8.0
52,260,0.345377742184543,0.5,0.114146735360497,0.0,0.125,0.0,extended_moore_r2__markov__plastic__intr0__struct0__alpha_async__lesion__s2__0ffcb8a443,0.0594089508194424,0.0501134899761199,0.25,False,0.6252686083357523,0.002,0.016,markov,0.58,extended_moore_r2,40,80,0.9,0.2782045456761765,0.3,0,0.42,0.08,160,0.2733055191746179,0.4,20,1.0981176531105323,4.981592616374589e-18,0.2,plastic,sensitivity,0.0228476573214746,False,alpha_async,40,150,210,2,-1,1.0,0.6,0.6,80,0.0444014419134626,0,0,40,0.9887820512820512,2,0,0.25,0.01,0.75,50.0,lesion,30.0,0.45,0.2,0.1,0.002,8.0
52,260,0.4201857723971114,0.5,0.0194741822276251,0.0,0.125,0.0,extended_hex_r2__markov__plastic__intr0__struct0__alpha_async__lesion__s1__4cf37dda01,-0.0086968545102957,-0.0040409028590434,0.25,False,0.8148828108758276,0.002,0.016,markov,0.68,extended_hex_r2,40,80,0.9,0.2414396371942799,0.3,0,0.42,0.08,160,0.3575974062974473,0.3,20,0.5252263850508604,3.888196247295118e-18,0.2,plastic,sensitivity,-0.0416424265506926,False,alpha_async,40,150,210,1,-1,1.0,0.6,0.6,80,0.0067160038110913,0,0,40,0.9995479947403024,2,0,0.25,0.01,0.75,50.0,lesion,30.0,0.45,0.2,0.1,0.002,8.0
52,260,0.3405269065570726,0.5,0.0215142146657895,0.0,0.125,0.0,honeycomb_nnn__markov__plastic__intr0__struct0__alpha_async__lesion__s1__b7838a2ce2,0.0711418061703028,0.0666990546136098,0.25,False,0.4606991345990636,0.002,0.016,markov,0.62,honeycomb_nnn,40,80,0.9,0.363605398730135,0.3,0,0.42,0.08,160,0.2696746190131805,0.2,20,1.4319684570615383,4.858009482648069e-18,0.2,plastic,sensitivity,0.030938461045557,False,alpha_async,40,150,210,1,-1,1.0,0.6,0.6,80,0.0552304585134781,0,0,40,0.9999589086127548,2,0,0.25,0.01,0.75,50.0,lesion,30.0,0.45,0.2,0.1,0.002,8.0
52,260,0.4205085378696598,0.5,-0.3007688469476085,0.0,0.125,0.2695044379865128,honeycomb_nnn__ql__plastic__intr0__struct0__alpha_async__lesion__s2__d51d3ac001,-0.0105859807482914,-0.001459408198508,0.25,False,0.5690499969201335,0.002,0.016,ql,0.68,honeycomb_nnn,40,80,0.9,0.4666203188728788,0.3,0,0.42,0.08,160,0.3660755138197404,0.4,20,1.1576059494504003,2.501982403133541e-18,0.2,plastic,sensitivity,-0.0132170727799001,False,alpha_async,40,150,210,2,-1,1.0,0.6,0.6,80,0.0384606162794762,0,0,40,1.0,2,0,0.25,0.01,0.75,50.0,lesion,30.0,0.45,0.2,0.1,0.002,8.0
52,260,0.2733379517624715,0.5,0.2114847396894542,0.0,0.125,0.4084350523782344,square_vn__ql__plastic__intr0__struct0__alpha_async__lesion__s2__001dff1c1a,0.1314360675395592,0.1221002942654632,0.25,False,0.620524293400088,0.002,0.006,ql,0.58,square_vn,40,80,0.9,0.2043584226585767,0.3,0,0.42,0.08,160,0.2395373348981916,0.3,20,1.4296441230021568,4.358578585825244e-18,0.2,plastic,sensitivity,0.1080875880981308,False,alpha_async,40,150,210,2,-1,1.0,0.6,0.6,80,0.0465103215046154,0,0,40,1.0,2,0,0.25,0.01,0.75,50.0,lesion,30.0,0.45,0.2,0.1,0.002,8.0
52,260,0.4071171113966045,0.5,-0.3142130030698944,0.0,0.125,0.3163751564548002,square_moore__ql__plastic__intr0__struct0__alpha_async__lesion__s1__d315537efc,0.0068509719640067,0.0140333963363654,0.25,False,0.5885748308531079,0.002,0.006,ql,0.68,square_moore,40,80,0.9,0.4498083589399029,0.3,0,0.42,0.08,160,0.3508621494462487,0.2,20,1.463362983852858,3.668603704755471e-18,0.2,plastic,sensitivity,-0.0004315493295371,False,alpha_async,40,150,210,1,-1,1.0,0.6,0.6,80,0.0527739855947851,0,0,40,1.0,2,0,0.25,0.01,0.75,50.0,lesion,30.0,0.45,0.2,0.1,0.002,8.0
52,260,0.4308536091308689,0.5,-0.3475157937071896,0.0,0.125,0.2992133595640097,hex_cells__ql__plastic__intr0__struct0__alpha_async__lesion__s1__e97e65e908,0.0147771465624017,-0.0108175215326462,0.25,False,0.5836001557593167,0.002,0.006,ql,0.58,hex_cells,40,80,0.9,0.4788523277837245,0.3,0,0.42,0.08,160,0.3661588661072328,0.4,20,1.3128312874936316,2.4233671447295397e-18,0.2,plastic,sensitivity,-0.0050946447387315,False,alpha_async,40,150,210,1,-1,1.0,0.6,0.6,80,0.0175800068802402,0,0,40,1.0,2,0,0.25,0.01,0.75,50.0,lesion,30.0,0.45,0.2,0.1,0.002,8.0
52,260,0.1075316950610228,0.5,0.5244130472403506,0.0,0.125,0.0,honeycomb__markov__plastic__intr0__struct0__alpha_async__lesion__s2__7359e8ca4c,0.3481759106604132,0.2973379765386637,0.25,False,0.1990895981813278,0.002,0.006,markov,0.68,honeycomb,40,80,0.9,0.0965110313519956,0.3,0,0.42,0.08,160,0.1070186591749479,0.3,20,0.9529873700729172,3.648204756174556e-18,0.2,plastic,sensitivity,0.3162716765399707,False,alpha_async,40,150,210,2,-1,1.0,0.6,0.6,80,0.1406337977841774,0,0,40,1.0,2,0,0.25,0.01,0.75,50.0,lesion,30.0,0.45,0.2,0.1,0.002,8.0
52,260,0.4040453394025823,0.5,-0.0964204685351847,0.0,0.125,0.0,extended_moore_r2__markov__plastic__intr0__struct0__alpha_async__lesion__s2__efd8ae84cb,0.0084911220886137,0.0283849930208202,0.25,False,0.6297656544576342,0.002,0.006,markov,0.62,extended_moore_r2,40,80,0.9,0.3601133898051067,0.3,0,0.42,0.08,160,0.3206444287201313,0.2,20,1.1014514045375712,5.676942134297985e-18,0.2,plastic,sensitivity,-0.0162358344788444,False,alpha_async,40,150,210,2,-1,1.0,0.6,0.6,80,0.0624750306835723,0,0,40,1.0,2,0,0.25,0.01,0.75,50.0,lesion,30.0,0.45,0.2,0.1,0.002,8.0
52,260,0.4224979547841748,0.5,0.0065509878457018,0.0,0.125,0.0,extended_hex_r2__markov__plastic__intr0__struct0__alpha_async__lesion__s1__592beeb424,-0.010625679193665,-0.0063151969001714,0.25,False,0.8147123437929383,0.002,0.006,markov,0.68,extended_hex_r2,40,80,0.9,0.2454442132108543,0.3,0,0.42,0.08,160,0.3627938362963786,0.4,20,0.5250327410939044,3.930903165516657e-18,0.2,plastic,sensitivity,-0.0291061838577816,False,alpha_async,40,150,210,1,-1,1.0,0.6,0.6,80,0.0055341668825908,0,0,40,1.0,2,0,0.25,0.01,0.75,50.0,lesion,30.0,0.45,0.2,0.1,0.002,8.0
52,260,0.3639880392974974,0.5,-0.0645686083540067,0.0,0.125,0.0,honeycomb_nnn__markov__plastic__intr0__struct0__alpha_async__lesion__s1__ee5dda0bbb,0.0445124004815146,0.0396710729219411,0.25,False,0.4061867679200394,0.002,0.006,markov,0.62,honeycomb_nnn,40,80,0.9,0.4178973296749765,0.3,0,0.42,0.08,160,0.290502041197531,0.3,20,1.452044990646886,4.185110536049996e-18,0.2,plastic,sensitivity,0.0132419456742934,False,alpha_async,40,150,210,1,-1,1.0,0.6,0.6,80,0.0525820863926502,0,0,40,1.0,2,0,0.25,0.01,0.75,50.0,lesion,30.0,0.45,0.2,0.1,0.002,8.0
52,260,0.2654343117161731,0.5,0.2811141759894539,0.0,0.125,0.4206083140538522,square_vn__ql__plastic__intr0__struct0__alpha_async__lesion__s2__5a8182a310,0.1514205687291076,0.1526767777335197,0.25,False,0.6202219428635093,0.002,0.01,ql,0.58,square_vn,40,80,0.9,0.1829747678723114,0.3,0,0.42,0.08,160,0.2303028346814963,0.3,20,1.4120611725067842,4.665341014104662e-18,0.2,plastic,sensitivity,0.1083485479702159,False,alpha_async,40,150,210,2,-1,1.0,0.6,0.6,80,0.0590211864903064,0,0,40,1.0,2,0,0.25,0.01,0.75,50.0,lesion,30.0,0.45,0.2,0.1,0.002,8.0
52,260,0.4139767504242853,0.5,-0.3436296042473506,0.0,0.125,0.3076065726168163,square_moore__ql__plastic__intr0__struct0__alpha_async__lesion__s1__a4c92b1037,0.00771459807967,0.0085916811676581,0.25,False,0.5615620108533895,0.002,0.01,ql,0.68,square_moore,40,80,0.9,0.4746797160361515,0.3,0,0.42,0.08,160,0.3515264911524763,0.2,20,1.485892365667157,5.3113165250099445e-18,0.2,plastic,sensitivity,-0.0070759452480171,False,alpha_async,40,150,210,1,-1,1.0,0.6,0.6,80,0.077719039319995,0,0,40,1.0,2,0,0.25,0.01,0.75,50.0,lesion,30.0,0.45,0.2,0.1,0.002,8.0
52,260,0.4251019791841373,0.5,-0.3437006881214326,0.0,0.125,0.29977934780008,hex_cells__ql__plastic__intr0__struct0__alpha_async__lesion__s1__e5ed4b94cc,0.0119513797368426,0.0002333623217262,0.25,False,0.5916487075729192,0.002,0.01,ql,0.58,hex_cells,40,80,0.9,0.4697592428450488,0.3,0,0.42,0.08,160,0.3612205652338691,0.4,20,1.339876036076471,3.052216049569155e-18,0.2,plastic,sensitivity,-0.0053849195293507,False,alpha_async,40,150,210,1,-1,1.0,0.6,0.6,80,0.0193579673980907,0,0,40,1.0,2,0,0.25,0.01,0.75,50.0,lesion,30.0,0.45,0.2,0.1,0.002,8.0
52,260,0.1070119567820674,0.5,0.5569801376034258,0.0,0.125,0.0,honeycomb__markov__plastic__intr0__struct0__alpha_async__lesion__s2__f6f93d7231,0.3692753305056355,0.3264584767060001,0.25,False,0.1956081436068528,0.002,0.01,markov,0.68,honeycomb,40,80,0.9,0.0917762197726666,0.3,0,0.42,0.08,160,0.1049933815745925,0.3,20,0.9488305772357958,5.348147390443165e-18,0.2,plastic,sensitivity,0.3290079120364378,False,alpha_async,40,150,210,2,-1,1.0,0.6,0.6,80,0.1212746263790096,0,0,40,1.0,2,0,0.25,0.01,0.75,50.0,lesion,30.0,0.45,0.2,0.1,0.002,8.0
52,260,0.3964604934769475,0.5,-0.0534330453212414,0.0,0.125,0.0,extended_moore_r2__markov__plastic__intr0__struct0__alpha_async__lesion__s2__bd9dde98bc,0.0183794234408493,0.024015912248126,0.25,False,0.6863192323955821,0.002,0.01,markov,0.62,extended_moore_r2,40,80,0.9,0.3177965327442583,0.3,0,0.42,0.08,160,0.3150464795474424,0.2,20,1.0068431376189553,5.340491309086595e-18,0.2,plastic,sensitivity,-0.0056712259167415,False,alpha_async,40,150,210,2,-1,1.0,0.6,0.6,80,0.0503877359858921,0,0,40,0.9985669378698224,2,0,0.25,0.01,0.75,50.0,lesion,30.0,0.45,0.2,0.1,0.002,8.0
52,260,0.4258707631144552,0.5,0.022183072452228,0.0,0.125,0.0,extended_hex_r2__markov__plastic__intr0__struct0__alpha_async__lesion__s1__5f54f659d0,-0.0178132896874268,-0.0101615852805185,0.25,False,0.8185721109969729,0.002,0.01,markov,0.68,extended_hex_r2,40,80,0.9,0.2420838756795111,0.3,0,0.42,0.08,160,0.3593937771630747,0.4,20,0.6157696648718094,3.726065909192854e-18,0.2,plastic,sensitivity,-0.0279428985456425,False,alpha_async,40,150,210,1,-1,1.0,0.6,0.6,80,0.0066254042557786,0,0,40,1.0,2,0,0.25,0.01,0.75,50.0,lesion,30.0,0.45,0.2,0.1,0.002,8.0
52,260,0.3414027717774521,0.5,-0.0118845604786482,0.0,0.125,0.0,honeycomb_nnn__markov__plastic__intr0__struct0__alpha_async__lesion__s1__cc7e3b39e0,0.0690800135304432,0.0647336237299424,0.25,False,0.4258422737896544,0.002,0.01,markov,0.62,honeycomb_nnn,40,80,0.9,0.3818523065302852,0.3,0,0.42,0.08,160,0.2740837265994829,0.3,20,1.4711952909181971,3.463060866828277e-18,0.2,plastic,sensitivity,0.0295777782495148,False,alpha_async,40,150,210,1,-1,1.0,0.6,0.6,80,0.0744101013669449,0,0,40,1.0,2,0,0.25,0.01,0.75,50.0,lesion,30.0,0.45,0.2,0.1,0.002,8.0
52,260,0.2730528041890102,0.5,0.2263688639565379,0.0,0.125,0.4091655995004761,square_vn__ql__plastic__intr0__struct0__alpha_async__lesion__s2__948a5a83fb,0.1127520143290187,0.1162111660171193,0.25,False,0.6206012651298703,0.002,0.016,ql,0.58,square_vn,40,80,0.9,0.2001847626512982,0.3,0,0.42,0.08,160,0.2373116930969539,0.3,20,1.432458083411576,3.1468759010284442e-18,0.2,plastic,sensitivity,0.0699646989463928,False,alpha_async,40,150,210,2,-1,1.0,0.6,0.6,80,0.0561794787018685,0,0,40,1.0,2,0,0.25,0.01,0.75,50.0,lesion,30.0,0.45,0.2,0.1,0.002,8.0
52,260,0.4122169299268763,0.5,-0.350242179645291,0.0,0.125,0.302707616671884,square_moore__ql__plastic__intr0__struct0__alpha_async__lesion__s1__beaf4bfe69,0.0089161785098452,0.0019349042605965,0.25,False,0.5626485027693963,0.002,0.016,ql,0.68,square_moore,40,80,0.9,0.4755150839538172,0.3,0,0.42,0.08,160,0.3511165446744106,0.2,20,1.4903137677265963,2.669604487647558e-18,0.2,plastic,sensitivity,-0.0058415075646625,False,alpha_async,40,150,210,1,-1,1.0,0.6,0.6,80,0.0480385483958393,0,0,40,1.0,2,0,0.25,0.01,0.75,50.0,lesion,30.0,0.45,0.2,0.1,0.002,8.0
52,260,0.4166355012903733,0.5,-0.3275060270013785,0.0,0.125,0.2962734785571658,hex_cells__ql__plastic__intr0__struct0__alpha_async__lesion__s1__5ff04ad4a5,0.0076381148055526,-0.0028392192654382,0.25,False,0.6051128266332193,0.002,0.016,ql,0.58,hex_cells,40,80,0.9,0.4516778745956977,0.3,0,0.42,0.08,160,0.3536356629766355,0.4,20,1.3627602736140867,3.0930456907480947e-18,0.2,plastic,sensitivity,-0.0041663299838875,False,alpha_async,40,150,210,1,-1,1.0,0.6,0.6,80,0.0197211699759193,0,0,40,1.0,2,0,0.25,0.01,0.75,50.0,lesion,30.0,0.45,0.2,0.1,0.002,8.0
52,260,0.1304946242848106,0.5,0.508885030849581,0.0,0.125,0.0,honeycomb__markov__plastic__intr0__struct0__alpha_async__lesion__s2__ac150442a6,0.3140994910737303,0.2574618870050755,0.25,False,0.2360138880646958,0.002,0.016,markov,0.68,honeycomb,40,80,0.9,0.1153686699676486,0.3,0,0.42,0.08,160,0.1222585738932258,0.3,20,1.0856540172738585,5.5554589546843716e-18,0.2,plastic,sensitivity,0.2808967015593558,False,alpha_async,40,150,210,2,-1,1.0,0.6,0.6,80,0.1322722278336361,0,0,40,1.0,2,0,0.25,0.01,0.75,50.0,lesion,30.0,0.45,0.2,0.1,0.002,8.0
52,260,0.3885345463347238,0.5,-0.0026531707081264,0.0,0.125,0.0,extended_moore_r2__markov__plastic__intr0__struct0__alpha_async__lesion__s2__baadc7cd9d,0.029342611004716,0.0288110479342536,0.25,False,0.7100637374626286,0.002,0.016,markov,0.62,extended_moore_r2,40,80,0.9,0.2870834306704486,0.3,0,0.42,0.08,160,0.3060945394914271,0.2,20,0.9725541603819255,4.2198352895901584e-18,0.2,plastic,sensitivity,-0.0234981786344427,False,alpha_async,40,150,210,2,-1,1.0,0.6,0.6,80,0.0494085811994544,0,0,40,0.9894292406311636,2,0,0.25,0.01,0.75,50.0,lesion,30.0,0.45,0.2,0.1,0.002,8.0
52,260,0.4209149500094165,0.5,0.0309026492251427,0.0,0.125,0.0,extended_hex_r2__markov__plastic__intr0__struct0__alpha_async__lesion__s1__62fe126f32,-0.008687927533669,-0.0056083647432453,0.25,False,0.8130406769545631,0.002,0.016,markov,0.68,extended_hex_r2,40,80,0.9,0.2410350963226617,0.3,0,0.42,0.08,160,0.3546925863538975,0.4,20,0.566642908106845,3.371822897093059e-18,0.2,plastic,sensitivity,-0.0422739730596276,False,alpha_async,40,150,210,1,-1,1.0,0.6,0.6,80,0.0066711503593172,0,0,40,0.9995274490466798,2,0,0.25,0.01,0.75,50.0,lesion,30.0,0.45,0.2,0.1,0.002,8.0
52,260,0.3307033969701047,0.5,0.0340159837271352,0.0,0.125,0.0,honeycomb_nnn__markov__plastic__intr0__struct0__alpha_async__lesion__s1__16d577f7e1,0.0660894928190125,0.0763634256280828,0.25,False,0.4379297421701041,0.002,0.016,markov,0.62,honeycomb_nnn,40,80,0.9,0.3600966528071756,0.3,0,0.42,0.08,160,0.2642189930121173,0.3,20,1.4535461407597083,5.0111027211618854e-18,0.2,plastic,sensitivity,0.0176921434151678,False,alpha_async,40,150,210,1,-1,1.0,0.6,0.6,80,0.0564268617646303,0,0,40,1.0,2,0,0.25,0.01,0.75,50.0,lesion,30.0,0.45,0.2,0.1,0.002,8.0
52,260,0.2564121034351801,0.5,0.2929527075296697,0.0,0.125,0.4239437341572631,square_vn__ql__plastic__intr0__struct0__alpha_async__lesion__s2__3b06a67002,0.1490640764780997,0.1512894634508057,0.25,False,0.6067161105582864,0.002,0.006,ql,0.58,square_vn,40,80,0.9,0.1758964590635491,0.3,0,0.42,0.08,160,0.2259270681103505,0.4,20,1.385312659967604,5.906410193936197e-18,0.2,plastic,sensitivity,0.1052966229137138,False,alpha_async,40,150,210,2,-1,1.0,0.6,0.6,80,0.0625277595533796,0,0,40,1.0,2,0,0.25,0.01,0.75,50.0,lesion,30.0,0.45,0.2,0.1,0.002,8.0
52,260,0.4061233677807485,0.5,-0.3073175527246896,0.0,0.125,0.3163461170440774,square_moore__ql__plastic__intr0__struct0__alpha_async__lesion__s1__d3272e8385,0.0111540907016618,0.0088589973567882,0.25,False,0.5961855613782853,0.002,0.006,ql,0.68,square_moore,40,80,0.9,0.4426338088895551,0.3,0,0.42,0.08,160,0.3475213990798861,0.3,20,1.4572109569838272,5.14621634772133e-18,0.2,plastic,sensitivity,0.0021353888061793,False,alpha_async,40,150,210,1,-1,1.0,0.6,0.6,80,0.0978495816253202,0,0,40,1.0,2,0,0.25,0.01,0.75,50.0,lesion,30.0,0.45,0.2,0.1,0.002,8.0
52,260,0.4347240865269701,0.5,-0.3636503061348826,0.0,0.125,0.2930787245620455,hex_cells__ql__plastic__intr0__struct0__alpha_async__lesion__s1__df027d4f57,0.0140239547461934,0.003656790582191,0.25,False,0.5903251806311959,0.002,0.006,ql,0.62,hex_cells,40,80,0.9,0.4820953879268367,0.3,0,0.42,0.08,160,0.3721735154316947,0.2,20,1.309747006435663,4.126410272649271e-18,0.2,plastic,sensitivity,0.0065409892624501,False,alpha_async,40,150,210,1,-1,1.0,0.6,0.6,80,0.028217377821997,0,0,40,1.0,2,0,0.25,0.01,0.75,50.0,lesion,30.0,0.45,0.2,0.1,0.002,8.0
52,260,0.1038048302969786,0.5,0.5341528020106047,0.0,0.125,0.0,honeycomb__markov__plastic__intr0__struct0__alpha_async__lesion__s2__58772bf680,0.3941245662246003,0.3199548009421881,0.25,False,0.1875070257680365,0.002,0.006,markov,0.68,honeycomb,40,80,0.9,0.0929584958396585,0.3,0,0.42,0.08,160,0.1018487409994978,0.4,20,0.9325356162713176,2.815799668392545e-18,0.2,plastic,sensitivity,0.3776924912530088,False,alpha_async,40,150,210,2,-1,1.0,0.6,0.6,80,0.1231845389331234,0,0,40,1.0,2,0,0.25,0.01,0.75,50.0,lesion,30.0,0.45,0.2,0.1,0.002,8.0
52,260,0.4001477407776411,0.5,-0.0876063609762167,0.0,0.125,0.0,extended_moore_r2__markov__plastic__intr0__struct0__alpha_async__lesion__s2__ae75d5c226,0.0127277047301033,0.0300050340269079,0.25,False,0.6167823883332855,0.002,0.006,markov,0.62,extended_moore_r2,40,80,0.9,0.3627296428885194,0.3,0,0.42,0.08,160,0.3171152096590754,0.3,20,1.118211243118761,4.818507960424496e-18,0.2,plastic,sensitivity,-0.0158759511860831,False,alpha_async,40,150,210,2,-1,1.0,0.6,0.6,80,0.0685551858367978,0,0,40,1.0,2,0,0.25,0.01,0.75,50.0,lesion,30.0,0.45,0.2,0.1,0.002,8.0
52,260,0.4397129839329608,0.5,0.1155061013114083,0.0,0.125,0.0,extended_hex_r2__markov__plastic__intr0__struct0__alpha_async__lesion__s2__6a9c061b6d,0.029043719595333,0.0401424973313014,0.25,False,0.8772844017069389,0.002,0.006,markov,0.58,extended_hex_r2,40,80,0.9,0.1829258927458633,0.3,0,0.42,0.08,160,0.3485624693766399,0.2,20,0.7621242928564788,3.6719774813267375e-18,0.2,plastic,sensitivity,0.0009464552408638,False,alpha_async,40,150,210,2,-1,1.0,0.6,0.6,80,0.0246923427692091,0,0,40,1.0,2,0,0.25,0.01,0.75,50.0,lesion,30.0,0.45,0.2,0.1,0.002,8.0
52,260,0.3591328742257747,0.5,-0.0592408335950066,0.0,0.125,0.0,honeycomb_nnn__markov__plastic__intr0__struct0__alpha_async__lesion__s1__0dbd857c31,0.0529823873420276,0.0453280996759129,0.25,False,0.3935383743139871,0.002,0.006,markov,0.62,honeycomb_nnn,40,80,0.9,0.4161445878766849,0.3,0,0.42,0.08,160,0.2874368828140801,0.4,20,1.4700839270774253,3.482781047918286e-18,0.2,plastic,sensitivity,0.0213533838146496,False,alpha_async,40,150,210,1,-1,1.0,0.6,0.6,80,0.0487720603694988,0,0,40,1.0,2,0,0.25,0.01,0.75,50.0,lesion,30.0,0.45,0.2,0.1,0.002,8.0
52,260,0.2674856051586258,0.5,0.2441176214844217,0.0,0.125,0.4156278731685961,square_vn__ql__plastic__intr0__struct0__alpha_async__lesion__s2__9342242bd5,0.1525512496616215,0.146118044850852,0.25,False,0.6153915338334458,0.002,0.01,ql,0.58,square_vn,40,80,0.9,0.1943305885571847,0.3,0,0.42,0.08,160,0.2334260336608075,0.4,20,1.4153019294060556,2.8243554944090746e-18,0.2,plastic,sensitivity,0.086417010124513,False,alpha_async,40,150,210,2,-1,1.0,0.6,0.6,80,0.0631081252754299,0,0,40,1.0,2,0,0.25,0.01,0.75,50.0,lesion,30.0,0.45,0.2,0.1,0.002,8.0
52,260,0.4134481412745374,0.5,-0.3361847049398925,0.0,0.125,0.3112451120010047,square_moore__ql__plastic__intr0__struct0__alpha_async__lesion__s1__50ee8b039b,0.0051386564456341,0.0124826074638067,0.25,False,0.5719541545101555,0.002,0.01,ql,0.68,square_moore,40,80,0.9,0.4644459842380087,0.3,0,0.42,0.08,160,0.3489893450383723,0.3,20,1.4764839852873468,4.624178553631961e-18,0.2,plastic,sensitivity,-0.0040348402119147,False,alpha_async,40,150,210,1,-1,1.0,0.6,0.6,80,0.0596468808107652,0,0,40,1.0,2,0,0.25,0.01,0.75,50.0,lesion,30.0,0.45,0.2,0.1,0.002,8.0
52,260,0.4308523232494856,0.5,-0.3554975721041091,0.0,0.125,0.2910597120337796,hex_cells__ql__plastic__intr0__struct0__alpha_async__lesion__s1__149edb7f9e,0.0125688227530076,-0.0040591862029371,0.25,False,0.5905624752683055,0.002,0.01,ql,0.62,hex_cells,40,80,0.9,0.4776853116762527,0.3,0,0.42,0.08,160,0.3688610117590745,0.2,20,1.3154788421693138,3.38107822483398e-18,0.2,plastic,sensitivity,-0.0049050447025048,False,alpha_async,40,150,210,1,-1,1.0,0.6,0.6,80,0.0219076131407579,0,0,40,1.0,2,0,0.25,0.01,0.75,50.0,lesion,30.0,0.45,0.2,0.1,0.002,8.0
52,260,0.1041124801552351,0.5,0.5228343567181412,0.0,0.125,0.0,honeycomb__markov__plastic__intr0__struct0__alpha_async__lesion__s2__ec924b943b,0.3548024916163072,0.3183431311281749,0.25,False,0.190372253157466,0.002,0.01,markov,0.68,honeycomb,40,80,0.9,0.0943597530722692,0.3,0,0.42,0.08,160,0.104378941409864,0.4,20,0.9341579214953452,3.6735947968838195e-18,0.2,plastic,sensitivity,0.3157939737571535,False,alpha_async,40,150,210,2,-1,1.0,0.6,0.6,80,0.1267215840688393,0,0,40,1.0,2,0,0.25,0.01,0.75,50.0,lesion,30.0,0.45,0.2,0.1,0.002,8.0
52,260,0.3900645315168511,0.5,-0.036464160622218,0.0,0.125,0.0,extended_moore_r2__markov__plastic__intr0__struct0__alpha_async__lesion__s2__6cd6e8b7fd,0.0264244451701055,0.0289400076918466,0.25,False,0.6699241636093666,0.002,0.01,markov,0.62,extended_moore_r2,40,80,0.9,0.3198307109752811,0.3,0,0.42,0.08,160,0.3106080361004603,0.3,20,1.0378818208583331,4.0591484190109885e-18,0.2,plastic,sensitivity,0.0079287934783229,False,alpha_async,40,150,210,2,-1,1.0,0.6,0.6,80,0.0467217266955974,0,0,40,0.9985823471400396,2,0,0.25,0.01,0.75,50.0,lesion,30.0,0.45,0.2,0.1,0.002,8.0
52,260,0.4278974047261954,0.5,0.1277411863585021,0.0,0.125,0.0,extended_hex_r2__markov__plastic__intr0__struct0__alpha_async__lesion__s2__03c8a19260,0.042987779085769,0.0347298216457966,0.25,False,0.879255551471417,0.002,0.01,markov,0.58,extended_hex_r2,40,80,0.9,0.1743049276843416,0.3,0,0.42,0.08,160,0.3452787409316932,0.2,20,0.6790749034881701,2.9967433738778964e-18,0.2,plastic,sensitivity,-0.0047493422601756,False,alpha_async,40,150,210,2,-1,1.0,0.6,0.6,80,0.0313491705491078,0,0,40,1.0,2,0,0.25,0.01,0.75,50.0,lesion,30.0,0.45,0.2,0.1,0.002,8.0
52,260,0.3391875025414828,0.5,8.38062741736247e-05,0.0,0.125,0.0,honeycomb_nnn__markov__plastic__intr0__struct0__alpha_async__lesion__s1__5787cbaf87,0.0689284846829572,0.0727165159531186,0.25,False,0.425733702299907,0.002,0.01,markov,0.62,honeycomb_nnn,40,80,0.9,0.3767169846928713,0.3,0,0.42,0.08,160,0.2721322054422729,0.4,20,1.468120218531584,3.907180854294641e-18,0.2,plastic,sensitivity,0.0253814036870614,False,alpha_async,40,150,210,1,-1,1.0,0.6,0.6,80,0.0362273181553584,0,0,40,1.0,2,0,0.25,0.01,0.75,50.0,lesion,30.0,0.45,0.2,0.1,0.002,8.0
52,260,0.2633836967307523,0.5,0.2578147600980606,0.0,0.125,0.41915578458295,square_vn__ql__plastic__intr0__struct0__alpha_async__lesion__s2__ba036036fb,0.1472736743349415,0.1415927841900038,0.25,False,0.6153306077074393,0.002,0.016,ql,0.58,square_vn,40,80,0.9,0.1858686148942172,0.3,0,0.42,0.08,160,0.2303218579547756,0.4,20,1.407370737954294,5.3430962904405965e-18,0.2,plastic,sensitivity,0.1100327556996825,False,alpha_async,40,150,210,2,-1,1.0,0.6,0.6,80,0.0598420196576787,0,0,40,1.0,2,0,0.25,0.01,0.75,50.0,lesion,30.0,0.45,0.2,0.1,0.002,8.0
52,260,0.4097828559206571,0.5,-0.353937491366849,0.0,0.125,0.3008458849171301,square_moore__ql__plastic__intr0__struct0__alpha_async__lesion__s1__d7c732c591,-0.0072483862905361,-0.0034692224794475,0.25,False,0.5559458478947714,0.002,0.016,ql,0.68,square_moore,40,80,0.9,0.4788373853440847,0.3,0,0.42,0.08,160,0.3477492596744956,0.3,20,1.517342397639512,2.4915130162328535e-18,0.2,plastic,sensitivity,-0.0119439147673304,False,alpha_async,40,150,210,1,-1,1.0,0.6,0.6,80,0.033872702077261,0,0,40,1.0,2,0,0.25,0.01,0.75,50.0,lesion,30.0,0.45,0.2,0.1,0.002,8.0
52,260,0.4224219508900086,0.5,-0.3433404489859342,0.0,0.125,0.2915169565436886,hex_cells__ql__plastic__intr0__struct0__alpha_async__lesion__s1__f023974794,-0.0012432746751169,-0.0080496943593653,0.25,False,0.6093422190549879,0.002,0.016,ql,0.62,hex_cells,40,80,0.9,0.4574808151823707,0.3,0,0.42,0.08,160,0.362067815482684,0.2,20,1.3223992355570957,2.936018604687036e-18,0.2,plastic,sensitivity,-0.0135605240671842,False,alpha_async,40,150,210,1,-1,1.0,0.6,0.6,80,0.0173694740675678,0,0,40,1.0,2,0,0.25,0.01,0.75,50.0,lesion,30.0,0.45,0.2,0.1,0.002,8.0
52,260,0.0994923054132241,0.5,0.5403271256727872,0.0,0.125,0.0,honeycomb__markov__plastic__intr0__struct0__alpha_async__lesion__s2__f1fe277f0f,0.3683582271846897,0.2894389651899716,0.25,False,0.1831450813589115,0.002,0.016,markov,0.68,honeycomb,40,80,0.9,0.0883809763876389,0.3,0,0.42,0.08,160,0.1000110325412919,0.4,20,0.9095233419831188,4.005243049134135e-18,0.2,plastic,sensitivity,0.36523765483985,False,alpha_async,40,150,210,2,-1,1.0,0.6,0.6,80,0.1214999801635436,0,0,40,1.0,2,0,0.25,0.01,0.75,50.0,lesion,30.0,0.45,0.2,0.1,0.002,8.0
52,260,0.3783233881227252,0.5,0.031395204058765,0.0,0.125,0.0,extended_moore_r2__markov__plastic__intr0__struct0__alpha_async__lesion__s2__04e146202f,0.0331515160377044,0.019686041802973,0.25,False,0.7001966779239247,0.002,0.016,markov,0.62,extended_moore_r2,40,80,0.9,0.2798022536552214,0.3,0,0.42,0.08,160,0.3010083234001512,0.3,20,0.9373523975795596,3.4285907391348407e-18,0.2,plastic,sensitivity,0.006048145495584,False,alpha_async,40,150,210,2,-1,1.0,0.6,0.6,80,0.0430819304798533,0,0,40,0.9894138313609468,2,0,0.25,0.01,0.75,50.0,lesion,30.0,0.45,0.2,0.1,0.002,8.0
52,260,0.4135229800518182,0.5,0.1173617388261975,0.0,0.125,0.0,extended_hex_r2__markov__plastic__intr0__struct0__alpha_async__lesion__s2__a9d3ebfe5d,0.0279527526224081,0.009923339101161,0.25,False,0.8593650013165922,0.002,0.016,markov,0.58,extended_hex_r2,40,80,0.9,0.1806158749781793,0.3,0,0.42,0.08,160,0.3408038727125594,0.2,20,0.5448868687733017,4.008452779359893e-18,0.2,plastic,sensitivity,-0.0344581154045507,False,alpha_async,40,150,210,2,-1,1.0,0.6,0.6,80,0.0195068778695315,0,0,40,0.9995479947403024,2,0,0.25,0.01,0.75,50.0,lesion,30.0,0.45,0.2,0.1,0.002,8.0
52,260,0.3211299777821135,0.5,0.0418607534002848,0.0,0.125,0.0,honeycomb_nnn__markov__plastic__intr0__struct0__alpha_async__lesion__s1__6b63db39e2,0.0655440158582273,0.0750149300961206,0.25,False,0.4251608959217832,0.002,0.016,markov,0.62,honeycomb_nnn,40,80,0.9,0.3532292594675413,0.3,0,0.42,0.08,160,0.2570219723779204,0.4,20,1.4637932220558982,5.595718361161416e-18,0.2,plastic,sensitivity,0.0189262386731972,False,alpha_async,40,150,210,1,-1,1.0,0.6,0.6,80,0.0659170952073614,0,0,40,1.0,2,0,0.25,0.01,0.75,50.0,lesion,30.0,0.45,0.2,0.1,0.002,8.0
52,260,0.3100759764066965,0.5,0.1413478246918749,0.0,0.125,0.3814212201140048,square_vn__ql__plastic__intr0__struct0__alpha_async__lesion__s2__1699879463,0.0939738728157061,0.0917348113275627,0.25,False,0.6614367258625341,0.002,0.006,ql,0.62,square_vn,40,80,0.9,0.2352081712229115,0.3,0,0.42,0.08,160,0.2628619359424941,0.2,20,1.4716989669326186,3.4390600549196214e-18,0.2,plastic,sensitivity,0.0455610859073748,False,alpha_async,40,150,210,2,-1,1.0,0.6,0.6,80,0.0377759563174016,0,0,40,1.0,2,0,0.25,0.01,0.75,50.0,lesion,30.0,0.45,0.2,0.1,0.002,8.0
52,260,0.4069446012140625,0.5,-0.305334444458491,0.0,0.125,0.3168937288690673,square_moore__ql__plastic__intr0__struct0__alpha_async__lesion__s1__a56e14ea34,0.0104938547021496,0.0138384013436438,0.25,False,0.601390936123405,0.002,0.006,ql,0.68,square_moore,40,80,0.9,0.4388643150817402,0.3,0,0.42,0.08,160,0.3465527562473549,0.4,20,1.4483143189220975,4.095429658579363e-18,0.2,plastic,sensitivity,-0.0032292124365287,False,alpha_async,40,150,210,1,-1,1.0,0.6,0.6,80,0.1016819136424668,0,0,40,1.0,2,0,0.25,0.01,0.75,50.0,lesion,30.0,0.45,0.2,0.1,0.002,8.0
52,260,0.4370179001708171,0.5,-0.3618057726625325,0.0,0.125,0.2955244585394493,hex_cells__ql__plastic__intr0__struct0__alpha_async__lesion__s1__beba974f2f,0.0153047541662133,0.0044025078681723,0.25,False,0.5881217430748978,0.002,0.006,ql,0.62,hex_cells,40,80,0.9,0.4825661104716894,0.3,0,0.42,0.08,160,0.3718764952462078,0.3,20,1.2958099958182707,2.52572834511182e-18,0.2,plastic,sensitivity,0.00250339302448,False,alpha_async,40,150,210,1,-1,1.0,0.6,0.6,80,0.0279358304070398,0,0,40,1.0,2,0,0.25,0.01,0.75,50.0,lesion,30.0,0.45,0.2,0.1,0.002,8.0
52,260,0.2860657667275736,0.5,0.2073552589431871,0.0,0.125,0.4011465605685403,honeycomb__ql__plastic__intr0__struct0__alpha_async__lesion__s1__905d3f675b,0.1241761116816796,0.1128793216492149,0.25,False,0.631047509992339,0.002,0.006,ql,0.58,honeycomb,40,80,0.9,0.2121533848727045,0.3,0,0.42,0.08,160,0.2495296168953322,0.2,20,1.491507421576186,3.4178469647113118e-18,0.2,plastic,sensitivity,0.099670080462208,False,alpha_async,40,150,210,1,-1,1.0,0.6,0.6,80,0.1104434350801667,0,0,40,1.0,2,0,0.25,0.01,0.75,50.0,lesion,30.0,0.45,0.2,0.1,0.002,8.0
52,260,0.3917295683902222,0.5,-0.0840215845810388,0.0,0.125,0.0,extended_moore_r2__markov__plastic__intr0__struct0__alpha_async__lesion__s2__e40550fd2a,0.0174234700842674,0.0322958408942636,0.25,False,0.5905162336975097,0.002,0.006,markov,0.62,extended_moore_r2,40,80,0.9,0.3704506348779282,0.3,0,0.42,0.08,160,0.312651502228633,0.4,20,1.1399733057654264,4.220932039848158e-18,0.2,plastic,sensitivity,-0.0155715376679537,False,alpha_async,40,150,210,2,-1,1.0,0.6,0.6,80,0.0933180167733526,0,0,40,1.0,2,0,0.25,0.01,0.75,50.0,lesion,30.0,0.45,0.2,0.1,0.002,8.0
52,260,0.4361084002652144,0.5,0.1409930804313929,0.0,0.125,0.0,extended_hex_r2__markov__plastic__intr0__struct0__alpha_async__lesion__s2__da98574930,0.0321209388469963,0.0421104918523168,0.25,False,0.8708399806789077,0.002,0.006,markov,0.58,extended_hex_r2,40,80,0.9,0.181938987836617,0.3,0,0.42,0.08,160,0.3449586223817073,0.3,20,0.7809486315056969,4.498021977754336e-18,0.2,plastic,sensitivity,0.0007124448307119,False,alpha_async,40,150,210,2,-1,1.0,0.6,0.6,80,0.0290739028450397,0,0,40,1.0,2,0,0.25,0.01,0.75,50.0,lesion,30.0,0.45,0.2,0.1,0.002,8.0
52,260,0.3809976792056822,0.5,-0.1124190511944727,0.0,0.125,0.0,honeycomb_nnn__markov__plastic__intr0__struct0__alpha_async__lesion__s1__f8e5399ebe,0.0315989463414116,0.0312636049420756,0.25,False,0.4407337929930875,0.002,0.006,markov,0.68,honeycomb_nnn,40,80,0.9,0.4344904088822958,0.3,0,0.42,0.08,160,0.3048029270375443,0.2,20,1.3900646285615406,3.4215644274340165e-18,0.2,plastic,sensitivity,0.0007279794200832,False,alpha_async,40,150,210,1,-1,1.0,0.6,0.6,80,0.0377914400603632,0,0,40,1.0,2,0,0.25,0.01,0.75,50.0,lesion,30.0,0.45,0.2,0.1,0.002,8.0
52,260,0.3045598462040487,0.5,0.1633837199198725,0.0,0.125,0.3861127991530681,square_vn__ql__plastic__intr0__struct0__alpha_async__lesion__s2__38c6933ba0,0.102242125073215,0.0959633423999369,0.25,False,0.6478761156941809,0.002,0.01,ql,0.62,square_vn,40,80,0.9,0.2307792313090562,0.3,0,0.42,0.08,160,0.2565327816404081,0.2,20,1.488954421204164,2.9782937154040283e-18,0.2,plastic,sensitivity,0.0592024894178742,False,alpha_async,40,150,210,2,-1,1.0,0.6,0.6,80,0.0387521583423893,0,0,40,1.0,2,0,0.25,0.01,0.75,50.0,lesion,30.0,0.45,0.2,0.1,0.002,8.0
52,260,0.4065505148977877,0.5,-0.3231243420395608,0.0,0.125,0.3127566227089764,square_moore__ql__plastic__intr0__struct0__alpha_async__lesion__s1__1b15296b52,0.0044362926722831,0.0131294997025739,0.25,False,0.5689031875716761,0.002,0.01,ql,0.68,square_moore,40,80,0.9,0.4598956455576348,0.3,0,0.42,0.08,160,0.3473367297623848,0.4,20,1.4989544308401157,4.9691013219273626e-18,0.2,plastic,sensitivity,-0.0077146536817216,False,alpha_async,40,150,210,1,-1,1.0,0.6,0.6,80,0.0846291093415286,0,0,40,1.0,2,0,0.25,0.01,0.75,50.0,lesion,30.0,0.45,0.2,0.1,0.002,8.0
52,260,0.4259735272197435,0.5,-0.3514606613193716,0.0,0.125,0.2932656577996598,hex_cells__ql__plastic__intr0__struct0__alpha_async__lesion__s1__09e5a3166f,0.0070205969808231,0.0013533401530569,0.25,False,0.5974031649896808,0.002,0.01,ql,0.62,hex_cells,40,80,0.9,0.4704638749164432,0.3,0,0.42,0.08,160,0.3667367889979436,0.3,20,1.3311892436620103,2.593385495625376e-18,0.2,plastic,sensitivity,-0.003582540349728,False,alpha_async,40,150,210,1,-1,1.0,0.6,0.6,80,0.0183170183389699,0,0,40,1.0,2,0,0.25,0.01,0.75,50.0,lesion,30.0,0.45,0.2,0.1,0.002,8.0
52,260,0.2845835097930915,0.5,0.2144600456304269,0.0,0.125,0.4010581101228334,honeycomb__ql__plastic__intr0__struct0__alpha_async__lesion__s1__8839f72faf,0.1398937004321319,0.1129627302477127,0.25,False,0.636014589071578,0.002,0.01,ql,0.58,honeycomb,40,80,0.9,0.2084730905403122,0.3,0,0.42,0.08,160,0.2500260705956154,0.2,20,1.4805445803196389,3.0512325344933783e-18,0.2,plastic,sensitivity,0.1198916426274596,False,alpha_async,40,150,210,1,-1,1.0,0.6,0.6,80,0.1267879324590661,0,0,40,1.0,2,0,0.25,0.01,0.75,50.0,lesion,30.0,0.45,0.2,0.1,0.002,8.0
52,260,0.3845467889429261,0.5,-0.0239160335198559,0.0,0.125,0.0,extended_moore_r2__markov__plastic__intr0__struct0__alpha_async__lesion__s2__32997116c7,0.0316979474561749,0.0335088070713708,0.25,False,0.6519848054952003,0.002,0.01,markov,0.62,extended_moore_r2,40,80,0.9,0.3237740553037884,0.3,0,0.42,0.08,160,0.3056222673577072,0.4,20,1.0703500946098112,4.122148338613473e-18,0.2,plastic,sensitivity,0.0044029376641908,False,alpha_async,40,150,210,2,-1,1.0,0.6,0.6,80,0.0780198159337012,0,0,40,0.9986439842209072,2,0,0.25,0.01,0.75,50.0,lesion,30.0,0.45,0.2,0.1,0.002,8.0
52,260,0.43298270068958,0.5,0.1546179364058566,0.0,0.125,0.0,extended_hex_r2__markov__plastic__intr0__struct0__alpha_async__lesion__s2__8626e4cb20,0.033249243820142,0.0405693212215704,0.25,False,0.8638057067693067,0.002,0.01,markov,0.58,extended_hex_r2,40,80,0.9,0.1835423274558052,0.3,0,0.42,0.08,160,0.3413797272957817,0.3,20,0.7971487023822738,3.7591130606822054e-18,0.2,plastic,sensitivity,0.0070130007116525,False,alpha_async,40,150,210,2,-1,1.0,0.6,0.6,80,0.0308791747007752,0,0,40,1.0,2,0,0.25,0.01,0.75,50.0,lesion,30.0,0.45,0.2,0.1,0.002,8.0
52,260,0.3831441027339892,0.5,-0.1179960197714478,0.0,0.125,0.0,honeycomb_nnn__markov__plastic__intr0__struct0__alpha_async__lesion__s1__e6f32a45a0,0.032107978775854,0.0304425576320954,0.25,False,0.4580140058429841,0.002,0.01,markov,0.68,honeycomb_nnn,40,80,0.9,0.4315020749795601,0.3,0,0.42,0.08,160,0.3036119123812704,0.2,20,1.371036256535045,4.7206012113454096e-18,0.2,plastic,sensitivity,0.0032152855357042,False,alpha_async,40,150,210,1,-1,1.0,0.6,0.6,80,0.0350345743214145,0,0,40,1.0,2,0,0.25,0.01,0.75,50.0,lesion,30.0,0.45,0.2,0.1,0.002,8.0
52,260,0.297009929760439,0.5,0.1776937818077298,0.0,0.125,0.392094893758305,square_vn__ql__plastic__intr0__struct0__alpha_async__lesion__s2__5b0e402d64,0.1153266160142157,0.0992253483458141,0.25,False,0.6410495034776834,0.002,0.016,ql,0.62,square_vn,40,80,0.9,0.2245867979904237,0.3,0,0.42,0.08,160,0.2520184079512791,0.2,20,1.4689577055324703,2.680411061868797e-18,0.2,plastic,sensitivity,0.0901409963030458,False,alpha_async,40,150,210,2,-1,1.0,0.6,0.6,80,0.0394371013042,0,0,40,1.0,2,0,0.25,0.01,0.75,50.0,lesion,30.0,0.45,0.2,0.1,0.002,8.0
52,260,0.4045915838827258,0.5,-0.3426669981156525,0.0,0.125,0.3056088745518328,square_moore__ql__plastic__intr0__struct0__alpha_async__lesion__s1__7e8f89dd39,0.0108759370827308,0.0031693070268387,0.25,False,0.5588824979374895,0.002,0.016,ql,0.68,square_moore,40,80,0.9,0.4710565619125318,0.3,0,0.42,0.08,160,0.3445197805745283,0.4,20,1.5216178292025766,3.331009540363636e-18,0.2,plastic,sensitivity,-0.0059681257934591,False,alpha_async,40,150,210,1,-1,1.0,0.6,0.6,80,0.0888235060798604,0,0,40,1.0,2,0,0.25,0.01,0.75,50.0,lesion,30.0,0.45,0.2,0.1,0.002,8.0
52,260,0.4240555745276728,0.5,-0.3426508950296309,0.0,0.125,0.290231586189822,hex_cells__ql__plastic__intr0__struct0__alpha_async__lesion__s1__9689f0b0c6,0.006758779248969,-0.0044745582066252,0.25,False,0.6154901277228152,0.002,0.016,ql,0.62,hex_cells,40,80,0.9,0.4554942442672947,0.3,0,0.42,0.08,160,0.3617771741387837,0.3,20,1.3176977190399566,2.8668263541119e-18,0.2,plastic,sensitivity,-0.0043354576953708,False,alpha_async,40,150,210,1,-1,1.0,0.6,0.6,80,0.0234771050071866,0,0,40,1.0,2,0,0.25,0.01,0.75,50.0,lesion,30.0,0.45,0.2,0.1,0.002,8.0
52,260,0.2876400656645702,0.5,0.2155501589960891,0.0,0.125,0.3999356953287467,honeycomb__ql__plastic__intr0__struct0__alpha_async__lesion__s1__427d812fb7,0.1233468913092737,0.0975847483877516,0.25,False,0.6385615763269344,0.002,0.016,ql,0.58,honeycomb,40,80,0.9,0.2093889832854234,0.3,0,0.42,0.08,160,0.2522120241823174,0.2,20,1.481678334140031,2.1823947390732518e-18,0.2,plastic,sensitivity,0.1011527858261929,False,alpha_async,40,150,210,1,-1,1.0,0.6,0.6,80,0.1208083449704239,0,0,40,1.0,2,0,0.25,0.01,0.75,50.0,lesion,30.0,0.45,0.2,0.1,0.002,8.0
52,260,0.3714759590783372,0.5,0.0880189419378223,0.0,0.125,0.0,extended_moore_r2__markov__plastic__intr0__struct0__alpha_async__lesion__s2__921eac3f7b,0.0391143144087492,0.0313111189612399,0.25,False,0.6827245123052856,0.002,0.016,markov,0.62,extended_moore_r2,40,80,0.9,0.274423032366929,0.3,0,0.42,0.08,160,0.2930890590391903,0.4,20,1.0480825269708391,3.75311594769272e-18,0.2,plastic,sensitivity,0.0062802358054109,False,alpha_async,40,150,210,2,-1,1.0,0.6,0.6,80,0.0401573972406493,0,0,40,0.9899069280078896,2,0,0.25,0.01,0.75,50.0,lesion,30.0,0.45,0.2,0.1,0.002,8.0
52,260,0.408070997963497,0.5,0.1469211190977661,0.0,0.125,0.0,extended_hex_r2__markov__plastic__intr0__struct0__alpha_async__lesion__s2__9393aa980b,0.0383420144652548,0.0170447163787731,0.25,False,0.84916063924895,0.002,0.016,markov,0.58,extended_hex_r2,40,80,0.9,0.1790829622799982,0.3,0,0.42,0.08,160,0.3360944794662812,0.3,20,0.5825254238112271,3.786397786239736e-18,0.2,plastic,sensitivity,-0.0278933081270931,False,alpha_async,40,150,210,2,-1,1.0,0.6,0.6,80,0.0234715030111439,0,0,40,0.9994452662721892,2,0,0.25,0.01,0.75,50.0,lesion,30.0,0.45,0.2,0.1,0.002,8.0
52,260,0.3652348684871618,0.5,-0.0786424673972646,0.0,0.125,0.0,honeycomb_nnn__markov__plastic__intr0__struct0__alpha_async__lesion__s1__f7d2e14272,0.0367461229799158,0.0364472964381738,0.25,False,0.4744440620559647,0.002,0.016,markov,0.68,honeycomb_nnn,40,80,0.9,0.4054151165599107,0.3,0,0.42,0.08,160,0.2910650632725173,0.2,20,1.408397721749676,3.880050572603289e-18,0.2,plastic,sensitivity,0.0024054318972549,False,alpha_async,40,150,210,1,-1,1.0,0.6,0.6,80,0.0586878060044004,0,0,40,1.0,2,0,0.25,0.01,0.75,50.0,lesion,30.0,0.45,0.2,0.1,0.002,8.0
52,260,0.2956128927274344,0.5,0.174251226561811,0.0,0.125,0.3917173227442301,square_vn__ql__plastic__intr0__struct0__alpha_async__lesion__s2__5caa21e729,0.1053992932204624,0.0945248607725196,0.25,False,0.6410870166397001,0.002,0.006,ql,0.62,square_vn,40,80,0.9,0.225068519629081,0.3,0,0.42,0.08,160,0.2543586802174858,0.3,20,1.47506642617227,3.9955931451963216e-18,0.2,plastic,sensitivity,0.0482321653056356,False,alpha_async,40,150,210,2,-1,1.0,0.6,0.6,80,0.0377055447553048,0,0,40,1.0,2,0,0.25,0.01,0.75,50.0,lesion,30.0,0.45,0.2,0.1,0.002,8.0
52,260,0.3964010270356299,0.5,-0.2801788154707278,0.0,0.125,0.3306771836994324,square_moore__ql__plastic__intr0__struct0__alpha_async__lesion__s2__8841399cad,0.0066773590194766,0.0171711856673134,0.25,False,0.6016720782724813,0.002,0.006,ql,0.58,square_moore,40,80,0.9,0.4235789669577555,0.3,0,0.42,0.08,160,0.3360406919741399,0.2,20,1.4881938731790365,3.917981413601238e-18,0.2,plastic,sensitivity,0.0043956217524488,False,alpha_async,40,150,210,2,-1,1.0,0.6,0.6,80,0.1052995931795141,0,0,40,1.0,2,0,0.25,0.01,0.75,50.0,lesion,30.0,0.45,0.2,0.1,0.002,8.0
52,260,0.4337043805012243,0.5,-0.3553226333965469,0.0,0.125,0.2958603784969782,hex_cells__ql__plastic__intr0__struct0__alpha_async__lesion__s1__5429747e1d,0.0184979270008336,0.0001850005711508,0.25,False,0.5916021024367982,0.002,0.006,ql,0.62,hex_cells,40,80,0.9,0.4772658107133456,0.3,0,0.42,0.08,160,0.3696599427901747,0.4,20,1.312759888233536,2.7396024371017534e-18,0.2,plastic,sensitivity,0.0041974235973492,False,alpha_async,40,150,210,1,-1,1.0,0.6,0.6,80,0.0450381280388777,0,0,40,1.0,2,0,0.25,0.01,0.75,50.0,lesion,30.0,0.45,0.2,0.1,0.002,8.0
52,260,0.2828860189720124,0.5,0.198758388722231,0.0,0.125,0.4043046997558596,honeycomb__ql__plastic__intr0__struct0__alpha_async__lesion__s1__8334a3b80e,0.1573961554338469,0.1058063705907289,0.25,False,0.6287649569643075,0.002,0.006,ql,0.58,honeycomb,40,80,0.9,0.2123028711229622,0.3,0,0.42,0.08,160,0.2474676459258123,0.3,20,1.487707807638637,3.315260637095992e-18,0.2,plastic,sensitivity,0.1271870187780078,False,alpha_async,40,150,210,1,-1,1.0,0.6,0.6,80,0.116194262831705,0,0,40,1.0,2,0,0.25,0.01,0.75,50.0,lesion,30.0,0.45,0.2,0.1,0.002,8.0
52,260,0.4420087011330599,0.5,0.1331479077908364,0.0,0.125,0.0,extended_moore_r2__markov__plastic__intr0__struct0__alpha_async__lesion__s2__4fd39d3bd7,0.0245919671500302,0.0359127462711568,0.25,False,0.785316669236551,0.002,0.006,markov,0.68,extended_moore_r2,40,80,0.9,0.2434532043885452,0.3,0,0.42,0.08,160,0.3389993417327413,0.2,20,0.8571513009147166,3.8188250073627225e-18,0.2,plastic,sensitivity,-0.0045067507531838,False,alpha_async,40,150,210,2,-1,1.0,0.6,0.6,80,0.019383724041929,0,0,40,1.0,2,0,0.25,0.01,0.75,50.0,lesion,30.0,0.45,0.2,0.1,0.002,8.0
52,260,0.432817807755774,0.5,0.1608826613980476,0.0,0.125,0.0,extended_hex_r2__markov__plastic__intr0__struct0__alpha_async__lesion__s2__534917c366,0.034680907249846,0.0434183940196027,0.25,False,0.8627099966404672,0.002,0.006,markov,0.58,extended_hex_r2,40,80,0.9,0.1831842313448038,0.3,0,0.42,0.08,160,0.3416706057663736,0.4,20,0.795088990772694,4.129480940987326e-18,0.2,plastic,sensitivity,-0.0003197764290574,False,alpha_async,40,150,210,2,-1,1.0,0.6,0.6,80,0.0323294990076854,0,0,40,1.0,2,0,0.25,0.01,0.75,50.0,lesion,30.0,0.45,0.2,0.1,0.002,8.0
52,260,0.3782134210077094,0.5,-0.1068069031912557,0.0,0.125,0.0,honeycomb_nnn__markov__plastic__intr0__struct0__alpha_async__lesion__s1__7ca3c7a74c,0.0407397690566809,0.0429714653690034,0.25,False,0.4232329128076174,0.002,0.006,markov,0.68,honeycomb_nnn,40,80,0.9,0.43530505118635,0.3,0,0.42,0.08,160,0.3031569180530156,0.3,20,1.3982623067546909,4.194809561935187e-18,0.2,plastic,sensitivity,0.0109263043549114,False,alpha_async,40,150,210,1,-1,1.0,0.6,0.6,80,0.0439895887592123,0,0,40,1.0,2,0,0.25,0.01,0.75,50.0,lesion,30.0,0.45,0.2,0.1,0.002,8.0
52,260,0.2877676440508871,0.5,0.1977339654037734,0.0,0.125,0.3969329853083126,square_vn__ql__plastic__intr0__struct0__alpha_async__lesion__s2__9461389c61,0.1051350217258581,0.1238064485206189,0.25,False,0.6340604449359564,0.002,0.01,ql,0.62,square_vn,40,80,0.9,0.2154304856861376,0.3,0,0.42,0.08,160,0.2479632619426168,0.3,20,1.455000854967266,4.6478545728158324e-18,0.2,plastic,sensitivity,0.073202040187044,False,alpha_async,40,150,210,2,-1,1.0,0.6,0.6,80,0.0521763984728092,0,0,40,1.0,2,0,0.25,0.01,0.75,50.0,lesion,30.0,0.45,0.2,0.1,0.002,8.0
52,260,0.3994979847302062,0.5,-0.2996063566075997,0.0,0.125,0.3227050887375062,square_moore__ql__plastic__intr0__struct0__alpha_async__lesion__s2__b90ab70490,0.0217937760218156,0.0062462884945828,0.25,False,0.573624104982395,0.002,0.01,ql,0.58,square_moore,40,80,0.9,0.4457083088615476,0.3,0,0.42,0.08,160,0.3362945470161904,0.2,20,1.515808885830279,3.3993154064932025e-18,0.2,plastic,sensitivity,0.0033839078881054,False,alpha_async,40,150,210,2,-1,1.0,0.6,0.6,80,0.0933826220494015,0,0,40,1.0,2,0,0.25,0.01,0.75,50.0,lesion,30.0,0.45,0.2,0.1,0.002,8.0
52,260,0.4253577555116417,0.5,-0.3498277265522385,0.0,0.125,0.2916346844650938,hex_cells__ql__plastic__intr0__struct0__alpha_async__lesion__s1__d1cd834d40,0.011454025869918,-0.0084848893088546,0.25,False,0.6022623655348093,0.002,0.01,ql,0.62,hex_cells,40,80,0.9,0.4665102262281748,0.3,0,0.42,0.08,160,0.3651850410628946,0.4,20,1.31373035531547,2.7295667500631202e-18,0.2,plastic,sensitivity,0.0008549379475046,False,alpha_async,40,150,210,1,-1,1.0,0.6,0.6,80,0.020693096494019,0,0,40,1.0,2,0,0.25,0.01,0.75,50.0,lesion,30.0,0.45,0.2,0.1,0.002,8.0
52,260,0.2906686376295517,0.5,0.197951798658914,0.0,0.125,0.3944088940472786,honeycomb__ql__plastic__intr0__struct0__alpha_async__lesion__s1__64ec484851,0.1221774331673735,0.1162081014777207,0.25,False,0.6421165043612632,0.002,0.01,ql,0.58,honeycomb,40,80,0.9,0.2153943585502006,0.3,0,0.42,0.08,160,0.2547645634421172,0.3,20,1.496236437871529,3.431801274559779e-18,0.2,plastic,sensitivity,0.0838801794145227,False,alpha_async,40,150,210,1,-1,1.0,0.6,0.6,80,0.1080695297982632,0,0,40,1.0,2,0,0.25,0.01,0.75,50.0,lesion,30.0,0.45,0.2,0.1,0.002,8.0
52,260,0.4367248229522971,0.5,0.1556691753983549,0.0,0.125,0.0,extended_moore_r2__markov__plastic__intr0__struct0__alpha_async__lesion__s2__7d87388251,0.026985796056021,0.0387093086989735,0.25,False,0.7804043244732773,0.002,0.01,markov,0.68,extended_moore_r2,40,80,0.9,0.2398858107724201,0.3,0,0.42,0.08,160,0.3349422894472968,0.2,20,0.8838445139722083,4.817392747038443e-18,0.2,plastic,sensitivity,0.0051491879853927,False,alpha_async,40,150,210,2,-1,1.0,0.6,0.6,80,0.0230062357968725,0,0,40,1.0,2,0,0.25,0.01,0.75,50.0,lesion,30.0,0.45,0.2,0.1,0.002,8.0
52,260,0.4222314364459087,0.5,0.1730299309513084,0.0,0.125,0.0,extended_hex_r2__markov__plastic__intr0__struct0__alpha_async__lesion__s2__ee1ed86d00,0.0447231472875828,0.0350368216193216,0.25,False,0.8630338210094829,0.002,0.01,markov,0.58,extended_hex_r2,40,80,0.9,0.1750484654857591,0.3,0,0.42,0.08,160,0.3382492073165083,0.4,20,0.754045484173135,3.0069587776237896e-18,0.2,plastic,sensitivity,-0.0279704047751054,False,alpha_async,40,150,210,2,-1,1.0,0.6,0.6,80,0.0390709276441212,0,0,40,1.0,2,0,0.25,0.01,0.75,50.0,lesion,30.0,0.45,0.2,0.1,0.002,8.0
52,260,0.3713236611697501,0.5,-0.0847462628284225,0.0,0.125,0.0,honeycomb_nnn__markov__plastic__intr0__struct0__alpha_async__lesion__s1__7c68e17e6d,0.0312460161640715,0.0369249002452101,0.25,False,0.4505407403498626,0.002,0.01,markov,0.68,honeycomb_nnn,40,80,0.9,0.4164338395307019,0.3,0,0.42,0.08,160,0.2955295205172121,0.3,20,1.395803009153182,3.693533795419154e-18,0.2,plastic,sensitivity,0.0035055699710163,False,alpha_async,40,150,210,1,-1,1.0,0.6,0.6,80,0.0617394906762839,0,0,40,1.0,2,0,0.25,0.01,0.75,50.0,lesion,30.0,0.45,0.2,0.1,0.002,8.0
52,260,0.295655025136736,0.5,0.1905536822255922,0.0,0.125,0.3938724623182219,square_vn__ql__plastic__intr0__struct0__alpha_async__lesion__s2__015a439b27,0.0992913111000691,0.1043571184420566,0.25,False,0.6413692618635923,0.002,0.016,ql,0.62,square_vn,40,80,0.9,0.2213767242617189,0.3,0,0.42,0.08,160,0.2515936905620181,0.3,20,1.4647953024265874,4.3886760643995095e-18,0.2,plastic,sensitivity,0.0672478450254169,False,alpha_async,40,150,210,2,-1,1.0,0.6,0.6,80,0.0440884293301044,0,0,40,1.0,2,0,0.25,0.01,0.75,50.0,lesion,30.0,0.45,0.2,0.1,0.002,8.0
52,260,0.3953532368147863,0.5,-0.3053099238993603,0.0,0.125,0.3205904283859125,square_moore__ql__plastic__intr0__struct0__alpha_async__lesion__s2__a55537ac5c,0.0140918085638167,0.0168744761656081,0.25,False,0.5764453090075237,0.002,0.016,ql,0.58,square_moore,40,80,0.9,0.4446527977134293,0.3,0,0.42,0.08,160,0.3336463505614194,0.2,20,1.5367937325832923,3.862672055576413e-18,0.2,plastic,sensitivity,0.0002447381497532,False,alpha_async,40,150,210,2,-1,1.0,0.6,0.6,80,0.1086699558487128,0,0,40,1.0,2,0,0.25,0.01,0.75,50.0,lesion,30.0,0.45,0.2,0.1,0.002,8.0
52,260,0.4198905671819116,0.5,-0.3335759668414608,0.0,0.125,0.291082401434686,hex_cells__ql__plastic__intr0__struct0__alpha_async__lesion__s1__73c42a462e,0.0116245975360801,-0.0069733383771274,0.25,False,0.6140430526466538,0.002,0.016,ql,0.62,hex_cells,40,80,0.9,0.4516131808153937,0.3,0,0.42,0.08,160,0.358982907077989,0.4,20,1.3343090817666254,2.057913286113726e-18,0.2,plastic,sensitivity,-0.0016298395479434,False,alpha_async,40,150,210,1,-1,1.0,0.6,0.6,80,0.0181337582996352,0,0,40,1.0,2,0,0.25,0.01,0.75,50.0,lesion,30.0,0.45,0.2,0.1,0.002,8.0
52,260,0.2918261556919561,0.5,0.1826713060117085,0.0,0.125,0.3941222042139059,honeycomb__ql__plastic__intr0__struct0__alpha_async__lesion__s1__70069bcc6d,0.1234078911272518,0.0940906827986464,0.25,False,0.6396861920981439,0.002,0.016,ql,0.58,honeycomb,40,80,0.9,0.2198666864250187,0.3,0,0.42,0.08,160,0.2567119810896536,0.3,20,1.4896163708281385,3.55846050719061e-18,0.2,plastic,sensitivity,0.0918965079252267,False,alpha_async,40,150,210,1,-1,1.0,0.6,0.6,80,0.0969366562916424,0,0,40,1.0,2,0,0.25,0.01,0.75,50.0,lesion,30.0,0.45,0.2,0.1,0.002,8.0
52,260,0.4312834487035574,0.5,0.16954551942859,0.0,0.125,0.0,extended_moore_r2__markov__plastic__intr0__struct0__alpha_async__lesion__s2__1bf40506fe,0.0249409667594632,0.0413068613840824,0.25,False,0.7755047324171004,0.002,0.016,markov,0.68,extended_moore_r2,40,80,0.9,0.2378932287940057,0.3,0,0.42,0.08,160,0.3306948753194931,0.2,20,0.9055505349509058,4.9951027848011915e-18,0.2,plastic,sensitivity,0.0152150341219886,False,alpha_async,40,150,210,2,-1,1.0,0.6,0.6,80,0.0250887823834322,0,0,40,0.9953155818540432,2,0,0.25,0.01,0.75,50.0,lesion,30.0,0.45,0.2,0.1,0.002,8.0
52,260,0.4056925896612437,0.5,0.1487078920283404,0.0,0.125,0.0,extended_hex_r2__markov__plastic__intr0__struct0__alpha_async__lesion__s2__7f9cf07bcd,0.0394305755750904,0.0174818569491594,0.25,False,0.8384897931116678,0.002,0.016,markov,0.58,extended_hex_r2,40,80,0.9,0.1836684973510404,0.3,0,0.42,0.08,160,0.3319003933871816,0.4,20,0.5989210908840136,4.2465401793624545e-18,0.2,plastic,sensitivity,-0.0317777228777927,False,alpha_async,40,150,210,2,-1,1.0,0.6,0.6,80,0.0263343301645978,0,0,40,0.999198717948718,2,0,0.25,0.01,0.75,50.0,lesion,30.0,0.45,0.2,0.1,0.002,8.0
52,260,0.3645565274778746,0.5,-0.0606238973826415,0.0,0.125,0.0,honeycomb_nnn__markov__plastic__intr0__struct0__alpha_async__lesion__s1__a9989b9086,0.0339529648023727,0.0388301660001342,0.25,False,0.4836899593027768,0.002,0.016,markov,0.68,honeycomb_nnn,40,80,0.9,0.3953336443732747,0.3,0,0.42,0.08,160,0.2900891637936326,0.3,20,1.3949728654274447,3.620342433516764e-18,0.2,plastic,sensitivity,0.0011587559940814,False,alpha_async,40,150,210,1,-1,1.0,0.6,0.6,80,0.0359955841387034,0,0,40,1.0,2,0,0.25,0.01,0.75,50.0,lesion,30.0,0.45,0.2,0.1,0.002,8.0
