L_markov,T_markov,activity_late_markov,alpha_async,autocorr_late_markov,bias_mean_late_markov,block_fraction_markov,coherence_late_markov,config_id_markov,corr_A_late_markov,corr_B_late_markov,dephase_markov,diagonal_ablation,entropy_late_markov,eta_intrinsic_markov,eta_weight,formalism_markov,gamma,geometry,imprint_duration_markov,imprint_start_markov,imprint_strength_markov,interface_density_late_markov,intrinsic_bias_limit_markov,intrinsic_enabled,intrinsic_target_activity_markov,lesion_fraction_markov,lesion_time_markov,memory_mean_late_markov,memory_strength,metric_stride_markov,neighbor_pattern_entropy_late_markov,order_bias_markov,orientation_anisotropy_late_markov,p0_markov,plasticity,profile_markov,repair_reference_corr_markov,save_dense_markov,schedule,second_imprint_duration_markov,second_imprint_start_markov,second_lesion_time_markov,seed,sensitivity_point_markov,sequential_events_per_sweep_markov,sigma_birth,sigma_survive,snapshot_every_markov,spectral_peak_fraction_late_markov,structural_additions_total_markov,structural_enabled,structural_interval_markov,structural_link_fraction_late_markov,structural_min_degree_markov,structural_removals_total_markov,structural_rewire_probability_markov,structural_swap_tolerance_markov,structural_target_fraction_markov,structural_utility_tau_markov,task,tau_memory_markov,theta_input_markov,theta_memory_markov,theta_phase_markov,weight_decay_markov,weight_sum_markov,L_ql,T_ql,activity_late_ql,autocorr_late_ql,bias_mean_late_ql,block_fraction_ql,coherence_late_ql,config_id_ql,corr_A_late_ql,corr_B_late_ql,dephase_ql,entropy_late_ql,eta_intrinsic_ql,formalism_ql,imprint_duration_ql,imprint_start_ql,imprint_strength_ql,interface_density_late_ql,intrinsic_bias_limit_ql,intrinsic_target_activity_ql,lesion_fraction_ql,lesion_time_ql,memory_mean_late_ql,metric_stride_ql,neighbor_pattern_entropy_late_ql,order_bias_ql,orientation_anisotropy_late_ql,p0_ql,profile_ql,repair_reference_corr_ql,save_dense_ql,second_imprint_duration_ql,second_imprint_start_ql,second_lesion_time_ql,sensitivity_point_ql,sequential_events_per_sweep_ql,snapshot_every_ql,spectral_peak_fraction_late_ql,structural_additions_total_ql,structural_interval_ql,structural_link_fraction_late_ql,structural_min_degree_ql,structural_removals_total_ql,structural_rewire_probability_ql,structural_swap_tolerance_ql,structural_target_fraction_ql,structural_utility_tau_ql,tau_memory_ql,theta_input_ql,theta_memory_ql,theta_phase_ql,weight_decay_ql,weight_sum_ql,d_activity_late,d_entropy_late,d_repair_reference_corr,d_neighbor_pattern_entropy_late,divergence_score
72,500,0.4840665573817172,0.5,-0.0373518444847592,0.0,0.125,0.0,extended_hex_r2__markov__fixed__intr0__struct0__alpha_async__baseline__s4__07aacfde20,-0.0192801772627887,-0.0135601711218131,0.25,False,0.848078339020744,0.002,0.016,markov,0.68,extended_hex_r2,50,100,0.9,0.2490884458787134,0.3,0,0.42,0.08,300,0.4496007497515654,0.2,20,0.8137838088921351,,2.8149327542792982e-18,0.2,fixed,primary,,False,alpha_async,50,260,400,4,-1,1.0,0.6,0.6,100,0.0031113587852026,0,0,40,1.0,2,0,0.25,0.01,0.75,50.0,baseline,30.0,0.45,0.2,0.1,0.002,8.0,72,500,0.4130464158763498,-0.0489929068835754,0.0,0.125,0.1300358072184795,extended_hex_r2__ql__fixed__intr0__struct0__alpha_async__baseline__s4__d197172c43,0.0066400608361884,-0.0003022270531191,0.25,0.82237790530035,0.002,ql,50,100,0.9,0.2502123722087624,0.3,0.42,0.08,300,0.4511960104140184,20,0.2701657004125917,,2.684560219278453e-18,0.2,primary,,False,50,260,400,-1,1.0,100,0.0028363618559378,0,40,1.0,2,0,0.25,0.01,0.75,50.0,30.0,0.45,0.2,0.1,0.002,8.0,0.0710201415053674,0.02570043372039399,0.0,0.5436181084795434,0.6403386837053048
72,500,0.4153307463046152,0.5,-0.0466108975322795,0.0,0.125,0.0,extended_hex_r2__markov__plastic__intr0__struct0__alpha_async__baseline__s1__deb2de3fa3,-0.0024056280860223,-0.0030048843405365,0.25,False,0.8290792987878101,0.002,0.016,markov,0.68,extended_hex_r2,50,100,0.9,0.2453258269767775,0.3,0,0.42,0.08,300,0.4506252202196731,0.2,20,0.2743898146495495,,2.8198398407998998e-18,0.2,plastic,primary,,False,alpha_async,50,260,400,1,-1,1.0,0.6,0.6,100,0.002241010858862,0,0,40,1.0,2,0,0.25,0.01,0.75,50.0,baseline,30.0,0.45,0.2,0.1,0.002,8.0,72,500,0.4407621525932219,0.0163422140392556,0.0,0.125,0.1264458325609999,extended_hex_r2__ql__plastic__intr0__struct0__alpha_async__baseline__s1__a5d5e5618e,0.0321969549667634,0.0282111444831145,0.25,0.846068187557659,0.002,ql,50,100,0.9,0.2394298243831458,0.3,0.42,0.08,300,0.4468972363030529,20,0.7622256092798507,,2.630292848140115e-18,0.2,primary,,False,50,260,400,-1,1.0,100,0.0245149873277564,0,40,1.0,2,0,0.25,0.01,0.75,50.0,30.0,0.45,0.2,0.1,0.002,8.0,0.025431406288606684,0.016988888769848942,0.0,0.48783579463030124,0.5302560896887569
72,500,0.4141732910508815,0.5,-0.0496608082890582,0.0,0.125,0.0,extended_hex_r2__markov__fixed__intr0__struct0__alpha_async__imprint__s4__e8e098207f,0.0055992263246255,-0.001944082598595,0.25,False,0.8231611772332025,0.002,0.016,markov,0.68,extended_hex_r2,50,100,0.9,0.2501759786254795,0.3,0,0.42,0.08,300,0.4486662089087339,0.2,20,0.2681383385124624,,2.3335924064185774e-18,0.2,fixed,primary,,False,alpha_async,50,260,400,4,-1,1.0,0.6,0.6,100,0.0027835562774394,0,0,40,1.0,2,0,0.25,0.01,0.75,50.0,imprint,30.0,0.45,0.2,0.1,0.002,8.0,72,500,0.4543869170484883,0.0140580239094648,0.0,0.125,0.1268627483017307,extended_hex_r2__ql__fixed__intr0__struct0__alpha_async__imprint__s4__f9d2576d41,-0.0085984970143169,-0.0081685488414661,0.25,0.8488120909569007,0.002,ql,50,100,0.9,0.2416697028580655,0.3,0.42,0.08,300,0.4473153609135253,20,0.8520163577375038,,2.1731109780659025e-18,0.2,primary,,False,50,260,400,-1,1.0,100,0.0137165903878667,0,40,1.0,2,0,0.25,0.01,0.75,50.0,30.0,0.45,0.2,0.1,0.002,8.0,0.040213625997606806,0.02565091372369821,0.0,0.5838780192250415,0.6497425589463465
72,500,0.4178132870901153,0.5,-0.0430673356326758,0.0,0.125,0.0,extended_hex_r2__markov__plastic__intr0__struct0__alpha_async__imprint__s1__325bdca1f7,0.0116181227667768,0.0042280986297591,0.25,False,0.8342144784675602,0.002,0.016,markov,0.68,extended_hex_r2,50,100,0.9,0.2425060925290927,0.3,0,0.42,0.08,300,0.445817874123194,0.2,20,0.3211257202536236,,2.6235011419363413e-18,0.2,plastic,primary,,False,alpha_async,50,260,400,1,-1,1.0,0.6,0.6,100,0.0024579452591978,0,0,40,0.9907621742112482,2,0,0.25,0.01,0.75,50.0,imprint,30.0,0.45,0.2,0.1,0.002,8.0,72,500,0.4639423619181385,0.0033696078891823,0.0,0.125,0.1259546217733907,extended_hex_r2__ql__plastic__intr0__struct0__alpha_async__imprint__s1__d9f08cd568,0.0202855835269629,0.0250864509736003,0.25,0.8525571616663236,0.002,ql,50,100,0.9,0.2413805316898759,0.3,0.42,0.08,300,0.4449754934734027,20,0.8875026108925645,,2.766908359493932e-18,0.2,primary,,False,50,260,400,-1,1.0,100,0.0082531320707544,0,40,0.991105109739369,2,0,0.25,0.01,0.75,50.0,30.0,0.45,0.2,0.1,0.002,8.0,0.0461290748280232,0.01834268319876331,0.0,0.5663768906389409,0.6308486486657274
72,500,0.4141732544488274,0.5,-0.0496610252443539,0.0,0.125,0.0,extended_hex_r2__markov__fixed__intr0__struct0__alpha_async__lesion__s4__74cfed7eb3,0.0055980802081851,-0.0019440205979996,0.25,False,0.823161122003685,0.002,0.016,markov,0.68,extended_hex_r2,50,100,0.9,0.2501760086573995,0.3,0,0.42,0.08,300,0.4486621336335967,0.2,20,0.2681383385124624,,2.60363422424347e-18,0.2,fixed,primary,0.0227098407328737,False,alpha_async,50,260,400,4,-1,1.0,0.6,0.6,100,0.0027837140183043,0,0,40,1.0,2,0,0.25,0.01,0.75,50.0,lesion,30.0,0.45,0.2,0.1,0.002,8.0,72,500,0.4543593604837019,0.0140670930047924,0.0,0.125,0.1268662650428082,extended_hex_r2__ql__fixed__intr0__struct0__alpha_async__lesion__s4__29644f9c0b,-0.0085605999420897,-0.008146567675242,0.25,0.8488136406809318,0.002,ql,50,100,0.9,0.2416581656674211,0.3,0.42,0.08,300,0.4473162503128353,20,0.8520696323983368,,2.1670299508246453e-18,0.2,primary,0.0733269917948809,False,50,260,400,-1,1.0,100,0.0136969601399389,0,40,1.0,2,0,0.25,0.01,0.75,50.0,30.0,0.45,0.2,0.1,0.002,8.0,0.04018610603487449,0.025652518677246827,0.050617151062007204,0.5839312938858744,0.700387069660003
72,500,0.4277319347018966,0.5,-0.0182910508615587,0.0,0.125,0.0,extended_hex_r2__markov__plastic__intr0__struct0__alpha_async__lesion__s1__98ca84bf88,-0.0148250184769143,-0.0199379216096476,0.25,False,0.84017883290908,0.002,0.016,markov,0.68,extended_hex_r2,50,100,0.9,0.2405272522895685,0.3,0,0.42,0.08,300,0.4453336079163542,0.2,20,0.5123474276978823,,2.754176883643659e-18,0.2,plastic,primary,-0.0906469938169409,False,alpha_async,50,260,400,1,-1,1.0,0.6,0.6,100,0.0042447459563705,0,0,40,0.9908050411522634,2,0,0.25,0.01,0.75,50.0,lesion,30.0,0.45,0.2,0.1,0.002,8.0,72,500,0.4772354927962531,-0.0284177509355244,0.0,0.125,0.1240441106062859,extended_hex_r2__ql__plastic__intr0__struct0__alpha_async__lesion__s1__2445a50f0d,0.0023822445867744,0.0103062246273443,0.25,0.8517371287729529,0.002,ql,50,100,0.9,0.2455079078203777,0.3,0.42,0.08,300,0.4445113182922952,20,0.8598007008155152,,2.4483263328388208e-18,0.2,primary,0.0625864982840421,False,50,260,400,-1,1.0,100,0.0022956392903066,0,40,0.9911158264746228,2,0,0.25,0.01,0.75,50.0,30.0,0.45,0.2,0.1,0.002,8.0,0.049503558094356526,0.011558295863872914,0.153233492100983,0.34745327311763285,0.5617486191768453
72,500,0.4077282788897561,0.5,0.0328194007397321,0.0,0.125,0.0,extended_hex_r2__markov__fixed__intr0__struct0__alpha_async__order_ab__s2__89a10f3efb,0.0165421219459269,0.0272352331181798,0.25,False,0.807473714464671,0.002,0.016,markov,0.68,extended_hex_r2,50,100,0.9,0.2406759124559117,0.3,0,0.42,0.08,300,0.3958029122634252,0.2,20,0.5366519433308538,0.0106931111722528,2.455101235173208e-18,0.2,fixed,primary,,False,alpha_async,50,260,400,2,-1,1.0,0.6,0.6,100,0.0061461498470978,0,0,40,1.0,2,0,0.25,0.01,0.75,50.0,order_ab,30.0,0.45,0.2,0.1,0.002,8.0,72,500,0.4551049685683835,0.0100567859846124,0.0,0.125,0.1439543460868292,extended_hex_r2__ql__fixed__intr0__struct0__alpha_async__order_ab__s2__5035fae32d,0.0223457194204189,0.0304636695959719,0.25,0.8489718993805127,0.002,ql,50,100,0.9,0.2414826360561066,0.3,0.42,0.08,300,0.4217035778105613,20,0.8428565076264734,0.0081179501755529,2.1648450390566107e-18,0.2,primary,,False,50,260,400,-1,1.0,100,0.0109185991008633,0,40,1.0,2,0,0.25,0.01,0.75,50.0,30.0,0.45,0.2,0.1,0.002,8.0,0.047376689678627404,0.041498184915841674,0.0,0.3062045642956196,0.3950794388900887
72,500,0.4455351271553345,0.5,0.1160513869016911,0.0,0.125,0.0,extended_hex_r2__markov__plastic__intr0__struct0__alpha_async__order_ab__s4__a2104517bf,0.0051629914007692,0.0153377033376032,0.25,False,0.8175733580074859,0.002,0.016,markov,0.68,extended_hex_r2,50,100,0.9,0.2337470468245805,0.3,0,0.42,0.08,300,0.3842920678186459,0.2,20,1.0156605823218168,0.010174711936834,2.6832262256536012e-18,0.2,plastic,primary,,False,alpha_async,50,260,400,4,-1,1.0,0.6,0.6,100,0.0248841958254495,0,0,40,0.986775548696845,2,0,0.25,0.01,0.75,50.0,order_ab,30.0,0.45,0.2,0.1,0.002,8.0,72,500,0.4199986387704501,-0.0280863104448645,0.0,0.125,0.1485265585307047,extended_hex_r2__ql__plastic__intr0__struct0__alpha_async__order_ab__s4__43b214be46,0.0229550837485569,0.0253637109448743,0.25,0.8349327070648567,0.002,ql,50,100,0.9,0.2420930830320714,0.3,0.42,0.08,300,0.4216288107596929,20,0.4314754089746301,0.0024086271963174,2.2692362542043793e-18,0.2,primary,,False,50,260,400,-1,1.0,100,0.0031420782498098,0,40,0.9864326131687244,2,0,0.25,0.01,0.75,50.0,30.0,0.45,0.2,0.1,0.002,8.0,0.025536488384884426,0.0173593490573708,0.0,0.5841851733471867,0.6270810107894419
72,500,0.43843666442457,0.5,0.1209082371736721,0.0,0.125,0.0,extended_hex_r2__markov__fixed__intr0__struct0__alpha_async__order_ba__s4__32b880cc81,-0.0054043784569231,0.0175928164565949,0.25,False,0.8136359759409073,0.002,0.016,markov,0.68,extended_hex_r2,50,100,0.9,0.2345984229339196,0.3,0,0.42,0.08,300,0.3899133319193079,0.2,20,1.0092876259592207,0.0229971949135181,2.702500519158716e-18,0.2,fixed,primary,,False,alpha_async,50,260,400,4,-1,1.0,0.6,0.6,100,0.0218629281459529,0,0,40,1.0,2,0,0.25,0.01,0.75,50.0,order_ba,30.0,0.45,0.2,0.1,0.002,8.0,72,500,0.42192908907658,-0.0196284039336839,0.0,0.125,0.1477326476455597,extended_hex_r2__ql__fixed__intr0__struct0__alpha_async__order_ba__s4__e536cd989e,-0.0086746695509448,-0.0047305810451857,0.25,0.8314305107928494,0.002,ql,50,100,0.9,0.2458619725325121,0.3,0.42,0.08,300,0.4229166942968846,20,0.4929885866278757,0.003944088505759,2.5086555420827812e-18,0.2,primary,,False,50,260,400,-1,1.0,100,0.0046183908477765,0,40,1.0,2,0,0.25,0.01,0.75,50.0,30.0,0.45,0.2,0.1,0.002,8.0,0.016507575347990022,0.017794534851942045,0.0,0.516299039331345,0.550601149531277
72,500,0.4124817038527311,0.5,0.1346800196219642,0.0,0.125,0.0,extended_hex_r2__markov__plastic__intr0__struct0__alpha_async__order_ba__s1__1c3f68ec6e,0.0260815794783637,0.0348999175067606,0.25,False,0.7999426970982372,0.002,0.016,markov,0.68,extended_hex_r2,50,100,0.9,0.2274292283633075,0.3,0,0.42,0.08,300,0.3830336163418024,0.2,20,0.8467911930159655,0.0088183380283968,2.6289268336354934e-18,0.2,plastic,primary,,False,alpha_async,50,260,400,1,-1,1.0,0.6,0.6,100,0.0249766988578772,0,0,40,0.9874507030178328,2,0,0.25,0.01,0.75,50.0,order_ba,30.0,0.45,0.2,0.1,0.002,8.0,72,500,0.4263906083405819,-0.01459599383685,0.0,0.125,0.1492395730524997,extended_hex_r2__ql__plastic__intr0__struct0__alpha_async__order_ba__s1__9dfd0c74ad,0.0487991185764882,0.0420546677060491,0.25,0.8418662984666764,0.002,ql,50,100,0.9,0.2391776778103423,0.3,0.42,0.08,300,0.4198128315133109,20,0.5296210779272376,-0.0067444508704391,2.291262837489964e-18,0.2,primary,,False,50,260,400,-1,1.0,100,0.0043171086146856,0,40,0.9879865397805212,2,0,0.25,0.01,0.75,50.0,30.0,0.45,0.2,0.1,0.002,8.0,0.013908904487850815,0.0419236013684392,0.0,0.31717011508872794,0.37300262094501796
72,500,0.4507325462734755,0.5,-0.2378003302302791,0.0,0.125,0.0,extended_hex_r2__markov__fixed__intr0__struct0__block_async__baseline__s2__6921fbf326,0.0003217886429475,0.0015602190362913,0.25,False,0.6329205084615636,0.002,0.016,markov,0.68,extended_hex_r2,50,100,0.9,0.4357535118860392,0.3,0,0.42,0.08,300,0.4506833964791949,0.2,20,0.9292054596969208,,1.1139012860687837e-18,0.2,fixed,primary,,False,block_async,50,260,400,2,-1,1.0,0.6,0.6,100,0.1678406691876701,0,0,40,1.0,2,0,0.25,0.01,0.75,50.0,baseline,30.0,0.45,0.2,0.1,0.002,8.0,72,500,0.4509169038871271,-0.2353017575963401,0.0,0.125,0.2704101792428846,extended_hex_r2__ql__fixed__intr0__struct0__block_async__baseline__s2__b18f7cb098,-0.0075976448702514,0.0013487234015439,0.25,0.5301463491748037,0.002,ql,50,100,0.9,0.481647868363857,0.3,0.42,0.08,300,0.4509214188950277,20,0.9502922750937504,,1.1658317863081554e-18,0.2,primary,,False,50,260,400,-1,1.0,100,0.1882877794544381,0,40,1.0,2,0,0.25,0.01,0.75,50.0,30.0,0.45,0.2,0.1,0.002,8.0,0.00018435761365159786,0.10277415928675981,0.0,0.02108681539682955,0.12404533229724096
72,500,0.4457665087210336,0.5,-0.2357528010717487,0.0,0.125,0.0,extended_hex_r2__markov__plastic__intr0__struct0__block_async__baseline__s2__a56fb25283,0.0061095618711518,0.0027769412673211,0.25,False,0.991432509006738,0.002,0.016,markov,0.68,extended_hex_r2,50,100,0.9,0.0058207848386314,0.3,0,0.42,0.08,300,0.4457631153387325,0.2,20,0.0,,0.0,0.2,plastic,primary,,False,block_async,50,260,400,2,-1,1.0,0.6,0.6,100,0.2243128612887913,0,0,40,1.0,2,0,0.25,0.01,0.75,50.0,baseline,30.0,0.45,0.2,0.1,0.002,8.0,72,500,0.3953260581831512,-0.1538046148247497,0.0,0.125,0.1918726022808439,extended_hex_r2__ql__plastic__intr0__struct0__block_async__baseline__s2__cd3b79575f,0.0263778128642763,0.0187735800998871,0.25,0.8321102588183406,0.002,ql,50,100,0.9,0.211937722276728,0.3,0.42,0.08,300,0.3915244118565494,20,0.127436710665588,,3.2675888739696823e-18,0.2,primary,,False,50,260,400,-1,1.0,100,0.0412210338573331,0,40,0.9940629286694102,2,0,0.25,0.01,0.75,50.0,30.0,0.45,0.2,0.1,0.002,8.0,0.05044045053788243,0.1593222501883974,0.0,0.127436710665588,0.3371994113918678
72,500,0.4504878662017795,0.5,-0.2369591433607352,0.0,0.125,0.0,extended_hex_r2__markov__fixed__intr0__struct0__block_async__imprint__s5__9a433ae403,0.0030012687960808,-0.0035788246629512,0.25,False,0.635960368869384,0.002,0.016,markov,0.68,extended_hex_r2,50,100,0.9,0.4324350190344562,0.3,0,0.42,0.08,300,0.450507485054299,0.2,20,0.927427056577114,,8.500137319731553e-19,0.2,fixed,primary,,False,block_async,50,260,400,5,-1,1.0,0.6,0.6,100,0.0809442536600955,0,0,40,1.0,2,0,0.25,0.01,0.75,50.0,imprint,30.0,0.45,0.2,0.1,0.002,8.0,72,500,0.4509012077991153,-0.2356160899042385,0.0,0.125,0.2654194207671447,extended_hex_r2__ql__fixed__intr0__struct0__block_async__imprint__s5__588d3ed597,-0.0015804815393649,-0.0004574994286194,0.25,0.5354923232249366,0.002,ql,50,100,0.9,0.4801719701780657,0.3,0.42,0.08,300,0.4508952045928435,20,0.9507406694131142,,1.0633126367135873e-18,0.2,primary,,False,50,260,400,-1,1.0,100,0.140286598523928,0,40,1.0,2,0,0.25,0.01,0.75,50.0,30.0,0.45,0.2,0.1,0.002,8.0,0.00041334159733580345,0.10046804564444745,0.0,0.023313612836000197,0.12419500007778345
72,500,0.4384739845284272,0.5,-0.1231663834617337,0.0,0.125,0.0,extended_hex_r2__markov__plastic__intr0__struct0__block_async__imprint__s2__23d5c0e655,-0.0861066554447384,-0.0175178609671524,0.25,False,0.9669884988998438,0.002,0.016,markov,0.68,extended_hex_r2,50,100,0.9,0.0643193253676746,0.3,0,0.42,0.08,300,0.4378681455094451,0.2,20,0.0193432267912445,,4.261668443286892e-18,0.2,plastic,primary,,False,block_async,50,260,400,2,-1,1.0,0.6,0.6,100,0.0228906574997023,0,0,40,0.988233024691358,2,0,0.25,0.01,0.75,50.0,imprint,30.0,0.45,0.2,0.1,0.002,8.0,72,500,0.4183752411879412,-0.1448506681593273,0.0,0.125,0.168363214621633,extended_hex_r2__ql__plastic__intr0__struct0__block_async__imprint__s2__d0d09467a5,0.0031104823941893,-0.0076956652901538,0.25,0.8900611334310524,0.002,ql,50,100,0.9,0.1755584066187898,0.3,0.42,0.08,300,0.4178666625579156,20,0.1085052829173154,,2.948962766301441e-18,0.2,primary,,False,50,260,400,-1,1.0,100,0.044798033717279,0,40,0.9853287894375856,2,0,0.25,0.01,0.75,50.0,30.0,0.45,0.2,0.1,0.002,8.0,0.020098743340485947,0.07692736546879142,0.0,0.0891620561260709,0.18618816493534826
72,500,0.4504846092304538,0.5,-0.2369517338224766,0.0,0.125,0.0,extended_hex_r2__markov__fixed__intr0__struct0__block_async__lesion__s5__b00bcd25b6,0.0029967029335311,-0.0035659496688306,0.25,False,0.6359456729824355,0.002,0.016,markov,0.68,extended_hex_r2,50,100,0.9,0.4324239749031514,0.3,0,0.42,0.08,300,0.4505071573906827,0.2,20,0.927721203977518,,1.0409639569017109e-18,0.2,fixed,primary,0.0025423280529524,False,block_async,50,260,400,5,-1,1.0,0.6,0.6,100,0.080272476414889,0,0,40,1.0,2,0,0.25,0.01,0.75,50.0,lesion,30.0,0.45,0.2,0.1,0.002,8.0,72,500,0.4508990545694974,-0.2356118027424884,0.0,0.125,0.2654101389656252,extended_hex_r2__ql__fixed__intr0__struct0__block_async__lesion__s5__79e84c8f89,-0.0015504267303413,-0.0004464487733935,0.25,0.5355332705854853,0.002,ql,50,100,0.9,0.4801520628345936,0.3,0.42,0.08,300,0.4508930304142937,20,0.9505627731907952,,1.1401609397864768e-18,0.2,primary,0.0014689107933215,False,50,260,400,-1,1.0,100,0.1391767374407084,0,40,1.0,2,0,0.25,0.01,0.75,50.0,30.0,0.45,0.2,0.1,0.002,8.0,0.000414445339043612,0.10041240239695026,0.0010734172596308998,0.02284156921327718,0.12474183420890195
72,500,0.4385835834440324,0.5,-0.1226025284417021,0.0,0.125,0.0,extended_hex_r2__markov__plastic__intr0__struct0__block_async__lesion__s2__702f2dba4f,-0.0859519464859721,-0.0186623391749411,0.25,False,0.9671790376878878,0.002,0.016,markov,0.68,extended_hex_r2,50,100,0.9,0.0641601818567731,0.3,0,0.42,0.08,300,0.4380486044335805,0.2,20,0.0184025627678899,,4.0144525228623775e-18,0.2,plastic,primary,-0.0712407217532426,False,block_async,50,260,400,2,-1,1.0,0.6,0.6,100,0.0216218237618331,0,0,40,0.9883187585733882,2,0,0.25,0.01,0.75,50.0,lesion,30.0,0.45,0.2,0.1,0.002,8.0,72,500,0.4180331681408739,-0.1471181323886326,0.0,0.125,0.1702248897553349,extended_hex_r2__ql__plastic__intr0__struct0__block_async__lesion__s2__817585f37f,0.0062378750992065,-0.0018323644040731,0.25,0.8866438181583953,0.002,ql,50,100,0.9,0.179097742909142,0.3,0.42,0.08,300,0.417842097402521,20,0.111727140137325,,2.6560619336751733e-18,0.2,primary,0.0041190415674472,False,50,260,400,-1,1.0,100,0.0386597027747411,0,40,0.9854681069958848,2,0,0.25,0.01,0.75,50.0,30.0,0.45,0.2,0.1,0.002,8.0,0.020550415303158542,0.0805352195294925,0.0753597633206898,0.0933245773694351,0.26976997552277593
72,500,0.4504568479693769,0.5,-0.2368946649332043,0.0,0.125,0.0,extended_hex_r2__markov__fixed__intr0__struct0__block_async__order_ab__s1__b205605ae6,0.0017756072542319,-0.0042902184640931,0.25,False,0.6330882128733275,0.002,0.016,markov,0.68,extended_hex_r2,50,100,0.9,0.4339086089920906,0.3,0,0.42,0.08,300,0.4490041251825099,0.2,20,0.9259181750549016,-0.0060658257183251,1.018689166977224e-18,0.2,fixed,primary,,False,block_async,50,260,400,1,-1,1.0,0.6,0.6,100,0.1384056400475219,0,0,40,1.0,2,0,0.25,0.01,0.75,50.0,order_ab,30.0,0.45,0.2,0.1,0.002,8.0,72,500,0.4507365856638218,-0.2354266148372822,0.0,0.125,0.2666892489963973,extended_hex_r2__ql__fixed__intr0__struct0__block_async__order_ab__s1__3b52741c5f,-0.0008339019623681,0.0040817357218969,0.25,0.5361813237860177,0.002,ql,50,100,0.9,0.4795282441167431,0.3,0.42,0.08,300,0.4499036496638146,20,0.9507750190243076,0.004915637684265,1.1368124550828198e-18,0.2,primary,,False,50,260,400,-1,1.0,100,0.1553551694588065,0,40,1.0,2,0,0.25,0.01,0.75,50.0,30.0,0.45,0.2,0.1,0.002,8.0,0.0002797376944448926,0.09690688908730982,0.0,0.024856843969406017,0.12204347075116073
72,500,0.4444307914811644,0.5,-0.2004415821289099,0.0,0.125,0.0,extended_hex_r2__markov__plastic__intr0__struct0__block_async__order_ab__s2__6ffe690744,-0.0183382278260839,-0.0124179238088381,0.25,False,0.9837959207369832,0.002,0.016,markov,0.68,extended_hex_r2,50,100,0.9,0.0544607755786885,0.3,0,0.42,0.08,300,0.442506658904562,0.2,20,0.0,0.0059203040172458,1.3178068923138877e-18,0.2,plastic,primary,,False,block_async,50,260,400,2,-1,1.0,0.6,0.6,100,0.0423429237157075,0,0,40,0.9863575960219478,2,0,0.25,0.01,0.75,50.0,order_ab,30.0,0.45,0.2,0.1,0.002,8.0,72,500,0.434700124712184,-0.1742143468625473,0.0,0.125,0.1473404539212895,extended_hex_r2__ql__plastic__intr0__struct0__block_async__order_ab__s2__bcbdbe927b,-0.0315412943525385,-0.0249692127111775,0.25,0.9515565357935424,0.002,ql,50,100,0.9,0.1148548226665498,0.3,0.42,0.08,300,0.4329425042815756,20,0.02084876713566,0.006572081641361,3.0327589175468158e-18,0.2,primary,,False,50,260,400,-1,1.0,100,0.0480815444500681,0,40,0.9831854423868313,2,0,0.25,0.01,0.75,50.0,30.0,0.45,0.2,0.1,0.002,8.0,0.009730666768980378,0.03223938494344081,0.0,0.02084876713566,0.06281881884808119
72,500,0.4504113736339364,0.5,-0.2368701750429841,0.0,0.125,0.0,extended_hex_r2__markov__fixed__intr0__struct0__block_async__order_ba__s4__a1a01a8174,0.0010234865802181,0.0009450240452391,0.25,False,0.637848346993769,0.002,0.016,markov,0.68,extended_hex_r2,50,100,0.9,0.4304839744017523,0.3,0,0.42,0.08,300,0.4488196981745073,0.2,20,0.9239679989810304,-7.846253497900972e-05,1.0623258658235586e-18,0.2,fixed,primary,,False,block_async,50,260,400,4,-1,1.0,0.6,0.6,100,0.1029105186903405,0,0,40,1.0,2,0,0.25,0.01,0.75,50.0,order_ba,30.0,0.45,0.2,0.1,0.002,8.0,72,500,0.4506670324273686,-0.2353993530030053,0.0,0.125,0.2679817766334568,extended_hex_r2__ql__fixed__intr0__struct0__block_async__order_ba__s4__9d18acd099,-0.0024500154508459,-0.0019821349744458,0.25,0.5357651317866138,0.002,ql,50,100,0.9,0.4795234689910052,0.3,0.42,0.08,300,0.4498223867240157,20,0.949677458915176,0.0004678804764001,1.0413954094509369e-18,0.2,primary,,False,50,260,400,-1,1.0,100,0.1443659449369452,0,40,1.0,2,0,0.25,0.01,0.75,50.0,30.0,0.45,0.2,0.1,0.002,8.0,0.00025565879343220077,0.10208321520715524,0.0,0.02570945993414553,0.12804833393473297
72,500,0.443973566025808,0.5,-0.2003158389433821,0.0,0.125,0.0,extended_hex_r2__markov__plastic__intr0__struct0__block_async__order_ba__s2__c46f3aef68,-0.0096327724142675,-0.0235213337358546,0.25,False,0.9786987257259252,0.002,0.016,markov,0.68,extended_hex_r2,50,100,0.9,0.0711172671650111,0.3,0,0.42,0.08,300,0.4420512254133447,0.2,20,0.0,-0.013888561321587,1.6886983319648937e-18,0.2,plastic,primary,,False,block_async,50,260,400,2,-1,1.0,0.6,0.6,100,0.0595007426967793,0,0,40,0.9867541152263376,2,0,0.25,0.01,0.75,50.0,order_ba,30.0,0.45,0.2,0.1,0.002,8.0,72,500,0.4307854430071739,-0.1413397426913318,0.0,0.125,0.1519378132959329,extended_hex_r2__ql__plastic__intr0__struct0__block_async__order_ba__s2__03e5a9c19a,-0.0045637587695558,-0.036965372931686,0.25,0.9379748091141712,0.002,ql,50,100,0.9,0.1193492478384037,0.3,0.42,0.08,300,0.4296571839222892,20,0.0435354183426827,-0.0324016141621301,3.795746627545229e-18,0.2,primary,,False,50,260,400,-1,1.0,100,0.0221996799035057,0,40,0.9834533607681756,2,0,0.25,0.01,0.75,50.0,30.0,0.45,0.2,0.1,0.002,8.0,0.01318812301863409,0.04072391661175401,0.0,0.0435354183426827,0.0974474579730708
72,500,0.418324210631114,0.5,0.4642578376779476,0.0,0.125,0.0,extended_hex_r2__markov__fixed__intr0__struct0__synchronous__baseline__s4__12f53812c0,-0.0127902903191825,-0.0223233016844017,0.25,False,0.8644080110264726,0.002,0.016,markov,0.68,extended_hex_r2,50,100,0.9,0.1482095941723007,0.3,0,0.42,0.08,300,0.4151911256285621,0.2,20,1.2554855192888064,,3.4607248556995357e-18,0.2,fixed,primary,,False,synchronous,50,260,400,4,-1,1.0,0.6,0.6,100,0.0122429847495529,0,0,40,1.0,2,0,0.25,0.01,0.75,50.0,baseline,30.0,0.45,0.2,0.1,0.002,8.0,72,500,0.4071719638554324,0.4405252179608036,0.0,0.125,0.2194351941463498,extended_hex_r2__ql__fixed__intr0__struct0__synchronous__baseline__s4__99f3846a07,7.400179403905579e-05,0.0043675539643672,0.25,0.8501020843227632,0.002,ql,50,100,0.9,0.1563886420221096,0.3,0.42,0.08,300,0.4092642501665601,20,1.2251827085416696,,3.839571152639205e-18,0.2,primary,,False,50,260,400,-1,1.0,100,0.0089735936952499,0,40,1.0,2,0,0.25,0.01,0.75,50.0,30.0,0.45,0.2,0.1,0.002,8.0,0.011152246775681607,0.014305926703709337,0.0,0.03030281074713681,0.055760984226527754
72,500,0.4197534747259703,0.5,0.4203132631898261,0.0,0.125,0.0,extended_hex_r2__markov__plastic__intr0__struct0__synchronous__baseline__s1__7a0cfe0017,0.0126083129088895,-0.0004644729511173,0.25,False,0.8675584610386832,0.002,0.016,markov,0.68,extended_hex_r2,50,100,0.9,0.1540114612842632,0.3,0,0.42,0.08,300,0.4148648429094441,0.2,20,1.165518197252392,,3.5810836633077325e-18,0.2,plastic,primary,,False,synchronous,50,260,400,1,-1,1.0,0.6,0.6,100,0.0100292735915331,0,0,40,1.0,2,0,0.25,0.01,0.75,50.0,baseline,30.0,0.45,0.2,0.1,0.002,8.0,72,500,0.4053449955843723,0.4334016753612993,0.0,0.125,0.2124707384369107,extended_hex_r2__ql__plastic__intr0__struct0__synchronous__baseline__s1__4091988fb2,-0.0021977826911961,0.0061078456886685,0.25,0.8473634031369709,0.002,ql,50,100,0.9,0.1579880401637585,0.3,0.42,0.08,300,0.4094372445060029,20,1.2439609243153793,,3.162445534328883e-18,0.2,primary,,False,50,260,400,-1,1.0,100,0.0094330113830557,0,40,1.0,2,0,0.25,0.01,0.75,50.0,30.0,0.45,0.2,0.1,0.002,8.0,0.014408479141597985,0.020195057901712277,0.0,0.07844272706298727,0.11304626410629753
72,500,0.4176093525446714,0.5,0.4461083590894468,0.0,0.125,0.0,extended_hex_r2__markov__fixed__intr0__struct0__synchronous__imprint__s3__262fe42aad,0.0218500296902191,0.031336104852497,0.25,False,0.8666458432533849,0.002,0.016,markov,0.68,extended_hex_r2,50,100,0.9,0.150329923219887,0.3,0,0.42,0.08,300,0.4152821214229911,0.2,20,1.2280593108063558,,3.86653593106848e-18,0.2,fixed,primary,,False,synchronous,50,260,400,3,-1,1.0,0.6,0.6,100,0.0120337634654705,0,0,40,1.0,2,0,0.25,0.01,0.75,50.0,imprint,30.0,0.45,0.2,0.1,0.002,8.0,72,500,0.4131752235469018,0.4717056839586697,0.0,0.125,0.2152421135156547,extended_hex_r2__ql__fixed__intr0__struct0__synchronous__imprint__s3__d838325072,-0.0163579184507291,-0.0004431072196997,0.25,0.8529799016734193,0.002,ql,50,100,0.9,0.1513554238992468,0.3,0.42,0.08,300,0.4089737961076446,20,1.3089231969005763,,3.593896129475736e-18,0.2,primary,,False,50,260,400,-1,1.0,100,0.0115959810283925,0,40,1.0,2,0,0.25,0.01,0.75,50.0,30.0,0.45,0.2,0.1,0.002,8.0,0.004434128997769626,0.01366594157996559,0.0,0.08086388609422057,0.09896395667195579
72,500,0.4123779852679347,0.5,0.4390784148019623,0.0,0.125,0.0,extended_hex_r2__markov__plastic__intr0__struct0__synchronous__imprint__s1__37f267a89d,-0.0430757087438216,0.0003563105155498,0.25,False,0.8606846310900795,0.002,0.016,markov,0.68,extended_hex_r2,50,100,0.9,0.1524362141517711,0.3,0,0.42,0.08,300,0.4146412610786112,0.2,20,1.2051931048202875,,4.103721263128189e-18,0.2,plastic,primary,,False,synchronous,50,260,400,1,-1,1.0,0.6,0.6,100,0.0091774570446589,0,0,40,0.990108453360768,2,0,0.25,0.01,0.75,50.0,imprint,30.0,0.45,0.2,0.1,0.002,8.0,72,500,0.405293079384519,0.4359306240263229,0.0,0.125,0.2122538516061924,extended_hex_r2__ql__plastic__intr0__struct0__synchronous__imprint__s1__7b5f72dc86,-0.0176189608991831,0.0317964683280595,0.25,0.8472376714140548,0.002,ql,50,100,0.9,0.1569069243102112,0.3,0.42,0.08,300,0.4096229944660205,20,1.2598040507636168,,3.265079812674069e-18,0.2,primary,,False,50,260,400,-1,1.0,100,0.0101155642305536,0,40,0.9917802640603568,2,0,0.25,0.01,0.75,50.0,30.0,0.45,0.2,0.1,0.002,8.0,0.007084905883415704,0.013446959676024717,0.0,0.05461094594332927,0.07514281150276969
72,500,0.4174763591298038,0.5,0.4708021373188342,0.0,0.125,0.0,extended_hex_r2__markov__fixed__intr0__struct0__synchronous__lesion__s2__8f569b5a7f,-0.0047216628712121,-0.0207190669608623,0.25,False,0.8643893719288936,0.002,0.016,markov,0.68,extended_hex_r2,50,100,0.9,0.1478503627966969,0.3,0,0.42,0.08,300,0.4151764387850523,0.2,20,1.2828672063480553,,4.0445430592487096e-18,0.2,fixed,primary,0.0678288258294708,False,synchronous,50,260,400,2,-1,1.0,0.6,0.6,100,0.0135374193036168,0,0,40,1.0,2,0,0.25,0.01,0.75,50.0,lesion,30.0,0.45,0.2,0.1,0.002,8.0,72,500,0.410151541861692,0.4537334997258978,0.0,0.125,0.2165358794520163,extended_hex_r2__ql__fixed__intr0__struct0__synchronous__lesion__s2__aa819fe4d7,0.0122049333085969,-0.0023347499976772,0.25,0.8501061198130315,0.002,ql,50,100,0.9,0.1550254651441043,0.3,0.42,0.08,300,0.4086350986583236,20,1.2617549447965586,,3.652572978231005e-18,0.2,primary,-0.0156531413893233,False,50,260,400,-1,1.0,100,0.0103723771707844,0,40,1.0,2,0,0.25,0.01,0.75,50.0,30.0,0.45,0.2,0.1,0.002,8.0,0.007324817268111794,0.014283252115862122,0.08348196721879411,0.021112261551496703,0.12620229815426473
72,500,0.4147133123527531,0.5,0.4199865848113734,0.0,0.125,0.0,extended_hex_r2__markov__plastic__intr0__struct0__synchronous__lesion__s1__14f8546973,-0.0108436830506522,0.0200387592701961,0.25,False,0.8625173550922579,0.002,0.016,markov,0.68,extended_hex_r2,50,100,0.9,0.1548506111786988,0.3,0,0.42,0.08,300,0.4156581048308315,0.2,20,1.190210517693949,,3.80877177993308e-18,0.2,plastic,primary,0.006025474769576,False,synchronous,50,260,400,1,-1,1.0,0.6,0.6,100,0.0091320159033051,0,0,40,0.9899369855967078,2,0,0.25,0.01,0.75,50.0,lesion,30.0,0.45,0.2,0.1,0.002,8.0,72,500,0.4083785860053522,0.4218493942698151,0.0,0.125,0.22335978245176,extended_hex_r2__ql__plastic__intr0__struct0__synchronous__lesion__s1__bc80ccc346,-0.0526141031022937,-0.0248190975892532,0.25,0.850306715203687,0.002,ql,50,100,0.9,0.1592436114648284,0.3,0.42,0.08,300,0.4086117336768716,20,1.2154106618207137,,3.8105196128061214e-18,0.2,primary,-0.0829013337766783,False,50,260,400,-1,1.0,100,0.010306620493053,0,40,0.9919410150891632,2,0,0.25,0.01,0.75,50.0,30.0,0.45,0.2,0.1,0.002,8.0,0.006334726347400899,0.012210639888570962,0.0889268085462543,0.025200144126764634,0.13267231890899078
72,500,0.4168079577041209,0.5,0.4427849774147731,0.0,0.125,0.0,extended_hex_r2__markov__fixed__intr0__struct0__synchronous__order_ab__s2__858a979512,-0.0054365791607507,-0.0191405308817424,0.25,False,0.8619873465630234,0.002,0.016,markov,0.68,extended_hex_r2,50,100,0.9,0.1531479889881589,0.3,0,0.42,0.08,300,0.4101594311372686,0.2,20,1.2358072008144414,-0.0137039517209916,3.746138049070082e-18,0.2,fixed,primary,,False,synchronous,50,260,400,2,-1,1.0,0.6,0.6,100,0.0131538553580024,0,0,40,1.0,2,0,0.25,0.01,0.75,50.0,order_ab,30.0,0.45,0.2,0.1,0.002,8.0,72,500,0.4012268760760838,0.4609077260525975,0.0,0.125,0.2139036125192031,extended_hex_r2__ql__fixed__intr0__struct0__synchronous__order_ab__s2__ef9a344808,-0.0204969608645318,-0.0079174404185586,0.25,0.8425789524237569,0.002,ql,50,100,0.9,0.1540884537087032,0.3,0.42,0.08,300,0.4074068923733007,20,1.2861209160766318,0.0125795204459731,3.0941652673611523e-18,0.2,primary,,False,50,260,400,-1,1.0,100,0.0129182083107157,0,40,1.0,2,0,0.25,0.01,0.75,50.0,30.0,0.45,0.2,0.1,0.002,8.0,0.015581081628037063,0.019408394139266538,0.0,0.05031371526219042,0.08530319102949402
72,500,0.4181280806126637,0.5,0.4244632300200484,0.0,0.125,0.0,extended_hex_r2__markov__plastic__intr0__struct0__synchronous__order_ab__s5__36812de8fd,-0.0173667843618492,-0.0258923122939842,0.25,False,0.8640332314253925,0.002,0.016,markov,0.68,extended_hex_r2,50,100,0.9,0.1548984696688075,0.3,0,0.42,0.08,300,0.409371381580857,0.2,20,1.2033405511702888,-0.0085255279321349,3.904347089382102e-18,0.2,plastic,primary,,False,synchronous,50,260,400,5,-1,1.0,0.6,0.6,100,0.0103290574914001,0,0,40,0.9854895404663924,2,0,0.25,0.01,0.75,50.0,order_ab,30.0,0.45,0.2,0.1,0.002,8.0,72,500,0.4053286984830646,0.4229680319790792,0.0,0.125,0.2133626599834148,extended_hex_r2__ql__plastic__intr0__struct0__synchronous__order_ab__s5__cf603e06c3,-0.0302596726600445,-0.0449101998803172,0.25,0.8453517722379852,0.002,ql,50,100,0.9,0.1594583351085343,0.3,0.42,0.08,300,0.4076800064619799,20,1.2461364973747695,-0.0146505272202726,3.1584485692945683e-18,0.2,primary,,False,50,260,400,-1,1.0,100,0.0096558690693784,0,40,0.987525720164609,2,0,0.25,0.01,0.75,50.0,30.0,0.45,0.2,0.1,0.002,8.0,0.012799382129599135,0.018681459187407268,0.0,0.042795946204480684,0.07427678752148709
72,500,0.4119639069343963,0.5,0.4386016483361491,0.0,0.125,0.0,extended_hex_r2__markov__fixed__intr0__struct0__synchronous__order_ba__s2__688ca116f7,-0.0096579038289759,0.0103709699208086,0.25,False,0.8619394327931712,0.002,0.016,markov,0.68,extended_hex_r2,50,100,0.9,0.1513979048665591,0.3,0,0.42,0.08,300,0.4110439075056545,0.2,20,1.2043440339882954,0.0200288737497845,3.870946178652895e-18,0.2,fixed,primary,,False,synchronous,50,260,400,2,-1,1.0,0.6,0.6,100,0.0114152057551016,0,0,40,1.0,2,0,0.25,0.01,0.75,50.0,order_ba,30.0,0.45,0.2,0.1,0.002,8.0,72,500,0.4084686583020208,0.4553177501935068,0.0,0.125,0.2165163573859516,extended_hex_r2__ql__fixed__intr0__struct0__synchronous__order_ba__s2__9beaceeb2c,0.0107986232042055,0.0069485918762172,0.25,0.8454970870393639,0.002,ql,50,100,0.9,0.1567026920340625,0.3,0.42,0.08,300,0.4076272336281094,20,1.2651600935816742,-0.0038500313279883,4.114196074480279e-18,0.2,primary,,False,50,260,400,-1,1.0,100,0.0108453448793863,0,40,1.0,2,0,0.25,0.01,0.75,50.0,30.0,0.45,0.2,0.1,0.002,8.0,0.0034952486323754917,0.01644234575380732,0.0,0.06081605959337888,0.08075365397956169
72,500,0.4096639087287039,0.5,0.4385685107879953,0.0,0.125,0.0,extended_hex_r2__markov__plastic__intr0__struct0__synchronous__order_ba__s5__c82b3d6262,-0.0517892418051771,-0.0235335653386082,0.25,False,0.8574716405965145,0.002,0.016,markov,0.68,extended_hex_r2,50,100,0.9,0.1525337236362777,0.3,0,0.42,0.08,300,0.4106991886600385,0.2,20,1.2411893600178054,0.0282556764665688,3.2298508363325513e-18,0.2,plastic,primary,,False,synchronous,50,260,400,5,-1,1.0,0.6,0.6,100,0.0097091053341936,0,0,40,0.9862932956104252,2,0,0.25,0.01,0.75,50.0,order_ba,30.0,0.45,0.2,0.1,0.002,8.0,72,500,0.4172830288018858,0.4083015333543229,0.0,0.125,0.2194713870647902,extended_hex_r2__ql__plastic__intr0__struct0__synchronous__order_ba__s5__13988ab01a,-0.0446813831577912,0.0045249130297066,0.25,0.8520590578892528,0.002,ql,50,100,0.9,0.1638302030528184,0.3,0.42,0.08,300,0.407963414269107,20,1.1932278474647533,0.0492062961874979,3.830917070895168e-18,0.2,primary,,False,50,260,400,-1,1.0,100,0.0107783123172904,0,40,0.9878900891632372,2,0,0.25,0.01,0.75,50.0,30.0,0.45,0.2,0.1,0.002,8.0,0.007619120073181884,0.005412582707261637,0.0,0.047961512553052144,0.060993215333495665
72,500,0.4533955121746369,0.5,-0.2878546975337545,0.0,0.125,0.0,extended_moore_r2__markov__fixed__intr0__struct0__alpha_async__baseline__s3__875cb1418f,-0.0208699058491007,0.004377953841011,0.25,False,0.4520493175802079,0.002,0.016,markov,0.68,extended_moore_r2,50,100,0.9,0.5061333879940737,0.3,0,0.42,0.08,300,0.4533356256536802,0.2,20,0.969464015823091,,6.0998075187904186e-18,0.2,fixed,primary,,False,alpha_async,50,260,400,3,-1,1.0,0.6,0.6,100,0.1075945555917446,0,0,40,1.0,2,0,0.25,0.01,0.75,50.0,baseline,30.0,0.45,0.2,0.1,0.002,8.0,72,500,0.4512058444614236,-0.2851815629351983,0.0,0.125,0.2794504142789643,extended_moore_r2__ql__fixed__intr0__struct0__alpha_async__baseline__s3__f97c314958,0.0034836637335816,0.0033677297555558,0.25,0.5061504953618099,0.002,ql,50,100,0.9,0.4932178193961955,0.3,0.42,0.08,300,0.4511786285494216,20,0.962808648880866,,7.862051980886727e-18,0.2,primary,,False,50,260,400,-1,1.0,100,0.1527508696117743,0,40,1.0,2,0,0.25,0.01,0.75,50.0,30.0,0.45,0.2,0.1,0.002,8.0,0.002189667713213328,0.054101177781602006,0.0,0.006655366942225016,0.06294621243704035
72,500,0.4902510262595571,0.5,-0.0430251544421261,0.0,0.125,0.0,extended_moore_r2__markov__plastic__intr0__struct0__alpha_async__baseline__s2__0d91572460,-0.0046100210587882,0.0055514461742474,0.25,False,0.8395103134965526,0.002,0.016,markov,0.68,extended_moore_r2,50,100,0.9,0.25507828995589,0.3,0,0.42,0.08,300,0.4477345733120718,0.2,20,0.7755796722188407,,2.737672082495887e-18,0.2,plastic,primary,,False,alpha_async,50,260,400,2,-1,1.0,0.6,0.6,100,0.0022311545760064,0,0,40,0.9997508359053496,2,0,0.25,0.01,0.75,50.0,baseline,30.0,0.45,0.2,0.1,0.002,8.0,72,500,0.4053585518635184,-0.0449504691003012,0.0,0.125,0.1290491203740173,extended_moore_r2__ql__plastic__intr0__struct0__alpha_async__baseline__s2__24e1b23413,0.0022215572296067,-0.0046694086975437,0.25,0.8127984587494002,0.002,ql,50,100,0.9,0.2513078074748879,0.3,0.42,0.08,300,0.4490868350993884,20,0.2328993062395297,,2.569067211029057e-18,0.2,primary,,False,50,260,400,-1,1.0,100,0.0025125446670546,0,40,0.9997186856995884,2,0,0.25,0.01,0.75,50.0,30.0,0.45,0.2,0.1,0.002,8.0,0.0848924743960387,0.02671185474715243,0.0,0.542680365979311,0.6542846951225021
72,500,0.4907920015466185,0.5,-0.0510056923853905,0.0,0.125,0.0,extended_moore_r2__markov__fixed__intr0__struct0__alpha_async__imprint__s1__2ef50348c8,0.0036406286396721,0.0093585294537759,0.25,False,0.8319578360247117,0.002,0.016,markov,0.68,extended_moore_r2,50,100,0.9,0.2616713166377581,0.3,0,0.42,0.08,300,0.4453603281080815,0.2,20,0.755279616518409,,2.7805307786291135e-18,0.2,fixed,primary,,False,alpha_async,50,260,400,1,-1,1.0,0.6,0.6,100,0.0030991917548376,0,0,40,1.0,2,0,0.25,0.01,0.75,50.0,imprint,30.0,0.45,0.2,0.1,0.002,8.0,72,500,0.4509766140801516,-0.285925106560871,0.0,0.125,0.2748227325156084,extended_moore_r2__ql__fixed__intr0__struct0__alpha_async__imprint__s1__d6bd0c3670,0.020380776681337,0.0028064541025722,0.25,0.5037949830262259,0.002,ql,50,100,0.9,0.4927656791310424,0.3,0.42,0.08,300,0.4489009128111891,20,0.9639981216000614,,4.0234949381351616e-18,0.2,primary,,False,50,260,400,-1,1.0,100,0.1660813974585216,0,40,1.0,2,0,0.25,0.01,0.75,50.0,30.0,0.45,0.2,0.1,0.002,8.0,0.0398153874664669,0.3281628529984858,0.0,0.20871850508165235,0.576696745546605
72,500,0.4117801908692128,0.5,-0.0413510580757253,0.0,0.125,0.0,extended_moore_r2__markov__plastic__intr0__struct0__alpha_async__imprint__s4__d6eb639ebf,0.0237465875793129,0.0134139378512131,0.25,False,0.8197129228650862,0.002,0.016,markov,0.68,extended_moore_r2,50,100,0.9,0.2502545502209569,0.3,0,0.42,0.08,300,0.4410715225959578,0.2,20,0.3246830110495857,,2.619237261785485e-18,0.2,plastic,primary,,False,alpha_async,50,260,400,4,-1,1.0,0.6,0.6,100,0.0037444241773902,0,0,40,0.9813207304526748,2,0,0.25,0.01,0.75,50.0,imprint,30.0,0.45,0.2,0.1,0.002,8.0,72,500,0.4557382956405619,-0.0098023850017677,0.0,0.125,0.1301735968431759,extended_moore_r2__ql__plastic__intr0__struct0__alpha_async__imprint__s4__c7985599e4,-0.0212997039760696,-0.0225707854072345,0.25,0.8418809125367591,0.002,ql,50,100,0.9,0.2497970558573644,0.3,0.42,0.08,300,0.4392887231571843,20,0.8412865826629428,,2.9136637495515173e-18,0.2,primary,,False,50,260,400,-1,1.0,100,0.0094281027357038,0,40,0.9802517361111112,2,0,0.25,0.01,0.75,50.0,30.0,0.45,0.2,0.1,0.002,8.0,0.043958104771349094,0.022167989671672883,0.0,0.516603571613357,0.582729666056379
72,500,0.4907920111039462,0.5,-0.0510059077553786,0.0,0.125,0.0,extended_moore_r2__markov__fixed__intr0__struct0__alpha_async__lesion__s1__45d47bc523,0.0036379299222235,0.0093588180280413,0.25,False,0.831957640221507,0.002,0.016,markov,0.68,extended_moore_r2,50,100,0.9,0.2616715308651613,0.3,0,0.42,0.08,300,0.4453597966909901,0.2,20,0.755279616518409,,2.4957710630344053e-18,0.2,fixed,primary,0.0052334857329666,False,alpha_async,50,260,400,1,-1,1.0,0.6,0.6,100,0.0030992225766075,0,0,40,1.0,2,0,0.25,0.01,0.75,50.0,lesion,30.0,0.45,0.2,0.1,0.002,8.0,72,500,0.4509770894510622,-0.2859256712249819,0.0,0.125,0.274815294435339,extended_moore_r2__ql__fixed__intr0__struct0__alpha_async__lesion__s1__864b2cc4c6,0.0203877871127696,0.0028066692366321,0.25,0.5037916440583027,0.002,ql,50,100,0.9,0.4927644181266893,0.3,0.42,0.08,300,0.4488992165434924,20,0.9639981216000614,,4.1759005386303976e-18,0.2,primary,0.0201687541108281,False,50,260,400,-1,1.0,100,0.1661017275748465,0,40,1.0,2,0,0.25,0.01,0.75,50.0,30.0,0.45,0.2,0.1,0.002,8.0,0.03981492165288403,0.3281659961632043,0.0149352683778615,0.20871850508165235,0.5916346912756022
72,500,0.4130981950347811,0.5,-0.0401319280088608,0.0,0.125,0.0,extended_moore_r2__markov__plastic__intr0__struct0__alpha_async__lesion__s4__c6e513c618,0.0298538268144928,0.0271709480237648,0.25,False,0.8210975317788186,0.002,0.016,markov,0.68,extended_moore_r2,50,100,0.9,0.2496712382192633,0.3,0,0.42,0.08,300,0.4414257448384062,0.2,20,0.3342448397021994,,2.630003783891613e-18,0.2,plastic,primary,-0.0369576860862445,False,alpha_async,50,260,400,4,-1,1.0,0.6,0.6,100,0.0041846174760447,0,0,40,0.9819235468106996,2,0,0.25,0.01,0.75,50.0,lesion,30.0,0.45,0.2,0.1,0.002,8.0,72,500,0.4485663848108238,-0.0031223255889909,0.0,0.125,0.1317070774577007,extended_moore_r2__ql__plastic__intr0__struct0__alpha_async__lesion__s4__916e3a865a,-0.0315072887385868,-0.0295936127084042,0.25,0.8373664621713143,0.002,ql,50,100,0.9,0.2514584201762141,0.3,0.42,0.08,300,0.43993727569076,20,0.8301496791389533,,2.958701223565536e-18,0.2,primary,-0.0012275738909061,False,50,260,400,-1,1.0,100,0.0127138647919766,0,40,0.980758101851852,2,0,0.25,0.01,0.75,50.0,30.0,0.45,0.2,0.1,0.002,8.0,0.03546818977604266,0.016268930392495662,0.0357301121953384,0.4959048394367539,0.5833720718006306
72,500,0.4558605381189287,0.5,0.0606340417657188,0.0,0.125,0.0,extended_moore_r2__markov__fixed__intr0__struct0__alpha_async__order_ab__s1__aaba5ee168,0.0381356758118212,0.0327050930022345,0.25,False,0.7470239287643345,0.002,0.016,markov,0.68,extended_moore_r2,50,100,0.9,0.275244198579811,0.3,0,0.42,0.08,300,0.3826648173444055,0.2,20,1.0600215800928576,-0.0054305828095866,2.569094542287871e-18,0.2,fixed,primary,,False,alpha_async,50,260,400,1,-1,1.0,0.6,0.6,100,0.0355019910945437,0,0,40,1.0,2,0,0.25,0.01,0.75,50.0,order_ab,30.0,0.45,0.2,0.1,0.002,8.0,72,500,0.4881343363066472,-0.0487214157177908,0.0,0.125,0.1404421328725378,extended_moore_r2__ql__fixed__intr0__struct0__alpha_async__order_ab__s1__dcb36902a2,0.0058803781435109,0.0116798326684513,0.25,0.8320879669599777,0.002,ql,50,100,0.9,0.260598198093634,0.3,0.42,0.08,300,0.4206821713678456,20,0.7695829510254761,0.0057994545249403,2.4892004999729133e-18,0.2,primary,,False,50,260,400,-1,1.0,100,0.002895619484271,0,40,1.0,2,0,0.25,0.01,0.75,50.0,30.0,0.45,0.2,0.1,0.002,8.0,0.03227379818771853,0.08506403819564312,0.0,0.2904386290673815,0.40777646545074314
72,500,0.414309291707266,0.5,0.1788770555976424,0.0,0.125,0.0,extended_moore_r2__markov__plastic__intr0__struct0__alpha_async__order_ab__s5__405f13da09,0.0379569756602424,0.0184212970987521,0.25,False,0.7765930251224684,0.002,0.016,markov,0.68,extended_moore_r2,50,100,0.9,0.2323937508259314,0.3,0,0.42,0.08,300,0.3695597153630667,0.2,20,1.0477847210669835,-0.0195356785614902,3.4687682691922398e-18,0.2,plastic,primary,,False,alpha_async,50,260,400,5,-1,1.0,0.6,0.6,100,0.0283073555550836,0,0,40,0.974657600308642,2,0,0.25,0.01,0.75,50.0,order_ab,30.0,0.45,0.2,0.1,0.002,8.0,72,500,0.4765597749114666,-0.0349201036725172,0.0,0.125,0.1447301993082667,extended_moore_r2__ql__plastic__intr0__struct0__alpha_async__order_ab__s5__2c829d827c,-0.0190094629333967,-0.0267057932388692,0.25,0.8422611230567991,0.002,ql,50,100,0.9,0.252491035616098,0.3,0.42,0.08,300,0.4157336668115538,20,0.8351124901736853,-0.0076963303054724,2.456971290516201e-18,0.2,primary,,False,50,260,400,-1,1.0,100,0.0038620268275301,0,40,0.9751157407407408,2,0,0.25,0.01,0.75,50.0,30.0,0.45,0.2,0.1,0.002,8.0,0.062250483204200624,0.0656680979343307,0.0,0.21267223089329823,0.34059081203182956
72,500,0.4130916201023333,0.5,-0.0958032244068804,0.0,0.125,0.0,extended_moore_r2__markov__fixed__intr0__struct0__alpha_async__order_ba__s2__2fc8a27df7,0.0426060605795266,0.0268230359019279,0.25,False,0.5303534041020864,0.002,0.016,markov,0.68,extended_moore_r2,50,100,0.9,0.3979994227683548,0.3,0,0.42,0.08,300,0.3716250480125276,0.2,20,1.2154535853594115,-0.0157830246775987,1.9035755159019106e-18,0.2,fixed,primary,,False,alpha_async,50,260,400,2,-1,1.0,0.6,0.6,100,0.2060152963705212,0,0,40,1.0,2,0,0.25,0.01,0.75,50.0,order_ba,30.0,0.45,0.2,0.1,0.002,8.0,72,500,0.4873334233013671,-0.1201238400694489,0.0,0.125,0.1670650013902282,extended_moore_r2__ql__fixed__intr0__struct0__alpha_async__order_ba__s2__8801835ca1,0.0108955832243536,-0.0105897971212501,0.25,0.7883445288747783,0.002,ql,50,100,0.9,0.294007231868941,0.3,0.42,0.08,300,0.4179057497348682,20,0.8684565289687258,-0.0214853803456037,2.224623083728289e-18,0.2,primary,,False,50,260,400,-1,1.0,100,0.0362040187989286,0,40,1.0,2,0,0.25,0.01,0.75,50.0,30.0,0.45,0.2,0.1,0.002,8.0,0.07424180319903378,0.2579911247726919,0.0,0.3469970563906857,0.6792299843624114
72,500,0.4116433130695841,0.5,0.2127378155423052,0.0,0.125,0.0,extended_moore_r2__markov__plastic__intr0__struct0__alpha_async__order_ba__s3__6654f430e6,0.0244447179614086,0.0233672236856552,0.25,False,0.7578295996742084,0.002,0.016,markov,0.68,extended_moore_r2,50,100,0.9,0.2328323893934964,0.3,0,0.42,0.08,300,0.3650646186518252,0.2,20,1.14763490103393,-0.0010774942757534,3.229147751896589e-18,0.2,plastic,primary,,False,alpha_async,50,260,400,3,-1,1.0,0.6,0.6,100,0.0394041229294843,0,0,40,0.9770769032921812,2,0,0.25,0.01,0.75,50.0,order_ba,30.0,0.45,0.2,0.1,0.002,8.0,72,500,0.4828637229208689,-0.0409104611473154,0.0,0.125,0.145682793894962,extended_moore_r2__ql__plastic__intr0__struct0__alpha_async__order_ba__s3__f9ca843be2,-0.0354431947210635,-0.0292234643657919,0.25,0.8388869095789868,0.002,ql,50,100,0.9,0.2557412789211409,0.3,0.42,0.08,300,0.4142861280295884,20,0.8194200003308459,0.0062197303552715,2.837592635745969e-18,0.2,primary,,False,50,260,400,-1,1.0,100,0.0038532021566858,0,40,0.975975758744856,2,0,0.25,0.01,0.75,50.0,30.0,0.45,0.2,0.1,0.002,8.0,0.07122040985128475,0.08105730990477844,0.0,0.328214900703084,0.4804926204591472
72,500,0.4541348579103143,0.5,-0.2881427390401936,0.0,0.125,0.0,extended_moore_r2__markov__fixed__intr0__struct0__block_async__baseline__s4__0ce43f5afd,0.0198264372264347,-0.0020818278915595,0.25,False,0.4299641761398142,0.002,0.016,markov,0.68,extended_moore_r2,50,100,0.9,0.5113919610397416,0.3,0,0.42,0.08,300,0.4541407631540198,0.2,20,0.976007328584474,,7.387907090008698e-18,0.2,fixed,primary,,False,block_async,50,260,400,4,-1,1.0,0.6,0.6,100,0.1667799427446221,0,0,40,1.0,2,0,0.25,0.01,0.75,50.0,baseline,30.0,0.45,0.2,0.1,0.002,8.0,72,500,0.4506796025116636,-0.2896975632832147,0.0,0.125,0.2796465054136134,extended_moore_r2__ql__fixed__intr0__struct0__block_async__baseline__s4__cd4d15b9e3,0.0178068150181753,0.0034887884877046,0.25,0.508732211743749,0.002,ql,50,100,0.9,0.4874471949485167,0.3,0.42,0.08,300,0.4506304164091027,20,0.9682941689609812,,8.445617887811773e-18,0.2,primary,,False,50,260,400,-1,1.0,100,0.4180179797845688,0,40,1.0,2,0,0.25,0.01,0.75,50.0,30.0,0.45,0.2,0.1,0.002,8.0,0.003455255398650714,0.07876803560393486,0.0,0.007713159623492838,0.08993645062607841
72,500,0.325198324597956,0.5,-0.15270570050969,0.0,0.125,0.0,extended_moore_r2__markov__plastic__intr0__struct0__block_async__baseline__s1__75307d123e,-0.0062493903701998,0.0254201378603479,0.25,False,0.7227079557290327,0.002,0.016,markov,0.68,extended_moore_r2,50,100,0.9,0.2522186038812101,0.3,0,0.42,0.08,300,0.3228612574235711,0.2,20,0.5995679654559554,,5.325761703962758e-18,0.2,plastic,primary,,False,block_async,50,260,400,1,-1,1.0,0.6,0.6,100,0.0301492019002036,0,0,40,0.8609985853909465,2,0,0.25,0.01,0.75,50.0,baseline,30.0,0.45,0.2,0.1,0.002,8.0,72,500,0.2970607697562076,-0.1744254015901967,0.0,0.125,0.245402843700193,extended_moore_r2__ql__plastic__intr0__struct0__block_async__baseline__s1__2913ad61d4,-0.0024864985602335,-0.0072030583237615,0.25,0.6886100469251294,0.002,ql,50,100,0.9,0.2519921496076783,0.3,0.42,0.08,300,0.2954188322678573,20,0.7272778551128111,,4.595320638067151e-18,0.2,primary,,False,50,260,400,-1,1.0,100,0.0529188643233329,0,40,0.8295235339506173,2,0,0.25,0.01,0.75,50.0,30.0,0.45,0.2,0.1,0.002,8.0,0.028137554841748402,0.03409790880390329,0.0,0.1277098896568557,0.1899453533025074
72,500,0.453918357350049,0.5,-0.2905551785313849,0.0,0.125,0.0,extended_moore_r2__markov__fixed__intr0__struct0__block_async__imprint__s4__a01ed2cff1,0.020918008910047,0.0027037803259664,0.25,False,0.4366527335092646,0.002,0.016,markov,0.68,extended_moore_r2,50,100,0.9,0.5065620783855154,0.3,0,0.42,0.08,300,0.4539331068310356,0.2,20,0.976331860664004,,2.414566266228647e-18,0.2,fixed,primary,,False,block_async,50,260,400,4,-1,1.0,0.6,0.6,100,0.3177409507056151,0,0,40,1.0,2,0,0.25,0.01,0.75,50.0,imprint,30.0,0.45,0.2,0.1,0.002,8.0,72,500,0.4503387537471437,-0.2912516746097567,0.0,0.125,0.2791205670746535,extended_moore_r2__ql__fixed__intr0__struct0__block_async__imprint__s4__8fa7f1285b,0.018809197074575,0.0040937080597225,0.25,0.5158224918040784,0.002,ql,50,100,0.9,0.4825547553379228,0.3,0.42,0.08,300,0.4503334229871438,20,0.9718680347910916,,9.088619476559413e-18,0.2,primary,,False,50,260,400,-1,1.0,100,0.4509755373754999,0,40,1.0,2,0,0.25,0.01,0.75,50.0,30.0,0.45,0.2,0.1,0.002,8.0,0.003579603602905268,0.07916975829481376,0.0,0.004463825872912386,0.08721318777063142
72,500,0.3623688614666577,0.5,-0.1553372479732595,0.0,0.125,0.0,extended_moore_r2__markov__plastic__intr0__struct0__block_async__imprint__s5__e62c902d97,0.0024689075774833,-0.0308528771415461,0.25,False,0.794736923177239,0.002,0.016,markov,0.68,extended_moore_r2,50,100,0.9,0.226301748949622,0.3,0,0.42,0.08,300,0.357599523648324,0.2,20,0.356601511163579,,5.207035909996797e-18,0.2,plastic,primary,,False,block_async,50,260,400,5,-1,1.0,0.6,0.6,100,0.0517300678418271,0,0,40,0.9078896604938272,2,0,0.25,0.01,0.75,50.0,imprint,30.0,0.45,0.2,0.1,0.002,8.0,72,500,0.3205586001031084,-0.1796427837008234,0.0,0.125,0.2357046349587306,extended_moore_r2__ql__plastic__intr0__struct0__block_async__imprint__s5__c7863fffa8,0.0230200008195159,0.0010881095026175,0.25,0.702102391011503,0.002,ql,50,100,0.9,0.2676121543251648,0.3,0.42,0.08,300,0.3168136068122022,20,0.587050374534355,,4.371623531723647e-18,0.2,primary,,False,50,260,400,-1,1.0,100,0.0534688077966895,0,40,0.8571325231481481,2,0,0.25,0.01,0.75,50.0,30.0,0.45,0.2,0.1,0.002,8.0,0.04181026136354932,0.09263453216573603,0.0,0.23044886337077602,0.36489365690006137
72,500,0.4539183665228153,0.5,-0.2905540191630464,0.0,0.125,0.0,extended_moore_r2__markov__fixed__intr0__struct0__block_async__lesion__s4__bcd3da57e6,0.0209169098786875,0.002702746069828,0.25,False,0.4366552817470767,0.002,0.016,markov,0.68,extended_moore_r2,50,100,0.9,0.5065628349368614,0.3,0,0.42,0.08,300,0.4539331435695555,0.2,20,0.976331860664004,,2.572485549124197e-18,0.2,fixed,primary,0.0212718172506373,False,block_async,50,260,400,4,-1,1.0,0.6,0.6,100,0.3176844286809455,0,0,40,1.0,2,0,0.25,0.01,0.75,50.0,lesion,30.0,0.45,0.2,0.1,0.002,8.0,72,500,0.4503384188811208,-0.2912545098090178,0.0,0.125,0.2791199715018769,extended_moore_r2__ql__fixed__intr0__struct0__block_async__lesion__s4__4d4255a237,0.0188029945088054,0.0039907078535439,0.25,0.5158375777979177,0.002,ql,50,100,0.9,0.4825540278103288,0.3,0.42,0.08,300,0.4503330701094826,20,0.971712486460161,,1.079536420979652e-17,0.2,primary,0.0187900391092353,False,50,260,400,-1,1.0,100,0.4510753768530365,0,40,1.0,2,0,0.25,0.01,0.75,50.0,30.0,0.45,0.2,0.1,0.002,8.0,0.003579947641694503,0.07918229605084104,0.0024817781414020017,0.004619374203843063,0.08986339603778061
72,500,0.3622672941833338,0.5,-0.1547900531905286,0.0,0.125,0.0,extended_moore_r2__markov__plastic__intr0__struct0__block_async__lesion__s5__ee8d7f3986,0.0056469039125416,-0.0299424174569437,0.25,False,0.7942415572475101,0.002,0.016,markov,0.68,extended_moore_r2,50,100,0.9,0.2262018313136295,0.3,0,0.42,0.08,300,0.3580402249308328,0.2,20,0.3605801126218164,,5.305437940587965e-18,0.2,plastic,primary,0.0180349490033912,False,block_async,50,260,400,5,-1,1.0,0.6,0.6,100,0.0492788862951196,0,0,40,0.9080905992798354,2,0,0.25,0.01,0.75,50.0,lesion,30.0,0.45,0.2,0.1,0.002,8.0,72,500,0.3207155606901734,-0.1793460901086053,0.0,0.125,0.2356109060506508,extended_moore_r2__ql__plastic__intr0__struct0__block_async__lesion__s5__40a0d88fb6,0.0234375067102834,0.002896888976919,0.25,0.7027536389714254,0.002,ql,50,100,0.9,0.2675049505714548,0.3,0.42,0.08,300,0.3170813075647363,20,0.5885431501881289,,4.306706023419816e-18,0.2,primary,0.0255697800498343,False,50,260,400,-1,1.0,100,0.0524880085493059,0,40,0.8571164480452675,2,0,0.25,0.01,0.75,50.0,30.0,0.45,0.2,0.1,0.002,8.0,0.041551733493160437,0.09148791827608471,0.007534831046443102,0.22796303756631248,0.3685375203820007
72,500,0.4533230701400572,0.5,-0.2880039877114482,0.0,0.125,0.0,extended_moore_r2__markov__fixed__intr0__struct0__block_async__order_ab__s5__cb45d2ac70,0.0017304073445741,-0.0034388662437169,0.25,False,0.447743622191714,0.002,0.016,markov,0.68,extended_moore_r2,50,100,0.9,0.5060428223145902,0.3,0,0.42,0.08,300,0.4514562785060199,0.2,20,0.9738512396226368,-0.005169273588291,6.585376006968854e-18,0.2,fixed,primary,,False,block_async,50,260,400,5,-1,1.0,0.6,0.6,100,0.1419012316860156,0,0,40,1.0,2,0,0.25,0.01,0.75,50.0,order_ab,30.0,0.45,0.2,0.1,0.002,8.0,72,500,0.4507409912334095,-0.2899895993624097,0.0,0.125,0.2788413617784522,extended_moore_r2__ql__fixed__intr0__struct0__block_async__order_ab__s5__303f84c7cd,0.0109090195575194,0.0004483024226031,0.25,0.5112374161130171,0.002,ql,50,100,0.9,0.4878847979445321,0.3,0.42,0.08,300,0.4498060984384453,20,0.9652979520022926,-0.0104607171349162,8.730148289292919e-18,0.2,primary,,False,50,260,400,-1,1.0,100,0.3493966952620088,0,40,1.0,2,0,0.25,0.01,0.75,50.0,30.0,0.45,0.2,0.1,0.002,8.0,0.002582078906647689,0.06349379392130311,0.0,0.00855328762034413,0.07462916044829493
72,500,0.3983105186839982,0.5,-0.1854650267619082,0.0,0.125,0.0,extended_moore_r2__markov__plastic__intr0__struct0__block_async__order_ab__s4__b9ed93c6ae,-0.0089252669434225,-0.0242652935382966,0.25,False,0.8730286364643207,0.002,0.016,markov,0.68,extended_moore_r2,50,100,0.9,0.1923038846971424,0.3,0,0.42,0.08,300,0.3920790422792913,0.2,20,0.1533456761231333,-0.0153400265948741,5.5636772732728256e-18,0.2,plastic,primary,,False,block_async,50,260,400,4,-1,1.0,0.6,0.6,100,0.0485036919081258,0,0,40,0.9511557998971192,2,0,0.25,0.01,0.75,50.0,order_ab,30.0,0.45,0.2,0.1,0.002,8.0,72,500,0.3664082140141288,-0.1870507082124481,0.0,0.125,0.2032805646497407,extended_moore_r2__ql__plastic__intr0__struct0__block_async__order_ab__s4__199723e2ec,0.0139374314046433,-0.0103103050249176,0.25,0.7965142114805299,0.002,ql,50,100,0.9,0.2382272916545131,0.3,0.42,0.08,300,0.359838573969674,20,0.314588737538944,-0.0242477364295609,5.494760810205515e-18,0.2,primary,,False,50,260,400,-1,1.0,100,0.0509244676199394,0,40,0.9180330504115226,2,0,0.25,0.01,0.75,50.0,30.0,0.45,0.2,0.1,0.002,8.0,0.031902304669869375,0.0765144249837908,0.0,0.1612430614158107,0.2696597910694709
72,500,0.4538195548243807,0.5,-0.2884591754994215,0.0,0.125,0.0,extended_moore_r2__markov__fixed__intr0__struct0__block_async__order_ba__s5__e2763ba1f5,0.0210399762395395,0.0042057520484179,0.25,False,0.4334122256802999,0.002,0.016,markov,0.68,extended_moore_r2,50,100,0.9,0.5095901227693165,0.3,0,0.42,0.08,300,0.4517703928961333,0.2,20,0.9765548937161534,-0.0168342241911216,5.5796957688964695e-18,0.2,fixed,primary,,False,block_async,50,260,400,5,-1,1.0,0.6,0.6,100,0.1454044437852164,0,0,40,1.0,2,0,0.25,0.01,0.75,50.0,order_ba,30.0,0.45,0.2,0.1,0.002,8.0,72,500,0.4507008356524965,-0.2882901034429045,0.0,0.125,0.2791535435923636,extended_moore_r2__ql__fixed__intr0__struct0__block_async__order_ba__s5__5822e7e2ec,0.0191204698812809,0.0016647587792276,0.25,0.5062091821900101,0.002,ql,50,100,0.9,0.4886208855626945,0.3,0.42,0.08,300,0.4497642425919633,20,0.97074329900599,-0.0174557111020533,8.851353040030123e-18,0.2,primary,,False,50,260,400,-1,1.0,100,0.3692508658864007,0,40,1.0,2,0,0.25,0.01,0.75,50.0,30.0,0.45,0.2,0.1,0.002,8.0,0.0031187191718841656,0.07279695650971019,0.0,0.005811594710163459,0.08172727039175781
72,500,0.4042929694684732,0.5,-0.1569407618395161,0.0,0.125,0.0,extended_moore_r2__markov__plastic__intr0__struct0__block_async__order_ba__s1__e6923e86ee,-0.0214222691474428,-0.0340156424895095,0.25,False,0.8778342667707426,0.002,0.016,markov,0.68,extended_moore_r2,50,100,0.9,0.184866810607978,0.3,0,0.42,0.08,300,0.4003037248937234,0.2,20,0.2110356197670692,-0.0125933733420666,3.862462421074795e-18,0.2,plastic,primary,,False,block_async,50,260,400,1,-1,1.0,0.6,0.6,100,0.0595482368895244,0,0,40,0.9477237654320988,2,0,0.25,0.01,0.75,50.0,order_ba,30.0,0.45,0.2,0.1,0.002,8.0,72,500,0.3703917048954916,-0.1786487534071582,0.0,0.125,0.1994946194792555,extended_moore_r2__ql__plastic__intr0__struct0__block_async__order_ba__s1__fc57891dad,-0.0057284016318343,0.0030885645130708,0.25,0.8048417274277169,0.002,ql,50,100,0.9,0.2320918835773992,0.3,0.42,0.08,300,0.3650665981727293,20,0.2914930280920689,0.0088169661449052,4.594633881277656e-18,0.2,primary,,False,50,260,400,-1,1.0,100,0.0374920287297171,0,40,0.919045781893004,2,0,0.25,0.01,0.75,50.0,30.0,0.45,0.2,0.1,0.002,8.0,0.03390126457298159,0.07299253934302574,0.0,0.0804574083249997,0.18735121224100704
72,500,0.4247026949829932,0.5,0.4448512174413239,0.0,0.125,0.0,extended_moore_r2__markov__fixed__intr0__struct0__synchronous__baseline__s4__fe143361b9,-0.0061539908716092,0.0070481987806198,0.25,False,0.8696972894592081,0.002,0.016,markov,0.68,extended_moore_r2,50,100,0.9,0.1504972426355329,0.3,0,0.42,0.08,300,0.414891748009189,0.2,20,1.2103923747629026,,4.337888769042952e-18,0.2,fixed,primary,,False,synchronous,50,260,400,4,-1,1.0,0.6,0.6,100,0.013931878556604,0,0,40,1.0,2,0,0.25,0.01,0.75,50.0,baseline,30.0,0.45,0.2,0.1,0.002,8.0,72,500,0.4015864133821686,0.4508072219771509,0.0,0.125,0.2114552894933597,extended_moore_r2__ql__fixed__intr0__struct0__synchronous__baseline__s4__89d38dd7ea,0.0196719533825168,0.0209124819736725,0.25,0.8483650835395158,0.002,ql,50,100,0.9,0.1525577433901118,0.3,0.42,0.08,300,0.4104156469922546,20,1.2420436637265613,,3.821310578031618e-18,0.2,primary,,False,50,260,400,-1,1.0,100,0.012979422356394,0,40,1.0,2,0,0.25,0.01,0.75,50.0,30.0,0.45,0.2,0.1,0.002,8.0,0.023116281600824573,0.021332205919692315,0.0,0.03165128896365865,0.07609977648417554
72,500,0.4155198882367393,0.5,0.4290559725988697,0.0,0.125,0.0,extended_moore_r2__markov__plastic__intr0__struct0__synchronous__baseline__s5__7cb098608e,0.0366662810392988,0.0160729517721714,0.25,False,0.8678707189638475,0.002,0.016,markov,0.68,extended_moore_r2,50,100,0.9,0.1510509475344152,0.3,0,0.42,0.08,300,0.414382597552644,0.2,20,1.13627692260881,,3.9728601569946856e-18,0.2,plastic,primary,,False,synchronous,50,260,400,5,-1,1.0,0.6,0.6,100,0.0144723746536965,0,0,40,1.0,2,0,0.25,0.01,0.75,50.0,baseline,30.0,0.45,0.2,0.1,0.002,8.0,72,500,0.4112770998562907,0.4350961157070884,0.0,0.125,0.2110440990141246,extended_moore_r2__ql__plastic__intr0__struct0__synchronous__baseline__s5__42ab423ef1,-0.0399993603098671,-0.007045413532555,0.25,0.856596516396581,0.002,ql,50,100,0.9,0.1550170490512277,0.3,0.42,0.08,300,0.4095932815252646,20,1.2156424302349254,,4.859616373577328e-18,0.2,primary,,False,50,260,400,-1,1.0,100,0.0124207054235029,0,40,1.0,2,0,0.25,0.01,0.75,50.0,30.0,0.45,0.2,0.1,0.002,8.0,0.004242788380448614,0.011274202567266522,0.0,0.07936550762611527,0.09488249857383041
72,500,0.412944976118512,0.5,0.4420438916358275,0.0,0.125,0.0,extended_moore_r2__markov__fixed__intr0__struct0__synchronous__imprint__s4__55d1a9991e,0.0047013993633165,-0.0099274881210827,0.25,False,0.868324439892205,0.002,0.016,markov,0.68,extended_moore_r2,50,100,0.9,0.1479493648170232,0.3,0,0.42,0.08,300,0.4148058855944025,0.2,20,1.1618018328690496,,4.825064561838483e-18,0.2,fixed,primary,,False,synchronous,50,260,400,4,-1,1.0,0.6,0.6,100,0.0131765858210031,0,0,40,1.0,2,0,0.25,0.01,0.75,50.0,imprint,30.0,0.45,0.2,0.1,0.002,8.0,72,500,0.4171279213521606,0.4588192196334179,0.0,0.125,0.2179382797728908,extended_moore_r2__ql__fixed__intr0__struct0__synchronous__imprint__s4__9b23384fcf,-0.0033200981173854,0.0183013745924752,0.25,0.8516012382170661,0.002,ql,50,100,0.9,0.1549650928168844,0.3,0.42,0.08,300,0.4092485189085661,20,1.2633487259646152,,3.321768545527713e-18,0.2,primary,,False,50,260,400,-1,1.0,100,0.0141438468371456,0,40,1.0,2,0,0.25,0.01,0.75,50.0,30.0,0.45,0.2,0.1,0.002,8.0,0.004182945233648594,0.016723201675138855,0.0,0.10154689309556564,0.12245304000435309
72,500,0.0217494334875325,0.5,0.7504779298277138,0.0,0.125,0.0,extended_moore_r2__markov__plastic__intr0__struct0__synchronous__imprint__s1__533c2a922c,0.163601320474756,0.1946852283671392,0.25,False,0.0494344882426305,0.002,0.016,markov,0.68,extended_moore_r2,50,100,0.9,0.0130135764920111,0.3,0,0.42,0.08,300,0.0239393616444549,0.2,20,0.2681526529169983,,1.872855549602095e-17,0.2,plastic,primary,,False,synchronous,50,260,400,1,-1,1.0,0.6,0.6,100,0.0412756293998381,0,0,40,0.9786522633744856,2,0,0.25,0.01,0.75,50.0,imprint,30.0,0.45,0.2,0.1,0.002,8.0,72,500,0.4103840946680072,0.4227227352749533,0.0,0.125,0.2125937680935885,extended_moore_r2__ql__plastic__intr0__struct0__synchronous__imprint__s1__f92493133a,-0.0704801012940993,0.0090937444795691,0.25,0.8525949977284799,0.002,ql,50,100,0.9,0.1580649960413241,0.3,0.42,0.08,300,0.4090008715929896,20,1.1972588143050371,,4.373122582836359e-18,0.2,primary,,False,50,260,400,-1,1.0,100,0.0111160526564588,0,40,0.9846000514403292,2,0,0.25,0.01,0.75,50.0,30.0,0.45,0.2,0.1,0.002,8.0,0.3886346611804747,0.8031605094858494,0.0,0.9291061613880388,2.120901332054363
72,500,0.418619368552809,0.5,0.4484849753506132,0.0,0.125,0.0,extended_moore_r2__markov__fixed__intr0__struct0__synchronous__lesion__s3__13719abfa4,-0.0099208935419914,0.0034499208373514,0.25,False,0.8644798895505478,0.002,0.016,markov,0.68,extended_moore_r2,50,100,0.9,0.1514310240600764,0.3,0,0.42,0.08,300,0.4144120362818592,0.2,20,1.197792439333996,,3.804164572920601e-18,0.2,fixed,primary,-0.007843333109585,False,synchronous,50,260,400,3,-1,1.0,0.6,0.6,100,0.011879962338281,0,0,40,1.0,2,0,0.25,0.01,0.75,50.0,lesion,30.0,0.45,0.2,0.1,0.002,8.0,72,500,0.4133142732003049,0.4440328350599449,0.0,0.125,0.2083118741569278,extended_moore_r2__ql__fixed__intr0__struct0__synchronous__lesion__s3__45c62ae467,-0.0097649229861403,-0.0111325902254281,0.25,0.8520304339312341,0.002,ql,50,100,0.9,0.1563079882082935,0.3,0.42,0.08,300,0.4097425227185967,20,1.250812261725968,,3.967044770682562e-18,0.2,primary,0.1118439542319102,False,50,260,400,-1,1.0,100,0.0171217100475171,0,40,1.0,2,0,0.25,0.01,0.75,50.0,30.0,0.45,0.2,0.1,0.002,8.0,0.005305095352504119,0.012449455619313654,0.1196872873414952,0.053019822391972005,0.19046166070528497
72,500,0.0246324580767241,0.5,0.7703397856497863,0.0,0.125,0.0,extended_moore_r2__markov__plastic__intr0__struct0__synchronous__lesion__s2__1b80e5776c,0.1583362188130408,0.2306055857903012,0.25,False,0.0484311589512709,0.002,0.016,markov,0.68,extended_moore_r2,50,100,0.9,0.0142086086548225,0.3,0,0.42,0.08,300,0.023166854022386,0.2,20,0.3084142298992876,,1.6123370128646568e-17,0.2,plastic,primary,0.1964124830426838,False,synchronous,50,260,400,2,-1,1.0,0.6,0.6,100,0.0409159096293413,0,0,40,0.9785718878600824,2,0,0.25,0.01,0.75,50.0,lesion,30.0,0.45,0.2,0.1,0.002,8.0,72,500,0.417593383848577,0.4180188640088482,0.0,0.125,0.2157063505697041,extended_moore_r2__ql__plastic__intr0__struct0__synchronous__lesion__s2__395863fb0d,-0.0665325026270925,-0.0074210025812316,0.25,0.8566984279137507,0.002,ql,50,100,0.9,0.1589817778679461,0.3,0.42,0.08,300,0.4083359921577226,20,1.184931224555818,,4.185309012112871e-18,0.2,primary,-0.0517482625226029,False,50,260,400,-1,1.0,100,0.0115880394007666,0,40,0.9845277134773662,2,0,0.25,0.01,0.75,50.0,30.0,0.45,0.2,0.1,0.002,8.0,0.39296092577185293,0.8082672689624798,0.2481607455652867,0.8765169946565303,2.3259059349561495
72,500,0.4154423495074387,0.5,0.4613470561431663,0.0,0.125,0.0,extended_moore_r2__markov__fixed__intr0__struct0__synchronous__order_ab__s3__f675010502,0.0062545134894468,-0.0322169980064519,0.25,False,0.8669414544325992,0.002,0.016,markov,0.68,extended_moore_r2,50,100,0.9,0.1457910882172997,0.3,0,0.42,0.08,300,0.4125444753362359,0.2,20,1.2441564923840456,-0.0384715114958988,4.279512878425472e-18,0.2,fixed,primary,,False,synchronous,50,260,400,3,-1,1.0,0.6,0.6,100,0.0147438953040493,0,0,40,1.0,2,0,0.25,0.01,0.75,50.0,order_ab,30.0,0.45,0.2,0.1,0.002,8.0,72,500,0.4079525072137159,0.4671555932081609,0.0,0.125,0.2235779611312793,extended_moore_r2__ql__fixed__intr0__struct0__synchronous__order_ab__s3__d694159edf,0.0399976016197535,0.0098383703886648,0.25,0.8504743633718045,0.002,ql,50,100,0.9,0.1514607605039625,0.3,0.42,0.08,300,0.4058660801297952,20,1.2701518656648,-0.0301592312310886,4.157699502732825e-18,0.2,primary,,False,50,260,400,-1,1.0,100,0.0125021824808872,0,40,1.0,2,0,0.25,0.01,0.75,50.0,30.0,0.45,0.2,0.1,0.002,8.0,0.007489842293722793,0.016467091060794692,0.0,0.02599537328075452,0.049952306635272004
72,500,0.3973780986481723,0.5,0.4643929922226128,0.0,0.125,0.0,extended_moore_r2__markov__plastic__intr0__struct0__synchronous__order_ab__s4__62713123e0,-0.0694780549773487,-0.1680185800148232,0.25,False,0.8244960908475323,0.002,0.016,markov,0.68,extended_moore_r2,50,100,0.9,0.1555247380578347,0.3,0,0.42,0.08,300,0.3958095567607685,0.2,20,1.2549501850027234,-0.0985405250374744,4.187906262044723e-18,0.2,plastic,primary,,False,synchronous,50,260,400,4,-1,1.0,0.6,0.6,100,0.0147652912324439,0,0,40,0.9746977880658436,2,0,0.25,0.01,0.75,50.0,order_ab,30.0,0.45,0.2,0.1,0.002,8.0,72,500,0.4069658661939021,0.4136245721429442,0.0,0.125,0.2133338958075895,extended_moore_r2__ql__plastic__intr0__struct0__synchronous__order_ab__s4__6dacf84ee0,-0.0620418506613181,-0.053950812890207,0.25,0.8482948368447035,0.002,ql,50,100,0.9,0.1607619244338132,0.3,0.42,0.08,300,0.4072646241237383,20,1.1976119140498875,0.0080910377711111,3.514342695974408e-18,0.2,primary,,False,50,260,400,-1,1.0,100,0.0115993144885213,0,40,0.9780494470164608,2,0,0.25,0.01,0.75,50.0,30.0,0.45,0.2,0.1,0.002,8.0,0.00958776754572982,0.023798745997171245,0.0,0.057338270952835835,0.0907247844957369
72,500,0.4072429668676688,0.5,0.4403457971730866,0.0,0.125,0.0,extended_moore_r2__markov__fixed__intr0__struct0__synchronous__order_ba__s3__820ad5f81b,-0.005040036345383,0.003875348317562,0.25,False,0.8595537772065862,0.002,0.016,markov,0.68,extended_moore_r2,50,100,0.9,0.1499519705488445,0.3,0,0.42,0.08,300,0.4100131916822812,0.2,20,1.1747280584462518,0.0089153846629451,4.61904043146971e-18,0.2,fixed,primary,,False,synchronous,50,260,400,3,-1,1.0,0.6,0.6,100,0.0112842755848966,0,0,40,1.0,2,0,0.25,0.01,0.75,50.0,order_ba,30.0,0.45,0.2,0.1,0.002,8.0,72,500,0.4200787445143359,0.4644991422427945,0.0,0.125,0.2179575262909116,extended_moore_r2__ql__fixed__intr0__struct0__synchronous__order_ba__s3__34ce80fcba,0.0051434051305904,0.0078523831118973,0.25,0.8492836968556421,0.002,ql,50,100,0.9,0.1562577063359908,0.3,0.42,0.08,300,0.4077387016632848,20,1.2858393265592123,0.0027089779813068,4.5912629394087424e-18,0.2,primary,,False,50,260,400,-1,1.0,100,0.0115260894068782,0,40,1.0,2,0,0.25,0.01,0.75,50.0,30.0,0.45,0.2,0.1,0.002,8.0,0.012835777646667101,0.010270080350944122,0.0,0.11111126811296046,0.13421712611057168
72,500,0.4010781768235482,0.5,0.4736419678004321,0.0,0.125,0.0,extended_moore_r2__markov__plastic__intr0__struct0__synchronous__order_ba__s1__84827cc1bc,-0.1231324414103139,-0.182986855035745,0.25,False,0.8319561873787586,0.002,0.016,markov,0.68,extended_moore_r2,50,100,0.9,0.152011542515963,0.3,0,0.42,0.08,300,0.3978856641483494,0.2,20,1.2911125816515034,-0.0598544136254311,4.459325297693164e-18,0.2,plastic,primary,,False,synchronous,50,260,400,1,-1,1.0,0.6,0.6,100,0.0162934845109517,0,0,40,0.9758632330246914,2,0,0.25,0.01,0.75,50.0,order_ba,30.0,0.45,0.2,0.1,0.002,8.0,72,500,0.4028071381105725,0.4271560914610753,0.0,0.125,0.2137082700560141,extended_moore_r2__ql__plastic__intr0__struct0__synchronous__order_ba__s1__f03527fe7a,-0.0469607871352226,-0.1161704966013338,0.25,0.8463097049256205,0.002,ql,50,100,0.9,0.1566024542004397,0.3,0.42,0.08,300,0.405215428172628,20,1.2382761806792628,-0.0692097094661111,4.2519530804728e-18,0.2,primary,,False,50,260,400,-1,1.0,100,0.0113688165578357,0,40,0.9791184413580248,2,0,0.25,0.01,0.75,50.0,30.0,0.45,0.2,0.1,0.002,8.0,0.001728961287024322,0.014353517546861871,0.0,0.05283640097224063,0.06891887980612682
72,500,0.4714940646815267,0.5,-0.4287449601571583,0.0,0.125,0.0,hex_cells__markov__fixed__intr0__struct0__alpha_async__baseline__s5__ba13e94212,0.0043207036666112,-0.0009503104329344,0.25,False,0.4908304141987627,0.002,0.016,markov,0.68,hex_cells,50,100,0.9,0.5556213111043535,0.3,0,0.42,0.08,300,0.4706046909064724,0.2,20,1.3553904628184632,,1.9898791163142213e-18,0.2,fixed,primary,,False,alpha_async,50,260,400,5,-1,1.0,0.6,0.6,100,0.0198649257813708,0,0,40,1.0,2,0,0.25,0.01,0.75,50.0,baseline,30.0,0.45,0.2,0.1,0.002,8.0,72,500,0.4650975059128517,-0.4110343157748048,0.0,0.125,0.2911118045423712,hex_cells__ql__fixed__intr0__struct0__alpha_async__baseline__s5__bda295db73,-0.0095046436867362,-0.0013828434453227,0.25,0.5560848298252695,0.002,ql,50,100,0.9,0.5278569737827817,0.3,0.42,0.08,300,0.4640432259682432,20,1.280539319946308,,1.4137854354389097e-18,0.2,primary,,False,50,260,400,-1,1.0,100,0.0150560801488182,0,40,1.0,2,0,0.25,0.01,0.75,50.0,30.0,0.45,0.2,0.1,0.002,8.0,0.006396558768675009,0.0652544156265068,0.0,0.07485114287215522,0.14650211726733703
72,500,0.4518593613027728,0.5,-0.3621060147521152,0.0,0.125,0.0,hex_cells__markov__plastic__intr0__struct0__alpha_async__baseline__s1__279017d675,-0.0008787617551674,0.0040223775896595,0.25,False,0.540648452997001,0.002,0.016,markov,0.68,hex_cells,50,100,0.9,0.5034741148195315,0.3,0,0.42,0.08,300,0.4494283800924176,0.2,20,1.3780958003498878,,1.866336365170673e-18,0.2,plastic,primary,,False,alpha_async,50,260,400,1,-1,1.0,0.6,0.6,100,0.0131059271868606,0,0,40,1.0,2,0,0.25,0.01,0.75,50.0,baseline,30.0,0.45,0.2,0.1,0.002,8.0,72,500,0.4474075384850689,-0.3513393298670009,0.0,0.125,0.2714046038595711,hex_cells__ql__plastic__intr0__struct0__alpha_async__baseline__s1__9924a1306e,-0.0178250177031178,-0.0056997728498881,0.25,0.58324617911143,0.002,ql,50,100,0.9,0.4852665898971683,0.3,0.42,0.08,300,0.4464054213350328,20,1.335999659881334,,2.342100920405765e-18,0.2,primary,,False,50,260,400,-1,1.0,100,0.0122224095821123,0,40,1.0,2,0,0.25,0.01,0.75,50.0,30.0,0.45,0.2,0.1,0.002,8.0,0.004451822817703899,0.04259772611442891,0.0,0.04209614046855381,0.08914568940068662
72,500,0.468586413354766,0.5,-0.422513458436406,0.0,0.125,0.0,hex_cells__markov__fixed__intr0__struct0__alpha_async__imprint__s4__10a864316d,0.0073109794850105,0.0024514332749797,0.25,False,0.4961742968709881,0.002,0.016,markov,0.68,hex_cells,50,100,0.9,0.5505997137473658,0.3,0,0.42,0.08,300,0.4576093584827,0.2,20,1.357908823237177,,1.9315192491171217e-18,0.2,fixed,primary,,False,alpha_async,50,260,400,4,-1,1.0,0.6,0.6,100,0.0238844794292032,0,0,40,1.0,2,0,0.25,0.01,0.75,50.0,imprint,30.0,0.45,0.2,0.1,0.002,8.0,72,500,0.4622315423767977,-0.4037991875233693,0.0,0.125,0.2898886476122003,hex_cells__ql__fixed__intr0__struct0__alpha_async__imprint__s4__f9b7907687,0.0074648290920083,8.535362945102016e-05,0.25,0.5552069358701474,0.002,ql,50,100,0.9,0.5253583884246081,0.3,0.42,0.08,300,0.4591588319429132,20,1.2678719748860374,,1.6906697628292533e-18,0.2,primary,,False,50,260,400,-1,1.0,100,0.0206181780871977,0,40,1.0,2,0,0.25,0.01,0.75,50.0,30.0,0.45,0.2,0.1,0.002,8.0,0.006354870977968274,0.05903263899915928,0.0,0.09003684835113956,0.15542435832826712
72,500,0.4402644449942497,0.5,-0.3495305724708958,0.0,0.125,0.0,hex_cells__markov__plastic__intr0__struct0__alpha_async__imprint__s5__455117dfcb,0.0114195408665655,0.007550958218988,0.25,False,0.5696135051517276,0.002,0.016,markov,0.68,hex_cells,50,100,0.9,0.4813962582422906,0.3,0,0.42,0.08,300,0.4280335842318357,0.2,20,1.3616471961340937,,2.218711169189456e-18,0.2,plastic,primary,,False,alpha_async,50,260,400,5,-1,1.0,0.6,0.6,100,0.008672974695093,0,0,40,1.0,2,0,0.25,0.01,0.75,50.0,imprint,30.0,0.45,0.2,0.1,0.002,8.0,72,500,0.4408116932115327,-0.3400333594196348,0.0,0.125,0.2708087424062538,hex_cells__ql__plastic__intr0__struct0__alpha_async__imprint__s5__55cd01166a,0.0055442089513775,-0.0029937853929966,0.25,0.6028139222803661,0.002,ql,50,100,0.9,0.4675546950106249,0.3,0.42,0.08,300,0.4355432322233474,20,1.3125586679741574,,1.532909338868053e-18,0.2,primary,,False,50,260,400,-1,1.0,100,0.0073869162399814,0,40,1.0,2,0,0.25,0.01,0.75,50.0,30.0,0.45,0.2,0.1,0.002,8.0,0.0005472482172829696,0.033200417128638526,0.0,0.04908852815993625,0.08283619350585775
72,500,0.4703081092353235,0.5,-0.4261539643788256,0.0,0.125,0.0,hex_cells__markov__fixed__intr0__struct0__alpha_async__lesion__s1__cffa2921e9,0.0077685519774903,0.0014209364991188,0.25,False,0.4940480444483913,0.002,0.016,markov,0.68,hex_cells,50,100,0.9,0.5528679561106999,0.3,0,0.42,0.08,300,0.4593794045839936,0.2,20,1.352216874786339,,1.671708735962895e-18,0.2,fixed,primary,0.0102130126714706,False,alpha_async,50,260,400,1,-1,1.0,0.6,0.6,100,0.0275028321325557,0,0,40,1.0,2,0,0.25,0.01,0.75,50.0,lesion,30.0,0.45,0.2,0.1,0.002,8.0,72,500,0.4628483984575887,-0.4059540361208864,0.0,0.125,0.2897821986040992,hex_cells__ql__fixed__intr0__struct0__alpha_async__lesion__s1__09e7308745,0.0005062334414482,0.0066218595831075,0.25,0.554303042989188,0.002,ql,50,100,0.9,0.5265854532145833,0.3,0.42,0.08,300,0.4601795475387423,20,1.2714756212753322,,1.2243197749222824e-18,0.2,primary,-0.0039664412313636,False,50,260,400,-1,1.0,100,0.0128720795142143,0,40,1.0,2,0,0.25,0.01,0.75,50.0,30.0,0.45,0.2,0.1,0.002,8.0,0.007459710777734829,0.06025499854079669,0.014179453902834201,0.0807412535110068,0.16263541673237253
72,500,0.4423162695910229,0.5,-0.3479884212158597,0.0,0.125,0.0,hex_cells__markov__plastic__intr0__struct0__alpha_async__lesion__s1__1288a9a968,0.0119530728476962,0.0118921973360576,0.25,False,0.5715549432545568,0.002,0.016,markov,0.68,hex_cells,50,100,0.9,0.4807564404640407,0.3,0,0.42,0.08,300,0.4296395598604634,0.2,20,1.368814368028992,,2.147247059851541e-18,0.2,plastic,primary,-0.0007395962966253,False,alpha_async,50,260,400,1,-1,1.0,0.6,0.6,100,0.0099377631751215,0,0,40,1.0,2,0,0.25,0.01,0.75,50.0,lesion,30.0,0.45,0.2,0.1,0.002,8.0,72,500,0.4396958083360783,-0.340755499041839,0.0,0.125,0.2695939978458652,hex_cells__ql__plastic__intr0__struct0__alpha_async__lesion__s1__251f5a772d,0.0046145700388706,0.0039469584939485,0.25,0.6065553660468213,0.002,ql,50,100,0.9,0.465304877943989,0.3,0.42,0.08,300,0.4356334559346909,20,1.3067041658731813,,1.742910722136447e-18,0.2,primary,-0.0047823977188475,False,50,260,400,-1,1.0,100,0.0088118660773342,0,40,1.0,2,0,0.25,0.01,0.75,50.0,30.0,0.45,0.2,0.1,0.002,8.0,0.002620461254944584,0.03500042279226445,0.004042801422222199,0.062110202155810645,0.10377388762524188
72,500,0.3705991072529416,0.5,-0.0795776888266849,0.0,0.125,0.0,hex_cells__markov__fixed__intr0__struct0__alpha_async__order_ab__s2__ec6e802f27,0.0791955664756823,0.0718541051838561,0.25,False,0.4206124725528362,0.002,0.016,markov,0.68,hex_cells,50,100,0.9,0.4222809006303777,0.3,0,0.42,0.08,300,0.3366911588739082,0.2,20,1.583775120694258,-0.0073414612918261,1.7849771346999072e-18,0.2,fixed,primary,,False,alpha_async,50,260,400,2,-1,1.0,0.6,0.6,100,0.048563170412969,0,0,40,1.0,2,0,0.25,0.01,0.75,50.0,order_ab,30.0,0.45,0.2,0.1,0.002,8.0,72,500,0.4534349591409789,-0.371536561484253,0.0,0.125,0.2897088061651351,hex_cells__ql__fixed__intr0__struct0__alpha_async__order_ab__s2__2e4bbb4879,0.012957955963665,0.0122008447540514,0.25,0.5669282054350896,0.002,ql,50,100,0.9,0.5054762906705604,0.3,0.42,0.08,300,0.4148486558001993,20,1.294110900822106,-0.0007571112096136,1.560249091461014e-18,0.2,primary,,False,50,260,400,-1,1.0,100,0.0176612930016329,0,40,1.0,2,0,0.25,0.01,0.75,50.0,30.0,0.45,0.2,0.1,0.002,8.0,0.08283585188803733,0.1463157328822534,0.0,0.2896642198721522,0.5188158046424429
72,500,0.3128901502843185,0.5,0.073094620481295,0.0,0.125,0.0,hex_cells__markov__plastic__intr0__struct0__alpha_async__order_ab__s1__8f3b1c58fa,0.1121312874908492,0.0995079920310688,0.25,False,0.4228542886993293,0.002,0.016,markov,0.68,hex_cells,50,100,0.9,0.3356659011113301,0.3,0,0.42,0.08,300,0.2850751527289034,0.2,20,1.5349554842301585,-0.0126232954597804,1.6737494237250686e-18,0.2,plastic,primary,,False,alpha_async,50,260,400,1,-1,1.0,0.6,0.6,100,0.0534309386267618,0,0,40,0.9999678497942388,2,0,0.25,0.01,0.75,50.0,order_ab,30.0,0.45,0.2,0.1,0.002,8.0,72,500,0.4262220858614013,-0.3233429111971768,0.0,0.125,0.2730735322650393,hex_cells__ql__plastic__intr0__struct0__alpha_async__order_ab__s1__4be982fa19,0.0143124991699603,0.007680446345121,0.25,0.6129066447896678,0.002,ql,50,100,0.9,0.4518342362436287,0.3,0.42,0.08,300,0.3915250267806296,20,1.3175407197739022,-0.0066320528248393,2.102598784948392e-18,0.2,primary,,False,50,260,400,-1,1.0,100,0.0083283243865399,0,40,0.9999678497942388,2,0,0.25,0.01,0.75,50.0,30.0,0.45,0.2,0.1,0.002,8.0,0.11333193557708282,0.19005235609033855,0.0,0.2174147644562563,0.5207990561236777
72,500,0.3571307246837562,0.5,-0.0365025893087018,0.0,0.125,0.0,hex_cells__markov__fixed__intr0__struct0__alpha_async__order_ba__s3__b96b5c9567,0.0849963336893843,0.0788628255411566,0.25,False,0.4064032320270899,0.002,0.016,markov,0.68,hex_cells,50,100,0.9,0.4068497858243312,0.3,0,0.42,0.08,300,0.3259777516942391,0.2,20,1.6092283947826214,-0.0061335081482276,1.9934169685696182e-18,0.2,fixed,primary,,False,alpha_async,50,260,400,3,-1,1.0,0.6,0.6,100,0.0525563906304017,0,0,40,1.0,2,0,0.25,0.01,0.75,50.0,order_ba,30.0,0.45,0.2,0.1,0.002,8.0,72,500,0.4472884506596041,-0.3489471242529843,0.0,0.125,0.2914392345225111,hex_cells__ql__fixed__intr0__struct0__alpha_async__order_ba__s3__ccd82602d7,0.0099878722447221,0.0072149220774828,0.25,0.5671412479479375,0.002,ql,50,100,0.9,0.4949866107920312,0.3,0.42,0.08,300,0.4113884750088853,20,1.3081908201348118,-0.0027729501672392,1.6129957531407917e-18,0.2,primary,,False,50,260,400,-1,1.0,100,0.0138758865004487,0,40,1.0,2,0,0.25,0.01,0.75,50.0,30.0,0.45,0.2,0.1,0.002,8.0,0.09015772597584792,0.16073801592084763,0.0,0.30103757464780956,0.5519333165445051
72,500,0.3078242976575219,0.5,0.080096895469873,0.0,0.125,0.0,hex_cells__markov__plastic__intr0__struct0__alpha_async__order_ba__s1__1e0e8f474b,0.109706494641729,0.0963263082065593,0.25,False,0.4139068854347226,0.002,0.016,markov,0.68,hex_cells,50,100,0.9,0.3336822820355272,0.3,0,0.42,0.08,300,0.2830005413290031,0.2,20,1.5393052482412666,-0.0133801864351697,2.696994449140085e-18,0.2,plastic,primary,,False,alpha_async,50,260,400,1,-1,1.0,0.6,0.6,100,0.0538223546588066,0,0,40,1.0,2,0,0.25,0.01,0.75,50.0,order_ba,30.0,0.45,0.2,0.1,0.002,8.0,72,500,0.4227558181727871,-0.3009978309847808,0.0,0.125,0.2782568644177855,hex_cells__ql__plastic__intr0__struct0__alpha_async__order_ba__s1__682b830cb4,0.0143445104767287,0.0099593328669216,0.25,0.6070396444423288,0.002,ql,50,100,0.9,0.4466042075299514,0.3,0.42,0.08,300,0.3892980880173674,20,1.3421353249689854,-0.004385177609807,1.8087680385430807e-18,0.2,primary,,False,50,260,400,-1,1.0,100,0.0104625068492802,0,40,1.0,2,0,0.25,0.01,0.75,50.0,30.0,0.45,0.2,0.1,0.002,8.0,0.11493152051526523,0.19313275900760624,0.0,0.19716992327228122,0.5052342027951526
72,500,0.4657623502669875,0.5,-0.4282162533438031,0.0,0.125,0.0,hex_cells__markov__fixed__intr0__struct0__block_async__baseline__s1__a932e53e84,0.0053131322469172,0.0105415983182599,0.25,False,0.4943051929019024,0.002,0.016,markov,0.68,hex_cells,50,100,0.9,0.5538086387307645,0.3,0,0.42,0.08,300,0.4657713273150842,0.2,20,1.3226249182681529,,1.862933756280076e-18,0.2,fixed,primary,,False,block_async,50,260,400,1,-1,1.0,0.6,0.6,100,0.0247507934447717,0,0,40,1.0,2,0,0.25,0.01,0.75,50.0,baseline,30.0,0.45,0.2,0.1,0.002,8.0,72,500,0.4597857721149359,-0.4075009931852761,0.0,0.125,0.3005884910228628,hex_cells__ql__fixed__intr0__struct0__block_async__baseline__s1__b423578440,-0.0047273417279867,-0.0003414577676796,0.25,0.54448960316418,0.002,ql,50,100,0.9,0.5335199298068046,0.3,0.42,0.08,300,0.4593511826495601,20,1.243537439026087,,2.0438326707079743e-18,0.2,primary,,False,50,260,400,-1,1.0,100,0.014935050962906,0,40,1.0,2,0,0.25,0.01,0.75,50.0,30.0,0.45,0.2,0.1,0.002,8.0,0.005976578152051604,0.05018441026227766,0.0,0.07908747924206594,0.1352484676563952
72,500,0.449824924621719,0.5,-0.3697091546303346,0.0,0.125,0.0,hex_cells__markov__plastic__intr0__struct0__block_async__baseline__s4__6419f3895e,0.0079022963444202,0.004918372357644,0.25,False,0.5305764219002538,0.002,0.016,markov,0.68,hex_cells,50,100,0.9,0.5103964529245791,0.3,0,0.42,0.08,300,0.4477715249110314,0.2,20,1.381872270687658,,1.53945941343348e-18,0.2,plastic,primary,,False,block_async,50,260,400,4,-1,1.0,0.6,0.6,100,0.0132971161162973,0,0,40,1.0,2,0,0.25,0.01,0.75,50.0,baseline,30.0,0.45,0.2,0.1,0.002,8.0,72,500,0.4456459069302623,-0.3568914794401509,0.0,0.125,0.2854980552064894,hex_cells__ql__plastic__intr0__struct0__block_async__baseline__s4__9cee739869,0.0027073776878272,-0.002361184629645,0.25,0.5775111019736985,0.002,ql,50,100,0.9,0.4894668672083159,0.3,0.42,0.08,300,0.4440677595705506,20,1.3261128980261714,,2.175017495700844e-18,0.2,primary,,False,50,260,400,-1,1.0,100,0.0102739826418427,0,40,1.0,2,0,0.25,0.01,0.75,50.0,30.0,0.45,0.2,0.1,0.002,8.0,0.004179017691456732,0.0469346800734447,0.0,0.05575937266148667,0.1068730704263881
72,500,0.4668842521699075,0.5,-0.4351324844547071,0.0,0.125,0.0,hex_cells__markov__fixed__intr0__struct0__block_async__imprint__s1__e49bb12472,-0.0004324905166288,-0.0020385545856261,0.25,False,0.489910760753299,0.002,0.016,markov,0.68,hex_cells,50,100,0.9,0.5592435052323513,0.3,0,0.42,0.08,300,0.4677351540327973,0.2,20,1.3521166379693006,,1.5758934420019125e-18,0.2,fixed,primary,,False,block_async,50,260,400,1,-1,1.0,0.6,0.6,100,0.0373104176839948,0,0,40,1.0,2,0,0.25,0.01,0.75,50.0,imprint,30.0,0.45,0.2,0.1,0.002,8.0,72,500,0.460471696103187,-0.41142197846243,0.0,0.125,0.2985864885451815,hex_cells__ql__fixed__intr0__struct0__block_async__imprint__s1__eb6375b121,-7.324055016747432e-05,0.0034016406313171,0.25,0.5500280341708055,0.002,ql,50,100,0.9,0.5316232321932255,0.3,0.42,0.08,300,0.4603316788546462,20,1.2657100576451077,,1.5441989543661062e-18,0.2,primary,,False,50,260,400,-1,1.0,100,0.0207336122963041,0,40,1.0,2,0,0.25,0.01,0.75,50.0,30.0,0.45,0.2,0.1,0.002,8.0,0.006412556066720476,0.0601172734175065,0.0,0.0864065803241929,0.15293640980841988
72,500,0.4497390184652463,0.5,-0.3653207082859371,0.0,0.125,0.0,hex_cells__markov__plastic__intr0__struct0__block_async__imprint__s3__0796e5f873,0.0023433344856109,-0.0077519794128337,0.25,False,0.5323647351851755,0.002,0.016,markov,0.68,hex_cells,50,100,0.9,0.5074515845555269,0.3,0,0.42,0.08,300,0.4506333201431646,0.2,20,1.4125420830840527,,1.8312315023945626e-18,0.2,plastic,primary,,False,block_async,50,260,400,3,-1,1.0,0.6,0.6,100,0.0207999393239373,0,0,40,1.0,2,0,0.25,0.01,0.75,50.0,imprint,30.0,0.45,0.2,0.1,0.002,8.0,72,500,0.443625523894411,-0.3462092676393531,0.0,0.125,0.2881601602169431,hex_cells__ql__plastic__intr0__struct0__block_async__imprint__s3__c4e84c54ab,-0.0023232437819044,0.0032310441022635,0.25,0.5841967024834526,0.002,ql,50,100,0.9,0.4816346488678035,0.3,0.42,0.08,300,0.4463186629628448,20,1.3490505374675306,,1.7189311440128626e-18,0.2,primary,,False,50,260,400,-1,1.0,100,0.0083430654889331,0,40,1.0,2,0,0.25,0.01,0.75,50.0,30.0,0.45,0.2,0.1,0.002,8.0,0.006113494570835265,0.051831967298277104,0.0,0.06349154561652215,0.12143700748563452
72,500,0.4683971199351099,0.5,-0.4369020011662875,0.0,0.125,0.0,hex_cells__markov__fixed__intr0__struct0__block_async__lesion__s4__5b1099f9d8,0.0028217436032363,-0.0003591763698542,0.25,False,0.4918691854492418,0.002,0.016,markov,0.68,hex_cells,50,100,0.9,0.5583351921746592,0.3,0,0.42,0.08,300,0.4689883357798979,0.2,20,1.3546589622345893,,2.0508778438473026e-18,0.2,fixed,primary,-0.0039053937446219,False,block_async,50,260,400,4,-1,1.0,0.6,0.6,100,0.043304242061283,0,0,40,1.0,2,0,0.25,0.01,0.75,50.0,lesion,30.0,0.45,0.2,0.1,0.002,8.0,72,500,0.4616053759430146,-0.4172800419538133,0.0,0.125,0.2978244462480471,hex_cells__ql__fixed__intr0__struct0__block_async__lesion__s4__74a1ec91b2,0.0137187670775505,0.0078482087601657,0.25,0.5508310157203768,0.002,ql,50,100,0.9,0.5338477183389212,0.3,0.42,0.08,300,0.4617820545578485,20,1.2803558595835476,,1.3180131658038369e-18,0.2,primary,0.0146159421407428,False,50,260,400,-1,1.0,100,0.0206735654948301,0,40,1.0,2,0,0.25,0.01,0.75,50.0,30.0,0.45,0.2,0.1,0.002,8.0,0.0067917439920953115,0.05896183027113505,0.018521335885364698,0.07430310265104167,0.15857801279963674
72,500,0.4504568270680938,0.5,-0.3652259270246391,0.0,0.125,0.0,hex_cells__markov__plastic__intr0__struct0__block_async__lesion__s4__a2fc438243,-0.0091530607812496,-0.0123172700202543,0.25,False,0.5316982541739111,0.002,0.016,markov,0.68,hex_cells,50,100,0.9,0.508159184859523,0.3,0,0.42,0.08,300,0.450039197819746,0.2,20,1.3895392815961585,,2.021418369125993e-18,0.2,plastic,primary,-0.0128921951454342,False,block_async,50,260,400,4,-1,1.0,0.6,0.6,100,0.0188919252756939,0,0,40,1.0,2,0,0.25,0.01,0.75,50.0,lesion,30.0,0.45,0.2,0.1,0.002,8.0,72,500,0.4469347827732838,-0.3527286300058615,0.0,0.125,0.2874513500342299,hex_cells__ql__plastic__intr0__struct0__block_async__lesion__s4__3c29e19367,-0.0025904879846852,0.0084676906703169,0.25,0.5765201570073331,0.002,ql,50,100,0.9,0.4890584870555114,0.3,0.42,0.08,300,0.4470184199293723,20,1.346588145425118,,2.18577605983181e-18,0.2,primary,-0.0061519273100039,False,50,260,400,-1,1.0,100,0.0097994406675048,0,40,1.0,2,0,0.25,0.01,0.75,50.0,30.0,0.45,0.2,0.1,0.002,8.0,0.0035220442948100117,0.04482190283342191,0.0067402678354303,0.042951136171040405,0.09803535113470263
72,500,0.4677411655299607,0.5,-0.4320335958831057,0.0,0.125,0.0,hex_cells__markov__fixed__intr0__struct0__block_async__order_ab__s5__936830e38e,-0.0017846237486164,0.004147076909116,0.25,False,0.4892977866807155,0.002,0.016,markov,0.68,hex_cells,50,100,0.9,0.5582501226523146,0.3,0,0.42,0.08,300,0.4648940565659989,0.2,20,1.3409586692475155,0.0059317006577324,1.4294441659546257e-18,0.2,fixed,primary,,False,block_async,50,260,400,5,-1,1.0,0.6,0.6,100,0.0258315618519178,0,0,40,1.0,2,0,0.25,0.01,0.75,50.0,order_ab,30.0,0.45,0.2,0.1,0.002,8.0,72,500,0.4617344646447953,-0.4194809279456871,0.0,0.125,0.2953386684496453,hex_cells__ql__fixed__intr0__struct0__block_async__order_ab__s5__c585800cbb,-0.0010796213971418,0.0051669857582007,0.25,0.5588794552169727,0.002,ql,50,100,0.9,0.5298761917249604,0.3,0.42,0.08,300,0.4601104630513501,20,1.2744010467214435,0.0062466071553425,1.7001499127792598e-18,0.2,primary,,False,50,260,400,-1,1.0,100,0.0181239627221269,0,40,1.0,2,0,0.25,0.01,0.75,50.0,30.0,0.45,0.2,0.1,0.002,8.0,0.006006700885165417,0.06958166853625719,0.0,0.066557622526072,0.1421459919474946
72,500,0.4397061247116397,0.5,-0.3786352501451932,0.0,0.125,0.0,hex_cells__markov__plastic__intr0__struct0__block_async__order_ab__s1__be766faf05,-0.0040341114103575,0.0037521975817423,0.25,False,0.5495189965466671,0.002,0.016,markov,0.68,hex_cells,50,100,0.9,0.5005204185654656,0.3,0,0.42,0.08,300,0.4356025005744171,0.2,20,1.3845128040005117,0.0077863089920998,1.5349781434992585e-18,0.2,plastic,primary,,False,block_async,50,260,400,1,-1,1.0,0.6,0.6,100,0.0170953561874819,0,0,40,1.0,2,0,0.25,0.01,0.75,50.0,order_ab,30.0,0.45,0.2,0.1,0.002,8.0,72,500,0.430904255947545,-0.3612082115371922,0.0,0.125,0.2840266941983703,hex_cells__ql__plastic__intr0__struct0__block_async__order_ab__s1__41c30b713b,-0.0027167302882316,0.0026759566660878,0.25,0.5962160232817846,0.002,ql,50,100,0.9,0.4745318601770691,0.3,0.42,0.08,300,0.4309390249366852,20,1.344834144306298,0.0053926869543195,2.3027459003091868e-18,0.2,primary,,False,50,260,400,-1,1.0,100,0.0092175600733895,0,40,1.0,2,0,0.25,0.01,0.75,50.0,30.0,0.45,0.2,0.1,0.002,8.0,0.008801868764094722,0.04669702673511744,0.0,0.03967865969421358,0.09517755519342574
72,500,0.4690307552312576,0.5,-0.4382787127634067,0.0,0.125,0.0,hex_cells__markov__fixed__intr0__struct0__block_async__order_ba__s2__9064a297c9,-0.0008415341328753,0.0044326689788817,0.25,False,0.4912161469439892,0.002,0.016,markov,0.68,hex_cells,50,100,0.9,0.5593420284843771,0.3,0,0.42,0.08,300,0.4657674979180154,0.2,20,1.3416897330933624,0.0052742031117571,1.23530887005267e-18,0.2,fixed,primary,,False,block_async,50,260,400,2,-1,1.0,0.6,0.6,100,0.0354449132382567,0,0,40,1.0,2,0,0.25,0.01,0.75,50.0,order_ba,30.0,0.45,0.2,0.1,0.002,8.0,72,500,0.4615465279665666,-0.4174443438330077,0.0,0.125,0.2955701652138345,hex_cells__ql__fixed__intr0__struct0__block_async__order_ba__s2__4e991bf0ce,0.0063503758627189,-0.0018262644217974,0.25,0.5582748228639798,0.002,ql,50,100,0.9,0.5296229594869606,0.3,0.42,0.08,300,0.4594264087135022,20,1.2727001176988286,-0.0081766402845164,1.183423920023352e-18,0.2,primary,,False,50,260,400,-1,1.0,100,0.0152394732191393,0,40,1.0,2,0,0.25,0.01,0.75,50.0,30.0,0.45,0.2,0.1,0.002,8.0,0.007484227264691001,0.0670586759199906,0.0,0.06898961539453374,0.14353251857921534
72,500,0.4392341151951541,0.5,-0.3778275337794444,0.0,0.125,0.0,hex_cells__markov__plastic__intr0__struct0__block_async__order_ba__s3__2eec463126,0.0041098507819823,-0.0007868610819661,0.25,False,0.5490447287318968,0.002,0.016,markov,0.68,hex_cells,50,100,0.9,0.5001081112427779,0.3,0,0.42,0.08,300,0.4345949428341578,0.2,20,1.374927918661199,-0.0048967118639484,1.9492459053857905e-18,0.2,plastic,primary,,False,block_async,50,260,400,3,-1,1.0,0.6,0.6,100,0.0159101909245174,0,0,40,1.0,2,0,0.25,0.01,0.75,50.0,order_ba,30.0,0.45,0.2,0.1,0.002,8.0,72,500,0.4360689612338918,-0.364819297280141,0.0,0.125,0.2831364872656902,hex_cells__ql__plastic__intr0__struct0__block_async__order_ba__s3__b3dfdc27a6,0.0001245476070553,-0.0036602518506217,0.25,0.5925511014112373,0.002,ql,50,100,0.9,0.4796046261214151,0.3,0.42,0.08,300,0.4357728359751711,20,1.3360229118802815,-0.003784799457677,2.110205134016751e-18,0.2,primary,,False,50,260,400,-1,1.0,100,0.0119271229226371,0,40,1.0,2,0,0.25,0.01,0.75,50.0,30.0,0.45,0.2,0.1,0.002,8.0,0.003165153961262268,0.043506372679340544,0.0,0.03890500678091735,0.08557653342152016
72,500,0.4737323088752805,0.5,-0.4226031755504912,0.0,0.125,0.0,hex_cells__markov__fixed__intr0__struct0__synchronous__baseline__s1__7fe56bea50,0.0002089906185324,-0.0065178840787299,0.25,False,0.5268102393669324,0.002,0.016,markov,0.68,hex_cells,50,100,0.9,0.525941248719182,0.3,0,0.42,0.08,300,0.4734511169001585,0.2,20,1.3842971924806895,,1.387782740015605e-18,0.2,fixed,primary,,False,synchronous,50,260,400,1,-1,1.0,0.6,0.6,100,0.0619173828791325,0,0,40,1.0,2,0,0.25,0.01,0.75,50.0,baseline,30.0,0.45,0.2,0.1,0.002,8.0,72,500,0.4682708090976503,-0.3972118636411787,0.0,0.125,0.2766670884087313,hex_cells__ql__fixed__intr0__struct0__synchronous__baseline__s1__302e0a1a6f,0.006210294628544,0.0041879189855819,0.25,0.6039045350064745,0.002,ql,50,100,0.9,0.488436118048148,0.3,0.42,0.08,300,0.4684441778780451,20,1.325347584859435,,1.7156214347548861e-18,0.2,primary,,False,50,260,400,-1,1.0,100,0.0354048017534553,0,40,1.0,2,0,0.25,0.01,0.75,50.0,30.0,0.45,0.2,0.1,0.002,8.0,0.005461499777630219,0.07709429563954207,0.0,0.05894960762125456,0.14150540303842685
72,500,0.4464883170153543,0.5,-0.2991201073053341,0.0,0.125,0.0,hex_cells__markov__plastic__intr0__struct0__synchronous__baseline__s3__d52ca8b011,-0.0026214534485189,0.0102081495348655,0.25,False,0.655757593771409,0.002,0.016,markov,0.68,hex_cells,50,100,0.9,0.4063117026342698,0.3,0,0.42,0.08,300,0.4468203191744026,0.2,20,1.3544888641529946,,2.256865316950833e-18,0.2,plastic,primary,,False,synchronous,50,260,400,3,-1,1.0,0.6,0.6,100,0.0163455563653813,0,0,40,1.0,2,0,0.25,0.01,0.75,50.0,baseline,30.0,0.45,0.2,0.1,0.002,8.0,72,500,0.4383436000039197,-0.2545389342554666,0.0,0.125,0.2444705546610786,hex_cells__ql__plastic__intr0__struct0__synchronous__baseline__s3__0602843e00,-0.0005163510033285,0.001663026722874,0.25,0.7035248814944028,0.002,ql,50,100,0.9,0.3732063226377416,0.3,0.42,0.08,300,0.4383735584736248,20,1.2935810046379044,,1.8909196968544617e-18,0.2,primary,,False,50,260,400,-1,1.0,100,0.018208772364755,0,40,1.0,2,0,0.25,0.01,0.75,50.0,30.0,0.45,0.2,0.1,0.002,8.0,0.008144717011434599,0.04776728772299388,0.0,0.06090785951509026,0.11681986424951873
72,500,0.4728364300507978,0.5,-0.420545268450126,0.0,0.125,0.0,hex_cells__markov__fixed__intr0__struct0__synchronous__imprint__s5__fba48178ea,-0.0018244418408112,-0.0022252097873253,0.25,False,0.5305403622539039,0.002,0.016,markov,0.68,hex_cells,50,100,0.9,0.5228520671985465,0.3,0,0.42,0.08,300,0.4732008774325764,0.2,20,1.3764310037539988,,1.506180121400787e-18,0.2,fixed,primary,,False,synchronous,50,260,400,5,-1,1.0,0.6,0.6,100,0.0839563041073492,0,0,40,1.0,2,0,0.25,0.01,0.75,50.0,imprint,30.0,0.45,0.2,0.1,0.002,8.0,72,500,0.4663923665891225,-0.3977782369487526,0.0,0.125,0.2759338070237463,hex_cells__ql__fixed__intr0__struct0__synchronous__imprint__s5__6eff928670,0.0008088264217644,-0.0056683429260304,0.25,0.609046856432179,0.002,ql,50,100,0.9,0.4852300093011467,0.3,0.42,0.08,300,0.4677870135138013,20,1.3270513135008613,,1.5518178518555425e-18,0.2,primary,,False,50,260,400,-1,1.0,100,0.0859801076281455,0,40,1.0,2,0,0.25,0.01,0.75,50.0,30.0,0.45,0.2,0.1,0.002,8.0,0.006444063461675309,0.07850649417827515,0.0,0.0493796902531376,0.13433024789308806
72,500,0.4425319331182198,0.5,-0.2672894452245876,0.0,0.125,0.0,hex_cells__markov__plastic__intr0__struct0__synchronous__imprint__s4__61d914fc62,-0.0059323075937876,-0.0095334383811219,0.25,False,0.6767393526782334,0.002,0.016,markov,0.68,hex_cells,50,100,0.9,0.3848369746433504,0.3,0,0.42,0.08,300,0.4435845791796515,0.2,20,1.3243539542741425,,1.716992275419201e-18,0.2,plastic,primary,,False,synchronous,50,260,400,4,-1,1.0,0.6,0.6,100,0.0149252894427715,0,0,40,1.0,2,0,0.25,0.01,0.75,50.0,imprint,30.0,0.45,0.2,0.1,0.002,8.0,72,500,0.4352088629277518,-0.2478649094081037,0.0,0.125,0.242692624958508,hex_cells__ql__plastic__intr0__struct0__synchronous__imprint__s4__d304d81fbb,0.0013961726753799,0.0072273890219956,0.25,0.7076420093908611,0.002,ql,50,100,0.9,0.3677845443093334,0.3,0.42,0.08,300,0.4384299232894325,20,1.2864183400549631,,1.824529832214384e-18,0.2,primary,,False,50,260,400,-1,1.0,100,0.0239814147514319,0,40,1.0,2,0,0.25,0.01,0.75,50.0,30.0,0.45,0.2,0.1,0.002,8.0,0.007323070190468017,0.030902656712627707,0.0,0.03793561421917935,0.07616134112227507
72,500,0.469628830857894,0.5,-0.4133420212639028,0.0,0.125,0.0,hex_cells__markov__fixed__intr0__struct0__synchronous__lesion__s2__09e4eba245,-0.0004358193429707,0.0032120149426206,0.25,False,0.54262902193558,0.002,0.016,markov,0.68,hex_cells,50,100,0.9,0.5127126911014146,0.3,0,0.42,0.08,300,0.4715435688447846,0.2,20,1.368012688249952,,1.4287524723709393e-18,0.2,fixed,primary,0.0030963142004331,False,synchronous,50,260,400,2,-1,1.0,0.6,0.6,100,0.0627141779901982,0,0,40,1.0,2,0,0.25,0.01,0.75,50.0,lesion,30.0,0.45,0.2,0.1,0.002,8.0,72,500,0.4686296364317076,-0.3973795085607184,0.0,0.125,0.2758570989921293,hex_cells__ql__fixed__intr0__struct0__synchronous__lesion__s2__68f6c9e336,0.0015531365023198,-0.0016554963492426,0.25,0.605868844702725,0.002,ql,50,100,0.9,0.4869090203664127,0.3,0.42,0.08,300,0.4673917812118966,20,1.316980945689511,,1.5571557122914672e-18,0.2,primary,0.0150026100137295,False,50,260,400,-1,1.0,100,0.0395048522831266,0,40,1.0,2,0,0.25,0.01,0.75,50.0,30.0,0.45,0.2,0.1,0.002,8.0,0.0009991944261864005,0.0632398227671449,0.0119062958132964,0.05103174256044096,0.12717705556706865
72,500,0.4435005853789754,0.5,-0.2686784877312078,0.0,0.125,0.0,hex_cells__markov__plastic__intr0__struct0__synchronous__lesion__s5__e87b78b850,-0.0069867890489492,-0.0065760031177356,0.25,False,0.676458743560574,0.002,0.016,markov,0.68,hex_cells,50,100,0.9,0.3849833493384708,0.3,0,0.42,0.08,300,0.4429157768138503,0.2,20,1.3211415458444893,,1.593535597404882e-18,0.2,plastic,primary,-0.0235011193408082,False,synchronous,50,260,400,5,-1,1.0,0.6,0.6,100,0.0263067295668492,0,0,40,1.0,2,0,0.25,0.01,0.75,50.0,lesion,30.0,0.45,0.2,0.1,0.002,8.0,72,500,0.4378998329676594,-0.2478306110323013,0.0,0.125,0.2483989421007393,hex_cells__ql__plastic__intr0__struct0__synchronous__lesion__s5__a5923894b2,-0.0063591822167358,0.0067695202644487,0.25,0.7038990692707513,0.002,ql,50,100,0.9,0.370581122160642,0.3,0.42,0.08,300,0.4412082136412537,20,1.2849026076386134,,1.9438360292831533e-18,0.2,primary,0.0015101762915411,False,50,260,400,-1,1.0,100,0.0142184870334444,0,40,1.0,2,0,0.25,0.01,0.75,50.0,30.0,0.45,0.2,0.1,0.002,8.0,0.005600752411316023,0.027440325710177293,0.025011295632349297,0.03623893820587587,0.09429131195971849
72,500,0.4475499965903509,0.5,-0.2719072327398261,0.0,0.125,0.0,hex_cells__markov__fixed__intr0__struct0__synchronous__order_ab__s1__436663c0d0,0.0325780702796965,0.0216126856062348,0.25,False,0.6504084970123417,0.002,0.016,markov,0.68,hex_cells,50,100,0.9,0.3999390036328408,0.3,0,0.42,0.08,300,0.4484338677175726,0.2,20,1.340763515735054,-0.0109653846734617,2.043185940304249e-18,0.2,fixed,primary,,False,synchronous,50,260,400,1,-1,1.0,0.6,0.6,100,0.0218168536050134,0,0,40,1.0,2,0,0.25,0.01,0.75,50.0,order_ab,30.0,0.45,0.2,0.1,0.002,8.0,72,500,0.4547248731920635,-0.3025039519555773,0.0,0.125,0.2648957803408241,hex_cells__ql__fixed__intr0__struct0__synchronous__order_ab__s1__d0a40ff9ca,0.0015950130210184,0.0027396596844383,0.25,0.6697537131909109,0.002,ql,50,100,0.9,0.4116375234374698,0.3,0.42,0.08,300,0.4549464436769464,20,1.287616882806198,0.0011446466634198,2.2107505948287334e-18,0.2,primary,,False,50,260,400,-1,1.0,100,0.0365321876497786,0,40,1.0,2,0,0.25,0.01,0.75,50.0,30.0,0.45,0.2,0.1,0.002,8.0,0.007174876601712621,0.019345216178569213,0.0,0.05314663292885591,0.07966672570913774
72,500,0.433250483254284,0.5,-0.191106718598791,0.0,0.125,0.0,hex_cells__markov__plastic__intr0__struct0__synchronous__order_ab__s1__eddedcaf08,0.0050098858408435,-0.0034248026860906,0.25,False,0.711777411809829,0.002,0.016,markov,0.68,hex_cells,50,100,0.9,0.344412825848736,0.3,0,0.42,0.08,300,0.4290404671090867,0.2,20,1.298429677811035,-0.0084346885269341,2.085469018409371e-18,0.2,plastic,primary,,False,synchronous,50,260,400,1,-1,1.0,0.6,0.6,100,0.0126604114718544,0,0,40,1.0,2,0,0.25,0.01,0.75,50.0,order_ab,30.0,0.45,0.2,0.1,0.002,8.0,72,500,0.4321863464358012,-0.2065533619458017,0.0,0.125,0.2306203797176763,hex_cells__ql__plastic__intr0__struct0__synchronous__order_ab__s1__77ad1be8ac,-0.0115546957048234,-0.0001866829537522,0.25,0.7234293761699818,0.002,ql,50,100,0.9,0.347051950557301,0.3,0.42,0.08,300,0.4295828931118278,20,1.279046786205956,0.0113680127510711,1.952521359383656e-18,0.2,primary,,False,50,260,400,-1,1.0,100,0.0122275596521994,0,40,1.0,2,0,0.25,0.01,0.75,50.0,30.0,0.45,0.2,0.1,0.002,8.0,0.0010641368184827749,0.011651964360152811,0.0,0.01938289160507889,0.032098992783714475
72,500,0.4405638084494337,0.5,-0.2348330406369022,0.0,0.125,0.0,hex_cells__markov__fixed__intr0__struct0__synchronous__order_ba__s3__857ef204e7,0.0337920695702906,0.0187627633000372,0.25,False,0.6478986679010788,0.002,0.016,markov,0.68,hex_cells,50,100,0.9,0.3881718649017071,0.3,0,0.42,0.08,300,0.4454305667815523,0.2,20,1.381476393429182,-0.0150293062702533,1.6411927778860233e-18,0.2,fixed,primary,,False,synchronous,50,260,400,3,-1,1.0,0.6,0.6,100,0.0253882105306559,0,0,40,1.0,2,0,0.25,0.01,0.75,50.0,order_ba,30.0,0.45,0.2,0.1,0.002,8.0,72,500,0.4565708521859073,-0.3344867188680705,0.0,0.125,0.266396133130359,hex_cells__ql__fixed__intr0__struct0__synchronous__order_ba__s3__a8e20e5afd,0.0104813579633671,0.0088749337662826,0.25,0.6465171810104069,0.002,ql,50,100,0.9,0.4359259965726421,0.3,0.42,0.08,300,0.4568627401314331,20,1.3121794516544305,-0.0016064241970844,1.6283584005319524e-18,0.2,primary,,False,50,260,400,-1,1.0,100,0.0183439501419038,0,40,1.0,2,0,0.25,0.01,0.75,50.0,30.0,0.45,0.2,0.1,0.002,8.0,0.016007043736473603,0.001381486890671857,0.0,0.06929694177475154,0.086685472401897
72,500,0.4260999536388724,0.5,-0.1535066696535879,0.0,0.125,0.0,hex_cells__markov__plastic__intr0__struct0__synchronous__order_ba__s5__bfc2b8ba08,0.0236692393670823,-0.0008957042872346,0.25,False,0.7090096421664827,0.002,0.016,markov,0.68,hex_cells,50,100,0.9,0.3341398764307478,0.3,0,0.42,0.08,300,0.4266364781607539,0.2,20,1.3212322275511952,-0.0245649436543169,2.1817157622908432e-18,0.2,plastic,primary,,False,synchronous,50,260,400,5,-1,1.0,0.6,0.6,100,0.0121138697897048,0,0,40,1.0,2,0,0.25,0.01,0.75,50.0,order_ba,30.0,0.45,0.2,0.1,0.002,8.0,72,500,0.4287832805274782,-0.1756690199040293,0.0,0.125,0.2300069567583351,hex_cells__ql__plastic__intr0__struct0__synchronous__order_ba__s5__f5c7f5c1df,-0.0049647711850044,-0.0096615436709083,0.25,0.7400980132287212,0.002,ql,50,100,0.9,0.3280466573031453,0.3,0.42,0.08,300,0.4282952311233626,20,1.258970162895276,-0.0046967724859038,1.82540421077432e-18,0.2,primary,,False,50,260,400,-1,1.0,100,0.0098597209190956,0,40,1.0,2,0,0.25,0.01,0.75,50.0,30.0,0.45,0.2,0.1,0.002,8.0,0.0026833268886058415,0.031088371062238496,0.0,0.0622620646559191,0.09603376260676344
72,500,0.3963443809925449,0.5,-0.185688002896557,0.0,0.125,0.0,honeycomb__markov__fixed__intr0__struct0__alpha_async__baseline__s3__4cd54c807e,0.0027815511633854,0.0041223038495976,0.25,False,0.7100272933637473,0.002,0.016,markov,0.68,honeycomb,50,100,0.9,0.3481237613765726,0.3,0,0.42,0.08,300,0.3971115590018121,0.2,20,1.544501547382003,,1.6689822784534345e-18,0.2,fixed,primary,,False,alpha_async,50,260,400,3,-1,1.0,0.6,0.6,100,0.0026541906005625,0,0,40,1.0,2,0,0.25,0.01,0.75,50.0,baseline,30.0,0.45,0.2,0.1,0.002,8.0,72,500,0.3923788752193619,-0.1614244537797615,0.0,0.125,0.2758285720798644,honeycomb__ql__fixed__intr0__struct0__alpha_async__baseline__s3__6883de0210,-0.0012205954113136,0.0048661683224985,0.25,0.7164871322141186,0.002,ql,50,100,0.9,0.3375168247352383,0.3,0.42,0.08,300,0.3940598471351498,20,1.4976950160024445,,2.173444083167522e-18,0.2,primary,,False,50,260,400,-1,1.0,100,0.0020398569570744,0,40,1.0,2,0,0.25,0.01,0.75,50.0,30.0,0.45,0.2,0.1,0.002,8.0,0.003965505773182998,0.00645983885037138,0.0,0.04680653137955848,0.05723187600311286
72,500,0.3951038199736207,0.5,-0.1876972562454491,0.0,0.125,0.0,honeycomb__markov__plastic__intr0__struct0__alpha_async__baseline__s2__b652a68008,0.0044175371047004,-0.0030409657388228,0.25,False,0.7092867648080688,0.002,0.016,markov,0.68,honeycomb,50,100,0.9,0.3481968411142545,0.3,0,0.42,0.08,300,0.3961011257195477,0.2,20,1.541979222842479,,1.6237272193987886e-18,0.2,plastic,primary,,False,alpha_async,50,260,400,2,-1,1.0,0.6,0.6,100,0.0028290687587028,0,0,40,1.0,2,0,0.25,0.01,0.75,50.0,baseline,30.0,0.45,0.2,0.1,0.002,8.0,72,500,0.3942723800078208,-0.1678194901794412,0.0,0.125,0.2736553508464716,honeycomb__ql__plastic__intr0__struct0__alpha_async__baseline__s2__303a30935a,0.0004435400505384,0.0046711584365935,0.25,0.7191696561548657,0.002,ql,50,100,0.9,0.338056710134221,0.3,0.42,0.08,300,0.3934166885883189,20,1.5038481762191167,,2.081106389772637e-18,0.2,primary,,False,50,260,400,-1,1.0,100,0.0022489084499402,0,40,1.0,2,0,0.25,0.01,0.75,50.0,30.0,0.45,0.2,0.1,0.002,8.0,0.0008314399657999294,0.009882891346796874,0.0,0.0381310466233622,0.048845377935959
72,500,0.1725096112352308,0.5,0.4493730499655595,0.0,0.125,0.0,honeycomb__markov__fixed__intr0__struct0__alpha_async__imprint__s5__4bac8aec9f,0.2466230882001835,0.2158461293765192,0.25,False,0.3113270313887786,0.002,0.016,markov,0.68,honeycomb,50,100,0.9,0.1533551303524392,0.3,0,0.42,0.08,300,0.165005939317943,0.2,20,1.2782454120605455,,2.530958881141732e-18,0.2,fixed,primary,,False,alpha_async,50,260,400,5,-1,1.0,0.6,0.6,100,0.1945934278537322,0,0,40,1.0,2,0,0.25,0.01,0.75,50.0,imprint,30.0,0.45,0.2,0.1,0.002,8.0,72,500,0.3954163156991349,-0.1785151285359369,0.0,0.125,0.2812192211926577,honeycomb__ql__fixed__intr0__struct0__alpha_async__imprint__s5__f7371f600d,0.0103098312344211,-0.0001557845424529,0.25,0.715289122739047,0.002,ql,50,100,0.9,0.343024561928178,0.3,0.42,0.08,300,0.3841329992137668,20,1.5090356154128828,,2.009270840895328e-18,0.2,primary,,False,50,260,400,-1,1.0,100,0.00231462895143,0,40,1.0,2,0,0.25,0.01,0.75,50.0,30.0,0.45,0.2,0.1,0.002,8.0,0.2229067044639041,0.4039620913502684,0.0,0.23079020335233724,0.8576589991665098
72,500,0.1907856753283812,0.5,0.4249598536078883,0.0,0.125,0.0,honeycomb__markov__plastic__intr0__struct0__alpha_async__imprint__s4__808937d665,0.2150280601113498,0.1927064011342884,0.25,False,0.3456030029406123,0.002,0.016,markov,0.68,honeycomb,50,100,0.9,0.1689817555550477,0.3,0,0.42,0.08,300,0.1821479108986496,0.2,20,1.343335505802013,,1.6357012406619762e-18,0.2,plastic,primary,,False,alpha_async,50,260,400,4,-1,1.0,0.6,0.6,100,0.1910099440577344,0,0,40,1.0,2,0,0.25,0.01,0.75,50.0,imprint,30.0,0.45,0.2,0.1,0.002,8.0,72,500,0.3938042674385577,-0.1787176801027911,0.0,0.125,0.2786134844996557,honeycomb__ql__plastic__intr0__struct0__alpha_async__imprint__s4__ed69d8baea,0.003747249749889,0.0008436622249749,0.25,0.7170427932506211,0.002,ql,50,100,0.9,0.3410697343700526,0.3,0.42,0.08,300,0.3851061760574735,20,1.511099180451547,,1.88356184913238e-18,0.2,primary,,False,50,260,400,-1,1.0,100,0.0022631750000918,0,40,1.0,2,0,0.25,0.01,0.75,50.0,30.0,0.45,0.2,0.1,0.002,8.0,0.20301859211017648,0.37143979031000884,0.0,0.1677636746495339,0.7422220570697192
72,500,0.1787097631491614,0.5,0.4389901369378924,0.0,0.125,0.0,honeycomb__markov__fixed__intr0__struct0__alpha_async__lesion__s5__3914aea68d,0.229680287555212,0.2073358355913098,0.25,False,0.321740406724889,0.002,0.016,markov,0.68,honeycomb,50,100,0.9,0.15921409644901,0.3,0,0.42,0.08,300,0.1693061091586243,0.2,20,1.3003234399256476,,2.6725053495796885e-18,0.2,fixed,primary,0.2073660493046879,False,alpha_async,50,260,400,5,-1,1.0,0.6,0.6,100,0.1958167644239497,0,0,40,1.0,2,0,0.25,0.01,0.75,50.0,lesion,30.0,0.45,0.2,0.1,0.002,8.0,72,500,0.3945990666127165,-0.1820923535959916,0.0,0.125,0.28090473282449,honeycomb__ql__fixed__intr0__struct0__alpha_async__lesion__s5__a5a43681c1,0.0077796996836363,0.0035430836605355,0.25,0.7176563562056112,0.002,ql,50,100,0.9,0.3420244386239972,0.3,0.42,0.08,300,0.3854404257674597,20,1.514953221499708,,2.364659920540424e-18,0.2,primary,0.0065325285242065,False,50,260,400,-1,1.0,100,0.0024976498744839,0,40,1.0,2,0,0.25,0.01,0.75,50.0,30.0,0.45,0.2,0.1,0.002,8.0,0.2158893034635551,0.3959159494807222,0.20083352078048142,0.21462978157406032,1.027268555298819
72,500,0.1836194191588334,0.5,0.4321656998792754,0.0,0.125,0.0,honeycomb__markov__plastic__intr0__struct0__alpha_async__lesion__s5__c6f8dbb20f,0.2286332297808291,0.1985675188599665,0.25,False,0.3317801536312521,0.002,0.016,markov,0.68,honeycomb,50,100,0.9,0.1640229295352822,0.3,0,0.42,0.08,300,0.1768466847001746,0.2,20,1.3152377431340865,,1.6338024261782282e-18,0.2,plastic,primary,0.2042882944622197,False,alpha_async,50,260,400,5,-1,1.0,0.6,0.6,100,0.199228431612973,0,0,40,1.0,2,0,0.25,0.01,0.75,50.0,lesion,30.0,0.45,0.2,0.1,0.002,8.0,72,500,0.3925040390241319,-0.1823180504226231,0.0,0.125,0.2779960358300887,honeycomb__ql__plastic__intr0__struct0__alpha_async__lesion__s5__e3f5ded7f0,-0.0071293077228592,0.0027485450786699,0.25,0.7166155488391655,0.002,ql,50,100,0.9,0.3412826437988398,0.3,0.42,0.08,300,0.3850502685892031,20,1.511209743379132,,1.9302391596983045e-18,0.2,primary,-0.004908015777888,False,50,260,400,-1,1.0,100,0.0026729953125141,0,40,1.0,2,0,0.25,0.01,0.75,50.0,30.0,0.45,0.2,0.1,0.002,8.0,0.2088846198652985,0.3848353952079134,0.20919631024010768,0.19597200024504557,0.998888325558365
72,500,0.1051828946938077,0.5,0.523401780429069,0.0,0.125,0.0,honeycomb__markov__fixed__intr0__struct0__alpha_async__order_ab__s5__5c11b87ee2,0.3639431911151405,0.3323929668928918,0.25,False,0.1903009300862407,0.002,0.016,markov,0.68,honeycomb,50,100,0.9,0.0949734055633078,0.3,0,0.42,0.08,300,0.0998812603654253,0.2,20,0.9429448826055148,-0.0315502242222487,3.700014709703063e-18,0.2,fixed,primary,,False,alpha_async,50,260,400,5,-1,1.0,0.6,0.6,100,0.1078864617162135,0,0,40,1.0,2,0,0.25,0.01,0.75,50.0,order_ab,30.0,0.45,0.2,0.1,0.002,8.0,72,500,0.3356339433271517,0.0601796880571528,0.0,0.125,0.3380216591164821,honeycomb__ql__fixed__intr0__struct0__alpha_async__order_ab__s5__b80bf4e6f8,0.0678108273145135,0.0692888802856408,0.25,0.6666612654956675,0.002,ql,50,100,0.9,0.272212345442282,0.3,0.42,0.08,300,0.3100709739198657,20,1.5343738485235536,0.0014780529711272,2.9230989177993316e-18,0.2,primary,,False,50,260,400,-1,1.0,100,0.0411701576466586,0,40,1.0,2,0,0.25,0.01,0.75,50.0,30.0,0.45,0.2,0.1,0.002,8.0,0.23045104863334398,0.4763603354094268,0.0,0.5914289659180388,1.2982403499608095
72,500,0.1073420257464951,0.5,0.5280410726087987,0.0,0.125,0.0,honeycomb__markov__plastic__intr0__struct0__alpha_async__order_ab__s2__001c71101a,0.3529302155462808,0.3164535922932642,0.25,False,0.197232698621282,0.002,0.016,markov,0.68,honeycomb,50,100,0.9,0.0954721587670716,0.3,0,0.42,0.08,300,0.1007099690664782,0.2,20,0.9512505532567566,-0.0364766232530165,2.1292318769743392e-18,0.2,plastic,primary,,False,alpha_async,50,260,400,2,-1,1.0,0.6,0.6,100,0.1067918942549693,0,0,40,1.0,2,0,0.25,0.01,0.75,50.0,order_ab,30.0,0.45,0.2,0.1,0.002,8.0,72,500,0.327804492733897,0.0783417080982791,0.0,0.125,0.3429068179496679,honeycomb__ql__plastic__intr0__struct0__alpha_async__order_ab__s2__9343a0c73c,0.0714920428875887,0.064524684828739,0.25,0.6565660784894614,0.002,ql,50,100,0.9,0.2661056851709492,0.3,0.42,0.08,300,0.3037546488567364,20,1.528625618275922,-0.0069673580588497,2.0118679180153997e-18,0.2,primary,,False,50,260,400,-1,1.0,100,0.0415693701648606,0,40,1.0,2,0,0.25,0.01,0.75,50.0,30.0,0.45,0.2,0.1,0.002,8.0,0.2204624669874019,0.45933337986817935,0.0,0.5773750650191654,1.2571709118747467
72,500,0.1044665502563104,0.5,0.5268328939743745,0.0,0.125,0.0,honeycomb__markov__fixed__intr0__struct0__alpha_async__order_ba__s5__580ad712ca,0.3637206539392447,0.3283789757840828,0.25,False,0.1889138298908594,0.002,0.016,markov,0.68,honeycomb,50,100,0.9,0.0933837994431537,0.3,0,0.42,0.08,300,0.1005736498388116,0.2,20,0.9406159134041449,-0.0353416781551618,3.5242101878405495e-18,0.2,fixed,primary,,False,alpha_async,50,260,400,5,-1,1.0,0.6,0.6,100,0.1260902235664079,0,0,40,1.0,2,0,0.25,0.01,0.75,50.0,order_ba,30.0,0.45,0.2,0.1,0.002,8.0,72,500,0.3084125369543283,0.1316678541919584,0.0,0.125,0.3577812081868222,honeycomb__ql__fixed__intr0__struct0__alpha_async__order_ba__s5__aba6273902,0.089874942131473,0.0782428343624339,0.25,0.6358994898984226,0.002,ql,50,100,0.9,0.2468143839598105,0.3,0.42,0.08,300,0.2880826299772541,20,1.523416780561568,-0.011632107769039,2.212254560447229e-18,0.2,primary,,False,50,260,400,-1,1.0,100,0.068188373019878,0,40,1.0,2,0,0.25,0.01,0.75,50.0,30.0,0.45,0.2,0.1,0.002,8.0,0.2039459866980179,0.44698566000756323,0.0,0.5828008671574231,1.2337325138630042
72,500,0.1082759531301681,0.5,0.5132633697154867,0.0,0.125,0.0,honeycomb__markov__plastic__intr0__struct0__alpha_async__order_ba__s3__b759cbe493,0.3598727463139936,0.2820395053014403,0.25,False,0.1959921390957197,0.002,0.016,markov,0.68,honeycomb,50,100,0.9,0.0984907395789331,0.3,0,0.42,0.08,300,0.103462534096739,0.2,20,0.9650208300848118,-0.0778332410125532,3.7423554095869e-18,0.2,plastic,primary,,False,alpha_async,50,260,400,3,-1,1.0,0.6,0.6,100,0.1311752980201808,0,0,40,1.0,2,0,0.25,0.01,0.75,50.0,order_ba,30.0,0.45,0.2,0.1,0.002,8.0,72,500,0.3041962791885021,0.1347933581659758,0.0,0.125,0.3577643076700091,honeycomb__ql__plastic__intr0__struct0__alpha_async__order_ba__s3__077e65c4de,0.1015782140621611,0.0856011590742421,0.25,0.6339411737806857,0.002,ql,50,100,0.9,0.2431310895061061,0.3,0.42,0.08,300,0.2854139993222041,20,1.5159842668868095,-0.015977054987919,2.4222214984037484e-18,0.2,primary,,False,50,260,400,-1,1.0,100,0.065067962893988,0,40,1.0,2,0,0.25,0.01,0.75,50.0,30.0,0.45,0.2,0.1,0.002,8.0,0.195920326058334,0.43794903468496604,0.0,0.5509634368019978,1.184832797545298
72,500,0.401796733119165,0.5,-0.2341804128893851,0.0,0.125,0.0,honeycomb__markov__fixed__intr0__struct0__block_async__baseline__s1__74e0cff801,0.0073589757370724,0.0076774986826961,0.25,False,0.732898537719754,0.002,0.016,markov,0.68,honeycomb,50,100,0.9,0.3464927471020134,0.3,0,0.42,0.08,300,0.4009756764201277,0.2,20,1.5168295960742884,,2.180588013536492e-18,0.2,fixed,primary,,False,block_async,50,260,400,1,-1,1.0,0.6,0.6,100,0.0031078559980093,0,0,40,1.0,2,0,0.25,0.01,0.75,50.0,baseline,30.0,0.45,0.2,0.1,0.002,8.0,72,500,0.3959595831502266,-0.2117550149880287,0.0,0.125,0.267735521891037,honeycomb__ql__fixed__intr0__struct0__block_async__baseline__s1__3d21b4f0b4,-0.0041386824707888,0.0037162953502493,0.25,0.7322106222712309,0.002,ql,50,100,0.9,0.3386225007600472,0.3,0.42,0.08,300,0.3975580112997644,20,1.4875664260598334,,1.7989106168064493e-18,0.2,primary,,False,50,260,400,-1,1.0,100,0.0026504175727049,0,40,1.0,2,0,0.25,0.01,0.75,50.0,30.0,0.45,0.2,0.1,0.002,8.0,0.00583714996893836,0.0006879154485230909,0.0,0.029263170014454998,0.03578823543191645
72,500,0.4016017981713938,0.5,-0.2333429745174257,0.0,0.125,0.0,honeycomb__markov__plastic__intr0__struct0__block_async__baseline__s2__68b6f8aae1,0.0027488949727613,-0.0035052586216088,0.25,False,0.7320704879652904,0.002,0.016,markov,0.68,honeycomb,50,100,0.9,0.3462393533741232,0.3,0,0.42,0.08,300,0.4015007117439926,0.2,20,1.5166812685627318,,1.0972051147778836e-18,0.2,plastic,primary,,False,block_async,50,260,400,2,-1,1.0,0.6,0.6,100,0.002941801566989,0,0,40,1.0,2,0,0.25,0.01,0.75,50.0,baseline,30.0,0.45,0.2,0.1,0.002,8.0,72,500,0.3981329695384483,-0.219264423729708,0.0,0.125,0.2650070821371447,honeycomb__ql__plastic__intr0__struct0__block_async__baseline__s2__5dac59e8c2,-0.0039447884326089,-0.0058105110618674,0.25,0.7364713733871313,0.002,ql,50,100,0.9,0.3388836501660164,0.3,0.42,0.08,300,0.3973384003280281,20,1.4770524676732977,,1.8619267776799098e-18,0.2,primary,,False,50,260,400,-1,1.0,100,0.0024019282127833,0,40,1.0,2,0,0.25,0.01,0.75,50.0,30.0,0.45,0.2,0.1,0.002,8.0,0.0034688286329455087,0.004400885421840917,0.0,0.0396288008894341,0.04749851494422053
72,500,0.2761352632347191,0.5,0.2722786891449277,0.0,0.125,0.0,honeycomb__markov__fixed__intr0__struct0__block_async__imprint__s4__c6091892cb,0.1253357941396368,0.107335497360129,0.25,False,0.5066929210185437,0.002,0.016,markov,0.68,honeycomb,50,100,0.9,0.2391593731445544,0.3,0,0.42,0.08,300,0.2823085473058498,0.2,20,1.5482089326842776,,1.6655758821930674e-18,0.2,fixed,primary,,False,block_async,50,260,400,4,-1,1.0,0.6,0.6,100,0.1335590566066751,0,0,40,1.0,2,0,0.25,0.01,0.75,50.0,imprint,30.0,0.45,0.2,0.1,0.002,8.0,72,500,0.3977435812848361,-0.2135278777707089,0.0,0.125,0.265438945525369,honeycomb__ql__fixed__intr0__struct0__block_async__imprint__s4__3d959c709a,-0.0042763953632675,-0.0065684080019634,0.25,0.7334281748299054,0.002,ql,50,100,0.9,0.3395214476540427,0.3,0.42,0.08,300,0.3964102774309723,20,1.4788228924648252,,1.6767363988318853e-18,0.2,primary,,False,50,260,400,-1,1.0,100,0.0026336278480161,0,40,1.0,2,0,0.25,0.01,0.75,50.0,30.0,0.45,0.2,0.1,0.002,8.0,0.12160831805011701,0.22673525381136173,0.0,0.06938604021945238,0.4177296120809311
72,500,0.2893092217234366,0.5,0.2467565111914877,0.0,0.125,0.0,honeycomb__markov__plastic__intr0__struct0__block_async__imprint__s5__e6cd012d47,0.1117827349458864,0.0934919565581,0.25,False,0.5275857271549885,0.002,0.016,markov,0.68,honeycomb,50,100,0.9,0.2499114911165347,0.3,0,0.42,0.08,300,0.2950630374030048,0.2,20,1.5642957498949754,,1.5823932797449237e-18,0.2,plastic,primary,,False,block_async,50,260,400,5,-1,1.0,0.6,0.6,100,0.1112624836551564,0,0,40,1.0,2,0,0.25,0.01,0.75,50.0,imprint,30.0,0.45,0.2,0.1,0.002,8.0,72,500,0.3949053639066123,-0.2190576975408957,0.0,0.125,0.2670506993635981,honeycomb__ql__plastic__intr0__struct0__block_async__imprint__s5__44986ab687,0.0054312109779489,0.0064535466676015,0.25,0.7322176073579263,0.002,ql,50,100,0.9,0.3397928230092474,0.3,0.42,0.08,300,0.3964740206891295,20,1.4974863332334667,,2.105741509818472e-18,0.2,primary,,False,50,260,400,-1,1.0,100,0.002899857912802,0,40,1.0,2,0,0.25,0.01,0.75,50.0,30.0,0.45,0.2,0.1,0.002,8.0,0.1055961421831757,0.20463188020293777,0.0,0.06680941666150875,0.3770374390476222
72,500,0.266849789879318,0.5,0.2991387094175918,0.0,0.125,0.0,honeycomb__markov__fixed__intr0__struct0__block_async__lesion__s2__114d8dd201,0.1413335145571942,0.1156646420627457,0.25,False,0.492913683317059,0.002,0.016,markov,0.68,honeycomb,50,100,0.9,0.2299586057299078,0.3,0,0.42,0.08,300,0.2729899459484948,0.2,20,1.5285411476419344,,1.9302090980525426e-18,0.2,fixed,primary,0.1257128655125537,False,block_async,50,260,400,2,-1,1.0,0.6,0.6,100,0.1457422857088589,0,0,40,1.0,2,0,0.25,0.01,0.75,50.0,lesion,30.0,0.45,0.2,0.1,0.002,8.0,72,500,0.3964892604382754,-0.2145746920354351,0.0,0.125,0.2663879877701912,honeycomb__ql__fixed__intr0__struct0__block_async__lesion__s2__67110cdfbb,0.001303128621329,-0.0016608788831449,0.25,0.7335866907630979,0.002,ql,50,100,0.9,0.3395314102766079,0.3,0.42,0.08,300,0.3968450477112126,20,1.4997644484195365,,1.4922305851532913e-18,0.2,primary,0.00552556226017,False,50,260,400,-1,1.0,100,0.0026132002479556,0,40,1.0,2,0,0.25,0.01,0.75,50.0,30.0,0.45,0.2,0.1,0.002,8.0,0.12963947055895741,0.24067300744603892,0.1201873032523837,0.028776699222397895,0.5192764804797779
72,500,0.2909299882136307,0.5,0.2358643139081196,0.0,0.125,0.0,honeycomb__markov__plastic__intr0__struct0__block_async__lesion__s2__e7be9cdfa1,0.1126791174926865,0.09956190975668,0.25,False,0.5305905989855197,0.002,0.016,markov,0.68,honeycomb,50,100,0.9,0.2526543422320132,0.3,0,0.42,0.08,300,0.2973117894210159,0.2,20,1.5657657573708026,,2.30762676577048e-18,0.2,plastic,primary,0.0810301028973214,False,block_async,50,260,400,2,-1,1.0,0.6,0.6,100,0.113174331069096,0,0,40,1.0,2,0,0.25,0.01,0.75,50.0,lesion,30.0,0.45,0.2,0.1,0.002,8.0,72,500,0.3965979665803513,-0.2125525050615327,0.0,0.125,0.2644678870860392,honeycomb__ql__plastic__intr0__struct0__block_async__lesion__s2__ea04afa5f8,0.0009851163993743,0.0052564820732743,0.25,0.7336301704726218,0.002,ql,50,100,0.9,0.3381691796215286,0.3,0.42,0.08,300,0.3976764205627721,20,1.491986392420153,,1.5153750979654508e-18,0.2,primary,0.0118357602392304,False,50,260,400,-1,1.0,100,0.0027140757789731,0,40,1.0,2,0,0.25,0.01,0.75,50.0,30.0,0.45,0.2,0.1,0.002,8.0,0.1056679783667206,0.20303957148710206,0.069194342658091,0.07377936495064952,0.45168125746256316
72,500,0.2025937421645224,0.5,0.4113535960345076,0.0,0.125,0.0,honeycomb__markov__fixed__intr0__struct0__block_async__order_ab__s3__afd26c0456,0.2116268358217756,0.1723542403293525,0.25,False,0.3741180761648094,0.002,0.016,markov,0.68,honeycomb,50,100,0.9,0.1766903118523784,0.3,0,0.42,0.08,300,0.2092196578020783,0.2,20,1.3745388682575386,-0.0392725954924231,2.7239862276855032e-18,0.2,fixed,primary,,False,block_async,50,260,400,3,-1,1.0,0.6,0.6,100,0.2059860738126094,0,0,40,1.0,2,0,0.25,0.01,0.75,50.0,order_ab,30.0,0.45,0.2,0.1,0.002,8.0,72,500,0.3974540706706531,-0.2134409969133436,0.0,0.125,0.2684339188113961,honeycomb__ql__fixed__intr0__struct0__block_async__order_ab__s3__3e01ab236f,-0.0013676880863048,-0.0013065251719584,0.25,0.733350186279339,0.002,ql,50,100,0.9,0.3393939770612129,0.3,0.42,0.08,300,0.3940801723045781,20,1.4837756407805074,6.116291434634454e-05,1.896648863304728e-18,0.2,primary,,False,50,260,400,-1,1.0,100,0.0027251494811174,0,40,1.0,2,0,0.25,0.01,0.75,50.0,30.0,0.45,0.2,0.1,0.002,8.0,0.1948603285061307,0.3592321101145296,0.0,0.10923677252296882,0.6633292111436291
72,500,0.2059613542287139,0.5,0.4097073662422048,0.0,0.125,0.0,honeycomb__markov__plastic__intr0__struct0__block_async__order_ab__s1__0bfd42e97f,0.2042113191972949,0.1755730626367365,0.25,False,0.380378838063335,0.002,0.016,markov,0.68,honeycomb,50,100,0.9,0.1792538227261971,0.3,0,0.42,0.08,300,0.2145503772319298,0.2,20,1.3851808103144894,-0.0286382565605583,2.4422478735286823e-18,0.2,plastic,primary,,False,block_async,50,260,400,1,-1,1.0,0.6,0.6,100,0.1968370384955173,0,0,40,1.0,2,0,0.25,0.01,0.75,50.0,order_ab,30.0,0.45,0.2,0.1,0.002,8.0,72,500,0.398645528736245,-0.2152494835222478,0.0,0.125,0.26408849862121,honeycomb__ql__plastic__intr0__struct0__block_async__order_ab__s1__7cb7a7277c,0.0001781718393405,0.0032459798781686,0.25,0.7343865215159753,0.002,ql,50,100,0.9,0.3397188384600159,0.3,0.42,0.08,300,0.3945178202401216,20,1.4933986021492711,0.003067808038828,1.6797038290074001e-18,0.2,primary,,False,50,260,400,-1,1.0,100,0.0023786479035048,0,40,1.0,2,0,0.25,0.01,0.75,50.0,30.0,0.45,0.2,0.1,0.002,8.0,0.1926841745075311,0.3540076834526403,0.0,0.10821779183478175,0.6549096497949531
72,500,0.1897901145913144,0.5,0.4276477652011804,0.0,0.125,0.0,honeycomb__markov__fixed__intr0__struct0__block_async__order_ba__s4__de2e08b634,0.2219085343989474,0.1934689492611966,0.25,False,0.3494217328371599,0.002,0.016,markov,0.68,honeycomb,50,100,0.9,0.1665530478508294,0.3,0,0.42,0.08,300,0.1977333210934827,0.2,20,1.3318742006650135,-0.0284395851377508,1.4756927011949964e-18,0.2,fixed,primary,,False,block_async,50,260,400,4,-1,1.0,0.6,0.6,100,0.2106900171515225,0,0,40,1.0,2,0,0.25,0.01,0.75,50.0,order_ba,30.0,0.45,0.2,0.1,0.002,8.0,72,500,0.3978103393191153,-0.2192578891799829,0.0,0.125,0.2653094374197661,honeycomb__ql__fixed__intr0__struct0__block_async__order_ba__s4__f5ec844969,-0.0044882381605358,0.000336408423581,0.25,0.7355076553278266,0.002,ql,50,100,0.9,0.3392265239317765,0.3,0.42,0.08,300,0.3934175520861854,20,1.4916952183275531,0.0048246465841169,1.3341418315606064e-18,0.2,primary,,False,50,260,400,-1,1.0,100,0.0028783547515483,0,40,1.0,2,0,0.25,0.01,0.75,50.0,30.0,0.45,0.2,0.1,0.002,8.0,0.2080202247278009,0.3860859224906667,0.0,0.15982101766253964,0.7539271648810073
72,500,0.1938471274605962,0.5,0.4198563336360695,0.0,0.125,0.0,honeycomb__markov__plastic__intr0__struct0__block_async__order_ba__s3__1ec1e9f460,0.213715374268059,0.1910234130260258,0.25,False,0.3572402190527884,0.002,0.016,markov,0.68,honeycomb,50,100,0.9,0.1702004410810496,0.3,0,0.42,0.08,300,0.2018297089050951,0.2,20,1.34796881173305,-0.0226919612420332,2.8378757268771565e-18,0.2,plastic,primary,,False,block_async,50,260,400,3,-1,1.0,0.6,0.6,100,0.2032890843248501,0,0,40,1.0,2,0,0.25,0.01,0.75,50.0,order_ba,30.0,0.45,0.2,0.1,0.002,8.0,72,500,0.397856033112072,-0.2186870224961593,0.0,0.125,0.2697321682497487,honeycomb__ql__plastic__intr0__struct0__block_async__order_ba__s3__3a204dff20,-0.0094790781598992,0.0062313680625801,0.25,0.7351912083947815,0.002,ql,50,100,0.9,0.339325064146417,0.3,0.42,0.08,300,0.393092945946533,20,1.4913323680282948,0.0157104462224794,1.6201533678828758e-18,0.2,primary,,False,50,260,400,-1,1.0,100,0.0026555056524181,0,40,1.0,2,0,0.25,0.01,0.75,50.0,30.0,0.45,0.2,0.1,0.002,8.0,0.2040089056514758,0.37795098934199306,0.0,0.1433635562952449,0.7253234512887138
72,500,0.4052965047772433,0.5,-0.1197556108060767,0.0,0.125,0.0,honeycomb__markov__fixed__intr0__struct0__synchronous__baseline__s2__037f7159d7,0.0087691987625595,0.0012710080607896,0.25,False,0.7614853649585756,0.002,0.016,markov,0.68,honeycomb,50,100,0.9,0.3081126358239502,0.3,0,0.42,0.08,300,0.401697196204049,0.2,20,1.4792094171268235,,1.9002443206620847e-18,0.2,fixed,primary,,False,synchronous,50,260,400,2,-1,1.0,0.6,0.6,100,0.0026976119052599,0,0,40,1.0,2,0,0.25,0.01,0.75,50.0,baseline,30.0,0.45,0.2,0.1,0.002,8.0,72,500,0.3953362376822298,-0.113572627711916,0.0,0.125,0.2597749786761472,honeycomb__ql__fixed__intr0__struct0__synchronous__baseline__s2__ea19b4025e,0.0022092576611898,0.0022917839272801,0.25,0.7550000125653301,0.002,ql,50,100,0.9,0.3061426174010194,0.3,0.42,0.08,300,0.3965452573741407,20,1.4632605603697928,,1.326300417114191e-18,0.2,primary,,False,50,260,400,-1,1.0,100,0.0021557266922091,0,40,1.0,2,0,0.25,0.01,0.75,50.0,30.0,0.45,0.2,0.1,0.002,8.0,0.00996026709501352,0.006485352393245436,0.0,0.015948856757030727,0.03239447624528968
72,500,0.3961978442661254,0.5,-0.1264044237668656,0.0,0.125,0.0,honeycomb__markov__plastic__intr0__struct0__synchronous__baseline__s3__6acfe5f555,0.0010199555877656,-0.0136559748840827,0.25,False,0.7526963287555702,0.002,0.016,markov,0.68,honeycomb,50,100,0.9,0.310103391150991,0.3,0,0.42,0.08,300,0.4015897092176633,0.2,20,1.5025905177151868,,1.917411184175137e-18,0.2,plastic,primary,,False,synchronous,50,260,400,3,-1,1.0,0.6,0.6,100,0.0029900039103877,0,0,40,1.0,2,0,0.25,0.01,0.75,50.0,baseline,30.0,0.45,0.2,0.1,0.002,8.0,72,500,0.3979494527607211,-0.1154400149572996,0.0,0.125,0.2607731182967476,honeycomb__ql__plastic__intr0__struct0__synchronous__baseline__s3__2d061f3968,-0.018978198530826,-0.0101049959522689,0.25,0.7563200902473042,0.002,ql,50,100,0.9,0.3068561200850873,0.3,0.42,0.08,300,0.3965661923675321,20,1.4696734321757166,,1.8584305598304638e-18,0.2,primary,,False,50,260,400,-1,1.0,100,0.0026916198320283,0,40,1.0,2,0,0.25,0.01,0.75,50.0,30.0,0.45,0.2,0.1,0.002,8.0,0.0017516084945956578,0.0036237614917339345,0.0,0.03291708553947026,0.03829245552579985
72,500,0.2548170709434482,0.5,0.410074182762262,0.0,0.125,0.0,honeycomb__markov__fixed__intr0__struct0__synchronous__imprint__s5__a994fdc200,0.1528737669658429,0.1317930683315543,0.25,False,0.481475773444009,0.002,0.016,markov,0.68,honeycomb,50,100,0.9,0.1977426859122676,0.3,0,0.42,0.08,300,0.2588392075859936,0.2,20,1.5070227998170098,,1.8175140016999104e-18,0.2,fixed,primary,,False,synchronous,50,260,400,5,-1,1.0,0.6,0.6,100,0.1738002422441813,0,0,40,1.0,2,0,0.25,0.01,0.75,50.0,imprint,30.0,0.45,0.2,0.1,0.002,8.0,72,500,0.3953796103358378,-0.1094471672946018,0.0,0.125,0.2599752468155772,honeycomb__ql__fixed__intr0__struct0__synchronous__imprint__s5__0617bd8ef2,0.0031700663944376,0.003753897217667,0.25,0.7563932092130351,0.002,ql,50,100,0.9,0.3049150221367421,0.3,0.42,0.08,300,0.3959991737082265,20,1.4641815543899157,,1.7204766285135284e-18,0.2,primary,,False,50,260,400,-1,1.0,100,0.0020298823185592,0,40,1.0,2,0,0.25,0.01,0.75,50.0,30.0,0.45,0.2,0.1,0.002,8.0,0.1405625393923896,0.2749174357690261,0.0,0.04284124542709411,0.4583212205885098
72,500,0.2469046076615108,0.5,0.4198801772161573,0.0,0.125,0.0,honeycomb__markov__plastic__intr0__struct0__synchronous__imprint__s3__d5254d9529,0.1497654219888956,0.1370381513701093,0.25,False,0.4653828705831387,0.002,0.016,markov,0.68,honeycomb,50,100,0.9,0.1935866840072645,0.3,0,0.42,0.08,300,0.2506003727686169,0.2,20,1.4958950091617376,,2.309381242475264e-18,0.2,plastic,primary,,False,synchronous,50,260,400,3,-1,1.0,0.6,0.6,100,0.178121452987101,0,0,40,1.0,2,0,0.25,0.01,0.75,50.0,imprint,30.0,0.45,0.2,0.1,0.002,8.0,72,500,0.3952705740530117,-0.0973554111456671,0.0,0.125,0.2586114564150928,honeycomb__ql__plastic__intr0__struct0__synchronous__imprint__s3__20459a0b42,0.0095643098879215,0.0058159404946259,0.25,0.7558452940785643,0.002,ql,50,100,0.9,0.3033438786395708,0.3,0.42,0.08,300,0.3964690069896198,20,1.4707740099038502,,1.808325407473537e-18,0.2,primary,,False,50,260,400,-1,1.0,100,0.0025383292057094,0,40,1.0,2,0,0.25,0.01,0.75,50.0,30.0,0.45,0.2,0.1,0.002,8.0,0.1483659663915009,0.29046242349542556,0.0,0.025120999257887355,0.4639493891448138
72,500,0.2656098505470992,0.5,0.3786623086995995,0.0,0.125,0.0,honeycomb__markov__fixed__intr0__struct0__synchronous__lesion__s4__68366b427b,0.1344356917848747,0.1115913451250386,0.25,False,0.5055028093768934,0.002,0.016,markov,0.68,honeycomb,50,100,0.9,0.20775343950214,0.3,0,0.42,0.08,300,0.2696400802573887,0.2,20,1.5184001285309996,,1.6255919258801754e-18,0.2,fixed,primary,0.1456425088608141,False,synchronous,50,260,400,4,-1,1.0,0.6,0.6,100,0.1518227803747991,0,0,40,1.0,2,0,0.25,0.01,0.75,50.0,lesion,30.0,0.45,0.2,0.1,0.002,8.0,72,500,0.3955229761549259,-0.1094363692144501,0.0,0.125,0.257992296755791,honeycomb__ql__fixed__intr0__struct0__synchronous__lesion__s4__1aaa83e385,-0.0049641247486237,-0.0072567805344634,0.25,0.757136511890905,0.002,ql,50,100,0.9,0.3042206519783738,0.3,0.42,0.08,300,0.3967595576893961,20,1.4646957915508323,,1.6750726867301952e-18,0.2,primary,-0.0232474802947588,False,50,260,400,-1,1.0,100,0.0022962704846511,0,40,1.0,2,0,0.25,0.01,0.75,50.0,30.0,0.45,0.2,0.1,0.002,8.0,0.1299131256078267,0.2516337025140116,0.1688899891555729,0.0537043369801673,0.6041411542575785
72,500,0.2570503778211203,0.5,0.4020010603866765,0.0,0.125,0.0,honeycomb__markov__plastic__intr0__struct0__synchronous__lesion__s3__c88656f047,0.1543246250746023,0.1414448181203962,0.25,False,0.4878714927253068,0.002,0.016,markov,0.68,honeycomb,50,100,0.9,0.2003673139034561,0.3,0,0.42,0.08,300,0.261314525473327,0.2,20,1.507993860812712,,1.9820574142792166e-18,0.2,plastic,primary,0.1186508078742971,False,synchronous,50,260,400,3,-1,1.0,0.6,0.6,100,0.1703297709846229,0,0,40,1.0,2,0,0.25,0.01,0.75,50.0,lesion,30.0,0.45,0.2,0.1,0.002,8.0,72,500,0.3988094388587326,-0.1073689992797701,0.0,0.125,0.2606655186648852,honeycomb__ql__plastic__intr0__struct0__synchronous__lesion__s3__e2a0dc8978,-6.093285325836917e-05,0.0012727917855962,0.25,0.7598008920917189,0.002,ql,50,100,0.9,0.3043342716993275,0.3,0.42,0.08,300,0.3963728621838825,20,1.466022506818293,,1.9750298438124713e-18,0.2,primary,-0.0165914018629331,False,50,260,400,-1,1.0,100,0.0028961488363588,0,40,1.0,2,0,0.25,0.01,0.75,50.0,30.0,0.45,0.2,0.1,0.002,8.0,0.14175906103761232,0.2719293993664121,0.1352422097372302,0.04197135399441887,0.5909020241356735
72,500,0.1895224205309187,0.5,0.5123735404448134,0.0,0.125,0.0,honeycomb__markov__fixed__intr0__struct0__synchronous__order_ab__s2__11fe965cde,0.2208428515681185,0.1972170700244128,0.25,False,0.3609048796638379,0.002,0.016,markov,0.68,honeycomb,50,100,0.9,0.1476721536860562,0.3,0,0.42,0.08,300,0.195122514752806,0.2,20,1.329603798507072,-0.0236257815437057,2.261016875491925e-18,0.2,fixed,primary,,False,synchronous,50,260,400,2,-1,1.0,0.6,0.6,100,0.2153844132251335,0,0,40,1.0,2,0,0.25,0.01,0.75,50.0,order_ab,30.0,0.45,0.2,0.1,0.002,8.0,72,500,0.3948547232191006,-0.1096474246857719,0.0,0.125,0.2618264263500983,honeycomb__ql__fixed__intr0__struct0__synchronous__order_ab__s2__def9908cb2,-0.0095614261267211,-0.0027075412194425,0.25,0.7540063220790156,0.002,ql,50,100,0.9,0.3059735128185957,0.3,0.42,0.08,300,0.3919120639788297,20,1.4777903987562364,0.0068538849072785,2.0165867776536574e-18,0.2,primary,,False,50,260,400,-1,1.0,100,0.0023824029499211,0,40,1.0,2,0,0.25,0.01,0.75,50.0,30.0,0.45,0.2,0.1,0.002,8.0,0.2053323026881819,0.39310144241517775,0.0,0.1481866002491643,0.746620345352524
72,500,0.1995733966720904,0.5,0.4940528472725342,0.0,0.125,0.0,honeycomb__markov__plastic__intr0__struct0__synchronous__order_ab__s2__c50787c787,0.211218796796387,0.1862837920513958,0.25,False,0.3798017750389315,0.002,0.016,markov,0.68,honeycomb,50,100,0.9,0.1562973843333352,0.3,0,0.42,0.08,300,0.2054150247676459,0.2,20,1.3615842397463047,-0.0249350047449911,1.8982107400150553e-18,0.2,plastic,primary,,False,synchronous,50,260,400,2,-1,1.0,0.6,0.6,100,0.2117775914163343,0,0,40,1.0,2,0,0.25,0.01,0.75,50.0,order_ab,30.0,0.45,0.2,0.1,0.002,8.0,72,500,0.3973084384980162,-0.1211386875116221,0.0,0.125,0.2632960619247242,honeycomb__ql__plastic__intr0__struct0__synchronous__order_ab__s2__4aa84a5f08,-0.0135920765536394,0.0135015513660126,0.25,0.7558040903348491,0.002,ql,50,100,0.9,0.3077841808120626,0.3,0.42,0.08,300,0.3922585692404332,20,1.4866633409775376,0.0270936279196521,1.9239606437265372e-18,0.2,primary,,False,50,260,400,-1,1.0,100,0.0028228057449135,0,40,1.0,2,0,0.25,0.01,0.75,50.0,30.0,0.45,0.2,0.1,0.002,8.0,0.19773504182592583,0.3760023152959176,0.0,0.1250791012312329,0.6988164583530763
72,500,0.1770247402146607,0.5,0.5220040377523982,0.0,0.125,0.0,honeycomb__markov__fixed__intr0__struct0__synchronous__order_ba__s3__2424b6cacd,0.2483437763224491,0.2110543177867294,0.25,False,0.3346747524416839,0.002,0.016,markov,0.68,honeycomb,50,100,0.9,0.1392176443444889,0.3,0,0.42,0.08,300,0.1793115983874763,0.2,20,1.2868091945258524,-0.0372894585357196,2.384766520619289e-18,0.2,fixed,primary,,False,synchronous,50,260,400,3,-1,1.0,0.6,0.6,100,0.224038687802462,0,0,40,1.0,2,0,0.25,0.01,0.75,50.0,order_ba,30.0,0.45,0.2,0.1,0.002,8.0,72,500,0.3925163261825775,-0.0939125839101159,0.0,0.125,0.2669209827065415,honeycomb__ql__fixed__intr0__struct0__synchronous__order_ba__s3__13a25fe793,0.0012148672629821,0.006447042275759,0.25,0.7504326912381559,0.002,ql,50,100,0.9,0.3046875542573493,0.3,0.42,0.08,300,0.3902191227691459,20,1.471242107625117,0.0052321750127769,1.6535465987456649e-18,0.2,primary,,False,50,260,400,-1,1.0,100,0.002387626220868,0,40,1.0,2,0,0.25,0.01,0.75,50.0,30.0,0.45,0.2,0.1,0.002,8.0,0.2154915859679168,0.41575793879647205,0.0,0.18443291309926457,0.8156824378636534
72,500,0.1861616144524728,0.5,0.5054041990949214,0.0,0.125,0.0,honeycomb__markov__plastic__intr0__struct0__synchronous__order_ba__s3__5d11b4d691,0.2503802342823261,0.2076364008309846,0.25,False,0.3516099725963797,0.002,0.016,markov,0.68,honeycomb,50,100,0.9,0.1473963863498879,0.3,0,0.42,0.08,300,0.1911147077772416,0.2,20,1.3222382004578794,-0.0427438334513414,1.814337902075409e-18,0.2,plastic,primary,,False,synchronous,50,260,400,3,-1,1.0,0.6,0.6,100,0.2200150622701672,0,0,40,1.0,2,0,0.25,0.01,0.75,50.0,order_ba,30.0,0.45,0.2,0.1,0.002,8.0,72,500,0.3920434537210109,-0.0991925820903247,0.0,0.125,0.2645045277266162,honeycomb__ql__plastic__intr0__struct0__synchronous__order_ba__s3__54bce96456,0.0012499650317173,-0.003500091405358,0.25,0.748671189759717,0.002,ql,50,100,0.9,0.3065479651248131,0.3,0.42,0.08,300,0.3901454796238355,20,1.4801958108920894,-0.0047500564370754,1.6870349719447497e-18,0.2,primary,,False,50,260,400,-1,1.0,100,0.0027752709109146,0,40,1.0,2,0,0.25,0.01,0.75,50.0,30.0,0.45,0.2,0.1,0.002,8.0,0.2058818392685381,0.3970612171633373,0.0,0.15795761043420997,0.7609006668660854
72,500,0.4825840398706386,0.5,-0.3226329362415215,0.0,0.125,0.0,honeycomb_nnn__markov__fixed__intr0__struct0__alpha_async__baseline__s5__b27de8278a,-0.0017074903695442,-0.0038822288972086,0.25,False,0.1339571801569714,0.002,0.016,markov,0.68,honeycomb_nnn,50,100,0.9,0.6297551668786847,0.3,0,0.42,0.08,300,0.4823020186689249,0.2,20,0.9990952543460118,,2.204515542741792e-18,0.2,fixed,primary,,False,alpha_async,50,260,400,5,-1,1.0,0.6,0.6,100,0.0246655076803218,0,0,40,1.0,2,0,0.25,0.01,0.75,50.0,baseline,30.0,0.45,0.2,0.1,0.002,8.0,72,500,0.4803127333871527,-0.3169111213397143,0.0,0.125,0.3288615361064027,honeycomb_nnn__ql__fixed__intr0__struct0__alpha_async__baseline__s5__5920eef4d2,0.0019331479158352,0.0001035684772691,0.25,0.2722103544628181,0.002,ql,50,100,0.9,0.5941159921539693,0.3,0.42,0.08,300,0.4801989528153831,20,0.9982010750657808,,2.547067887400324e-18,0.2,primary,,False,50,260,400,-1,1.0,100,0.0147741770113396,0,40,1.0,2,0,0.25,0.01,0.75,50.0,30.0,0.45,0.2,0.1,0.002,8.0,0.002271306483485891,0.13825317430584672,0.0,0.0008941792802309445,0.14141866006956355
72,500,0.4150244682803125,0.5,-0.2195889367062306,0.0,0.125,0.0,honeycomb_nnn__markov__plastic__intr0__struct0__alpha_async__baseline__s4__2341a2efa7,-0.0062332255844375,0.004967297990383,0.25,False,0.6704862296566263,0.002,0.016,markov,0.68,honeycomb_nnn,50,100,0.9,0.384166805845658,0.3,0,0.42,0.08,300,0.4147135169312106,0.2,20,0.9756345478891204,,2.5433014189812458e-18,0.2,plastic,primary,,False,alpha_async,50,260,400,4,-1,1.0,0.6,0.6,100,0.0192996023662979,0,0,40,1.0,2,0,0.25,0.01,0.75,50.0,baseline,30.0,0.45,0.2,0.1,0.002,8.0,72,500,0.4099467155989815,-0.2130452398145705,0.0,0.125,0.2331187704647429,honeycomb_nnn__ql__plastic__intr0__struct0__alpha_async__baseline__s4__6598c1d39f,0.0058909229559946,-0.0016411693852144,0.25,0.687400088644166,0.002,ql,50,100,0.9,0.3734709389607178,0.3,0.42,0.08,300,0.4087768815106747,20,0.922630413641207,,2.7294799101228146e-18,0.2,primary,,False,50,260,400,-1,1.0,100,0.0196725986368309,0,40,1.0,2,0,0.25,0.01,0.75,50.0,30.0,0.45,0.2,0.1,0.002,8.0,0.0050777526813309826,0.01691385898753972,0.0,0.05300413424791339,0.0749957459167841
72,500,0.4856518461911928,0.5,-0.3262020430091497,0.0,0.125,0.0,honeycomb_nnn__markov__fixed__intr0__struct0__alpha_async__imprint__s3__b0e8a213a0,0.0087615788099268,-0.002486068612069,0.25,False,0.1108665754395862,0.002,0.016,markov,0.68,honeycomb_nnn,50,100,0.9,0.6384070923827456,0.3,0,0.42,0.08,300,0.4770790525595091,0.2,20,0.9995258539451888,,2.8841858380065098e-18,0.2,fixed,primary,,False,alpha_async,50,260,400,3,-1,1.0,0.6,0.6,100,0.0331690243752969,0,0,40,1.0,2,0,0.25,0.01,0.75,50.0,imprint,30.0,0.45,0.2,0.1,0.002,8.0,72,500,0.4846881755391796,-0.3216077503567603,0.0,0.125,0.3325351782497752,honeycomb_nnn__ql__fixed__intr0__struct0__alpha_async__imprint__s3__bb766ea6cc,0.0042023875818626,-0.0025625381826882,0.25,0.2494472228507093,0.002,ql,50,100,0.9,0.6032686731132079,0.3,0.42,0.08,300,0.4812856790479622,20,0.9990629688720238,,2.2720106133331347e-18,0.2,primary,,False,50,260,400,-1,1.0,100,0.0237423549491743,0,40,1.0,2,0,0.25,0.01,0.75,50.0,30.0,0.45,0.2,0.1,0.002,8.0,0.0009636706520131932,0.1385806474111231,0.0,0.00046288507316494254,0.14000720313630124
72,500,0.4212851134549907,0.5,-0.2681859493229628,0.0,0.125,0.0,honeycomb_nnn__markov__plastic__intr0__struct0__alpha_async__imprint__s2__6eee28398b,0.0027618981554961,0.0035996722797336,0.25,False,0.6071971026199214,0.002,0.016,markov,0.68,honeycomb_nnn,50,100,0.9,0.4346283633469877,0.3,0,0.42,0.08,300,0.4142987944931843,0.2,20,1.045723123095582,,2.266983717698736e-18,0.2,plastic,primary,,False,alpha_async,50,260,400,2,-1,1.0,0.6,0.6,100,0.016423870454174,0,0,40,0.999807098765432,2,0,0.25,0.01,0.75,50.0,imprint,30.0,0.45,0.2,0.1,0.002,8.0,72,500,0.4131268647523353,-0.2506636993444939,0.0,0.125,0.2389713695223826,honeycomb_nnn__ql__plastic__intr0__struct0__alpha_async__imprint__s2__82c5f5a65b,-0.0087125288806903,-0.0024246750026213,0.25,0.6600519012387845,0.002,ql,50,100,0.9,0.4001179837948631,0.3,0.42,0.08,300,0.4111036808418059,20,0.9731322051305384,,2.6595880821572072e-18,0.2,primary,,False,50,260,400,-1,1.0,100,0.0244073128516555,0,40,0.9993998628257889,2,0,0.25,0.01,0.75,50.0,30.0,0.45,0.2,0.1,0.002,8.0,0.008158248702655413,0.05285479861886311,0.0,0.07259091796504347,0.133603965286562
72,500,0.4858381190956994,0.5,-0.3263962116947224,0.0,0.125,0.0,honeycomb_nnn__markov__fixed__intr0__struct0__alpha_async__lesion__s3__aa38ed51d9,0.0097195114757959,-0.0023965419476632,0.25,False,0.1092247253421937,0.002,0.016,markov,0.68,honeycomb_nnn,50,100,0.9,0.6389285928637229,0.3,0,0.42,0.08,300,0.477232062334076,0.2,20,0.9995510048192512,,2.1543175595338828e-18,0.2,fixed,primary,0.0095454861062002,False,alpha_async,50,260,400,3,-1,1.0,0.6,0.6,100,0.0349830999408898,0,0,40,1.0,2,0,0.25,0.01,0.75,50.0,lesion,30.0,0.45,0.2,0.1,0.002,8.0,72,500,0.484685533311221,-0.3216054130846266,0.0,0.125,0.3324874466591404,honeycomb_nnn__ql__fixed__intr0__struct0__alpha_async__lesion__s3__572f472cbf,0.0042131447806847,-0.0026366182446996,0.25,0.2494234362511817,0.002,ql,50,100,0.9,0.6032677058884357,0.3,0.42,0.08,300,0.4812774910137229,20,0.9990589515686013,,2.351754082157979e-18,0.2,primary,0.0044362609362997,False,50,260,400,-1,1.0,100,0.0237135573640978,0,40,1.0,2,0,0.25,0.01,0.75,50.0,30.0,0.45,0.2,0.1,0.002,8.0,0.0011525857844784104,0.140198710908988,0.0051092251699005,0.0004920532506499375,0.14695257511401685
72,500,0.4148386025922591,0.5,-0.2693604835407483,0.0,0.125,0.0,honeycomb_nnn__markov__plastic__intr0__struct0__alpha_async__lesion__s3__59d52a71b1,3.908070996831055e-05,-0.0035351718286998,0.25,False,0.625049601646108,0.002,0.016,markov,0.68,honeycomb_nnn,50,100,0.9,0.4224988866758489,0.3,0,0.42,0.08,300,0.4085563840005361,0.2,20,1.01920371426222,,2.9469019766584743e-18,0.2,plastic,primary,-0.0062966206448587,False,alpha_async,50,260,400,3,-1,1.0,0.6,0.6,100,0.0297696937726833,0,0,40,0.9993141289437586,2,0,0.25,0.01,0.75,50.0,lesion,30.0,0.45,0.2,0.1,0.002,8.0,72,500,0.4056052773001943,-0.2471373309647711,0.0,0.125,0.2398782080165599,honeycomb_nnn__ql__plastic__intr0__struct0__alpha_async__lesion__s3__f53689545e,0.0025860274715575,-0.0083805652297865,0.25,0.6726478900129595,0.002,ql,50,100,0.9,0.3878045643310996,0.3,0.42,0.08,300,0.4042843640363004,20,0.9396494153310088,,2.4925335103514122e-18,0.2,primary,0.010174106266732,False,50,260,400,-1,1.0,100,0.0276282211639843,0,40,0.9993141289437586,2,0,0.25,0.01,0.75,50.0,30.0,0.45,0.2,0.1,0.002,8.0,0.009233325292064776,0.04759828836685154,0.0164707269115907,0.07955429893121113,0.15285663950171813
72,500,0.4171195538645308,0.5,-0.1685301049492917,0.0,0.125,0.0,honeycomb_nnn__markov__fixed__intr0__struct0__alpha_async__order_ab__s4__91e115fffc,0.0432663861740791,0.04601296901288,0.25,False,0.1947899003395308,0.002,0.016,markov,0.68,honeycomb_nnn,50,100,0.9,0.5225117408012593,0.3,0,0.42,0.08,300,0.3768560946230621,0.2,20,1.318630798216867,0.0027465828388008,3.114952711102872e-18,0.2,fixed,primary,,False,alpha_async,50,260,400,4,-1,1.0,0.6,0.6,100,0.0529418475698082,0,0,40,1.0,2,0,0.25,0.01,0.75,50.0,order_ab,30.0,0.45,0.2,0.1,0.002,8.0,72,500,0.4749763156241349,-0.3124508995005357,0.0,0.125,0.3073921577103078,honeycomb_nnn__ql__fixed__intr0__struct0__alpha_async__order_ab__s4__da4643e719,-0.0014471395305042,0.0107639789807115,0.25,0.2854396039272114,0.002,ql,50,100,0.9,0.5871529678464114,0.3,0.42,0.08,300,0.4373794917186888,20,1.0282218912928636,0.0122111185112158,2.5181347679822054e-18,0.2,primary,,False,50,260,400,-1,1.0,100,0.0168876667735349,0,40,1.0,2,0,0.25,0.01,0.75,50.0,30.0,0.45,0.2,0.1,0.002,8.0,0.05785676175960408,0.0906497035876806,0.0,0.29040890692400345,0.43891537227128813
72,500,0.3315179021736329,0.5,0.0249073589240617,0.0,0.125,0.0,honeycomb_nnn__markov__plastic__intr0__struct0__alpha_async__order_ab__s1__b619b4dada,0.0783772188748142,0.0762563013277053,0.25,False,0.4507183175026538,0.002,0.016,markov,0.68,honeycomb_nnn,50,100,0.9,0.3557125434005366,0.3,0,0.42,0.08,300,0.3023548638734629,0.2,20,1.4002430505856374,-0.0021209175471089,3.1107709949538524e-18,0.2,plastic,primary,,False,alpha_async,50,260,400,1,-1,1.0,0.6,0.6,100,0.0377715688568506,0,0,40,0.9995070301783264,2,0,0.25,0.01,0.75,50.0,order_ab,30.0,0.45,0.2,0.1,0.002,8.0,72,500,0.4217297008038497,-0.2770784930725329,0.0,0.125,0.2596387185657078,honeycomb_nnn__ql__plastic__intr0__struct0__alpha_async__order_ab__s1__cdf1f51f15,-0.0101738314133767,-0.0025134046074551,0.25,0.5972326436752498,0.002,ql,50,100,0.9,0.4447807583607883,0.3,0.42,0.08,300,0.3862225227525513,20,1.0748851041350105,0.0076604268059215,3.010237612558718e-18,0.2,primary,,False,50,260,400,-1,1.0,100,0.0265327444560493,0,40,0.9990783607681756,2,0,0.25,0.01,0.75,50.0,30.0,0.45,0.2,0.1,0.002,8.0,0.09021179863021678,0.14651432617259597,0.0,0.3253579464506269,0.5620840712534396
72,500,0.3869502578889469,0.5,-0.0996304906461484,0.0,0.125,0.0,honeycomb_nnn__markov__fixed__intr0__struct0__alpha_async__order_ba__s1__605595b558,0.0599786669073086,0.0563112883369135,0.25,False,0.2023769156254047,0.002,0.016,markov,0.68,honeycomb_nnn,50,100,0.9,0.4801813332514196,0.3,0,0.42,0.08,300,0.35230555157722,0.2,20,1.419690172936812,-0.003667378570395,3.2872112851149572e-18,0.2,fixed,primary,,False,alpha_async,50,260,400,1,-1,1.0,0.6,0.6,100,0.031411375405548,0,0,40,1.0,2,0,0.25,0.01,0.75,50.0,order_ba,30.0,0.45,0.2,0.1,0.002,8.0,72,500,0.4708688318788924,-0.3028103253875897,0.0,0.125,0.3070374994009464,honeycomb_nnn__ql__fixed__intr0__struct0__alpha_async__order_ba__s1__5a2352e38c,0.0082666282557742,0.0086859963871393,0.25,0.2965467945155889,0.002,ql,50,100,0.9,0.5773725934736056,0.3,0.42,0.08,300,0.433771084214577,20,1.0606710808957551,0.000419368131365,2.4760091293831648e-18,0.2,primary,,False,50,260,400,-1,1.0,100,0.0194608829984421,0,40,1.0,2,0,0.25,0.01,0.75,50.0,30.0,0.45,0.2,0.1,0.002,8.0,0.08391857398994551,0.09416987889018422,0.0,0.359019092041057,0.5371075449211867
72,500,0.3303989957815211,0.5,0.0213962779581416,0.0,0.125,0.0,honeycomb_nnn__markov__plastic__intr0__struct0__alpha_async__order_ba__s2__44a3be8033,0.0744344137861078,0.063994615552053,0.25,False,0.4438956939454765,0.002,0.016,markov,0.68,honeycomb_nnn,50,100,0.9,0.358513519923626,0.3,0,0.42,0.08,300,0.302031660293006,0.2,20,1.4245715019874845,-0.0104397982340548,3.1224711924346018e-18,0.2,plastic,primary,,False,alpha_async,50,260,400,2,-1,1.0,0.6,0.6,100,0.0448591751723986,0,0,40,0.9991855281207132,2,0,0.25,0.01,0.75,50.0,order_ba,30.0,0.45,0.2,0.1,0.002,8.0,72,500,0.4165554244493063,-0.26710679257671,0.0,0.125,0.2599220211906573,honeycomb_nnn__ql__plastic__intr0__struct0__alpha_async__order_ba__s2__17ec7b3b32,-0.0017758428141423,0.000631963185162,0.25,0.5906688416121384,0.002,ql,50,100,0.9,0.4425001470272288,0.3,0.42,0.08,300,0.3840131274917978,20,1.1056431968724143,0.0024078059993043,2.741061619952307e-18,0.2,primary,,False,50,260,400,-1,1.0,100,0.0342090380041289,0,40,0.9989926268861454,2,0,0.25,0.01,0.75,50.0,30.0,0.45,0.2,0.1,0.002,8.0,0.08615642866778522,0.14677314766666189,0.0,0.3189283051150702,0.5518578814495173
72,500,0.4821641960017245,0.5,-0.3220418429707948,0.0,0.125,0.0,honeycomb_nnn__markov__fixed__intr0__struct0__block_async__baseline__s2__a4751e351e,0.0116814064217664,-0.0041208788793036,0.25,False,0.1367320350666608,0.002,0.016,markov,0.68,honeycomb_nnn,50,100,0.9,0.6287303870491107,0.3,0,0.42,0.08,300,0.4821705336974649,0.2,20,0.9989894962818172,,2.2841937964464866e-18,0.2,fixed,primary,,False,block_async,50,260,400,2,-1,1.0,0.6,0.6,100,0.0244583638574293,0,0,40,1.0,2,0,0.25,0.01,0.75,50.0,baseline,30.0,0.45,0.2,0.1,0.002,8.0,72,500,0.4802187616349155,-0.3169395430764113,0.0,0.125,0.3293615188748516,honeycomb_nnn__ql__fixed__intr0__struct0__block_async__baseline__s2__6bb7385c51,-0.0006511344122545,-0.0048725258355438,0.25,0.2706585010893486,0.002,ql,50,100,0.9,0.5945708106655038,0.3,0.42,0.08,300,0.4802188925086299,20,0.998128368795243,,1.7160552355710089e-18,0.2,primary,,False,50,260,400,-1,1.0,100,0.0166597672386479,0,40,1.0,2,0,0.25,0.01,0.75,50.0,30.0,0.45,0.2,0.1,0.002,8.0,0.0019454343668089957,0.1339264660226878,0.0,0.0008611274865741869,0.13673302787607097
72,500,0.4131730043421157,0.5,-0.234928809778298,0.0,0.125,0.0,honeycomb_nnn__markov__plastic__intr0__struct0__block_async__baseline__s2__beadce887c,-0.0013807092937382,-0.0045643172927407,0.25,False,0.6700372799236894,0.002,0.016,markov,0.68,honeycomb_nnn,50,100,0.9,0.3854077650951367,0.3,0,0.42,0.08,300,0.413184515140055,0.2,20,0.9844437953754444,,2.710426819984772e-18,0.2,plastic,primary,,False,block_async,50,260,400,2,-1,1.0,0.6,0.6,100,0.0592284264643292,0,0,40,1.0,2,0,0.25,0.01,0.75,50.0,baseline,30.0,0.45,0.2,0.1,0.002,8.0,72,500,0.3929331610552908,-0.2157562853843867,0.0,0.125,0.2447033685796485,honeycomb_nnn__ql__plastic__intr0__struct0__block_async__baseline__s2__68512468f9,-0.0051199077075704,0.0165447640810987,0.25,0.7082785709728752,0.002,ql,50,100,0.9,0.3501843174456513,0.3,0.42,0.08,300,0.3950584125795405,20,0.8567494395388353,,2.3895537872665405e-18,0.2,primary,,False,50,260,400,-1,1.0,100,0.0333006430775799,0,40,1.0,2,0,0.25,0.01,0.75,50.0,30.0,0.45,0.2,0.1,0.002,8.0,0.020239843286824877,0.03824129104918572,0.0,0.12769435583660904,0.18617549017261964
72,500,0.4902208212526452,0.5,-0.3311564364228163,0.0,0.125,0.0,honeycomb_nnn__markov__fixed__intr0__struct0__block_async__imprint__s5__854d40570c,0.0024286861014238,-0.0038884755895913,0.25,False,0.0697107130530527,0.002,0.016,markov,0.68,honeycomb_nnn,50,100,0.9,0.6536156195712945,0.3,0,0.42,0.08,300,0.4901940443112071,0.2,20,0.9999636234413264,,3.015739085044831e-18,0.2,fixed,primary,,False,block_async,50,260,400,5,-1,1.0,0.6,0.6,100,0.0989022470402726,0,0,40,1.0,2,0,0.25,0.01,0.75,50.0,imprint,30.0,0.45,0.2,0.1,0.002,8.0,72,500,0.4843887728537036,-0.3214689831963808,0.0,0.125,0.33550378855258,honeycomb_nnn__ql__fixed__intr0__struct0__block_async__imprint__s5__0258416f2f,0.005589075710522,-0.0035196524993552,0.25,0.2495752158307898,0.002,ql,50,100,0.9,0.6037941920955527,0.3,0.42,0.08,300,0.4843902477649733,20,0.999094720290908,,2.784770384227708e-18,0.2,primary,,False,50,260,400,-1,1.0,100,0.0231398242443735,0,40,1.0,2,0,0.25,0.01,0.75,50.0,30.0,0.45,0.2,0.1,0.002,8.0,0.005832048398941636,0.17986450277773708,0.0,0.0008689031504184319,0.18656545432709715
72,500,0.4175441697978336,0.5,-0.2715898838090646,0.0,0.125,0.0,honeycomb_nnn__markov__plastic__intr0__struct0__block_async__imprint__s2__e7d04b018b,0.0017691462925677,-0.000438770645054,0.25,False,0.6169849972993933,0.002,0.016,markov,0.68,honeycomb_nnn,50,100,0.9,0.4281898676294373,0.3,0,0.42,0.08,300,0.4177538149903603,0.2,20,1.0148263900171286,,2.2465351604931497e-18,0.2,plastic,primary,,False,block_async,50,260,400,2,-1,1.0,0.6,0.6,100,0.0502764454887303,0,0,40,0.9994641632373114,2,0,0.25,0.01,0.75,50.0,imprint,30.0,0.45,0.2,0.1,0.002,8.0,72,500,0.3944244682461639,-0.2366566998301232,0.0,0.125,0.245754580078239,honeycomb_nnn__ql__plastic__intr0__struct0__block_async__imprint__s2__6f41e1af3f,0.0050576605815855,-7.149648092077687e-05,0.25,0.7127080063280745,0.002,ql,50,100,0.9,0.3548699493427689,0.3,0.42,0.08,300,0.3958964538179614,20,0.8246306331244359,,2.865262086053997e-18,0.2,primary,,False,50,260,400,-1,1.0,100,0.0287603953468256,0,40,0.9991640946502056,2,0,0.25,0.01,0.75,50.0,30.0,0.45,0.2,0.1,0.002,8.0,0.023119701551669702,0.09572300902868125,0.0,0.19019575689269275,0.3090384674730437
72,500,0.4902151967890439,0.5,-0.3311550553232551,0.0,0.125,0.0,honeycomb_nnn__markov__fixed__intr0__struct0__block_async__lesion__s5__0bcc694df2,0.0019747802772472,-0.0026866058508161,0.25,False,0.0696282820819379,0.002,0.016,markov,0.68,honeycomb_nnn,50,100,0.9,0.6536729612365623,0.3,0,0.42,0.08,300,0.490188444494262,0.2,20,0.999962785955722,,2.8357901569418478e-18,0.2,fixed,primary,0.001999603037652,False,block_async,50,260,400,5,-1,1.0,0.6,0.6,100,0.1053454908968871,0,0,40,1.0,2,0,0.25,0.01,0.75,50.0,lesion,30.0,0.45,0.2,0.1,0.002,8.0,72,500,0.4845759489314159,-0.3217025289778735,0.0,0.125,0.3356812709267261,honeycomb_nnn__ql__fixed__intr0__struct0__block_async__lesion__s5__cf4040899e,0.0068638024568886,-0.0048656388342074,0.25,0.2487652055481193,0.002,ql,50,100,0.9,0.604074627657583,0.3,0.42,0.08,300,0.4845768338498713,20,0.9991529158111851,,2.756745772211705e-18,0.2,primary,0.0068830356248551,False,50,260,400,-1,1.0,100,0.0255630689435119,0,40,1.0,2,0,0.25,0.01,0.75,50.0,30.0,0.45,0.2,0.1,0.002,8.0,0.0056392478576279825,0.17913692346618137,0.0048834325872031,0.0008098701445368173,0.1904694740555493
72,500,0.4228754675155494,0.5,-0.2741802056409971,0.0,0.125,0.0,honeycomb_nnn__markov__plastic__intr0__struct0__block_async__lesion__s2__d6c1508990,0.0048469843179953,0.0016577482412729,0.25,False,0.6068748611293742,0.002,0.016,markov,0.68,honeycomb_nnn,50,100,0.9,0.4363167619337252,0.3,0,0.42,0.08,300,0.421651368183415,0.2,20,1.0244511596995671,,2.636645123060144e-18,0.2,plastic,primary,0.0115360178594621,False,block_async,50,260,400,2,-1,1.0,0.6,0.6,100,0.0526357301439933,0,0,40,0.9993784293552812,2,0,0.25,0.01,0.75,50.0,lesion,30.0,0.45,0.2,0.1,0.002,8.0,72,500,0.3918352979331708,-0.2425630709955705,0.0,0.125,0.2423255841971225,honeycomb_nnn__ql__plastic__intr0__struct0__block_async__lesion__s2__4d53d7782a,-0.0015122939657749,-0.0034060744951579,0.25,0.7164397794043011,0.002,ql,50,100,0.9,0.3511599522611721,0.3,0.42,0.08,300,0.3902884805175479,20,0.8075724990375734,,2.948723781479748e-18,0.2,primary,0.012158092708047,False,50,260,400,-1,1.0,100,0.0357678740921869,0,40,0.9991640946502056,2,0,0.25,0.01,0.75,50.0,30.0,0.45,0.2,0.1,0.002,8.0,0.031040169582378596,0.10956491827492698,0.0006220748485849005,0.21687866066199368,0.35810582336788416
72,500,0.4866743682708817,0.5,-0.327805025485679,0.0,0.125,0.0,honeycomb_nnn__markov__fixed__intr0__struct0__block_async__order_ab__s4__706e880a3a,-0.0033770960677616,-0.0044073100313789,0.25,False,0.0969023927192192,0.002,0.016,markov,0.68,honeycomb_nnn,50,100,0.9,0.6448771189095388,0.3,0,0.42,0.08,300,0.4840845539342527,0.2,20,0.9998042592699268,-0.0010302139636172,2.2854638792174118e-18,0.2,fixed,primary,,False,block_async,50,260,400,4,-1,1.0,0.6,0.6,100,0.0486782468664111,0,0,40,1.0,2,0,0.25,0.01,0.75,50.0,order_ab,30.0,0.45,0.2,0.1,0.002,8.0,72,500,0.4873946932685955,-0.3249092329147817,0.0,0.125,0.3380531362937892,honeycomb_nnn__ql__fixed__intr0__struct0__block_async__order_ab__s4__d234d59e58,-0.0007422638555107,-0.0068857124493014,0.25,0.2356207466649417,0.002,ql,50,100,0.9,0.6097219510002884,0.3,0.42,0.08,300,0.4861298540831787,20,0.9995406527190426,-0.0061434485937907,2.762708557791516e-18,0.2,primary,,False,50,260,400,-1,1.0,100,0.0478736367135497,0,40,1.0,2,0,0.25,0.01,0.75,50.0,30.0,0.45,0.2,0.1,0.002,8.0,0.0007203249977138504,0.13871835394572252,0.0,0.00026360655088419893,0.13970228549432057
72,500,0.4263035040246146,0.5,-0.2972359320940768,0.0,0.125,0.0,honeycomb_nnn__markov__plastic__intr0__struct0__block_async__order_ab__s4__20bd62ce28,-0.016556378885394,-0.0093044518369012,0.25,False,0.5361441855863498,0.002,0.016,markov,0.68,honeycomb_nnn,50,100,0.9,0.4817923937435884,0.3,0,0.42,0.08,300,0.4201654697271964,0.2,20,1.0891925129856963,0.0072519270484927,2.94814065540712e-18,0.2,plastic,primary,,False,block_async,50,260,400,4,-1,1.0,0.6,0.6,100,0.0397213279023277,0,0,40,0.9993784293552812,2,0,0.25,0.01,0.75,50.0,order_ab,30.0,0.45,0.2,0.1,0.002,8.0,72,500,0.4080683285041092,-0.282364502708632,0.0,0.125,0.2549302961545908,honeycomb_nnn__ql__plastic__intr0__struct0__block_async__order_ab__s4__dff2fe54d3,0.0071496116943493,0.003462833089046,0.25,0.6236145199485751,0.002,ql,50,100,0.9,0.4262796646622828,0.3,0.42,0.08,300,0.4060462908691221,20,0.993009191926298,-0.0036867786053032,2.5044177067630177e-18,0.2,primary,,False,50,260,400,-1,1.0,100,0.046917164763926,0,40,0.9990997942386832,2,0,0.25,0.01,0.75,50.0,30.0,0.45,0.2,0.1,0.002,8.0,0.01823517552050541,0.08747033436222529,0.0,0.09618332105939831,0.201888830942129
72,500,0.4848773891405313,0.5,-0.3260595722400795,0.0,0.125,0.0,honeycomb_nnn__markov__fixed__intr0__struct0__block_async__order_ba__s4__6784169336,-0.0024116735397907,-0.0004261888543978,0.25,False,0.1117004114695212,0.002,0.016,markov,0.68,honeycomb_nnn,50,100,0.9,0.6394655180470652,0.3,0,0.42,0.08,300,0.4819951651047055,0.2,20,0.9995969029247076,0.0019854846853928,2.7678152263074254e-18,0.2,fixed,primary,,False,block_async,50,260,400,4,-1,1.0,0.6,0.6,100,0.0436430621037069,0,0,40,1.0,2,0,0.25,0.01,0.75,50.0,order_ba,30.0,0.45,0.2,0.1,0.002,8.0,72,500,0.4833255428144233,-0.3212318042390339,0.0,0.125,0.3339742126514046,honeycomb_nnn__ql__fixed__intr0__struct0__block_async__order_ba__s4__66fea7b8ff,0.006472457100446,-0.0045436298666588,0.25,0.2530141835448242,0.002,ql,50,100,0.9,0.6038191401649471,0.3,0.42,0.08,300,0.4820806130941962,20,0.9990090237010872,-0.0110160869671048,2.3111353689228693e-18,0.2,primary,,False,50,260,400,-1,1.0,100,0.0252705581747351,0,40,1.0,2,0,0.25,0.01,0.75,50.0,30.0,0.45,0.2,0.1,0.002,8.0,0.0015518463261079973,0.141313772075303,0.0,0.0005878792236203578,0.14345349762503135
72,500,0.4257606119925112,0.5,-0.2968461359864792,0.0,0.125,0.0,honeycomb_nnn__markov__plastic__intr0__struct0__block_async__order_ba__s2__407fffdf6b,0.0021431112332486,0.0028053679969844,0.25,False,0.532921024703251,0.002,0.016,markov,0.68,honeycomb_nnn,50,100,0.9,0.4814956861349198,0.3,0,0.42,0.08,300,0.4208396442642013,0.2,20,1.0830164957763275,0.0006622567637358,3.312554437785768e-18,0.2,plastic,primary,,False,block_async,50,260,400,2,-1,1.0,0.6,0.6,100,0.0436919998805119,0,0,40,0.9991855281207132,2,0,0.25,0.01,0.75,50.0,order_ba,30.0,0.45,0.2,0.1,0.002,8.0,72,500,0.4032165872850902,-0.2835252865565185,0.0,0.125,0.2559311051283781,honeycomb_nnn__ql__plastic__intr0__struct0__block_async__order_ba__s2__d1da1bc6de,0.0065335869721728,-0.0010791908938841,0.25,0.6346313678290318,0.002,ql,50,100,0.9,0.4174795607818061,0.3,0.42,0.08,300,0.4004141931546792,20,0.9837721785856272,-0.007612777866057,2.8999070984043697e-18,0.2,primary,,False,50,260,400,-1,1.0,100,0.0819878695829821,0,40,0.9994427297668038,2,0,0.25,0.01,0.75,50.0,30.0,0.45,0.2,0.1,0.002,8.0,0.022544024707421007,0.10171034312578087,0.0,0.09924431719070037,0.22349868502390224
72,500,0.4197547793972253,0.5,0.414637801107932,0.0,0.125,0.0,honeycomb_nnn__markov__fixed__intr0__struct0__synchronous__baseline__s3__fb88b7a95e,-0.007671852526019,0.0055485475205258,0.25,False,0.8634731663903077,0.002,0.016,markov,0.68,honeycomb_nnn,50,100,0.9,0.1595273622538293,0.3,0,0.42,0.08,300,0.4155004230367366,0.2,20,1.2247598107303153,,2.644364485831997e-18,0.2,fixed,primary,,False,synchronous,50,260,400,3,-1,1.0,0.6,0.6,100,0.0069242804854565,0,0,40,1.0,2,0,0.25,0.01,0.75,50.0,baseline,30.0,0.45,0.2,0.1,0.002,8.0,72,500,0.4029997388022461,0.4051957698038709,0.0,0.125,0.2182821283891501,honeycomb_nnn__ql__fixed__intr0__struct0__synchronous__baseline__s3__8cb80849b8,0.0023992774652148,-0.0040283976775704,0.25,0.8453813739884806,0.002,ql,50,100,0.9,0.1644074158286558,0.3,0.42,0.08,300,0.4096256363683846,20,1.235991127909371,,2.5121494581576324e-18,0.2,primary,,False,50,260,400,-1,1.0,100,0.0077395607739469,0,40,1.0,2,0,0.25,0.01,0.75,50.0,30.0,0.45,0.2,0.1,0.002,8.0,0.016755040594979176,0.018091792401827123,0.0,0.011231317179055678,0.046078150175861976
72,500,0.4207200826103571,0.5,0.4090313347418212,0.0,0.125,0.0,honeycomb_nnn__markov__plastic__intr0__struct0__synchronous__baseline__s5__d45beb54b2,-0.0011303798745754,0.0174289165027925,0.25,False,0.861390657106214,0.002,0.016,markov,0.68,honeycomb_nnn,50,100,0.9,0.1617054228936332,0.3,0,0.42,0.08,300,0.4154955874617368,0.2,20,1.2078286083617138,,3.327400012156647e-18,0.2,plastic,primary,,False,synchronous,50,260,400,5,-1,1.0,0.6,0.6,100,0.0059471730712591,0,0,40,1.0,2,0,0.25,0.01,0.75,50.0,baseline,30.0,0.45,0.2,0.1,0.002,8.0,72,500,0.4082946570297069,0.4089907906815314,0.0,0.125,0.2153288239300519,honeycomb_nnn__ql__plastic__intr0__struct0__synchronous__baseline__s5__056d52ee1e,-0.0163704807693967,-0.019078369858437,0.25,0.8438249638256143,0.002,ql,50,100,0.9,0.1665798835217934,0.3,0.42,0.08,300,0.4090392717257585,20,1.2442815676089105,,2.5436874639345383e-18,0.2,primary,,False,50,260,400,-1,1.0,100,0.0064859060777465,0,40,1.0,2,0,0.25,0.01,0.75,50.0,30.0,0.45,0.2,0.1,0.002,8.0,0.012425425580650185,0.017565693280599648,0.0,0.036452959247196715,0.06644407810844655
72,500,0.41206974529676,0.5,0.4128315383370394,0.0,0.125,0.0,honeycomb_nnn__markov__fixed__intr0__struct0__synchronous__imprint__s4__adde2a6d0b,-0.0203120369422409,0.013799439382258,0.25,False,0.8580601591021593,0.002,0.016,markov,0.68,honeycomb_nnn,50,100,0.9,0.1591015931564077,0.3,0,0.42,0.08,300,0.4151011604758677,0.2,20,1.2323497124019571,,2.639318221207728e-18,0.2,fixed,primary,,False,synchronous,50,260,400,4,-1,1.0,0.6,0.6,100,0.0057224553387874,0,0,40,1.0,2,0,0.25,0.01,0.75,50.0,imprint,30.0,0.45,0.2,0.1,0.002,8.0,72,500,0.4095397631260533,0.4239159081989009,0.0,0.125,0.2153704518920093,honeycomb_nnn__ql__fixed__intr0__struct0__synchronous__imprint__s4__6b9a9af559,-0.0033709111193847,1.62509495625629e-07,0.25,0.8455639728052043,0.002,ql,50,100,0.9,0.1641037849402905,0.3,0.42,0.08,300,0.4100942025694643,20,1.281236602115678,,2.98348292092242e-18,0.2,primary,,False,50,260,400,-1,1.0,100,0.0057900177205755,0,40,1.0,2,0,0.25,0.01,0.75,50.0,30.0,0.45,0.2,0.1,0.002,8.0,0.0025299821707067127,0.012496186296954925,0.0,0.048886889713720905,0.06391305818138254
72,500,0.416506885862011,0.5,0.4086433460602005,0.0,0.125,0.0,honeycomb_nnn__markov__plastic__intr0__struct0__synchronous__imprint__s2__eb0555dd79,-0.0245246157519966,0.0137052533117236,0.25,False,0.8605608620093219,0.002,0.016,markov,0.68,honeycomb_nnn,50,100,0.9,0.1603423467684687,0.3,0,0.42,0.08,300,0.4157568618596411,0.2,20,1.2168003163399297,,3.13158125359229e-18,0.2,plastic,primary,,False,synchronous,50,260,400,2,-1,1.0,0.6,0.6,100,0.0055127159374742,0,0,40,1.0,2,0,0.25,0.01,0.75,50.0,imprint,30.0,0.45,0.2,0.1,0.002,8.0,72,500,0.4076512730852387,0.4133570920015812,0.0,0.125,0.2162860221452133,honeycomb_nnn__ql__plastic__intr0__struct0__synchronous__imprint__s2__77739a0b03,-0.0198937551403268,0.0153189099065077,0.25,0.8440119539866451,0.002,ql,50,100,0.9,0.1650362042819126,0.3,0.42,0.08,300,0.409954747499665,20,1.2717349058665293,,2.9324444028651082e-18,0.2,primary,,False,50,260,400,-1,1.0,100,0.0058280742976951,0,40,1.0,2,0,0.25,0.01,0.75,50.0,30.0,0.45,0.2,0.1,0.002,8.0,0.008855612776772326,0.016548908022676834,0.0,0.054934589526599575,0.08033911032604873
72,500,0.4138251526034494,0.5,0.4038584569998208,0.0,0.125,0.0,honeycomb_nnn__markov__fixed__intr0__struct0__synchronous__lesion__s3__34994a40a2,-0.0091344891711689,-0.0028539573018215,0.25,False,0.8587277973326486,0.002,0.016,markov,0.68,honeycomb_nnn,50,100,0.9,0.1613827605317394,0.3,0,0.42,0.08,300,0.4153524537847272,0.2,20,1.226556925125411,,2.683360137646318e-18,0.2,fixed,primary,-0.0624361261318435,False,synchronous,50,260,400,3,-1,1.0,0.6,0.6,100,0.0070177130338622,0,0,40,1.0,2,0,0.25,0.01,0.75,50.0,lesion,30.0,0.45,0.2,0.1,0.002,8.0,72,500,0.4213284537257535,0.40512896924485,0.0,0.125,0.2154944509121083,honeycomb_nnn__ql__fixed__intr0__struct0__synchronous__lesion__s3__b4b062f863,0.0067989962327609,0.0002415494025531,0.25,0.8514379668802026,0.002,ql,50,100,0.9,0.1678354920919801,0.3,0.42,0.08,300,0.4101070079275645,20,1.2417613404964232,,3.1120522096400453e-18,0.2,primary,0.0439633913964338,False,50,260,400,-1,1.0,100,0.0056290190194915,0,40,1.0,2,0,0.25,0.01,0.75,50.0,30.0,0.45,0.2,0.1,0.002,8.0,0.007503301122304129,0.007289830452446022,0.10639951752827731,0.015204415371012248,0.1363970644740397
72,500,0.4119552266203387,0.5,0.4243493782303053,0.0,0.125,0.0,honeycomb_nnn__markov__plastic__intr0__struct0__synchronous__lesion__s3__6e20d110a5,-0.0154854487337882,0.0106432887555916,0.25,False,0.8575148455293731,0.002,0.016,markov,0.68,honeycomb_nnn,50,100,0.9,0.1579475421367321,0.3,0,0.42,0.08,300,0.41612773777984,0.2,20,1.2532112461837284,,3.5586311197694995e-18,0.2,plastic,primary,-0.064938118130807,False,synchronous,50,260,400,3,-1,1.0,0.6,0.6,100,0.0063799497485988,0,0,40,1.0,2,0,0.25,0.01,0.75,50.0,lesion,30.0,0.45,0.2,0.1,0.002,8.0,72,500,0.4100946120769601,0.4012257446748725,0.0,0.125,0.2084156882121146,honeycomb_nnn__ql__plastic__intr0__struct0__synchronous__lesion__s3__d08bcbec6c,-0.0051113604635327,-0.0185798494683944,0.25,0.8463459873878009,0.002,ql,50,100,0.9,0.1669970884969766,0.3,0.42,0.08,300,0.4107393617105356,20,1.235870118584327,,2.646602174792633e-18,0.2,primary,0.0063375232424359,False,50,260,400,-1,1.0,100,0.0062196226801592,0,40,1.0,2,0,0.25,0.01,0.75,50.0,30.0,0.45,0.2,0.1,0.002,8.0,0.0018606145433786025,0.011168858141572202,0.0712756413732429,0.017341127599401318,0.10164624165759502
72,500,0.4137863866470628,0.5,0.4157570859550579,0.0,0.125,0.0,honeycomb_nnn__markov__fixed__intr0__struct0__synchronous__order_ab__s4__6a34c1fc5e,0.0126908062819249,-0.0147054095272365,0.25,False,0.8540077423117639,0.002,0.016,markov,0.68,honeycomb_nnn,50,100,0.9,0.161370590994589,0.3,0,0.42,0.08,300,0.4089310899100248,0.2,20,1.2240580344235197,-0.0273962158091614,3.0323476029089072e-18,0.2,fixed,primary,,False,synchronous,50,260,400,4,-1,1.0,0.6,0.6,100,0.0073275656644229,0,0,40,1.0,2,0,0.25,0.01,0.75,50.0,order_ab,30.0,0.45,0.2,0.1,0.002,8.0,72,500,0.409955115713042,0.4103146319539513,0.0,0.125,0.2136062852585915,honeycomb_nnn__ql__fixed__intr0__struct0__synchronous__order_ab__s4__659c94c9c3,-0.0011118889475624,0.0324010293076473,0.25,0.8452065831145699,0.002,ql,50,100,0.9,0.1662563082619328,0.3,0.42,0.08,300,0.408325280523413,20,1.2529462170718308,0.0335129182552098,3.1099058824822343e-18,0.2,primary,,False,50,260,400,-1,1.0,100,0.0060957147903415,0,40,1.0,2,0,0.25,0.01,0.75,50.0,30.0,0.45,0.2,0.1,0.002,8.0,0.003831270934020803,0.008801159197194042,0.0,0.028888182648311167,0.04152061277952601
72,500,0.4174436149266324,0.5,0.4114348497120029,0.0,0.125,0.0,honeycomb_nnn__markov__plastic__intr0__struct0__synchronous__order_ab__s4__f961385309,0.0093719945415146,-0.0263089925516564,0.25,False,0.8551465357728523,0.002,0.016,markov,0.68,honeycomb_nnn,50,100,0.9,0.162690140901018,0.3,0,0.42,0.08,300,0.4078631709711355,0.2,20,1.210449353743709,-0.0356809870931711,3.044391218477596e-18,0.2,plastic,primary,,False,synchronous,50,260,400,4,-1,1.0,0.6,0.6,100,0.0074046127762097,0,0,40,0.9998713991769548,2,0,0.25,0.01,0.75,50.0,order_ab,30.0,0.45,0.2,0.1,0.002,8.0,72,500,0.4091249047590658,0.4106379255558736,0.0,0.125,0.2153974723744237,honeycomb_nnn__ql__plastic__intr0__struct0__synchronous__order_ab__s4__5c03c077d3,-0.0228683165508899,-0.0098214100658121,0.25,0.845547300071663,0.002,ql,50,100,0.9,0.165442204552015,0.3,0.42,0.08,300,0.4083724501007523,20,1.2525837395860582,0.0130469064850777,2.8820942275152605e-18,0.2,primary,,False,50,260,400,-1,1.0,100,0.0064732539610983,0,40,0.9998499657064472,2,0,0.25,0.01,0.75,50.0,30.0,0.45,0.2,0.1,0.002,8.0,0.008318710167566579,0.009599235701189257,0.0,0.042134385842349076,0.06005233171110491
72,500,0.4174422017584628,0.5,0.4352140296719222,0.0,0.125,0.0,honeycomb_nnn__markov__fixed__intr0__struct0__synchronous__order_ba__s3__2664c3f866,-0.0111672926598503,-0.0018225056848155,0.25,False,0.8533786274392814,0.002,0.016,markov,0.68,honeycomb_nnn,50,100,0.9,0.1591524352301122,0.3,0,0.42,0.08,300,0.4090454851645779,0.2,20,1.2804454118534654,0.0093447869750347,3.3169555252196296e-18,0.2,fixed,primary,,False,synchronous,50,260,400,3,-1,1.0,0.6,0.6,100,0.0089379309087415,0,0,40,1.0,2,0,0.25,0.01,0.75,50.0,order_ba,30.0,0.45,0.2,0.1,0.002,8.0,72,500,0.4081384480619607,0.3964727459605236,0.0,0.125,0.2179198010726623,honeycomb_nnn__ql__fixed__intr0__struct0__synchronous__order_ba__s3__92d7e11ae0,-0.0057709046009207,-0.0066003696228026,0.25,0.8452707197796905,0.002,ql,50,100,0.9,0.16736973340931,0.3,0.42,0.08,300,0.4069031239865221,20,1.241273222821349,-0.0008294650218819,2.4405666165635855e-18,0.2,primary,,False,50,260,400,-1,1.0,100,0.0058193172715699,0,40,1.0,2,0,0.25,0.01,0.75,50.0,30.0,0.45,0.2,0.1,0.002,8.0,0.009303753696502104,0.008107907659590907,0.0,0.03917218903211639,0.0565838503882094
72,500,0.4144679437429621,0.5,0.4233935138257229,0.0,0.125,0.0,honeycomb_nnn__markov__plastic__intr0__struct0__synchronous__order_ba__s1__e12fdb473c,0.0261023522035516,-0.0045827040565819,0.25,False,0.8494658141952638,0.002,0.016,markov,0.68,honeycomb_nnn,50,100,0.9,0.1620853882371604,0.3,0,0.42,0.08,300,0.4081894604949841,0.2,20,1.2456571002526808,-0.0306850562601336,2.291892723953318e-18,0.2,plastic,primary,,False,synchronous,50,260,400,1,-1,1.0,0.6,0.6,100,0.0072357488437318,0,0,40,0.9998713991769548,2,0,0.25,0.01,0.75,50.0,order_ba,30.0,0.45,0.2,0.1,0.002,8.0,72,500,0.4023638103485881,0.4009247708944844,0.0,0.125,0.2115104626602204,honeycomb_nnn__ql__plastic__intr0__struct0__synchronous__order_ba__s1__a51ee03242,0.0024130278281825,-0.0003407778682796,0.25,0.8411016439836707,0.002,ql,50,100,0.9,0.1671576013171876,0.3,0.42,0.08,300,0.4076078140696569,20,1.2310319517994714,-0.0027538056964621,2.833840794923692e-18,0.2,primary,,False,50,260,400,-1,1.0,100,0.0061474865092981,0,40,0.9998285322359396,2,0,0.25,0.01,0.75,50.0,30.0,0.45,0.2,0.1,0.002,8.0,0.012104133394373995,0.00836417021159308,0.0,0.014625148453209391,0.035093452059176466
72,500,0.4205224154638062,0.5,-0.3245623557078006,0.0,0.125,0.0,square_moore__markov__fixed__intr0__struct0__alpha_async__baseline__s4__b6cf774095,-0.0048122873602329,-0.0029859026875503,0.25,False,0.6317722226081279,0.002,0.016,markov,0.68,square_moore,50,100,0.9,0.4346056994320855,0.3,0,0.42,0.08,300,0.4190332912922068,0.2,20,1.376194957298689,,3.658132977781397e-18,0.2,fixed,primary,,False,alpha_async,50,260,400,4,-1,1.0,0.6,0.6,100,0.0731697301222833,0,0,40,1.0,2,0,0.25,0.01,0.75,50.0,baseline,30.0,0.45,0.2,0.1,0.002,8.0,72,500,0.4169788224486304,-0.3273729239100668,0.0,0.125,0.3041669780856791,square_moore__ql__fixed__intr0__struct0__alpha_async__baseline__s4__e2f8768da8,-0.0055752043312128,0.0020113849431225,0.25,0.6244019683078397,0.002,ql,50,100,0.9,0.4408384054356968,0.3,0.42,0.08,300,0.4174488039690097,20,1.4053327183063902,,4.3441677832654435e-18,0.2,primary,,False,50,260,400,-1,1.0,100,0.0429261298749191,0,40,1.0,2,0,0.25,0.01,0.75,50.0,30.0,0.45,0.2,0.1,0.002,8.0,0.0035435930151758166,0.007370254300288259,0.0,0.02913776100770127,0.040051608323165344
72,500,0.4350376682533453,0.5,-0.3016919896365794,0.0,0.125,0.0,square_moore__markov__plastic__intr0__struct0__alpha_async__baseline__s3__edfe11e2d2,0.0087840635087969,0.0016093350432852,0.25,False,0.6075637931494832,0.002,0.016,markov,0.68,square_moore,50,100,0.9,0.45101668337895,0.3,0,0.42,0.08,300,0.4313240148301459,0.2,20,1.2395392543293486,,2.483166739555091e-18,0.2,plastic,primary,,False,alpha_async,50,260,400,3,-1,1.0,0.6,0.6,100,0.0138194097974848,0,0,40,0.9998312114197532,2,0,0.25,0.01,0.75,50.0,baseline,30.0,0.45,0.2,0.1,0.002,8.0,72,500,0.4294085515304586,-0.3064311754193088,0.0,0.125,0.2571958235689427,square_moore__ql__plastic__intr0__struct0__alpha_async__baseline__s3__8d4a314df1,0.0045223158451826,-0.0086083494439451,0.25,0.6200892893891763,0.002,ql,50,100,0.9,0.4465537807992988,0.3,0.42,0.08,300,0.4262463286221908,20,1.2918662475741107,,1.827995098990729e-18,0.2,primary,,False,50,260,400,-1,1.0,100,0.0465129911942515,0,40,0.9997829861111112,2,0,0.25,0.01,0.75,50.0,30.0,0.45,0.2,0.1,0.002,8.0,0.0056291167228866845,0.012525496239693124,0.0,0.05232699324476209,0.0704816062073419
72,500,0.4185103001718315,0.5,-0.3287092425945878,0.0,0.125,0.0,square_moore__markov__fixed__intr0__struct0__alpha_async__imprint__s3__fef365911d,-0.0020197944716604,0.0021827827329579,0.25,False,0.6265307153011724,0.002,0.016,markov,0.68,square_moore,50,100,0.9,0.4388070196357711,0.3,0,0.42,0.08,300,0.4054191339147405,0.2,20,1.4021174105076546,,3.276023562669222e-18,0.2,fixed,primary,,False,alpha_async,50,260,400,3,-1,1.0,0.6,0.6,100,0.0769854718479118,0,0,40,1.0,2,0,0.25,0.01,0.75,50.0,imprint,30.0,0.45,0.2,0.1,0.002,8.0,72,500,0.4162453068051502,-0.3125481497818972,0.0,0.125,0.3057972833210852,square_moore__ql__fixed__intr0__struct0__alpha_async__imprint__s3__1c7c74aa18,-0.0036290469621116,0.002670576207683,0.25,0.6356131847882021,0.002,ql,50,100,0.9,0.4296702900786779,0.3,0.42,0.08,300,0.4134920502670198,20,1.370817625587594,,4.288091780675001e-18,0.2,primary,,False,50,260,400,-1,1.0,100,0.0427941232104775,0,40,1.0,2,0,0.25,0.01,0.75,50.0,30.0,0.45,0.2,0.1,0.002,8.0,0.0022649933666812894,0.00908246948702962,0.0,0.03129978492006069,0.0426472477737716
72,500,0.4113282653636982,0.5,-0.3696070960763498,0.0,0.125,0.0,square_moore__markov__plastic__intr0__struct0__alpha_async__imprint__s2__003cd8a8a8,0.0088321707719513,-0.0004789435502215,0.25,False,0.5449728476076657,0.002,0.016,markov,0.68,square_moore,50,100,0.9,0.4889428445480382,0.3,0,0.42,0.08,300,0.4004961424865776,0.2,20,1.5235092756143565,,3.4065912268327176e-18,0.2,plastic,primary,,False,alpha_async,50,260,400,2,-1,1.0,0.6,0.6,100,0.0371767448532885,0,0,40,0.9991078317901234,2,0,0.25,0.01,0.75,50.0,imprint,30.0,0.45,0.2,0.1,0.002,8.0,72,500,0.4092158763506298,-0.3610903057158305,0.0,0.125,0.2718349060254731,square_moore__ql__plastic__intr0__struct0__alpha_async__imprint__s2__b2883b718e,0.0051119185673908,0.0097149508817386,0.25,0.5752063583333558,0.002,ql,50,100,0.9,0.4749131306555722,0.3,0.42,0.08,300,0.4065433841481324,20,1.4870986231709071,,2.4706176002301357e-18,0.2,primary,,False,50,260,400,-1,1.0,100,0.0209993978703194,0,40,0.9987461419753086,2,0,0.25,0.01,0.75,50.0,30.0,0.45,0.2,0.1,0.002,8.0,0.0021123890130684275,0.030233510725690027,0.0,0.03641065244344932,0.06875655218220778
72,500,0.4137475393959174,0.5,-0.3153930677872103,0.0,0.125,0.0,square_moore__markov__fixed__intr0__struct0__alpha_async__lesion__s5__4e95154e0b,-0.0043473770862347,0.0056044163863282,0.25,False,0.6329484861963472,0.002,0.016,markov,0.68,square_moore,50,100,0.9,0.4286466540903785,0.3,0,0.42,0.08,300,0.4037928386088737,0.2,20,1.4118178638354273,,3.7836271412201555e-18,0.2,fixed,primary,-0.004319900365368,False,alpha_async,50,260,400,5,-1,1.0,0.6,0.6,100,0.2018712082266371,0,0,40,1.0,2,0,0.25,0.01,0.75,50.0,lesion,30.0,0.45,0.2,0.1,0.002,8.0,72,500,0.4159250040548222,-0.3219731447429024,0.0,0.125,0.3047735301755305,square_moore__ql__fixed__intr0__struct0__alpha_async__lesion__s5__c8e6ac53f4,0.0082973910529791,0.0008468435469193,0.25,0.6335771567728484,0.002,ql,50,100,0.9,0.4329338246555023,0.3,0.42,0.08,300,0.4138905294411758,20,1.3873617002098393,,3.1321116114497697e-18,0.2,primary,0.008312896827441,False,50,260,400,-1,1.0,100,0.0648900773926307,0,40,1.0,2,0,0.25,0.01,0.75,50.0,30.0,0.45,0.2,0.1,0.002,8.0,0.002177464658904782,0.000628670576501178,0.012632797192808999,0.024456163625588,0.03989509605380296
72,500,0.4112973948391601,0.5,-0.3701279910203613,0.0,0.125,0.0,square_moore__markov__plastic__intr0__struct0__alpha_async__lesion__s3__b8346d71c8,0.0099599934506621,0.0151083354513228,0.25,False,0.5428651079682807,0.002,0.016,markov,0.68,square_moore,50,100,0.9,0.4900984838904483,0.3,0,0.42,0.08,300,0.3994773566684284,0.2,20,1.5309757537549016,,2.8174356158467193e-18,0.2,plastic,primary,0.0106522516619332,False,alpha_async,50,260,400,3,-1,1.0,0.6,0.6,100,0.0719530804087808,0,0,40,0.9991801697530864,2,0,0.25,0.01,0.75,50.0,lesion,30.0,0.45,0.2,0.1,0.002,8.0,72,500,0.4095093805049196,-0.3645047488021705,0.0,0.125,0.2737902805314297,square_moore__ql__plastic__intr0__struct0__alpha_async__lesion__s3__e351650697,0.0051983577106241,0.0081698899114179,0.25,0.5708236315414702,0.002,ql,50,100,0.9,0.4770502757438056,0.3,0.42,0.08,300,0.4063970116603214,20,1.4960215850578504,,2.999168191921445e-18,0.2,primary,0.0114682530697173,False,50,260,400,-1,1.0,100,0.0216881896639712,0,40,0.9991319444444444,2,0,0.25,0.01,0.75,50.0,30.0,0.45,0.2,0.1,0.002,8.0,0.0017880143342405286,0.02795852357318951,0.0008160014077841001,0.03495416869705115,0.06551670801226528
72,500,0.3139129866077513,0.5,0.0648105994920829,0.0,0.125,0.0,square_moore__markov__fixed__intr0__struct0__alpha_async__order_ab__s4__41892f57cb,0.0849182262630716,0.0758531496658632,0.25,False,0.4740595339648828,0.002,0.016,markov,0.68,square_moore,50,100,0.9,0.3241996490708652,0.3,0,0.42,0.08,300,0.284691946278611,0.2,20,1.5089433879430498,-0.0090650765972083,4.64981192389972e-18,0.2,fixed,primary,,False,alpha_async,50,260,400,4,-1,1.0,0.6,0.6,100,0.0448173523422175,0,0,40,1.0,2,0,0.25,0.01,0.75,50.0,order_ab,30.0,0.45,0.2,0.1,0.002,8.0,72,500,0.4097424313099056,-0.2917754532890524,0.0,0.125,0.3079160789362816,square_moore__ql__fixed__intr0__struct0__alpha_async__order_ab__s4__600ecb8710,0.0100597098721926,0.009028535265875,0.25,0.6334253291514897,0.002,ql,50,100,0.9,0.4230116315136308,0.3,0.42,0.08,300,0.3776407629944131,20,1.392433154245745,-0.0010311746063175,3.0206862008619407e-18,0.2,primary,,False,50,260,400,-1,1.0,100,0.0275610418236742,0,40,1.0,2,0,0.25,0.01,0.75,50.0,30.0,0.45,0.2,0.1,0.002,8.0,0.09582944470215432,0.15936579518660693,0.0,0.11651023369730473,0.371705473586066
72,500,0.2985208127183442,0.5,0.0217848778499711,0.0,0.125,0.0,square_moore__markov__plastic__intr0__struct0__alpha_async__order_ab__s4__205b88d39f,0.0864512366938439,0.082336201598412,0.25,False,0.3981002483087289,0.002,0.016,markov,0.68,square_moore,50,100,0.9,0.3443033470206598,0.3,0,0.42,0.08,300,0.2713391130118538,0.2,20,1.5151376993598662,-0.0041150350954319,2.6392788739486734e-18,0.2,plastic,primary,,False,alpha_async,50,260,400,4,-1,1.0,0.6,0.6,100,0.040929157637441,0,0,40,0.9991078317901234,2,0,0.25,0.01,0.75,50.0,order_ab,30.0,0.45,0.2,0.1,0.002,8.0,72,500,0.404614386350635,-0.3540428342617578,0.0,0.125,0.2893712081127138,square_moore__ql__plastic__intr0__struct0__alpha_async__order_ab__s4__29802518c1,0.0022558752617689,-0.0001712982192254,0.25,0.5545028337263302,0.002,ql,50,100,0.9,0.4780754926037392,0.3,0.42,0.08,300,0.3724602962899119,20,1.537775648495321,-0.0024271734809944,3.4131832758759937e-18,0.2,primary,,False,50,260,400,-1,1.0,100,0.0461518950276933,0,40,0.9989390432098766,2,0,0.25,0.01,0.75,50.0,30.0,0.45,0.2,0.1,0.002,8.0,0.10609357363229083,0.15640258541760133,0.0,0.022637949135454694,0.28513410818534685
72,500,0.297615967947497,0.5,0.1111045296712088,0.0,0.125,0.0,square_moore__markov__fixed__intr0__struct0__alpha_async__order_ba__s5__e8c0fab0f7,0.092940167581965,0.0870599708989132,0.25,False,0.4504704357145675,0.002,0.016,markov,0.68,square_moore,50,100,0.9,0.3078757444552091,0.3,0,0.42,0.08,300,0.2709424211627455,0.2,20,1.5237930199027987,-0.0058801966830517,4.188863531088465e-18,0.2,fixed,primary,,False,alpha_async,50,260,400,5,-1,1.0,0.6,0.6,100,0.0567173405287357,0,0,40,1.0,2,0,0.25,0.01,0.75,50.0,order_ba,30.0,0.45,0.2,0.1,0.002,8.0,72,500,0.4020175458889209,-0.2450718228714071,0.0,0.125,0.3115541101274015,square_moore__ql__fixed__intr0__struct0__alpha_async__order_ba__s5__c562526bc6,0.0129856922564384,0.0178564937974974,0.25,0.6352788014719503,0.002,ql,50,100,0.9,0.4043920916621001,0.3,0.42,0.08,300,0.3705394594957806,20,1.3997522033490404,0.004870801541059,2.6737704187859626e-18,0.2,primary,,False,50,260,400,-1,1.0,100,0.0253012703271924,0,40,1.0,2,0,0.25,0.01,0.75,50.0,30.0,0.45,0.2,0.1,0.002,8.0,0.1044015779414239,0.18480836575738274,0.0,0.12404081655375832,0.41325076025256496
72,500,0.2959912877292849,0.5,0.0099719984207503,0.0,0.125,0.0,square_moore__markov__plastic__intr0__struct0__alpha_async__order_ba__s5__cace1c3d48,0.0758462991479633,0.0779336858020791,0.25,False,0.3914656891497025,0.002,0.016,markov,0.68,square_moore,50,100,0.9,0.3490012321687181,0.3,0,0.42,0.08,300,0.2701779331902704,0.2,20,1.5179554692186583,0.0020873866541158,2.6059181011970327e-18,0.2,plastic,primary,,False,alpha_async,50,260,400,5,-1,1.0,0.6,0.6,100,0.045044464551616,0,0,40,0.9990596064814816,2,0,0.25,0.01,0.75,50.0,order_ba,30.0,0.45,0.2,0.1,0.002,8.0,72,500,0.4040543400485971,-0.3225918100656259,0.0,0.125,0.2894475175167866,square_moore__ql__plastic__intr0__struct0__alpha_async__order_ba__s5__ae55bdc118,0.0110377109182687,0.0147938264964831,0.25,0.5628058375301965,0.002,ql,50,100,0.9,0.4632195943674093,0.3,0.42,0.08,300,0.371383474621665,20,1.5125888997692372,0.0037561155782144,2.7616304684347764e-18,0.2,primary,,False,50,260,400,-1,1.0,100,0.0274661756245784,0,40,0.9988667052469136,2,0,0.25,0.01,0.75,50.0,30.0,0.45,0.2,0.1,0.002,8.0,0.10806305231931218,0.17134014838049405,0.0,0.005366569449421155,0.2847697701492274
72,500,0.4134771571822865,0.5,-0.3244214748836033,0.0,0.125,0.0,square_moore__markov__fixed__intr0__struct0__block_async__baseline__s4__fd4830adfe,-0.0039551055498506,-0.0028212970259563,0.25,False,0.6350495998226645,0.002,0.016,markov,0.68,square_moore,50,100,0.9,0.4291617285202355,0.3,0,0.42,0.08,300,0.4136715067308857,0.2,20,1.4050767110628517,,4.327071903167063e-18,0.2,fixed,primary,,False,block_async,50,260,400,4,-1,1.0,0.6,0.6,100,0.0724790974121573,0,0,40,1.0,2,0,0.25,0.01,0.75,50.0,baseline,30.0,0.45,0.2,0.1,0.002,8.0,72,500,0.4141153071723547,-0.3153762824823777,0.0,0.125,0.3181217058464165,square_moore__ql__fixed__intr0__struct0__block_async__baseline__s4__f01bb09166,0.0028175819895691,0.0061342601245011,0.25,0.6412068143359031,0.002,ql,50,100,0.9,0.4238428621015265,0.3,0.42,0.08,300,0.4119508277538108,20,1.3853729847818843,,4.41287106734148e-18,0.2,primary,,False,50,260,400,-1,1.0,100,0.0809104639121008,0,40,1.0,2,0,0.25,0.01,0.75,50.0,30.0,0.45,0.2,0.1,0.002,8.0,0.0006381499900681709,0.006157214513238585,0.0,0.019703726280967393,0.02649909078427415
72,500,0.4290116782781378,0.5,-0.2771070974330743,0.0,0.125,0.0,square_moore__markov__plastic__intr0__struct0__block_async__baseline__s1__f111e635fb,-0.0026825588800723,-0.0016691014071124,0.25,False,0.611688170948474,0.002,0.016,markov,0.68,square_moore,50,100,0.9,0.4421811756390035,0.3,0,0.42,0.08,300,0.4294337940752474,0.2,20,1.2013665096586623,,2.132617218897683e-18,0.2,plastic,primary,,False,block_async,50,260,400,1,-1,1.0,0.6,0.6,100,0.0074177559674787,0,0,40,1.0,2,0,0.25,0.01,0.75,50.0,baseline,30.0,0.45,0.2,0.1,0.002,8.0,72,500,0.4248976625769128,-0.2942545811571061,0.0,0.125,0.2635649764435697,square_moore__ql__plastic__intr0__struct0__block_async__baseline__s1__11de0e16c3,0.0008977851573215,0.005124603108557,0.25,0.6133809653192079,0.002,ql,50,100,0.9,0.4476276764824217,0.3,0.42,0.08,300,0.4282733637010405,20,1.2711065755482756,,1.9736194074375048e-18,0.2,primary,,False,50,260,400,-1,1.0,100,0.0107119483377911,0,40,0.9997347608024691,2,0,0.25,0.01,0.75,50.0,30.0,0.45,0.2,0.1,0.002,8.0,0.004114015701224993,0.0016927943707338855,0.0,0.06974006588961323,0.07554687596157211
72,500,0.4121094540344897,0.5,-0.3254900668967594,0.0,0.125,0.0,square_moore__markov__fixed__intr0__struct0__block_async__imprint__s2__cdf7b6f2a1,0.0026245428231978,0.0001658929581811,0.25,False,0.6340180931949789,0.002,0.016,markov,0.68,square_moore,50,100,0.9,0.4292495512889259,0.3,0,0.42,0.08,300,0.413057206257908,0.2,20,1.4258195857742746,,3.7674509082948915e-18,0.2,fixed,primary,,False,block_async,50,260,400,2,-1,1.0,0.6,0.6,100,0.1433885244657428,0,0,40,1.0,2,0,0.25,0.01,0.75,50.0,imprint,30.0,0.45,0.2,0.1,0.002,8.0,72,500,0.4116593210428065,-0.3068484924047572,0.0,0.125,0.3187661436469245,square_moore__ql__fixed__intr0__struct0__block_async__imprint__s2__3d81a7934a,-0.0078006918575413,-0.0028135972271962,0.25,0.6408048499243802,0.002,ql,50,100,0.9,0.4204100551846378,0.3,0.42,0.08,300,0.4114802945260382,20,1.3978313207630846,,4.5378445367370125e-18,0.2,primary,,False,50,260,400,-1,1.0,100,0.0937637755851734,0,40,1.0,2,0,0.25,0.01,0.75,50.0,30.0,0.45,0.2,0.1,0.002,8.0,0.000450132991683172,0.006786756729401322,0.0,0.027988265011190006,0.0352251547322745
72,500,0.4066382628373682,0.5,-0.3708698113121721,0.0,0.125,0.0,square_moore__markov__plastic__intr0__struct0__block_async__imprint__s2__8f52ee4f7c,0.0111187167558193,0.009932953137659,0.25,False,0.5500227829089581,0.002,0.016,markov,0.68,square_moore,50,100,0.9,0.4873903175241025,0.3,0,0.42,0.08,300,0.4075528757445231,0.2,20,1.5234761506635728,,3.244196012755021e-18,0.2,plastic,primary,,False,block_async,50,260,400,2,-1,1.0,0.6,0.6,100,0.0431780572898789,0,0,40,0.9990113811728396,2,0,0.25,0.01,0.75,50.0,imprint,30.0,0.45,0.2,0.1,0.002,8.0,72,500,0.4061152038929684,-0.3453658128969228,0.0,0.125,0.2728491955149705,square_moore__ql__plastic__intr0__struct0__block_async__imprint__s2__a406e08314,0.007762163301183,0.0033172354383823,0.25,0.5897684640797528,0.002,ql,50,100,0.9,0.4636676833711295,0.3,0.42,0.08,300,0.4100297654487672,20,1.461655768565187,,3.630886377283535e-18,0.2,primary,,False,50,260,400,-1,1.0,100,0.0297596354636396,0,40,0.9986496913580248,2,0,0.25,0.01,0.75,50.0,30.0,0.45,0.2,0.1,0.002,8.0,0.0005230589443998013,0.03974568117079469,0.0,0.06182038209838581,0.1020891222135803
72,500,0.4133119368628642,0.5,-0.3213614080927162,0.0,0.125,0.0,square_moore__markov__fixed__intr0__struct0__block_async__lesion__s2__71feea3ea5,0.0059944264157236,0.0013531314369807,0.25,False,0.6359850134934703,0.002,0.016,markov,0.68,square_moore,50,100,0.9,0.427137427108597,0.3,0,0.42,0.08,300,0.4133298928052081,0.2,20,1.410865504701564,,3.0790813547945213e-18,0.2,fixed,primary,0.0120117701951262,False,block_async,50,260,400,2,-1,1.0,0.6,0.6,100,0.1260633879945528,0,0,40,1.0,2,0,0.25,0.01,0.75,50.0,lesion,30.0,0.45,0.2,0.1,0.002,8.0,72,500,0.412418765770597,-0.3083560699720966,0.0,0.125,0.3179874774153772,square_moore__ql__fixed__intr0__struct0__block_async__lesion__s2__1de252d9e3,-0.0071332518011619,-0.0026188612228705,0.25,0.6457572853884066,0.002,ql,50,100,0.9,0.4187620290387321,0.3,0.42,0.08,300,0.4116695272756754,20,1.382847060739102,,3.68132921063365e-18,0.2,primary,-0.0063677665440923,False,50,260,400,-1,1.0,100,0.0719415370749322,0,40,1.0,2,0,0.25,0.01,0.75,50.0,30.0,0.45,0.2,0.1,0.002,8.0,0.0008931710922672198,0.009772271894936346,0.0183795367392185,0.028018443962462003,0.05706342368888407
72,500,0.4080092660720621,0.5,-0.3681885685129706,0.0,0.125,0.0,square_moore__markov__plastic__intr0__struct0__block_async__lesion__s2__937811b554,0.0064423635029982,0.0043489868376732,0.25,False,0.5550179935023241,0.002,0.016,markov,0.68,square_moore,50,100,0.9,0.485396210217576,0.3,0,0.42,0.08,300,0.4096099116542432,0.2,20,1.5152559290999013,,3.2082941678716147e-18,0.2,plastic,primary,0.0108064035639961,False,block_async,50,260,400,2,-1,1.0,0.6,0.6,100,0.0357321257509025,0,0,40,0.9990596064814816,2,0,0.25,0.01,0.75,50.0,lesion,30.0,0.45,0.2,0.1,0.002,8.0,72,500,0.4061809412812008,-0.345006079428844,0.0,0.125,0.273051374247676,square_moore__ql__plastic__intr0__struct0__block_async__lesion__s2__13faef01e5,0.0022003814675872,0.0096878017792482,0.25,0.5890261070643976,0.002,ql,50,100,0.9,0.4640667146312704,0.3,0.42,0.08,300,0.4098577682676478,20,1.4587863103047805,,3.1343469269828437e-18,0.2,primary,0.0126347368904753,False,50,260,400,-1,1.0,100,0.0271113660455934,0,40,0.9985291280864198,2,0,0.25,0.01,0.75,50.0,30.0,0.45,0.2,0.1,0.002,8.0,0.0018283247908613132,0.03400811356207356,0.0018283333264791993,0.0564696187951208,0.09413439047453487
72,500,0.4116440912071575,0.5,-0.3174110652795926,0.0,0.125,0.0,square_moore__markov__fixed__intr0__struct0__block_async__order_ab__s1__81ab905a9e,0.0003045484200955,-3.9692288669847946e-05,0.25,False,0.6455648864511419,0.002,0.016,markov,0.68,square_moore,50,100,0.9,0.4199778346582516,0.3,0,0.42,0.08,300,0.4088206817342011,0.2,20,1.4102601322935435,-0.0003442407087654,4.0498152256308245e-18,0.2,fixed,primary,,False,block_async,50,260,400,1,-1,1.0,0.6,0.6,100,0.2443845833686235,0,0,40,1.0,2,0,0.25,0.01,0.75,50.0,order_ab,30.0,0.45,0.2,0.1,0.002,8.0,72,500,0.4130620297947767,-0.3078201097923724,0.0,0.125,0.3174727997006366,square_moore__ql__fixed__intr0__struct0__block_async__order_ab__s1__521c3f5123,-0.0040191696058755,0.0074825225273247,0.25,0.6456247967393661,0.002,ql,50,100,0.9,0.4181536364881815,0.3,0.42,0.08,300,0.4115096000803442,20,1.3646818746423932,0.0115016921332003,2.4681748219918226e-18,0.2,primary,,False,50,260,400,-1,1.0,100,0.0395636672504427,0,40,1.0,2,0,0.25,0.01,0.75,50.0,30.0,0.45,0.2,0.1,0.002,8.0,0.001417938587619183,5.991028822427413e-05,0.0,0.04557825765115031,0.04705610652699377
72,500,0.409580871725436,0.5,-0.400514426189677,0.0,0.125,0.0,square_moore__markov__plastic__intr0__struct0__block_async__order_ab__s1__0dbbb87acc,-0.0025182642532638,-0.0006513654338802,0.25,False,0.5037985090466489,0.002,0.016,markov,0.68,square_moore,50,100,0.9,0.5158740577390433,0.3,0,0.42,0.08,300,0.4049520027962913,0.2,20,1.56502842365186,0.0018668988193836,3.753428149665896e-18,0.2,plastic,primary,,False,block_async,50,260,400,1,-1,1.0,0.6,0.6,100,0.0355742737231069,0,0,40,0.9986979166666666,2,0,0.25,0.01,0.75,50.0,order_ab,30.0,0.45,0.2,0.1,0.002,8.0,72,500,0.4072098968978944,-0.3949389553048642,0.0,0.125,0.2894244394726495,square_moore__ql__plastic__intr0__struct0__block_async__order_ab__s1__bdcef72b43,0.0029791495921795,0.0069714899551893,0.25,0.5381498669558846,0.002,ql,50,100,0.9,0.5025301689846924,0.3,0.42,0.08,300,0.4057717673629429,20,1.5556073318034098,0.0039923403630097,2.942106007323222e-18,0.2,primary,,False,50,260,400,-1,1.0,100,0.0378235478374377,0,40,0.9990354938271604,2,0,0.25,0.01,0.75,50.0,30.0,0.45,0.2,0.1,0.002,8.0,0.0023709748275416165,0.034351357909235714,0.0,0.00942109184845008,0.04614342458522741
72,500,0.4111677954108479,0.5,-0.3130332772611701,0.0,0.125,0.0,square_moore__markov__fixed__intr0__struct0__block_async__order_ba__s5__da7b1c9b89,0.0009011476282101,0.0004676250216031,0.25,False,0.6415188611177134,0.002,0.016,markov,0.68,square_moore,50,100,0.9,0.4206088846412165,0.3,0,0.42,0.08,300,0.4088389466082039,0.2,20,1.4073249098033052,-0.000433522606607,4.451969754691087e-18,0.2,fixed,primary,,False,block_async,50,260,400,5,-1,1.0,0.6,0.6,100,0.1026150165862627,0,0,40,1.0,2,0,0.25,0.01,0.75,50.0,order_ba,30.0,0.45,0.2,0.1,0.002,8.0,72,500,0.4123239284763922,-0.310011400677128,0.0,0.125,0.3175730953162607,square_moore__ql__fixed__intr0__struct0__block_async__order_ba__s5__556ff8d08e,0.0091482958814302,0.0056714108888315,0.25,0.6473375346219247,0.002,ql,50,100,0.9,0.4189197585076939,0.3,0.42,0.08,300,0.4102057523967476,20,1.3809334551328298,-0.0034768849925986,3.870274968024031e-18,0.2,primary,,False,50,260,400,-1,1.0,100,0.0919889874530489,0,40,1.0,2,0,0.25,0.01,0.75,50.0,30.0,0.45,0.2,0.1,0.002,8.0,0.0011561330655442958,0.00581867350421128,0.0,0.026391454670475323,0.0333662612402309
72,500,0.4090965841871696,0.5,-0.3936037876585249,0.0,0.125,0.0,square_moore__markov__plastic__intr0__struct0__block_async__order_ba__s2__0d7022533d,0.007317133558324,-0.0032051386348492,0.25,False,0.5063924605260594,0.002,0.016,markov,0.68,square_moore,50,100,0.9,0.512743276399483,0.3,0,0.42,0.08,300,0.4060335510007409,0.2,20,1.5624642692192148,-0.0105222721931733,2.8985313044870547e-18,0.2,plastic,primary,,False,block_async,50,260,400,2,-1,1.0,0.6,0.6,100,0.0592359069230895,0,0,40,0.9987220293209876,2,0,0.25,0.01,0.75,50.0,order_ba,30.0,0.45,0.2,0.1,0.002,8.0,72,500,0.4100446753389855,-0.3927259415287981,0.0,0.125,0.2894684135711867,square_moore__ql__plastic__intr0__struct0__block_async__order_ba__s2__19041cac93,-0.0036781074421091,-0.0004548677161168,0.25,0.5376007327190816,0.002,ql,50,100,0.9,0.5039712432975494,0.3,0.42,0.08,300,0.4081289494374112,20,1.5473493090820385,0.0032232397259922,2.8063996122271975e-18,0.2,primary,,False,50,260,400,-1,1.0,100,0.0349262943564402,0,40,0.9989149305555556,2,0,0.25,0.01,0.75,50.0,30.0,0.45,0.2,0.1,0.002,8.0,0.0009480911518158774,0.031208272193022246,0.0,0.015114960137176281,0.047271323482014405
72,500,0.4225860231900746,0.5,0.3176603415980485,0.0,0.125,0.0,square_moore__markov__fixed__intr0__struct0__synchronous__baseline__s1__784ba242cc,0.0044295013990732,0.0129947870930988,0.25,False,0.8524518358475417,0.002,0.016,markov,0.68,square_moore,50,100,0.9,0.1809991703839822,0.3,0,0.42,0.08,300,0.4165829389058371,0.2,20,1.2285589254425135,,2.662003692884035e-18,0.2,fixed,primary,,False,synchronous,50,260,400,1,-1,1.0,0.6,0.6,100,0.0051518059576486,0,0,40,1.0,2,0,0.25,0.01,0.75,50.0,baseline,30.0,0.45,0.2,0.1,0.002,8.0,72,500,0.4130930801205471,0.3234314995922261,0.0,0.125,0.212775345803601,square_moore__ql__fixed__intr0__struct0__synchronous__baseline__s1__4784e79789,0.010822499998596,0.0011377617173678,0.25,0.840101390115751,0.002,ql,50,100,0.9,0.1845881111433969,0.3,0.42,0.08,300,0.4117956181378149,20,1.2612092011426956,,2.509934843877301e-18,0.2,primary,,False,50,260,400,-1,1.0,100,0.0047814821441475,0,40,1.0,2,0,0.25,0.01,0.75,50.0,30.0,0.45,0.2,0.1,0.002,8.0,0.009492943069527526,0.012350445731790671,0.0,0.032650275700182085,0.05449366450150028
72,500,0.419416161046605,0.5,0.3576559942208173,0.0,0.125,0.0,square_moore__markov__plastic__intr0__struct0__synchronous__baseline__s1__0ab3e3eb13,-0.0225306030329686,-0.0275222117687402,0.25,False,0.8570482714570911,0.002,0.016,markov,0.68,square_moore,50,100,0.9,0.1726166000449943,0.3,0,0.42,0.08,300,0.4159388722708057,0.2,20,1.2466924741882066,,2.9308406510445088e-18,0.2,plastic,primary,,False,synchronous,50,260,400,1,-1,1.0,0.6,0.6,100,0.0045169697993682,0,0,40,1.0,2,0,0.25,0.01,0.75,50.0,baseline,30.0,0.45,0.2,0.1,0.002,8.0,72,500,0.4043509041863636,0.3789792202320362,0.0,0.125,0.2145236416482455,square_moore__ql__plastic__intr0__struct0__synchronous__baseline__s1__0de6d18471,0.0007230181793682,-0.0025440617984831,0.25,0.8380624337406871,0.002,ql,50,100,0.9,0.1738242074139371,0.3,0.42,0.08,300,0.4099966666832927,20,1.3012756606058224,,2.6202400161849685e-18,0.2,primary,,False,50,260,400,-1,1.0,100,0.0064198907742457,0,40,1.0,2,0,0.25,0.01,0.75,50.0,30.0,0.45,0.2,0.1,0.002,8.0,0.015065256860241405,0.01898583771640394,0.0,0.05458318641761584,0.08863428099426118
72,500,0.4187345083107444,0.5,0.3275134942710458,0.0,0.125,0.0,square_moore__markov__fixed__intr0__struct0__synchronous__imprint__s3__ff7afb9520,-0.0043624615518678,-0.0309560809857481,0.25,False,0.8517540932823277,0.002,0.016,markov,0.68,square_moore,50,100,0.9,0.1791181109038275,0.3,0,0.42,0.08,300,0.4161774499993841,0.2,20,1.2335994259799592,,3.092041694242264e-18,0.2,fixed,primary,,False,synchronous,50,260,400,3,-1,1.0,0.6,0.6,100,0.0052024595056164,0,0,40,1.0,2,0,0.25,0.01,0.75,50.0,imprint,30.0,0.45,0.2,0.1,0.002,8.0,72,500,0.4061201509175753,0.3485223413391732,0.0,0.125,0.2096658575612174,square_moore__ql__fixed__intr0__struct0__synchronous__imprint__s3__175a705cf2,-0.0194332322234428,-0.0213218233161496,0.25,0.8394647723250916,0.002,ql,50,100,0.9,0.1785607769192954,0.3,0.42,0.08,300,0.4111363540403313,20,1.2595919244102909,,2.6615267155796823e-18,0.2,primary,,False,50,260,400,-1,1.0,100,0.0048327599246667,0,40,1.0,2,0,0.25,0.01,0.75,50.0,30.0,0.45,0.2,0.1,0.002,8.0,0.012614357393169073,0.012289320957236005,0.0,0.02599249843033169,0.05089617678073677
72,500,0.4188865596595814,0.5,0.3374161846270923,0.0,0.125,0.0,square_moore__markov__plastic__intr0__struct0__synchronous__imprint__s1__2784e17e2f,0.0037687653305651,-0.0011099461098843,0.25,False,0.8541169535021809,0.002,0.016,markov,0.68,square_moore,50,100,0.9,0.1766581447731426,0.3,0,0.42,0.08,300,0.4167954570529724,0.2,20,1.2428589329908726,,2.965106685266952e-18,0.2,plastic,primary,,False,synchronous,50,260,400,1,-1,1.0,0.6,0.6,100,0.0053134739699295,0,0,40,1.0,2,0,0.25,0.01,0.75,50.0,imprint,30.0,0.45,0.2,0.1,0.002,8.0,72,500,0.4073646391557348,0.3667389739696759,0.0,0.125,0.2152311385709968,square_moore__ql__plastic__intr0__struct0__synchronous__imprint__s1__c968281c1d,-0.0020808190041848,0.0055795459161061,0.25,0.836632320470408,0.002,ql,50,100,0.9,0.178195374714373,0.3,0.42,0.08,300,0.4105089659876743,20,1.2826747747418978,,2.4409648508901913e-18,0.2,primary,,False,50,260,400,-1,1.0,100,0.0045177225967635,0,40,1.0,2,0,0.25,0.01,0.75,50.0,30.0,0.45,0.2,0.1,0.002,8.0,0.011521920503846594,0.017484633031772834,0.0,0.03981584175102526,0.06882239528664469
72,500,0.4157114072952327,0.5,0.3397137818409754,0.0,0.125,0.0,square_moore__markov__fixed__intr0__struct0__synchronous__lesion__s5__4f31ee39a3,0.0181846244521583,-0.0067644252615188,0.25,False,0.8516897279972404,0.002,0.016,markov,0.68,square_moore,50,100,0.9,0.1763073463197241,0.3,0,0.42,0.08,300,0.4167052489413565,0.2,20,1.2427997068623096,,2.158430326962559e-18,0.2,fixed,primary,0.0423551241870221,False,synchronous,50,260,400,5,-1,1.0,0.6,0.6,100,0.0054942322947997,0,0,40,1.0,2,0,0.25,0.01,0.75,50.0,lesion,30.0,0.45,0.2,0.1,0.002,8.0,72,500,0.4061938445084795,0.3516156267056293,0.0,0.125,0.2111422903588544,square_moore__ql__fixed__intr0__struct0__synchronous__lesion__s5__a7872ff406,0.0069817134708348,-0.0126709624847236,0.25,0.8371702068101421,0.002,ql,50,100,0.9,0.1796417206330131,0.3,0.42,0.08,300,0.4108752614220929,20,1.2680377720161933,,3.0678117456647852e-18,0.2,primary,-0.0336944396981011,False,50,260,400,-1,1.0,100,0.0061733168878369,0,40,1.0,2,0,0.25,0.01,0.75,50.0,30.0,0.45,0.2,0.1,0.002,8.0,0.009517562786753198,0.014519521187098317,0.0760495638851232,0.025238065153883715,0.1253247130128584
72,500,0.4202691629530232,0.5,0.3471909903015272,0.0,0.125,0.0,square_moore__markov__plastic__intr0__struct0__synchronous__lesion__s1__3e3307205f,-0.0011777268912242,0.0271997605396005,0.25,False,0.8559885818948653,0.002,0.016,markov,0.68,square_moore,50,100,0.9,0.1749553568493039,0.3,0,0.42,0.08,300,0.4162790335689718,0.2,20,1.228029680828155,,3.16103879015167e-18,0.2,plastic,primary,0.0059250056392293,False,synchronous,50,260,400,1,-1,1.0,0.6,0.6,100,0.0047259703209043,0,0,40,1.0,2,0,0.25,0.01,0.75,50.0,lesion,30.0,0.45,0.2,0.1,0.002,8.0,72,500,0.4082824807148061,0.3337084318289286,0.0,0.125,0.2088873986339097,square_moore__ql__plastic__intr0__struct0__synchronous__lesion__s1__d7fa9d0870,-0.0270615739340736,-0.0223015980477532,0.25,0.8361471333454071,0.002,ql,50,100,0.9,0.1816919309495045,0.3,0.42,0.08,300,0.4111455573006584,20,1.2830035736394472,,2.9222211949351763e-18,0.2,primary,-0.0453477564914803,False,50,260,400,-1,1.0,100,0.0063872461270118,0,40,1.0,2,0,0.25,0.01,0.75,50.0,30.0,0.45,0.2,0.1,0.002,8.0,0.011986682238217083,0.01984144854945813,0.051272762130709595,0.05497389281129217,0.13807478572967696
72,500,0.407561391769159,0.5,0.3933238293137742,0.0,0.125,0.0,square_moore__markov__fixed__intr0__struct0__synchronous__order_ab__s4__cbc44cfbb8,-0.0072422307696284,0.0076167866183421,0.25,False,0.8370808124088761,0.002,0.016,markov,0.68,square_moore,50,100,0.9,0.1710264665751849,0.3,0,0.42,0.08,300,0.4079147626983644,0.2,20,1.3104276788313058,0.0148590173879705,2.6334729685779333e-18,0.2,fixed,primary,,False,synchronous,50,260,400,4,-1,1.0,0.6,0.6,100,0.0083412007968578,0,0,40,1.0,2,0,0.25,0.01,0.75,50.0,order_ab,30.0,0.45,0.2,0.1,0.002,8.0,72,500,0.4068679912589082,0.3382166824991391,0.0,0.125,0.2190150599612057,square_moore__ql__fixed__intr0__struct0__synchronous__order_ab__s4__211b2acff9,0.0123324926114407,-0.0002786928519922,0.25,0.8366028702833482,0.002,ql,50,100,0.9,0.1818970828683515,0.3,0.42,0.08,300,0.4083684952430289,20,1.2561106436069729,-0.0126111854634329,3.0209140518251346e-18,0.2,primary,,False,50,260,400,-1,1.0,100,0.0045484275904519,0,40,1.0,2,0,0.25,0.01,0.75,50.0,30.0,0.45,0.2,0.1,0.002,8.0,0.0006934005102507967,0.00047794212552787485,0.0,0.054317035224332955,0.055488377860111626
72,500,0.4059323589516783,0.5,0.3838453286427581,0.0,0.125,0.0,square_moore__markov__plastic__intr0__struct0__synchronous__order_ab__s3__02d57bf501,0.0205475637557605,-0.000818697054172,0.25,False,0.8321187604633146,0.002,0.016,markov,0.68,square_moore,50,100,0.9,0.1731859238904953,0.3,0,0.42,0.08,300,0.4069024019504324,0.2,20,1.2832077995089728,-0.0213662608099325,3.4046620869815022e-18,0.2,plastic,primary,,False,synchronous,50,260,400,3,-1,1.0,0.6,0.6,100,0.0090632999259041,0,0,40,0.999903549382716,2,0,0.25,0.01,0.75,50.0,order_ab,30.0,0.45,0.2,0.1,0.002,8.0,72,500,0.4149949683333821,0.3170253089314502,0.0,0.125,0.2182576558953851,square_moore__ql__plastic__intr0__struct0__synchronous__order_ab__s3__3c3646a32e,0.0012978967488604,-0.001741781981985,0.25,0.8407725755010963,0.002,ql,50,100,0.9,0.1848187871179255,0.3,0.42,0.08,300,0.4085088299362334,20,1.2511796418132792,-0.0030396787308455,2.917605020624909e-18,0.2,primary,,False,50,260,400,-1,1.0,100,0.0050141034001807,0,40,0.999903549382716,2,0,0.25,0.01,0.75,50.0,30.0,0.45,0.2,0.1,0.002,8.0,0.009062609381703834,0.008653815037781731,0.0,0.03202815769569356,0.049744582115179126
72,500,0.3971239505357201,0.5,0.42131580744122,0.0,0.125,0.0,square_moore__markov__fixed__intr0__struct0__synchronous__order_ba__s4__3dc1a7d34b,0.0019064171023963,-0.0008176347773867,0.25,False,0.8117909292039167,0.002,0.016,markov,0.68,square_moore,50,100,0.9,0.1697381836415883,0.3,0,0.42,0.08,300,0.401849000495963,0.2,20,1.320383801538045,-0.002724051879783,3.025337038824007e-18,0.2,fixed,primary,,False,synchronous,50,260,400,4,-1,1.0,0.6,0.6,100,0.0185532248590859,0,0,40,1.0,2,0,0.25,0.01,0.75,50.0,order_ba,30.0,0.45,0.2,0.1,0.002,8.0,72,500,0.4089193233872333,0.3288627244902812,0.0,0.125,0.2122859260537865,square_moore__ql__fixed__intr0__struct0__synchronous__order_ba__s4__a13b8a052f,0.0055454066426428,0.0034685604834543,0.25,0.8383694468037526,0.002,ql,50,100,0.9,0.183623305985805,0.3,0.42,0.08,300,0.4086626904275348,20,1.2456708450384313,-0.0020768461591885,1.7957497727305054e-18,0.2,primary,,False,50,260,400,-1,1.0,100,0.0060877147691769,0,40,1.0,2,0,0.25,0.01,0.75,50.0,30.0,0.45,0.2,0.1,0.002,8.0,0.01179537285151322,0.02657851759983587,0.0,0.07471295649961363,0.11308684695096272
72,500,0.3980833385210204,0.5,0.4220828321986576,0.0,0.125,0.0,square_moore__markov__plastic__intr0__struct0__synchronous__order_ba__s5__79d9ee762b,0.0302491950938394,0.0083249633585262,0.25,False,0.8173029060996251,0.002,0.016,markov,0.68,square_moore,50,100,0.9,0.16839142442257,0.3,0,0.42,0.08,300,0.4033548773643915,0.2,20,1.3202719441406274,-0.0219242317353132,2.3679832590407686e-18,0.2,plastic,primary,,False,synchronous,50,260,400,5,-1,1.0,0.6,0.6,100,0.0133274007750596,0,0,40,0.999903549382716,2,0,0.25,0.01,0.75,50.0,order_ba,30.0,0.45,0.2,0.1,0.002,8.0,72,500,0.4124881281501323,0.3337715311496718,0.0,0.125,0.2149610966515203,square_moore__ql__plastic__intr0__struct0__synchronous__order_ba__s5__b24481f449,-0.0044067859644933,-0.0232785618693429,0.25,0.842531589154724,0.002,ql,50,100,0.9,0.1814637802903752,0.3,0.42,0.08,300,0.4083124827060495,20,1.24372458973154,-0.0188717759048496,2.48227070869316e-18,0.2,primary,,False,50,260,400,-1,1.0,100,0.0052147486895486,0,40,0.999903549382716,2,0,0.25,0.01,0.75,50.0,30.0,0.45,0.2,0.1,0.002,8.0,0.014404789629111903,0.025228683055098955,0.0,0.07654735440908733,0.11618082709329819
72,500,0.4051463563495502,0.5,-0.2284513996563473,0.0,0.125,0.0,square_vn__markov__fixed__intr0__struct0__alpha_async__baseline__s4__774744e9a5,0.005614183417833,0.0004169914617949,0.25,False,0.7238827595149815,0.002,0.016,markov,0.68,square_vn,50,100,0.9,0.3537338381573175,0.3,0,0.42,0.08,300,0.4045038092279818,0.2,20,1.469396179995788,,1.2956773153756718e-18,0.2,fixed,primary,,False,alpha_async,50,260,400,4,-1,1.0,0.6,0.6,100,0.0025252766316374,0,0,40,1.0,2,0,0.25,0.01,0.75,50.0,baseline,30.0,0.45,0.2,0.1,0.002,8.0,72,500,0.3996772820532067,-0.2056852740538088,0.0,0.125,0.2580965214318425,square_vn__ql__fixed__intr0__struct0__alpha_async__baseline__s4__bb8034056f,-0.0021404875132718,-0.0034183216901689,0.25,0.7290306679669212,0.002,ql,50,100,0.9,0.3432306228643126,0.3,0.42,0.08,300,0.400976600666675,20,1.4359578061085172,,2.4035805885827853e-18,0.2,primary,,False,50,260,400,-1,1.0,100,0.0028146831142077,0,40,1.0,2,0,0.25,0.01,0.75,50.0,30.0,0.45,0.2,0.1,0.002,8.0,0.0054690742963435235,0.005147908451939687,0.0,0.03343837388727078,0.04405535663555399
72,500,0.4019551127952624,0.5,-0.2242320853750649,0.0,0.125,0.0,square_vn__markov__plastic__intr0__struct0__alpha_async__baseline__s5__33e5cb518f,0.0006264429651606,0.0012730775560396,0.25,False,0.7259624292884815,0.002,0.016,markov,0.68,square_vn,50,100,0.9,0.3496559861905305,0.3,0,0.42,0.08,300,0.4035574009226193,0.2,20,1.4684533937661872,,1.7792791332675144e-18,0.2,plastic,primary,,False,alpha_async,50,260,400,5,-1,1.0,0.6,0.6,100,0.0027717706650472,0,0,40,1.0,2,0,0.25,0.01,0.75,50.0,baseline,30.0,0.45,0.2,0.1,0.002,8.0,72,500,0.3992342758432387,-0.2101938129233408,0.0,0.125,0.2562315289219559,square_vn__ql__plastic__intr0__struct0__alpha_async__baseline__s5__175744d030,-0.000807540927767,-0.0092185654180889,0.25,0.7284253149392839,0.002,ql,50,100,0.9,0.3442910919811306,0.3,0.42,0.08,300,0.4007910779744252,20,1.4390388189858363,,1.912437917727121e-18,0.2,primary,,False,50,260,400,-1,1.0,100,0.0025394420801328,0,40,1.0,2,0,0.25,0.01,0.75,50.0,30.0,0.45,0.2,0.1,0.002,8.0,0.002720836952023742,0.0024628856508023267,0.0,0.02941457478035092,0.03459829738317699
72,500,0.1376532991938482,0.5,0.4930620564988937,0.0,0.125,0.0,square_vn__markov__fixed__intr0__struct0__alpha_async__imprint__s2__45dd673b61,0.2653491789129328,0.2453007863954817,0.25,False,0.2476736873653104,0.002,0.016,markov,0.68,square_vn,50,100,0.9,0.1226910870867951,0.3,0,0.42,0.08,300,0.1328984219247883,0.2,20,1.1143714007815315,,4.4170388714417194e-18,0.2,fixed,primary,,False,alpha_async,50,260,400,2,-1,1.0,0.6,0.6,100,0.0895778759285291,0,0,40,1.0,2,0,0.25,0.01,0.75,50.0,imprint,30.0,0.45,0.2,0.1,0.002,8.0,72,500,0.4013341936569624,-0.2170912999113777,0.0,0.125,0.2607454070303862,square_vn__ql__fixed__intr0__struct0__alpha_async__imprint__s2__c7609efe2c,0.0024523704260036,0.0090355088625264,0.25,0.7265756144407158,0.002,ql,50,100,0.9,0.3478584123420974,0.3,0.42,0.08,300,0.3932961669981657,20,1.442979582310696,,1.7298360853160397e-18,0.2,primary,,False,50,260,400,-1,1.0,100,0.0029316795921352,0,40,1.0,2,0,0.25,0.01,0.75,50.0,30.0,0.45,0.2,0.1,0.002,8.0,0.26368089446311416,0.47890192707540546,0.0,0.3286081815291644,1.071191003067684
72,500,0.1268779476635835,0.5,0.5082869649590109,0.0,0.125,0.0,square_vn__markov__plastic__intr0__struct0__alpha_async__imprint__s2__9c7bd68da0,0.2880338728270988,0.2650382078217911,0.25,False,0.2282827908888294,0.002,0.016,markov,0.68,square_vn,50,100,0.9,0.1127635331403078,0.3,0,0.42,0.08,300,0.1225907335672303,0.2,20,1.0554353170603723,,4.086054936266588e-18,0.2,plastic,primary,,False,alpha_async,50,260,400,2,-1,1.0,0.6,0.6,100,0.0896607103583791,0,0,40,1.0,2,0,0.25,0.01,0.75,50.0,imprint,30.0,0.45,0.2,0.1,0.002,8.0,72,500,0.4020962269385277,-0.2190169432948019,0.0,0.125,0.2638323635038151,square_vn__ql__plastic__intr0__struct0__alpha_async__imprint__s2__e7c4d12302,-0.0071346799336871,0.0018813716960883,0.25,0.7257950616687017,0.002,ql,50,100,0.9,0.3496274330167596,0.3,0.42,0.08,300,0.3915173442911711,20,1.4470642612397246,,1.929535792914401e-18,0.2,primary,,False,50,260,400,-1,1.0,100,0.0022401819794234,0,40,1.0,2,0,0.25,0.01,0.75,50.0,30.0,0.45,0.2,0.1,0.002,8.0,0.2752182792749442,0.49751227077987226,0.0,0.39162894417935235,1.1643594942341688
72,500,0.1406193131857103,0.5,0.4935135775540671,0.0,0.125,0.0,square_vn__markov__fixed__intr0__struct0__alpha_async__lesion__s5__0253a5240f,0.262373010434027,0.2430618939325331,0.25,False,0.2514952805219754,0.002,0.016,markov,0.68,square_vn,50,100,0.9,0.1246018605806742,0.3,0,0.42,0.08,300,0.1354283504725232,0.2,20,1.1295164232495574,,4.0206666526363475e-18,0.2,fixed,primary,0.2442292273958728,False,alpha_async,50,260,400,5,-1,1.0,0.6,0.6,100,0.0873439192627948,0,0,40,1.0,2,0,0.25,0.01,0.75,50.0,lesion,30.0,0.45,0.2,0.1,0.002,8.0,72,500,0.4014463030504372,-0.2087300014431719,0.0,0.125,0.2633931216228455,square_vn__ql__fixed__intr0__struct0__alpha_async__lesion__s5__e8d25820c8,-0.0006450271009968,-0.0054258979036872,0.25,0.7308717638078495,0.002,ql,50,100,0.9,0.3439935034720124,0.3,0.42,0.08,300,0.392231757957965,20,1.4428065192053208,,1.7132590838109314e-18,0.2,primary,-0.0052843815609905,False,50,260,400,-1,1.0,100,0.0029129728162878,0,40,1.0,2,0,0.25,0.01,0.75,50.0,30.0,0.45,0.2,0.1,0.002,8.0,0.2608269898647269,0.47937648328587407,0.2495136089568633,0.3132900959557634,1.3030071780632277
72,500,0.1270839513157632,0.5,0.5149525304433975,0.0,0.125,0.0,square_vn__markov__plastic__intr0__struct0__alpha_async__lesion__s2__7316524cbd,0.2735048913138999,0.2602325531862252,0.25,False,0.2290097043402799,0.002,0.016,markov,0.68,square_vn,50,100,0.9,0.1116891435070784,0.3,0,0.42,0.08,300,0.1224773880213346,0.2,20,1.0615578955194818,,3.0585875291870585e-18,0.2,plastic,primary,0.2618518011669406,False,alpha_async,50,260,400,2,-1,1.0,0.6,0.6,100,0.0944811890675673,0,0,40,1.0,2,0,0.25,0.01,0.75,50.0,lesion,30.0,0.45,0.2,0.1,0.002,8.0,72,500,0.4003795543266255,-0.2142814037335556,0.0,0.125,0.2631246249860217,square_vn__ql__plastic__intr0__struct0__alpha_async__lesion__s2__a1baa2340f,-0.0005646047630011,0.0043879246328428,0.25,0.7285200965661729,0.002,ql,50,100,0.9,0.3457324570275924,0.3,0.42,0.08,300,0.391997486006534,20,1.441236075630809,,1.783593742083345e-18,0.2,primary,0.0030201311225297,False,50,260,400,-1,1.0,100,0.0024768145562289,0,40,1.0,2,0,0.25,0.01,0.75,50.0,30.0,0.45,0.2,0.1,0.002,8.0,0.2732956030108623,0.499510392225893,0.25883167004441093,0.37967818011132715,1.4113158453924934
72,500,0.0869772018023758,0.5,0.5440624974432615,0.0,0.125,0.0,square_vn__markov__fixed__intr0__struct0__alpha_async__order_ab__s5__00f0bcc14a,0.379613005642623,0.3453334891350396,0.25,False,0.1557181426643225,0.002,0.016,markov,0.68,square_vn,50,100,0.9,0.0776691265413895,0.3,0,0.42,0.08,300,0.0824076114173096,0.2,20,0.8270002845655192,-0.0342795165075833,3.5658051331475464e-18,0.2,fixed,primary,,False,alpha_async,50,260,400,5,-1,1.0,0.6,0.6,100,0.084591666664414,0,0,40,1.0,2,0,0.25,0.01,0.75,50.0,order_ab,30.0,0.45,0.2,0.1,0.002,8.0,72,500,0.3071829473650597,0.1259332348878422,0.0,0.125,0.3496653199071152,square_vn__ql__fixed__intr0__struct0__alpha_async__order_ab__s5__1e7d83d334,0.0739407501602239,0.077842326713081,0.25,0.6416337311553079,0.002,ql,50,100,0.9,0.2416450801348995,0.3,0.42,0.08,300,0.2881412798924606,20,1.466332728612534,0.0039015765528571,2.770147294080879e-18,0.2,primary,,False,50,260,400,-1,1.0,100,0.0308868751592383,0,40,1.0,2,0,0.25,0.01,0.75,50.0,30.0,0.45,0.2,0.1,0.002,8.0,0.2202057455626839,0.4859155884909854,0.0,0.6393324440470148,1.3454537781006841
72,500,0.0910507305593756,0.5,0.541210928498585,0.0,0.125,0.0,square_vn__markov__plastic__intr0__struct0__alpha_async__order_ab__s5__803d9629ae,0.3559270277427681,0.3478115574233069,0.25,False,0.1647189597130403,0.002,0.016,markov,0.68,square_vn,50,100,0.9,0.0811640834961241,0.3,0,0.42,0.08,300,0.0863102897879892,0.2,20,0.8499329996145699,-0.0081154703194611,5.181584717230487e-18,0.2,plastic,primary,,False,alpha_async,50,260,400,5,-1,1.0,0.6,0.6,100,0.0837978506165068,0,0,40,1.0,2,0,0.25,0.01,0.75,50.0,order_ab,30.0,0.45,0.2,0.1,0.002,8.0,72,500,0.3152658443277858,0.1126813336721386,0.0,0.125,0.3421068221818721,square_vn__ql__plastic__intr0__struct0__alpha_async__order_ab__s5__973e1877e2,0.0814542208768619,0.0782081458483485,0.25,0.6487856030791881,0.002,ql,50,100,0.9,0.2499203032802749,0.3,0.42,0.08,300,0.2945637490919629,20,1.4749039610727173,-0.0032460750285134,1.830063821923099e-18,0.2,primary,,False,50,260,400,-1,1.0,100,0.0313377058029732,0,40,1.0,2,0,0.25,0.01,0.75,50.0,30.0,0.45,0.2,0.1,0.002,8.0,0.22421511376841022,0.4840666433661478,0.0,0.6249709614581473,1.3332527185927052
72,500,0.0904988239209532,0.5,0.538308939294061,0.0,0.125,0.0,square_vn__markov__fixed__intr0__struct0__alpha_async__order_ba__s3__c9ed77bfcc,0.3638558587728988,0.3410430964324833,0.25,False,0.1625025852586784,0.002,0.016,markov,0.68,square_vn,50,100,0.9,0.0812252044619595,0.3,0,0.42,0.08,300,0.0862955956183416,0.2,20,0.8489133930357025,-0.0228127623404154,3.9206811897255385e-18,0.2,fixed,primary,,False,alpha_async,50,260,400,3,-1,1.0,0.6,0.6,100,0.0834542656994976,0,0,40,1.0,2,0,0.25,0.01,0.75,50.0,order_ba,30.0,0.45,0.2,0.1,0.002,8.0,72,500,0.3089167759045556,0.1321720662877036,0.0,0.125,0.3482351764804015,square_vn__ql__fixed__intr0__struct0__alpha_async__order_ba__s3__2c102f474f,0.0934643171679183,0.0773667992438907,0.25,0.6414237207611747,0.002,ql,50,100,0.9,0.2427991331108799,0.3,0.42,0.08,300,0.2892259507954189,20,1.4719124479464736,-0.0160975179240276,2.2248600670466564e-18,0.2,primary,,False,50,260,400,-1,1.0,100,0.0346720696440458,0,40,1.0,2,0,0.25,0.01,0.75,50.0,30.0,0.45,0.2,0.1,0.002,8.0,0.21841795198360237,0.4789211355024963,0.0,0.6229990549107711,1.3203381423968699
72,500,0.0919789837046959,0.5,0.5416613348073661,0.0,0.125,0.0,square_vn__markov__plastic__intr0__struct0__alpha_async__order_ba__s2__c0ee1101c1,0.3542181069134547,0.3227744812775972,0.25,False,0.1661577893930527,0.002,0.016,markov,0.68,square_vn,50,100,0.9,0.0819692228087581,0.3,0,0.42,0.08,300,0.0878452742936162,0.2,20,0.8599717652291726,-0.0314436256358575,4.0803793983735936e-18,0.2,plastic,primary,,False,alpha_async,50,260,400,2,-1,1.0,0.6,0.6,100,0.0887898981657333,0,0,40,1.0,2,0,0.25,0.01,0.75,50.0,order_ba,30.0,0.45,0.2,0.1,0.002,8.0,72,500,0.3045133301260051,0.1399291195256111,0.0,0.125,0.3527776421486103,square_vn__ql__plastic__intr0__struct0__alpha_async__order_ba__s2__c065a8889c,0.0813909812200797,0.0843316858296345,0.25,0.637986780141125,0.002,ql,50,100,0.9,0.2394196431553004,0.3,0.42,0.08,300,0.285342205695878,20,1.47052532317727,0.0029407046095548,3.917897610223302e-18,0.2,primary,,False,50,260,400,-1,1.0,100,0.0370536242054492,0,40,1.0,2,0,0.25,0.01,0.75,50.0,30.0,0.45,0.2,0.1,0.002,8.0,0.21253434642130922,0.4718289907480723,0.0,0.6105535579480973,1.2949168951174788
72,500,0.4057367909872788,0.5,-0.2663150930765714,0.0,0.125,0.0,square_vn__markov__fixed__intr0__struct0__block_async__baseline__s2__fb0ac2006b,-0.0055433558767976,0.0013272918102694,0.25,False,0.7472032408496296,0.002,0.016,markov,0.68,square_vn,50,100,0.9,0.3472351190392992,0.3,0,0.42,0.08,300,0.4057408938936413,0.2,20,1.4497047380211605,,1.6141823610500742e-18,0.2,fixed,primary,,False,block_async,50,260,400,2,-1,1.0,0.6,0.6,100,0.0027701126749831,0,0,40,1.0,2,0,0.25,0.01,0.75,50.0,baseline,30.0,0.45,0.2,0.1,0.002,8.0,72,500,0.4032858396828759,-0.2512942795343132,0.0,0.125,0.2508969503035222,square_vn__ql__fixed__intr0__struct0__block_async__baseline__s2__9ee037e92b,0.0015553232958796,0.0025376335091115,0.25,0.7519853323216578,0.002,ql,50,100,0.9,0.3390088706333619,0.3,0.42,0.08,300,0.4025561359620713,20,1.4231409999673492,,2.4410549644952997e-18,0.2,primary,,False,50,260,400,-1,1.0,100,0.002619663100839,0,40,1.0,2,0,0.25,0.01,0.75,50.0,30.0,0.45,0.2,0.1,0.002,8.0,0.002450951304402871,0.004782091472028127,0.0,0.026563738053811292,0.03379678083024229
72,500,0.4051127189102618,0.5,-0.2595587363356423,0.0,0.125,0.0,square_vn__markov__plastic__intr0__struct0__block_async__baseline__s4__f5c00a7440,0.0029780063582796,0.001131662708632,0.25,False,0.7467292718927416,0.002,0.016,markov,0.68,square_vn,50,100,0.9,0.3461788603811375,0.3,0,0.42,0.08,300,0.4051659232885424,0.2,20,1.4381951778769824,,1.347127675974136e-18,0.2,plastic,primary,,False,block_async,50,260,400,4,-1,1.0,0.6,0.6,100,0.0027814019959219,0,0,40,1.0,2,0,0.25,0.01,0.75,50.0,baseline,30.0,0.45,0.2,0.1,0.002,8.0,72,500,0.4019591616884745,-0.2473064224469552,0.0,0.125,0.2503383329332775,square_vn__ql__plastic__intr0__struct0__block_async__baseline__s4__f4cd78d8ed,-4.863336450890779e-05,0.005942442791314,0.25,0.7502185064762609,0.002,ql,50,100,0.9,0.3390316426870223,0.3,0.42,0.08,300,0.4020032417956529,20,1.4201794579462923,,2.1603511967459143e-18,0.2,primary,,False,50,260,400,-1,1.0,100,0.0026709973452925,0,40,1.0,2,0,0.25,0.01,0.75,50.0,30.0,0.45,0.2,0.1,0.002,8.0,0.0031535572217872843,0.0034892345835192407,0.0,0.018015719930690066,0.02465851173599659
72,500,0.2772594600927576,0.5,0.2734026752012273,0.0,0.125,0.0,square_vn__markov__fixed__intr0__struct0__block_async__imprint__s4__68d81a8632,0.11433226326217,0.1110578120364058,0.25,False,0.5146141275093205,0.002,0.016,markov,0.68,square_vn,50,100,0.9,0.2381142617340674,0.3,0,0.42,0.08,300,0.2889622809945347,0.2,20,1.506835231720002,,2.6929293837297773e-18,0.2,fixed,primary,,False,block_async,50,260,400,4,-1,1.0,0.6,0.6,100,0.0433640351079225,0,0,40,1.0,2,0,0.25,0.01,0.75,50.0,imprint,30.0,0.45,0.2,0.1,0.002,8.0,72,500,0.4015442693673723,-0.2516712700229913,0.0,0.125,0.249083191031069,square_vn__ql__fixed__intr0__struct0__block_async__imprint__s4__ce2934c82c,0.0058735297028647,-0.0007849323274445,0.25,0.7472526109020587,0.002,ql,50,100,0.9,0.3413472491250777,0.3,0.42,0.08,300,0.4024872114554136,20,1.4392646167226937,,2.3551516173951505e-18,0.2,primary,,False,50,260,400,-1,1.0,100,0.0031450933827918,0,40,1.0,2,0,0.25,0.01,0.75,50.0,30.0,0.45,0.2,0.1,0.002,8.0,0.12428480927461472,0.2326384833927383,0.0,0.06757061499730832,0.42449390766466133
72,500,0.2723888214616592,0.5,0.2797810182311279,0.0,0.125,0.0,square_vn__markov__plastic__intr0__struct0__block_async__imprint__s2__fd692fffdd,0.1121257448537411,0.1066987300686741,0.25,False,0.5015008843497155,0.002,0.016,markov,0.68,square_vn,50,100,0.9,0.2366179306350218,0.3,0,0.42,0.08,300,0.2826090411651097,0.2,20,1.505443168843211,,3.073777434466998e-18,0.2,plastic,primary,,False,block_async,50,260,400,2,-1,1.0,0.6,0.6,100,0.0485356736327817,0,0,40,1.0,2,0,0.25,0.01,0.75,50.0,imprint,30.0,0.45,0.2,0.1,0.002,8.0,72,500,0.4029730691328618,-0.2558230289028482,0.0,0.125,0.2504997488747329,square_vn__ql__plastic__intr0__struct0__block_async__imprint__s2__bfd589f8f5,-0.0009535926506154,0.0047463248001956,0.25,0.7479349216277319,0.002,ql,50,100,0.9,0.3426025265918682,0.3,0.42,0.08,300,0.4022730200081489,20,1.4387370194117088,,3.0511710573216847e-18,0.2,primary,,False,50,260,400,-1,1.0,100,0.0031176664122363,0,40,1.0,2,0,0.25,0.01,0.75,50.0,30.0,0.45,0.2,0.1,0.002,8.0,0.13058424767120258,0.24643403727801638,0.0,0.06670614943150222,0.4437244343807212
72,500,0.2766504536417182,0.5,0.2765807981254474,0.0,0.125,0.0,square_vn__markov__fixed__intr0__struct0__block_async__lesion__s4__5699674533,0.1065126790952682,0.0969218697198301,0.25,False,0.5132358025397582,0.002,0.016,markov,0.68,square_vn,50,100,0.9,0.2379364819081549,0.3,0,0.42,0.08,300,0.2879849720493689,0.2,20,1.506480208175677,,2.3122352351661232e-18,0.2,fixed,primary,0.0631842376953943,False,block_async,50,260,400,4,-1,1.0,0.6,0.6,100,0.038070924935758,0,0,40,1.0,2,0,0.25,0.01,0.75,50.0,lesion,30.0,0.45,0.2,0.1,0.002,8.0,72,500,0.4033495352467328,-0.2497731432471751,0.0,0.125,0.2502082858979287,square_vn__ql__fixed__intr0__struct0__block_async__lesion__s4__35ddb4587f,-0.0036143345581538,-0.0039358630520811,0.25,0.7518422932518172,0.002,ql,50,100,0.9,0.3385855987339604,0.3,0.42,0.08,300,0.4023022072028466,20,1.423152606719825,,1.5179581547554262e-18,0.2,primary,-0.012428644685917,False,50,260,400,-1,1.0,100,0.0030537963975235,0,40,1.0,2,0,0.25,0.01,0.75,50.0,30.0,0.45,0.2,0.1,0.002,8.0,0.12669908160501459,0.23860649071205897,0.07561288238131131,0.08332760145585194,0.5242460561542368
72,500,0.2676435761137344,0.5,0.3035597872942197,0.0,0.125,0.0,square_vn__markov__plastic__intr0__struct0__block_async__lesion__s2__193a93e1d3,0.1209736914066705,0.1101431416584539,0.25,False,0.4954890411006903,0.002,0.016,markov,0.68,square_vn,50,100,0.9,0.2287120170884481,0.3,0,0.42,0.08,300,0.2777410335393657,0.2,20,1.496545717064969,,2.5274164185782145e-18,0.2,plastic,primary,0.0756409404863455,False,block_async,50,260,400,2,-1,1.0,0.6,0.6,100,0.0500223851303948,0,0,40,1.0,2,0,0.25,0.01,0.75,50.0,lesion,30.0,0.45,0.2,0.1,0.002,8.0,72,500,0.4068048627966416,-0.2574769243882123,0.0,0.125,0.2488382349396511,square_vn__ql__plastic__intr0__struct0__block_async__lesion__s2__8df7c30e03,0.0017382568370814,-0.0051006318720746,0.25,0.752663899792398,0.002,ql,50,100,0.9,0.3412704821956521,0.3,0.42,0.08,300,0.4022179371694097,20,1.4261129831599788,,2.0528382856705204e-18,0.2,primary,0.0006102119161288,False,50,260,400,-1,1.0,100,0.0031498432405198,0,40,1.0,2,0,0.25,0.01,0.75,50.0,30.0,0.45,0.2,0.1,0.002,8.0,0.13916128668290717,0.2571748586917077,0.0750307285702167,0.07043273390499016,0.5417996078498217
72,500,0.1419830004714447,0.5,0.4996788684406443,0.0,0.125,0.0,square_vn__markov__fixed__intr0__struct0__block_async__order_ab__s3__4f1692750c,0.26114667349651,0.2440922702451581,0.25,False,0.2624955384000439,0.002,0.016,markov,0.68,square_vn,50,100,0.9,0.1237876981413377,0.3,0,0.42,0.08,300,0.1482532967259151,0.2,20,1.1207441587455282,-0.0170544032513518,3.2468867020664598e-18,0.2,fixed,primary,,False,block_async,50,260,400,3,-1,1.0,0.6,0.6,100,0.0923460970094523,0,0,40,1.0,2,0,0.25,0.01,0.75,50.0,order_ab,30.0,0.45,0.2,0.1,0.002,8.0,72,500,0.4022783372687805,-0.2498699699015171,0.0,0.125,0.2512908036647657,square_vn__ql__fixed__intr0__struct0__block_async__order_ab__s3__a1080511cc,0.0021215968515429,-0.0052105992792105,0.25,0.7461443559453371,0.002,ql,50,100,0.9,0.3421416930422153,0.3,0.42,0.08,300,0.3997147158296883,20,1.4279291894985686,-0.0073321961307535,1.2036356932594304e-18,0.2,primary,,False,50,260,400,-1,1.0,100,0.0025433905195263,0,40,1.0,2,0,0.25,0.01,0.75,50.0,30.0,0.45,0.2,0.1,0.002,8.0,0.2602953367973358,0.4836488175452932,0.0,0.3071850307530404,1.0511291850956694
72,500,0.1404467897543949,0.5,0.5122864146449799,0.0,0.125,0.0,square_vn__markov__plastic__intr0__struct0__block_async__order_ab__s2__a26434fe90,0.2594347147030943,0.2490576901620388,0.25,False,0.2611363043596052,0.002,0.016,markov,0.68,square_vn,50,100,0.9,0.120079439518936,0.3,0,0.42,0.08,300,0.1477556969696985,0.2,20,1.1222066266372426,-0.0103770245410554,3.9432181332007874e-18,0.2,plastic,primary,,False,block_async,50,260,400,2,-1,1.0,0.6,0.6,100,0.095134270283547,0,0,40,1.0,2,0,0.25,0.01,0.75,50.0,order_ab,30.0,0.45,0.2,0.1,0.002,8.0,72,500,0.4048308590572949,-0.2515574967189208,0.0,0.125,0.2524782142994096,square_vn__ql__plastic__intr0__struct0__block_async__order_ab__s2__a3a9e66e4d,-0.0006406990491256,-0.0036331876758552,0.25,0.7517669770184626,0.002,ql,50,100,0.9,0.339441537891214,0.3,0.42,0.08,300,0.3995773936459842,20,1.4256782766463654,-0.0029924886267296,1.6851934752462884e-18,0.2,primary,,False,50,260,400,-1,1.0,100,0.002922272934882,0,40,1.0,2,0,0.25,0.01,0.75,50.0,30.0,0.45,0.2,0.1,0.002,8.0,0.2643840693029,0.4906306726588574,0.0,0.3034716500091228,1.0584863919708802
72,500,0.14384989718405,0.5,0.5035237863798082,0.0,0.125,0.0,square_vn__markov__fixed__intr0__struct0__block_async__order_ba__s5__d6e1c95e9b,0.2643225001684693,0.2444881623033518,0.25,False,0.264287102129371,0.002,0.016,markov,0.68,square_vn,50,100,0.9,0.1244477734916182,0.3,0,0.42,0.08,300,0.1509039469094895,0.2,20,1.1391436112314228,-0.0198343378651175,1.9629729410776305e-18,0.2,fixed,primary,,False,block_async,50,260,400,5,-1,1.0,0.6,0.6,100,0.0909569272623443,0,0,40,1.0,2,0,0.25,0.01,0.75,50.0,order_ba,30.0,0.45,0.2,0.1,0.002,8.0,72,500,0.4002654596909837,-0.2508021058175898,0.0,0.125,0.2507265504615538,square_vn__ql__fixed__intr0__struct0__block_async__order_ba__s5__efa2dded50,0.0039488823307369,0.0002381693056557,0.25,0.7464239432580893,0.002,ql,50,100,0.9,0.3415301145851965,0.3,0.42,0.08,300,0.3993573157877377,20,1.4290872299037114,-0.0037107130250812,1.9740768908407045e-18,0.2,primary,,False,50,260,400,-1,1.0,100,0.0025829066874829,0,40,1.0,2,0,0.25,0.01,0.75,50.0,30.0,0.45,0.2,0.1,0.002,8.0,0.2564155625069337,0.48213684112871824,0.0,0.28994361867228857,1.0284960223079405
72,500,0.1426358397604984,0.5,0.4868953717868677,0.0,0.125,0.0,square_vn__markov__plastic__intr0__struct0__block_async__order_ba__s2__5140d77d0d,0.26081010277625,0.2403991393495296,0.25,False,0.2638315944192529,0.002,0.016,markov,0.68,square_vn,50,100,0.9,0.1259085377722228,0.3,0,0.42,0.08,300,0.1523582588703395,0.2,20,1.1252763400115218,-0.0204109634267203,4.004050355096101e-18,0.2,plastic,primary,,False,block_async,50,260,400,2,-1,1.0,0.6,0.6,100,0.0897336686964171,0,0,40,1.0,2,0,0.25,0.01,0.75,50.0,order_ba,30.0,0.45,0.2,0.1,0.002,8.0,72,500,0.4033873414867878,-0.2556180095183775,0.0,0.125,0.2514870635777587,square_vn__ql__plastic__intr0__struct0__block_async__order_ba__s2__4269edda46,0.0019845913988463,0.0002174908947627,0.25,0.7498392500634331,0.002,ql,50,100,0.9,0.3415034709162888,0.3,0.42,0.08,300,0.3989014215841647,20,1.4245846084068936,-0.0017671005040835,1.9375462528521266e-18,0.2,primary,,False,50,260,400,-1,1.0,100,0.0025511996803819,0,40,1.0,2,0,0.25,0.01,0.75,50.0,30.0,0.45,0.2,0.1,0.002,8.0,0.26075150172628936,0.4860076556441802,0.0,0.29930826839537183,1.0460674257658413
72,500,0.3973121544550018,0.5,-0.1186848822511671,0.0,0.125,0.0,square_vn__markov__fixed__intr0__struct0__synchronous__baseline__s5__d21ae42e6d,-0.0010948323513373,-0.0007841396379464,0.25,False,0.7683975743942734,0.002,0.016,markov,0.68,square_vn,50,100,0.9,0.3000768958294232,0.3,0,0.42,0.08,300,0.3990244611427295,0.2,20,1.4548837464460136,,2.1256830021375896e-18,0.2,fixed,primary,,False,synchronous,50,260,400,5,-1,1.0,0.6,0.6,100,0.0027472088292851,0,0,40,1.0,2,0,0.25,0.01,0.75,50.0,baseline,30.0,0.45,0.2,0.1,0.002,8.0,72,500,0.3934353428090639,-0.0964468633972732,0.0,0.125,0.2613104249872806,square_vn__ql__fixed__intr0__struct0__synchronous__baseline__s5__4f98af0a79,-0.0054435706959409,-0.0070238241316876,0.25,0.7663482086992162,0.002,ql,50,100,0.9,0.2957558414521769,0.3,0.42,0.08,300,0.3940794051444574,20,1.4307952522992966,,2.9924981130437657e-18,0.2,primary,,False,50,260,400,-1,1.0,100,0.0031186222479064,0,40,1.0,2,0,0.25,0.01,0.75,50.0,30.0,0.45,0.2,0.1,0.002,8.0,0.0038768116459378943,0.0020493656950572037,0.0,0.024088494146716988,0.030014671487712086
72,500,0.3965861190213347,0.5,-0.1150370403592967,0.0,0.125,0.0,square_vn__markov__plastic__intr0__struct0__synchronous__baseline__s4__2a11722fad,0.0009498760536024,-0.0081562865414349,0.25,False,0.7660136667666151,0.002,0.016,markov,0.68,square_vn,50,100,0.9,0.3015830190853806,0.3,0,0.42,0.08,300,0.398580861912029,0.2,20,1.4541588272782349,,2.2386289625510116e-18,0.2,plastic,primary,,False,synchronous,50,260,400,4,-1,1.0,0.6,0.6,100,0.0026578090042834,0,0,40,1.0,2,0,0.25,0.01,0.75,50.0,baseline,30.0,0.45,0.2,0.1,0.002,8.0,72,500,0.397765151359519,-0.0960378078188555,0.0,0.125,0.2611948574248559,square_vn__ql__plastic__intr0__struct0__synchronous__baseline__s4__7b417d1c58,-0.0017700725522706,0.0052960289953689,0.25,0.7687234230954861,0.002,ql,50,100,0.9,0.2964547509328764,0.3,0.42,0.08,300,0.3950376906327733,20,1.4284247123107154,,1.570825278459893e-18,0.2,primary,,False,50,260,400,-1,1.0,100,0.0027596102258091,0,40,1.0,2,0,0.25,0.01,0.75,50.0,30.0,0.45,0.2,0.1,0.002,8.0,0.0011790323381842827,0.002709756328871049,0.0,0.025734114967519428,0.02962290363457476
72,500,0.1307065145324671,0.5,0.5759302249127684,0.0,0.125,0.0,square_vn__markov__fixed__intr0__struct0__synchronous__imprint__s2__b9b47a18d6,0.2837127789140532,0.2672410443927255,0.25,False,0.2537848700993443,0.002,0.016,markov,0.68,square_vn,50,100,0.9,0.1022729498779305,0.3,0,0.42,0.08,300,0.1346246470432207,0.2,20,1.066221855622888,,3.096109260237105e-18,0.2,fixed,primary,,False,synchronous,50,260,400,2,-1,1.0,0.6,0.6,100,0.1008003950905424,0,0,40,1.0,2,0,0.25,0.01,0.75,50.0,imprint,30.0,0.45,0.2,0.1,0.002,8.0,72,500,0.3941855649618688,-0.0939930333903591,0.0,0.125,0.2599322706741601,square_vn__ql__fixed__intr0__struct0__synchronous__imprint__s2__faeca49019,-0.0026014945221648,-0.0080613686905456,0.25,0.766242969876383,0.002,ql,50,100,0.9,0.2961193377622826,0.3,0.42,0.08,300,0.3953879172959733,20,1.425134134887043,,1.8268536435397863e-18,0.2,primary,,False,50,260,400,-1,1.0,100,0.0026399622749262,0,40,1.0,2,0,0.25,0.01,0.75,50.0,30.0,0.45,0.2,0.1,0.002,8.0,0.2634790504294017,0.5124580997770387,0.0,0.35891227926415503,1.1348494294705955
72,500,0.1361158407018757,0.5,0.5746492015211168,0.0,0.125,0.0,square_vn__markov__plastic__intr0__struct0__synchronous__imprint__s2__93eaba05e8,0.2550581225024018,0.2598977163974674,0.25,False,0.2645808879079375,0.002,0.016,markov,0.68,square_vn,50,100,0.9,0.1056518266856667,0.3,0,0.42,0.08,300,0.139495161056227,0.2,20,1.0977702859353868,,2.7274763362611653e-18,0.2,plastic,primary,,False,synchronous,50,260,400,2,-1,1.0,0.6,0.6,100,0.0934748084509285,0,0,40,1.0,2,0,0.25,0.01,0.75,50.0,imprint,30.0,0.45,0.2,0.1,0.002,8.0,72,500,0.3956036314800975,-0.1039284036121331,0.0,0.125,0.259334817674788,square_vn__ql__plastic__intr0__struct0__synchronous__imprint__s2__e4b1e98e93,-0.0126249098484716,0.0030193456954263,0.25,0.7686309661948239,0.002,ql,50,100,0.9,0.2964969414961508,0.3,0.42,0.08,300,0.3950868540237726,20,1.434961688557127,,2.9970289521763927e-18,0.2,primary,,False,50,260,400,-1,1.0,100,0.0023119106659118,0,40,1.0,2,0,0.25,0.01,0.75,50.0,30.0,0.45,0.2,0.1,0.002,8.0,0.25948779077822176,0.5040500782868864,0.0,0.3371914026217402,1.1007292716868484
72,500,0.1220259479347009,0.5,0.6010997398474922,0.0,0.125,0.0,square_vn__markov__fixed__intr0__struct0__synchronous__lesion__s2__47906924be,0.2905464526513324,0.289810869782025,0.25,False,0.2331690066861647,0.002,0.016,markov,0.68,square_vn,50,100,0.9,0.0930470611835922,0.3,0,0.42,0.08,300,0.1233390370568807,0.2,20,1.0257729417430084,,4.757536796056272e-18,0.2,fixed,primary,0.2907252473424696,False,synchronous,50,260,400,2,-1,1.0,0.6,0.6,100,0.0981121318973152,0,0,40,1.0,2,0,0.25,0.01,0.75,50.0,lesion,30.0,0.45,0.2,0.1,0.002,8.0,72,500,0.3947328042227642,-0.0814750958705184,0.0,0.125,0.2623775258825174,square_vn__ql__fixed__intr0__struct0__synchronous__lesion__s2__0113d4ce63,0.0005000725293469,-0.013184579480171,0.25,0.7668834133401543,0.002,ql,50,100,0.9,0.2939493693377841,0.3,0.42,0.08,300,0.3945751665566764,20,1.4276140326354625,,1.9917500940772907e-18,0.2,primary,-0.0099434932194618,False,50,260,400,-1,1.0,100,0.0028919807566856,0,40,1.0,2,0,0.25,0.01,0.75,50.0,30.0,0.45,0.2,0.1,0.002,8.0,0.2727068562880633,0.5337144066539896,0.3006687405619314,0.4018410908924541,1.5089310943964382
72,500,0.1233032767784067,0.5,0.5963980701229309,0.0,0.125,0.0,square_vn__markov__plastic__intr0__struct0__synchronous__lesion__s3__9324904373,0.2920197596781901,0.2832411468576238,0.25,False,0.2357900322047002,0.002,0.016,markov,0.68,square_vn,50,100,0.9,0.0945105389430535,0.3,0,0.42,0.08,300,0.1241743572461625,0.2,20,1.033717192462492,,4.8718561987282255e-18,0.2,plastic,primary,0.2938549006054364,False,synchronous,50,260,400,3,-1,1.0,0.6,0.6,100,0.0941543975409147,0,0,40,1.0,2,0,0.25,0.01,0.75,50.0,lesion,30.0,0.45,0.2,0.1,0.002,8.0,72,500,0.3964074451913278,-0.0963512939295138,0.0,0.125,0.2621373864204442,square_vn__ql__plastic__intr0__struct0__synchronous__lesion__s3__1c66191190,0.0019692114772715,0.0075263223306491,0.25,0.7667764371341012,0.002,ql,50,100,0.9,0.2974227354325688,0.3,0.42,0.08,300,0.3949109574951727,20,1.4214862414894929,,1.9118080911212123e-18,0.2,primary,0.0079372079169602,False,50,260,400,-1,1.0,100,0.0025558272740228,0,40,1.0,2,0,0.25,0.01,0.75,50.0,30.0,0.45,0.2,0.1,0.002,8.0,0.2731041684129211,0.530986404929401,0.2859176926884762,0.38776904902700093,1.4777773150577993
72,500,0.0926208453488542,0.5,0.6253911032007418,0.0,0.125,0.0,square_vn__markov__fixed__intr0__struct0__synchronous__order_ab__s5__e3217d1418,0.3734089916707244,0.3433674572973778,0.25,False,0.1778055861679967,0.002,0.016,markov,0.68,square_vn,50,100,0.9,0.0704157116144113,0.3,0,0.42,0.08,300,0.094296125509635,0.2,20,0.8591330674938347,-0.0300415343733466,4.284855961832176e-18,0.2,fixed,primary,,False,synchronous,50,260,400,5,-1,1.0,0.6,0.6,100,0.0899376851068542,0,0,40,1.0,2,0,0.25,0.01,0.75,50.0,order_ab,30.0,0.45,0.2,0.1,0.002,8.0,72,500,0.3937949067452816,-0.0887212177647245,0.0,0.125,0.2607668822364411,square_vn__ql__fixed__intr0__struct0__synchronous__order_ab__s5__0cf446fb3b,0.0001739703223628,0.0022872867938878,0.25,0.7631972843312476,0.002,ql,50,100,0.9,0.2969326522236297,0.3,0.42,0.08,300,0.3898328590360536,20,1.4234721739099234,0.002113316471525,1.8282092113978298e-18,0.2,primary,,False,50,260,400,-1,1.0,100,0.0027419554878049,0,40,1.0,2,0,0.25,0.01,0.75,50.0,30.0,0.45,0.2,0.1,0.002,8.0,0.30117406139642744,0.5853916981632509,0.0,0.5643391064160888,1.450904865975767
72,500,0.0973554103253769,0.5,0.6241794778881093,0.0,0.125,0.0,square_vn__markov__plastic__intr0__struct0__synchronous__order_ab__s3__85b75d7dbc,0.3541176092820964,0.3341115205250454,0.25,False,0.1863469929017851,0.002,0.016,markov,0.68,square_vn,50,100,0.9,0.0742478691942235,0.3,0,0.42,0.08,300,0.0987685313011658,0.2,20,0.8905496371642327,-0.020006088757051,5.351010389429291e-18,0.2,plastic,primary,,False,synchronous,50,260,400,3,-1,1.0,0.6,0.6,100,0.0919777236874686,0,0,40,1.0,2,0,0.25,0.01,0.75,50.0,order_ab,30.0,0.45,0.2,0.1,0.002,8.0,72,500,0.3971826911185664,-0.0951552069176851,0.0,0.125,0.2621441812227403,square_vn__ql__plastic__intr0__struct0__synchronous__order_ab__s3__6c6149503a,0.0014542937068233,0.0003673569040684,0.25,0.7651296620252147,0.002,ql,50,100,0.9,0.2981506106347627,0.3,0.42,0.08,300,0.3896324707518331,20,1.433744057299917,-0.0010869368027549,1.8691775521687054e-18,0.2,primary,,False,50,260,400,-1,1.0,100,0.0025096415516832,0,40,1.0,2,0,0.25,0.01,0.75,50.0,30.0,0.45,0.2,0.1,0.002,8.0,0.29982728079318954,0.5787826691234296,0.0,0.5431944201356842,1.4218043700523033
72,500,0.0867834263156465,0.5,0.6335139151783976,0.0,0.125,0.0,square_vn__markov__fixed__intr0__struct0__synchronous__order_ba__s5__7725058324,0.3890093704624059,0.371181273908052,0.25,False,0.1660885675968109,0.002,0.016,markov,0.68,square_vn,50,100,0.9,0.0659171814722814,0.3,0,0.42,0.08,300,0.0880732506904665,0.2,20,0.825126237869912,-0.0178280965543539,4.0109954017118034e-18,0.2,fixed,primary,,False,synchronous,50,260,400,5,-1,1.0,0.6,0.6,100,0.0874744475329833,0,0,40,1.0,2,0,0.25,0.01,0.75,50.0,order_ba,30.0,0.45,0.2,0.1,0.002,8.0,72,500,0.3927759624654411,-0.0900266325746048,0.0,0.125,0.2645411191475287,square_vn__ql__fixed__intr0__struct0__synchronous__order_ba__s5__f173abd451,9.453428598263524e-05,0.0103730383565965,0.25,0.7655217699577016,0.002,ql,50,100,0.9,0.295228507601123,0.3,0.42,0.08,300,0.3888634426208937,20,1.432289923884714,0.0102785040706138,2.372767431535766e-18,0.2,primary,,False,50,260,400,-1,1.0,100,0.0026969916631571,0,40,1.0,2,0,0.25,0.01,0.75,50.0,30.0,0.45,0.2,0.1,0.002,8.0,0.3059925361497946,0.5994332023608907,0.0,0.607163686014802,1.5125894245254874
72,500,0.0895161136583532,0.5,0.6309987082100313,0.0,0.125,0.0,square_vn__markov__plastic__intr0__struct0__synchronous__order_ba__s3__ddabb6136b,0.3779577283896852,0.3433847165688394,0.25,False,0.1734464791328753,0.002,0.016,markov,0.68,square_vn,50,100,0.9,0.0675926924404395,0.3,0,0.42,0.08,300,0.0917762236927027,0.2,20,0.8398285682812107,-0.0345730118208457,5.718289919384543e-18,0.2,plastic,primary,,False,synchronous,50,260,400,3,-1,1.0,0.6,0.6,100,0.0900188488415124,0,0,40,1.0,2,0,0.25,0.01,0.75,50.0,order_ba,30.0,0.45,0.2,0.1,0.002,8.0,72,500,0.3935370442533524,-0.067796395552534,0.0,0.125,0.2655597939622098,square_vn__ql__plastic__intr0__struct0__synchronous__order_ba__s3__e9176d8709,-0.0085735436622053,0.000525012009472,0.25,0.7657893117476398,0.002,ql,50,100,0.9,0.2909889241055012,0.3,0.42,0.08,300,0.3873626418371872,20,1.4248181356610965,0.0090985556716774,1.891695751984352e-18,0.2,primary,,False,50,260,400,-1,1.0,100,0.002606287375073,0,40,1.0,2,0,0.25,0.01,0.75,50.0,30.0,0.45,0.2,0.1,0.002,8.0,0.3040209305949992,0.5923428326147644,0.0,0.5849895673798858,1.4813533305896494
