geometry,formalism,schedule,task,plasticity,intrinsic_enabled,structural_enabled,gamma,memory_strength,eta_weight,alpha_async,sigma_birth,sigma_survive,diagonal_ablation,activity_late__mean,activity_late__std,activity_late__median,activity_late__count,entropy_late__mean,entropy_late__std,entropy_late__median,entropy_late__count,repair_reference_corr__mean,repair_reference_corr__std,repair_reference_corr__median,repair_reference_corr__count,corr_A_late__mean,corr_A_late__std,corr_A_late__median,corr_A_late__count,corr_B_late__mean,corr_B_late__std,corr_B_late__median,corr_B_late__count,neighbor_pattern_entropy_late__mean,neighbor_pattern_entropy_late__std,neighbor_pattern_entropy_late__median,neighbor_pattern_entropy_late__count,spectral_peak_fraction_late__mean,spectral_peak_fraction_late__std,spectral_peak_fraction_late__median,spectral_peak_fraction_late__count,coherence_late__mean,coherence_late__std,coherence_late__median,coherence_late__count,structural_link_fraction_late__mean,structural_link_fraction_late__std,structural_link_fraction_late__median,structural_link_fraction_late__count,structural_additions_total__mean,structural_additions_total__std,structural_additions_total__median,structural_additions_total__count,structural_removals_total__mean,structural_removals_total__std,structural_removals_total__median,structural_removals_total__count
extended_hex_r2,markov,alpha_async,baseline,fixed,0,0,0.68,0.2,0.016,0.5,0.6,0.6,False,0.44778587504366724,0.03374038609594809,0.4479155251364317,5,0.8387434266228165,0.012700288482859942,0.846121038813299,5,,,,0,0.0014008375823136,0.011944571871488828,0.0064611911971923,5,0.0060580833359436,0.011057306365302277,0.0105632352114642,5,0.606902006993437,0.30729217013833354,0.8137838088921351,5,0.00700719231923798,0.00949609765614875,0.0031113587852026,5,0.0,0.0,0.0,5,1.0,0.0,1.0,5,0.0,0.0,0.0,5,0.0,0.0,0.0,5
extended_hex_r2,markov,alpha_async,baseline,plastic,0,0,0.68,0.2,0.016,0.5,0.6,0.6,False,0.42831877688895925,0.021506526144721146,0.4153307463046152,5,0.8365101613018806,0.012788243327481403,0.8290792987878101,5,,,,0,-0.0035138059869646,0.009505077510521518,-0.0024056280860223,5,-0.00213348408938028,0.007972357180712437,-0.0015904209540973,5,0.48755469627171166,0.30473597540236463,0.2743898146495495,5,0.0100699034363759,0.010705722731484704,0.0025082015701401,5,0.0,0.0,0.0,5,1.0,0.0,1.0,5,0.0,0.0,0.0,5,0.0,0.0,0.0,5
extended_hex_r2,markov,alpha_async,imprint,fixed,0,0,0.68,0.2,0.016,0.5,0.6,0.6,False,0.45275779200719163,0.035877286905878374,0.4529056327948256,5,0.8370092575549759,0.00991707378040382,0.8431652914941121,5,,,,0,0.00523835666730618,0.012179656602385151,0.0051624588064644,5,-0.0020041979348085,0.007685428314813674,-0.0044698048020075,5,0.6249497485209672,0.2684899991886741,0.7943625110895263,5,0.00677673095648774,0.009154093431652372,0.0027835562774394,5,0.0,0.0,0.0,5,1.0,0.0,1.0,5,0.0,0.0,0.0,5,0.0,0.0,0.0,5
extended_hex_r2,markov,alpha_async,imprint,plastic,0,0,0.68,0.2,0.016,0.5,0.6,0.6,False,0.44604945850142486,0.0250782908495899,0.4422024236895152,5,0.8467076328533396,0.007132176512199478,0.8500161730949383,5,,,,0,-0.00683986601856286,0.027912026891203767,-0.0073299562978932,5,-0.0036008630758246193,0.018221154355153594,-0.0044816121237904,5,0.6807093164945884,0.2105579012170779,0.7618524748108656,5,0.00931400332648422,0.00695859353041581,0.0094041636891804,5,0.0,0.0,0.0,5,0.9906271433470508,0.00013652801058121878,0.9906014231824416,5,0.0,0.0,0.0,5,0.0,0.0,0.0,5
extended_hex_r2,markov,alpha_async,lesion,fixed,0,0,0.68,0.2,0.016,0.5,0.6,0.6,False,0.4527594395439478,0.03587751027359,0.4529147106906096,5,0.8370126039883766,0.009920824784695997,0.8431652576045856,5,0.01216822087607276,0.01098578601637894,0.0171467741459819,5,0.00523573094684986,0.012175289680499376,0.0051622876441922,5,-0.00200662386350062,0.007679681812190926,-0.0044696505255595,5,0.6249552642434796,0.2684958471507372,0.7943625110895263,5,0.00677583984960844,0.009152020250039717,0.0027837140183043,5,0.0,0.0,0.0,5,1.0,0.0,1.0,5,0.0,0.0,0.0,5,0.0,0.0,0.0,5
extended_hex_r2,markov,alpha_async,lesion,plastic,0,0,0.68,0.2,0.016,0.5,0.6,0.6,False,0.44602723419494766,0.024572094962546327,0.4392730071105936,5,0.8462158476555549,0.006040700912005659,0.8478663829348301,5,-0.02328119660533784,0.048798816786505536,-0.0148787032275785,5,-0.004018647473063919,0.030334036916739273,-0.0074106346024267,5,-0.004165282345260921,0.027847080243941953,-0.0088873571602601,5,0.690368565441503,0.1546045733849635,0.727436440171099,5,0.00785544604465576,0.0056455607061164405,0.0049823536550343,5,0.0,0.0,0.0,5,0.9905842764060357,0.00024315419754613191,0.9906550068587106,5,0.0,0.0,0.0,5,0.0,0.0,0.0,5
extended_hex_r2,markov,alpha_async,order_ab,fixed,0,0,0.68,0.2,0.016,0.5,0.6,0.6,False,0.4393324015451133,0.0283713760002381,0.4519975400105495,5,0.8172025952525942,0.009006655884978784,0.8225556826262622,5,,,,0,0.00490034775852128,0.03182778017091314,0.0135079353717605,5,0.007272387256408941,0.02807635819190375,0.0232933975182278,5,0.800869495137462,0.22248460641099257,0.9329116190882516,5,0.011547097291164581,0.004755051118567486,0.0140074324135336,5,0.0,0.0,0.0,5,1.0,0.0,1.0,5,0.0,0.0,0.0,5,0.0,0.0,0.0,5
extended_hex_r2,markov,alpha_async,order_ab,plastic,0,0,0.68,0.2,0.016,0.5,0.6,0.6,False,0.4306071890708541,0.01646013064263122,0.4339063561180538,5,0.8138734491578026,0.007503885887106348,0.8175733580074859,5,,,,0,0.02859948030145066,0.016945749669751778,0.0277499829431074,5,0.024349293062031478,0.010035639934124405,0.0250243273207447,5,0.9033324243182946,0.17010649103990502,0.965719913028684,5,0.02228593215932882,0.0037185771521877123,0.0247645216497806,5,0.0,0.0,0.0,5,0.986601937585734,0.00020465878131161646,0.986636231138546,5,0.0,0.0,0.0,5,0.0,0.0,0.0,5
extended_hex_r2,markov,alpha_async,order_ba,fixed,0,0,0.68,0.2,0.016,0.5,0.6,0.6,False,0.4431619798065517,0.015629306656031332,0.4509663616387963,5,0.8104657165869806,0.003428939700299443,0.8106306128822099,5,,,,0,0.01603151043481236,0.016059293497843446,0.0229455024771788,5,0.01569328210944516,0.004740384245016975,0.0175928164565949,5,0.9896638291955169,0.07237349684200994,1.0104797961033678,5,0.0232402634054076,0.0026547685240373682,0.0222093730495814,5,0.0,0.0,0.0,5,1.0,0.0,1.0,5,0.0,0.0,0.0,5,0.0,0.0,0.0,5
extended_hex_r2,markov,alpha_async,order_ba,plastic,0,0,0.68,0.2,0.016,0.5,0.6,0.6,False,0.4232247470071969,0.015327063007628256,0.4149164752038755,5,0.8044422163992367,0.0030206111723535384,0.8040957205594761,5,,,,0,0.04177211222720736,0.013081900504582099,0.0477074340427467,5,0.03438759056619446,0.012305473541540718,0.0348999175067606,5,0.9123397456305236,0.06940538154171406,0.8730284546436229,5,0.0245658130929457,0.0015654247856148162,0.0245831380130286,5,0.0,0.0,0.0,5,0.9873242455418382,0.0002371524163494626,0.9874399862825788,5,0.0,0.0,0.0,5,0.0,0.0,0.0,5
extended_hex_r2,markov,block_async,baseline,fixed,0,0,0.68,0.2,0.016,0.5,0.6,0.6,False,0.4511282994324122,0.00029217728401426563,0.45111913234376,5,0.6091131682589518,0.014595744680221772,0.6061817834153275,5,,,,0,-0.00011731161839503997,0.0020766683246537993,-0.0011293919487549,5,0.00016418263631547996,0.002917500965258059,0.0009659466634734,5,0.9385247971528706,0.006953283819878857,0.9404953319761776,5,0.2749988358407095,0.13491772181220107,0.2307797440614075,5,0.0,0.0,0.0,5,1.0,0.0,1.0,5,0.0,0.0,0.0,5,0.0,0.0,0.0,5
extended_hex_r2,markov,block_async,baseline,plastic,0,0,0.68,0.2,0.016,0.5,0.6,0.6,False,0.44577890568023537,1.6221275171117608e-05,0.4457791989609479,5,0.9913878022221934,8.729977924591232e-05,0.991432509006738,5,,,,0,-4.3624590866459934e-05,0.00425818560174562,-0.0023704208035935,5,-5.93617655216602e-05,0.006683331559931452,0.0007556879548491,5,0.0,0.0,0.0,5,0.20877370993593147,0.0556754884525222,0.2243128612887913,5,0.0,0.0,0.0,5,1.0,0.0,1.0,5,0.0,0.0,0.0,5,0.0,0.0,0.0,5
extended_hex_r2,markov,block_async,imprint,fixed,0,0,0.68,0.2,0.016,0.5,0.6,0.6,False,0.45088185303672884,0.00047474048965173666,0.4507573664313499,5,0.6091755825215758,0.02615081602242508,0.6119412229846978,5,,,,0,0.00028139104497814006,0.0031138088580762893,-0.0003777470304419,5,-0.00040071948465016,0.0046437913131121425,-0.0012696992857333,5,0.9389308264925251,0.00966070848818117,0.9392949190917712,5,0.18406348996138405,0.13065750750284608,0.1550510953830893,5,0.0,0.0,0.0,5,1.0,0.0,1.0,5,0.0,0.0,0.0,5,0.0,0.0,0.0,5
extended_hex_r2,markov,block_async,imprint,plastic,0,0,0.68,0.2,0.016,0.5,0.6,0.6,False,0.443480953452945,0.003390541861117461,0.4457249350969965,5,0.9824821051658155,0.01080730337796818,0.9897040158505586,5,,,,0,-0.03199955497461066,0.04033917067802646,-0.007611635709781,5,-0.01264298561798396,0.020174748802189495,-0.0029984152350759,5,0.006203311902188299,0.008916581838113644,0.0,5,0.053766245359876716,0.030727830773936336,0.0478940016724591,5,0.0,0.0,0.0,5,0.9902456275720166,0.001380846243143221,0.9910943930041152,5,0.0,0.0,0.0,5,0.0,0.0,0.0,5
extended_hex_r2,markov,block_async,lesion,fixed,0,0,0.68,0.2,0.016,0.5,0.6,0.6,False,0.450882077378618,0.0004753198651925485,0.4507631037794998,5,0.6091456823026205,0.026148256123874745,0.6118023002187702,5,0.0008676426639640397,0.0036996433636739324,0.0025423280529524,5,0.00028892924033366003,0.003115078206691762,-0.0003298903866575,5,-0.0003830761053862001,0.004656349917567269,-0.0013011288749795,5,0.9387930792892739,0.009649605614694034,0.9390633561514168,5,0.18381789832871476,0.13104688900265726,0.1531771577197822,5,0.0,0.0,0.0,5,1.0,0.0,1.0,5,0.0,0.0,0.0,5,0.0,0.0,0.0,5
extended_hex_r2,markov,block_async,lesion,plastic,0,0,0.68,0.2,0.016,0.5,0.6,0.6,False,0.4435388405635131,0.0033180648312546726,0.445746408423621,5,0.9826457212508833,0.01070317050037083,0.9897518992116966,5,-0.02916127415869038,0.042956632057535825,-0.0032595644379568,5,-0.03126008703382888,0.03920010744557536,-0.0060789153825504,5,-0.01266771122046148,0.01930320957602768,-0.0034821963053471,5,0.00555276373266514,0.008248052846156366,0.0,5,0.056981093724800105,0.03447900630684268,0.0496851477486302,5,0.0,0.0,0.0,5,0.9902863511659807,0.0013453366190738488,0.9910943930041152,5,0.0,0.0,0.0,5,0.0,0.0,0.0,5
extended_hex_r2,markov,block_async,order_ab,fixed,0,0,0.68,0.2,0.016,0.5,0.6,0.6,False,0.4505841438879926,0.00012162870705026101,0.4506376991467982,5,0.628229411429303,0.0075787084972797495,0.6265249957193255,5,,,,0,0.00037861397900100003,0.0021488692338963405,0.0014111545054795,5,-0.00172193447834364,0.0027388157185188147,-0.0028697782354178,5,0.9295608573731385,0.0038081698465173603,0.9313028434615098,5,0.1478422881425046,0.029135838348050957,0.1445177399574639,5,0.0,0.0,0.0,5,1.0,0.0,1.0,5,0.0,0.0,0.0,5,0.0,0.0,0.0,5
extended_hex_r2,markov,block_async,order_ab,plastic,0,0,0.68,0.2,0.016,0.5,0.6,0.6,False,0.44442104681186356,0.00046486290067001694,0.4444307914811644,5,0.9813498886617603,0.003900385451089678,0.9837959207369832,5,,,,0,-0.0084534271130733,0.00817798797653295,-0.0056975753766917,5,-0.006972901588379779,0.006048035701648205,-0.0080531143958174,5,0.00315674943091396,0.004091984538385815,0.00106345724429,5,0.062427724480026425,0.011685183267694164,0.066833302562343,5,0.0,0.0,0.0,5,0.986216135116598,0.0002880988531021089,0.9863575960219478,5,0.0,0.0,0.0,5,0.0,0.0,0.0,5
extended_hex_r2,markov,block_async,order_ba,fixed,0,0,0.68,0.2,0.016,0.5,0.6,0.6,False,0.45057609909322976,0.00013701453559929744,0.4506064712919148,5,0.6279650063755893,0.008459766438930694,0.6286099275012171,5,,,,0,0.0016444988969338402,0.0015138029424664474,0.0021211705520159,5,0.00024117054330077999,0.002233370347745278,0.0009450240452391,5,0.9275978623178831,0.003251243123387729,0.9272957145969244,5,0.15425051614475777,0.04961191644933777,0.145772443307489,5,0.0,0.0,0.0,5,1.0,0.0,1.0,5,0.0,0.0,0.0,5,0.0,0.0,0.0,5
extended_hex_r2,markov,block_async,order_ba,plastic,0,0,0.68,0.2,0.016,0.5,0.6,0.6,False,0.44402127505166533,0.00047092185479521043,0.443973566025808,5,0.9791758005632195,0.0024350980879257046,0.979531995449021,5,,,,0,-0.01076679759326064,0.007901833683289552,-0.0096327724142675,5,-0.011427060820244962,0.011197113941497493,-0.0098203257780885,5,0.00289463845945966,0.002729062068182976,0.0038593308690846,5,0.0524921220977609,0.014343504523972506,0.0542881471148628,5,0.0,0.0,0.0,5,0.986383316186557,0.0008304812963538082,0.9865719307270232,5,0.0,0.0,0.0,5,0.0,0.0,0.0,5
extended_hex_r2,markov,synchronous,baseline,fixed,0,0,0.68,0.2,0.016,0.5,0.6,0.6,False,0.41528878990757717,0.003595799043207672,0.4152219356466068,5,0.8616936932796001,0.001683545857169148,0.8611115161830651,5,,,,0,-0.0014008337290582807,0.023783416508235993,0.0068642452481654,5,-0.010070717102311139,0.01758765174917239,-0.0119013552668802,5,1.2565030873376943,0.009458011341153705,1.2554855192888064,5,0.01042430414016504,0.0018108028891867006,0.0097952683994381,5,0.0,0.0,0.0,5,1.0,0.0,1.0,5,0.0,0.0,0.0,5,0.0,0.0,0.0,5
extended_hex_r2,markov,synchronous,baseline,plastic,0,0,0.68,0.2,0.016,0.5,0.6,0.6,False,0.41664697644124987,0.002900133138258177,0.4165378675846507,5,0.8647014659186265,0.002812799557564168,0.8652438458151469,5,,,,0,-0.01258605795066336,0.020074889057829944,-0.0177661050467602,5,0.0064145871463965,0.014281140028630408,0.0027278352851105,5,1.1899929747857734,0.03216922608802978,1.1879053474247467,5,0.0099410709569026,0.0013020266751577144,0.0092065170797991,5,0.0,0.0,0.0,5,1.0,0.0,1.0,5,0.0,0.0,0.0,5,0.0,0.0,0.0,5
extended_hex_r2,markov,synchronous,imprint,fixed,0,0,0.68,0.2,0.016,0.5,0.6,0.6,False,0.41623219195124417,0.003474182251286785,0.4176093525446714,5,0.8630351859938269,0.0022218631803199475,0.8617575657446886,5,,,,0,-0.004262014951496681,0.02961284320008953,-0.0141239820483098,5,0.00529970298850582,0.024663699051629146,-0.0063045136323444,5,1.2399312647042244,0.009294891112839564,1.2405009821634436,5,0.01191277743233382,0.0014155907391550369,0.0122627595095781,5,0.0,0.0,0.0,5,1.0,0.0,1.0,5,0.0,0.0,0.0,5,0.0,0.0,0.0,5
extended_hex_r2,markov,synchronous,imprint,plastic,0,0,0.68,0.2,0.016,0.5,0.6,0.6,False,0.41202109045714685,0.004863707248585551,0.4123779852679347,5,0.858704132886038,0.00331462325633585,0.858151382664294,5,,,,0,-0.039790470251890184,0.02075646327750033,-0.0430757087438216,5,0.00485927601635612,0.015005109806203525,0.0076598768085764,5,1.2205615357020843,0.010059303669505667,1.2235906370416951,5,0.01054999453341964,0.0010350998998762046,0.010381463178616,5,0.0,0.0,0.0,5,0.9898233882030179,0.00025982282048112596,0.9897655178326474,5,0.0,0.0,0.0,5,0.0,0.0,0.0,5
extended_hex_r2,markov,synchronous,lesion,fixed,0,0,0.68,0.2,0.016,0.5,0.6,0.6,False,0.4176161932530902,0.0021204041292242626,0.4177792168422426,5,0.8636055075205984,0.002767289180001682,0.8628604082354165,5,0.011024614591477822,0.043963616353163926,-0.0079565926448806,5,-0.0036811559895528,0.016978153210846343,-0.0068555867834303,5,-0.006922172791271081,0.028195679499416076,-0.0207190669608623,5,1.2355478037545655,0.03237833764464295,1.2326326394786775,5,0.011582778153056961,0.0013615881425503627,0.0115467718832111,5,0.0,0.0,0.0,5,1.0,0.0,1.0,5,0.0,0.0,0.0,5,0.0,0.0,0.0,5
extended_hex_r2,markov,synchronous,lesion,plastic,0,0,0.68,0.2,0.016,0.5,0.6,0.6,False,0.41334487120299784,0.0030992032593376998,0.4127405123509112,5,0.8615160421539875,0.003048063737178017,0.8625173550922579,5,-0.04539320261961196,0.042712172069371473,-0.0364295148003249,5,-0.01989134473161466,0.01499913308242635,-0.0161480822539014,5,0.0031210041124589806,0.013201261518148035,-0.0046709295293415,5,1.2181051768534066,0.022827805724810274,1.2227543097328526,5,0.01003648574615564,0.001294857226568716,0.0104423639697469,5,0.0,0.0,0.0,5,0.9897762345679013,0.00020319450044865695,0.9897548010973936,5,0.0,0.0,0.0,5,0.0,0.0,0.0,5
extended_hex_r2,markov,synchronous,order_ab,fixed,0,0,0.68,0.2,0.016,0.5,0.6,0.6,False,0.4132879650127471,0.0026211395148176375,0.4126197329769482,5,0.8604680298962343,0.001870101415645406,0.8606521997548832,5,,,,0,-0.004393102144597241,0.034224946907880624,-0.0054365791607507,5,-0.0059662813930261,0.023609244717514934,-0.0132931854527615,5,1.2439210111115258,0.018714914430289,1.249992466108019,5,0.01104840499269132,0.00217764022977516,0.0102847081542196,5,0.0,0.0,0.0,5,1.0,0.0,1.0,5,0.0,0.0,0.0,5,0.0,0.0,0.0,5
extended_hex_r2,markov,synchronous,order_ab,plastic,0,0,0.68,0.2,0.016,0.5,0.6,0.6,False,0.41385412884662964,0.0030260978466913296,0.4134489958230087,5,0.8582946301837111,0.0034226997220236266,0.8572961546033522,5,,,,0,-0.04116508985593462,0.01971719423285703,-0.0389674595483882,5,-0.0335103355609477,0.015402913717746389,-0.0258923122939842,5,1.2228315890792438,0.014017224931423902,1.2215832859152556,5,0.011180027884183642,0.00099018983616237,0.0112389628603469,5,0.0,0.0,0.0,5,0.9853245027434842,0.00010041758209125425,0.985318072702332,5,0.0,0.0,0.0,5,0.0,0.0,0.0,5
extended_hex_r2,markov,synchronous,order_ba,fixed,0,0,0.68,0.2,0.016,0.5,0.6,0.6,False,0.4108447805026926,0.0073532712691651,0.4110878336048486,5,0.860306088119211,0.004646952925315679,0.860007237206392,5,,,,0,0.0015916654345495599,0.019508683172493217,0.0115283063371951,5,0.0143679715610416,0.01525158652263141,0.0224762744573091,5,1.2347927309021274,0.024795725984170788,1.2280907899277431,5,0.011098536842290379,0.0007867520656454221,0.0113340474863107,5,0.0,0.0,0.0,5,1.0,0.0,1.0,5,0.0,0.0,0.0,5,0.0,0.0,0.0,5
extended_hex_r2,markov,synchronous,order_ba,plastic,0,0,0.68,0.2,0.016,0.5,0.6,0.6,False,0.41141022965337914,0.0015878230284334573,0.4119927488952397,5,0.8564796663330891,0.0013530073214817714,0.8573701837580231,5,,,,0,-0.01966337582110814,0.019206144747181183,-0.0180961225782238,5,0.0007114839207184593,0.026033735041438178,-0.0032677872990057,5,1.2304330111749786,0.026538069155617214,1.2411893600178054,5,0.01004841342096226,0.0004924838171932314,0.0098724673098303,5,0.0,0.0,0.0,5,0.9865204903978052,0.00019781014842513373,0.9865612139917695,5,0.0,0.0,0.0,5,0.0,0.0,0.0,5
extended_hex_r2,ql,alpha_async,baseline,fixed,0,0,0.68,0.2,0.016,0.5,0.6,0.6,False,0.44942547824271123,0.03731392545796368,0.4469567323000347,5,0.8364110514986409,0.012548909918335311,0.8448683788488112,5,,,,0,0.00325185409374752,0.0062478533581822775,0.0002747509175776,5,0.004457764906367361,0.00738280143702893,0.00277679840913,5,0.5908846039855928,0.2978101801811004,0.8045824886526172,5,0.00646804574430448,0.00905924059645616,0.002558135208832,5,0.12621829575734952,0.004157653335498615,0.1269986826959296,5,1.0,0.0,1.0,5,0.0,0.0,0.0,5,0.0,0.0,0.0,5
extended_hex_r2,ql,alpha_async,baseline,plastic,0,0,0.68,0.2,0.016,0.5,0.6,0.6,False,0.436570064596382,0.02641472588710546,0.4407621525932219,5,0.839171704160193,0.012716057468995054,0.846068187557659,5,,,,0,0.00903842518163562,0.014344040114608941,0.0038930450245583,5,0.01069037248631416,0.012066147010920868,0.0074264703883908,5,0.5945748343807453,0.3044629112807175,0.7622256092798507,5,0.011676135198341901,0.011822411370174568,0.0048387033169621,5,0.12721513831651632,0.002765461673860363,0.1264458325609999,5,1.0,0.0,1.0,5,0.0,0.0,0.0,5,0.0,0.0,0.0,5
extended_hex_r2,ql,alpha_async,imprint,fixed,0,0,0.68,0.2,0.016,0.5,0.6,0.6,False,0.445416806094292,0.028232009126101174,0.4543869170484883,5,0.8396460529934047,0.011965213263362967,0.845308202243017,5,,,,0,-0.0034020371926222204,0.005493337676816465,-0.0064111308954882,5,-0.00821828690888032,0.008053326425982773,-0.0081685488414661,5,0.6637327311727532,0.2702736509893631,0.813594716710778,5,0.006982699157705739,0.005690892791891257,0.0035647142861489,5,0.12784896013375985,0.003546840873958879,0.1268627483017307,5,1.0,0.0,1.0,5,0.0,0.0,0.0,5,0.0,0.0,0.0,5
extended_hex_r2,ql,alpha_async,imprint,plastic,0,0,0.68,0.2,0.016,0.5,0.6,0.6,False,0.4467743299392154,0.02738919379676261,0.4383665801414679,5,0.8454007532586412,0.009632552832699606,0.8498973149744771,5,,,,0,0.00531903821096268,0.019784115566380468,0.0096708654880881,5,0.005181243266519321,0.012839031260165681,-0.0019218538185035,5,0.683389923224723,0.23082747495408631,0.7066907052396851,5,0.007907059618353359,0.005344639322043651,0.0082531320707544,5,0.12790773492157378,0.0029775540114103066,0.128694155485029,5,0.9906035665294924,0.00035860252329702986,0.9906121399176956,5,0.0,0.0,0.0,5,0.0,0.0,0.0,5
extended_hex_r2,ql,alpha_async,lesion,fixed,0,0,0.68,0.2,0.016,0.5,0.6,0.6,False,0.44524923180097825,0.02807200391747174,0.4543593604837019,5,0.8396003189214305,0.011885061332074011,0.8453225454650812,5,0.0105917944578873,0.035806099175462826,-0.0050000259830749,5,-0.0032672984105605596,0.00533387628140604,-0.0061692539451732,5,-0.00802450688629594,0.008091391896461473,-0.008146567675242,5,0.6632763785280392,0.26921663156133707,0.8133865566219367,5,0.00703528183837078,0.005731026255550248,0.0036207696683778,5,0.12789511440137874,0.0035344259962234803,0.1269558468050151,5,1.0,0.0,1.0,5,0.0,0.0,0.0,5,0.0,0.0,0.0,5
extended_hex_r2,ql,alpha_async,lesion,plastic,0,0,0.68,0.2,0.016,0.5,0.6,0.6,False,0.4535238422529292,0.030315555619980176,0.4618170656519046,5,0.8459189106291871,0.009784236029854777,0.8510736857106963,5,-0.01257286005518872,0.05168829618833546,-0.0128699325854932,5,0.0013224672508030198,0.010879510663572236,0.0023822445867744,5,0.00511406779013378,0.009802215142039633,0.0091522666211099,5,0.6968870540093819,0.2371871065730772,0.8214898242437163,5,0.0050290658509309204,0.004125360035885487,0.0027202081791114,5,0.12693809975506543,0.0034636952306739406,0.1254273424111559,5,0.9905799897119343,0.0003580897300797764,0.9906121399176956,5,0.0,0.0,0.0,5,0.0,0.0,0.0,5
extended_hex_r2,ql,alpha_async,order_ab,fixed,0,0,0.68,0.2,0.016,0.5,0.6,0.6,False,0.4587117808680504,0.022817174616224553,0.4598440637197206,5,0.8446352186791533,0.008239583595739373,0.8482787033511101,5,,,,0,0.0037515240986276802,0.024651307311189505,0.0115731198612581,5,0.0029053984581200003,0.025934044711311117,0.0092514457937458,5,0.7686008450811118,0.1655507127152324,0.8428565076264734,5,0.005794558097051599,0.003411604302786563,0.0041541832022124,5,0.1432899302511704,0.0031497622665952853,0.1431961939583555,5,1.0,0.0,1.0,5,0.0,0.0,0.0,5,0.0,0.0,0.0,5
extended_hex_r2,ql,alpha_async,order_ab,plastic,0,0,0.68,0.2,0.016,0.5,0.6,0.6,False,0.44535176272750865,0.02285185401842885,0.445465314846312,5,0.8469700099090278,0.008389849867755837,0.8509489215168602,5,,,,0,-0.0066832802683333805,0.019167858216403807,-0.0164636145593079,5,-0.00971337981169124,0.024734238074181836,-0.0205305673249155,5,0.6934658698146272,0.19578220642828353,0.762684977974964,5,0.0075858855645869,0.005425103468192642,0.0055647016310701,5,0.1464159028171569,0.00252546431010718,0.1470320681105526,5,0.9869062928669411,0.00037656783901764216,0.9871720679012346,5,0.0,0.0,0.0,5,0.0,0.0,0.0,5
extended_hex_r2,ql,alpha_async,order_ba,fixed,0,0,0.68,0.2,0.016,0.5,0.6,0.6,False,0.4486496027089486,0.02110322682243723,0.4463321844663105,5,0.8429585572108509,0.007617726403724838,0.8448158236128485,5,,,,0,-0.008490490748611421,0.021842922862648467,-0.0107322178901629,5,-0.006732432090105421,0.019936239942426177,-0.0047305810451857,5,0.7498760070937948,0.1528993995852518,0.7985567557756506,5,0.011413827129340939,0.006671056513613474,0.0110768133516844,5,0.14556252084864552,0.0024864318191169716,0.1469079548919672,5,1.0,0.0,1.0,5,0.0,0.0,0.0,5,0.0,0.0,0.0,5
extended_hex_r2,ql,alpha_async,order_ba,plastic,0,0,0.68,0.2,0.016,0.5,0.6,0.6,False,0.4408584509397408,0.014086549244228254,0.4418753427832362,5,0.8479023678968615,0.006101385379786445,0.8480950188896683,5,,,,0,-0.0008499905297352204,0.033369302539922985,-0.0105118140208287,5,0.006089176505706859,0.02125841927769983,-0.0021205376824942,5,0.7041825108441031,0.13720833825210726,0.7652685056121963,5,0.00907831465243876,0.004416077474692454,0.0074386071126742,5,0.1470001647342885,0.0019612225328011594,0.147035392547959,5,0.9874485596707819,0.0005032531407295677,0.9876328875171468,5,0.0,0.0,0.0,5,0.0,0.0,0.0,5
extended_hex_r2,ql,block_async,baseline,fixed,0,0,0.68,0.2,0.016,0.5,0.6,0.6,False,0.45107410926882724,0.00018467240176613188,0.4509869044188791,5,0.5260260788837011,0.007396112065700968,0.529489719273568,5,,,,0,-0.00112217246572022,0.004193794314612066,0.0003358446878744,5,0.0009447348620289,0.0032275654725689514,0.0009738725784308,5,0.9502382224835427,0.0032596543950863506,0.9502922750937504,5,0.2011814765713061,0.1104242790876471,0.1618345246933578,5,0.2713940691332355,0.003169484534778745,0.2717181988367647,5,1.0,0.0,1.0,5,0.0,0.0,0.0,5,0.0,0.0,0.0,5
extended_hex_r2,ql,block_async,baseline,plastic,0,0,0.68,0.2,0.016,0.5,0.6,0.6,False,0.4260813926316397,0.017621041025450663,0.4310714145668779,5,0.9202435266103732,0.05321417525572299,0.9272655500933312,5,,,,0,0.00834634349833812,0.02581340869338191,0.0213299458653781,5,0.00601147880335542,0.014405205431749423,0.0075932713817334,5,0.06091625046119107,0.05039639237484612,0.0595944006588018,5,0.035092322295651616,0.008494934510367211,0.0340483987945853,5,0.15638868969988007,0.020774457835742183,0.1516034816998196,5,0.9982960390946503,0.0024049700627256448,0.9989819101508915,5,0.0,0.0,0.0,5,0.0,0.0,0.0,5
extended_hex_r2,ql,block_async,imprint,fixed,0,0,0.68,0.2,0.016,0.5,0.6,0.6,False,0.4509226035035966,9.040805179962258e-05,0.4509012077991153,5,0.5326879476016684,0.0021133648353792553,0.5329373286281911,5,,,,0,-0.0011825266718432665,0.0019800698163342538,-0.0011161618645,5,0.00072863844830062,0.002626486257408842,0.0018469685191904,5,0.9494397198785146,0.0017139864493031405,0.950343652440706,5,0.14974758670189586,0.02450005819728011,0.1410818834278578,5,0.26846594471933616,0.0018768990480595702,0.2688773300213436,5,1.0,0.0,1.0,5,0.0,0.0,0.0,5,0.0,0.0,0.0,5
extended_hex_r2,ql,block_async,imprint,plastic,0,0,0.68,0.2,0.016,0.5,0.6,0.6,False,0.4334395956564821,0.010600985913227865,0.4391579065763883,5,0.9433410887919317,0.03723817713229139,0.9663063978796214,5,,,,0,-0.01614689597167328,0.019284805655674784,-0.0072354313617995,5,-0.01527901102607404,0.01838485440037678,-0.0076956652901538,5,0.04481106939824772,0.03856556246294471,0.0383256114449734,5,0.03684462049432424,0.011360189533196481,0.0399959703381257,5,0.14697590283545892,0.015042401610682803,0.1390093719059212,5,0.9881280006858709,0.001897730783685993,0.9883937757201646,5,0.0,0.0,0.0,5,0.0,0.0,0.0,5
extended_hex_r2,ql,block_async,lesion,fixed,0,0,0.68,0.2,0.016,0.5,0.6,0.6,False,0.4509222902881815,9.043142686755927e-05,0.4508990545694974,5,0.5327005944543451,0.002129539405328634,0.5329344129907538,5,-0.00039044045158764,0.001957300079317869,-0.0001550487826137,5,-0.0011653062907153434,0.001979664461237412,-0.0010773249703891,5,0.00073697566476902,0.002636175702952903,0.0018839168161218,5,0.9493871997170448,0.0016370602251246933,0.950314643931826,5,0.1496067168255296,0.024475360737269247,0.1415344909914329,5,0.2684619978031518,0.0018799138969295777,0.2688656097733277,5,1.0,0.0,1.0,5,0.0,0.0,0.0,5,0.0,0.0,0.0,5
extended_hex_r2,ql,block_async,lesion,plastic,0,0,0.68,0.2,0.016,0.5,0.6,0.6,False,0.43339449967012184,0.010558371438280664,0.4390261244265326,5,0.9427417712560903,0.037785612301308204,0.9653191412589954,5,-0.017082078384098878,0.01677959978195168,-0.013625141894555,5,-0.016644749017630838,0.021388754156242498,-0.0093145680564317,5,-0.01502595229809558,0.019762079221900593,-0.0144957624771141,5,0.04526113650713648,0.03995147952115621,0.0410449457460475,5,0.036224299114662524,0.009699539736881726,0.037925950834675,5,0.14742225567535303,0.01541960737853131,0.1393975078289263,5,0.9881687242798355,0.0018010333686290366,0.9885973936899864,5,0.0,0.0,0.0,5,0.0,0.0,0.0,5
extended_hex_r2,ql,block_async,order_ab,fixed,0,0,0.68,0.2,0.016,0.5,0.6,0.6,False,0.45079773998136935,0.00010236660113525555,0.4507738343408479,5,0.535407669632592,0.006298316477574292,0.5361813237860177,5,,,,0,-0.00125888137943766,0.0023700691739974677,-0.0016711120238536,5,0.0007122575271219,0.004718110530076218,0.0010307520043593,5,0.9485028265319796,0.0029194329547604218,0.9473641210060212,5,0.17722130157190694,0.07029217623115484,0.1563654885211869,5,0.2669234498257479,0.0032590859607858637,0.2666892489963973,5,1.0,0.0,1.0,5,0.0,0.0,0.0,5,0.0,0.0,0.0,5
extended_hex_r2,ql,block_async,order_ab,plastic,0,0,0.68,0.2,0.016,0.5,0.6,0.6,False,0.43898217367588155,0.0037988376448612566,0.4403646613424584,5,0.9650152716949882,0.012563256897586021,0.969243083587525,5,,,,0,-0.027798410482497222,0.014571343806745678,-0.0309984952203961,5,-0.02095897839586166,0.020251105852315137,-0.017807100161257,5,0.0083021326262665,0.007652698009109324,0.007373763374856,5,0.04793019504273362,0.013491295650395219,0.0480815444500681,5,0.14149206526353336,0.005305419721670885,0.1394401207979482,5,0.9840749314128944,0.0008735289725785938,0.9841070816186556,5,0.0,0.0,0.0,5,0.0,0.0,0.0,5
extended_hex_r2,ql,block_async,order_ba,fixed,0,0,0.68,0.2,0.016,0.5,0.6,0.6,False,0.4506787719693442,9.403207431688795e-05,0.4506670324273686,5,0.5426684741261696,0.00876524828303151,0.5413482325928392,5,,,,0,0.0008310342339931199,0.0024533017857228,0.0016943320671478,5,-0.00358426368152666,0.0012663322207157974,-0.0039652905624172,5,0.9448981612802918,0.004336670391102649,0.943960144456603,5,0.14859056349049976,0.030901234846195474,0.1490419885328543,5,0.2645052251910295,0.004535632734096581,0.2661778015638718,5,1.0,0.0,1.0,5,0.0,0.0,0.0,5,0.0,0.0,0.0,5
extended_hex_r2,ql,block_async,order_ba,plastic,0,0,0.68,0.2,0.016,0.5,0.6,0.6,False,0.43909236933192924,0.0047855460213180505,0.4409060081167278,5,0.9659167093174718,0.016062580148168287,0.970211322586414,5,,,,0,-0.024564213659143498,0.014083765979437779,-0.023778513579224,5,-0.02036069494577258,0.012796074142141173,-0.0138493659166136,5,0.01224347220431712,0.018065357063679812,0.0029588580347969,5,0.0426880779968711,0.020972495251175956,0.0346756926098837,5,0.1410766302051054,0.00625559805610234,0.1382392272584086,5,0.9847243655692729,0.0008584633400209846,0.9849537037037036,5,0.0,0.0,0.0,5,0.0,0.0,0.0,5
extended_hex_r2,ql,synchronous,baseline,fixed,0,0,0.68,0.2,0.016,0.5,0.6,0.6,False,0.4099261474108812,0.006506115508252134,0.4082392851722381,5,0.8490633649991022,0.002163083251498782,0.8481850645038399,5,,,,0,-0.001400532714117189,0.007085558774393138,7.400179403905579e-05,5,0.00381787228329962,0.013922552259628884,0.0043675539643672,5,1.2535584052705144,0.01847451464855016,1.257038412554324,5,0.010815285251729841,0.0014841193150621924,0.0115643016813552,5,0.21709593542185557,0.004221132652135122,0.2155563023223228,5,1.0,0.0,1.0,5,0.0,0.0,0.0,5,0.0,0.0,0.0,5
extended_hex_r2,ql,synchronous,baseline,plastic,0,0,0.68,0.2,0.016,0.5,0.6,0.6,False,0.40888739860782464,0.0031327232531591516,0.4098662297954497,5,0.8495911322141001,0.002001986180876142,0.8491018979425975,5,,,,0,0.0018102382917675804,0.008775661837149317,-0.0021977826911961,5,-0.00546125345592386,0.01874495477111654,0.003249482674236,5,1.2288881534763898,0.020659252439871743,1.2433609175052225,5,0.010332928190262481,0.0008118332534884399,0.0103933267750658,5,0.21373784502899706,0.002373004399071569,0.2130232811733117,5,1.0,0.0,1.0,5,0.0,0.0,0.0,5,0.0,0.0,0.0,5
extended_hex_r2,ql,synchronous,imprint,fixed,0,0,0.68,0.2,0.016,0.5,0.6,0.6,False,0.4102121708189719,0.007297800442799623,0.4131108970260331,5,0.8504807507978851,0.0074160398228392274,0.8529799016734193,5,,,,0,-0.00046406694618998553,0.009718806623710836,0.0003103460683918,5,-0.01179669350604076,0.01828669428730559,-0.0006055291129321,5,1.2789666960664015,0.02149951420833379,1.2761512453487,5,0.01205828777548336,0.0011212691899381276,0.0127439743796396,5,0.2152289967016571,0.002566260899958601,0.2152421135156547,5,1.0,0.0,1.0,5,0.0,0.0,0.0,5,0.0,0.0,0.0,5
extended_hex_r2,ql,synchronous,imprint,plastic,0,0,0.68,0.2,0.016,0.5,0.6,0.6,False,0.41069457046235947,0.005414196817514106,0.4104959812117032,5,0.8504155881949321,0.00390813641022203,0.8511571581460174,5,,,,0,-0.039011077071374536,0.02280204008653621,-0.0484995197702233,5,0.00422649516920784,0.02122914428460776,0.0069979403533476,5,1.226557880317446,0.03148058324555648,1.2287110469197304,5,0.01034281389837544,0.001188882286235932,0.0101155642305536,5,0.21653867594850937,0.00420846191064194,0.2167483453651365,5,0.9914266117969822,0.00021000426464193623,0.9913623113854596,5,0.0,0.0,0.0,5,0.0,0.0,0.0,5
extended_hex_r2,ql,synchronous,lesion,fixed,0,0,0.68,0.2,0.016,0.5,0.6,0.6,False,0.4083583782821779,0.002821319496421567,0.4081805675990415,5,0.8500149474999918,0.0013775050874084696,0.8502559634080497,5,0.0020742777466984,0.017768696860169526,-0.0037560356988824,5,0.0027560382111661,0.014619946728570003,0.0047063132434403,5,-0.01091481532879854,0.018032456846678115,-0.0041825201455489,5,1.2439794490145464,0.02000032011301897,1.2401531932067218,5,0.010280354572169581,0.0007524663440004192,0.0103668231934154,5,0.2184167224384582,0.008379532923280609,0.2205435231409283,5,1.0,0.0,1.0,5,0.0,0.0,0.0,5,0.0,0.0,0.0,5
extended_hex_r2,ql,synchronous,lesion,plastic,0,0,0.68,0.2,0.016,0.5,0.6,0.6,False,0.4098253017996013,0.002440852328132492,0.4101941139423412,5,0.8482370780092262,0.0027758580046509706,0.8492089401136003,5,-0.054814148635943985,0.026525746515375988,-0.0525086820746935,5,-0.03207241154774808,0.01791143697393333,-0.0307619395584395,5,-0.01037591805525618,0.010188167331904122,-0.0090046589709012,5,1.228091738432738,0.015078457779359806,1.2281782344574068,5,0.00990108330998162,0.0011891115254454828,0.0101865666953055,5,0.21929841997223862,0.004616633136887851,0.2194411326992174,5,0.9914244684499314,0.00028998622225294397,0.9912980109739368,5,0.0,0.0,0.0,5,0.0,0.0,0.0,5
extended_hex_r2,ql,synchronous,order_ab,fixed,0,0,0.68,0.2,0.016,0.5,0.6,0.6,False,0.40714243666691347,0.005568164694753013,0.4063328951529886,5,0.8470550087502072,0.003635288852988094,0.8478864487345223,5,,,,0,-0.0166401757569067,0.012066106811355035,-0.0204969608645318,5,-0.008760042947489244,0.023244751329532593,-0.0069740803804992,5,1.2711031776042945,0.020046437132376478,1.2828120063588375,5,0.01271238616790866,0.001275181950489847,0.0129182083107157,5,0.21446035145429562,0.00462011242549782,0.2139036125192031,5,1.0,0.0,1.0,5,0.0,0.0,0.0,5,0.0,0.0,0.0,5
extended_hex_r2,ql,synchronous,order_ab,plastic,0,0,0.68,0.2,0.016,0.5,0.6,0.6,False,0.4068790327282751,0.005352451234165533,0.4053286984830646,5,0.8457515161763627,0.0060447235239250805,0.8453517722379852,5,,,,0,-0.02971235658685344,0.014483069243859762,-0.0306462144064988,5,-0.014661702456339798,0.019333237928324313,-0.0151640145615724,5,1.231486255848134,0.016925994767836242,1.2341137443988437,5,0.0104449649771362,0.0014624573301658312,0.0108872175517584,5,0.2165012102506733,0.0045774841179409016,0.2165339705481307,5,0.9876929012345679,0.00016473821762479123,0.9876864711934156,5,0.0,0.0,0.0,5,0.0,0.0,0.0,5
extended_hex_r2,ql,synchronous,order_ba,fixed,0,0,0.68,0.2,0.016,0.5,0.6,0.6,False,0.40965478598434013,0.003677631361133718,0.4084686583020208,5,0.8485620802735843,0.0033183009842137107,0.8501562852879709,5,,,,0,-0.00559210359539576,0.010324557294165225,-0.0093644058143528,5,-0.00338040595095558,0.013955675574609151,-0.0017080731803777,5,1.2531909043735276,0.014192055552733836,1.260615128312364,5,0.01041752336640676,0.0007391095440285513,0.0107590445963769,5,0.21905439443563163,0.003875159500792969,0.2180300221423098,5,1.0,0.0,1.0,5,0.0,0.0,0.0,5,0.0,0.0,0.0,5
extended_hex_r2,ql,synchronous,order_ba,plastic,0,0,0.68,0.2,0.016,0.5,0.6,0.6,False,0.4096471129195014,0.004759044282274132,0.4090253306287068,5,0.8467232038557597,0.004715852928996835,0.8476799712846897,5,,,,0,-0.02761565022650662,0.02138947950396822,-0.0333293022033184,5,-0.04062494145297072,0.029048746061299615,-0.0423834614650793,5,1.2325395312224,0.03615871662564323,1.241505280953724,5,0.010314612550094221,0.0009922917917814821,0.0107377175126349,5,0.21886357034423173,0.004027306237855631,0.2177106618648277,5,0.9879136659807954,0.00019517996590187573,0.9878900891632372,5,0.0,0.0,0.0,5,0.0,0.0,0.0,5
extended_moore_r2,markov,alpha_async,baseline,fixed,0,0,0.68,0.2,0.016,0.5,0.6,0.6,False,0.4528514531328419,0.0005002466959432081,0.4528123274992252,5,0.46458752704264866,0.009546213134581627,0.4627477899287904,5,,,,0,-0.01169088503161524,0.012521373660469902,-0.016959772721472,5,0.00230068480759738,0.0049672076829737595,0.0007629915525172,5,0.9675118107662515,0.0011966293491947194,0.9672714937510104,5,0.19117134052132162,0.06514476425987864,0.1942848450580376,5,0.0,0.0,0.0,5,1.0,0.0,1.0,5,0.0,0.0,0.0,5,0.0,0.0,0.0,5
extended_moore_r2,markov,alpha_async,baseline,plastic,0,0,0.68,0.2,0.016,0.5,0.6,0.6,False,0.4565426790981223,0.04443703501123784,0.4871780692661858,5,0.8285626706731228,0.013312943392546572,0.836855779470436,5,,,,0,-6.46189762046799e-05,0.005558926615558697,0.0017012417158547,5,0.0012039183309908,0.006823711023627501,0.0043690213743817,5,0.5573413733478169,0.2979079510314083,0.7711287033243506,5,0.00280362977347494,0.00039536915845630696,0.0027971373423723,5,0.0,0.0,0.0,5,0.9997958461934155,0.00015171610222206828,0.9997829861111112,5,0.0,0.0,0.0,5,0.0,0.0,0.0,5
extended_moore_r2,markov,alpha_async,imprint,fixed,0,0,0.68,0.2,0.016,0.5,0.6,0.6,False,0.46077217914243773,0.016788341803829415,0.453345522679094,5,0.5296207371931885,0.1692992577084176,0.4509287715210538,5,,,,0,0.01042836777127628,0.010306080867535799,0.0079160708905766,5,0.00379508104000884,0.003254012557500994,0.0026252101562069,5,0.9304955918657761,0.09804459807297833,0.9760469065909814,5,0.2738568852437181,0.1854273424190231,0.3903369914285025,5,0.0,0.0,0.0,5,1.0,0.0,1.0,5,0.0,0.0,0.0,5,0.0,0.0,0.0,5
extended_moore_r2,markov,alpha_async,imprint,plastic,0,0,0.68,0.2,0.016,0.5,0.6,0.6,False,0.45491294811548,0.026851857171197147,0.4657501402894713,5,0.8374268103816661,0.009936007380258575,0.8413909572087153,5,,,,0,-0.01607828941054382,0.025085068009339424,-0.0277908251375074,5,-0.00663592320485192,0.01857141331252299,-0.0172830175982151,5,0.7363494079073041,0.23154002771659188,0.8359150558270146,5,0.0075779801270202795,0.005296519956789869,0.0066460245208914,5,0.0,0.0,0.0,5,0.9817531507201647,0.0003458202625907269,0.981786908436214,5,0.0,0.0,0.0,5,0.0,0.0,0.0,5
extended_moore_r2,markov,alpha_async,lesion,fixed,0,0,0.68,0.2,0.016,0.5,0.6,0.6,False,0.46077240063401526,0.016788673362434958,0.453345645809219,5,0.5297992535547394,0.169204549923807,0.4509311385783398,5,0.011343566207218719,0.00909907122145306,0.0080203780051695,5,0.01083077536571344,0.009740088255805829,0.0079093656902692,5,0.0037058190241088,0.003340556539903742,0.0026267672346982,5,0.9305414281958517,0.0980674917797366,0.9760469065909814,5,0.27432889627238166,0.18531789492957468,0.3911682050374635,5,0.0,0.0,0.0,5,1.0,0.0,1.0,5,0.0,0.0,0.0,5,0.0,0.0,0.0,5
extended_moore_r2,markov,alpha_async,lesion,plastic,0,0,0.68,0.2,0.016,0.5,0.6,0.6,False,0.45756065813801844,0.027635157289462985,0.4656485380734954,5,0.8375911941283093,0.009233672755276036,0.8417464668459269,5,-0.005001869156150621,0.02845908866212472,0.0036772112498615,5,-0.008036127690867062,0.023184083318191252,-0.0082573034437579,5,-0.0003849565818551601,0.021338963961862224,-0.003221641316821,5,0.7251813746613791,0.2190683764481041,0.8112328048905638,5,0.0072686903689626,0.005835168055340615,0.0047173180711044,5,0.0,0.0,0.0,5,0.9819492669753085,0.0002463873342861137,0.9819235468106996,5,0.0,0.0,0.0,5,0.0,0.0,0.0,5
extended_moore_r2,markov,alpha_async,order_ab,fixed,0,0,0.68,0.2,0.016,0.5,0.6,0.6,False,0.4260187382234711,0.027554727145093126,0.429046985028889,5,0.6873658037101695,0.06884444974880106,0.6919805381941709,5,,,,0,0.02348769582446534,0.01350706720004929,0.0240551273194672,5,0.02577646325130506,0.004953649505812617,0.0239361234974906,5,0.9581723798533799,0.25830834097077204,1.0600215800928576,5,0.06959850147871696,0.043121452036723094,0.0846853604666337,5,0.0,0.0,0.0,5,1.0,0.0,1.0,5,0.0,0.0,0.0,5,0.0,0.0,0.0,5
extended_moore_r2,markov,alpha_async,order_ab,plastic,0,0,0.68,0.2,0.016,0.5,0.6,0.6,False,0.4177130851905247,0.025003427438434336,0.414309291707266,5,0.7722913293366405,0.0094190481528887,0.7748126044282806,5,,,,0,0.03492842703487738,0.020958257693823132,0.0369257692684166,5,0.03257289285946194,0.028820892828690815,0.0197216986857987,5,0.9755125708522187,0.1306676547729428,1.0477847210669835,5,0.025898315345216822,0.0024008151263386042,0.0261430764725864,5,0.0,0.0,0.0,5,0.975,0.00035481943573363334,0.9748183513374484,5,0.0,0.0,0.0,5,0.0,0.0,0.0,5
extended_moore_r2,markov,alpha_async,order_ba,fixed,0,0,0.68,0.2,0.016,0.5,0.6,0.6,False,0.4158710685804544,0.01990886677964818,0.417696708434547,5,0.6416125026804818,0.08204440483621035,0.653670343102864,5,,,,0,0.03689116043728908,0.004497389663809849,0.0342188179527266,5,0.02981125602559424,0.0070760964927229445,0.0268230359019279,5,1.11752472569389,0.1433832101142789,1.2116975974369883,5,0.0880545851581644,0.06850953638514709,0.0731315531879192,5,0.0,0.0,0.0,5,1.0,0.0,1.0,5,0.0,0.0,0.0,5,0.0,0.0,0.0,5
extended_moore_r2,markov,alpha_async,order_ba,plastic,0,0,0.68,0.2,0.016,0.5,0.6,0.6,False,0.41159953824274015,0.007209637506761529,0.4116433130695841,5,0.7643912675943065,0.004122306533278553,0.7651950493116375,5,,,,0,0.02430093529456744,0.011720398314206616,0.018564069618505,5,0.02012090435710322,0.006984852754032106,0.0213418037479948,5,1.080592591312557,0.059693206446165596,1.072664963102555,5,0.0339653918959084,0.004164874262523318,0.0330226235120874,5,0.0,0.0,0.0,5,0.97622170781893,0.001050532878910895,0.9765544624485596,5,0.0,0.0,0.0,5,0.0,0.0,0.0,5
extended_moore_r2,markov,block_async,baseline,fixed,0,0,0.68,0.2,0.016,0.5,0.6,0.6,False,0.4540586883252494,0.0007916142726636925,0.4541840646013407,5,0.4383224237402187,0.0144011812313168,0.4334905232949128,5,,,,0,0.006744946345003766,0.01160258593144147,0.0064697709914712,5,-0.00021710044093299985,0.003866673336192074,0.0018072916199665,5,0.972898640866936,0.0019150643490327007,0.972507931886943,5,0.18158835749739743,0.12135142678282217,0.1386702769643416,5,0.0,0.0,0.0,5,1.0,0.0,1.0,5,0.0,0.0,0.0,5,0.0,0.0,0.0,5
extended_moore_r2,markov,block_async,baseline,plastic,0,0,0.68,0.2,0.016,0.5,0.6,0.6,False,0.3200350024783625,0.004477607402466596,0.3213316215957167,5,0.7158773540395748,0.011078482096428187,0.7191980444576617,5,,,,0,0.0018239144393641395,0.010715688252338379,0.007236737306203,5,0.006989316462148459,0.017763042921895497,0.0129488312108571,5,0.6195067973703203,0.01964567737926361,0.6141102824938685,5,0.0433726305228327,0.01781266334692871,0.0377238052648104,5,0.0,0.0,0.0,5,0.8529208461934157,0.0060737755911308,0.8545283564814815,5,0.0,0.0,0.0,5,0.0,0.0,0.0,5
extended_moore_r2,markov,block_async,imprint,fixed,0,0,0.68,0.2,0.016,0.5,0.6,0.6,False,0.4534338745428326,0.0006268459282782751,0.4534820206410809,5,0.44645265641569526,0.014154187681971983,0.4471888279791712,5,,,,0,0.01858032573095156,0.002041286281065008,0.018159639909663,5,0.00458002767154336,0.001311792328219511,0.0045727986161132,5,0.9745068588142247,0.0020004642318661434,0.97513798579606,5,0.3200169289453202,0.11153194644335267,0.3442577288413536,5,0.0,0.0,0.0,5,1.0,0.0,1.0,5,0.0,0.0,0.0,5,0.0,0.0,0.0,5
extended_moore_r2,markov,block_async,imprint,plastic,0,0,0.68,0.2,0.016,0.5,0.6,0.6,False,0.35489195243204763,0.010763341038410527,0.3530733514144767,5,0.7729764266405132,0.02557072379181063,0.773980458067055,5,,,,0,0.00762451884530662,0.007276204735251849,0.0080745243874773,5,-0.01288951559046168,0.011564018026066054,-0.0077079164539538,5,0.4016485741103312,0.0547984600608501,0.3960921621909744,5,0.04845479951783596,0.015541317065762887,0.0517300678418271,5,0.0,0.0,0.0,5,0.8987895447530864,0.01210950607763849,0.9008085776748972,5,0.0,0.0,0.0,5,0.0,0.0,0.0,5
extended_moore_r2,markov,block_async,lesion,fixed,0,0,0.68,0.2,0.016,0.5,0.6,0.6,False,0.45343421594371697,0.0006272056214407623,0.453478482784976,5,0.44646213068551377,0.014166109786212308,0.4473328654199257,5,0.018767480508122582,0.001958426579947468,0.0182095296732105,5,0.01853003717937432,0.0020505666795280677,0.0181251137414611,5,0.004537663970027439,0.0013361990750948172,0.0045209626667091,5,0.9745372358044412,0.0019674628568219885,0.9752422843329704,5,0.3200954345177305,0.11153345231225481,0.3446755630809937,5,0.0,0.0,0.0,5,1.0,0.0,1.0,5,0.0,0.0,0.0,5,0.0,0.0,0.0,5
extended_moore_r2,markov,block_async,lesion,plastic,0,0,0.68,0.2,0.016,0.5,0.6,0.6,False,0.35474296891144197,0.010454474217790659,0.3530860358319853,5,0.772364565103228,0.025075594087190546,0.7719575135824283,5,0.014499879814795641,0.005134500762807686,0.0180349490033912,5,0.00792697879293688,0.005907139657257094,0.0060555439789611,5,-0.013085146972323842,0.010141321810113391,-0.0087817983935818,5,0.40243931279976064,0.04911587148541666,0.3993615416320895,5,0.047780092793893704,0.01491272298709225,0.0492788862951196,5,0.0,0.0,0.0,5,0.8989904835390947,0.012014756811140196,0.9008648405349794,5,0.0,0.0,0.0,5,0.0,0.0,0.0,5
extended_moore_r2,markov,block_async,order_ab,fixed,0,0,0.68,0.2,0.016,0.5,0.6,0.6,False,0.4531327835702047,0.0004340719002777655,0.4532948268082247,5,0.45370417150089004,0.01015226761755231,0.4486333967157466,5,,,,0,-0.006090097481222361,0.013516043673167945,0.0017304073445741,5,-0.0028060973454963403,0.001468090344982044,-0.0034388662437169,5,0.9727416242684269,0.0030586453408996076,0.9738512396226368,5,0.30175965670845517,0.10114534243909072,0.3371254762253763,5,0.0,0.0,0.0,5,1.0,0.0,1.0,5,0.0,0.0,0.0,5,0.0,0.0,0.0,5
extended_moore_r2,markov,block_async,order_ab,plastic,0,0,0.68,0.2,0.016,0.5,0.6,0.6,False,0.39976032377188003,0.005195065180503948,0.3991754365662789,5,0.8739838079832932,0.014134745461462659,0.8730286364643207,5,,,,0,-0.008056007147878044,0.01003804015703197,-0.0089252669434225,5,-0.018691815910287058,0.01606236951711963,-0.0242652935382966,5,0.16595060583904783,0.029249969156620124,0.1554835526158703,5,0.0427812031149637,0.005848709448698887,0.04462606572869,5,0.0,0.0,0.0,5,0.9495916923868313,0.0043996935483109996,0.9511557998971192,5,0.0,0.0,0.0,5,0.0,0.0,0.0,5
extended_moore_r2,markov,block_async,order_ba,fixed,0,0,0.68,0.2,0.016,0.5,0.6,0.6,False,0.4528352434082068,0.0006087208429886896,0.4526808369727444,5,0.45976042078793294,0.015467274876186907,0.4628551487083253,5,,,,0,0.0182944948694759,0.0020535454633052595,0.0189599752879759,5,0.0032575453569330796,0.002639892986657284,0.0027188295265252,5,0.9714275729186808,0.0033134873179979916,0.9709461381222196,5,0.29319133422713206,0.117313554519446,0.3678129997392524,5,0.0,0.0,0.0,5,1.0,0.0,1.0,5,0.0,0.0,0.0,5,0.0,0.0,0.0,5
extended_moore_r2,markov,block_async,order_ba,plastic,0,0,0.68,0.2,0.016,0.5,0.6,0.6,False,0.3982793404815331,0.004557046511910941,0.3959891594533266,5,0.8642743387410103,0.011958493283789005,0.86048820650466,5,,,,0,-0.00851621700890136,0.012855222387689928,-0.0122806898976547,5,-0.030025601826775616,0.01682589991268267,-0.0283650176918008,5,0.20830385951291697,0.027391675177764054,0.2110356197670692,5,0.05349023050147961,0.014830449012236483,0.0517539758211572,5,0.0,0.0,0.0,5,0.9459989068930043,0.0015137571108705262,0.9454732510288066,5,0.0,0.0,0.0,5,0.0,0.0,0.0,5
extended_moore_r2,markov,synchronous,baseline,fixed,0,0,0.68,0.2,0.016,0.5,0.6,0.6,False,0.41557556624837144,0.0066611033776674215,0.416541203315913,5,0.8643225992618524,0.005399281930982497,0.866242062067961,5,,,,0,-0.01423257735881254,0.015746526269917686,-0.0061539908716092,5,0.0045057963677613,0.006342132111442666,0.0063912090650199,5,1.2259618503021446,0.03503791396351328,1.2175112088953306,5,0.013943801323784661,0.0015254265414379711,0.013931878556604,5,0.0,0.0,0.0,5,1.0,0.0,1.0,5,0.0,0.0,0.0,5,0.0,0.0,0.0,5
extended_moore_r2,markov,synchronous,baseline,plastic,0,0,0.68,0.2,0.016,0.5,0.6,0.6,False,0.41454885650503304,0.002200712854411717,0.4155198882367393,5,0.8647614707286781,0.00260822410439003,0.8655980018268956,5,,,,0,-0.0037688110197398998,0.030016659850546364,-0.0082269852282359,5,0.01416743617310778,0.02112469864452825,0.0160729517721714,5,1.19784794299891,0.04758433196671093,1.1925253461130858,5,0.013371852765727141,0.0012757055324637166,0.0133975507134211,5,0.0,0.0,0.0,5,1.0,0.0,1.0,5,0.0,0.0,0.0,5,0.0,0.0,0.0,5
extended_moore_r2,markov,synchronous,imprint,fixed,0,0,0.68,0.2,0.016,0.5,0.6,0.6,False,0.4146562626061847,0.0036030206191711373,0.413408399744749,5,0.8661016312462744,0.0039117670615278054,0.8681730552912624,5,,,,0,-0.007454129302897239,0.012486807307367944,-0.0040315604580007,5,-0.006069093301369059,0.01969743479418316,-0.0099274881210827,5,1.2192084794917393,0.04188217132862986,1.229197546203355,5,0.01352431793583444,0.0012902200947441788,0.0131765858210031,5,0.0,0.0,0.0,5,1.0,0.0,1.0,5,0.0,0.0,0.0,5,0.0,0.0,0.0,5
extended_moore_r2,markov,synchronous,imprint,plastic,0,0,0.68,0.2,0.016,0.5,0.6,0.6,False,0.02356726803976958,0.001166428667183644,0.0241108571607847,5,0.049564552443832524,0.0008901628140188182,0.0494344882426305,5,,,,0,0.14890812521843502,0.01437501700774393,0.1562751495041538,5,0.22436121901971456,0.01945095617580278,0.236593978371579,5,0.2941376525925412,0.016392641251972595,0.300507129569701,5,0.0416371093340463,0.000898821005133375,0.0412756293998381,5,0.0,0.0,0.0,5,0.9785992155349794,0.00010985307075148439,0.9785960005144032,5,0.0,0.0,0.0,5,0.0,0.0,0.0,5
extended_moore_r2,markov,synchronous,lesion,fixed,0,0,0.68,0.2,0.016,0.5,0.6,0.6,False,0.4163254896212797,0.007249890449619492,0.418619368552809,5,0.8650460395450269,0.004286846899648393,0.8644798895505478,5,0.00768493890268548,0.04781364334120509,0.0102411596490243,5,-0.00324054747565944,0.011011814086087384,-0.0097894378935613,5,0.00024407258274591995,0.009996313896176843,0.0010848869596243,5,1.2250757180089333,0.020721676742591483,1.2199316073960973,5,0.01360050980729812,0.0024685600136947297,0.0129888334063581,5,0.0,0.0,0.0,5,1.0,0.0,1.0,5,0.0,0.0,0.0,5,0.0,0.0,0.0,5
extended_moore_r2,markov,synchronous,lesion,plastic,0,0,0.68,0.2,0.016,0.5,0.6,0.6,False,0.0245649826903616,0.0009180280370582058,0.0249201196895321,5,0.04966894830467318,0.0009802394174359072,0.049663360661716,5,0.14763417504596124,0.03248716765225147,0.1393633489664151,5,0.1473344220889713,0.016750765284534154,0.1520139314244082,5,0.23383750818398913,0.014369432724225546,0.2330976600413822,5,0.30648477121716267,0.010244922695520861,0.3089310018160006,5,0.04186906992343364,0.0008351283388346636,0.0418735390824848,5,0.0,0.0,0.0,5,0.9786361882716049,8.275165686875826e-05,0.9785879629629628,5,0.0,0.0,0.0,5,0.0,0.0,0.0,5
extended_moore_r2,markov,synchronous,order_ab,fixed,0,0,0.68,0.2,0.016,0.5,0.6,0.6,False,0.4156052629949821,0.005070864117720729,0.4154423495074387,5,0.8635469249747553,0.0025305675718412975,0.862078035537091,5,,,,0,0.0078150886945394,0.007611287557788951,0.0062545134894468,5,0.0055008988167708816,0.02722033056445108,0.0033366931442402,5,1.2532126643467507,0.017705511964653937,1.252938956658033,5,0.01414630969572212,0.0012384885356707916,0.0136677282202481,5,0.0,0.0,0.0,5,1.0,0.0,1.0,5,0.0,0.0,0.0,5,0.0,0.0,0.0,5
extended_moore_r2,markov,synchronous,order_ab,plastic,0,0,0.68,0.2,0.016,0.5,0.6,0.6,False,0.4013095874223322,0.005231277518331993,0.4015883889699098,5,0.8330999875792304,0.008324579120140741,0.8379697593816532,5,,,,0,-0.06545459864882233,0.019517611739643385,-0.0694780549773487,5,-0.12030704008064455,0.06579225892932955,-0.0800108957238216,5,1.2332925602673002,0.022220311084209108,1.2399907936856656,5,0.0163382804619317,0.001555310201299747,0.016898842275996,5,0.0,0.0,0.0,5,0.9751816486625515,0.0007104349843422904,0.9755417309670782,5,0.0,0.0,0.0,5,0.0,0.0,0.0,5
extended_moore_r2,markov,synchronous,order_ba,fixed,0,0,0.68,0.2,0.016,0.5,0.6,0.6,False,0.4143201325903171,0.007346149741574373,0.4100656483903747,5,0.8641291578487905,0.0037139335964617177,0.8641604282806592,5,,,,0,-0.01058079836022208,0.020116067477875275,-0.0095064953201977,5,-0.0044451843000904425,0.015546004002122256,0.0022181591610856,5,1.2189251031203507,0.030239084223127117,1.2208004644159214,5,0.01323628650673738,0.0022905747685592268,0.0138320908125094,5,0.0,0.0,0.0,5,1.0,0.0,1.0,5,0.0,0.0,0.0,5,0.0,0.0,0.0,5
extended_moore_r2,markov,synchronous,order_ba,plastic,0,0,0.68,0.2,0.016,0.5,0.6,0.6,False,0.4017921532657881,0.007281970798114401,0.4010781768235482,5,0.8380962533723102,0.01184911338634091,0.8319994931511185,5,,,,0,-0.09648966244471197,0.04938736712490293,-0.1220881689033229,5,-0.16021915606726334,0.09645440550703616,-0.179555821817908,5,1.233332228707794,0.038590095970362205,1.2273578028829566,5,0.014357374139195642,0.0021629236616693133,0.0155158706972242,5,0.0,0.0,0.0,5,0.9763197659465019,0.0016013437052119252,0.9758632330246914,5,0.0,0.0,0.0,5,0.0,0.0,0.0,5
extended_moore_r2,ql,alpha_async,baseline,fixed,0,0,0.68,0.2,0.016,0.5,0.6,0.6,False,0.45147536856109277,0.00038994690348692,0.4512935927228388,5,0.49946398700087624,0.005673310446220093,0.5011547345249665,5,,,,0,-0.0015201388747583997,0.014731690184161095,-0.0036002886015308,5,0.0028349431009506596,0.001004292053289858,0.0033304911585576,5,0.9648009921747883,0.0027428333789127337,0.9635732239037172,5,0.1339472984583629,0.031608085839427084,0.1166293289084722,5,0.2801202800944964,0.0005869539694973978,0.2799158954291299,5,1.0,0.0,1.0,5,0.0,0.0,0.0,5,0.0,0.0,0.0,5
extended_moore_r2,ql,alpha_async,baseline,plastic,0,0,0.68,0.2,0.016,0.5,0.6,0.6,False,0.42958992474049057,0.03573152788287326,0.4070843682970173,5,0.8211644429653031,0.011563031891031736,0.8139144657014743,5,,,,0,-0.00311624323886608,0.01093160613676885,0.0006399811034506,5,-0.003142990136538,0.004745116825642162,-0.0046694086975437,5,0.46616856346035596,0.3197180258909978,0.2337414338192486,5,0.007748942518015301,0.011079705331987525,0.0030605230087032,5,0.12760624206847737,0.004227347329235141,0.1289088578885868,5,0.9973636831275721,0.004459595417047885,0.9996463477366256,5,0.0,0.0,0.0,5,0.0,0.0,0.0,5
extended_moore_r2,ql,alpha_async,imprint,fixed,0,0,0.68,0.2,0.016,0.5,0.6,0.6,False,0.450887775333679,0.00021029719375292844,0.4509766140801516,5,0.5073126126825809,0.005156318677917319,0.5037949830262259,5,,,,0,0.01743948937241582,0.0061850836825073354,0.0198152102826173,5,0.0027329864584085,0.0022253749584603627,0.0028064541025722,5,0.9655123081926412,0.0022873473619134453,0.9645010875997708,5,0.2312626361411466,0.08645029770167055,0.2804518770952302,5,0.2739179850766269,0.0014623043672469613,0.2747189978944941,5,1.0,0.0,1.0,5,0.0,0.0,0.0,5,0.0,0.0,0.0,5
extended_moore_r2,ql,alpha_async,imprint,plastic,0,0,0.68,0.2,0.016,0.5,0.6,0.6,False,0.4672949947475649,0.019454777797029008,0.4766882016020549,5,0.8379380492355775,0.004614157263120034,0.839848737610529,5,,,,0,-0.030300642238749266,0.014882925295283822,-0.0234973478112287,5,-0.02044135063439896,0.0020600435677170584,-0.0205025519544547,5,0.8261009494921618,0.011322914084123606,0.8278998100984529,5,0.009292234023803721,0.010060464298315013,0.0035206767515399,5,0.1273683451218229,0.004558072883499503,0.1255762520448728,5,0.9801713605967077,0.0012830787226937417,0.9802517361111112,5,0.0,0.0,0.0,5,0.0,0.0,0.0,5
extended_moore_r2,ql,alpha_async,lesion,fixed,0,0,0.68,0.2,0.016,0.5,0.6,0.6,False,0.4508889609252683,0.0002096587881268897,0.4509770894510622,5,0.507325135822732,0.005178169932669369,0.5037916440583027,5,0.0173905805666011,0.006089406684793337,0.0198394418958521,5,0.017493800207499542,0.006207715629016036,0.0200555447496327,5,0.0027213744864263397,0.0021317137585917813,0.0028066692366321,5,0.9654675488966065,0.0023053012823580237,0.9646257231342192,5,0.23095479436936098,0.08620738432127578,0.2800933795835496,5,0.27390395835453873,0.0014647913041647828,0.2747152455245413,5,1.0,0.0,1.0,5,0.0,0.0,0.0,5,0.0,0.0,0.0,5
extended_moore_r2,ql,alpha_async,lesion,plastic,0,0,0.68,0.2,0.016,0.5,0.6,0.6,False,0.4647519388468152,0.020432429267929448,0.4733610265281098,5,0.8369724017019186,0.004315856740742366,0.8373664621713143,5,0.011214173493623558,0.03767703329106195,0.0180773463915868,5,-0.03975044341694968,0.018986434516913175,-0.0315072887385868,5,-0.0261404773520018,0.0034789508346040874,-0.0259843650504759,5,0.8197368000710437,0.009847203244449732,0.8177017270155261,5,0.01035447791161698,0.01026036692830125,0.0039818264070682,5,0.127889860068929,0.004824278959629057,0.1258408915284648,5,0.9804816100823045,0.0012274791091702406,0.980758101851852,5,0.0,0.0,0.0,5,0.0,0.0,0.0,5
extended_moore_r2,ql,alpha_async,order_ab,fixed,0,0,0.68,0.2,0.016,0.5,0.6,0.6,False,0.4551089403825773,0.03354641549465945,0.4568088186232568,5,0.7388620930433323,0.09249890026884255,0.7724148218024581,5,,,,0,0.0060676951901400804,0.015068558437416339,0.0058803781435109,5,0.0019648567493728403,0.01250355114091284,0.0046363221486238,5,0.7459491191707375,0.29551130992275304,0.8812021775821656,5,0.07272315569008683,0.08374925538282837,0.052274220398267,5,0.18401879508002122,0.04268605669456101,0.1732596419117341,5,1.0,0.0,1.0,5,0.0,0.0,0.0,5,0.0,0.0,0.0,5
extended_moore_r2,ql,alpha_async,order_ab,plastic,0,0,0.68,0.2,0.016,0.5,0.6,0.6,False,0.45639018794490616,0.020757939086677515,0.4524474306951277,5,0.8373055960847147,0.004186944600759308,0.8385828436356861,5,,,,0,-0.01293727312374372,0.015296320806712152,-0.0190094629333967,5,-0.01500782356635284,0.020205717744767104,-0.0240644760639939,5,0.8012356489983243,0.06976937989782989,0.8129615767802338,5,0.010572803082572139,0.007278688931648679,0.0099968033402772,5,0.1479561116429077,0.004085192653664251,0.1506019642213431,5,0.9746109825102881,0.00045133553104903117,0.9747299382716048,5,0.0,0.0,0.0,5,0.0,0.0,0.0,5
extended_moore_r2,ql,alpha_async,order_ba,fixed,0,0,0.68,0.2,0.016,0.5,0.6,0.6,False,0.44665273127404587,0.025107313836604705,0.4343090650707467,5,0.6902523805435964,0.057317734262512396,0.6746857103499784,5,,,,0,0.023588139798556902,0.014984840271408154,0.0314243999355812,5,0.0031841310926472204,0.00811573399266587,0.0064530234885113,5,0.8299958814847903,0.08052508306205335,0.8265319037847124,5,0.0970941551212358,0.04122418510493129,0.1032596081621773,5,0.20829818979882112,0.02412415582225117,0.2169401312959232,5,1.0,0.0,1.0,5,0.0,0.0,0.0,5,0.0,0.0,0.0,5
extended_moore_r2,ql,alpha_async,order_ba,plastic,0,0,0.68,0.2,0.016,0.5,0.6,0.6,False,0.45841145173284764,0.021376552550034462,0.4581015827980154,5,0.8354924242627,0.005019867312006412,0.8379651706103779,5,,,,0,-0.013661156044577178,0.018802467196868226,-0.0215336594386118,5,-0.018774554129839298,0.012681438791591362,-0.0155298723743429,5,0.8016041330011083,0.0597184699673342,0.8196937614848127,5,0.00920133040845022,0.005970195366441369,0.0072707394547341,5,0.1490399838371741,0.003782384423333042,0.1469713418019952,5,0.9757908950617283,0.0006325200628712976,0.975975758744856,5,0.0,0.0,0.0,5,0.0,0.0,0.0,5
extended_moore_r2,ql,block_async,baseline,fixed,0,0,0.68,0.2,0.016,0.5,0.6,0.6,False,0.4511429417846616,0.00043393939650560704,0.4513536600386836,5,0.5024497772205162,0.009226205720122527,0.5023419187694657,5,,,,0,0.0041349766911212,0.012414324069215277,0.0067416732983164,5,0.00099120086373946,0.0017483327097225843,0.0008851872667419,5,0.9659986248004732,0.003914370668965555,0.9641244267507976,5,0.24501298278788802,0.13308301991176202,0.2606420260004541,5,0.2800463283959259,0.0005083737240328976,0.2799126811223259,5,1.0,0.0,1.0,5,0.0,0.0,0.0,5,0.0,0.0,0.0,5
extended_moore_r2,ql,block_async,baseline,plastic,0,0,0.68,0.2,0.016,0.5,0.6,0.6,False,0.3000326081252066,0.0035844303858826925,0.2983385864987469,5,0.6905071086877388,0.0031464554092549392,0.6902563282163606,5,,,,0,0.00469181236723786,0.013512192670962545,0.00158264096522,5,-0.0006426310072889001,0.004930426973570919,-0.0001854084477549,5,0.7174338254305574,0.017979114071328406,0.7219982372145201,5,0.04406758786531732,0.0077517931917413345,0.0392206554974956,5,0.24465970787338204,0.0019684844996588013,0.2446772729668593,5,0.8332497427983538,0.0044541764888724866,0.8305282278806584,5,0.0,0.0,0.0,5,0.0,0.0,0.0,5
extended_moore_r2,ql,block_async,imprint,fixed,0,0,0.68,0.2,0.016,0.5,0.6,0.6,False,0.4507314072566041,0.00038020271681292326,0.4507724067271798,5,0.5058849885420204,0.011651248394663085,0.5065064130439009,5,,,,0,0.01794288584844794,0.0019424998948640974,0.0171059612558297,5,0.0034274668285867007,0.000699147840379365,0.0034607217588281,5,0.9709488337481705,0.00441459862844395,0.9718680347910916,5,0.2994767388433,0.1519536917975486,0.3361978714658821,5,0.28010357092253646,0.0008529259828403093,0.2797381290189665,5,1.0,0.0,1.0,5,0.0,0.0,0.0,5,0.0,0.0,0.0,5
extended_moore_r2,ql,block_async,imprint,plastic,0,0,0.68,0.2,0.016,0.5,0.6,0.6,False,0.3210909692415507,0.004463872240500348,0.3205586001031084,5,0.7076194969966021,0.008278102109207687,0.7062240172150666,5,,,,0,0.02359636770483504,0.0066868843705206755,0.0230200008195159,5,-0.0005348938166993399,0.002467551807266433,0.0008779035199749,5,0.5807611296069486,0.01824685847530964,0.5745813967697402,5,0.04607621758956068,0.007555960104722807,0.0486296874090821,5,0.2347940409589008,0.0026484325543075517,0.2357046349587306,5,0.8616030092592591,0.006247151374298281,0.862670396090535,5,0.0,0.0,0.0,5,0.0,0.0,0.0,5
extended_moore_r2,ql,block_async,lesion,fixed,0,0,0.68,0.2,0.016,0.5,0.6,0.6,False,0.450731444706234,0.00038027011935678215,0.4507724289352153,5,0.5058831554251633,0.011658150455347389,0.5065063434478418,5,0.01796603267962712,0.0019356464012280686,0.0173811690010123,5,0.0179463429314274,0.0019293980151927608,0.0171083315164492,5,0.0034067058311386803,0.0006714050638208707,0.0034719721239484,5,0.9709180399107528,0.004397642437715465,0.971712486460161,5,0.29947246616636136,0.1519962864769353,0.3361472936083881,5,0.2801041882092318,0.0008542948262741259,0.2797373783778853,5,1.0,0.0,1.0,5,0.0,0.0,0.0,5,0.0,0.0,0.0,5
extended_moore_r2,ql,block_async,lesion,plastic,0,0,0.68,0.2,0.016,0.5,0.6,0.6,False,0.3212132416137373,0.004859963442133738,0.3206340304023197,5,0.7074292584858952,0.008959033631873128,0.7054842422718474,5,0.026905957776995622,0.008124894304211974,0.0255697800498343,5,0.02429458552851124,0.007083092266910969,0.0234375067102834,5,-0.0007382564422527402,0.003124024557282725,-0.0016361652414197,5,0.5808176527170035,0.021297661075278303,0.5778453286265546,5,0.04621142139142526,0.009641442742680377,0.0524880085493059,5,0.2347749765463551,0.0029969984834295324,0.2356109060506508,5,0.8616078317901235,0.006411042957798182,0.8626060956790124,5,0.0,0.0,0.0,5,0.0,0.0,0.0,5
extended_moore_r2,ql,block_async,order_ab,fixed,0,0,0.68,0.2,0.016,0.5,0.6,0.6,False,0.45101245263739875,0.0007221174781114542,0.4507409912334095,5,0.5017135838856841,0.012498894370907116,0.5029876013015235,5,,,,0,0.01011190757873546,0.010665570135827453,0.010691477558093,5,0.0033239553222999,0.0036116490331815276,0.0026897208724406,5,0.9672129716254234,0.004772043303389201,0.970016054071565,5,0.21904592709297707,0.09238605392712622,0.227215936336032,5,0.27957652554122436,0.0004726087527497756,0.2796364727092327,5,1.0,0.0,1.0,5,0.0,0.0,0.0,5,0.0,0.0,0.0,5
extended_moore_r2,ql,block_async,order_ab,plastic,0,0,0.68,0.2,0.016,0.5,0.6,0.6,False,0.372315799806361,0.006545869452150565,0.3684876926203148,5,0.8104549361088896,0.015952221216952885,0.8019213961672801,5,,,,0,0.00658722298969746,0.007961514709553925,0.0095778148194202,5,-0.01107740418055982,0.006679609540185623,-0.0103103050249176,5,0.27440260664553306,0.03864556755014924,0.2829090418213085,5,0.039613583612446004,0.006810464940829737,0.0384954286905826,5,0.19884544867087037,0.005522923443156416,0.2022387872354816,5,0.922974537037037,0.006016896191459603,0.9200263631687244,5,0.0,0.0,0.0,5,0.0,0.0,0.0,5
extended_moore_r2,ql,block_async,order_ba,fixed,0,0,0.68,0.2,0.016,0.5,0.6,0.6,False,0.45077750891749285,0.0004772762361235081,0.4507008356524965,5,0.507376456655183,0.008097059791810227,0.5062091821900101,5,,,,0,0.018540164167797718,0.0030107940397661077,0.0191204698812809,5,0.0022323069445129,0.0014934543533877658,0.0020581282189964,5,0.9696821163132331,0.004732937868125736,0.97074329900599,5,0.29586271519189905,0.18181954576527415,0.3692508658864007,5,0.2792200462943972,0.0009793103332784543,0.2791535435923636,5,1.0,0.0,1.0,5,0.0,0.0,0.0,5,0.0,0.0,0.0,5
extended_moore_r2,ql,block_async,order_ba,plastic,0,0,0.68,0.2,0.016,0.5,0.6,0.6,False,0.3704226273412483,0.003955704870555184,0.3703917048954916,5,0.805077146052158,0.011748474623500059,0.8048417274277169,5,,,,0,0.0043635047092062396,0.011300651276491264,0.0100942854701248,5,-0.009764932344505161,0.010511907262114723,-0.0103997175523519,5,0.2798389247075659,0.016183096836979338,0.2852044066387199,5,0.0465359597250879,0.01310785901551464,0.0424848013089908,5,0.20010537719111648,0.0039029357136086172,0.1994946194792555,5,0.9202546296296296,0.003419289067998248,0.919045781893004,5,0.0,0.0,0.0,5,0.0,0.0,0.0,5
extended_moore_r2,ql,synchronous,baseline,fixed,0,0,0.68,0.2,0.016,0.5,0.6,0.6,False,0.40764471233055194,0.00564096527946672,0.4094056194898308,5,0.8521460487019308,0.003405394543752957,0.8516781937958132,5,,,,0,0.01150406402500186,0.017707264592277314,0.0196719533825168,5,-0.0014470712974856796,0.013415548817284241,-0.0091725202833828,5,1.2366271928398285,0.012382900833776,1.2420436637265613,5,0.0122491849451332,0.0009346963444400697,0.0117354706614449,5,0.21257640206810122,0.005288145386954355,0.215030223911402,5,1.0,0.0,1.0,5,0.0,0.0,0.0,5,0.0,0.0,0.0,5
extended_moore_r2,ql,synchronous,baseline,plastic,0,0,0.68,0.2,0.016,0.5,0.6,0.6,False,0.4110966765700842,0.005504021938233869,0.4103378028471208,5,0.8534398697931904,0.0023260740639865843,0.8519321939582571,5,,,,0,0.014775545626096759,0.03278663043954913,0.0188939814224681,5,0.0020239518969671203,0.013316219550825178,-0.0032681098215978,5,1.2160497657919107,0.019976548123096394,1.2156424302349254,5,0.01170006331031902,0.0007711798070831821,0.0117547838898846,5,0.21253253709129044,0.006428381613769465,0.2110440990141246,5,1.0,0.0,1.0,5,0.0,0.0,0.0,5,0.0,0.0,0.0,5
extended_moore_r2,ql,synchronous,imprint,fixed,0,0,0.68,0.2,0.016,0.5,0.6,0.6,False,0.4146892726210498,0.0037605403984428704,0.4171279213521606,5,0.8533982839968047,0.004010731982838583,0.8534876954602042,5,,,,0,-0.00132434603917382,0.00664744619758515,-0.0033200981173854,5,-0.0005061013686994402,0.011871547359912029,-0.0021151991979061,5,1.2413574097335176,0.02791999195364482,1.2346527460498218,5,0.011978036701475679,0.00173549309229191,0.0122784541966802,5,0.2148530381857232,0.002581022548891781,0.2133820451944884,5,1.0,0.0,1.0,5,0.0,0.0,0.0,5,0.0,0.0,0.0,5
extended_moore_r2,ql,synchronous,imprint,plastic,0,0,0.68,0.2,0.016,0.5,0.6,0.6,False,0.4095868143395805,0.0073277112798642895,0.4103840946680072,5,0.8528668450765722,0.004997988613674739,0.8543534972162607,5,,,,0,-0.04934304006944536,0.02542206571786508,-0.0588251810346374,5,-0.00926765796323398,0.01466063378114256,-0.0076542797374055,5,1.1781151693043883,0.01562206226754032,1.179423701525966,5,0.01124670154592996,0.0013953315074395098,0.0111160526564588,5,0.21814129889114967,0.004960089674840407,0.2192173231315598,5,0.9846016589506175,0.00012915222259354646,0.9846000514403292,5,0.0,0.0,0.0,5,0.0,0.0,0.0,5
extended_moore_r2,ql,synchronous,lesion,fixed,0,0,0.68,0.2,0.016,0.5,0.6,0.6,False,0.40803109447220365,0.008504089314507229,0.4099970188319569,5,0.8506947996676235,0.003446317003277969,0.8499152729262232,5,0.06743934528489326,0.03082514784172956,0.0574585056385014,5,0.01392971611514392,0.015217418403902403,0.0134900440712534,5,-0.00297285137783974,0.010711590421297304,-0.0050819652101611,5,1.2497984312822399,0.026711716738212776,1.250812261725968,5,0.01420304532817922,0.002451082698854921,0.0147885382302365,5,0.2123366442856991,0.004711548988340427,0.2112470479880439,5,1.0,0.0,1.0,5,0.0,0.0,0.0,5,0.0,0.0,0.0,5
extended_moore_r2,ql,synchronous,lesion,plastic,0,0,0.68,0.2,0.016,0.5,0.6,0.6,False,0.40978258620665214,0.006301570357542487,0.4108386143934197,5,0.8545197453389302,0.0022403689917356202,0.855718155751827,5,-0.047857285426171944,0.058738097073768425,-0.0517482625226029,5,-0.03935313669369236,0.024546162922026594,-0.0470455765227352,5,0.0026525707263122,0.014445654975757918,0.0021410949567376,5,1.1743138869099687,0.03334750804874209,1.1671058904072078,5,0.01130246636890362,0.0009568581134647005,0.0115880394007666,5,0.21401944182585403,0.0031910077878949013,0.214770004516369,5,0.9845775462962963,0.00012495743176698992,0.9845277134773662,5,0.0,0.0,0.0,5,0.0,0.0,0.0,5
extended_moore_r2,ql,synchronous,order_ab,fixed,0,0,0.68,0.2,0.016,0.5,0.6,0.6,False,0.4100214566620203,0.00286601023468321,0.4112655881099982,5,0.8514764753489461,0.0034203091438335027,0.8504743633718045,5,,,,0,0.00129852072889122,0.025887696325870617,0.0014628049801105,5,0.01117607910159716,0.01756388035367064,0.0098383703886648,5,1.2538132308186491,0.016808227786392016,1.252636680484836,5,0.01329036902757132,0.0013740043599323381,0.0125021824808872,5,0.21509349778056125,0.006613312970208665,0.2132000994233748,5,1.0,0.0,1.0,5,0.0,0.0,0.0,5,0.0,0.0,0.0,5
extended_moore_r2,ql,synchronous,order_ab,plastic,0,0,0.68,0.2,0.016,0.5,0.6,0.6,False,0.40226563266971027,0.006859859726798418,0.4049313198605749,5,0.84187121270264,0.005769900922602998,0.8417338014603521,5,,,,0,-0.06888969761984386,0.011635858481702847,-0.0727005850079068,5,-0.1350500603514407,0.06431689733791278,-0.1470324687998304,5,1.2298475945592224,0.02718660709941591,1.225132127715725,5,0.013495886510588778,0.003107345416086094,0.0123761462115761,5,0.22515189441563024,0.008664099656330814,0.2247701306392707,5,0.9782310956790123,0.0003453155107423852,0.978178047839506,5,0.0,0.0,0.0,5,0.0,0.0,0.0,5
extended_moore_r2,ql,synchronous,order_ba,fixed,0,0,0.68,0.2,0.016,0.5,0.6,0.6,False,0.40828253918013424,0.008919465458830884,0.4036223317752471,5,0.8493020644752723,0.004519302396995206,0.8492836968556421,5,,,,0,0.0013542425914418402,0.014678650331915564,0.000291682519132,5,-0.00410959642957744,0.02713918428732809,0.0001798167902401,5,1.264517974379363,0.016139646048400392,1.2616753281472382,5,0.01248601663033022,0.0013308866461712655,0.0122913121950407,5,0.2148680694192083,0.004898428239692002,0.2160264354111442,5,1.0,0.0,1.0,5,0.0,0.0,0.0,5,0.0,0.0,0.0,5
extended_moore_r2,ql,synchronous,order_ba,plastic,0,0,0.68,0.2,0.016,0.5,0.6,0.6,False,0.40518795407561636,0.0035570015479968083,0.4045995719401521,5,0.8457788591343963,0.0012627516473512508,0.8463097049256205,5,,,,0,-0.06806101417082853,0.024187169539433943,-0.0733004794468114,5,-0.1235311093676474,0.044397305589893535,-0.1362312098487145,5,1.2267662011317515,0.01074320979695293,1.2273881172107566,5,0.012508349449828999,0.0007360784557905514,0.0126189147644465,5,0.22034566143480822,0.0051748286416675535,0.2205454970316147,5,0.9778517232510289,0.0010044945789878818,0.977221579218107,5,0.0,0.0,0.0,5,0.0,0.0,0.0,5
hex_cells,markov,alpha_async,baseline,fixed,0,0,0.68,0.2,0.016,0.5,0.6,0.6,False,0.46926964461556653,0.0014637616817416738,0.4693209259985708,5,0.4924239507077582,0.004620771178108074,0.4909462076528653,5,,,,0,0.0008808417993200597,0.006423465881824796,0.0024829954841534,5,0.0002310922358396402,0.00560583715875907,-0.0009503104329344,5,1.3436476017194794,0.008050396563233862,1.344267984228794,5,0.02126166281162532,0.002978783022602195,0.0198649257813708,5,0.0,0.0,0.0,5,1.0,0.0,1.0,5,0.0,0.0,0.0,5,0.0,0.0,0.0,5
hex_cells,markov,alpha_async,baseline,plastic,0,0,0.68,0.2,0.016,0.5,0.6,0.6,False,0.4496407294817509,0.0016027589681492983,0.4492343118384966,5,0.5486937042441388,0.0052119207709104415,0.5507313663581181,5,,,,0,-0.00016896505505198007,0.0054064159932819475,-0.0008787617551674,5,0.0011402647403850597,0.009290789150190567,0.0040223775896595,5,1.3702373284104734,0.006573108509122291,1.3698804455816076,5,0.012797847239988799,0.003077243912159754,0.0128865385566552,5,0.0,0.0,0.0,5,1.0,0.0,1.0,5,0.0,0.0,0.0,5,0.0,0.0,0.0,5
hex_cells,markov,alpha_async,imprint,fixed,0,0,0.68,0.2,0.016,0.5,0.6,0.6,False,0.4688339853417232,0.00062659943468259,0.468586413354766,5,0.4960870022040981,0.002953863434143423,0.4961742968709881,5,,,,0,0.0034467729103526005,0.0042178541450193854,0.0050976381840852,5,0.00300258129002746,0.0017847103833101622,0.0024514332749797,5,1.3472147630698261,0.007719897422057473,1.343716380641189,5,0.023038440088329358,0.004447949083655295,0.0238844794292032,5,0.0,0.0,0.0,5,1.0,0.0,1.0,5,0.0,0.0,0.0,5,0.0,0.0,0.0,5
hex_cells,markov,alpha_async,imprint,plastic,0,0,0.68,0.2,0.016,0.5,0.6,0.6,False,0.44003197971007746,0.0009463989761336125,0.440033686415392,5,0.574924537774973,0.003724018211960667,0.5750087626164309,5,,,,0,0.007728617786153599,0.0028151761223107466,0.0083815686653655,5,0.00565021003209418,0.0029181789615028214,0.0069126982249092,5,1.3477623118222286,0.01134292903164996,1.3505050123282694,5,0.01067114340139722,0.002089011824459469,0.0102707545077825,5,0.0,0.0,0.0,5,1.0,0.0,1.0,5,0.0,0.0,0.0,5,0.0,0.0,0.0,5
hex_cells,markov,alpha_async,lesion,fixed,0,0,0.68,0.2,0.016,0.5,0.6,0.6,False,0.46860946813568977,0.0011061846487946038,0.4681510498409523,5,0.4960518911873552,0.001999079745978161,0.4968563168250875,5,0.0035455009691881603,0.0038798805802893873,0.0017479211438609,5,0.00292677906792936,0.005102101149115362,0.0047011055917957,5,0.0019952446647192937,0.0026697807214808487,0.0014209364991188,5,1.3520714714394768,0.0028499676672607793,1.352216874786339,5,0.023045179615854137,0.004755975570167453,0.0215970446771426,5,0.0,0.0,0.0,5,1.0,0.0,1.0,5,0.0,0.0,0.0,5,0.0,0.0,0.0,5
hex_cells,markov,alpha_async,lesion,plastic,0,0,0.68,0.2,0.016,0.5,0.6,0.6,False,0.4398343339254002,0.0014861598748834714,0.4395179777080928,5,0.5753116503627169,0.006020259561915981,0.5729581007170497,5,0.00324084491276942,0.007827193084893143,0.0021002700997564,5,0.00963917113993692,0.0021391638496145522,0.010022676505125,5,0.00700240924110628,0.004934004671808918,0.0097868255151372,5,1.34992806261614,0.010818988609414429,1.3466072223531458,5,0.0092390292584047,0.001186932187513256,0.0097261531224266,5,0.0,0.0,0.0,5,1.0,0.0,1.0,5,0.0,0.0,0.0,5,0.0,0.0,0.0,5
hex_cells,markov,alpha_async,order_ab,fixed,0,0,0.68,0.2,0.016,0.5,0.6,0.6,False,0.37530653962499605,0.004527817872274429,0.3731144519492267,5,0.43032216494747233,0.005779443368281645,0.4314952415916918,5,,,,0,0.07718409786068725,0.0045047412924023285,0.0791955664756823,5,0.06477789323754768,0.00560844239742302,0.0659730408659159,5,1.5662614871731901,0.011913144701457662,1.567948029310396,5,0.04669846660648388,0.0063024576215770164,0.0439560165058221,5,0.0,0.0,0.0,5,1.0,0.0,1.0,5,0.0,0.0,0.0,5,0.0,0.0,0.0,5
hex_cells,markov,alpha_async,order_ab,plastic,0,0,0.68,0.2,0.016,0.5,0.6,0.6,False,0.33455264942171925,0.012231331741925347,0.3395339811299598,5,0.44768669973816994,0.01514833036999779,0.4560665897352963,5,,,,0,0.08924671270257344,0.012915088206520778,0.0835345958416898,5,0.08078145648750812,0.01086281374938784,0.0763295984234629,5,1.531656637548685,0.007477030380348895,1.5298443303349365,5,0.04688999161372086,0.005152506858065216,0.0462887253136234,5,0.0,0.0,0.0,5,0.9999935699588477,1.4378009114531878e-05,1.0,5,0.0,0.0,0.0,5,0.0,0.0,0.0,5
hex_cells,markov,alpha_async,order_ba,fixed,0,0,0.68,0.2,0.016,0.5,0.6,0.6,False,0.3549603941612522,0.004230713203617893,0.3571307246837562,5,0.4100482742655308,0.005902647474566861,0.4080924508991799,5,,,,0,0.0857706833253216,0.009971703176733883,0.0849963336893843,5,0.07882037479362916,0.0042306333682741,0.0788628255411566,5,1.6028497461471745,0.007826776742495387,1.6056395562053445,5,0.05549193530210585,0.0034381193502834796,0.0570850889813665,5,0.0,0.0,0.0,5,1.0,0.0,1.0,5,0.0,0.0,0.0,5,0.0,0.0,0.0,5
hex_cells,markov,alpha_async,order_ba,plastic,0,0,0.68,0.2,0.016,0.5,0.6,0.6,False,0.3152460369280812,0.005154899725479029,0.3159758576321884,5,0.42532568435264667,0.007427462945025882,0.4250241939547117,5,,,,0,0.104575170490815,0.004572635218848295,0.1060880754962656,5,0.09391304979488639,0.004318795167949746,0.0959935154093155,5,1.5468168985153155,0.005292597154122909,1.5463716179368814,5,0.05997219791779083,0.004586305271820707,0.0622701270197235,5,0.0,0.0,0.0,5,0.9999935699588477,1.4378009114539635e-05,1.0,5,0.0,0.0,0.0,5,0.0,0.0,0.0,5
hex_cells,markov,block_async,baseline,fixed,0,0,0.68,0.2,0.016,0.5,0.6,0.6,False,0.4660119770935789,0.0006296686751238697,0.465858548684042,5,0.4903113961040164,0.003144814540411592,0.4891992898885126,5,,,,0,-0.0005252560778735434,0.0037404626115572197,-0.0005714424413235,5,-0.0008125210178401997,0.007390266823280441,-0.0033324497423286,5,1.32766461172093,0.00857155700638377,1.3254941342364006,5,0.02434898884804742,0.0052175595525373285,0.0247507934447717,5,0.0,0.0,0.0,5,1.0,0.0,1.0,5,0.0,0.0,0.0,5,0.0,0.0,0.0,5
hex_cells,markov,block_async,baseline,plastic,0,0,0.68,0.2,0.016,0.5,0.6,0.6,False,0.44612107546820656,0.0022680185242572983,0.4450225267436881,5,0.5384530651546922,0.004914374885964129,0.5393975721316548,5,,,,0,-0.0009567246227244798,0.005320146431711913,-0.0022526429505772,5,-0.00045704112781182004,0.004797084588145561,0.0009278162577014,5,1.3752184502817257,0.004340964514419657,1.3747245557559045,5,0.01101432970208536,0.0016161712111550299,0.010483206681668,5,0.0,0.0,0.0,5,1.0,0.0,1.0,5,0.0,0.0,0.0,5,0.0,0.0,0.0,5
hex_cells,markov,block_async,imprint,fixed,0,0,0.68,0.2,0.016,0.5,0.6,0.6,False,0.46851090384835736,0.0011729964858624427,0.4685128243845503,5,0.49147455902339166,0.0009411532843258814,0.4915851758726393,5,,,,0,-0.00294251705174092,0.003212887613672064,-0.0037125190328479,5,-0.00140249227551198,0.00105021978881563,-0.0017113128323889,5,1.3481239549854536,0.0102039251842877,1.3429375330899462,5,0.06060389656692625,0.03270218129029031,0.0454519388990315,5,0.0,0.0,0.0,5,1.0,0.0,1.0,5,0.0,0.0,0.0,5,0.0,0.0,0.0,5
hex_cells,markov,block_async,imprint,plastic,0,0,0.68,0.2,0.016,0.5,0.6,0.6,False,0.4483370737564285,0.001148295684514695,0.4484544038408599,5,0.5361278808546347,0.0046953634711630705,0.5340739810028966,5,,,,0,-0.004501426645753601,0.004513599294049099,-0.0066193960242277,5,-0.00545555926722264,0.002442107623399535,-0.0063892403280095,5,1.3958551293780057,0.015069046485760643,1.3964846625566822,5,0.012486831647208041,0.004757168054975165,0.0109994472817335,5,0.0,0.0,0.0,5,1.0,0.0,1.0,5,0.0,0.0,0.0,5,0.0,0.0,0.0,5
hex_cells,markov,block_async,lesion,fixed,0,0,0.68,0.2,0.016,0.5,0.6,0.6,False,0.4691289735118739,0.001146410380110927,0.4685738078964803,5,0.4912434553142916,0.0014359788102044915,0.4913490016881676,5,-0.00093816855930832,0.0019545408569457004,-0.0005903118400702,5,-0.0003760521708725999,0.002733170303779238,-0.0003103131289095,5,-0.00132404119347028,0.0015518964307520812,-0.00127898761091,5,1.344452039520298,0.00847261523490776,1.3402404448894203,5,0.06110429096280865,0.033710958963917036,0.043304242061283,5,0.0,0.0,0.0,5,1.0,0.0,1.0,5,0.0,0.0,0.0,5,0.0,0.0,0.0,5
hex_cells,markov,block_async,lesion,plastic,0,0,0.68,0.2,0.016,0.5,0.6,0.6,False,0.447702313354465,0.002119961371334334,0.4477905434519996,5,0.5373657023189946,0.005084191667168006,0.5366034204428592,5,-0.0089312539004211,0.003669085205693051,-0.0097903417782178,5,-0.0035555280202034605,0.005569027187792549,-0.0040022811575561,5,-0.005022603880564,0.005324006772671817,-0.0064294624521687,5,1.3839090066093398,0.005641552959553848,1.3810403460868894,5,0.01144184057154376,0.004724524960290717,0.009944098990597,5,0.0,0.0,0.0,5,1.0,0.0,1.0,5,0.0,0.0,0.0,5,0.0,0.0,0.0,5
hex_cells,markov,block_async,order_ab,fixed,0,0,0.68,0.2,0.016,0.5,0.6,0.6,False,0.46833048984807635,0.0013485821560356719,0.4677411655299607,5,0.490447896417381,0.003200487508768048,0.4892977866807155,5,,,,0,0.0002938479018771877,0.005088915955309878,-4.344788802486208e-05,5,-0.001150544230211532,0.004386490051422291,-0.0005155045435873,5,1.3404910323700272,0.009853622377051797,1.3409586692475155,5,0.040776796713698,0.020797336843010904,0.0327334035904025,5,0.0,0.0,0.0,5,1.0,0.0,1.0,5,0.0,0.0,0.0,5,0.0,0.0,0.0,5
hex_cells,markov,block_async,order_ab,plastic,0,0,0.68,0.2,0.016,0.5,0.6,0.6,False,0.4379916916170773,0.002849261835112601,0.4390473661655737,5,0.5569835968586709,0.006981518208246286,0.5548638462544571,5,,,,0,-0.0008505035371829197,0.0040727285299623755,-0.0022652924794316,5,0.00260694030139308,0.00691494888554607,0.0037521975817423,5,1.3751897417056376,0.0097834013844117,1.3772564016558255,5,0.0159805553073145,0.0033869006448793678,0.0170953561874819,5,0.0,0.0,0.0,5,0.9999935699588477,1.4378009114531878e-05,1.0,5,0.0,0.0,0.0,5,0.0,0.0,0.0,5
hex_cells,markov,block_async,order_ba,fixed,0,0,0.68,0.2,0.016,0.5,0.6,0.6,False,0.4675269818907749,0.0008742248030854446,0.4673744584407436,5,0.4951349007693908,0.003273504508042826,0.4962560144866974,5,,,,0,-0.00035321795702612037,0.0028008201157396864,9.61819501015978e-05,5,-0.0014024731934493,0.0038915593090616003,-0.0025605998751338,5,1.3370402435386786,0.004790790119610633,1.3343858773889847,5,0.0355446988599343,0.006776758425685916,0.0354449132382567,5,0.0,0.0,0.0,5,1.0,0.0,1.0,5,0.0,0.0,0.0,5,0.0,0.0,0.0,5
hex_cells,markov,block_async,order_ba,plastic,0,0,0.68,0.2,0.016,0.5,0.6,0.6,False,0.43834673931610035,0.0013501966893417,0.4392341151951541,5,0.5573276483614871,0.004973582073781745,0.5588720938413869,5,,,,0,0.0010627282733625151,0.0017489332625824088,0.0003549813628808,5,0.0029393853274815003,0.0035569498130840925,0.003564519426567,5,1.3714065650794447,0.01000099267210769,1.3683431579481362,5,0.015065391315592518,0.0033256328445118713,0.0152469633307001,5,0.0,0.0,0.0,5,1.0,0.0,1.0,5,0.0,0.0,0.0,5,0.0,0.0,0.0,5
hex_cells,markov,synchronous,baseline,fixed,0,0,0.68,0.2,0.016,0.5,0.6,0.6,False,0.4744922214083994,0.0008878251718349375,0.4745374846729378,5,0.5277955944678593,0.0016489130168144451,0.5268178443739431,5,,,,0,0.004326087936893,0.003554601722735519,0.0031337782617011,5,0.0011926087243840598,0.006223715861056213,-0.0002492500385287,5,1.3848482488935596,0.006003165502920923,1.3842971924806895,5,0.051476463790156954,0.013299585679913897,0.0515158432338384,5,0.0,0.0,0.0,5,1.0,0.0,1.0,5,0.0,0.0,0.0,5,0.0,0.0,0.0,5
hex_cells,markov,synchronous,baseline,plastic,0,0,0.68,0.2,0.016,0.5,0.6,0.6,False,0.44546836456806693,0.002767476261744102,0.4464883170153543,5,0.6608680263437345,0.006472949802468914,0.6620613094022147,5,,,,0,-0.0025508448331386597,0.007388564769584036,-0.0026214534485189,5,0.0009358684292552797,0.011193328739894273,-0.0016183988846239,5,1.335492881019623,0.016045283736391205,1.3388089084784822,5,0.021601305779835277,0.004702682654495109,0.0226224387284998,5,0.0,0.0,0.0,5,1.0,0.0,1.0,5,0.0,0.0,0.0,5,0.0,0.0,0.0,5
hex_cells,markov,synchronous,imprint,fixed,0,0,0.68,0.2,0.016,0.5,0.6,0.6,False,0.4726899060447347,0.0010802383730232818,0.4727755730726158,5,0.5375405480135934,0.004426742827897211,0.5378921891579139,5,,,,0,0.0002790369156712598,0.005771630769892388,-0.0018244418408112,5,-0.00014009477887144006,0.002257177186006748,-0.0005012603311387,5,1.3746636467685882,0.002115477775638106,1.3742840576598951,5,0.05828198224555462,0.020534800045063663,0.0523613121209127,5,0.0,0.0,0.0,5,1.0,0.0,1.0,5,0.0,0.0,0.0,5,0.0,0.0,0.0,5
hex_cells,markov,synchronous,imprint,plastic,0,0,0.68,0.2,0.016,0.5,0.6,0.6,False,0.443122305389831,0.0008974740203327986,0.4429273620200255,5,0.6753264304844718,0.0021519845310304596,0.6753512246066558,5,,,,0,-0.0038322669860365805,0.010440311537957707,-0.0059323075937876,5,0.0011070222750936402,0.009509220270037557,0.003261260724245,5,1.3208036172790865,0.008499419596605733,1.318858779151138,5,0.01765482279126802,0.002742598162012206,0.0171058840585247,5,0.0,0.0,0.0,5,1.0,0.0,1.0,5,0.0,0.0,0.0,5,0.0,0.0,0.0,5
hex_cells,markov,synchronous,lesion,fixed,0,0,0.68,0.2,0.016,0.5,0.6,0.6,False,0.47045885020670175,0.0023934303417676842,0.469628830857894,5,0.5431307297907149,0.005646818277076337,0.5432827522296522,5,0.0036138707527363797,0.003735656322835928,0.0045173987271103,5,-0.00117123859902314,0.003894299315626602,-0.0003833191936182,5,-0.0015649809483124666,0.0035198343573418565,-0.0012297235032261,5,1.364398968103386,0.0038537491978413436,1.365997018534114,5,0.0531564615289906,0.02099832477658411,0.0495254736389284,5,0.0,0.0,0.0,5,1.0,0.0,1.0,5,0.0,0.0,0.0,5,0.0,0.0,0.0,5
hex_cells,markov,synchronous,lesion,plastic,0,0,0.68,0.2,0.016,0.5,0.6,0.6,False,0.44291914546682387,0.0035671147996134875,0.4435005853789754,5,0.6731122330585958,0.0069014497239702,0.6707424532196047,5,-0.006964230905113179,0.010674189836014073,-0.0018687905762677,5,-0.00045807050020432,0.004697623496990043,0.0024160435669602,5,-0.005173762123654799,0.0055900153509382995,-0.0065760031177356,5,1.326819732955237,0.005501008241951791,1.325423337437114,5,0.02295301582976788,0.002469902977449897,0.0233367999823104,5,0.0,0.0,0.0,5,1.0,0.0,1.0,5,0.0,0.0,0.0,5,0.0,0.0,0.0,5
hex_cells,markov,synchronous,order_ab,fixed,0,0,0.68,0.2,0.016,0.5,0.6,0.6,False,0.44914423657551794,0.003846943679468678,0.4491892178433093,5,0.6515975799732188,0.0037963926448336795,0.6504084970123417,5,,,,0,0.019359350628193724,0.008278068194089942,0.0146387649759653,5,0.01615907677224408,0.00850478379156058,0.0141593398012188,5,1.3359284757292509,0.00516056670425524,1.3361817517645485,5,0.0223339196858885,0.005165517122958399,0.0218168536050134,5,0.0,0.0,0.0,5,1.0,0.0,1.0,5,0.0,0.0,0.0,5,0.0,0.0,0.0,5
hex_cells,markov,synchronous,order_ab,plastic,0,0,0.68,0.2,0.016,0.5,0.6,0.6,False,0.43145694986031763,0.002186905327033639,0.4324357797975115,5,0.7201411657499979,0.006042620901487303,0.720233061707164,5,,,,0,0.007033007282171701,0.008128124751485203,0.0069373734668211,5,0.0009986978670040003,0.007366357629860647,0.0013812551617081,5,1.2948883041257562,0.0077069870913021995,1.296669467078696,5,0.012492914470120199,0.0009576231757097596,0.0126604114718544,5,0.0,0.0,0.0,5,1.0,0.0,1.0,5,0.0,0.0,0.0,5,0.0,0.0,0.0,5
hex_cells,markov,synchronous,order_ba,fixed,0,0,0.68,0.2,0.016,0.5,0.6,0.6,False,0.4449336598941576,0.003783629027881553,0.4461549114034301,5,0.650240083410188,0.0036614226827722204,0.6485416773423711,5,,,,0,0.02054537468586598,0.00877073921324873,0.0205712862874955,5,0.0154331706534718,0.00901631719853088,0.0187627633000372,5,1.3532301006561303,0.017717281223044654,1.3512002898568167,5,0.02250630535999106,0.006024014435747405,0.0205008766482228,5,0.0,0.0,0.0,5,1.0,0.0,1.0,5,0.0,0.0,0.0,5,0.0,0.0,0.0,5
hex_cells,markov,synchronous,order_ba,plastic,0,0,0.68,0.2,0.016,0.5,0.6,0.6,False,0.4277633969222342,0.001407619856534521,0.4277033785311472,5,0.7100030216902538,0.0013510711824676245,0.7095821333238195,5,,,,0,0.011442439902174539,0.00811911961678327,0.0126879503202859,5,0.00768027850711526,0.007258571435973377,0.0050287926322796,5,1.315009343785914,0.007341605095835912,1.3129200597448307,5,0.013093538325741519,0.001549237835193501,0.0130596215428104,5,0.0,0.0,0.0,5,1.0,0.0,1.0,5,0.0,0.0,0.0,5,0.0,0.0,0.0,5
hex_cells,ql,alpha_async,baseline,fixed,0,0,0.68,0.2,0.016,0.5,0.6,0.6,False,0.46358703609853213,0.0009187566866033524,0.4634864614635791,5,0.556174832849002,0.0011726257699914467,0.5560848298252695,5,,,,0,-0.0033754537927401006,0.006211017715357533,-0.0006952302494677,5,0.00104804141233426,0.006822175697543549,-0.0013828434453227,5,1.2813387445914057,0.007401897555787078,1.279438289544805,5,0.015824632822340402,0.0011123860907280552,0.0156980062470813,5,0.2910391743490735,0.000658895371505203,0.2910174536811701,5,1.0,0.0,1.0,5,0.0,0.0,0.0,5,0.0,0.0,0.0,5
hex_cells,ql,alpha_async,baseline,plastic,0,0,0.68,0.2,0.016,0.5,0.6,0.6,False,0.4475132856363809,0.001096693516643287,0.4474075384850689,5,0.5887758544711212,0.004224028824121859,0.5890557724848009,5,,,,0,-0.00334502635912294,0.00929186705213986,-0.0015964797262807,5,0.00032358363529958015,0.007820620267048104,-0.0043862724746764,5,1.3316534880840925,0.005206640823778011,1.3338285774989238,5,0.0105378096144228,0.0021254923330771224,0.0118652976984409,5,0.27154113398850016,0.002331363649602226,0.2714046038595711,5,1.0,0.0,1.0,5,0.0,0.0,0.0,5,0.0,0.0,0.0,5
hex_cells,ql,alpha_async,imprint,fixed,0,0,0.68,0.2,0.016,0.5,0.6,0.6,False,0.4633348053026361,0.0012676536701714855,0.4632020358039526,5,0.5550972704695382,0.0032839682060206545,0.5552069358701474,5,,,,0,0.00518199460052678,0.003047658001227863,0.0072258481044952,5,0.0032549221367749043,0.004632036981642235,0.0017380335916859,5,1.2706528461177504,0.004890209827084788,1.2695356471733616,5,0.02145756349052376,0.005916867407979805,0.0206181780871977,5,0.2898584386507934,0.0010088006652802387,0.2898886476122003,5,1.0,0.0,1.0,5,0.0,0.0,0.0,5,0.0,0.0,0.0,5
hex_cells,ql,alpha_async,imprint,plastic,0,0,0.68,0.2,0.016,0.5,0.6,0.6,False,0.4411302659082866,0.0005422767276853518,0.4411740812785051,5,0.6020606051395051,0.0020991485273116847,0.6020329971112582,5,,,,0,0.0008396193459043819,0.007007181514285404,-8.858848694269072e-05,5,-6.644296559224009e-05,0.003090448970151824,0.0012166415106151,5,1.3033821783025066,0.006981132605602375,1.301698981082481,5,0.00776692406374144,0.0009136203010009082,0.0075178942580082,5,0.2707172670387109,0.0008337440659157121,0.2709855414025278,5,1.0,0.0,1.0,5,0.0,0.0,0.0,5,0.0,0.0,0.0,5
hex_cells,ql,alpha_async,lesion,fixed,0,0,0.68,0.2,0.016,0.5,0.6,0.6,False,0.46318778635169744,0.0003169125985100547,0.4631597454611155,5,0.5538486892926016,0.001982831539694448,0.5540826764551474,5,-0.00011408957959733998,0.004728762187148318,-0.0016463120558804,5,0.004569340803686739,0.004590566957252381,0.0037440078573722,5,0.00282901044098032,0.005573643411635746,0.0047144695824889,5,1.280258244677981,0.011977175077906148,1.273285060178333,5,0.020228585611185502,0.005686417492248483,0.0210472406132676,5,0.2902086130243878,0.0006870008969002626,0.2902482390644931,5,1.0,0.0,1.0,5,0.0,0.0,0.0,5,0.0,0.0,0.0,5
hex_cells,ql,alpha_async,lesion,plastic,0,0,0.68,0.2,0.016,0.5,0.6,0.6,False,0.43922335493084785,0.001119799597374031,0.4396958083360783,5,0.6038919096532547,0.003400991888372766,0.6026662807819475,5,-0.0010504821999087212,0.002124978903668721,-0.0002928088172645,5,0.00512812963229662,0.0030604451026590923,0.0046145700388706,5,0.00424677836237454,0.00603390387356822,0.0039469584939485,5,1.29918207814021,0.007240285833007147,1.2997205859930383,5,0.007705127310351459,0.001220740646669777,0.0076180781673492,5,0.26989310545037937,0.0005443166286461028,0.2697215404407448,5,1.0,0.0,1.0,5,0.0,0.0,0.0,5,0.0,0.0,0.0,5
hex_cells,ql,alpha_async,order_ab,fixed,0,0,0.68,0.2,0.016,0.5,0.6,0.6,False,0.453589392409229,0.0004192665393177104,0.4534349591409789,5,0.5691739822175842,0.0036640914546462234,0.5678051553481601,5,,,,0,0.01057114792362932,0.005009446029953225,0.0121552819994719,5,0.01033659195658304,0.007165747345422594,0.0122008447540514,5,1.2853779767495086,0.011500425352855673,1.2870966642777004,5,0.01665708775099402,0.004993715114065447,0.0176612930016329,5,0.2895396921186861,0.00018306950314961307,0.2895336902471555,5,1.0,0.0,1.0,5,0.0,0.0,0.0,5,0.0,0.0,0.0,5
hex_cells,ql,alpha_async,order_ab,plastic,0,0,0.68,0.2,0.016,0.5,0.6,0.6,False,0.42696948841985904,0.001180057391750027,0.4271529748652535,5,0.6074915522396316,0.004216390136973574,0.6070555277479249,5,,,,0,0.011282287412423861,0.005632287950243843,0.011941003482053,5,0.00568714530819724,0.004488977892372523,0.0072803845665082,5,1.3278407208224154,0.015684133388940782,1.3258547724711636,5,0.01108346816873214,0.002803872990160571,0.0105627145884259,5,0.2728236586300298,0.0009193264437109811,0.2730735322650393,5,0.9999871399176955,1.760939292384127e-05,1.0,5,0.0,0.0,0.0,5,0.0,0.0,0.0,5
hex_cells,ql,alpha_async,order_ba,fixed,0,0,0.68,0.2,0.016,0.5,0.6,0.6,False,0.4461083742646414,0.0009994488894350833,0.4458827155650153,5,0.568552059047086,0.0010281836813944845,0.568924051436579,5,,,,0,0.0136114714082235,0.006690423442961317,0.0108440599312597,5,0.01010139518421236,0.0025836669160952683,0.0091727048843584,5,1.3180070778520725,0.00623744739947804,1.3197412858625046,5,0.01785021909900434,0.005572333355548857,0.0155849106814182,5,0.2911428789632328,0.000434670219501244,0.2911963986701719,5,1.0,0.0,1.0,5,0.0,0.0,0.0,5,0.0,0.0,0.0,5
hex_cells,ql,alpha_async,order_ba,plastic,0,0,0.68,0.2,0.016,0.5,0.6,0.6,False,0.42238073160925227,0.001176565279181234,0.4222549329395974,5,0.6047622974807236,0.0018982299185844045,0.605447997622731,5,,,,0,0.011569063914795421,0.0034097621901067344,0.011338247632971,5,0.01126051154862762,0.004332398533886018,0.0099593328669216,5,1.3465361353668832,0.010687179984836615,1.3462941751446236,5,0.011437458296329,0.0018798061146504802,0.0104625068492802,5,0.2772751687425073,0.002831424014109804,0.2772887520732697,5,1.0,0.0,1.0,5,0.0,0.0,0.0,5,0.0,0.0,0.0,5
hex_cells,ql,block_async,baseline,fixed,0,0,0.68,0.2,0.016,0.5,0.6,0.6,False,0.46043839400017916,0.0005813429433215819,0.4604813853565243,5,0.5457841079721837,0.0027635873815716164,0.5445596055070372,5,,,,0,-4.3543473685240046e-05,0.005474342345570642,0.001570986287682,5,-0.0020014526488198814,0.0018519992864451879,-0.0019314328938576,5,1.2618755165617503,0.012010323838800454,1.261334387258383,5,0.017120164147908658,0.0042935463184350245,0.017204319150992,5,0.2994237110297353,0.0007934595690125432,0.2992545457525972,5,1.0,0.0,1.0,5,0.0,0.0,0.0,5,0.0,0.0,0.0,5
hex_cells,ql,block_async,baseline,plastic,0,0,0.68,0.2,0.016,0.5,0.6,0.6,False,0.44671510182671137,0.0016763454951707888,0.4456459069302623,5,0.5748002295250751,0.0019510697555604225,0.5750633403414369,5,,,,0,0.0025745095835050203,0.0017870612766072433,0.002523932176733,5,-0.00120032146190456,0.002652654357564851,-0.002361184629645,5,1.3389428070961253,0.010912189214461578,1.3360914885756778,5,0.009335595143789541,0.001170290577104598,0.0089008763638621,5,0.28621931380366333,0.0012631722940516885,0.2854980552064894,5,1.0,0.0,1.0,5,0.0,0.0,0.0,5,0.0,0.0,0.0,5
hex_cells,ql,block_async,imprint,fixed,0,0,0.68,0.2,0.016,0.5,0.6,0.6,False,0.46122052169593164,0.0006723832765742624,0.4609793541866175,5,0.5520845842668487,0.001542802177881534,0.5519976066679336,5,,,,0,0.0017720560877517051,0.0033890220089924433,0.0022963464540516,5,-0.00034972594534408,0.004525204085983617,0.0018093097246699,5,1.2731453254512632,0.010048168310736212,1.2717751682607286,5,0.026652807971231318,0.006435332717567797,0.0279906805304601,5,0.2979593302117867,0.0003958629693496532,0.2977126249985838,5,1.0,0.0,1.0,5,0.0,0.0,0.0,5,0.0,0.0,0.0,5
hex_cells,ql,block_async,imprint,plastic,0,0,0.68,0.2,0.016,0.5,0.6,0.6,False,0.4455013016251138,0.0025598731286360765,0.4447110495139198,5,0.5788527698378558,0.005363984931722108,0.5797071193753038,5,,,,0,0.00048683991175657983,0.005373184965823263,-0.0022853701085361,5,0.00406874436213376,0.0018808633495507898,0.0040980926641233,5,1.3449146534764387,0.007531461526372605,1.3460016439474658,5,0.00959201756757868,0.0016308273035402128,0.0102550863064302,5,0.2857418117107056,0.0016863461301859916,0.2859744703055233,5,1.0,0.0,1.0,5,0.0,0.0,0.0,5,0.0,0.0,0.0,5
hex_cells,ql,block_async,lesion,fixed,0,0,0.68,0.2,0.016,0.5,0.6,0.6,False,0.4608892429379271,0.0007348101211035144,0.4610416597298133,5,0.5521522099281067,0.0008847714218289453,0.5524389711290574,5,0.0033083667627075,0.008222672612797945,0.0040669323190788,5,0.004362630280867077,0.006585516742155962,0.0015188972296584,5,0.0007752566049883802,0.0074700506438913645,0.0051829509026851,5,1.2801301667921992,0.006269785675495842,1.2803558595835476,5,0.02598533050935356,0.007255639478133963,0.0248388900369429,5,0.2978219598417796,0.00015847804972130106,0.2977537284667098,5,1.0,0.0,1.0,5,0.0,0.0,0.0,5,0.0,0.0,0.0,5
hex_cells,ql,block_async,lesion,plastic,0,0,0.68,0.2,0.016,0.5,0.6,0.6,False,0.44692069821114105,0.0011208727967498638,0.4469347827732838,5,0.5775579382888827,0.0007781051574650569,0.5778479089604062,5,-0.0009920559322262998,0.0037253201959655383,0.0008571475704307,5,-0.00055512816369752,0.0021690670713748377,-0.0013184525839582,5,0.0014712903310474998,0.0078086061460322445,0.0033576663679597,5,1.3455712942969185,0.009356998522253123,1.346588145425118,5,0.009431918937975261,0.0005325789963580997,0.0096102526172336,5,0.2865160957891413,0.0012439362168342543,0.2870839743769096,5,1.0,0.0,1.0,5,0.0,0.0,0.0,5,0.0,0.0,0.0,5
hex_cells,ql,block_async,order_ab,fixed,0,0,0.68,0.2,0.016,0.5,0.6,0.6,False,0.4612962658404605,0.001089346942831463,0.4617247234554992,5,0.552660784878581,0.005097796057563177,0.5524210895825973,5,,,,0,0.00032590918672133993,0.0029890173414415023,-0.0010796213971418,5,0.00488939824476896,0.0030542318217765727,0.0051669857582007,5,1.271841636288592,0.004522105416518275,1.2718457579685207,5,0.022809483938229718,0.00916205571390462,0.0200404868251536,5,0.29692770670210095,0.0011364584605141924,0.2967843289412109,5,1.0,0.0,1.0,5,0.0,0.0,0.0,5,0.0,0.0,0.0,5
hex_cells,ql,block_async,order_ab,plastic,0,0,0.68,0.2,0.016,0.5,0.6,0.6,False,0.4332310781276897,0.0031837715662065415,0.4333142791410537,5,0.5935423545789156,0.006468985051491031,0.5937989408616925,5,,,,0,0.00349243628496888,0.004036791550988513,0.0034779475663519,5,0.0033381514427925202,0.002491107410335671,0.0028397569066746,5,1.3359480346613957,0.010859491721907939,1.3307330765031389,5,0.013126952357140459,0.004921437709030943,0.0116973517346365,5,0.2840600772309741,0.0011623145807512347,0.2840266941983703,5,1.0,0.0,1.0,5,0.0,0.0,0.0,5,0.0,0.0,0.0,5
hex_cells,ql,block_async,order_ba,fixed,0,0,0.68,0.2,0.016,0.5,0.6,0.6,False,0.4610392894954181,0.0009670336078654761,0.4612565407263845,5,0.553766262733794,0.003295132619459501,0.5527827178686022,5,,,,0,0.00511753223967796,0.0008855981429259011,0.005117670565652,5,-0.0016780316348765398,0.0033044903975690933,-0.0028062100254201,5,1.26550083783199,0.007952925562361837,1.267762737347792,5,0.02018447500149888,0.006048747072169752,0.019434935263188,5,0.29661407070685747,0.0007905045470310705,0.2971158784759191,5,1.0,0.0,1.0,5,0.0,0.0,0.0,5,0.0,0.0,0.0,5
hex_cells,ql,block_async,order_ba,plastic,0,0,0.68,0.2,0.016,0.5,0.6,0.6,False,0.4355607838262701,0.0009066170352010287,0.4359880563582439,5,0.5907389022402343,0.002155092886709444,0.5916247140678063,5,,,,0,-0.00096216189197148,0.0060472956323693716,0.0001245476070553,5,-0.00024815591259370016,0.005608444092628855,-0.002075632698816,5,1.3412456985143106,0.005035799607704199,1.3399168671170103,5,0.011863786277598602,0.0015778619793973435,0.0119271229226371,5,0.2842105488328315,0.0009641057857832256,0.2845187332527412,5,1.0,0.0,1.0,5,0.0,0.0,0.0,5,0.0,0.0,0.0,5
hex_cells,ql,synchronous,baseline,fixed,0,0,0.68,0.2,0.016,0.5,0.6,0.6,False,0.46975256854561864,0.001748346920904582,0.4690317333601026,5,0.5998599190774908,0.003918330762074628,0.5996806363145444,5,,,,0,-0.00388529493105432,0.006073995048428428,-0.0060578644984659,5,-0.00060301798196244,0.003865531273767983,0.0005838511201308,5,1.3278992372988359,0.0026961087011551778,1.3282118721560188,5,0.045309099060341015,0.019235032739301584,0.0402267949479688,5,0.2778333351430423,0.0014493584386382004,0.2772940322780707,5,1.0,0.0,1.0,5,0.0,0.0,0.0,5,0.0,0.0,0.0,5
hex_cells,ql,synchronous,baseline,plastic,0,0,0.68,0.2,0.016,0.5,0.6,0.6,False,0.4408683017982164,0.0022512662215680174,0.4415634444755391,5,0.6968593313690141,0.00607517652307916,0.6952368968831623,5,,,,0,-1.7814285460939286e-05,0.01283471074594722,-0.0005163510033285,5,0.0029277964717887997,0.006916997847813058,0.001663026722874,5,1.295511899744859,0.0048425551034099795,1.2935810046379044,5,0.020052744987663518,0.0022301560698277634,0.019596308281032,5,0.24978898384411904,0.005558685850445219,0.2525289504582975,5,1.0,0.0,1.0,5,0.0,0.0,0.0,5,0.0,0.0,0.0,5
hex_cells,ql,synchronous,imprint,fixed,0,0,0.68,0.2,0.016,0.5,0.6,0.6,False,0.4677478763232864,0.001434759164802169,0.4674888139133532,5,0.6058627693907257,0.004418504501397388,0.6084707726350927,5,,,,0,-0.0022445074244826597,0.008738349997106062,0.0008088264217644,5,-0.0022691486678534,0.006175899317751567,-0.0014360923710105,5,1.331338395931137,0.008490398833416334,1.3288246185013204,5,0.05016463750782666,0.02328897391390676,0.0423765609248783,5,0.2762271740117295,0.0009501859616971873,0.2760874932745196,5,1.0,0.0,1.0,5,0.0,0.0,0.0,5,0.0,0.0,0.0,5
hex_cells,ql,synchronous,imprint,plastic,0,0,0.68,0.2,0.016,0.5,0.6,0.6,False,0.43861888607962324,0.0025125837438199116,0.4386308488778455,5,0.7013222674773466,0.004972598759046271,0.7022889466155449,5,,,,0,0.00152381252489764,0.006348490593173056,0.0037693458027358,5,0.0010452770232085196,0.006748585303136697,-0.001028450324018,5,1.2914480499182677,0.004868004287063459,1.2905355783910464,5,0.01864382362428138,0.003518142544571718,0.0184011411938125,5,0.2465587273964752,0.00394027649360925,0.2459295429865739,5,1.0,0.0,1.0,5,0.0,0.0,0.0,5,0.0,0.0,0.0,5
hex_cells,ql,synchronous,lesion,fixed,0,0,0.68,0.2,0.016,0.5,0.6,0.6,False,0.46820764601734527,0.0016496704584602914,0.4686296364317076,5,0.6054006977486134,0.0023875936682700924,0.605868844702725,5,0.00460139824880234,0.010105734268220617,0.0079550063026549,5,-0.00113841196320746,0.00489778109629293,0.000702328176878,5,-0.00467782995431432,0.0033731938925429367,-0.003674687433763,5,1.3291000013824394,0.008186299214742251,1.3306685423348372,5,0.05100568023009957,0.02258878428608768,0.0395048522831266,5,0.27621173715385405,0.0012398883917693275,0.2758570989921293,5,1.0,0.0,1.0,5,0.0,0.0,0.0,5,0.0,0.0,0.0,5
hex_cells,ql,synchronous,lesion,plastic,0,0,0.68,0.2,0.016,0.5,0.6,0.6,False,0.4395125569471139,0.0016448584255660393,0.4391852136176335,5,0.7033046823331259,0.006255980927153445,0.7038990692707513,5,0.00036407032820464,0.0016561979447792471,0.0009248298816573,5,-0.00162997474650592,0.006109432140229198,-0.0002566421328173,5,0.00789837996768746,0.003656741540338378,0.0067695202644487,5,1.2920848595741428,0.010057575075737055,1.2922139496644836,5,0.0138761143621156,0.0009729667620523612,0.0142184870334444,5,0.2472190747096878,0.004237966890315553,0.2480890055162649,5,1.0,0.0,1.0,5,0.0,0.0,0.0,5,0.0,0.0,0.0,5
hex_cells,ql,synchronous,order_ab,fixed,0,0,0.68,0.2,0.016,0.5,0.6,0.6,False,0.4568130942552903,0.001464331523589971,0.4574962404407651,5,0.6548602181514361,0.00910158386000224,0.6506155941822938,5,,,,0,0.006429751978940019,0.004856718170884366,0.0068841644074404,5,0.00661660201480842,0.008076967710654578,0.0089117560039985,5,1.2980366751183738,0.011013084452016242,1.2948447379783432,5,0.03074721697394146,0.006265554356075383,0.0280259350053765,5,0.2668455585290742,0.0018509309811803754,0.2663954789686577,5,1.0,0.0,1.0,5,0.0,0.0,0.0,5,0.0,0.0,0.0,5
hex_cells,ql,synchronous,order_ab,plastic,0,0,0.68,0.2,0.016,0.5,0.6,0.6,False,0.4324562638907824,0.0013415231093610361,0.4321863464358012,5,0.7221218576304855,0.0025900716749627534,0.7228719902066156,5,,,,0,-0.0022165915397329003,0.0059813672182961455,-0.0012438728861573,5,-0.005255547145639141,0.0030206484465444307,-0.0060912606715866,5,1.2791835031143546,0.007753406611567165,1.279046786205956,5,0.01716444590709326,0.006306535055709167,0.0144048694932764,5,0.2348943503238321,0.0028053778955584446,0.2362322161423942,5,1.0,0.0,1.0,5,0.0,0.0,0.0,5,0.0,0.0,0.0,5
hex_cells,ql,synchronous,order_ba,fixed,0,0,0.68,0.2,0.016,0.5,0.6,0.6,False,0.45502792000699605,0.0020265563376441133,0.4541124044304797,5,0.6529395496885675,0.0055374938413997946,0.6523562547773455,5,,,,0,0.01091795048711334,0.005422743163158934,0.0104813579633671,5,0.00822772862765836,0.005363196620434102,0.0088749337662826,5,1.297768419942521,0.015234210677257725,1.2945042301074885,5,0.02596910143096474,0.009010878922833634,0.0251848941189444,5,0.26665932779601254,0.0014854718022769167,0.266396133130359,5,1.0,0.0,1.0,5,0.0,0.0,0.0,5,0.0,0.0,0.0,5
hex_cells,ql,synchronous,order_ba,plastic,0,0,0.68,0.2,0.016,0.5,0.6,0.6,False,0.4321886613160123,0.0025790805771074743,0.4332781038647275,5,0.7254739759933229,0.00869865184393102,0.72230211184057,5,,,,0,0.00029671583892728026,0.007701009426676499,0.0022285464536713,5,-0.00814547677158456,0.003568439012880286,-0.0090897609309572,5,1.270654662496359,0.009856601618289364,1.2672466807213023,5,0.0128804380398935,0.0032130282253266303,0.0138877941639685,5,0.23284002293951023,0.002698407319213061,0.2319566586752767,5,1.0,0.0,1.0,5,0.0,0.0,0.0,5,0.0,0.0,0.0,5
honeycomb,markov,alpha_async,baseline,fixed,0,0,0.68,0.2,0.016,0.5,0.6,0.6,False,0.39744447055695825,0.0017018393069570638,0.3970717715078763,5,0.7103225865894871,0.001004381040756818,0.7100272933637473,5,,,,0,0.00228934356168812,0.003692797711150073,0.0039098879798213,5,-0.00045325507235688,0.005225545266816421,0.0005859164254212,5,1.5357503229442397,0.009588289775997185,1.537829189715194,5,0.0023744357011496403,0.00015934973349315156,0.002301643505847,5,0.0,0.0,0.0,5,1.0,0.0,1.0,5,0.0,0.0,0.0,5,0.0,0.0,0.0,5
honeycomb,markov,alpha_async,baseline,plastic,0,0,0.68,0.2,0.016,0.5,0.6,0.6,False,0.39722523545252636,0.0020088011042838348,0.397431660297908,5,0.7105917881659314,0.0023041026354044076,0.7092867648080688,5,,,,0,0.00214488496895498,0.008126431335628615,0.0044175371047004,5,-0.00208609909458354,0.0024308190570630655,-0.0030409657388228,5,1.536686743941625,0.006847147062168865,1.5382192328105264,5,0.00241297785794194,0.0002393286631733593,0.002320317389479,5,0.0,0.0,0.0,5,1.0,0.0,1.0,5,0.0,0.0,0.0,5,0.0,0.0,0.0,5
honeycomb,markov,alpha_async,imprint,fixed,0,0,0.68,0.2,0.016,0.5,0.6,0.6,False,0.19218663731332292,0.012048070136899642,0.1948866022015284,5,0.34556981563744993,0.020641907507144234,0.3501658908807089,5,,,,0,0.21867182095965507,0.01854240090453923,0.2144946333203233,5,0.19038064754360065,0.015099238470067895,0.188125918519212,5,1.3501154154757053,0.04397523376663254,1.363013255813018,5,0.18985922576276298,0.004378818757808474,0.191236949342353,5,0.0,0.0,0.0,5,1.0,0.0,1.0,5,0.0,0.0,0.0,5,0.0,0.0,0.0,5
honeycomb,markov,alpha_async,imprint,plastic,0,0,0.68,0.2,0.016,0.5,0.6,0.6,False,0.19783011287383162,0.006258084180984862,0.1987647031581734,5,0.35659137681828834,0.011125825138118405,0.3572211691463446,5,,,,0,0.20636160564736045,0.007785310432094278,0.2038588196292834,5,0.18144935317931357,0.011013705605037146,0.1823845530882041,5,1.365615838252673,0.020143411624770267,1.369362512898619,5,0.18526077494044338,0.0052375513075747235,0.1866998201358303,5,0.0,0.0,0.0,5,1.0,0.0,1.0,5,0.0,0.0,0.0,5,0.0,0.0,0.0,5
honeycomb,markov,alpha_async,lesion,fixed,0,0,0.68,0.2,0.016,0.5,0.6,0.6,False,0.19430558848835017,0.009686294611154875,0.1942539077996151,5,0.3493313849301683,0.016894058101295014,0.3495400028840926,5,0.1863131967300427,0.016780011360279748,0.1849265133652572,5,0.2124417931281622,0.012736614747573845,0.2133754905912327,5,0.18718855054429603,0.01207736475515338,0.1849784083601535,5,1.3558610251176926,0.03464654684427652,1.3586474209678607,5,0.19041949132034894,0.005181848077605858,0.1900904912509043,5,0.0,0.0,0.0,5,1.0,0.0,1.0,5,0.0,0.0,0.0,5,0.0,0.0,0.0,5
honeycomb,markov,alpha_async,lesion,plastic,0,0,0.68,0.2,0.016,0.5,0.6,0.6,False,0.19349153787913967,0.008411553086518128,0.195204449122685,5,0.34924665818392925,0.015251454848118321,0.3510496339952197,5,0.19971710360449468,0.0061237480008303,0.2037444780015926,5,0.21362883910727137,0.015235526193341327,0.2057980046178399,5,0.1908385039834381,0.009338904408302475,0.1918820941892133,5,1.3505897528266577,0.029315600494057535,1.3590975497886488,5,0.1903938291490469,0.0055596303866303105,0.190419657974998,5,0.0,0.0,0.0,5,1.0,0.0,1.0,5,0.0,0.0,0.0,5,0.0,0.0,0.0,5
honeycomb,markov,alpha_async,order_ab,fixed,0,0,0.68,0.2,0.016,0.5,0.6,0.6,False,0.10657839469684749,0.0022873060668345212,0.1064850841828009,5,0.1937392772418291,0.0041874092175357,0.1933517322915724,5,,,,0,0.36384977790428763,0.010012898783410986,0.3639431911151405,5,0.33018553708215237,0.01026177988257385,0.3323929668928918,5,0.9509433472314808,0.01561309437495362,0.95298461887853,5,0.1131228096838367,0.009214889671420565,0.1118613829582732,5,0.0,0.0,0.0,5,1.0,0.0,1.0,5,0.0,0.0,0.0,5,0.0,0.0,0.0,5
honeycomb,markov,alpha_async,order_ab,plastic,0,0,0.68,0.2,0.016,0.5,0.6,0.6,False,0.11415700219048579,0.004517471897633204,0.1164302337736758,5,0.2076415383908631,0.0070914706137700165,0.2098345711424789,5,,,,0,0.34068918801237796,0.00870304864399753,0.3422647272770038,5,0.3081954961495611,0.007730163841418713,0.3067148316323563,5,0.9946319952213234,0.028585796823563686,1.006391703308786,5,0.11799852073273083,0.009819078417917874,0.1207233204674745,5,0.0,0.0,0.0,5,1.0,0.0,1.0,5,0.0,0.0,0.0,5,0.0,0.0,0.0,5
honeycomb,markov,alpha_async,order_ba,fixed,0,0,0.68,0.2,0.016,0.5,0.6,0.6,False,0.1103808748185432,0.006812816844382584,0.1102216383407655,5,0.1997622464590521,0.012635505603300602,0.1997802038441729,5,,,,0,0.35829286179791453,0.014262558975361552,0.3578535053007394,5,0.3011039107421845,0.01895828052509436,0.2941917928145003,5,0.9761450428927108,0.03888632077107121,0.9795972989153268,5,0.1296285993009524,0.007607689810257449,0.1323093123280453,5,0.0,0.0,0.0,5,1.0,0.0,1.0,5,0.0,0.0,0.0,5,0.0,0.0,0.0,5
honeycomb,markov,alpha_async,order_ba,plastic,0,0,0.68,0.2,0.016,0.5,0.6,0.6,False,0.116660013461149,0.005340378623092878,0.1163940153052303,5,0.21161974596882657,0.009958391441598618,0.211266945834947,5,,,,0,0.3450103998535313,0.0102494928886416,0.3453504949039942,5,0.2926222625085442,0.015412671647165019,0.2855199579278037,5,1.0103628526858572,0.028672210248585524,1.0121218201328948,5,0.1357688246200426,0.004700255888103127,0.1357593772964595,5,0.0,0.0,0.0,5,1.0,0.0,1.0,5,0.0,0.0,0.0,5,0.0,0.0,0.0,5
honeycomb,markov,block_async,baseline,fixed,0,0,0.68,0.2,0.016,0.5,0.6,0.6,False,0.40173196089795155,0.0004707085509672181,0.401796733119165,5,0.7321215199117604,0.0012240556188806001,0.7327164073333864,5,,,,0,-0.00051966593564526,0.007452776113275282,0.0020481469449544,5,0.00101654238512984,0.003974361786570058,-0.0009884271388386,5,1.5103625155209124,0.01056335558249728,1.514460460353925,5,0.00277774313867724,0.000220243376751471,0.0027110171035172,5,0.0,0.0,0.0,5,1.0,0.0,1.0,5,0.0,0.0,0.0,5,0.0,0.0,0.0,5
honeycomb,markov,block_async,baseline,plastic,0,0,0.68,0.2,0.016,0.5,0.6,0.6,False,0.4015202629752522,0.0004484800416520366,0.4012992982762694,5,0.731167569223296,0.0010584341275333828,0.731272268830258,5,,,,0,-0.0014946076840942801,0.003215614460676447,-0.0025238621641385,5,-0.0003819195695109599,0.0063897371918060645,-0.0031134154199386,5,1.5077990116504807,0.008565917196233395,1.509775570790817,5,0.00268109443510114,0.00015595397768748822,0.0026457799744819,5,0.0,0.0,0.0,5,1.0,0.0,1.0,5,0.0,0.0,0.0,5,0.0,0.0,0.0,5
honeycomb,markov,block_async,imprint,fixed,0,0,0.68,0.2,0.016,0.5,0.6,0.6,False,0.2914685653662115,0.014127799455933213,0.2968999897756968,5,0.5344102306792907,0.026623525216085454,0.5441115296633766,5,,,,0,0.10886324181534002,0.01660979589567526,0.1020441244431833,5,0.0917906848596686,0.015154876268831228,0.0909762404643522,5,1.5627753950921277,0.014654447491405903,1.5635705117858243,5,0.11006826772311702,0.021743414231641053,0.1022579804579684,5,0.0,0.0,0.0,5,1.0,0.0,1.0,5,0.0,0.0,0.0,5,0.0,0.0,0.0,5
honeycomb,markov,block_async,imprint,plastic,0,0,0.68,0.2,0.016,0.5,0.6,0.6,False,0.3078190944609639,0.013878070961948328,0.3075833258199085,5,0.5629675924329269,0.025749501010414615,0.5656858732300398,5,,,,0,0.09251114503009554,0.013938585017266083,0.0904710804985931,5,0.0825996249359457,0.010239144664659304,0.0808246415766632,5,1.575691378259941,0.009282653051878104,1.573072437535929,5,0.08721219889439377,0.019452296740605102,0.0859703355171913,5,0.0,0.0,0.0,5,1.0,0.0,1.0,5,0.0,0.0,0.0,5,0.0,0.0,0.0,5
honeycomb,markov,block_async,lesion,fixed,0,0,0.68,0.2,0.016,0.5,0.6,0.6,False,0.29412057094264565,0.018347582922843428,0.302530101635138,5,0.5385052405715981,0.030611735838174593,0.552988384511202,5,0.09191629733409494,0.021744905290510843,0.0830794725085883,5,0.11111433822669217,0.01795985559202041,0.102764244350691,5,0.09327279034211998,0.014913381539645127,0.0879638013582921,5,1.5645396407101606,0.02216931899537532,1.573429954076674,5,0.10799344955226375,0.024878263747803237,0.1001211724601503,5,0.0,0.0,0.0,5,1.0,0.0,1.0,5,0.0,0.0,0.0,5,0.0,0.0,0.0,5
honeycomb,markov,block_async,lesion,plastic,0,0,0.68,0.2,0.016,0.5,0.6,0.6,False,0.31018729781303345,0.015391271657726737,0.3108372784732712,5,0.5683863856856961,0.02876538159665119,0.5719229313065081,5,0.06837199624769223,0.018059530471666727,0.0745263477815063,5,0.09108909275518716,0.015341577558480951,0.0927790313921864,5,0.08080892385346201,0.014855624600879275,0.0810728511629588,5,1.5775262154144152,0.007948741778041998,1.5803284997890743,5,0.0836778289573068,0.021655735740978916,0.0795423185069371,5,0.0,0.0,0.0,5,1.0,0.0,1.0,5,0.0,0.0,0.0,5,0.0,0.0,0.0,5
honeycomb,markov,block_async,order_ab,fixed,0,0,0.68,0.2,0.016,0.5,0.6,0.6,False,0.20987318331710852,0.008233793890807896,0.2052151020203749,5,0.3853796404603952,0.01536777240961671,0.3752810344688472,5,,,,0,0.2047241921115559,0.016573458158603192,0.2116268358217756,5,0.1757184219032928,0.012577231463006454,0.1723542403293525,5,1.397923856937296,0.02370363852393508,1.387559775632763,5,0.19306600604746987,0.011121273430636444,0.1941483821232619,5,0.0,0.0,0.0,5,1.0,0.0,1.0,5,0.0,0.0,0.0,5,0.0,0.0,0.0,5
honeycomb,markov,block_async,order_ab,plastic,0,0,0.68,0.2,0.016,0.5,0.6,0.6,False,0.21390725811307845,0.009187196108419752,0.2094937767380146,5,0.39278547166534294,0.016233781803401647,0.3837200936981052,5,,,,0,0.19612263596616464,0.013529035735090272,0.2030636874116574,5,0.16800768715541628,0.009319709904380673,0.1724006628325365,5,1.411247924222828,0.028693714243624352,1.3947738621400636,5,0.1934453899119335,0.006054484029623425,0.1948576330230783,5,0.0,0.0,0.0,5,1.0,0.0,1.0,5,0.0,0.0,0.0,5,0.0,0.0,0.0,5
honeycomb,markov,block_async,order_ba,fixed,0,0,0.68,0.2,0.016,0.5,0.6,0.6,False,0.19880592922013673,0.008026808685748002,0.1971599769773177,5,0.3651266968297107,0.014497668961336776,0.3619025039851408,5,,,,0,0.21540995183461256,0.006986017845742298,0.2192530192283867,5,0.18868596512160513,0.007223697109713392,0.1908137962856637,5,1.3667222903801097,0.025804595736763355,1.3677734761553229,5,0.205881491715024,0.006701600818747272,0.2101496550515074,5,0.0,0.0,0.0,5,1.0,0.0,1.0,5,0.0,0.0,0.0,5,0.0,0.0,0.0,5
honeycomb,markov,block_async,order_ba,plastic,0,0,0.68,0.2,0.016,0.5,0.6,0.6,False,0.20355445440925787,0.008708713184839496,0.2021147955756405,5,0.374437915950934,0.01569233283937737,0.3713214101463967,5,,,,0,0.2054095108079677,0.011890463096831099,0.2089056846052902,5,0.18548599272166294,0.007623726001349216,0.1861766914726679,5,1.3792829686844783,0.02766304094194425,1.3746365761417123,5,0.19956431854288376,0.006576559737258853,0.2030246586778947,5,0.0,0.0,0.0,5,1.0,0.0,1.0,5,0.0,0.0,0.0,5,0.0,0.0,0.0,5
honeycomb,markov,synchronous,baseline,fixed,0,0,0.68,0.2,0.016,0.5,0.6,0.6,False,0.40139209246919805,0.002472859465142398,0.4010177077713026,5,0.7586573771271146,0.002696188881681618,0.7595490294168852,5,,,,0,0.004031038056248676,0.004454309666131492,0.0039899364149053,5,0.00238254912267288,0.010043285584972401,0.0012710080607896,5,1.4862597623565474,0.004383460558708075,1.4861502354735805,5,0.00274524155577468,0.00011469107608488782,0.0026976119052599,5,0.0,0.0,0.0,5,1.0,0.0,1.0,5,0.0,0.0,0.0,5,0.0,0.0,0.0,5
honeycomb,markov,synchronous,baseline,plastic,0,0,0.68,0.2,0.016,0.5,0.6,0.6,False,0.3997271912559361,0.0030923493913191592,0.3993420343586781,5,0.7566078937199123,0.003474713782144481,0.7558064376390659,5,,,,0,-6.958194645127968e-05,0.005510986743854351,0.0007536146944112,5,-0.0050353568574828,0.0068129308746918815,-0.0034307576222797,5,1.4885027739478487,0.009839981608541529,1.4855779494365744,5,0.00261383955406444,0.00022617652840274053,0.0025887869191813,5,0.0,0.0,0.0,5,1.0,0.0,1.0,5,0.0,0.0,0.0,5,0.0,0.0,0.0,5
honeycomb,markov,synchronous,imprint,fixed,0,0,0.68,0.2,0.016,0.5,0.6,0.6,False,0.2628057604410038,0.010815286626600022,0.2584792347681638,5,0.497961431135267,0.021508825323838694,0.4879590139813246,5,,,,0,0.14473185379338985,0.011945264454996477,0.1510058873933378,5,0.12005322399803345,0.013991253438484676,0.1281387558816049,5,1.5166971023565474,0.016274389769800165,1.5120979358097435,5,0.16045498991737867,0.016726089740661778,0.1664550482501905,5,0.0,0.0,0.0,5,1.0,0.0,1.0,5,0.0,0.0,0.0,5,0.0,0.0,0.0,5
honeycomb,markov,synchronous,imprint,plastic,0,0,0.68,0.2,0.016,0.5,0.6,0.6,False,0.2592637991021077,0.008172074188140263,0.2628397453444779,5,0.4906734018514155,0.016459285119142592,0.4961894780413495,5,,,,0,0.14615328425482116,0.0028640631793851613,0.146244295424121,5,0.13371219612693636,0.005707867690169538,0.1320083223921781,5,1.5139161968276098,0.012433017583688082,1.5151977511748052,5,0.1655759627814726,0.00896577837588751,0.1632313150068083,5,0.0,0.0,0.0,5,1.0,0.0,1.0,5,0.0,0.0,0.0,5,0.0,0.0,0.0,5
honeycomb,markov,synchronous,lesion,fixed,0,0,0.68,0.2,0.016,0.5,0.6,0.6,False,0.2650996400137565,0.005295128749711587,0.2656098505470992,5,0.5025022916472706,0.012259592842420838,0.5055028093768934,5,0.12667284127814651,0.014218478773652832,0.1212703345075951,5,0.14234066220627253,0.00709769891704626,0.1411950879402437,5,0.1215577056417299,0.006534510541446301,0.1241431251777212,5,1.522614928965614,0.005835921653808087,1.5187449358263687,5,0.1566479529087182,0.008491106100830322,0.1549430436060235,5,0.0,0.0,0.0,5,1.0,0.0,1.0,5,0.0,0.0,0.0,5,0.0,0.0,0.0,5
honeycomb,markov,synchronous,lesion,plastic,0,0,0.68,0.2,0.016,0.5,0.6,0.6,False,0.26087134624617636,0.004725374023958663,0.2627268052736518,5,0.49388183674068287,0.009394732066979834,0.494883907277847,5,0.13068700643696318,0.010973415951227979,0.1263751718587205,5,0.14732760209436704,0.006042139148979691,0.1486268440775025,5,0.1263449986164567,0.008810451001386192,0.1237714761398657,5,1.516577450619516,0.010886935501726435,1.5162594275700974,5,0.16546139263221044,0.00988588411970444,0.1665367458477311,5,0.0,0.0,0.0,5,1.0,0.0,1.0,5,0.0,0.0,0.0,5,0.0,0.0,0.0,5
honeycomb,markov,synchronous,order_ab,fixed,0,0,0.68,0.2,0.016,0.5,0.6,0.6,False,0.1935277466202564,0.0026806088916930568,0.193219932982128,5,0.3683156802463984,0.00580489809564025,0.3685002020105187,5,,,,0,0.2197980841977337,0.005073234876826529,0.2196283594955687,5,0.19961226890274456,0.006607816910841164,0.1972170700244128,5,1.3437121839562634,0.007991877998305062,1.34637335327006,5,0.21272653569576155,0.00319024773359387,0.213385912796785,5,0.0,0.0,0.0,5,1.0,0.0,1.0,5,0.0,0.0,0.0,5,0.0,0.0,0.0,5
honeycomb,markov,synchronous,order_ab,plastic,0,0,0.68,0.2,0.016,0.5,0.6,0.6,False,0.20729334573080296,0.007377456939250225,0.204736122025065,5,0.3921006173273337,0.013524288963706907,0.3854696206034486,5,,,,0,0.2078141908118122,0.007508736137538442,0.2096395611428423,5,0.18310554975563023,0.005443241076512059,0.1828859888594562,5,1.388663144537266,0.0221641816270219,1.3828818413746575,5,0.20978577973572232,0.0060549465774512624,0.2117775914163343,5,0.0,0.0,0.0,5,1.0,0.0,1.0,5,0.0,0.0,0.0,5,0.0,0.0,0.0,5
honeycomb,markov,synchronous,order_ba,fixed,0,0,0.68,0.2,0.016,0.5,0.6,0.6,False,0.19224346315485347,0.009785035042789795,0.1948864986275796,5,0.3642545768732836,0.018864144623512352,0.3688736100527151,5,,,,0,0.2258277844252027,0.015311190424761673,0.2253297071164235,5,0.20061154166262818,0.012009017503779994,0.1970259065076532,5,1.339418147058026,0.032516903635022125,1.351827862565406,5,0.22019861718150552,0.006886567756758993,0.2212769923201135,5,0.0,0.0,0.0,5,1.0,0.0,1.0,5,0.0,0.0,0.0,5,0.0,0.0,0.0,5
honeycomb,markov,synchronous,order_ba,plastic,0,0,0.68,0.2,0.016,0.5,0.6,0.6,False,0.1961880185427642,0.009118843086405076,0.1991629164629804,5,0.3725050118451076,0.018770112085304106,0.3791784458862189,5,,,,0,0.22492930139692158,0.019181797327938316,0.2149641114171306,5,0.19586772236488584,0.008341783053713648,0.1904255939269737,5,1.3518364671301701,0.027040396456086732,1.358875358801249,5,0.21769099584687762,0.003987350708545146,0.2152980691256243,5,0.0,0.0,0.0,5,1.0,0.0,1.0,5,0.0,0.0,0.0,5,0.0,0.0,0.0,5
honeycomb,ql,alpha_async,baseline,fixed,0,0,0.68,0.2,0.016,0.5,0.6,0.6,False,0.3941797967447183,0.0013012719267025854,0.39470231198499,5,0.7170928644354794,0.0009246177682892071,0.7164871322141186,5,,,,0,0.0020084458124996997,0.0027467029509874404,0.0011830172042059,5,0.0019524764040040597,0.008049348446490292,0.0045219095516344,5,1.5067111025795978,0.008078420196819041,1.5058550140797275,5,0.0024409282179050596,0.0003210664336454873,0.0024100587953857,5,0.27516012726499317,0.0008381421960934825,0.2755121727555344,5,1.0,0.0,1.0,5,0.0,0.0,0.0,5,0.0,0.0,0.0,5
honeycomb,ql,alpha_async,baseline,plastic,0,0,0.68,0.2,0.016,0.5,0.6,0.6,False,0.39454216004627385,0.0014591743773491232,0.3942723800078208,5,0.7183014439394377,0.001257824118918657,0.7182268897125405,5,,,,0,0.00207040445231712,0.007412004059644278,0.0004435400505384,5,0.0031975887158491,0.0037108245393480234,0.0031258748814767,5,1.5051227842696393,0.007493251904489163,1.5038481762191167,5,0.0024496224779556,0.00016927086605224,0.0024609865662752,5,0.274928945562613,0.0012198997734745138,0.2747310514792738,5,1.0,0.0,1.0,5,0.0,0.0,0.0,5,0.0,0.0,0.0,5
honeycomb,ql,alpha_async,imprint,fixed,0,0,0.68,0.2,0.016,0.5,0.6,0.6,False,0.39410075386164445,0.0011889291439307402,0.3940666431864993,5,0.7161928971143677,0.0014866071776016498,0.7154380278660373,5,,,,0,0.004195424567355379,0.005150140324670336,0.0028784240681206,5,0.0007265440455949,0.002276731871301179,-0.0001557845424529,5,1.5040032841654352,0.004795715868325882,1.5064185750267471,5,0.0023492073153341003,0.00022049508067293575,0.00229153920277,5,0.28098283547404207,0.00159764247333333,0.2812192211926577,5,1.0,0.0,1.0,5,0.0,0.0,0.0,5,0.0,0.0,0.0,5
honeycomb,ql,alpha_async,imprint,plastic,0,0,0.68,0.2,0.016,0.5,0.6,0.6,False,0.3939915721949053,0.0010176510580176329,0.3942895505500824,5,0.7182414595979519,0.002111749794044389,0.7194203816994001,5,,,,0,0.0027009114048040196,0.00314882310521186,0.003747249749889,5,0.0032911562344812803,0.0030740395771550614,0.0044923611614067,5,1.5065706842505018,0.008561338466857181,1.5018805032825309,5,0.00226901690853522,0.00015999618844743174,0.0022631750000918,5,0.2797104192165197,0.0023281979611140553,0.2788046388873286,5,1.0,0.0,1.0,5,0.0,0.0,0.0,5,0.0,0.0,0.0,5
honeycomb,ql,alpha_async,lesion,fixed,0,0,0.68,0.2,0.016,0.5,0.6,0.6,False,0.3923454051271569,0.0019054643103093279,0.3915321624832405,5,0.7162876828183841,0.0014909138652331078,0.7156219119978526,5,-0.00630938430222856,0.010407798064025767,-0.0091382093565474,5,-0.0007486428180200601,0.006489941155820217,-0.0002525267279151,5,0.00351911709879954,0.004703937823721725,0.0035430836605355,5,1.5096976053153017,0.006924733242315686,1.5092652690624253,5,0.0023985270709647602,0.00021451537882698817,0.0024258875408832,5,0.2805713469872309,0.0013206467814954536,0.28090473282449,5,1.0,0.0,1.0,5,0.0,0.0,0.0,5,0.0,0.0,0.0,5
honeycomb,ql,alpha_async,lesion,plastic,0,0,0.68,0.2,0.016,0.5,0.6,0.6,False,0.39318862967307905,0.0017090250555749959,0.3926217733500914,5,0.7167822115540105,0.001587926970472484,0.7166155488391655,5,-0.002436816010706,0.010876255615833164,-0.004908015777888,5,-0.0016374847397776,0.004814409647789881,-0.0014923202298975,5,0.00126607428395418,0.0013682149047774686,0.0009427515439208,5,1.5081455681667202,0.004501671204825214,1.5070611978468411,5,0.00240847265773698,0.0002132519913039963,0.0024238589184525,5,0.28025899108098784,0.0014073763027682234,0.2806929327119403,5,1.0,0.0,1.0,5,0.0,0.0,0.0,5,0.0,0.0,0.0,5
honeycomb,ql,alpha_async,order_ab,fixed,0,0,0.68,0.2,0.016,0.5,0.6,0.6,False,0.31982859570691013,0.009787814439182186,0.3192282795173661,5,0.6509229865426741,0.010237853877856773,0.6492595575175094,5,,,,0,0.08399932750577084,0.011767438708814505,0.0877613619974038,5,0.07722092188938888,0.006309988908392862,0.0761215282497292,5,1.5285418047828836,0.004873921783669908,1.529502838468964,5,0.0567037985959523,0.009519557905146074,0.0590774785471843,5,0.35014222565160436,0.0076838606447967245,0.3517112332386615,5,1.0,0.0,1.0,5,0.0,0.0,0.0,5,0.0,0.0,0.0,5
honeycomb,ql,alpha_async,order_ab,plastic,0,0,0.68,0.2,0.016,0.5,0.6,0.6,False,0.32520093225669056,0.002944680552451329,0.3263165447202603,5,0.6552378455380179,0.00319868183239995,0.6565660784894614,5,,,,0,0.07297810631201425,0.0030145659410286537,0.07347877342465,5,0.06931036310427505,0.004950453301003867,0.0675037950517653,5,1.5340521374162563,0.0030981641803202575,1.5353401178470505,5,0.0492518357464335,0.005562609822965588,0.051568827221597,5,0.34502325764017183,0.002800648504936947,0.3443856156634168,5,1.0,0.0,1.0,5,0.0,0.0,0.0,5,0.0,0.0,0.0,5
honeycomb,ql,alpha_async,order_ba,fixed,0,0,0.68,0.2,0.016,0.5,0.6,0.6,False,0.30864974725428246,0.009293688926312924,0.3084125369543283,5,0.6382204433712142,0.00883886319116126,0.6358994898984226,5,,,,0,0.09239599848574113,0.01260420944721006,0.089874942131473,5,0.07880935084416088,0.009252343457906436,0.0782428343624339,5,1.5229643910956008,0.008914005330336127,1.523416780561568,5,0.06623141607562312,0.012212745796350934,0.068188373019878,5,0.35804525901443396,0.008165333146474272,0.3577812081868222,5,1.0,0.0,1.0,5,0.0,0.0,0.0,5,0.0,0.0,0.0,5
honeycomb,ql,alpha_async,order_ba,plastic,0,0,0.68,0.2,0.016,0.5,0.6,0.6,False,0.3125763827915689,0.009244606104980202,0.3144100923812104,5,0.6428228499184434,0.009172500834256626,0.6455865064134637,5,,,,0,0.09492196989343694,0.011911609057098468,0.0976198738870638,5,0.07900832723589894,0.009259124675490235,0.0767221726264592,5,1.5216570229025752,0.005909465189208846,1.5181532866392329,5,0.06042163230309946,0.01075191040389068,0.0560395841921963,5,0.3536026811035976,0.007312502439537094,0.349767697502335,5,1.0,0.0,1.0,5,0.0,0.0,0.0,5,0.0,0.0,0.0,5
honeycomb,ql,block_async,baseline,fixed,0,0,0.68,0.2,0.016,0.5,0.6,0.6,False,0.3969254103919361,0.001321018962644748,0.3976441524400055,5,0.7335007898610868,0.001082355024232939,0.7337983364538501,5,,,,0,-0.00289868841110252,0.003891046949216427,-0.0041386824707888,5,0.0014014100810823401,0.0029847428478807793,0.0019138993287795,5,1.4927190188945239,0.004515360646681919,1.4917142490848267,5,0.00273128754285948,0.0001445339103365806,0.0027073907679903,5,0.2650941730858764,0.0018941229667030178,0.2647884579822314,5,1.0,0.0,1.0,5,0.0,0.0,0.0,5,0.0,0.0,0.0,5
honeycomb,ql,block_async,baseline,plastic,0,0,0.68,0.2,0.016,0.5,0.6,0.6,False,0.3969017704904668,0.0014934933235122066,0.397045055930237,5,0.7338873752185816,0.0023627971187438193,0.7344634913071395,5,,,,0,-0.0008208228697694001,0.0038598805235628727,-0.0022661243326714,5,3.906951950139997e-05,0.0053071371166478086,-0.0009876381760275,5,1.4890268342269557,0.010316237387475903,1.4856407661967057,5,0.00243735099954716,0.00015683171729894712,0.0024019282127833,5,0.2657123689613723,0.00188643349204883,0.2650070821371447,5,1.0,0.0,1.0,5,0.0,0.0,0.0,5,0.0,0.0,0.0,5
honeycomb,ql,block_async,imprint,fixed,0,0,0.68,0.2,0.016,0.5,0.6,0.6,False,0.39722793091539604,0.0013927925250321548,0.3967708370574533,5,0.7335930092950338,0.001032438609857557,0.7334281748299054,5,,,,0,0.0014967679802450802,0.006416845414497504,0.0024773919710442,5,-0.0025063091494862476,0.002538688237519021,-0.0021557326767814,5,1.4904042372207034,0.01051530202546624,1.4853163850848243,5,0.00253921518934958,0.00017892842391511595,0.0026318846404165,5,0.26517263794831114,0.0002500251386956627,0.2651083757333943,5,1.0,0.0,1.0,5,0.0,0.0,0.0,5,0.0,0.0,0.0,5
honeycomb,ql,block_async,imprint,plastic,0,0,0.68,0.2,0.016,0.5,0.6,0.6,False,0.3966081497529732,0.0009626895918766853,0.3969852786745248,5,0.7335303485236785,0.0009129373067935352,0.7336622589166553,5,,,,0,0.0031879213223863596,0.002599735509045957,0.0042443141491778,5,-0.00107919373976622,0.008796581891810555,0.0021931478011067,5,1.4902223667798271,0.004564607295656773,1.488689215953273,5,0.0025619099488460003,0.00023929520561562665,0.0024822525482264,5,0.2660239362437346,0.0009019887142595307,0.2656192842349132,5,1.0,0.0,1.0,5,0.0,0.0,0.0,5,0.0,0.0,0.0,5
honeycomb,ql,block_async,lesion,fixed,0,0,0.68,0.2,0.016,0.5,0.6,0.6,False,0.3973718508563592,0.0008315679100295957,0.3976812548675553,5,0.7337139886843924,0.0011472664209966335,0.7335866907630979,5,-0.004069613129310539,0.012459596653840945,0.0039798719895933,5,-0.0008804603721051799,0.007464639311551922,0.001303128621329,5,-0.0036322766758029234,0.004829823310405708,-0.0016608788831449,5,1.493467357450281,0.006724688757671666,1.4952747786744065,5,0.00266389318789058,0.00012323408186258857,0.0026411908143226,5,0.2653987907749676,0.0009223391799614797,0.265678592938867,5,1.0,0.0,1.0,5,0.0,0.0,0.0,5,0.0,0.0,0.0,5
honeycomb,ql,block_async,lesion,plastic,0,0,0.68,0.2,0.016,0.5,0.6,0.6,False,0.39691863222655377,0.0004124731494068208,0.3968707305659264,5,0.7332361409062119,0.0007272993811266166,0.7330597552963571,5,0.0016236358331167735,0.008439326704578452,2.8116137328667724e-05,5,0.0010425915687841201,0.0039003426528762394,0.0009851163993743,5,0.005455472902679759,0.0073885903479836805,0.0082187545629673,5,1.4913652023201907,0.004174302906042428,1.491948268723704,5,0.0025975533466727997,0.00020311515768691604,0.0027140757789731,5,0.2648077467610402,0.0022948496245699117,0.2644678870860392,5,1.0,0.0,1.0,5,0.0,0.0,0.0,5,0.0,0.0,0.0,5
honeycomb,ql,block_async,order_ab,fixed,0,0,0.68,0.2,0.016,0.5,0.6,0.6,False,0.396161184613675,0.0010084980872500644,0.3963350416330705,5,0.7334839308228399,0.0016128307980470026,0.733350186279339,5,,,,0,0.001085862862722718,0.004489907203077236,-7.288588357510992e-05,5,0.00018018380473576006,0.0033072728658329197,-0.0008186733029362,5,1.489569433728848,0.004046118108408478,1.4904905665218302,5,0.00276563195146852,0.0002867048480864926,0.0028015974686962,5,0.2676021876249122,0.0007568157889393087,0.2670781923005165,5,1.0,0.0,1.0,5,0.0,0.0,0.0,5,0.0,0.0,0.0,5
honeycomb,ql,block_async,order_ab,plastic,0,0,0.68,0.2,0.016,0.5,0.6,0.6,False,0.3971860386514237,0.0011660723494818616,0.3972039640236545,5,0.7337187277931541,0.001330051551595396,0.7340278516397821,5,,,,0,-0.00074627479417224,0.004363070175544043,0.0001781718393405,5,0.00336028942847574,0.0065575868679843725,0.0048706986971071,5,1.4877610385322997,0.003960703640163152,1.485849670305991,5,0.00267481629288798,0.00020729078334054619,0.0027025030229962,5,0.2664427231209034,0.0016648823780391019,0.2664286551246944,5,1.0,0.0,1.0,5,0.0,0.0,0.0,5,0.0,0.0,0.0,5
honeycomb,ql,block_async,order_ba,fixed,0,0,0.68,0.2,0.016,0.5,0.6,0.6,False,0.396514146288236,0.0009529132388061922,0.3964705893898583,5,0.7344616419672569,0.0009968766617853388,0.7349571322685579,5,,,,0,-0.0027018027619910004,0.0019462619956011234,-0.0034748344849439,5,-0.0008902183078832001,0.0035423113229300462,-0.0007416908639174,5,1.4872807093887914,0.004067867611415805,1.486569118759563,5,0.002530909682433,0.0002204732489853658,0.0025220507713619,5,0.2669806636063252,0.0012583205301591246,0.2667067844897218,5,1.0,0.0,1.0,5,0.0,0.0,0.0,5,0.0,0.0,0.0,5
honeycomb,ql,block_async,order_ba,plastic,0,0,0.68,0.2,0.016,0.5,0.6,0.6,False,0.3963845218619223,0.0011458227575724947,0.3965229540175169,5,0.734672116999465,0.0009622788277197102,0.7350908076966254,5,,,,0,-0.0029797297833794602,0.005566944016837837,-0.0021756992926545,5,-0.0008892681576855253,0.004786098500148419,-0.0004348484506471,5,1.4839617067537219,0.0053701501366051115,1.4841358325723728,5,0.00259088142668788,0.00018586266080544586,0.0025937000538448,5,0.2678994395620745,0.001251537238012769,0.2679471381432768,5,1.0,0.0,1.0,5,0.0,0.0,0.0,5,0.0,0.0,0.0,5
honeycomb,ql,synchronous,baseline,fixed,0,0,0.68,0.2,0.016,0.5,0.6,0.6,False,0.3972885194798046,0.0015448033392871131,0.3969808170472184,5,0.7552348626964718,0.0012940293469310025,0.7550000125653301,5,,,,0,0.00138683682711402,0.0056708255886986254,0.0022092576611898,5,-0.0015571350703843605,0.0032393482453075264,-0.0011739087329361,5,1.476986082875958,0.007854660148291746,1.4804107654177248,5,0.00234277326428806,0.00013308745859965065,0.0023840188857244,5,0.2612346084696261,0.0014143944758684003,0.2611047059505816,5,1.0,0.0,1.0,5,0.0,0.0,0.0,5,0.0,0.0,0.0,5
honeycomb,ql,synchronous,baseline,plastic,0,0,0.68,0.2,0.016,0.5,0.6,0.6,False,0.396103884629733,0.002327235480136874,0.3969462755500732,5,0.7554912604729955,0.002033716382585753,0.755972886403976,5,,,,0,-0.0042413945117320394,0.009143127789575827,-0.0001395295607363,5,-0.00282169894310296,0.0065770194175909106,-0.0038181311026285,5,1.4740875594487417,0.00712185943760823,1.470401026737029,5,0.0026043581070344197,0.00016728688475266563,0.0026322044790813,5,0.25937924703460213,0.0021654336664643386,0.2601575383923713,5,1.0,0.0,1.0,5,0.0,0.0,0.0,5,0.0,0.0,0.0,5
honeycomb,ql,synchronous,imprint,fixed,0,0,0.68,0.2,0.016,0.5,0.6,0.6,False,0.3955779333991645,0.001383013077043629,0.3956366104140686,5,0.7548869077439337,0.0016137267589324516,0.7553876693526778,5,,,,0,-0.0015357675243634998,0.005770717317989974,-0.0003481952982671,5,0.00469229851431688,0.0076681021989686024,0.003753897217667,5,1.4746180147858898,0.006020765021620289,1.4767206101333072,5,0.00243671727848314,0.00034245783601240406,0.0024269609214308,5,0.2617124086008496,0.00144746518646535,0.2619981757150966,5,1.0,0.0,1.0,5,0.0,0.0,0.0,5,0.0,0.0,0.0,5
honeycomb,ql,synchronous,imprint,plastic,0,0,0.68,0.2,0.016,0.5,0.6,0.6,False,0.3955425530169798,0.0025974963291726413,0.3962968794271239,5,0.7551342368534468,0.0007350869015349441,0.7553342357753512,5,,,,0,0.0002928243295096021,0.008315220512815613,0.0013291288467852,5,0.0030183710295959,0.010494006473810179,0.0050529195907756,5,1.4685672309132463,0.003096188479730213,1.469117062859505,5,0.0026340915995486597,6.44509310073114e-05,0.0026558940331896,5,0.2611326190665551,0.0020565020580153148,0.2611858942701607,5,1.0,0.0,1.0,5,0.0,0.0,0.0,5,0.0,0.0,0.0,5
honeycomb,ql,synchronous,lesion,fixed,0,0,0.68,0.2,0.016,0.5,0.6,0.6,False,0.3958789311324945,0.0015442129283216746,0.3955229761549259,5,0.7560411367279656,0.001913852344762777,0.757136511890905,5,-0.01849435484911206,0.003870242638562098,-0.0169998068870334,5,-0.0005615602620358399,0.00546424354160256,-0.0023243974962775,5,-0.00798034537825302,0.004021200780930772,-0.0067630867929108,5,1.4724054476108503,0.006873469960000054,1.4741083811314306,5,0.00228970886129312,9.198660660795894e-05,0.0022962704846511,5,0.2603871686488241,0.0015357787596261487,0.261016685808472,5,1.0,0.0,1.0,5,0.0,0.0,0.0,5,0.0,0.0,0.0,5
honeycomb,ql,synchronous,lesion,plastic,0,0,0.68,0.2,0.016,0.5,0.6,0.6,False,0.39620695914754156,0.00252377420562853,0.3956944191288808,5,0.7554020848292117,0.004063258470753217,0.755273740761753,5,0.00522079900066142,0.017938787802624753,0.0088836683382563,5,-0.0019711897998185737,0.001512815274165106,-0.0021791388016887,5,0.0035966748719930197,0.005984112418783869,0.0012727917855962,5,1.4748352909427664,0.010269772587417797,1.4759449299715428,5,0.0026506670691034398,0.0004085916420977762,0.0028523595098035,5,0.2594637451574722,0.001464036857744032,0.2599008255652072,5,1.0,0.0,1.0,5,0.0,0.0,0.0,5,0.0,0.0,0.0,5
honeycomb,ql,synchronous,order_ab,fixed,0,0,0.68,0.2,0.016,0.5,0.6,0.6,False,0.3954927215430224,0.0011882100692554621,0.3953479662250716,5,0.7544886865243716,0.0015905253160196993,0.7540063220790156,5,,,,0,-0.0011368988642722001,0.007172006725148125,0.0038151191418173,5,0.00553217264272002,0.004917946457002672,0.0068982357498575,5,1.4740696232044803,0.005596015647833462,1.4738271184560798,5,0.00243815591087144,0.00020226033670620895,0.0024818101609536,5,0.26424205420568603,0.002724499956622696,0.2646475329918248,5,1.0,0.0,1.0,5,0.0,0.0,0.0,5,0.0,0.0,0.0,5
honeycomb,ql,synchronous,order_ab,plastic,0,0,0.68,0.2,0.016,0.5,0.6,0.6,False,0.39710942142824834,0.0017058426553060659,0.3973084384980162,5,0.7554951110739186,0.00220739481398732,0.7558040903348491,5,,,,0,-0.00612296798362534,0.006340101569756102,-0.0087994298533795,5,0.00217184329966752,0.008224643827928136,-0.0007588495943901,5,1.4773004613290186,0.009806082941529515,1.4755319955557622,5,0.00244882044260614,0.00022582704187380692,0.0024010925444309,5,0.2638122386475286,0.001312396199083957,0.26354978047197,5,1.0,0.0,1.0,5,0.0,0.0,0.0,5,0.0,0.0,0.0,5
honeycomb,ql,synchronous,order_ba,fixed,0,0,0.68,0.2,0.016,0.5,0.6,0.6,False,0.39433752553049384,0.001540595372541827,0.395354755416123,5,0.7535432243751738,0.0020978277279612902,0.7535956270027396,5,,,,0,0.006427840884969021,0.004222773160645241,0.0052392092773042,5,0.00591427368257786,0.005328460271450095,0.006447042275759,5,1.4739233253056065,0.004665352518583902,1.471242107625117,5,0.0026735528387517,0.00021345072720529632,0.0027375656490516,5,0.26421770376409465,0.001990088697268595,0.2641093873162394,5,1.0,0.0,1.0,5,0.0,0.0,0.0,5,0.0,0.0,0.0,5
honeycomb,ql,synchronous,order_ba,plastic,0,0,0.68,0.2,0.016,0.5,0.6,0.6,False,0.39352763957302994,0.0016620362586429107,0.3926907284086368,5,0.7513772899962501,0.003713420537027372,0.7490637696983155,5,,,,0,0.00568061390650364,0.006039077278770139,0.0024169729162757,5,0.00312913885029548,0.0045288776115509155,0.0033567235860796,5,1.476979130887177,0.0084807051285359,1.4785333393659357,5,0.00274267063346764,0.00026025545089888364,0.0027752709109146,5,0.264311644676566,0.0017457685812317149,0.2645045277266162,5,1.0,0.0,1.0,5,0.0,0.0,0.0,5,0.0,0.0,0.0,5
honeycomb_nnn,markov,alpha_async,baseline,fixed,0,0,0.68,0.2,0.016,0.5,0.6,0.6,False,0.4817125936777663,0.0008274132717556131,0.4817488671163117,5,0.1401691690368045,0.006255523281501995,0.1397307745819533,5,,,,0,0.00185422873695836,0.004884117812521569,0.0013590805433905,5,0.00023035624958885997,0.004301533377512853,-0.001878941462127,5,0.9989278570174769,0.00022514983029743636,0.999050787946926,5,0.03241208589175122,0.012604639259920922,0.0309667898292209,5,0.0,0.0,0.0,5,1.0,0.0,1.0,5,0.0,0.0,0.0,5,0.0,0.0,0.0,5
honeycomb_nnn,markov,alpha_async,baseline,plastic,0,0,0.68,0.2,0.016,0.5,0.6,0.6,False,0.4156903536255673,0.002755180995507954,0.4162210800598978,5,0.6716756158167045,0.007675140003319675,0.6704862296566263,5,,,,0,0.00239995184450932,0.010883188049701467,0.0009223132710502,5,-0.0030949463193482804,0.013486342131526038,0.0022713976183588,5,0.9722338282572467,0.009820667018197336,0.9756345478891204,5,0.02317326191818286,0.007385761846522011,0.0203474655533158,5,0.0,0.0,0.0,5,0.9999957133058984,9.585339409755154e-06,1.0,5,0.0,0.0,0.0,5,0.0,0.0,0.0,5
honeycomb_nnn,markov,alpha_async,imprint,fixed,0,0,0.68,0.2,0.016,0.5,0.6,0.6,False,0.48356632211510925,0.001278125122649349,0.4832828436570272,5,0.12461514603486523,0.008720698080884957,0.1255157337416224,5,,,,0,0.00239268388608716,0.0044588880613910765,0.0010929242769988,5,0.00360041531601698,0.003945954595434151,0.0037543871889715,5,0.9993241581163588,0.0001630391265138511,0.9993425288064688,5,0.03450569760897034,0.00844548618123752,0.0356610456184076,5,0.0,0.0,0.0,5,1.0,0.0,1.0,5,0.0,0.0,0.0,5,0.0,0.0,0.0,5
honeycomb_nnn,markov,alpha_async,imprint,plastic,0,0,0.68,0.2,0.016,0.5,0.6,0.6,False,0.41492048171866946,0.0037427792143676854,0.4138381734412656,5,0.6223826383328268,0.009106375285399867,0.6238609086726059,5,,,,0,-0.0023900964246141,0.003700234153929018,-0.0030469435932793,5,-0.0015271634128807602,0.007533607704238336,0.0019579375662809,5,1.0276333610955841,0.01253373267030159,1.0244836367475867,5,0.024784072408644362,0.005200232194489869,0.0256076695630064,5,0.0,0.0,0.0,5,0.9995970507544583,0.00013757550185075295,0.9995927640603568,5,0.0,0.0,0.0,5,0.0,0.0,0.0,5
honeycomb_nnn,markov,alpha_async,lesion,fixed,0,0,0.68,0.2,0.016,0.5,0.6,0.6,False,0.48381972125623696,0.0012386357874376078,0.4836569767470836,5,0.12251977338657896,0.008487712419234737,0.1220985834081163,5,0.00259436913000778,0.00553550528156207,0.0028393241790232,5,0.0027543243704366395,0.005543092629058442,0.0030936924951317,5,0.00419003855175474,0.0040558936734141765,0.0044319441451308,5,0.9993652193965413,0.00016549375642317538,0.9994175146271728,5,0.036857319669030865,0.008734352182324335,0.0384894149602376,5,0.0,0.0,0.0,5,1.0,0.0,1.0,5,0.0,0.0,0.0,5,0.0,0.0,0.0,5
honeycomb_nnn,markov,alpha_async,lesion,plastic,0,0,0.68,0.2,0.016,0.5,0.6,0.6,False,0.416418578140469,0.00261324262400964,0.417157952910109,5,0.6240877859425322,0.0077762937645056785,0.625049601646108,5,-0.0062759943077957195,0.011854638928995413,-0.0062966206448587,5,-0.0010870313520334979,0.003900734755733816,3.908070996831055e-05,5,-0.0014666712014702998,0.0053264089058295706,-0.0017525797900206,5,1.019679593803342,0.012006586913327368,1.01920371426222,5,0.024426536182263918,0.00495132731072033,0.0226234007451841,5,0.0,0.0,0.0,5,0.9995541838134431,0.0001548558973610562,0.9995927640603568,5,0.0,0.0,0.0,5,0.0,0.0,0.0,5
honeycomb_nnn,markov,alpha_async,order_ab,fixed,0,0,0.68,0.2,0.016,0.5,0.6,0.6,False,0.4159873684564552,0.002467581947624322,0.4165525011820395,5,0.21045713117452505,0.011127161811320094,0.2137114726272548,5,,,,0,0.0454204870757616,0.005009739482398475,0.0432663861740791,5,0.04470183750634766,0.00671240975152858,0.04601296901288,5,1.309217306014175,0.00904043650224959,1.3087110576914012,5,0.037125909120910836,0.009809581484294878,0.0356011777507767,5,0.0,0.0,0.0,5,1.0,0.0,1.0,5,0.0,0.0,0.0,5,0.0,0.0,0.0,5
honeycomb_nnn,markov,alpha_async,order_ab,plastic,0,0,0.68,0.2,0.016,0.5,0.6,0.6,False,0.33750600028307426,0.005885376989554298,0.334688086716483,5,0.4619266782136221,0.013655552639340663,0.45870406780146,5,,,,0,0.07160624530428328,0.007717327436031872,0.0748537482739414,5,0.06256256207046959,0.008041800769532478,0.0606128601684581,5,1.3796439759029604,0.020932568187758113,1.3825075932249509,5,0.03725261684895946,0.004526064581214407,0.037477003923792,5,0.0,0.0,0.0,5,0.9993955761316873,0.00013419475173612796,0.9994212962962964,5,0.0,0.0,0.0,5,0.0,0.0,0.0,5
honeycomb_nnn,markov,alpha_async,order_ba,fixed,0,0,0.68,0.2,0.016,0.5,0.6,0.6,False,0.3926181581261204,0.003833634633752157,0.3924903440852282,5,0.20383851161179772,0.004294565657202363,0.2033023928794943,5,,,,0,0.05752662504821824,0.0051316731198105675,0.0597855930982066,5,0.055449031854075015,0.004402008848910409,0.0563112883369135,5,1.4099047848541388,0.006806490876271455,1.4108097292254067,5,0.03285445818028136,0.00498365394071399,0.031411375405548,5,0.0,0.0,0.0,5,1.0,0.0,1.0,5,0.0,0.0,0.0,5,0.0,0.0,0.0,5
honeycomb_nnn,markov,alpha_async,order_ba,plastic,0,0,0.68,0.2,0.016,0.5,0.6,0.6,False,0.33496325242213,0.005645802538747456,0.3327462146876009,5,0.4542305439937572,0.010302677755799187,0.4562456077181263,5,,,,0,0.07383708717220708,0.0062633362446200365,0.0742111092203593,5,0.06235125975249045,0.007747194361264114,0.063994615552053,5,1.4092242807717748,0.016044648239923655,1.408603702079413,5,0.043502785093251624,0.002006106877924231,0.0429951831261759,5,0.0,0.0,0.0,5,0.9992541152263374,0.00010865733758269681,0.9992283950617284,5,0.0,0.0,0.0,5,0.0,0.0,0.0,5
honeycomb_nnn,markov,block_async,baseline,fixed,0,0,0.68,0.2,0.016,0.5,0.6,0.6,False,0.4822138728701192,0.00033932027621805114,0.4821641960017245,5,0.1353186327929045,0.0024957559348523324,0.1367320350666608,5,,,,0,0.0014317738987973199,0.007599754294486488,-0.0005487055302111,5,-0.00042671748457230005,0.005124791357062634,-0.0037466664338532,5,0.9990184294454754,6.0893954941163974e-05,0.99902629707208,5,0.02754723692455462,0.006661989110777295,0.0244583638574293,5,0.0,0.0,0.0,5,1.0,0.0,1.0,5,0.0,0.0,0.0,5,0.0,0.0,0.0,5
honeycomb_nnn,markov,block_async,baseline,plastic,0,0,0.68,0.2,0.016,0.5,0.6,0.6,False,0.4075557315541616,0.006464938761242249,0.4067679714456677,5,0.6712950273595567,0.018673239835663522,0.6700372799236894,5,,,,0,0.00603424993554706,0.007936802296346532,0.0035063198512572,5,0.0116128594604456,0.011820060092362082,0.0148556107352563,5,0.9635580596808933,0.04141530843239046,0.9599191051279508,5,0.050584093107922334,0.024325379096935943,0.0489250236528642,5,0.0,0.0,0.0,5,1.0,0.0,1.0,5,0.0,0.0,0.0,5,0.0,0.0,0.0,5
honeycomb_nnn,markov,block_async,imprint,fixed,0,0,0.68,0.2,0.016,0.5,0.6,0.6,False,0.48624004281439337,0.002265855544184133,0.4856306586008519,5,0.10054285237956231,0.017546872980150004,0.1059365011443479,5,,,,0,-0.0009069321983892597,0.004416618726739048,0.0014880167319445,5,-0.0008160381095583598,0.003172607498801174,-0.001496398350229,5,0.9996726818528584,0.00017506436214350288,0.9995973326464002,5,0.07039557009354468,0.022933929162835598,0.0685609920797592,5,0.0,0.0,0.0,5,1.0,0.0,1.0,5,0.0,0.0,0.0,5,0.0,0.0,0.0,5
honeycomb_nnn,markov,block_async,imprint,plastic,0,0,0.68,0.2,0.016,0.5,0.6,0.6,False,0.41229421259220606,0.009701721989164806,0.4077978889486752,5,0.628316294981548,0.04040915751323838,0.6453922353320501,5,,,,0,-0.00432084603002868,0.010958461014269996,-0.0020812393342493,5,-0.003894078892209141,0.013020788345101193,-0.0039467149703806,5,0.9959250220780493,0.04676376284027783,0.9733114307355292,5,0.04833850337513358,0.011677936755172313,0.0436589516152945,5,0.0,0.0,0.0,5,0.9995241769547325,0.00011280604738465984,0.9995713305898491,5,0.0,0.0,0.0,5,0.0,0.0,0.0,5
honeycomb_nnn,markov,block_async,lesion,fixed,0,0,0.68,0.2,0.016,0.5,0.6,0.6,False,0.48637555494966145,0.0021797845746697256,0.4856246106230965,5,0.09934571724404449,0.01682119767070928,0.104591204052851,5,-0.0011497172801801599,0.0055018017064762574,0.001488331329724,5,-0.0009220492927987801,0.005431780237694881,0.0019747802772472,5,-0.00037925922394362006,0.002715673869124365,-0.0010345530486759,5,0.9996962388923197,0.00015319763460537998,0.9996231915111208,5,0.07250751876835998,0.024595914293291346,0.0705622968166515,5,0.0,0.0,0.0,5,1.0,0.0,1.0,5,0.0,0.0,0.0,5,0.0,0.0,0.0,5
honeycomb_nnn,markov,block_async,lesion,plastic,0,0,0.68,0.2,0.016,0.5,0.6,0.6,False,0.4114117306254215,0.009250141462354174,0.4094400994201167,5,0.6318901487017944,0.037175156630241055,0.6388555600585676,5,-0.00306403324822124,0.018356016295061377,-0.005492030652321,5,-0.00353219340547514,0.009349938353109202,0.0010128262709403,5,-0.00042171740133550037,0.011424848390606753,-0.0029240623003139,5,0.9873684615931386,0.05634086347147104,0.9703242379268928,5,0.04753401305366114,0.013011741415355143,0.04477676295397,5,0.0,0.0,0.0,5,0.9995156035665295,0.00011700397860043291,0.9994855967078188,5,0.0,0.0,0.0,5,0.0,0.0,0.0,5
honeycomb_nnn,markov,block_async,order_ab,fixed,0,0,0.68,0.2,0.016,0.5,0.6,0.6,False,0.4854493434833108,0.0010171529898977917,0.4855376335713314,5,0.1068697428358671,0.006929679244978335,0.1083954507156711,5,,,,0,0.0030400921214012,0.004946242547296576,0.0032014370935779,5,-0.0009611154260121197,0.004822153174815396,-0.0031778523419562,5,0.9997114436117421,6.125576577734371e-05,0.9997044171962236,5,0.04486735549163642,0.00868189883019241,0.0474758969714219,5,0.0,0.0,0.0,5,1.0,0.0,1.0,5,0.0,0.0,0.0,5,0.0,0.0,0.0,5
honeycomb_nnn,markov,block_async,order_ab,plastic,0,0,0.68,0.2,0.016,0.5,0.6,0.6,False,0.4251002324139391,0.00396302753654409,0.4263035040246146,5,0.5335694508302364,0.01335404401975138,0.5302727901932842,5,,,,0,-0.00421620017811114,0.009526040484401616,-0.0031942211328719,5,-0.005228082557052339,0.0059154191610924795,-0.0084334119273459,5,1.08394760081153,0.007426447728147408,1.0875087696683126,5,0.038643369832555466,0.009564340026312687,0.0362793157412806,5,0.0,0.0,0.0,5,0.9992969821673526,0.00010759516802127407,0.999335562414266,5,0.0,0.0,0.0,5,0.0,0.0,0.0,5
honeycomb_nnn,markov,block_async,order_ba,fixed,0,0,0.68,0.2,0.016,0.5,0.6,0.6,False,0.48408037982814295,0.0009348294408931184,0.484260384278428,5,0.11955534185531289,0.008341475930418184,0.1172818129223874,5,,,,0,-0.00041945626324098,0.004360238530230936,-0.0024116735397907,5,0.00025935139225076003,0.004001196754198892,0.0003773172576712,5,0.9994157630778243,0.0002481564500314607,0.999509144010349,5,0.04191047659462404,0.022495792356451758,0.0367116661924548,5,0.0,0.0,0.0,5,1.0,0.0,1.0,5,0.0,0.0,0.0,5,0.0,0.0,0.0,5
honeycomb_nnn,markov,block_async,order_ba,plastic,0,0,0.68,0.2,0.016,0.5,0.6,0.6,False,0.42302871978824513,0.00356722934996039,0.4235139903551815,5,0.5470136276447066,0.018862719323627358,0.5351879439627327,5,,,,0,-0.00551011403778746,0.005914236549906207,-0.0040166491687062,5,-0.00205693086548816,0.004747286668455314,-0.0028537320213156,5,1.0742697347207817,0.01307045715422515,1.0824208530860755,5,0.04284414351267214,0.012676478331878464,0.0436919998805119,5,0.0,0.0,0.0,5,0.9992926954732511,6.0623009361043555e-05,0.9993141289437586,5,0.0,0.0,0.0,5,0.0,0.0,0.0,5
honeycomb_nnn,markov,synchronous,baseline,fixed,0,0,0.68,0.2,0.016,0.5,0.6,0.6,False,0.41630530454501385,0.002751207661135195,0.4148326649679791,5,0.8605776883299712,0.0017734122703601054,0.8599368184063844,5,,,,0,-1.6504963825620528e-05,0.02102780427206995,-0.007671852526019,5,0.0038312988554207402,0.014404715800238211,0.0055485475205258,5,1.2398271569819257,0.01905421240591873,1.241711906614685,5,0.006977179571531761,0.0004970710872547478,0.0069242804854565,5,0.0,0.0,0.0,5,1.0,0.0,1.0,5,0.0,0.0,0.0,5,0.0,0.0,0.0,5
honeycomb_nnn,markov,synchronous,baseline,plastic,0,0,0.68,0.2,0.016,0.5,0.6,0.6,False,0.41704347626444954,0.003537739691070307,0.4148297144538843,5,0.8603834901798451,0.0018921385475770902,0.8599575669387601,5,,,,0,-0.00038683551236557985,0.011945614864805247,-0.0011303798745754,5,0.0084927278207954,0.012288564900326922,0.0081715472865878,5,1.219743594059541,0.024193479462981397,1.2078286083617138,5,0.00621220549585884,0.0007867609330494288,0.0063471323354379,5,0.0,0.0,0.0,5,1.0,0.0,1.0,5,0.0,0.0,0.0,5,0.0,0.0,0.0,5
honeycomb_nnn,markov,synchronous,imprint,fixed,0,0,0.68,0.2,0.016,0.5,0.6,0.6,False,0.41500481942927747,0.0029059847797581156,0.4136916140137575,5,0.8585136183059874,0.0017143072840044413,0.8580601591021593,5,,,,0,-0.000339492874838619,0.013199567258299126,0.0012311981786086,5,0.0010092596104211396,0.00919986413126419,0.0010334285234668,5,1.248875972993528,0.013717058437905121,1.250998205028011,5,0.00660600767317712,0.000564278781045262,0.0066081465774291,5,0.0,0.0,0.0,5,1.0,0.0,1.0,5,0.0,0.0,0.0,5,0.0,0.0,0.0,5
honeycomb_nnn,markov,synchronous,imprint,plastic,0,0,0.68,0.2,0.016,0.5,0.6,0.6,False,0.41422982450982415,0.003265183180433684,0.41540826645424,5,0.8583993802971446,0.0019992070547348575,0.8583112871748846,5,,,,0,-0.01417115938796854,0.01352363821400223,-0.0142917597195571,5,0.0054015632731959405,0.01837594943924356,0.0047319273789695,5,1.2257323577387578,0.017374445724469376,1.2206634465850257,5,0.006474602253413619,0.0005547306534980636,0.0066167288561694,5,0.0,0.0,0.0,5,1.0,0.0,1.0,5,0.0,0.0,0.0,5,0.0,0.0,0.0,5
honeycomb_nnn,markov,synchronous,lesion,fixed,0,0,0.68,0.2,0.016,0.5,0.6,0.6,False,0.4125976112141284,0.0016316470795930118,0.4127817291984462,5,0.8578693132646705,0.0005206507591650641,0.8576567933618409,5,-0.01150167647510888,0.031907212720929654,-0.002932458183157,5,0.010756331223297038,0.019355704699863883,0.0053897759434142,5,0.01910800965966648,0.016055090785863396,0.0201375708028387,5,1.237314919628574,0.01871282862413872,1.226556925125411,5,0.0064707500454647595,0.0006436518533627744,0.0065346042242052,5,0.0,0.0,0.0,5,1.0,0.0,1.0,5,0.0,0.0,0.0,5,0.0,0.0,0.0,5
honeycomb_nnn,markov,synchronous,lesion,plastic,0,0,0.68,0.2,0.016,0.5,0.6,0.6,False,0.41397277858818493,0.002519806587747929,0.414133077248291,5,0.8576710048745216,0.0014966185888149904,0.8575148455293731,5,-0.020060256585014057,0.039911669446922184,-0.0338717433432685,5,-0.007717072345809139,0.009788685170469772,-0.0090808288284111,5,0.0068266212477822805,0.011097105503057368,0.0041722122737994,5,1.2425944930366737,0.01134687586627043,1.2445011503486538,5,0.00700163384909098,0.0006581692223838338,0.0067576105402368,5,0.0,0.0,0.0,5,1.0,0.0,1.0,5,0.0,0.0,0.0,5,0.0,0.0,0.0,5
honeycomb_nnn,markov,synchronous,order_ab,fixed,0,0,0.68,0.2,0.016,0.5,0.6,0.6,False,0.41389986694925807,0.004166517818270062,0.4137772635743901,5,0.8547498900418514,0.0014273829242407569,0.8540077423117639,5,,,,0,0.0043911530641979595,0.01619097821946432,-0.0023892465882866,5,0.0081140052401213,0.026657416197495145,-0.0010645085831244,5,1.2509356263990168,0.02304488441815778,1.242976687467448,5,0.0069520151381423,0.0005677673783904614,0.0066883953562156,5,0.0,0.0,0.0,5,1.0,0.0,1.0,5,0.0,0.0,0.0,5,0.0,0.0,0.0,5
honeycomb_nnn,markov,synchronous,order_ab,plastic,0,0,0.68,0.2,0.016,0.5,0.6,0.6,False,0.4155317027452476,0.003935332611950761,0.416569352758608,5,0.8542531990210585,0.002534867645981395,0.8551465357728523,5,,,,0,-0.00022538586676988,0.010137250054866945,-0.0025696955532362,5,-0.0032134289606115794,0.021681091832727435,-0.011420442356512,5,1.235557955263364,0.01457227682549639,1.2382569058026305,5,0.007222265072280421,0.0008895549870861483,0.0074046127762097,5,0.0,0.0,0.0,5,0.9998585390946502,1.9170678819494533e-05,0.9998713991769548,5,0.0,0.0,0.0,5,0.0,0.0,0.0,5
honeycomb_nnn,markov,synchronous,order_ba,fixed,0,0,0.68,0.2,0.016,0.5,0.6,0.6,False,0.41153201172536785,0.0036752231726250237,0.4110861140903203,5,0.8497874928962214,0.0023880207862078283,0.8497254845132105,5,,,,0,-0.003557956981405999,0.012551723346726525,-0.0041235948222144,5,-0.0009629712818438401,0.002442234986997798,-0.0018225056848155,5,1.2600641168337925,0.012606735675427716,1.2547053811325224,5,0.00825486025139586,0.0005928953672128396,0.0081860943524785,5,0.0,0.0,0.0,5,1.0,0.0,1.0,5,0.0,0.0,0.0,5,0.0,0.0,0.0,5
honeycomb_nnn,markov,synchronous,order_ba,plastic,0,0,0.68,0.2,0.016,0.5,0.6,0.6,False,0.40990146688801676,0.0032857008915573582,0.4099209797242332,5,0.8480996384625801,0.0016051103978934234,0.8489145863839866,5,,,,0,0.010860151906546881,0.017566994631238734,0.0189876021372876,5,0.00466457618925792,0.008971098339536972,0.0040220969333199,5,1.2557691238411741,0.011408684395515454,1.261917887406711,5,0.00829202873019516,0.0018105201058235402,0.0072357488437318,5,0.0,0.0,0.0,5,0.9998542524005487,1.79325280036237e-05,0.9998499657064472,5,0.0,0.0,0.0,5,0.0,0.0,0.0,5
honeycomb_nnn,ql,alpha_async,baseline,fixed,0,0,0.68,0.2,0.016,0.5,0.6,0.6,False,0.48072690316224875,0.0010812613024223901,0.4803127333871527,5,0.26838915042565326,0.005258949346919686,0.271164059166157,5,,,,0,0.00440197186840366,0.0034151683416119307,0.0037694388322246,5,-0.00014223249737211995,0.0032399495748379925,0.0001035684772691,5,0.9984185628335283,0.00020654390132863104,0.9984271104785308,5,0.02099442722449424,0.0065976122955013015,0.0222558347755724,5,0.33006452170029865,0.0015654789727619555,0.329395341700566,5,1.0,0.0,1.0,5,0.0,0.0,0.0,5,0.0,0.0,0.0,5
honeycomb_nnn,ql,alpha_async,baseline,plastic,0,0,0.68,0.2,0.016,0.5,0.6,0.6,False,0.41527435874889224,0.005975709308978197,0.4122063912940392,5,0.6772125589498713,0.013676466758510438,0.682656011550004,5,,,,0,0.00448343692928168,0.007226094611724825,0.0058909229559946,5,-0.0015202765215327,0.006092153426176,-0.0016411693852144,5,0.9625627348339405,0.03265879127665079,0.9553887130769444,5,0.026468715996674018,0.02150130670553804,0.0196725986368309,5,0.23386054014656965,0.0020513772663179465,0.2331187704647429,5,0.9999914266117969,1.9170678819460655e-05,1.0,5,0.0,0.0,0.0,5,0.0,0.0,0.0,5
honeycomb_nnn,ql,alpha_async,imprint,fixed,0,0,0.68,0.2,0.016,0.5,0.6,0.6,False,0.48386218528506986,0.0008346622109437741,0.4836109278941622,5,0.2525318215591267,0.0032064720824424636,0.2525606214301421,5,,,,0,0.00528356232567672,0.0026742038363928473,0.005221780979479,5,-0.0021494976381101,0.0033980088075139733,-0.0007818823918178,5,0.9990129498325425,0.000100483796855109,0.9990629688720238,5,0.02010672086484814,0.0033903156108916455,0.0204036890494475,5,0.33197282687579754,0.0006579206786087126,0.3321965613680059,5,1.0,0.0,1.0,5,0.0,0.0,0.0,5,0.0,0.0,0.0,5
honeycomb_nnn,ql,alpha_async,imprint,plastic,0,0,0.68,0.2,0.016,0.5,0.6,0.6,False,0.41058855557343354,0.003011027212251638,0.4118319170560995,5,0.6587933796487438,0.011290291705902147,0.6617048674207433,5,,,,0,-0.0006749801265873402,0.008013496562869357,-0.0027436463825868,5,-0.0012155021467811999,0.003993668216996057,-0.0024246750026213,5,0.9687715556560477,0.01861829854508292,0.9676000207142812,5,0.02204654797250144,0.0014025009213488701,0.0217849957850265,5,0.23898875529246394,0.001503066796574533,0.2389091551247122,5,0.9993912894375857,2.4437916347325832e-05,0.9993998628257889,5,0.0,0.0,0.0,5,0.0,0.0,0.0,5
honeycomb_nnn,ql,alpha_async,lesion,fixed,0,0,0.68,0.2,0.016,0.5,0.6,0.6,False,0.4838686804327497,0.0008315407538766818,0.4836100473645242,5,0.25248006628276065,0.0032722911416348593,0.2522383950564791,5,0.00507306455885188,0.0030004467227012317,0.0049950150911485,5,0.00507512927137094,0.0030463282607819846,0.0052113758503863,5,-0.00231772923022208,0.003602984935045341,-0.0009638396819918,5,0.9990064224019657,0.00012140730460755924,0.9990589515686013,5,0.0199760290406826,0.0034551366735176533,0.0204030475505881,5,0.3319385861015866,0.0007042101597524153,0.3322501504043192,5,1.0,0.0,1.0,5,0.0,0.0,0.0,5,0.0,0.0,0.0,5
honeycomb_nnn,ql,alpha_async,lesion,plastic,0,0,0.68,0.2,0.016,0.5,0.6,0.6,False,0.4103788534604491,0.003019849639435026,0.4110641493708019,5,0.6594109151434104,0.010938687753444466,0.6589120473676486,5,0.0017686633445331396,0.015486480941439989,0.0081775645593107,5,0.00175627126756414,0.0099394665947401,0.0025860274715575,5,-0.0028958964564491604,0.0066936426556837,-0.0044085270502209,5,0.9653441170368684,0.018655387856264475,0.9622730687672632,5,0.0239693802080857,0.0029588602951264417,0.0239336172791798,5,0.23945547716748514,0.001143755445440545,0.2395705552100395,5,0.9993998628257887,8.301147432712926e-05,0.9993784293552812,5,0.0,0.0,0.0,5,0.0,0.0,0.0,5
honeycomb_nnn,ql,alpha_async,order_ab,fixed,0,0,0.68,0.2,0.016,0.5,0.6,0.6,False,0.47512262576073444,0.0009364596209988602,0.4749763156241349,5,0.28818081806146634,0.003193688910858388,0.2875143455574596,5,,,,0,0.0029455442015465997,0.006317742890338293,0.0019093770505048,5,0.008312190710078219,0.0029305167768903283,0.0079968463658763,5,1.0253002349848086,0.002807077412787119,1.0256188569963758,5,0.01884470853037528,0.0030390683908769426,0.019088738948666,5,0.307183439170262,0.00039924260900025486,0.3073921577103078,5,1.0,0.0,1.0,5,0.0,0.0,0.0,5,0.0,0.0,0.0,5
honeycomb_nnn,ql,alpha_async,order_ab,plastic,0,0,0.68,0.2,0.016,0.5,0.6,0.6,False,0.41878704007843864,0.0024003377481648987,0.4193046475721353,5,0.5933358430630333,0.006673230645429208,0.5972326436752498,5,,,,0,-0.00340383098528524,0.005553339589209465,-0.0029340248401304,5,-0.0011702054198149798,0.005058064035625934,-0.0025134046074551,5,1.0901116840733873,0.011080012091226507,1.0886936713677844,5,0.026814233162431762,0.003645651174318685,0.0262338655719104,5,0.25940906721405466,0.0009571757107139739,0.2595949300160087,5,0.9991855281207134,0.00011239806757648983,0.9991640946502056,5,0.0,0.0,0.0,5,0.0,0.0,0.0,5
honeycomb_nnn,ql,alpha_async,order_ba,fixed,0,0,0.68,0.2,0.016,0.5,0.6,0.6,False,0.4711049524346909,0.0008244489378314515,0.4710916439278628,5,0.29464796069828614,0.004739322613056471,0.2944838907740744,5,,,,0,0.008376457658817381,0.006628997915141287,0.0082666282557742,5,0.01014362336552064,0.0035280278499314447,0.0102801820388651,5,1.0605399807939713,0.002559714834623453,1.0606710808957551,5,0.01987847825913244,0.004414198941808245,0.0194608829984421,5,0.3073669114808978,0.0007176842241437503,0.3070374994009464,5,1.0,0.0,1.0,5,0.0,0.0,0.0,5,0.0,0.0,0.0,5
honeycomb_nnn,ql,alpha_async,order_ba,plastic,0,0,0.68,0.2,0.016,0.5,0.6,0.6,False,0.41556649006839985,0.001005670199416292,0.4157604547276596,5,0.5888977371104295,0.0026443617999002975,0.5886923497863426,5,,,,0,-0.0016122522641335401,0.002372131052854054,-0.0015616537145997,5,0.0010415082885769,0.003341189512794315,0.000631963185162,5,1.1153668042497196,0.00817552749805606,1.1121419362899274,5,0.029976990736957358,0.0062395113975757446,0.0338414806255067,5,0.2599205597426099,0.0010767889031851737,0.2599220211906573,5,0.9991212277091908,0.0001321247857288919,0.9990997942386832,5,0.0,0.0,0.0,5,0.0,0.0,0.0,5
honeycomb_nnn,ql,block_async,baseline,fixed,0,0,0.68,0.2,0.016,0.5,0.6,0.6,False,0.4817452152150997,0.0010791650641021663,0.4817045738628757,5,0.2641208038751003,0.005253473559720214,0.2656442130423005,5,,,,0,-0.00023933913112068008,0.005933784041681659,-0.0005193712304391,5,-0.00065613714426842,0.0036597951446867344,0.0003387860042285,5,0.9984061908809483,0.0002410071709433762,0.9983590965301692,5,0.02140769026905048,0.0031562722514974985,0.0227583091366855,5,0.3311476808313034,0.0015383259504400109,0.330802065257875,5,1.0,0.0,1.0,5,0.0,0.0,0.0,5,0.0,0.0,0.0,5
honeycomb_nnn,ql,block_async,baseline,plastic,0,0,0.68,0.2,0.016,0.5,0.6,0.6,False,0.40386570540840117,0.007676546024861218,0.4039123535161931,5,0.6809915301977397,0.024221975323527576,0.6886027085122945,5,,,,0,-0.00220138316984826,0.012212838319829972,-0.0005170066517993,5,0.00064905848041346,0.01290945534009813,0.0053945737193725,5,0.9324015328310497,0.06050404308473216,0.9193064825012288,5,0.03309214985272914,0.005731696520392227,0.0317629960890572,5,0.24870165493941415,0.002563155451004917,0.2496129447475896,5,0.9999957133058984,9.585339409803252e-06,1.0,5,0.0,0.0,0.0,5,0.0,0.0,0.0,5
honeycomb_nnn,ql,block_async,imprint,fixed,0,0,0.68,0.2,0.016,0.5,0.6,0.6,False,0.48518999834080423,0.0007548891802366308,0.4851803921234293,5,0.24595172662314263,0.0035513520770897923,0.2450236535876109,5,,,,0,0.00536594803813298,0.004609002850958003,0.005589075710522,5,-0.0020107414605737865,0.003602256634462638,-0.0013814672314673,5,0.9992403520932669,0.0001884772352137914,0.9992557257734134,5,0.030759095422689082,0.011611463895804084,0.0269453881671654,5,0.33623111471460254,0.0008303139246207894,0.3361302327851671,5,1.0,0.0,1.0,5,0.0,0.0,0.0,5,0.0,0.0,0.0,5
honeycomb_nnn,ql,block_async,imprint,plastic,0,0,0.68,0.2,0.016,0.5,0.6,0.6,False,0.39956083615575827,0.004098278125695111,0.3996502543240775,5,0.6865586296369666,0.0216120249056013,0.6780811415080883,5,,,,0,-0.0026398673166286397,0.0071479831073669115,-0.0013447906910833,5,0.0007055398301199246,0.005816620844643999,-7.149648092077687e-05,5,0.8938857430953255,0.052846385366670814,0.9172278761016944,5,0.0309407180398339,0.003993351295397592,0.0300245753262435,5,0.24808215391674748,0.001778405592747452,0.2487706808581878,5,0.9994084362139917,0.00016849489032102534,0.9994212962962964,5,0.0,0.0,0.0,5,0.0,0.0,0.0,5
honeycomb_nnn,ql,block_async,lesion,fixed,0,0,0.68,0.2,0.016,0.5,0.6,0.6,False,0.48527513856820503,0.0007125449730570559,0.4854153225315768,5,0.24554373989856146,0.003491753928147273,0.2450194475808412,5,0.00600863470378076,0.003989233608621911,0.0068830356248551,5,0.0059356048386969605,0.004031570728387079,0.0068638024568886,5,-0.00225584061365804,0.0036811807048585466,-0.0013929386284057,5,0.9992613135670755,0.00018382995064739389,0.9992626854833168,5,0.03159542247203988,0.01098761343484894,0.0270267511369419,5,0.33634857580689786,0.0008392596177304423,0.3361378593675199,5,1.0,0.0,1.0,5,0.0,0.0,0.0,5,0.0,0.0,0.0,5
honeycomb_nnn,ql,block_async,lesion,plastic,0,0,0.68,0.2,0.016,0.5,0.6,0.6,False,0.4003998638134215,0.006135369527158775,0.4002189662616788,5,0.6840518527879096,0.022265086740422962,0.6783904099196171,5,0.0026223362745235192,0.013949050463116919,0.0074327241737702,5,0.00168671747882022,0.008237898546869012,0.0015550520782004,5,0.00040439177365371985,0.008778570030294365,-0.002130704527133,5,0.9054603167682288,0.05721351190631678,0.9177700441630732,5,0.0342624823148013,0.004684851653364649,0.0357678740921869,5,0.2474649488362899,0.0029673175691720148,0.2481594038247623,5,0.9994298696844993,0.00017253610937505856,0.9994855967078188,5,0.0,0.0,0.0,5,0.0,0.0,0.0,5
honeycomb_nnn,ql,block_async,order_ab,fixed,0,0,0.68,0.2,0.016,0.5,0.6,0.6,False,0.4858671162847412,0.0011808692857444947,0.4858271196193621,5,0.24268101446331944,0.005017527224096584,0.242935682369666,5,,,,0,0.00202494436552728,0.005562555433786659,0.0025289105838528,5,0.0021967487820012807,0.0071570288355997545,0.0017657106945877,5,0.9993552892054158,0.00013197292752504367,0.9993464600050193,5,0.0415023187369636,0.02062960834966629,0.0324426370213866,5,0.3361639941368698,0.001341913551555683,0.3360471257300399,5,1.0,0.0,1.0,5,0.0,0.0,0.0,5,0.0,0.0,0.0,5
honeycomb_nnn,ql,block_async,order_ab,plastic,0,0,0.68,0.2,0.016,0.5,0.6,0.6,False,0.41851300339369146,0.007216655161508318,0.418806072213129,5,0.5821640899176344,0.025233178488686715,0.5784977663077359,5,,,,0,-0.00476398659464846,0.00871622262316128,-0.006905770905704,5,-0.00277732107195936,0.006449327414883756,-0.0030894120109776,5,1.0586827833103722,0.039191802256221944,1.0667031398448663,5,0.0365396015802103,0.007409370386948067,0.0345993414788249,5,0.259265844582648,0.0029343422958252718,0.2594029178187019,5,0.99923268175583,0.00014330002272335246,0.9992712620027436,5,0.0,0.0,0.0,5,0.0,0.0,0.0,5
honeycomb_nnn,ql,block_async,order_ba,fixed,0,0,0.68,0.2,0.016,0.5,0.6,0.6,False,0.48501930813996974,0.001392764247954324,0.4847448136549873,5,0.2466388473565412,0.0056480815062238425,0.2482417660161136,5,,,,0,0.0032058595687339195,0.007240168313930734,0.006472457100446,5,0.0021179231937178194,0.004756179886222331,0.0021342469454903,5,0.9991800010193772,0.00020152386953871252,0.9991027548953948,5,0.03271457811012492,0.016056673595226893,0.026095622945691,5,0.3353243962124491,0.00141827247312979,0.3345325786870126,5,1.0,0.0,1.0,5,0.0,0.0,0.0,5,0.0,0.0,0.0,5
honeycomb_nnn,ql,block_async,order_ba,plastic,0,0,0.68,0.2,0.016,0.5,0.6,0.6,False,0.4135352334177397,0.00785524723750735,0.4114009358104821,5,0.5953181409234364,0.029382051848227998,0.5918697775937937,5,,,,0,-0.00097184843151442,0.008553728977230037,-0.0039871411418879,5,-0.00151651915631818,0.006153589809041324,-0.0001464435979526,5,1.046947599659953,0.040150281353357416,1.0620158825577763,5,0.05265781174871233,0.01743637220411522,0.0496375247263696,5,0.2586199351541311,0.0025622259091318683,0.2578832220327416,5,0.9991983882030178,0.00014740868367668904,0.9991640946502056,5,0.0,0.0,0.0,5,0.0,0.0,0.0,5
honeycomb_nnn,ql,synchronous,baseline,fixed,0,0,0.68,0.2,0.016,0.5,0.6,0.6,False,0.41148889148446893,0.005581735446233959,0.4114834222022708,5,0.8477685120371337,0.002269761340784347,0.8482428861165487,5,,,,0,-0.0016889238375143,0.013772588227156563,-0.002961154872324,5,0.00014342654105187967,0.01928188223934843,-0.0040283976775704,5,1.2510209183450791,0.01645877193915257,1.242899123119807,5,0.0063519402026366,0.0009325160495483378,0.0062266529897555,5,0.21510360528571382,0.003485870660486467,0.213781821631186,5,1.0,0.0,1.0,5,0.0,0.0,0.0,5,0.0,0.0,0.0,5
honeycomb_nnn,ql,synchronous,baseline,plastic,0,0,0.68,0.2,0.016,0.5,0.6,0.6,False,0.4102698927818678,0.00335338222355891,0.4105662081456735,5,0.8463246038368789,0.0025757809173014247,0.8462039482244531,5,,,,0,-0.006740913194214759,0.021007744442117497,-0.015249251549269,5,-0.0025954499782139,0.01558791236739457,-0.0077029272755908,5,1.2406766429347218,0.006403474656100548,1.241866923007225,5,0.00613386233630004,0.0006556091553398698,0.0057683380307035,5,0.21538321050213835,0.001236901602207109,0.2155972924438803,5,1.0,0.0,1.0,5,0.0,0.0,0.0,5,0.0,0.0,0.0,5
honeycomb_nnn,ql,synchronous,imprint,fixed,0,0,0.68,0.2,0.016,0.5,0.6,0.6,False,0.40856779453794995,0.0017469909264785307,0.4087768134313536,5,0.8447778511327467,0.000790005918780368,0.8444978106906925,5,,,,0,0.00895450122267144,0.01625930099638678,0.0038713417896777,5,0.009215459966349274,0.012503073710899868,0.0043230041960485,5,1.262855145501118,0.014277672697108805,1.266807637634369,5,0.0064839970445611005,0.0005586488849097627,0.0065533479108022,5,0.21514492449850256,0.0032098863195393628,0.2151624555474917,5,1.0,0.0,1.0,5,0.0,0.0,0.0,5,0.0,0.0,0.0,5
honeycomb_nnn,ql,synchronous,imprint,plastic,0,0,0.68,0.2,0.016,0.5,0.6,0.6,False,0.4097940583918661,0.0019818947387471963,0.4093137788698842,5,0.8458565016556433,0.002046616543121565,0.8464182095334136,5,,,,0,-0.02479488874403292,0.011222018229149125,-0.0198937551403268,5,0.005609333090943641,0.00834421708797861,0.0082508094743445,5,1.2633058035398002,0.0060038692719824776,1.262534890952717,5,0.00640085614264624,0.0006263822094731311,0.0065319596856068,5,0.21353083989094665,0.0035384045481570425,0.2145213812117487,5,1.0,0.0,1.0,5,0.0,0.0,0.0,5,0.0,0.0,0.0,5
honeycomb_nnn,ql,synchronous,lesion,fixed,0,0,0.68,0.2,0.016,0.5,0.6,0.6,False,0.41252709613627864,0.005990061015852426,0.4099966339835251,5,0.848309554454039,0.0020024258055801607,0.848063429293935,5,0.0068417348456111015,0.06128036642776812,0.0439633913964338,5,0.0026249583885196793,0.015021365910082891,0.0067989962327609,5,0.00237077983069598,0.012806453967009053,0.0002415494025531,5,1.2526126410633363,0.012819046660082408,1.251950968821688,5,0.00626285485944558,0.0005453533585905024,0.0061086225864372,5,0.21325900171027898,0.004260553725439057,0.2148828047643446,5,1.0,0.0,1.0,5,0.0,0.0,0.0,5,0.0,0.0,0.0,5
honeycomb_nnn,ql,synchronous,lesion,plastic,0,0,0.68,0.2,0.016,0.5,0.6,0.6,False,0.41067884141674804,0.0037939496783069037,0.4100946120769601,5,0.8493918782572158,0.0017295980157473357,0.8500416483162153,5,-0.018645871135687903,0.030298927836637297,-0.0029547535721532,5,-0.01354714710993786,0.017592315479421954,-0.0135118607449274,5,-0.01400858210176616,0.012280935906381617,-0.0193940315245134,5,1.2320559410046563,0.0052802541896356005,1.2356827050740604,5,0.0062095133871443,0.0004029462307995842,0.0063338986914845,5,0.2119369482527993,0.002823985056598719,0.2115631496060188,5,1.0,0.0,1.0,5,0.0,0.0,0.0,5,0.0,0.0,0.0,5
honeycomb_nnn,ql,synchronous,order_ab,fixed,0,0,0.68,0.2,0.016,0.5,0.6,0.6,False,0.4083704564662539,0.004566207995554168,0.409955115713042,5,0.8458297446725173,0.003259918146247137,0.8452065831145699,5,,,,0,0.01000527013130186,0.006941569320917725,0.0116904849991692,5,0.009088373986702281,0.018231552087703107,0.0116897030296019,5,1.2577813217321305,0.011702629619710084,1.264089399774082,5,0.006343676739626961,0.0006977562871359832,0.0061421344578637,5,0.21469880620931475,0.001427305906830858,0.2138177570646819,5,1.0,0.0,1.0,5,0.0,0.0,0.0,5,0.0,0.0,0.0,5
honeycomb_nnn,ql,synchronous,order_ab,plastic,0,0,0.68,0.2,0.016,0.5,0.6,0.6,False,0.4101013751856969,0.0010080933627938092,0.4095432352813662,5,0.8470011892649904,0.0015874803935869845,0.8466105460241057,5,,,,0,-0.01281569784439394,0.013862135435742015,-0.0180309776315883,5,-0.00895579811586928,0.004995523341784141,-0.0098214100658121,5,1.2527254070928155,0.010362544440132819,1.2478075725751985,5,0.00661259955969828,0.00043949801341223635,0.0064732539610983,5,0.21798732252988162,0.0030449746673179485,0.2179435138991402,5,0.9998371056241426,1.1739595282654595e-05,0.9998285322359396,5,0.0,0.0,0.0,5,0.0,0.0,0.0,5
honeycomb_nnn,ql,synchronous,order_ba,fixed,0,0,0.68,0.2,0.016,0.5,0.6,0.6,False,0.4122414455165965,0.0034482041130765428,0.4108655562342387,5,0.8475004768856411,0.0025329269831665933,0.8463771443329232,5,,,,0,-0.00286957479721468,0.011207264747279648,-0.0057709046009207,5,-0.01377717998354212,0.009772686913031027,-0.0083543216536011,5,1.2578654152262332,0.015798256125178423,1.2621912525534298,5,0.0065960498519658005,0.0007190234230426168,0.0065860434249902,5,0.21689960913667852,0.0013914592853758515,0.2169044387950746,5,1.0,0.0,1.0,5,0.0,0.0,0.0,5,0.0,0.0,0.0,5
honeycomb_nnn,ql,synchronous,order_ba,plastic,0,0,0.68,0.2,0.016,0.5,0.6,0.6,False,0.40890961572828155,0.004787303415127265,0.4077614744384342,5,0.845453140992299,0.003654909714326845,0.8463381720292127,5,,,,0,-0.00877202603405508,0.009688785920451358,-0.007671504891517,5,-0.01480639098031906,0.01240125017338949,-0.0147506218763788,5,1.2383433473811878,0.006855840199932874,1.238913966997269,5,0.005881865230437019,0.0004020821151706883,0.0060459088843985,5,0.215825509419995,0.0031518666922196494,0.2156675788109781,5,0.9998328189300411,9.585339409764463e-06,0.9998285322359396,5,0.0,0.0,0.0,5,0.0,0.0,0.0,5
square_moore,markov,alpha_async,baseline,fixed,0,0,0.68,0.2,0.016,0.5,0.6,0.6,False,0.4195005207840213,0.0006871712434841772,0.4192314934785214,5,0.6305165467535809,0.00291344257301447,0.6317722226081279,5,,,,0,-0.00107194450619988,0.002459675793501656,-0.0006046266844288,5,0.0022533248586518,0.003608148192341744,0.0025500979433589,5,1.3880843989175393,0.01057048597979723,1.3933920894666336,5,0.07497314252407725,0.04495588682370441,0.0565747554839412,5,0.0,0.0,0.0,5,1.0,0.0,1.0,5,0.0,0.0,0.0,5,0.0,0.0,0.0,5
square_moore,markov,alpha_async,baseline,plastic,0,0,0.68,0.2,0.016,0.5,0.6,0.6,False,0.4358328659996382,0.002080841547289039,0.4358545460819343,5,0.6047968775922008,0.005837870335726051,0.6075637931494832,5,,,,0,0.0047753221665918,0.0032583265147998466,0.0053761493808103,5,-0.00063116392523874,0.0053277411590278165,-0.0040316517187618,5,1.249295676473431,0.01104488741024641,1.2464152721206223,5,0.01658708801934476,0.0038624270959366647,0.015907162146377,5,0.0,0.0,0.0,5,0.9998697916666668,5.282817877175945e-05,0.9998312114197532,5,0.0,0.0,0.0,5,0.0,0.0,0.0,5
square_moore,markov,alpha_async,imprint,fixed,0,0,0.68,0.2,0.016,0.5,0.6,0.6,False,0.4173924368374105,0.0020401929020804907,0.4185103001718315,5,0.6297130327954973,0.003607473141053426,0.6287371241060693,5,,,,0,0.0006737284639063113,0.002612059144141114,-8.825388982314306e-05,5,0.0024182607805593196,0.0019357206031153599,0.0033645901717714,5,1.4020146331212548,0.009348814751060128,1.4021174105076546,5,0.12370525868738635,0.05952352003210613,0.1082768669535523,5,0.0,0.0,0.0,5,1.0,0.0,1.0,5,0.0,0.0,0.0,5,0.0,0.0,0.0,5
square_moore,markov,alpha_async,imprint,plastic,0,0,0.68,0.2,0.016,0.5,0.6,0.6,False,0.41034257693555826,0.0016689922489612034,0.4107883453070109,5,0.5433824649076409,0.005656917584656463,0.5431996521249041,5,,,,0,0.0075052358629955195,0.002360752814249709,0.0061994879787909,5,0.00640382659597864,0.004656545181910269,0.0081666046004054,5,1.527048351890255,0.010037286961410246,1.527256222213427,5,0.0457951287706999,0.037236617659459736,0.027049852423239,5,0.0,0.0,0.0,5,0.9990017361111111,7.738621979107828e-05,0.9989631558641976,5,0.0,0.0,0.0,5,0.0,0.0,0.0,5
square_moore,markov,alpha_async,lesion,fixed,0,0,0.68,0.2,0.016,0.5,0.6,0.6,False,0.41708815086807566,0.002101127730007768,0.4179345325970734,5,0.6301190420887692,0.0019379793326950304,0.6297824195473879,5,-0.00036559594468128017,0.003451561691899288,-0.0018199419319907,5,-0.0026834682642064202,0.0018154076169746563,-0.0035634419070297,5,0.00025470919080800117,0.004234377451426432,0.0003750534273394,5,1.3972626817547291,0.009531090858168511,1.396787388801243,5,0.11887577611714135,0.051310108420632876,0.1174003077778393,5,0.0,0.0,0.0,5,1.0,0.0,1.0,5,0.0,0.0,0.0,5,0.0,0.0,0.0,5
square_moore,markov,alpha_async,lesion,plastic,0,0,0.68,0.2,0.016,0.5,0.6,0.6,False,0.4106679311129214,0.001806175784848408,0.4109120535708903,5,0.5493183002562951,0.006604772920485872,0.5515952226359694,5,0.01369970446852976,0.0050680961976280366,0.0131374702447332,5,0.00809174874929414,0.00407972673799033,0.0087063348113801,5,0.00682177268766668,0.0058028947878885125,0.0046294171721614,5,1.5186432457756402,0.009336599890519454,1.516108664242726,5,0.036244915372428084,0.02096630592633079,0.0318752382718842,5,0.0,0.0,0.0,5,0.9990017361111111,0.0001316294759254728,0.9989872685185184,5,0.0,0.0,0.0,5,0.0,0.0,0.0,5
square_moore,markov,alpha_async,order_ab,fixed,0,0,0.68,0.2,0.016,0.5,0.6,0.6,False,0.3183851498617153,0.002590730758641052,0.3193811746925322,5,0.48229379675621387,0.005327089055982085,0.4847316711832328,5,,,,0,0.07837482601617433,0.004133413854388519,0.0777994736457573,5,0.07302936719052933,0.005840038525269739,0.0752333864919306,5,1.5150646860672445,0.007885589614137418,1.5104519025692933,5,0.05083365566868599,0.007205347848727698,0.0466815246864014,5,0.0,0.0,0.0,5,1.0,0.0,1.0,5,0.0,0.0,0.0,5,0.0,0.0,0.0,5
square_moore,markov,alpha_async,order_ab,plastic,0,0,0.68,0.2,0.016,0.5,0.6,0.6,False,0.31021049755953245,0.008595028631103407,0.3108625160537879,5,0.4120426412707084,0.011612976857806623,0.4131939384094777,5,,,,0,0.07755858587197678,0.007011219933325456,0.0772795249133539,5,0.07263780941914802,0.0056144637409035105,0.0702201186039946,5,1.5288931326763129,0.00910718018369643,1.5338201445149018,5,0.03964540196367878,0.005211361582896347,0.040929157637441,5,0.0,0.0,0.0,5,0.9990692515432098,0.0002180829292939236,0.9991078317901234,5,0.0,0.0,0.0,5,0.0,0.0,0.0,5
square_moore,markov,alpha_async,order_ba,fixed,0,0,0.68,0.2,0.016,0.5,0.6,0.6,False,0.3010853503499736,0.004958323333798696,0.3000548557409404,5,0.45578683748929893,0.009742867384699087,0.4532739500185035,5,,,,0,0.08980220671544098,0.0065976423957576314,0.0905061910378391,5,0.08435681977259608,0.0049127101409141005,0.0870599708989132,5,1.5223324862078333,0.0029726228961177493,1.5218853559856544,5,0.07454623847277923,0.02093841348160061,0.0646213226495175,5,0.0,0.0,0.0,5,1.0,0.0,1.0,5,0.0,0.0,0.0,5,0.0,0.0,0.0,5
square_moore,markov,alpha_async,order_ba,plastic,0,0,0.68,0.2,0.016,0.5,0.6,0.6,False,0.30471693203683586,0.005673780653364565,0.3051513732673258,5,0.40405803314516453,0.008329295091414163,0.4040458871553564,5,,,,0,0.07951029003514276,0.0028253857082177584,0.0798156931273579,5,0.0742282338268299,0.003945637475692106,0.0753339113253461,5,1.528153934780898,0.005784278716949158,1.5301720678624924,5,0.05031046668398008,0.012264284987607057,0.045044464551616,5,0.0,0.0,0.0,5,0.9990354938271604,0.00018363650428882507,0.9990837191358024,5,0.0,0.0,0.0,5,0.0,0.0,0.0,5
square_moore,markov,block_async,baseline,fixed,0,0,0.68,0.2,0.016,0.5,0.6,0.6,False,0.4132786811548324,0.0009287757257794891,0.4134771571822865,5,0.6374958420378514,0.0036318535833757535,0.6381351907309164,5,,,,0,-0.0026719308397815,0.005483333836654498,-0.0029522779779453,5,-0.0007413502314626801,0.00438193118802237,-0.0025855336425737,5,1.4041660495047064,0.004909258600550819,1.4042689261929024,5,0.09469606255538013,0.043971662324288695,0.0837720075763063,5,0.0,0.0,0.0,5,1.0,0.0,1.0,5,0.0,0.0,0.0,5,0.0,0.0,0.0,5
square_moore,markov,block_async,baseline,plastic,0,0,0.68,0.2,0.016,0.5,0.6,0.6,False,0.428497676471922,0.00252972346066306,0.4290116782781378,5,0.6053797471826455,0.00468428504061332,0.6038409774656653,5,,,,0,0.0017668396140368002,0.0076520644523448205,0.0021935371556575,5,0.0029165448333065,0.007289832366152113,0.0036830960699222,5,1.2363678478850282,0.024760341418010496,1.235240109105236,5,0.00937078166323752,0.001147843745597839,0.0097968845531891,5,0.0,0.0,0.0,5,0.9999710648148149,3.143905480902974e-05,0.999975887345679,5,0.0,0.0,0.0,5,0.0,0.0,0.0,5
square_moore,markov,block_async,imprint,fixed,0,0,0.68,0.2,0.016,0.5,0.6,0.6,False,0.41192232259658795,0.00047603711555628113,0.4121094540344897,5,0.641758501532833,0.005444267634586553,0.6415997844993387,5,,,,0,0.00145766648122542,0.00301242506273062,0.0026245428231978,5,0.0002993060241064801,0.002500112745283757,0.0001658929581811,5,1.4083502446815772,0.011505374125583025,1.407305398702892,5,0.14865318356187276,0.046202560896751926,0.1350747271707936,5,0.0,0.0,0.0,5,1.0,0.0,1.0,5,0.0,0.0,0.0,5,0.0,0.0,0.0,5
square_moore,markov,block_async,imprint,plastic,0,0,0.68,0.2,0.016,0.5,0.6,0.6,False,0.40764453289467895,0.0019593989213888695,0.4084296827866628,5,0.5569016211416145,0.005712961117946051,0.5564834817659363,5,,,,0,0.00512855305340204,0.005615040783542562,0.0050275849889489,5,0.006077630729975881,0.0034596999248387205,0.0054341600977977,5,1.5057955535431247,0.011502353638417097,1.5064302557460176,5,0.05034358631011267,0.03899142853905185,0.0313661669427142,5,0.0,0.0,0.0,5,0.9988811728395062,9.431716442716775e-05,0.9988425925925926,5,0.0,0.0,0.0,5,0.0,0.0,0.0,5
square_moore,markov,block_async,lesion,fixed,0,0,0.68,0.2,0.016,0.5,0.6,0.6,False,0.41299787704913565,0.0010427550852129168,0.4133119368628642,5,0.6408708557812772,0.002976859743406865,0.641340677177576,5,0.00591769322782526,0.007606952156060845,0.0078628498920277,5,0.0030512542743590604,0.004489395136425803,0.0034093581578389,5,0.0016520631538463199,0.0030846543950351656,0.0013531314369807,5,1.4047662473911326,0.005107777596303909,1.4023349368096585,5,0.15266277396547734,0.061220217817976805,0.1279588840420347,5,0.0,0.0,0.0,5,1.0,0.0,1.0,5,0.0,0.0,0.0,5,0.0,0.0,0.0,5
square_moore,markov,block_async,lesion,plastic,0,0,0.68,0.2,0.016,0.5,0.6,0.6,False,0.407753184365076,0.0011846347215768475,0.4080098000455877,5,0.560064093388308,0.003707077893939447,0.5595764631014666,5,0.01170615215315408,0.009123090453910479,0.0084168771142021,5,0.00739427242122846,0.0031303239659458792,0.0064423635029982,5,0.006333004473856141,0.0037199803900143207,0.0060762234333572,5,1.5026838066176242,0.012402693209279992,1.503638499201606,5,0.04340877587380312,0.0322221050049437,0.0302643933119942,5,0.0,0.0,0.0,5,0.998900462962963,9.584590525835163e-05,0.9988667052469136,5,0.0,0.0,0.0,5,0.0,0.0,0.0,5
square_moore,markov,block_async,order_ab,fixed,0,0,0.68,0.2,0.016,0.5,0.6,0.6,False,0.41300208603478483,0.001006380443042642,0.413379968842299,5,0.6400712500833278,0.00370364244052782,0.6387767558918594,5,,,,0,0.00207491581317206,0.003603990603546596,0.0003045484200955,5,0.0035273467913808703,0.0031124848982920818,0.0026029753105987,5,1.4005367635223436,0.012931807354587698,1.4020382138139051,5,0.1330836818955316,0.09349750460880149,0.0910761233562649,5,0.0,0.0,0.0,5,1.0,0.0,1.0,5,0.0,0.0,0.0,5,0.0,0.0,0.0,5
square_moore,markov,block_async,order_ab,plastic,0,0,0.68,0.2,0.016,0.5,0.6,0.6,False,0.409822872793971,0.00039382626455934975,0.4098796912189467,5,0.5080731960834429,0.0045355526041068565,0.5059715063508893,5,,,,0,0.0011564741271265881,0.0036028903204247385,-9.715421796559209e-06,5,0.0008233721841320599,0.0031459111896214756,0.0010239644138747,5,1.559760247250627,0.0041902939371999464,1.5590653112193515,5,0.052218852353540235,0.02886678514927571,0.0419898141293587,5,0.0,0.0,0.0,5,0.9988811728395062,0.00026556780289851577,0.9987461419753086,5,0.0,0.0,0.0,5,0.0,0.0,0.0,5
square_moore,markov,block_async,order_ba,fixed,0,0,0.68,0.2,0.016,0.5,0.6,0.6,False,0.41371700167451914,0.0015398693351932988,0.4139706108337324,5,0.6400129821361842,0.003451057508182244,0.6413410975545049,5,,,,0,0.00212706182483728,0.0045078769864110805,0.0010041289455207,5,0.00068695671140796,0.0029395025575439464,0.0004676250216031,5,1.3961646424284382,0.009528168280086102,1.3987371043078114,5,0.08146020697074223,0.028028172456583678,0.079581713018739,5,0.0,0.0,0.0,5,1.0,0.0,1.0,5,0.0,0.0,0.0,5,0.0,0.0,0.0,5
square_moore,markov,block_async,order_ba,plastic,0,0,0.68,0.2,0.016,0.5,0.6,0.6,False,0.40955943129185196,0.0007019632917411199,0.4095033392005722,5,0.5098155809044715,0.007597060063675705,0.5068354031619664,5,,,,0,0.00020649344256847991,0.0056087668121870176,-0.0016339590981315,5,-0.00249910920827946,0.003864458608322226,-0.0032051386348492,5,1.5592086540478416,0.0036165592499834607,1.5605066896894375,5,0.07391329322889037,0.02899521820849748,0.0778134305294188,5,0.0,0.0,0.0,5,0.9987606095679012,0.0001727045194779032,0.9987220293209876,5,0.0,0.0,0.0,5,0.0,0.0,0.0,5
square_moore,markov,synchronous,baseline,fixed,0,0,0.68,0.2,0.016,0.5,0.6,0.6,False,0.41616226023277747,0.00511658488415185,0.4176770815951485,5,0.8504725470007818,0.0024708972045945576,0.8506956045426322,5,,,,0,0.005461475397183941,0.02265863568123243,0.0044295013990732,5,0.00471950625253766,0.01102159817131284,0.0014044705353653,5,1.2547278407571465,0.01633504875999987,1.2637184220477973,5,0.00582026771275142,0.0006458467594105037,0.0056205710621885,5,0.0,0.0,0.0,5,1.0,0.0,1.0,5,0.0,0.0,0.0,5,0.0,0.0,0.0,5
square_moore,markov,synchronous,baseline,plastic,0,0,0.68,0.2,0.016,0.5,0.6,0.6,False,0.4157703917602058,0.004315469971130304,0.4169992152012972,5,0.853179941538843,0.0029085730240581715,0.8533435797704699,5,,,,0,-0.0028774726969489203,0.01589786496038474,-0.0041165859499456,5,-0.003966186542775201,0.019386642558364788,-0.0056026115634391,5,1.2425047082961975,0.011063430912806428,1.2424341752289567,5,0.00511107177144164,0.0005383811663432856,0.0050565066018614,5,0.0,0.0,0.0,5,1.0,0.0,1.0,5,0.0,0.0,0.0,5,0.0,0.0,0.0,5
square_moore,markov,synchronous,imprint,fixed,0,0,0.68,0.2,0.016,0.5,0.6,0.6,False,0.41704963664787176,0.0023829882903351244,0.4179937653086876,5,0.8505844121751561,0.0020845984040168282,0.8514666610126934,5,,,,0,0.0007407767683391796,0.010198465837629586,-0.0043624615518678,5,-0.008974601026667162,0.015907249422186027,-0.0094072232421309,5,1.2446898918325586,0.007307175618338378,1.2455404587255212,5,0.00560069156328296,0.00031016385994225094,0.0055334545066127,5,0.0,0.0,0.0,5,1.0,0.0,1.0,5,0.0,0.0,0.0,5,0.0,0.0,0.0,5
square_moore,markov,synchronous,imprint,plastic,0,0,0.68,0.2,0.016,0.5,0.6,0.6,False,0.41459872086815225,0.003545813258568409,0.4146115488833886,5,0.851573345825835,0.0016367039435120734,0.8515008429893781,5,,,,0,0.0008963645775871002,0.01494130464738223,0.0037687653305651,5,0.0040255116473135195,0.010178677067958072,0.0018319065651547,5,1.2448451756761802,0.007156029914853063,1.2428589329908726,5,0.00562801293552896,0.0004601441926576877,0.0054940465772919,5,0.0,0.0,0.0,5,1.0,0.0,1.0,5,0.0,0.0,0.0,5,0.0,0.0,0.0,5
square_moore,markov,synchronous,lesion,fixed,0,0,0.68,0.2,0.016,0.5,0.6,0.6,False,0.41675186985741985,0.0025671194425673336,0.41635457796754,5,0.8511077127278233,0.0013466465009677332,0.8507963936933001,5,0.0039699383730897615,0.033270680370307386,0.0048833498608013,5,0.008797146958257961,0.013624499470169431,0.0065674626723951,5,-0.004388639100782661,0.021289982429230903,0.001973033086117,5,1.2506787105750483,0.00998590637541286,1.245433530494182,5,0.00561713063851198,0.00042463749764003124,0.0054942322947997,5,0.0,0.0,0.0,5,1.0,0.0,1.0,5,0.0,0.0,0.0,5,0.0,0.0,0.0,5
square_moore,markov,synchronous,lesion,plastic,0,0,0.68,0.2,0.016,0.5,0.6,0.6,False,0.4179894628195993,0.0031718036680015217,0.4180563005471707,5,0.8536335746394756,0.0020514111992608773,0.8535684362305215,5,-0.02961499275465712,0.02736565447298741,-0.0217471297465172,5,-0.006841532170110939,0.005286473194824213,-0.0053419687691151,5,0.00228379685325484,0.01716330006059206,-0.0035244997283029,5,1.2330010918039456,0.015568811812735273,1.228192779446817,5,0.005091433787896201,0.00044859676089004455,0.0049692658432635,5,0.0,0.0,0.0,5,1.0,0.0,1.0,5,0.0,0.0,0.0,5,0.0,0.0,0.0,5
square_moore,markov,synchronous,order_ab,fixed,0,0,0.68,0.2,0.016,0.5,0.6,0.6,False,0.40934011529796316,0.0028639270103534026,0.407561391769159,5,0.8354635748187154,0.001756272362768565,0.8343751338955545,5,,,,0,0.00950925231388742,0.011919152045191037,0.0100061174138012,5,0.00807473334660044,0.005220214095208535,0.0086287732759337,5,1.2798324412915918,0.018039921159293627,1.2720995254027638,5,0.00845328307868588,0.0007485164699878922,0.0083412007968578,5,0.0,0.0,0.0,5,1.0,0.0,1.0,5,0.0,0.0,0.0,5,0.0,0.0,0.0,5
square_moore,markov,synchronous,order_ab,plastic,0,0,0.68,0.2,0.016,0.5,0.6,0.6,False,0.40791231273825773,0.0013315742648350025,0.4080574578853755,5,0.8338967825330894,0.0012479040202828522,0.8343696590047894,5,,,,0,0.0056957799128796605,0.015343807814646993,0.0058066812378834,5,0.0021012239400651994,0.014429260119370485,0.0014902764873941,5,1.2739782318464878,0.008557111736616305,1.2707610929976183,5,0.00816352241603142,0.0006748202115109851,0.008350315562551,5,0.0,0.0,0.0,5,0.999903549382716,0.0,0.999903549382716,5,0.0,0.0,0.0,5,0.0,0.0,0.0,5
square_moore,markov,synchronous,order_ba,fixed,0,0,0.68,0.2,0.016,0.5,0.6,0.6,False,0.3997040463342891,0.002214383472038467,0.400748005829193,5,0.8133257160959799,0.0016384517249749516,0.812777394430847,5,,,,0,0.0196825298544632,0.01148940932986982,0.0249583307516572,5,0.008613316200293621,0.016499750643339382,-0.0008176347773867,5,1.3076096689918946,0.015304307716821284,1.309990498003767,5,0.01622314317476086,0.001983722724812516,0.0161001828593753,5,0.0,0.0,0.0,5,1.0,0.0,1.0,5,0.0,0.0,0.0,5,0.0,0.0,0.0,5
square_moore,markov,synchronous,order_ba,plastic,0,0,0.68,0.2,0.016,0.5,0.6,0.6,False,0.3978009737865545,0.0007450836172469868,0.3980833385210204,5,0.8182369464483846,0.001812956173745579,0.8183314475393452,5,,,,0,0.012686984292765801,0.013608447184122914,0.014572426591282,5,0.0155141440478443,0.00654372804818059,0.0146156977550578,5,1.2923899109681176,0.01911893572430889,1.2851394547327364,5,0.01261266127448234,0.0012364635161755144,0.0127188849821542,5,0.0,0.0,0.0,5,0.9998939043209877,1.320704469281571e-05,0.999903549382716,5,0.0,0.0,0.0,5,0.0,0.0,0.0,5
square_moore,ql,alpha_async,baseline,fixed,0,0,0.68,0.2,0.016,0.5,0.6,0.6,False,0.4162338161294832,0.0006640513928042423,0.4164180386962521,5,0.6325513291420366,0.004734926341592934,0.6334866245350469,5,,,,0,-0.00066353404808344,0.006301654116654442,-0.0027940926526525,5,-0.00029996478819458003,0.0019147090064067134,0.000495771812121,5,1.3914533293067932,0.009473670175786129,1.3921548242386463,5,0.09281897205370386,0.06611877830226051,0.0678357949676531,5,0.3053288662737862,0.0008391396167110821,0.3054504230022456,5,1.0,0.0,1.0,5,0.0,0.0,0.0,5,0.0,0.0,0.0,5
square_moore,ql,alpha_async,baseline,plastic,0,0,0.68,0.2,0.016,0.5,0.6,0.6,False,0.4308880065278219,0.001844416763451937,0.4317771442652603,5,0.620179240341716,0.004434446797915126,0.6197657980478699,5,,,,0,0.00222340913285072,0.001421507287269762,0.0018573612881118,5,-0.0028296825609224604,0.005802447183552869,-0.001378530008085,5,1.2777562902834692,0.011856802413274869,1.2795833128220104,5,0.02098507446443974,0.01613901156377552,0.0115857419846361,5,0.2567944636996494,0.0013235023353096657,0.2571958235689427,5,0.9998312114197532,5.6549186919150375e-05,0.999807098765432,5,0.0,0.0,0.0,5,0.0,0.0,0.0,5
square_moore,ql,alpha_async,imprint,fixed,0,0,0.68,0.2,0.016,0.5,0.6,0.6,False,0.41716673634329293,0.0009879622202003228,0.4169749403230154,5,0.6330190743256292,0.0024185135697003877,0.6331576448327592,5,,,,0,0.00259362788733082,0.004608018430870127,0.0050525535503413,5,0.00395188395689124,0.004426049060961883,0.002670576207683,5,1.3793091720807205,0.005451237282524156,1.380225171353344,5,0.06393260491323606,0.013077134711693252,0.0663412542962827,5,0.30448151286466585,0.001300337210786847,0.3045738903781832,5,1.0,0.0,1.0,5,0.0,0.0,0.0,5,0.0,0.0,0.0,5
square_moore,ql,alpha_async,imprint,plastic,0,0,0.68,0.2,0.016,0.5,0.6,0.6,False,0.4076610813708393,0.0020591537888065437,0.4073722584805169,5,0.5727085106106731,0.001901152423095342,0.5730960997778206,5,,,,0,0.00543672616754034,0.0027847612234135786,0.0043407588795127,5,0.00653728598035534,0.004887082599861177,0.0071345361989328,5,1.4975325212190551,0.009794500008813788,1.4938732111301525,5,0.02483745837443536,0.004633633732315518,0.0233876073634404,5,0.2719097484295646,0.000771802268901213,0.2718349060254731,5,0.9990210262345679,0.00019410312304685417,0.9991319444444444,5,0.0,0.0,0.0,5,0.0,0.0,0.0,5
square_moore,ql,alpha_async,lesion,fixed,0,0,0.68,0.2,0.016,0.5,0.6,0.6,False,0.41670181609925816,0.0009074681210890796,0.4164951989178825,5,0.6330040958522212,0.002798632534761407,0.6335771567728484,5,0.00400683323521466,0.003447137202843668,0.0032131688920018,5,0.0024945695871055693,0.0036154132563337472,0.0019815225629297,5,0.00029190323220942,0.0037295128781853443,0.0008468435469193,5,1.384534588165046,0.007766103144165728,1.3824526840900753,5,0.06435108262236175,0.02676768311934108,0.0603331532340846,5,0.30452032961341563,0.0009546544267220503,0.3047735301755305,5,1.0,0.0,1.0,5,0.0,0.0,0.0,5,0.0,0.0,0.0,5
square_moore,ql,alpha_async,lesion,plastic,0,0,0.68,0.2,0.016,0.5,0.6,0.6,False,0.40852550041924574,0.0007318368280124351,0.4087077251957298,5,0.5713638020373447,0.0014419352774843227,0.5712084946889064,5,0.010776052214037119,0.0034603909029943328,0.0114682530697173,5,0.007262727622753121,0.0026177802508419363,0.0078061660956244,5,0.007496422727415244,0.004517682679445102,0.008418386000028,5,1.4961901415070387,0.007896321752554588,1.497746745065721,5,0.023215067502349702,0.003582692981558875,0.0216881896639712,5,0.2723312735057509,0.0011146846569557412,0.2722108394676277,5,0.9990451388888889,0.00023539187619332034,0.9991078317901234,5,0.0,0.0,0.0,5,0.0,0.0,0.0,5
square_moore,ql,alpha_async,order_ab,fixed,0,0,0.68,0.2,0.016,0.5,0.6,0.6,False,0.40914654517727306,0.0015690597216564365,0.4089095116572959,5,0.6367088363313359,0.004641346632473728,0.6343423260547508,5,,,,0,0.00748503178758238,0.002547485719487473,0.008616450792761,5,0.00998212131846472,0.0030177691098213695,0.009028535265875,5,1.3994135933880862,0.005466065385682401,1.3996542845973898,5,0.049521968363709055,0.025931641402643677,0.0356065203700727,5,0.3083309114188961,0.0014848132414872774,0.3077963646815853,5,1.0,0.0,1.0,5,0.0,0.0,0.0,5,0.0,0.0,0.0,5
square_moore,ql,alpha_async,order_ab,plastic,0,0,0.68,0.2,0.016,0.5,0.6,0.6,False,0.40658823828486695,0.0019754176649642192,0.4059662236007727,5,0.5556331970796329,0.0030951493161860805,0.5545028337263302,5,,,,0,0.00221761604273206,0.0018348086364092595,0.0022558752617689,5,0.00253224987399136,0.005430854789617147,0.0040472097765218,5,1.5244431548185104,0.013403618610912077,1.526621285801509,5,0.0366358705270651,0.008705935121925273,0.0322620483699743,5,0.28803536552424186,0.0009214077654158039,0.2877872350035084,5,0.9989969135802468,0.00011639195974291835,0.9989390432098766,5,0.0,0.0,0.0,5,0.0,0.0,0.0,5
square_moore,ql,alpha_async,order_ba,fixed,0,0,0.68,0.2,0.016,0.5,0.6,0.6,False,0.4005552604238181,0.0019154544205880596,0.4012613759739861,5,0.6364548211757087,0.005553566942091824,0.6352788014719503,5,,,,0,0.013454908704424558,0.0029311077794997127,0.0129856922564384,5,0.013523119706106802,0.004851550108498679,0.0106594363168398,5,1.4108033903170751,0.008790173545518809,1.4121956222572467,5,0.0696270069196598,0.07249831563085829,0.0430746026184993,5,0.3124094113941194,0.001792128749931662,0.3115541101274015,5,1.0,0.0,1.0,5,0.0,0.0,0.0,5,0.0,0.0,0.0,5
square_moore,ql,alpha_async,order_ba,plastic,0,0,0.68,0.2,0.016,0.5,0.6,0.6,False,0.40033549474600133,0.0028018028907941827,0.3992194131548593,5,0.5593361163595241,0.0030527857789367807,0.5597980092886926,5,,,,0,0.00950713772980712,0.0032965322031926463,0.0110377109182687,5,0.0081489740818454,0.004935837203250249,0.0086711632946736,5,1.5297474182710789,0.010061264600648372,1.5310658123289036,5,0.042617083545472924,0.01663836028541687,0.0435839559421004,5,0.291043130261169,0.0031029125146247285,0.290768498448473,5,0.998972800925926,0.00015774910526426478,0.9989149305555556,5,0.0,0.0,0.0,5,0.0,0.0,0.0,5
square_moore,ql,block_async,baseline,fixed,0,0,0.68,0.2,0.016,0.5,0.6,0.6,False,0.4123596640555801,0.0012980325897283473,0.4127295559338403,5,0.6395404043519654,0.0057801560303469834,0.6412068143359031,5,,,,0,0.00098027795278076,0.0014939845518166055,0.0009177264413823,5,6.866020824767993e-05,0.004664801683367655,0.0008994880619508,5,1.3894714934880725,0.0037546941141773115,1.3909348043906689,5,0.09725778728613266,0.04217210077622473,0.0809104639121008,5,0.317948644985548,0.0002945637994558864,0.3180284648028507,5,1.0,0.0,1.0,5,0.0,0.0,0.0,5,0.0,0.0,0.0,5
square_moore,ql,block_async,baseline,plastic,0,0,0.68,0.2,0.016,0.5,0.6,0.6,False,0.4249839696691634,0.0020577492099523144,0.4245523406419869,5,0.6144568380874041,0.0008516434078632505,0.6144442267771432,5,,,,0,-0.00023669449395306,0.00638374908893006,0.0008977851573215,5,-0.0027643267238531403,0.00517714401538049,-0.0033637336526596,5,1.267390866649789,0.011965881988057224,1.265451731018127,5,0.01021933269242306,0.0009333525181628567,0.0106207176151826,5,0.26320978218988766,0.0007059002756115822,0.2630914232530723,5,0.9998553240740741,7.625090808664956e-05,0.9998794367283952,5,0.0,0.0,0.0,5,0.0,0.0,0.0,5
square_moore,ql,block_async,imprint,fixed,0,0,0.68,0.2,0.016,0.5,0.6,0.6,False,0.4109700832811094,0.0008632958758579689,0.4109604182393573,5,0.6429399378593568,0.006390507056275187,0.6408048499243802,5,,,,0,-0.00010902305067862017,0.006252528267228489,-0.0024671616131105,5,0.002393918417553494,0.005157457352571404,-9.11931822088291e-05,5,1.3960498369263055,0.007030785898691067,1.3978313207630846,5,0.18238811592114565,0.10531803524531193,0.2052560715443052,5,0.31936024818533665,0.0007851563990273006,0.3193075274079944,5,1.0,0.0,1.0,5,0.0,0.0,0.0,5,0.0,0.0,0.0,5
square_moore,ql,block_async,imprint,plastic,0,0,0.68,0.2,0.016,0.5,0.6,0.6,False,0.40504650327289565,0.0026517137069201595,0.4054665197181618,5,0.5814475633867519,0.004978805266005176,0.5801017103977834,5,,,,0,0.00876560951868818,0.001639545931650997,0.0083735209269669,5,0.0036014663467845596,0.0030838014880135178,0.0033172354383823,5,1.4819762320226393,0.013390512276130962,1.4827964745143205,5,0.038737999004022715,0.016639144093270025,0.0297596354636396,5,0.27343092705732064,0.0005900535958272149,0.2731041013934867,5,0.998683449074074,9.735064254524811e-05,0.9987220293209876,5,0.0,0.0,0.0,5,0.0,0.0,0.0,5
square_moore,ql,block_async,lesion,fixed,0,0,0.68,0.2,0.016,0.5,0.6,0.6,False,0.4116017588093034,0.00139602791486781,0.4113400269690793,5,0.6458305040530818,0.003823906240999875,0.6457572853884066,5,0.00262151443080128,0.008752899517011093,0.0022995685693646,5,0.0026630431700093203,0.007183760186170123,0.0027636717916732,5,0.00144540369450572,0.005567175774160701,0.0006857438605874,5,1.3892176475774316,0.005732293082856341,1.390616582409867,5,0.17815797408275738,0.1121695965786965,0.2037019912489515,5,0.3188352467528294,0.0010123742086754932,0.318615378864152,5,1.0,0.0,1.0,5,0.0,0.0,0.0,5,0.0,0.0,0.0,5
square_moore,ql,block_async,lesion,plastic,0,0,0.68,0.2,0.016,0.5,0.6,0.6,False,0.4057096243950625,0.002913943156384486,0.4061809412812008,5,0.5829056883495051,0.00472673205897863,0.5815173108253893,5,0.00844014299652572,0.008311705085710741,0.0038850938038245,5,0.0064278727181343795,0.004848435375148433,0.007584370774056,5,0.00811154056751246,0.005451375144144654,0.0096878017792482,5,1.4812289278012543,0.018544567810554094,1.4786667566304614,5,0.03410134610205506,0.013170308885669842,0.0282971243279804,5,0.2736062508632698,0.0010193328109608755,0.2732923075568866,5,0.9986738040123457,0.00019514870341724887,0.9986979166666666,5,0.0,0.0,0.0,5,0.0,0.0,0.0,5
square_moore,ql,block_async,order_ab,fixed,0,0,0.68,0.2,0.016,0.5,0.6,0.6,False,0.4120327447256904,0.0020244920150023697,0.412937423038109,5,0.6421013369793483,0.00371199051687665,0.6428896295376216,5,,,,0,-0.0008673717714361999,0.0030485282352378912,-0.0004465274059235,5,0.00229043454555044,0.005420868603719762,0.0010727395274391,5,1.3848649261646864,0.0170577826277358,1.3848029467922092,5,0.09573935031217884,0.051357882341118107,0.0817560073305349,5,0.3180253399825079,0.001600576833300192,0.3174727997006366,5,1.0,0.0,1.0,5,0.0,0.0,0.0,5,0.0,0.0,0.0,5
square_moore,ql,block_async,order_ab,plastic,0,0,0.68,0.2,0.016,0.5,0.6,0.6,False,0.4079388218552422,0.002247533734934815,0.4072098968978944,5,0.5333165215764423,0.003010586183486417,0.5328472450926052,5,,,,0,0.0020341923373422797,0.0021544593575198298,0.0029791495921795,5,0.00056438743443768,0.004102649330067553,-0.0011979788120437,5,1.555052656028538,0.005304091444245237,1.5556073318034098,5,0.0585343839075955,0.025963711857616884,0.0466475540028282,5,0.28931781896353614,0.0011805965408706058,0.2894211046570183,5,0.9987509645061727,0.00020770501029463781,0.9987461419753086,5,0.0,0.0,0.0,5,0.0,0.0,0.0,5
square_moore,ql,block_async,order_ba,fixed,0,0,0.68,0.2,0.016,0.5,0.6,0.6,False,0.4121897158250693,0.0006426390971131765,0.4123239284763922,5,0.6414425558729026,0.006506024517033246,0.6420703036615321,5,,,,0,0.00108833910070356,0.007154382697157318,-0.000900795216006,5,0.0022230236526436997,0.0036390962348405655,0.0038009061782292,5,1.388409946181956,0.007818943641280586,1.3877176372697029,5,0.08863295649089084,0.050465531653869106,0.0783180279312812,5,0.31739447051782854,0.001044629168500355,0.3175730953162607,5,1.0,0.0,1.0,5,0.0,0.0,0.0,5,0.0,0.0,0.0,5
square_moore,ql,block_async,order_ba,plastic,0,0,0.68,0.2,0.016,0.5,0.6,0.6,False,0.40884317042710183,0.0010514894946041537,0.4091103682242912,5,0.5327472010789255,0.005460794008820198,0.5333853041303109,5,,,,0,0.00292914144047896,0.004402067693946752,0.0040967770868299,5,0.0009081296725095801,0.0015026689781796184,0.0014266350565846,5,1.5533360849967717,0.003760355092531992,1.5543145337399014,5,0.0416919546542726,0.005457306510563755,0.04208883021223,5,0.2891153426586508,0.0005623265818486805,0.289316246637706,5,0.9989776234567902,0.00011639195974291835,0.9989149305555556,5,0.0,0.0,0.0,5,0.0,0.0,0.0,5
square_moore,ql,synchronous,baseline,fixed,0,0,0.68,0.2,0.016,0.5,0.6,0.6,False,0.4121519538151803,0.004847041203073382,0.4130930801205471,5,0.8398851904405922,0.002670099263380044,0.840101390115751,5,,,,0,0.00383509165934538,0.010878590284311393,0.0076604193657442,5,0.00438462409979632,0.006594919282738758,0.0050322470211753,5,1.2586813308967122,0.012814431353294214,1.2612092011426956,5,0.0049627343501296595,0.00025345208109789526,0.0048632885813171,5,0.21189754990380028,0.0027059931449039186,0.212775345803601,5,1.0,0.0,1.0,5,0.0,0.0,0.0,5,0.0,0.0,0.0,5
square_moore,ql,synchronous,baseline,plastic,0,0,0.68,0.2,0.016,0.5,0.6,0.6,False,0.4114358729518295,0.004951645674649761,0.4120332156244424,5,0.8403041767351219,0.0018045429608589713,0.8404072016401759,5,,,,0,-0.00595209312818392,0.01223297301358231,-0.0009889833894877,5,-0.00766018246485326,0.012186249419988625,-0.0025440617984831,5,1.2721508399751387,0.01977033545150081,1.2681277120290158,5,0.0060310494065045,0.0005749107465870712,0.0061622867946432,5,0.2142121558068215,0.0023268836820639926,0.2145236416482455,5,1.0,0.0,1.0,5,0.0,0.0,0.0,5,0.0,0.0,0.0,5
square_moore,ql,synchronous,imprint,fixed,0,0,0.68,0.2,0.016,0.5,0.6,0.6,False,0.40854749021523434,0.001715642704042934,0.4095544248944965,5,0.8393561113777425,0.002044142918020794,0.8394647723250916,5,,,,0,-0.00510692954677254,0.015063413950016282,0.0022693057410067,5,-0.01008055186036836,0.007913221406348146,-0.0048752153634078,5,1.2550112254155361,0.0105333282087527,1.2595919244102909,5,0.0053474180014068,0.0004133807663651596,0.0053461769076101,5,0.21091833608405647,0.002459751691876993,0.2106297938160553,5,1.0,0.0,1.0,5,0.0,0.0,0.0,5,0.0,0.0,0.0,5
square_moore,ql,synchronous,imprint,plastic,0,0,0.68,0.2,0.016,0.5,0.6,0.6,False,0.40813901123852886,0.00311399279033163,0.4085420378551048,5,0.8378548232722718,0.0021332321511800044,0.8388832036560101,5,,,,0,-0.012110321487145621,0.02045124512218782,-0.0137720603778382,5,-0.0068517264285724,0.01824196255494248,-0.004959864316848,5,1.2663206199461239,0.01382022893165845,1.2633836265172895,5,0.00525881239173382,0.0005620394603461167,0.0053029198516975,5,0.21619131137512557,0.0014562879425801046,0.2156667038019309,5,1.0,0.0,1.0,5,0.0,0.0,0.0,5,0.0,0.0,0.0,5
square_moore,ql,synchronous,lesion,fixed,0,0,0.68,0.2,0.016,0.5,0.6,0.6,False,0.41097869242182294,0.0028376924109207,0.4113870162051357,5,0.8400888797693428,0.0017804911929301262,0.8409087994526951,5,-0.02584479490289132,0.03766098095562373,-0.0050286065825035,5,-0.0059469091701452,0.010458784311771389,-0.0101856066342266,5,0.0010503402839176002,0.014722689882255576,0.0019477672547663,5,1.254438646727016,0.00974245260815825,1.2488315823032805,5,0.00532663014771668,0.0006694712671399814,0.0049053790400039,5,0.21331015647839693,0.0022964401941435405,0.212746759299627,5,1.0,0.0,1.0,5,0.0,0.0,0.0,5,0.0,0.0,0.0,5
square_moore,ql,synchronous,lesion,plastic,0,0,0.68,0.2,0.016,0.5,0.6,0.6,False,0.40889538449463814,0.0027652485523229917,0.4082824807148061,5,0.8377444905557289,0.0023421824576538787,0.837063273439373,5,-0.02321158355577048,0.029879942004342627,-0.0344734185304341,5,-0.0168140853357123,0.005890999374281107,-0.0147824363979358,5,-0.0067137048308525404,0.012542772687638619,-0.004394874154654,5,1.2733648921302418,0.010695734486450784,1.2711129202080935,5,0.00556865151260716,0.0005627840054812818,0.0052916416837128,5,0.21481227993937496,0.005090558591010323,0.2134625417557372,5,1.0,0.0,1.0,5,0.0,0.0,0.0,5,0.0,0.0,0.0,5
square_moore,ql,synchronous,order_ab,fixed,0,0,0.68,0.2,0.016,0.5,0.6,0.6,False,0.40855014307427256,0.004032211857697759,0.4078852501475028,5,0.8384715547532864,0.0021653693497736643,0.8382566524756369,5,,,,0,0.01397475462512078,0.013199589706910372,0.0153643759918914,5,0.00398807324620232,0.008801730064569548,0.0028577381570798,5,1.2615872424332246,0.015217138977681306,1.2610693340537589,5,0.00493058947076908,0.0003198498799837682,0.004878951063737,5,0.21310988746808485,0.003843298083734303,0.2121384788602669,5,1.0,0.0,1.0,5,0.0,0.0,0.0,5,0.0,0.0,0.0,5
square_moore,ql,synchronous,order_ab,plastic,0,0,0.68,0.2,0.016,0.5,0.6,0.6,False,0.4108880502554017,0.003530558763617267,0.4091021873225974,5,0.8392465427765592,0.0026959941958603225,0.8394857151946503,5,,,,0,-0.0029135733369239207,0.01369936904905682,-0.0070026189009417,5,0.00309712591463298,0.01545835936481586,-0.0012502720675492,5,1.2605651640813746,0.010201497742060493,1.2602493235014216,5,0.00513768348537284,0.0008025224672484843,0.0050141034001807,5,0.2140040069013002,0.003037054035220428,0.2135360837252215,5,0.9999228395061728,2.017409400404214e-05,0.9999276620370372,5,0.0,0.0,0.0,5,0.0,0.0,0.0,5
square_moore,ql,synchronous,order_ba,fixed,0,0,0.68,0.2,0.016,0.5,0.6,0.6,False,0.4094492702251894,0.0023863620765081266,0.4089801795570024,5,0.8382813852345077,0.0014547103191988662,0.8383694468037526,5,,,,0,-0.00177204036243844,0.007437511139212599,0.0009132394315496,5,0.00470377366630072,0.006410548675421924,0.003872840577565,5,1.258180981527764,0.013107660922233354,1.251007813205203,5,0.00546884395291344,0.00040891148686314206,0.0053001114621768,5,0.21688769858519757,0.0028366424481523567,0.2169243197908406,5,1.0,0.0,1.0,5,0.0,0.0,0.0,5,0.0,0.0,0.0,5
square_moore,ql,synchronous,order_ba,plastic,0,0,0.68,0.2,0.016,0.5,0.6,0.6,False,0.41001415311474076,0.0023279882354560574,0.4103043482956957,5,0.8395521428253809,0.0018303298788418779,0.839115765866735,5,,,,0,-0.00848230775874018,0.0027332784246572282,-0.0102135641107298,5,-0.012634867209600381,0.006171982043272586,-0.0115317683267448,5,1.249745913845118,0.006105110066884823,1.2494191211755363,5,0.00578903335760164,0.000678185565145065,0.0055405660469714,5,0.21505306542777108,0.004644752401398689,0.2149610966515203,5,0.9999083719135802,1.0783506836041266e-05,0.999903549382716,5,0.0,0.0,0.0,5,0.0,0.0,0.0,5
square_vn,markov,alpha_async,baseline,fixed,0,0,0.68,0.2,0.016,0.5,0.6,0.6,False,0.40491946266219225,0.0009650512486135383,0.4051031736440644,5,0.7256253740277715,0.0017762306383385352,0.7248932351672942,5,,,,0,0.0032740473336750195,0.003766051395726465,0.0055248960064056,5,-0.0017094218705461205,0.006234915176735944,-1.9286634902302043e-05,5,1.4644694899320756,0.0051395513519165905,1.4656760916847322,5,0.0026230703627246796,0.00014663535855931908,0.0026766269879328,5,0.0,0.0,0.0,5,1.0,0.0,1.0,5,0.0,0.0,0.0,5,0.0,0.0,0.0,5
square_vn,markov,alpha_async,baseline,plastic,0,0,0.68,0.2,0.016,0.5,0.6,0.6,False,0.40410887337194296,0.0015616671839513048,0.4038037907479668,5,0.7254306693757668,0.0012149831839606108,0.7259624292884815,5,,,,0,0.00017815000345996004,0.0016799177954075577,0.0006264429651606,5,-7.101859209620058e-06,0.0037423802101972607,0.0012730775560396,5,1.466658454700017,0.0025410067808032794,1.4657709516349324,5,0.00277655139484438,0.00020592326917250132,0.0027717706650472,5,0.0,0.0,0.0,5,1.0,0.0,1.0,5,0.0,0.0,0.0,5,0.0,0.0,0.0,5
square_vn,markov,alpha_async,imprint,fixed,0,0,0.68,0.2,0.016,0.5,0.6,0.6,False,0.14247904566938513,0.007042328442405353,0.1394535870248371,5,0.25749462339351453,0.011808459130487633,0.2549122834879159,5,,,,0,0.2571763739055279,0.013844978206934738,0.2580121218398506,5,0.2352172616863398,0.010714066617044046,0.2329336289201842,5,1.1339497817848634,0.033252283174034385,1.1160820062164651,5,0.09175313655061043,0.005380119102915499,0.0895778759285291,5,0.0,0.0,0.0,5,1.0,0.0,1.0,5,0.0,0.0,0.0,5,0.0,0.0,0.0,5
square_vn,markov,alpha_async,imprint,plastic,0,0,0.68,0.2,0.016,0.5,0.6,0.6,False,0.13922499394914295,0.009694304219031736,0.137521996965664,5,0.25097991810567877,0.017567820112237387,0.2489398966375182,5,,,,0,0.2655157555667287,0.016439810947169415,0.267187801917172,5,0.24390445866781532,0.015114666335152958,0.2434684865233464,5,1.117565223353911,0.047510857917744655,1.1088522819962292,5,0.09140752156658487,0.004052167323680498,0.0896607103583791,5,0.0,0.0,0.0,5,1.0,0.0,1.0,5,0.0,0.0,0.0,5,0.0,0.0,0.0,5
square_vn,markov,alpha_async,lesion,fixed,0,0,0.68,0.2,0.016,0.5,0.6,0.6,False,0.14307400432360284,0.0030427446075089065,0.1436321009819706,5,0.2569004528259181,0.005901648131768898,0.2594034878094693,5,0.23127998408200426,0.00994024623007142,0.2333977688217733,5,0.25607026316366976,0.004523099591867712,0.2560223742313428,5,0.23587304867890913,0.008703955370844967,0.2358352502389091,5,1.1395329563140555,0.013249239064998511,1.1381833924522111,5,0.09407754068596225,0.006884373483368447,0.0921486079244926,5,0.0,0.0,0.0,5,1.0,0.0,1.0,5,0.0,0.0,0.0,5,0.0,0.0,0.0,5
square_vn,markov,alpha_async,lesion,plastic,0,0,0.68,0.2,0.016,0.5,0.6,0.6,False,0.13897756093684122,0.0082193897754439,0.1392498736862465,5,0.2502053196181571,0.014810309332022716,0.2508619117328477,5,0.24180399337180755,0.018097264930532098,0.2377411937229553,5,0.2574213296007227,0.014604883858432827,0.2610838764426287,5,0.24258919017504615,0.011248496238138391,0.242656157750643,5,1.1162911666706017,0.03741487172752497,1.1195898217986442,5,0.09212750127158549,0.004254358129766545,0.0919247194680024,5,0.0,0.0,0.0,5,1.0,0.0,1.0,5,0.0,0.0,0.0,5,0.0,0.0,0.0,5
square_vn,markov,alpha_async,order_ab,fixed,0,0,0.68,0.2,0.016,0.5,0.6,0.6,False,0.09363066306075199,0.005200716944144794,0.0952784829581101,5,0.16885255737747693,0.010124173151354818,0.1737545457996912,5,,,,0,0.3532703117998151,0.016817041343162115,0.3512814698989552,5,0.332275984061293,0.009389990990327562,0.3318787948066656,5,0.8715948669021595,0.03501524815542913,0.8832021444841329,5,0.08488366437676406,0.0014173950011195024,0.0856064299243043,5,0.0,0.0,0.0,5,1.0,0.0,1.0,5,0.0,0.0,0.0,5,0.0,0.0,0.0,5
square_vn,markov,alpha_async,order_ab,plastic,0,0,0.68,0.2,0.016,0.5,0.6,0.6,False,0.09275914788845746,0.0017447924244527496,0.0922823058716945,5,0.16753608637736098,0.0033584599006771603,0.1660213969393505,5,,,,0,0.35058743463710873,0.005951826604518951,0.3512971364922411,5,0.3371576253649084,0.00846022794940904,0.3379762046114975,5,0.8640608061470164,0.012306985673338837,0.864406541536269,5,0.08467140182896869,0.002068077769071676,0.0840881490639718,5,0.0,0.0,0.0,5,1.0,0.0,1.0,5,0.0,0.0,0.0,5,0.0,0.0,0.0,5
square_vn,markov,alpha_async,order_ba,fixed,0,0,0.68,0.2,0.016,0.5,0.6,0.6,False,0.09063172343217474,0.00249312404830974,0.0904988239209532,5,0.16316524969543084,0.0046217025136046554,0.1625025852586784,5,,,,0,0.36684377589878053,0.013913945197681583,0.3669201517446325,5,0.33819724258800477,0.00931186023742156,0.3410430964324833,5,0.8515185920284823,0.01474890807584553,0.8489133930357025,5,0.08441420849575645,0.0007029725702331547,0.0846197658249123,5,0.0,0.0,0.0,5,1.0,0.0,1.0,5,0.0,0.0,0.0,5,0.0,0.0,0.0,5
square_vn,markov,alpha_async,order_ba,plastic,0,0,0.68,0.2,0.016,0.5,0.6,0.6,False,0.09322801703957512,0.0024522552757374597,0.0919789837046959,5,0.16873141952251738,0.005388541580868993,0.1669612183375316,5,,,,0,0.34963527868008903,0.010043078135548895,0.3542181069134547,5,0.3268027394746117,0.008436434923168132,0.3283708703336051,5,0.8697470348410695,0.014464241608489272,0.8632154220926648,5,0.08639494780806703,0.001614181290070865,0.0859517986961892,5,0.0,0.0,0.0,5,1.0,0.0,1.0,5,0.0,0.0,0.0,5,0.0,0.0,0.0,5
square_vn,markov,block_async,baseline,fixed,0,0,0.68,0.2,0.016,0.5,0.6,0.6,False,0.40544449407751576,0.0009523405028138492,0.4057367909872788,5,0.747575975276918,0.0004881212406440852,0.7476873680881392,5,,,,0,-0.0014224240593012799,0.004046800588865385,-0.0022976187637226,5,0.0020879669463369603,0.003883204845850242,0.0010540440680483,5,1.4502440062179358,0.0035531085124482797,1.4495364059166551,5,0.00300389528322488,0.0001817094179077916,0.0030666701776418,5,0.0,0.0,0.0,5,1.0,0.0,1.0,5,0.0,0.0,0.0,5,0.0,0.0,0.0,5
square_vn,markov,block_async,baseline,plastic,0,0,0.68,0.2,0.016,0.5,0.6,0.6,False,0.4053664484500997,0.0008421725320806083,0.4051127189102618,5,0.7477721497639374,0.0010096564711595344,0.747478634304842,5,,,,0,0.00312604631472426,0.0017900608050809728,0.0029780063582796,5,0.00182371246780524,0.003110308773123244,0.001131662708632,5,1.4436587020028981,0.005633349885461835,1.4419100951154251,5,0.0027112089152304003,0.00012930973659772986,0.0027814019959219,5,0.0,0.0,0.0,5,1.0,0.0,1.0,5,0.0,0.0,0.0,5,0.0,0.0,0.0,5
square_vn,markov,block_async,imprint,fixed,0,0,0.68,0.2,0.016,0.5,0.6,0.6,False,0.2962820971997255,0.016234566163146943,0.3043791670874931,5,0.5482509522237431,0.02930702020632273,0.5607648970357417,5,,,,0,0.09231931194301621,0.01694726629994332,0.0842692916931882,5,0.08858735297001766,0.016895510467102637,0.0806045202997764,5,1.5212437879813534,0.013254485603806572,1.5286700503282256,5,0.03757894088894422,0.005650760340883761,0.0359059543088915,5,0.0,0.0,0.0,5,1.0,0.0,1.0,5,0.0,0.0,0.0,5,0.0,0.0,0.0,5
square_vn,markov,block_async,imprint,plastic,0,0,0.68,0.2,0.016,0.5,0.6,0.6,False,0.29356185764152737,0.014485851229653802,0.2967807276224288,5,0.5423186131209782,0.027893253689993496,0.546905615913787,5,,,,0,0.09359368897888058,0.010939449990159318,0.089239217290438,5,0.08833719575583604,0.011932329248025187,0.08681413475564,5,1.5233947029170687,0.011346563625453736,1.5258653366037749,5,0.04151057354435378,0.010442738501489388,0.0428104191940273,5,0.0,0.0,0.0,5,1.0,0.0,1.0,5,0.0,0.0,0.0,5,0.0,0.0,0.0,5
square_vn,markov,block_async,lesion,fixed,0,0,0.68,0.2,0.016,0.5,0.6,0.6,False,0.2922961279535302,0.010598361741043942,0.2971170248663926,5,0.5401996235472718,0.01957732617014824,0.5495554344751445,5,0.0602807137210825,0.011012307444031463,0.0631842376953943,5,0.09493118037712665,0.011649677157333319,0.0936111203585669,5,0.09259128820719217,0.008506265182122098,0.0950968347018207,5,1.5216492818768004,0.008789340819171338,1.525352235793347,5,0.0394296639178271,0.004110123625139167,0.038070924935758,5,0.0,0.0,0.0,5,1.0,0.0,1.0,5,0.0,0.0,0.0,5,0.0,0.0,0.0,5
square_vn,markov,block_async,lesion,plastic,0,0,0.68,0.2,0.016,0.5,0.6,0.6,False,0.28845887690260485,0.01386464333642081,0.2971968545097919,5,0.5337588056599939,0.024728400806805814,0.5485506496222982,5,0.06453882235614938,0.00981054419985502,0.0672757441934798,5,0.09675832102625323,0.01666779225852378,0.0891085057687981,5,0.0921828399862746,0.011812654729451276,0.0851418379196706,5,1.5172398822798587,0.014573003262999665,1.526151581063757,5,0.03875425328719184,0.007272811565489145,0.0389624105593011,5,0.0,0.0,0.0,5,1.0,0.0,1.0,5,0.0,0.0,0.0,5,0.0,0.0,0.0,5
square_vn,markov,block_async,order_ab,fixed,0,0,0.68,0.2,0.016,0.5,0.6,0.6,False,0.14694946697028752,0.004819411703991492,0.1469889131145318,5,0.27200990066695063,0.008489684004020967,0.2738509759189317,5,,,,0,0.2539360006901171,0.00862167698511643,0.2583771567027472,5,0.23384764409943956,0.007067636591431404,0.2328128925025974,5,1.1452574062633922,0.021984356513467675,1.146754833632246,5,0.09494803899695592,0.004654525601099658,0.0955035806759436,5,0.0,0.0,0.0,5,1.0,0.0,1.0,5,0.0,0.0,0.0,5,0.0,0.0,0.0,5
square_vn,markov,block_async,order_ab,plastic,0,0,0.68,0.2,0.016,0.5,0.6,0.6,False,0.14688926563788368,0.004977065479259898,0.1477582767909756,5,0.27272026681196915,0.009171042094090115,0.274599872153133,5,,,,0,0.2500898343677004,0.008873140119760883,0.2484208734488506,5,0.23496886425778724,0.008648280117930725,0.2314102376245775,5,1.1462620513973178,0.019969320970450156,1.1447785566335675,5,0.0959542833107384,0.005602510791245279,0.0953003145660817,5,0.0,0.0,0.0,5,1.0,0.0,1.0,5,0.0,0.0,0.0,5,0.0,0.0,0.0,5
square_vn,markov,block_async,order_ba,fixed,0,0,0.68,0.2,0.016,0.5,0.6,0.6,False,0.14951039732642785,0.004727462291595886,0.1488268034155402,5,0.27521743967551593,0.008521462309554095,0.2739994600692137,5,,,,0,0.24878574140866255,0.01004824527432164,0.2467470788631657,5,0.2326678544902542,0.009937329212752245,0.236799445643079,5,1.1591138113972952,0.020206553732715297,1.1573329357588844,5,0.09430021734781115,0.004694993758150893,0.0936491758824715,5,0.0,0.0,0.0,5,1.0,0.0,1.0,5,0.0,0.0,0.0,5,0.0,0.0,0.0,5
square_vn,markov,block_async,order_ba,plastic,0,0,0.68,0.2,0.016,0.5,0.6,0.6,False,0.15129326390673256,0.007321002602326423,0.1524900997421293,5,0.27925543055231994,0.014087825875778235,0.2803570928437636,5,,,,0,0.2496041745895332,0.012625764686311812,0.254180720583269,5,0.2280824625785575,0.010413360232732321,0.2268052240324456,5,1.1643021452382507,0.030542591683293062,1.1723035173695926,5,0.09236355088018072,0.0035056912652621196,0.0922303495832804,5,0.0,0.0,0.0,5,1.0,0.0,1.0,5,0.0,0.0,0.0,5,0.0,0.0,0.0,5
square_vn,markov,synchronous,baseline,fixed,0,0,0.68,0.2,0.016,0.5,0.6,0.6,False,0.39955046009875855,0.0019074716037735676,0.3997204469659968,5,0.7696105439051716,0.0015549833164272466,0.7693275775421677,5,,,,0,-0.0005537672772951999,0.005491412323489605,-0.0010948323513373,5,0.0026665266368005912,0.0051905475244772865,-9.3638718339842e-05,5,1.4477046233078252,0.011037125155566482,1.453222164476481,5,0.00303160822653428,0.0001784780182860769,0.0030728788858192,5,0.0,0.0,0.0,5,1.0,0.0,1.0,5,0.0,0.0,0.0,5,0.0,0.0,0.0,5
square_vn,markov,synchronous,baseline,plastic,0,0,0.68,0.2,0.016,0.5,0.6,0.6,False,0.39785096281023213,0.0013095372198434585,0.3974999540108886,5,0.7696366995442664,0.002589724189329211,0.7693509938215807,5,,,,0,-0.0008652180461062399,0.004365861074914648,0.000325032335258,5,-0.0030951266517596004,0.007344394773060377,-0.0054621716414492,5,1.4465157890947473,0.004765777934693997,1.4462317810059564,5,0.00288662816170168,0.00025751737786759065,0.0028481299325513,5,0.0,0.0,0.0,5,1.0,0.0,1.0,5,0.0,0.0,0.0,5,0.0,0.0,0.0,5
square_vn,markov,synchronous,imprint,fixed,0,0,0.68,0.2,0.016,0.5,0.6,0.6,False,0.14472959756632062,0.010405886982083725,0.1452234298866417,5,0.2787324387869118,0.018384253337653284,0.2796148514507213,5,,,,0,0.2581527698486812,0.017399836853386842,0.2601445630971043,5,0.23871905616074712,0.017902886198528194,0.2382252312803589,5,1.1344727822850964,0.04855153101297731,1.1422181192576648,5,0.09733928449291193,0.0053498080713340985,0.0946411917650857,5,0.0,0.0,0.0,5,1.0,0.0,1.0,5,0.0,0.0,0.0,5,0.0,0.0,0.0,5
square_vn,markov,synchronous,imprint,plastic,0,0,0.68,0.2,0.016,0.5,0.6,0.6,False,0.14248881114313466,0.006440282960471119,0.142845300483611,5,0.2736250103038931,0.011544348269761941,0.2717524893981979,5,,,,0,0.2560015519583397,0.003782709134739282,0.2563752505478173,5,0.24534830149052458,0.014463010889250963,0.2501324021821731,5,1.1254590020774151,0.02898120399651052,1.126514283662741,5,0.09528630806000152,0.0033602924810338165,0.0940961861938445,5,0.0,0.0,0.0,5,1.0,0.0,1.0,5,0.0,0.0,0.0,5,0.0,0.0,0.0,5
square_vn,markov,synchronous,lesion,fixed,0,0,0.68,0.2,0.016,0.5,0.6,0.6,False,0.14036269797502818,0.010716636722036987,0.144804936454499,5,0.26934296205104186,0.021587367668157623,0.2773769161133476,5,0.2545759509109634,0.024550541160908507,0.2532095721433605,5,0.2638300745616905,0.015766582150200728,0.2612169330721446,5,0.24697871966394708,0.024452524834850692,0.2364961673854186,5,1.114496982024757,0.05161208049438146,1.1351576991512582,5,0.0943958142365146,0.0046989496697686164,0.0944464306404954,5,0.0,0.0,0.0,5,1.0,0.0,1.0,5,0.0,0.0,0.0,5,0.0,0.0,0.0,5
square_vn,markov,synchronous,lesion,plastic,0,0,0.68,0.2,0.016,0.5,0.6,0.6,False,0.13784533314141212,0.010320201224093677,0.1397488891822655,5,0.2654201831748111,0.020120871151751783,0.2707050424571133,5,0.24019797856537592,0.03166779255219433,0.2353302654727518,5,0.2618670538408237,0.019302572516249214,0.2575931988130122,5,0.2513138638884595,0.017930770054381883,0.2437546020361295,5,1.103383613190778,0.049091557939446764,1.1092157343139042,5,0.0946667017261065,0.0022237260160233147,0.0941543975409147,5,0.0,0.0,0.0,5,1.0,0.0,1.0,5,0.0,0.0,0.0,5,0.0,0.0,0.0,5
square_vn,markov,synchronous,order_ab,fixed,0,0,0.68,0.2,0.016,0.5,0.6,0.6,False,0.0995184329895619,0.005957327000955414,0.0973396415254511,5,0.1911845321899436,0.010875483711903767,0.1879056851476496,5,,,,0,0.3483844314970405,0.018623249292672357,0.3517098337305581,5,0.31793491219206127,0.01745244470455278,0.3170693433510824,5,0.8994716950472148,0.03571573427226287,0.8862360273930028,5,0.09213949838029008,0.002889740741808164,0.0904850066227182,5,0.0,0.0,0.0,5,1.0,0.0,1.0,5,0.0,0.0,0.0,5,0.0,0.0,0.0,5
square_vn,markov,synchronous,order_ab,plastic,0,0,0.68,0.2,0.016,0.5,0.6,0.6,False,0.10227738114053095,0.004866269688010655,0.1010810481270891,5,0.1964453423488549,0.009752953942343542,0.1947650568991111,5,,,,0,0.3352924088869681,0.015032440891975238,0.3351423062524456,5,0.31644838960466315,0.012631783230333088,0.3150636989452281,5,0.9178524344269837,0.02744008321906065,0.9111398174465348,5,0.09432506158173354,0.002774523087425527,0.0935939457190389,5,0.0,0.0,0.0,5,1.0,0.0,1.0,5,0.0,0.0,0.0,5,0.0,0.0,0.0,5
square_vn,markov,synchronous,order_ba,fixed,0,0,0.68,0.2,0.016,0.5,0.6,0.6,False,0.09204428559241598,0.003008394354221184,0.0928237867943548,5,0.17628098434016712,0.005711169135015372,0.1786854208628804,5,,,,0,0.36972089295421245,0.012457817459015069,0.3693108123412381,5,0.3415429013415897,0.0186950993126055,0.3357644330136777,5,0.8537412299506808,0.01667057232646418,0.8581737513364234,5,0.09060786685278029,0.0025353211975377623,0.0909151344688302,5,0.0,0.0,0.0,5,1.0,0.0,1.0,5,0.0,0.0,0.0,5,0.0,0.0,0.0,5
square_vn,markov,synchronous,order_ba,plastic,0,0,0.68,0.2,0.016,0.5,0.6,0.6,False,0.09632533004892826,0.004145115150425149,0.0973459249304804,5,0.18555335713700102,0.007437466682924981,0.1858643181175513,5,,,,0,0.3510230006251356,0.015213922409357247,0.3459078603277438,5,0.3304934286539824,0.011596998608674925,0.3316152665490343,5,0.8822504161554887,0.026177252403493247,0.8877944592389602,5,0.09327407763216047,0.0024694050046206325,0.0933473357295094,5,0.0,0.0,0.0,5,1.0,0.0,1.0,5,0.0,0.0,0.0,5,0.0,0.0,0.0,5
square_vn,ql,alpha_async,baseline,fixed,0,0,0.68,0.2,0.016,0.5,0.6,0.6,False,0.40035750270939596,0.0013916195925781044,0.4002302472263125,5,0.7279084134091207,0.0013971639719469952,0.7284310091468745,5,,,,0,0.00160115980839338,0.0071107517708753195,0.0035052006944661,5,0.0012248376266056598,0.008395376009873471,-0.0034183216901689,5,1.4448658456419148,0.00850112260096657,1.4435430483644187,5,0.00267289471920986,0.00029514395442625216,0.0027931140646298,5,0.2574771489027279,0.0016544103280885924,0.2580965214318425,5,1.0,0.0,1.0,5,0.0,0.0,0.0,5,0.0,0.0,0.0,5
square_vn,ql,alpha_async,baseline,plastic,0,0,0.68,0.2,0.016,0.5,0.6,0.6,False,0.4004235118260208,0.0012194403814869042,0.4000426552548505,5,0.7282813786679744,0.0006021999299365854,0.7284253149392839,5,,,,0,-0.0020693896528605196,0.0016390268656893893,-0.0017766021823232,5,-0.0008619693775475399,0.005932300694667783,-0.0004464582503401,5,1.4468175860152797,0.0056256344559489965,1.446521608480055,5,0.00264474393933438,0.0002721226568705182,0.0025394420801328,5,0.2571307178723753,0.0015650198503255816,0.2562718468256395,5,1.0,0.0,1.0,5,0.0,0.0,0.0,5,0.0,0.0,0.0,5
square_vn,ql,alpha_async,imprint,fixed,0,0,0.68,0.2,0.016,0.5,0.6,0.6,False,0.40089697486237696,0.001073587366561151,0.4013341936569624,5,0.7282446393540354,0.0013294873540183245,0.7291294800659323,5,,,,0,0.00249109970664748,0.0027620259065865103,0.0024523704260036,5,0.0018054145899412404,0.00836264874645228,0.0030983785670223,5,1.443503404914792,0.007094874943130211,1.442979582310696,5,0.00267643920635834,0.000257588248420844,0.0028188216219679,5,0.2622437823706722,0.0010619906367884146,0.2625007992579635,5,1.0,0.0,1.0,5,0.0,0.0,0.0,5,0.0,0.0,0.0,5
square_vn,ql,alpha_async,imprint,plastic,0,0,0.68,0.2,0.016,0.5,0.6,0.6,False,0.40172074679336445,0.0010608607949357202,0.4020719460163324,5,0.729347340678171,0.0028630087803928395,0.7289963821923774,5,,,,0,-0.0013352044689855002,0.006175798606664306,-0.0022746693190018,5,-0.0045799819403688005,0.0054081746527606675,-0.0037011872176541,5,1.4448019508125651,0.014978868796151587,1.449610110729913,5,0.00243762307086078,0.00014540386145107487,0.0025110244915351,5,0.26313441818781974,0.0007640169750677991,0.2632824737977028,5,1.0,0.0,1.0,5,0.0,0.0,0.0,5,0.0,0.0,0.0,5
square_vn,ql,alpha_async,lesion,fixed,0,0,0.68,0.2,0.016,0.5,0.6,0.6,False,0.40130503348928565,0.0014583638088762772,0.4014463030504372,5,0.7290066540902701,0.0011390073878027273,0.7287464150266261,5,0.00132761414425526,0.006745750841134046,0.0017123466039631,5,0.00171773365680132,0.003442075974568819,0.0034692451586417,5,-0.00047606427971113896,0.0037453888333466587,-0.0001574787164111,5,1.4477152717619055,0.0032933965453285164,1.4479133861229598,5,0.0027807184015485,0.0002781165784225244,0.0028685339750059,5,0.2633773659147306,0.0010105059301356047,0.2636649405751876,5,1.0,0.0,1.0,5,0.0,0.0,0.0,5,0.0,0.0,0.0,5
square_vn,ql,alpha_async,lesion,plastic,0,0,0.68,0.2,0.016,0.5,0.6,0.6,False,0.4004276543298967,0.0012107309101575877,0.4001734562927395,5,0.7279789182968515,0.0011908224541864942,0.7281365160963638,5,-0.00404120903332222,0.004702440474642185,-0.0061688748620437,5,-0.00124080428510684,0.0011794355209025682,-0.0013893490315214,5,0.00340780125701964,0.007197851591920382,0.0043322094923923,5,1.4421216955934786,0.0025346078599915796,1.4413502704502446,5,0.00280068934753886,0.00027088764458038357,0.002834570686206,5,0.26296690110290555,0.0009206367146905959,0.2631246249860217,5,1.0,0.0,1.0,5,0.0,0.0,0.0,5,0.0,0.0,0.0,5
square_vn,ql,alpha_async,order_ab,fixed,0,0,0.68,0.2,0.016,0.5,0.6,0.6,False,0.3117600332218698,0.003084508228970891,0.3123605990223204,5,0.6449087742378451,0.0037428027746318885,0.6448925718209954,5,,,,0,0.07981079756550996,0.005084690262875654,0.0816918180340353,5,0.0807278782026103,0.005787619639284442,0.0793428387416643,5,1.4706379630860802,0.0043525542309094814,1.4692566560773197,5,0.031099849290195304,0.0016135909104326848,0.0308868751592383,5,0.346314033317283,0.002542245602732435,0.3467486902969322,5,1.0,0.0,1.0,5,0.0,0.0,0.0,5,0.0,0.0,0.0,5
square_vn,ql,alpha_async,order_ab,plastic,0,0,0.68,0.2,0.016,0.5,0.6,0.6,False,0.3131414705198952,0.007782193517964165,0.3152658443277858,5,0.6470097573954565,0.008203778706680665,0.6487856030791881,5,,,,0,0.07967240541947124,0.00841747635980475,0.0766045598813798,5,0.07486721280208304,0.00884228568935555,0.0735284002629955,5,1.4728600152883091,0.00565067284356758,1.4749039610727173,5,0.030761974803593363,0.0025986810793964294,0.0313377058029732,5,0.3439296661544196,0.007402312498064373,0.3421068221818721,5,1.0,0.0,1.0,5,0.0,0.0,0.0,5,0.0,0.0,0.0,5
square_vn,ql,alpha_async,order_ba,fixed,0,0,0.68,0.2,0.016,0.5,0.6,0.6,False,0.3064112425823866,0.0053094018806790905,0.3089167759045556,5,0.6394541325880649,0.006421822487836665,0.6414237207611747,5,,,,0,0.09151457739858623,0.0031309275630445254,0.0924147054060315,5,0.08147120398034735,0.0061346967917002984,0.0804137038532919,5,1.4692027834172345,0.004315118828389656,1.470602567542272,5,0.03681455759472318,0.002729607008224627,0.0358863293451918,5,0.35129684965402974,0.005872602637371881,0.3482351764804015,5,1.0,0.0,1.0,5,0.0,0.0,0.0,5,0.0,0.0,0.0,5
square_vn,ql,alpha_async,order_ba,plastic,0,0,0.68,0.2,0.016,0.5,0.6,0.6,False,0.30305365979951693,0.001665502398993236,0.3027727511116144,5,0.6362233762322962,0.001979580784639614,0.6367401416258669,5,,,,0,0.08805225847547413,0.005532564395490624,0.0872554369226264,5,0.08434658659185938,0.0038096999391067357,0.0829759920649222,5,1.4665989623777114,0.0044744266262347135,1.4661292061063902,5,0.03851708450219782,0.003042399304577149,0.0370536242054492,5,0.3530429821203157,0.0016308803801388903,0.3527776421486103,5,1.0,0.0,1.0,5,0.0,0.0,0.0,5,0.0,0.0,0.0,5
square_vn,ql,block_async,baseline,fixed,0,0,0.68,0.2,0.016,0.5,0.6,0.6,False,0.4029737583780707,0.0007870252460421983,0.4029848819182223,5,0.7496450215093012,0.002174616155205779,0.749813775546879,5,,,,0,0.0009053095220627201,0.0025079855019975914,0.0015553232958796,5,0.00011882279589892006,0.004366887658212869,0.0001223323088606,5,1.426923262375547,0.005573151194415371,1.4233735351014318,5,0.00284557062616284,0.000262673439585595,0.0028315910760265,5,0.25024447847365555,0.0007741069057765059,0.2504004197561769,5,1.0,0.0,1.0,5,0.0,0.0,0.0,5,0.0,0.0,0.0,5
square_vn,ql,block_async,baseline,plastic,0,0,0.68,0.2,0.016,0.5,0.6,0.6,False,0.40235503509487536,0.0005437812222439516,0.4024537751365227,5,0.7488957480138841,0.0009877101558766796,0.7490326509282501,5,,,,0,-0.0011171651646515498,0.00476649535271235,-4.863336450890779e-05,5,0.0019550448682111197,0.006227823766350716,0.0003203687828426,5,1.4278563836509954,0.004895723765954616,1.4276177170641633,5,0.0028256706806862,0.0001563204091683212,0.0028222601669949,5,0.2502664038036684,0.0010138216486265494,0.2500975818771218,5,1.0,0.0,1.0,5,0.0,0.0,0.0,5,0.0,0.0,0.0,5
square_vn,ql,block_async,imprint,fixed,0,0,0.68,0.2,0.016,0.5,0.6,0.6,False,0.40274112932209827,0.0012539401522739496,0.4033511433251838,5,0.7486088886351604,0.0012813844294079762,0.7484065615951204,5,,,,0,0.0038219222305917603,0.0032911902997086475,0.0038339810037652,5,0.0001365912510695599,0.005246672311873086,-0.0001842029975991,5,1.435739038314685,0.005682617035916975,1.4379867999316538,5,0.00302042820417638,0.00017843884005901416,0.0030080917376253,5,0.24972238947982378,0.0012297282231916527,0.2499188025168302,5,1.0,0.0,1.0,5,0.0,0.0,0.0,5,0.0,0.0,0.0,5
square_vn,ql,block_async,imprint,plastic,0,0,0.68,0.2,0.016,0.5,0.6,0.6,False,0.4030616246061175,0.0015568056128861165,0.4034829649932765,5,0.7490337175708314,0.002514243376749914,0.7497501953582146,5,,,,0,-0.0045561821978788,0.003320405306406613,-0.0032943538811848,5,-0.00013929768845474013,0.0036966187693403857,-0.0019528361360906,5,1.4310981402037215,0.007726574598008746,1.4320702313931506,5,0.00293775540156546,0.00037877816600712533,0.0031176664122363,5,0.2506408028601758,0.0007493786141232482,0.2504997488747329,5,1.0,0.0,1.0,5,0.0,0.0,0.0,5,0.0,0.0,0.0,5
square_vn,ql,block_async,lesion,fixed,0,0,0.68,0.2,0.016,0.5,0.6,0.6,False,0.4021728585522755,0.0009714303009388938,0.4015389957677187,5,0.749434213092509,0.0016546653368088241,0.7491108413457314,5,-0.00491295892091158,0.008221966881015627,-0.0058401846911068,5,-0.0022995946306752597,0.0050714873677382005,-0.0011696389722044,5,-0.0016185536875136402,0.004698901215675912,-0.0014652003283193,5,1.427605108510157,0.009132751943690556,1.432475017877537,5,0.00300847020632618,0.00029520640257054944,0.0028913179749899,5,0.25081026276522805,0.0010238256127198869,0.2506692318814798,5,1.0,0.0,1.0,5,0.0,0.0,0.0,5,0.0,0.0,0.0,5
square_vn,ql,block_async,lesion,plastic,0,0,0.68,0.2,0.016,0.5,0.6,0.6,False,0.4031013663416516,0.0022985256794145438,0.4028511608211446,5,0.7496137337643707,0.002160984839180466,0.7490837718439234,5,-0.0005768471705470599,0.015227402205685468,0.0006102119161288,5,-0.0025888711493404,0.006533656892488377,0.0013651177229935,5,-0.00128606251919158,0.0036747670610584476,-0.0016196320364628,5,1.4282812601387165,0.006467021206594602,1.4261129831599788,5,0.0029524649383907203,0.0002171418779034188,0.0028831462013245,5,0.24995274148978633,0.0009398392866335086,0.2501947763076377,5,1.0,0.0,1.0,5,0.0,0.0,0.0,5,0.0,0.0,0.0,5
square_vn,ql,block_async,order_ab,fixed,0,0,0.68,0.2,0.016,0.5,0.6,0.6,False,0.40157803368034656,0.0010199040790840309,0.4011012129855997,5,0.7483202793207866,0.0024995936523330474,0.7470498007822497,5,,,,0,0.004900800776193924,0.004811894447218619,0.0023179689109796,5,0.00235897318872156,0.004758903646837096,0.0039611222098817,5,1.425729755116073,0.0017385607936064706,1.4259018683617888,5,0.00281490372841492,0.00017124617997678538,0.0029003575361392,5,0.2515628244277123,0.0007168770233688397,0.2512908036647657,5,1.0,0.0,1.0,5,0.0,0.0,0.0,5,0.0,0.0,0.0,5
square_vn,ql,block_async,order_ab,plastic,0,0,0.68,0.2,0.016,0.5,0.6,0.6,False,0.40296879591394213,0.001726571723074891,0.402668222269099,5,0.7486923038044424,0.0017849754708046989,0.7482277687000749,5,,,,0,-0.00267322496306154,0.005647483024899801,-0.0006406990491256,5,-0.0001404128123612399,0.00566125218847897,0.0024218102079489,5,1.4276915679097422,0.004529003714337598,1.4294766257079998,5,0.0030700630006657,0.0001299127538579214,0.0030753244043015,5,0.2529087935581278,0.0007180643073726783,0.2525336677163365,5,1.0,0.0,1.0,5,0.0,0.0,0.0,5,0.0,0.0,0.0,5
square_vn,ql,block_async,order_ba,fixed,0,0,0.68,0.2,0.016,0.5,0.6,0.6,False,0.40199257629866836,0.0013955950632540026,0.4023169968559957,5,0.7476703208996192,0.0011917023433656202,0.7482398080580202,5,,,,0,0.00157976369324992,0.004111158090618862,0.0026964853775677,5,0.0004520590442716399,0.0034850128813259944,0.0003936593532876,5,1.428546987629246,0.004064621660496502,1.4290872299037114,5,0.00286069944645094,0.0002122642222951145,0.002865228951523,5,0.2515554919974921,0.0010447199042578246,0.2512899936673994,5,1.0,0.0,1.0,5,0.0,0.0,0.0,5,0.0,0.0,0.0,5
square_vn,ql,block_async,order_ba,plastic,0,0,0.68,0.2,0.016,0.5,0.6,0.6,False,0.40153447992613306,0.0019344443482584967,0.4007891612480566,5,0.7484768374005538,0.0008858394600506635,0.7483665360953755,5,,,,0,-0.0037537674912647796,0.004375942679125045,-0.0037687960447802,5,0.00140206673515998,0.0009099615311770835,0.00145655908185,5,1.4288250112500245,0.0035901473214886475,1.4286854259752024,5,0.0029587896582890004,0.000354611026085415,0.0028811875575246,5,0.2514477569643626,0.0003572012876171511,0.2515805936566576,5,1.0,0.0,1.0,5,0.0,0.0,0.0,5,0.0,0.0,0.0,5
square_vn,ql,synchronous,baseline,fixed,0,0,0.68,0.2,0.016,0.5,0.6,0.6,False,0.39388649267632725,0.001263002278552533,0.3943195173175558,5,0.7651305669506762,0.0019388218297764505,0.7653298113989974,5,,,,0,0.000639385780283,0.00647934990583123,-0.0011763914654541,5,0.0005283508087424001,0.006560010576624335,-0.0004561287760965,5,1.4325607350885712,0.004367387230153424,1.4307952522992966,5,0.0028360894763821,0.00032068121121484316,0.0027344712953325,5,0.2607924619126008,0.0035681340254506526,0.2613104249872806,5,1.0,0.0,1.0,5,0.0,0.0,0.0,5,0.0,0.0,0.0,5
square_vn,ql,synchronous,baseline,plastic,0,0,0.68,0.2,0.016,0.5,0.6,0.6,False,0.39586234343790205,0.0011614675461880583,0.395595386436656,5,0.7682236474891452,0.001046682732526594,0.7684507404795673,5,,,,0,0.00172811054111876,0.005659644106020923,0.0023850205618903,5,-0.0035582093927726,0.009020006244863057,-0.0058492365495182,5,1.4309784310462683,0.004690905407048509,1.431856168968286,5,0.00244333596633372,0.00020784066191191448,0.0023947417501191,5,0.26087438566407173,0.0029264945013143563,0.2609914076550725,5,1.0,0.0,1.0,5,0.0,0.0,0.0,5,0.0,0.0,0.0,5
square_vn,ql,synchronous,imprint,fixed,0,0,0.68,0.2,0.016,0.5,0.6,0.6,False,0.39434400551388094,0.002389737238589936,0.3941032665739863,5,0.764914081837215,0.002865212977351081,0.7643152865599442,5,,,,0,0.0010105926450594996,0.01082533957496973,0.0009363958229427,5,0.0012552249765354201,0.007985645118065899,0.003061114817078,5,1.4344546433480398,0.006597870200581799,1.433746778221327,5,0.00273057626840018,0.00017345504585896754,0.0027280261482794,5,0.26094396342350323,0.0011276560060536763,0.2611493219535166,5,1.0,0.0,1.0,5,0.0,0.0,0.0,5,0.0,0.0,0.0,5
square_vn,ql,synchronous,imprint,plastic,0,0,0.68,0.2,0.016,0.5,0.6,0.6,False,0.3965350840130739,0.0029241938567103162,0.395997126639824,5,0.7680627962543325,0.003212154007706256,0.7686309661948239,5,,,,0,-0.0057585280904065405,0.011094864856342448,-0.0016290597274453,5,0.0028798696482877596,0.006019757774989166,0.0030193456954263,5,1.4312059273025521,0.008628411208839476,1.4341860810636209,5,0.00270210035465556,0.0002948059633190371,0.0026315668697573,5,0.26013523426983254,0.0012788144068720437,0.2606346422949337,5,1.0,0.0,1.0,5,0.0,0.0,0.0,5,0.0,0.0,0.0,5
square_vn,ql,synchronous,lesion,fixed,0,0,0.68,0.2,0.016,0.5,0.6,0.6,False,0.3945805296638893,0.0025188197104563767,0.3947328042227642,5,0.7667063892629645,0.0026444917947091476,0.7668834133401543,5,-0.0037897585165197,0.012837732461744661,-0.0099434932194618,5,-0.00213860822568556,0.0025870594230480532,-0.0019042262237853,5,-0.00778106385506884,0.00747783107680198,-0.0112982944868547,5,1.4301342245767876,0.00419232872896221,1.427927387837436,5,0.0028418824872735197,0.00018705608026226223,0.0028919807566856,5,0.260358188914248,0.001765390802964337,0.2603106481343396,5,1.0,0.0,1.0,5,0.0,0.0,0.0,5,0.0,0.0,0.0,5
square_vn,ql,synchronous,lesion,plastic,0,0,0.68,0.2,0.016,0.5,0.6,0.6,False,0.39448663689648633,0.0014614196442658592,0.3937437314928678,5,0.7664996989143703,0.00142010458130709,0.7667764371341012,5,0.00642918879446624,0.012288524380960843,0.0109566420957251,5,0.0016647387604853201,0.004058144200056471,0.0019692114772715,5,-0.0005248904898981199,0.009713519836751009,-0.0015444702642051,5,1.4299080078149258,0.0054465872804205055,1.430435983026587,5,0.00279587567049776,0.0002115828500972334,0.0027740469010187,5,0.2611986579412769,0.0016075528233700624,0.261321118388265,5,1.0,0.0,1.0,5,0.0,0.0,0.0,5,0.0,0.0,0.0,5
square_vn,ql,synchronous,order_ab,fixed,0,0,0.68,0.2,0.016,0.5,0.6,0.6,False,0.3949791802477089,0.0034687503825388973,0.3937949067452816,5,0.7658905712899928,0.003969636157109435,0.7636291982509908,5,,,,0,0.00234080206222322,0.005272242245637284,0.0009031560332746,5,0.0010827185873415201,0.009325750966832833,0.0028262053603577,5,1.426127240259306,0.006560374468310894,1.4284881709821546,5,0.00262983395337602,0.00013293964325621237,0.0025841290712917,5,0.2627427499390003,0.0019780155011034062,0.2629385881384314,5,1.0,0.0,1.0,5,0.0,0.0,0.0,5,0.0,0.0,0.0,5
square_vn,ql,synchronous,order_ab,plastic,0,0,0.68,0.2,0.016,0.5,0.6,0.6,False,0.39340077617447977,0.002330998057945292,0.3928426457236644,5,0.7643761137295201,0.0015530833320792693,0.7642935930861752,5,,,,0,0.00496340644962342,0.006274112741310982,0.0030467701535115,5,0.00361323560316806,0.005209981690628123,0.003920304690715,5,1.4286410789635808,0.00564838777834055,1.427088243293586,5,0.00259417734478134,0.00021188061461840176,0.0025096415516832,5,0.26389691914273056,0.002477241599448374,0.2635551626362737,5,1.0,0.0,1.0,5,0.0,0.0,0.0,5,0.0,0.0,0.0,5
square_vn,ql,synchronous,order_ba,fixed,0,0,0.68,0.2,0.016,0.5,0.6,0.6,False,0.39236627821494807,0.002418616234787955,0.3927759624654411,5,0.7638591959457569,0.0012224960553824185,0.7639755553359792,5,,,,0,0.001301327606591807,0.009464411040284545,-0.0011377320961405,5,0.0019044992628356398,0.008569647135962127,0.0020991626321177,5,1.4312505430857714,0.007218879158803405,1.430108148933204,5,0.0025970505005887797,0.0001534756171198708,0.0026208152385678,5,0.26451290075512823,0.0015757921912036995,0.2645411191475287,5,1.0,0.0,1.0,5,0.0,0.0,0.0,5,0.0,0.0,0.0,5
square_vn,ql,synchronous,order_ba,plastic,0,0,0.68,0.2,0.016,0.5,0.6,0.6,False,0.39340978825379846,0.0023853378339256815,0.3935370442533524,5,0.7651228332965653,0.003931974702806578,0.7657893117476398,5,,,,0,-0.00935001165468856,0.0032209216907921516,-0.0085735436622053,5,0.00395458566960018,0.005964791360264279,0.0052445405139878,5,1.4270646632445458,0.006747502806350011,1.4248181356610965,5,0.0030942369270216398,0.0006930458095848744,0.0028158242283218,5,0.2668618699635283,0.0014598362086396823,0.2663606778140033,5,1.0,0.0,1.0,5,0.0,0.0,0.0,5,0.0,0.0,0.0,5
