L_markov,T_markov,activity_late_markov,alpha_async,autocorr_late_markov,bias_mean_late_markov,block_fraction_markov,coherence_late_markov,config_id_markov,corr_A_late_markov,corr_B_late_markov,dephase_markov,diagonal_ablation,entropy_late_markov,eta_intrinsic_markov,eta_weight,formalism_markov,gamma,geometry,imprint_duration_markov,imprint_start_markov,imprint_strength_markov,interface_density_late_markov,intrinsic_bias_limit_markov,intrinsic_enabled,intrinsic_target_activity_markov,lesion_fraction_markov,lesion_time_markov,memory_mean_late_markov,memory_strength,metric_stride_markov,neighbor_pattern_entropy_late_markov,orientation_anisotropy_late_markov,p0_markov,plasticity,profile_markov,repair_reference_corr_markov,save_dense_markov,schedule,second_imprint_duration_markov,second_imprint_start_markov,second_lesion_time_markov,seed,sensitivity_point_markov,sequential_events_per_sweep_markov,sigma_birth,sigma_survive,snapshot_every_markov,spectral_peak_fraction_late_markov,structural_additions_total_markov,structural_enabled,structural_interval_markov,structural_link_fraction_late_markov,structural_min_degree_markov,structural_removals_total_markov,structural_rewire_probability_markov,structural_swap_tolerance_markov,structural_target_fraction_markov,structural_utility_tau_markov,task,tau_memory_markov,theta_input_markov,theta_memory_markov,theta_phase_markov,weight_decay_markov,weight_sum_markov,order_bias_markov,L_ql,T_ql,activity_late_ql,autocorr_late_ql,bias_mean_late_ql,block_fraction_ql,coherence_late_ql,config_id_ql,corr_A_late_ql,corr_B_late_ql,dephase_ql,entropy_late_ql,eta_intrinsic_ql,formalism_ql,imprint_duration_ql,imprint_start_ql,imprint_strength_ql,interface_density_late_ql,intrinsic_bias_limit_ql,intrinsic_target_activity_ql,lesion_fraction_ql,lesion_time_ql,memory_mean_late_ql,metric_stride_ql,neighbor_pattern_entropy_late_ql,orientation_anisotropy_late_ql,p0_ql,profile_ql,repair_reference_corr_ql,save_dense_ql,second_imprint_duration_ql,second_imprint_start_ql,second_lesion_time_ql,sensitivity_point_ql,sequential_events_per_sweep_ql,snapshot_every_ql,spectral_peak_fraction_late_ql,structural_additions_total_ql,structural_interval_ql,structural_link_fraction_late_ql,structural_min_degree_ql,structural_removals_total_ql,structural_rewire_probability_ql,structural_swap_tolerance_ql,structural_target_fraction_ql,structural_utility_tau_ql,tau_memory_ql,theta_input_ql,theta_memory_ql,theta_phase_ql,weight_decay_ql,weight_sum_ql,order_bias_ql,d_activity_late,d_entropy_late,d_repair_reference_corr,d_neighbor_pattern_entropy_late,divergence_score
52,280,0.4351091343940438,0.5,-0.0377334633617701,0.0,0.125,0.0,extended_hex_r2__markov__fixed__intr0__struct0__alpha_async__lesion__s1__2a813be7fe,-0.0174084977940085,-0.0210240743545958,0.25,False,0.836113231521971,0.002,0.016,markov,0.68,extended_hex_r2,40,90,0.9,0.2442993769974866,0.3,0,0.42,0.08,180,0.3891369049522261,0.0,20,0.4495680425901995,3.292477226764537e-18,0.2,fixed,ablation,-0.0071141503876888,False,alpha_async,40,170,230,1,-1,1.0,0.6,0.6,80,0.0047917742523283,0,0,40,1.0,2,0,0.25,0.01,0.75,50.0,lesion,30.0,0.45,0.2,0.1,0.002,8.0,,52,280,0.4305855268320579,-0.045846364506673,0.0,0.125,0.1545247130150795,extended_hex_r2__ql__fixed__intr0__struct0__alpha_async__lesion__s1__790af163f2,-0.0116964450078856,-0.0113893060562648,0.25,0.8324714079298322,0.002,ql,40,90,0.9,0.2449433733421623,0.3,0.42,0.08,180,0.4158139979322174,20,0.3755243177563488,4.057128325961891e-18,0.2,ablation,-0.0035116037355631,False,40,170,230,-1,1.0,80,0.0041654822419141,0,40,1.0,2,0,0.25,0.01,0.75,50.0,30.0,0.45,0.2,0.1,0.002,8.0,,0.004523607561985887,0.0036418235921388264,0.0036025466521257,0.07404372483385069,0.0858117026401011
52,280,0.4671115794702984,0.5,-0.0328410765002136,0.0,0.125,0.0,extended_hex_r2__markov__fixed__intr0__struct0__alpha_async__lesion__s2__8897672dcf,-0.0033010395958311,0.0232034509520265,0.25,True,0.8451449651056547,0.002,0.016,markov,0.68,extended_hex_r2,40,90,0.9,0.2464806801524185,0.3,0,0.42,0.08,180,0.3850544503950217,0.0,20,0.7044295168619112,3.516693730071176e-18,0.2,fixed,ablation,-0.0346527523231138,False,alpha_async,40,170,230,2,-1,1.0,0.6,0.6,80,0.0044287134552533,0,0,40,1.0,2,0,0.25,0.01,0.75,50.0,lesion,30.0,0.45,0.2,0.1,0.002,8.0,,52,280,0.4671115794702984,-0.0328410765002135,0.0,0.125,0.0,extended_hex_r2__ql__fixed__intr0__struct0__alpha_async__lesion__s2__ab88110bcd,-0.0033010395958311,0.0232034509520265,0.25,0.8451449651056545,0.002,ql,40,90,0.9,0.2464806801524185,0.3,0.42,0.08,180,0.3850544503950217,20,0.7044295168619112,2.76316788055009e-18,0.2,ablation,-0.0346527523231138,False,40,170,230,-1,1.0,80,0.0044287134552533,0,40,1.0,2,0,0.25,0.01,0.75,50.0,30.0,0.45,0.2,0.1,0.002,8.0,,0.0,2.220446049250313e-16,0.0,0.0,2.220446049250313e-16
52,280,0.4297914310777536,0.5,-0.0385256725685425,0.0,0.125,0.0,extended_hex_r2__markov__fixed__intr0__struct0__alpha_async__lesion__s1__65c47d0bc1,-0.0117044142892233,-0.0094005140189474,0.25,False,0.8264637896693161,0.002,0.016,markov,0.68,extended_hex_r2,40,90,0.9,0.2476139701199081,0.3,0,0.42,0.08,180,0.382684922621719,0.3,20,0.4006816650434009,3.2824166148938357e-18,0.2,fixed,ablation,-0.0051779515797098,False,alpha_async,40,170,230,1,-1,1.0,0.6,0.6,80,0.0038565873013586,0,0,40,1.0,2,0,0.25,0.01,0.75,50.0,lesion,30.0,0.45,0.2,0.1,0.002,8.0,,52,280,0.4403131212623528,0.0238280041842222,0.0,0.125,0.1542245836894419,extended_hex_r2__ql__fixed__intr0__struct0__alpha_async__lesion__s1__6465fa86b1,0.0143442283964099,0.0131505620365586,0.25,0.8459278915305859,0.002,ql,40,90,0.9,0.2378200103679633,0.3,0.42,0.08,180,0.411941334916456,20,0.7756415131067659,3.761638766419027e-18,0.2,ablation,0.0676785027796467,False,40,170,230,-1,1.0,80,0.0246704386408405,0,40,1.0,2,0,0.25,0.01,0.75,50.0,30.0,0.45,0.2,0.1,0.002,8.0,,0.010521690184599197,0.01946410186126979,0.07285645435935649,0.37495984806336496,0.47780209446859045
52,280,0.4651389164346744,0.5,-0.0249503481386374,0.0,0.125,0.0,extended_hex_r2__markov__fixed__intr0__struct0__alpha_async__lesion__s2__ab151ee724,0.0030851601865171,0.0304796358008342,0.25,True,0.8406788299268584,0.002,0.016,markov,0.68,extended_hex_r2,40,90,0.9,0.2478059044970154,0.3,0,0.42,0.08,180,0.379834020801113,0.3,20,0.7063731860154091,3.384984163346547e-18,0.2,fixed,ablation,-0.0275297331942258,False,alpha_async,40,170,230,2,-1,1.0,0.6,0.6,80,0.005285554458597,0,0,40,1.0,2,0,0.25,0.01,0.75,50.0,lesion,30.0,0.45,0.2,0.1,0.002,8.0,,52,280,0.4651389164346742,-0.0249503481386374,0.0,0.125,0.0,extended_hex_r2__ql__fixed__intr0__struct0__alpha_async__lesion__s2__22d97da15e,0.0030851601865171,0.0304796358008342,0.25,0.8406788299268584,0.002,ql,40,90,0.9,0.2478059044970154,0.3,0.42,0.08,180,0.379834020801113,20,0.7063731860154091,3.834293262354518e-18,0.2,ablation,-0.0275297331942257,False,40,170,230,-1,1.0,80,0.0052855544585971,0,40,1.0,2,0,0.25,0.01,0.75,50.0,30.0,0.45,0.2,0.1,0.002,8.0,,2.220446049250313e-16,0.0,1.0061396160665481e-16,0.0,3.226585665316861e-16
52,280,0.4284129931214246,0.5,-0.0361826024839167,0.0,0.125,0.0,extended_hex_r2__markov__plastic__intr0__struct0__alpha_async__lesion__s1__1c4c748eef,-0.0163392907169733,-0.014595357681436,0.25,False,0.8339528537492781,0.002,0.016,markov,0.68,extended_hex_r2,40,90,0.9,0.2415052219783968,0.3,0,0.42,0.08,180,0.3810572319866737,0.0,20,0.4038528975798885,3.7734681113452865e-18,0.2,plastic,ablation,-0.0446257535179998,False,alpha_async,40,170,230,1,-1,1.0,0.6,0.6,80,0.0040260288749981,0,0,40,0.9994452662721892,2,0,0.25,0.01,0.75,50.0,lesion,30.0,0.45,0.2,0.1,0.002,8.0,,52,280,0.4396388344171839,0.0226269754815714,0.0,0.125,0.1522388949420622,extended_hex_r2__ql__plastic__intr0__struct0__alpha_async__lesion__s1__21d9ed093c,0.0086098118376044,0.0152749940829932,0.25,0.850337142704937,0.002,ql,40,90,0.9,0.234335429673596,0.3,0.42,0.08,180,0.4114153296317634,20,0.7476501994849084,3.883584403986409e-18,0.2,ablation,0.0153093092324186,False,40,170,230,-1,1.0,80,0.0208451665503131,0,40,0.9993836291913216,2,0,0.25,0.01,0.75,50.0,30.0,0.45,0.2,0.1,0.002,8.0,,0.011225841295759265,0.01638428895565891,0.0599350627504184,0.3437973019050199,0.4313424949068565
52,280,0.4392895840314872,0.5,-0.0127078323349841,0.0,0.125,0.0,extended_hex_r2__markov__plastic__intr0__struct0__alpha_async__lesion__s2__4a272aa62b,0.0300511838636272,0.0141805664098408,0.25,True,0.8435578827506115,0.002,0.016,markov,0.68,extended_hex_r2,40,90,0.9,0.238975420956327,0.3,0,0.42,0.08,180,0.3811407374775657,0.0,20,0.6068489160150293,3.476655576727483e-18,0.2,plastic,ablation,-0.0057647623505584,False,alpha_async,40,170,230,2,-1,1.0,0.6,0.6,80,0.0063044491783189,0,0,40,0.9994863576594346,2,0,0.25,0.01,0.75,50.0,lesion,30.0,0.45,0.2,0.1,0.002,8.0,,52,280,0.4392895840314872,-0.0127078323349841,0.0,0.125,0.0,extended_hex_r2__ql__plastic__intr0__struct0__alpha_async__lesion__s2__ae34f3a00c,0.0300511838636271,0.0141805664098406,0.25,0.8435578827506118,0.002,ql,40,90,0.9,0.238975420956327,0.3,0.42,0.08,180,0.3811407374775657,20,0.6068489160150293,3.420754187883336e-18,0.2,ablation,-0.0057647623505584,False,40,170,230,-1,1.0,80,0.0063044491783189,0,40,0.9994863576594346,2,0,0.25,0.01,0.75,50.0,30.0,0.45,0.2,0.1,0.002,8.0,,0.0,3.3306690738754696e-16,0.0,0.0,3.3306690738754696e-16
52,280,0.4260166580871614,0.5,-0.0242643998360086,0.0,0.125,0.0,extended_hex_r2__markov__plastic__intr0__struct0__alpha_async__lesion__s2__f0b8461bba,0.0239544578417876,-0.0145678063312284,0.25,False,0.8265181618947861,0.002,0.016,markov,0.68,extended_hex_r2,40,90,0.9,0.2436760429491282,0.3,0,0.42,0.08,180,0.3745513489111319,0.3,20,0.4281355939895534,2.9907335808031323e-18,0.2,plastic,ablation,0.0200336041954655,False,alpha_async,40,170,230,2,-1,1.0,0.6,0.6,80,0.0037988392259681,0,0,40,0.9993630834976988,2,0,0.25,0.01,0.75,50.0,lesion,30.0,0.45,0.2,0.1,0.002,8.0,,52,280,0.4442147712046797,0.0110617259971621,0.0,0.125,0.1535580245314953,extended_hex_r2__ql__plastic__intr0__struct0__alpha_async__lesion__s2__9103212dc5,-0.013735582044795,-0.003737789577681,0.25,0.8549010926721508,0.002,ql,40,90,0.9,0.2339351382678748,0.3,0.42,0.08,180,0.4080614008809659,20,0.7502584045059951,3.560755712005415e-18,0.2,ablation,-0.0180138754682972,False,40,170,230,-1,1.0,80,0.0170095520905808,0,40,0.999301446416831,2,0,0.25,0.01,0.75,50.0,30.0,0.45,0.2,0.1,0.002,8.0,,0.018198113117518344,0.028382930777364646,0.0380474796637627,0.3221228105164417,0.4067513340750874
52,280,0.4260166580871614,0.5,-0.0242643998360086,0.0,0.125,0.0,extended_hex_r2__markov__plastic__intr0__struct0__alpha_async__lesion__s2__880f32d9d5,0.0239544578417876,-0.0145678063312284,0.25,True,0.8265181618947861,0.002,0.016,markov,0.68,extended_hex_r2,40,90,0.9,0.2436760429491282,0.3,0,0.42,0.08,180,0.3745513489111319,0.3,20,0.4281355939895534,2.9907335808031323e-18,0.2,plastic,ablation,0.0200336041954655,False,alpha_async,40,170,230,2,-1,1.0,0.6,0.6,80,0.0037988392259681,0,0,40,0.9993630834976988,2,0,0.25,0.01,0.75,50.0,lesion,30.0,0.45,0.2,0.1,0.002,8.0,,52,280,0.4260166580871613,-0.0242643998360086,0.0,0.125,0.0,extended_hex_r2__ql__plastic__intr0__struct0__alpha_async__lesion__s2__34a96ee4aa,0.0239544578417876,-0.0145678063312284,0.25,0.826518161894786,0.002,ql,40,90,0.9,0.2436760429491282,0.3,0.42,0.08,180,0.3745513489111319,20,0.4281355939895534,3.259807570168092e-18,0.2,ablation,0.0200336041954654,False,40,170,230,-1,1.0,80,0.0037988392259681,0,40,0.9993630834976988,2,0,0.25,0.01,0.75,50.0,30.0,0.45,0.2,0.1,0.002,8.0,,5.551115123125783e-17,1.1102230246251565e-16,1.0061396160665481e-16,0.0,2.671474153004283e-16
52,280,0.2598189749373662,0.5,0.553691106101204,0.0,0.125,0.0,extended_hex_r2__markov__fixed__intr0__struct0__alpha_async__order_ab__s2__811bc83711,0.2037090910704818,0.2064696194287178,0.25,False,0.475792664039157,0.002,0.016,markov,0.68,extended_hex_r2,40,90,0.9,0.1571904420736577,0.3,0,0.42,0.08,180,0.1929316510316882,0.0,20,1.2203525670497364,8.046877231819684e-18,0.2,fixed,ablation,,False,alpha_async,40,170,230,2,-1,1.0,0.6,0.6,80,0.1084825918802333,0,0,40,1.0,2,0,0.25,0.01,0.75,50.0,order_ab,30.0,0.45,0.2,0.1,0.002,8.0,0.0027605283582359,52,280,0.3791478145100075,0.2569255490035502,0.0,0.125,0.2594223851340763,extended_hex_r2__ql__fixed__intr0__struct0__alpha_async__order_ab__s2__246dd0776a,0.0875984524994895,0.1117920641468573,0.25,0.7554673484500712,0.002,ql,40,90,0.9,0.2055178398541046,0.3,0.42,0.08,180,0.2951633090945174,20,1.0006481049088265,5.1046919393994136e-18,0.2,ablation,,False,40,170,230,-1,1.0,80,0.0534579218952039,0,40,1.0,2,0,0.25,0.01,0.75,50.0,30.0,0.45,0.2,0.1,0.002,8.0,0.0241936116473677,0.11932883957264129,0.27967468441091425,0.0,0.21970446214090988,0.6187079861244654
52,280,0.2527382365860515,0.5,0.5529444245597249,0.0,0.125,0.0,extended_hex_r2__markov__fixed__intr0__struct0__alpha_async__order_ab__s1__b9fa4dfed0,0.2034223342817989,0.1901511073003591,0.25,True,0.4776882003260458,0.002,0.016,markov,0.68,extended_hex_r2,40,90,0.9,0.1525825755601356,0.3,0,0.42,0.08,180,0.1930952635490348,0.0,20,1.2550471116248123,7.296899375534378e-18,0.2,fixed,ablation,,False,alpha_async,40,170,230,1,-1,1.0,0.6,0.6,80,0.1102875682389328,0,0,40,1.0,2,0,0.25,0.01,0.75,50.0,order_ab,30.0,0.45,0.2,0.1,0.002,8.0,-0.0132712269814398,52,280,0.2527382365860516,0.5529444245597251,0.0,0.125,0.0,extended_hex_r2__ql__fixed__intr0__struct0__alpha_async__order_ab__s1__2acc8e16be,0.203422334281799,0.1901511073003591,0.25,0.4776882003260458,0.002,ql,40,90,0.9,0.1525825755601356,0.3,0.42,0.08,180,0.1930952635490348,20,1.2550471116248123,7.167029815783274e-18,0.2,ablation,,False,40,170,230,-1,1.0,80,0.1102875682389329,0,40,1.0,2,0,0.25,0.01,0.75,50.0,30.0,0.45,0.2,0.1,0.002,8.0,-0.0132712269814398,1.1102230246251565e-16,0.0,0.0,0.0,1.1102230246251565e-16
52,280,0.2442891402364342,0.5,0.581076647796469,0.0,0.125,0.0,extended_hex_r2__markov__fixed__intr0__struct0__alpha_async__order_ab__s1__6d3101d943,0.2070678702021956,0.2022805792966405,0.25,False,0.4513590918814312,0.002,0.016,markov,0.68,extended_hex_r2,40,90,0.9,0.1457937984063984,0.3,0,0.42,0.08,180,0.1844211470222211,0.3,20,1.317516618295062,6.751521375823327e-18,0.2,fixed,ablation,,False,alpha_async,40,170,230,1,-1,1.0,0.6,0.6,80,0.1190233167261976,0,0,40,1.0,2,0,0.25,0.01,0.75,50.0,order_ab,30.0,0.45,0.2,0.1,0.002,8.0,-0.004787290905555,52,280,0.373284022699319,0.2789721651282171,0.0,0.125,0.26988395468982,extended_hex_r2__ql__fixed__intr0__struct0__alpha_async__order_ab__s1__cc045f281d,0.0897465618642459,0.09551788395122,0.25,0.765455130487425,0.002,ql,40,90,0.9,0.1893013613299905,0.3,0.42,0.08,180,0.2922330935882864,20,1.1288615581243218,5.253671612381472e-18,0.2,ablation,,False,40,170,230,-1,1.0,80,0.0574004441021281,0,40,1.0,2,0,0.25,0.01,0.75,50.0,30.0,0.45,0.2,0.1,0.002,8.0,0.005771322086974,0.1289948824628848,0.3140960386059938,0.0,0.18865506017074019,0.6317459812396188
52,280,0.2442891402364342,0.5,0.581076647796469,0.0,0.125,0.0,extended_hex_r2__markov__fixed__intr0__struct0__alpha_async__order_ab__s1__9d89ddf761,0.2070678702021956,0.2022805792966405,0.25,True,0.4513590918814312,0.002,0.016,markov,0.68,extended_hex_r2,40,90,0.9,0.1457937984063984,0.3,0,0.42,0.08,180,0.1844211470222211,0.3,20,1.317516618295062,6.751521375823327e-18,0.2,fixed,ablation,,False,alpha_async,40,170,230,1,-1,1.0,0.6,0.6,80,0.1190233167261976,0,0,40,1.0,2,0,0.25,0.01,0.75,50.0,order_ab,30.0,0.45,0.2,0.1,0.002,8.0,-0.004787290905555,52,280,0.2442891402364341,0.581076647796469,0.0,0.125,0.0,extended_hex_r2__ql__fixed__intr0__struct0__alpha_async__order_ab__s1__734a7cbca5,0.2070678702021956,0.2022805792966406,0.25,0.4513590918814311,0.002,ql,40,90,0.9,0.1457937984063985,0.3,0.42,0.08,180,0.1844211470222211,20,1.317516618295062,8.363094257273371e-18,0.2,ablation,,False,40,170,230,-1,1.0,80,0.1190233167261977,0,40,1.0,2,0,0.25,0.01,0.75,50.0,30.0,0.45,0.2,0.1,0.002,8.0,-0.004787290905555,8.326672684688674e-17,1.1102230246251565e-16,0.0,0.0,1.942890293094024e-16
52,280,0.2296299086610779,0.5,0.5945630072327129,0.0,0.125,0.0,extended_hex_r2__markov__plastic__intr0__struct0__alpha_async__order_ab__s1__de25673da2,0.2270224208570856,0.2220346446685686,0.25,False,0.4317862328822055,0.002,0.016,markov,0.68,extended_hex_r2,40,90,0.9,0.1378456180595568,0.3,0,0.42,0.08,180,0.1747767921074893,0.0,20,1.2064541791956722,7.296504948721206e-18,0.2,plastic,ablation,,False,alpha_async,40,170,230,1,-1,1.0,0.6,0.6,80,0.1181592298992948,0,0,40,0.9972263313609468,2,0,0.25,0.01,0.75,50.0,order_ab,30.0,0.45,0.2,0.1,0.002,8.0,-0.004987776188517,52,280,0.3633556461693803,0.2825053761771224,0.0,0.125,0.2690392725366903,extended_hex_r2__ql__plastic__intr0__struct0__alpha_async__order_ab__s1__220559b864,0.0880161067538232,0.1037389448098075,0.25,0.7596366995822684,0.002,ql,40,90,0.9,0.1869793851268187,0.3,0.42,0.08,180,0.2884959160951255,20,0.9979065451487976,5.500854137780042e-18,0.2,ablation,,False,40,170,230,-1,1.0,80,0.0552413714167944,0,40,0.997205785667324,2,0,0.25,0.01,0.75,50.0,30.0,0.45,0.2,0.1,0.002,8.0,0.0157228380559842,0.1337257375083024,0.3278504667000629,0.0,0.2085476340468746,0.6701238382552399
52,280,0.2280051780386372,0.5,0.5916775092341358,0.0,0.125,0.0,extended_hex_r2__markov__plastic__intr0__struct0__alpha_async__order_ab__s2__b9a9ad9fad,0.2138523356481015,0.2284660149069576,0.25,True,0.4342637150784386,0.002,0.016,markov,0.68,extended_hex_r2,40,90,0.9,0.1375684218973853,0.3,0,0.42,0.08,180,0.1760485633193061,0.0,20,1.2086773093250034,7.20980700704107e-18,0.2,plastic,ablation,,False,alpha_async,40,170,230,2,-1,1.0,0.6,0.6,80,0.1142636414470929,0,0,40,0.9972879684418146,2,0,0.25,0.01,0.75,50.0,order_ab,30.0,0.45,0.2,0.1,0.002,8.0,0.014613679258856,52,280,0.2280051780386371,0.591677509234136,0.0,0.125,0.0,extended_hex_r2__ql__plastic__intr0__struct0__alpha_async__order_ab__s2__acfa4ddfeb,0.2138523356481018,0.2284660149069577,0.25,0.4342637150784385,0.002,ql,40,90,0.9,0.1375684218973852,0.3,0.42,0.08,180,0.176048563319306,20,1.2086773093250034,7.650779107505177e-18,0.2,ablation,,False,40,170,230,-1,1.0,80,0.114263641447093,0,40,0.9972879684418146,2,0,0.25,0.01,0.75,50.0,30.0,0.45,0.2,0.1,0.002,8.0,0.0146136792588559,1.1102230246251565e-16,1.1102230246251565e-16,0.0,0.0,2.220446049250313e-16
52,280,0.2150332523158966,0.5,0.6216610175937856,0.0,0.125,0.0,extended_hex_r2__markov__plastic__intr0__struct0__alpha_async__order_ab__s1__2b96ead45b,0.2480106313807696,0.252333489021805,0.25,False,0.3999018099683666,0.002,0.016,markov,0.68,extended_hex_r2,40,90,0.9,0.1296245980979743,0.3,0,0.42,0.08,180,0.1646927612315369,0.3,20,1.24772220293146,7.333271169874584e-18,0.2,plastic,ablation,,False,alpha_async,40,170,230,1,-1,1.0,0.6,0.6,80,0.1252147255089889,0,0,40,0.997103057199211,2,0,0.25,0.01,0.75,50.0,order_ab,30.0,0.45,0.2,0.1,0.002,8.0,0.0043228576410354,52,280,0.357287743969795,0.2986241352127993,0.0,0.125,0.2788275637014956,extended_hex_r2__ql__plastic__intr0__struct0__alpha_async__order_ab__s1__95cfb045e5,0.0977355953573731,0.1180275579144333,0.25,0.7522035227125459,0.002,ql,40,90,0.9,0.1832007810973388,0.3,0.42,0.08,180,0.2828652962381319,20,0.9891636910547384,5.553787192998673e-18,0.2,ablation,,False,40,170,230,-1,1.0,80,0.0597103828724421,0,40,0.997103057199211,2,0,0.25,0.01,0.75,50.0,30.0,0.45,0.2,0.1,0.002,8.0,0.0202919625570602,0.14225449165389842,0.35230171274417926,0.0,0.25855851187672163,0.7531147162747993
52,280,0.2035016768775633,0.5,0.616130226538497,0.0,0.125,0.0,extended_hex_r2__markov__plastic__intr0__struct0__alpha_async__order_ab__s2__3df15a00df,0.25143049106464,0.2563564645433501,0.25,True,0.3846495800154257,0.002,0.016,markov,0.68,extended_hex_r2,40,90,0.9,0.1249684385589094,0.3,0,0.42,0.08,180,0.1604021630119665,0.3,20,1.2045205744091787,8.050067936849654e-18,0.2,plastic,ablation,,False,alpha_async,40,170,230,2,-1,1.0,0.6,0.6,80,0.1261313805380849,0,0,40,0.997267422748192,2,0,0.25,0.01,0.75,50.0,order_ab,30.0,0.45,0.2,0.1,0.002,8.0,0.00492597347871,52,280,0.2035016768775632,0.616130226538497,0.0,0.125,0.0,extended_hex_r2__ql__plastic__intr0__struct0__alpha_async__order_ab__s2__d6cac0bf15,0.25143049106464,0.25635646454335,0.25,0.3846495800154255,0.002,ql,40,90,0.9,0.1249684385589094,0.3,0.42,0.08,180,0.1604021630119665,20,1.2045205744091787,9.029062687868309e-18,0.2,ablation,,False,40,170,230,-1,1.0,80,0.1261313805380849,0,40,0.997267422748192,2,0,0.25,0.01,0.75,50.0,30.0,0.45,0.2,0.1,0.002,8.0,0.0049259734787099,8.326672684688674e-17,2.220446049250313e-16,0.0,0.0,3.0531133177191805e-16
52,280,0.2593291628509795,0.5,0.5801979367037827,0.0,0.125,0.0,extended_hex_r2__markov__fixed__intr0__struct0__alpha_async__order_ba__s2__6cc0dfdd97,0.1963584301782727,0.1865716023155349,0.25,False,0.4697653429569499,0.002,0.016,markov,0.68,extended_hex_r2,40,90,0.9,0.1517770481578666,0.3,0,0.42,0.08,180,0.1936992472297254,0.0,20,1.3433437021038823,7.628246506176319e-18,0.2,fixed,ablation,,False,alpha_async,40,170,230,2,-1,1.0,0.6,0.6,80,0.1388288050113992,0,0,40,1.0,2,0,0.25,0.01,0.75,50.0,order_ba,30.0,0.45,0.2,0.1,0.002,8.0,-0.0097868278627378,52,280,0.3725398538684749,0.2899110468113959,0.0,0.125,0.2725151588204595,extended_hex_r2__ql__fixed__intr0__struct0__alpha_async__order_ba__s2__53e6047579,0.0911166120580008,0.0822635718844351,0.25,0.7549213875582957,0.002,ql,40,90,0.9,0.1929719468175762,0.3,0.42,0.08,180,0.2926962243262107,20,1.1736750585973128,6.068924032013009e-18,0.2,ablation,,False,40,170,230,-1,1.0,80,0.0595676837754062,0,40,1.0,2,0,0.25,0.01,0.75,50.0,30.0,0.45,0.2,0.1,0.002,8.0,-0.0088530401735656,0.11321069101749537,0.28515604460134586,0.0,0.16966864350656952,0.5680353791254107
52,280,0.2553417917770994,0.5,0.5589696594960049,0.0,0.125,0.0,extended_hex_r2__markov__fixed__intr0__struct0__alpha_async__order_ba__s1__99036fc4c3,0.2055269622850819,0.1905628860901878,0.25,True,0.4807161004166634,0.002,0.016,markov,0.68,extended_hex_r2,40,90,0.9,0.1521140062994004,0.3,0,0.42,0.08,180,0.1964840829318822,0.0,20,1.2868098489176203,8.194989357420634e-18,0.2,fixed,ablation,,False,alpha_async,40,170,230,1,-1,1.0,0.6,0.6,80,0.1177619465227036,0,0,40,1.0,2,0,0.25,0.01,0.75,50.0,order_ba,30.0,0.45,0.2,0.1,0.002,8.0,-0.0149640761948941,52,280,0.2553417917770995,0.5589696594960051,0.0,0.125,0.0,extended_hex_r2__ql__fixed__intr0__struct0__alpha_async__order_ba__s1__33c6433628,0.2055269622850818,0.1905628860901879,0.25,0.4807161004166635,0.002,ql,40,90,0.9,0.1521140062994004,0.3,0.42,0.08,180,0.1964840829318822,20,1.2868098489176203,6.2643529349080886e-18,0.2,ablation,,False,40,170,230,-1,1.0,80,0.1177619465227036,0,40,1.0,2,0,0.25,0.01,0.75,50.0,30.0,0.45,0.2,0.1,0.002,8.0,-0.0149640761948939,5.551115123125783e-17,1.1102230246251565e-16,0.0,0.0,1.6653345369377348e-16
52,280,0.2455068071530819,0.5,0.5827107859051861,0.0,0.125,0.0,extended_hex_r2__markov__fixed__intr0__struct0__alpha_async__order_ba__s2__1807f62b31,0.2168839595721415,0.1883828074811382,0.25,False,0.4389186302574828,0.002,0.016,markov,0.68,extended_hex_r2,40,90,0.9,0.1475765107259521,0.3,0,0.42,0.08,180,0.1848339004286418,0.3,20,1.2982090652068174,7.627004990208397e-18,0.2,fixed,ablation,,False,alpha_async,40,170,230,2,-1,1.0,0.6,0.6,80,0.1348585106229098,0,0,40,1.0,2,0,0.25,0.01,0.75,50.0,order_ba,30.0,0.45,0.2,0.1,0.002,8.0,-0.0285011520910033,52,280,0.3615320271042082,0.3053365829082297,0.0,0.125,0.2806086020803798,extended_hex_r2__ql__fixed__intr0__struct0__alpha_async__order_ba__s2__7b6da9f8a2,0.1064438471670051,0.0926549645147945,0.25,0.746211229561155,0.002,ql,40,90,0.9,0.1904136395379826,0.3,0.42,0.08,180,0.2870122444277864,20,1.134073346679582,4.377144618653541e-18,0.2,ablation,,False,40,170,230,-1,1.0,80,0.0638043990940818,0,40,1.0,2,0,0.25,0.01,0.75,50.0,30.0,0.45,0.2,0.1,0.002,8.0,-0.0137888826522105,0.11602521995112627,0.30729259930367225,0.0,0.1641357185272354,0.5874535377820339
52,280,0.2321913951122353,0.5,0.5766914025534425,0.0,0.125,0.0,extended_hex_r2__markov__fixed__intr0__struct0__alpha_async__order_ba__s1__7c726e3d3e,0.2219918232668624,0.2040881976187021,0.25,True,0.4417041040284967,0.002,0.016,markov,0.68,extended_hex_r2,40,90,0.9,0.1425242350183586,0.3,0,0.42,0.08,180,0.1832305978335925,0.3,20,1.21837852729523,7.070991023803345e-18,0.2,fixed,ablation,,False,alpha_async,40,170,230,1,-1,1.0,0.6,0.6,80,0.1273778200944276,0,0,40,1.0,2,0,0.25,0.01,0.75,50.0,order_ba,30.0,0.45,0.2,0.1,0.002,8.0,-0.0179036256481602,52,280,0.2321913951122355,0.5766914025534421,0.0,0.125,0.0,extended_hex_r2__ql__fixed__intr0__struct0__alpha_async__order_ba__s1__b538de5444,0.2219918232668635,0.2040881976187022,0.25,0.4417041040284963,0.002,ql,40,90,0.9,0.1425242350183589,0.3,0.42,0.08,180,0.1832305978335926,20,1.21837852729523,7.409963335211385e-18,0.2,ablation,,False,40,170,230,-1,1.0,80,0.1273778200944274,0,40,1.0,2,0,0.25,0.01,0.75,50.0,30.0,0.45,0.2,0.1,0.002,8.0,-0.0179036256481612,1.942890293094024e-16,3.885780586188048e-16,0.0,0.0,5.828670879282072e-16
52,280,0.2523263985499274,0.5,0.581731709017931,0.0,0.125,0.0,extended_hex_r2__markov__plastic__intr0__struct0__alpha_async__order_ba__s2__c442e79dbc,0.2135542365083116,0.1827767698641448,0.25,False,0.4669000052378533,0.002,0.016,markov,0.68,extended_hex_r2,40,90,0.9,0.1474163625383972,0.3,0,0.42,0.08,180,0.1886576296692849,0.0,20,1.3074098130565863,9.276347040555888e-18,0.2,plastic,ablation,,False,alpha_async,40,170,230,2,-1,1.0,0.6,0.6,80,0.1219984074002796,0,0,40,0.997103057199211,2,0,0.25,0.01,0.75,50.0,order_ba,30.0,0.45,0.2,0.1,0.002,8.0,-0.0307774666441667,52,280,0.3703554501304912,0.2937903464394202,0.0,0.125,0.26995967194935,extended_hex_r2__ql__plastic__intr0__struct0__alpha_async__order_ba__s2__644cda1c35,0.1000252534424897,0.1113210611321727,0.25,0.7567578626691334,0.002,ql,40,90,0.9,0.1931246263589673,0.3,0.42,0.08,180,0.290019434732945,20,1.079892828277108,5.254971336236394e-18,0.2,ablation,,False,40,170,230,-1,1.0,80,0.0658426150313005,0,40,0.997472879684418,2,0,0.25,0.01,0.75,50.0,30.0,0.45,0.2,0.1,0.002,8.0,0.0112958076896829,0.11802905158056382,0.28985785743128006,0.0,0.22751698477947824,0.6354038937913221
52,280,0.2465134419695069,0.5,0.5725220025882439,0.0,0.125,0.0,extended_hex_r2__markov__plastic__intr0__struct0__alpha_async__order_ba__s1__25da20fb27,0.2069348713685808,0.2033572016917802,0.25,True,0.4695276344754371,0.002,0.016,markov,0.68,extended_hex_r2,40,90,0.9,0.1468094001815347,0.3,0,0.42,0.08,180,0.1887200145037006,0.0,20,1.238399034187573,7.290714886180973e-18,0.2,plastic,ablation,,False,alpha_async,40,170,230,1,-1,1.0,0.6,0.6,80,0.1119026142125826,0,0,40,0.9973906969099277,2,0,0.25,0.01,0.75,50.0,order_ba,30.0,0.45,0.2,0.1,0.002,8.0,-0.0035776696768005,52,280,0.246513441969507,0.5725220025882445,0.0,0.125,0.0,extended_hex_r2__ql__plastic__intr0__struct0__alpha_async__order_ba__s1__311f75a9f1,0.2069348713685811,0.2033572016917804,0.25,0.4695276344754371,0.002,ql,40,90,0.9,0.1468094001815346,0.3,0.42,0.08,180,0.1887200145037006,20,1.238399034187573,7.483952564510323e-18,0.2,ablation,,False,40,170,230,-1,1.0,80,0.1119026142125827,0,40,0.9973906969099277,2,0,0.25,0.01,0.75,50.0,30.0,0.45,0.2,0.1,0.002,8.0,-0.0035776696768006,1.1102230246251565e-16,0.0,0.0,0.0,1.1102230246251565e-16
52,280,0.2283604669484698,0.5,0.6006372841718529,0.0,0.125,0.0,extended_hex_r2__markov__plastic__intr0__struct0__alpha_async__order_ba__s1__c50fdb1ba4,0.2268079921816032,0.2262619733775629,0.25,False,0.4297804175800522,0.002,0.016,markov,0.68,extended_hex_r2,40,90,0.9,0.1365996141029618,0.3,0,0.42,0.08,180,0.1758036087866064,0.3,20,1.2571020351419868,7.142067951512569e-18,0.2,plastic,ablation,,False,alpha_async,40,170,230,1,-1,1.0,0.6,0.6,80,0.1205586366850241,0,0,40,0.9972263313609468,2,0,0.25,0.01,0.75,50.0,order_ba,30.0,0.45,0.2,0.1,0.002,8.0,-0.0005460188040402,52,280,0.3639342163039195,0.2873857187947137,0.0,0.125,0.2816205633018094,extended_hex_r2__ql__plastic__intr0__struct0__alpha_async__order_ba__s1__ba16f0405e,0.0911614754092123,0.0746167718350237,0.25,0.7537481759872264,0.002,ql,40,90,0.9,0.1845415982509555,0.3,0.42,0.08,180,0.2865456698095865,20,1.111490070850778,7.005290241222665e-18,0.2,ablation,,False,40,170,230,-1,1.0,80,0.0540368186413831,0,40,0.9971236028928336,2,0,0.25,0.01,0.75,50.0,30.0,0.45,0.2,0.1,0.002,8.0,-0.0165447035741886,0.1355737493554497,0.32396775840717423,0.0,0.14561196429120882,0.6051534720538327
52,280,0.2283604669484698,0.5,0.6006372841718529,0.0,0.125,0.0,extended_hex_r2__markov__plastic__intr0__struct0__alpha_async__order_ba__s1__3d2bde3fac,0.2268079921816032,0.2262619733775629,0.25,True,0.4297804175800522,0.002,0.016,markov,0.68,extended_hex_r2,40,90,0.9,0.1365996141029618,0.3,0,0.42,0.08,180,0.1758036087866064,0.3,20,1.2571020351419868,7.142067951512569e-18,0.2,plastic,ablation,,False,alpha_async,40,170,230,1,-1,1.0,0.6,0.6,80,0.1205586366850241,0,0,40,0.9972263313609468,2,0,0.25,0.01,0.75,50.0,order_ba,30.0,0.45,0.2,0.1,0.002,8.0,-0.0005460188040402,52,280,0.2283604669484705,0.6006372841718547,0.0,0.125,0.0,extended_hex_r2__ql__plastic__intr0__struct0__alpha_async__order_ba__s1__1f53b6b06f,0.2268079921816077,0.2262619733775633,0.25,0.4297804175800523,0.002,ql,40,90,0.9,0.1365996141029618,0.3,0.42,0.08,180,0.1758036087866064,20,1.2571020351419868,9.670417303564149e-18,0.2,ablation,,False,40,170,230,-1,1.0,80,0.120558636685025,0,40,0.9972263313609468,2,0,0.25,0.01,0.75,50.0,30.0,0.45,0.2,0.1,0.002,8.0,-0.0005460188040444,7.216449660063518e-16,1.1102230246251565e-16,0.0,0.0,8.326672684688674e-16
52,280,0.4693513889724887,0.5,-0.0104544025373235,0.0,0.125,0.0,extended_moore_r2__markov__fixed__intr0__struct0__alpha_async__lesion__s1__a0661b57cb,0.0227027120317637,0.0116446541534584,0.25,False,0.8227199973152707,0.002,0.016,markov,0.68,extended_moore_r2,40,90,0.9,0.2550195070500132,0.3,0,0.42,0.08,180,0.3716564856757648,0.0,20,0.6783813933942938,3.755832108396096e-18,0.2,fixed,ablation,-0.0011419621159333,False,alpha_async,40,170,230,1,-1,1.0,0.6,0.6,80,0.0061475916568376,0,0,40,1.0,2,0,0.25,0.01,0.75,50.0,lesion,30.0,0.45,0.2,0.1,0.002,8.0,,52,280,0.4683535080193612,-0.1703089131611143,0.0,0.125,0.1854060160573378,extended_moore_r2__ql__fixed__intr0__struct0__alpha_async__lesion__s1__b9ee34fd8b,0.0345377647290676,-0.001574997693878,0.25,0.7421232495099389,0.002,ql,40,90,0.9,0.3275016532697782,0.3,0.42,0.08,180,0.4106831269061755,20,0.8741594834041355,5.227960419801181e-18,0.2,ablation,0.0358513827265208,False,40,170,230,-1,1.0,80,0.1177213511083742,0,40,1.0,2,0,0.25,0.01,0.75,50.0,30.0,0.45,0.2,0.1,0.002,8.0,,0.0009978809531274724,0.08059674780533177,0.036993344842454104,0.1957780900098417,0.31436606361075503
52,280,0.4589295818572557,0.5,-0.2338294850131728,0.0,0.125,0.0,extended_moore_r2__markov__fixed__intr0__struct0__alpha_async__lesion__s2__d808e751b3,0.0497939521227486,-0.0065404237438333,0.25,True,0.6061390557902397,0.002,0.016,markov,0.68,extended_moore_r2,40,90,0.9,0.4117044961264102,0.3,0,0.42,0.08,180,0.3755094469844448,0.0,20,0.9894716026938872,2.0421619095730858e-18,0.2,fixed,ablation,0.0613571405597157,False,alpha_async,40,170,230,2,-1,1.0,0.6,0.6,80,0.2454123354583105,0,0,40,1.0,2,0,0.25,0.01,0.75,50.0,lesion,30.0,0.45,0.2,0.1,0.002,8.0,,52,280,0.4589295818572557,-0.2338294850131729,0.0,0.125,0.0,extended_moore_r2__ql__fixed__intr0__struct0__alpha_async__lesion__s2__9cbaf65708,0.0497939521227486,-0.0065404237438333,0.25,0.6061390557902396,0.002,ql,40,90,0.9,0.4117044961264102,0.3,0.42,0.08,180,0.3755094469844448,20,0.9894716026938872,1.9598119755090283e-18,0.2,ablation,0.0613571405597156,False,40,170,230,-1,1.0,80,0.2454123354583105,0,40,1.0,2,0,0.25,0.01,0.75,50.0,30.0,0.45,0.2,0.1,0.002,8.0,,0.0,1.1102230246251565e-16,1.0408340855860843e-16,0.0,2.1510571102112408e-16
52,280,0.4626027815164954,0.5,0.0282724869297257,0.0,0.125,0.0,extended_moore_r2__markov__fixed__intr0__struct0__alpha_async__lesion__s1__ea6fe2c879,0.0289243000447957,0.0172521900672451,0.25,False,0.8123777613466858,0.002,0.016,markov,0.68,extended_moore_r2,40,90,0.9,0.2528814100279778,0.3,0,0.42,0.08,180,0.3624280659842975,0.3,20,0.7262834316282522,3.9938018183750596e-18,0.2,fixed,ablation,0.0003345601778802,False,alpha_async,40,170,230,1,-1,1.0,0.6,0.6,80,0.0107800282054021,0,0,40,1.0,2,0,0.25,0.01,0.75,50.0,lesion,30.0,0.45,0.2,0.1,0.002,8.0,,52,280,0.4629056873560261,-0.2191846074616359,0.0,0.125,0.2063043654367614,extended_moore_r2__ql__fixed__intr0__struct0__alpha_async__lesion__s1__af79aa773b,0.0440424402559507,-0.0079648457615516,0.25,0.6737072779591916,0.002,ql,40,90,0.9,0.3751992286016121,0.3,0.42,0.08,180,0.4091111744965248,20,0.9237590186563924,7.887339129170179e-18,0.2,ablation,0.0667389287703449,False,40,170,230,-1,1.0,80,0.2098019929313554,0,40,1.0,2,0,0.25,0.01,0.75,50.0,30.0,0.45,0.2,0.1,0.002,8.0,,0.00030290583953068717,0.13867048338749421,0.06640436859246471,0.19747558702814028,0.4028533448476299
52,280,0.4507060091756096,0.5,-0.2384635438172344,0.0,0.125,0.0,extended_moore_r2__markov__fixed__intr0__struct0__alpha_async__lesion__s2__2760c014b0,0.0542781779110655,-0.0081271286915904,0.25,True,0.5366207818107035,0.002,0.016,markov,0.68,extended_moore_r2,40,90,0.9,0.4462232920994801,0.3,0,0.42,0.08,180,0.3667094656755078,0.3,20,1.0407817873451222,4.475093453346556e-18,0.2,fixed,ablation,0.0542944212921248,False,alpha_async,40,170,230,2,-1,1.0,0.6,0.6,80,0.256379563381349,0,0,40,1.0,2,0,0.25,0.01,0.75,50.0,lesion,30.0,0.45,0.2,0.1,0.002,8.0,,52,280,0.4507060091756096,-0.2384635438172343,0.0,0.125,0.0,extended_moore_r2__ql__fixed__intr0__struct0__alpha_async__lesion__s2__de4041daef,0.0542781779110655,-0.0081271286915904,0.25,0.5366207818107035,0.002,ql,40,90,0.9,0.44622329209948,0.3,0.42,0.08,180,0.3667094656755077,20,1.0407817873451222,4.013099344888982e-18,0.2,ablation,0.0542944212921249,False,40,170,230,-1,1.0,80,0.2563795633813504,0,40,1.0,2,0,0.25,0.01,0.75,50.0,30.0,0.45,0.2,0.1,0.002,8.0,,0.0,0.0,1.0408340855860843e-16,0.0,1.0408340855860843e-16
52,280,0.4492079164210138,0.5,0.0624991171722439,0.0,0.125,0.0,extended_moore_r2__markov__plastic__intr0__struct0__alpha_async__lesion__s1__1e59f19ed7,0.0159229654786787,0.0211107908804922,0.25,False,0.8236973272847509,0.002,0.016,markov,0.68,extended_moore_r2,40,90,0.9,0.2434973842302087,0.3,0,0.42,0.08,180,0.3580460825730586,0.0,20,0.9092544842672836,3.605659934739731e-18,0.2,plastic,ablation,-0.0261768914356911,False,alpha_async,40,170,230,1,-1,1.0,0.6,0.6,80,0.0160256164634764,0,0,40,0.9945759368836292,2,0,0.25,0.01,0.75,50.0,lesion,30.0,0.45,0.2,0.1,0.002,8.0,,52,280,0.4675653131345678,-0.0405797099699785,0.0,0.125,0.1507591650168757,extended_moore_r2__ql__plastic__intr0__struct0__alpha_async__lesion__s1__d689ad0580,-0.0074899814221277,-0.0005227998991206,0.25,0.8318813493046303,0.002,ql,40,90,0.9,0.2539629752783017,0.3,0.42,0.08,180,0.4050661042590881,20,0.660368926578533,3.8073759302534335e-18,0.2,ablation,0.0035802282643608,False,40,170,230,-1,1.0,80,0.0047956500020049,0,40,0.9949765779092702,2,0,0.25,0.01,0.75,50.0,30.0,0.45,0.2,0.1,0.002,8.0,,0.018357396713553964,0.008184022019879444,0.029757119700051897,0.24888555768875065,0.30518409612223596
52,280,0.4492079164210138,0.5,0.0624991171722439,0.0,0.125,0.0,extended_moore_r2__markov__plastic__intr0__struct0__alpha_async__lesion__s1__aebacf822c,0.0159229654786787,0.0211107908804922,0.25,True,0.8236973272847509,0.002,0.016,markov,0.68,extended_moore_r2,40,90,0.9,0.2434973842302087,0.3,0,0.42,0.08,180,0.3580460825730586,0.0,20,0.9092544842672836,3.605659934739731e-18,0.2,plastic,ablation,-0.0261768914356911,False,alpha_async,40,170,230,1,-1,1.0,0.6,0.6,80,0.0160256164634764,0,0,40,0.9945759368836292,2,0,0.25,0.01,0.75,50.0,lesion,30.0,0.45,0.2,0.1,0.002,8.0,,52,280,0.4492079164210119,0.062499117172244,0.0,0.125,0.0,extended_moore_r2__ql__plastic__intr0__struct0__alpha_async__lesion__s1__e076c4a55d,0.015922965478682,0.0211107908804926,0.25,0.8236973272847496,0.002,ql,40,90,0.9,0.2434973842302095,0.3,0.42,0.08,180,0.3580460825730585,20,0.9092544842672836,4.919896747711401e-18,0.2,ablation,-0.0261768914356853,False,40,170,230,-1,1.0,80,0.0160256164634771,0,40,0.9945759368836292,2,0,0.25,0.01,0.75,50.0,30.0,0.45,0.2,0.1,0.002,8.0,,1.942890293094024e-15,1.2212453270876722e-15,5.797445856714489e-15,0.0,8.961581476896185e-15
52,280,0.4446129888062917,0.5,0.1036528879678012,0.0,0.125,0.0,extended_moore_r2__markov__plastic__intr0__struct0__alpha_async__lesion__s1__3ad38f7586,0.0173763498698238,0.0224420398654727,0.25,False,0.7931813345988098,0.002,0.016,markov,0.68,extended_moore_r2,40,90,0.9,0.2466126458854999,0.3,0,0.42,0.08,180,0.3441534890004606,0.3,20,0.8336467846527412,4.752819194001238e-18,0.2,plastic,ablation,0.007921772821291,False,alpha_async,40,170,230,1,-1,1.0,0.6,0.6,80,0.0168604745552139,0,0,40,0.9953926282051282,2,0,0.25,0.01,0.75,50.0,lesion,30.0,0.45,0.2,0.1,0.002,8.0,,52,280,0.4672796875675037,-0.0418246465269313,0.0,0.125,0.1553713689444822,extended_moore_r2__ql__plastic__intr0__struct0__alpha_async__lesion__s1__d52a9c6bbb,-0.0048862836366048,0.0056996538764788,0.25,0.8304335230990497,0.002,ql,40,90,0.9,0.2550531789774258,0.3,0.42,0.08,180,0.4011495897682045,20,0.6612277378618278,3.6918678053054576e-18,0.2,ablation,0.0134330145566856,False,40,170,230,-1,1.0,80,0.0054239456268142,0,40,0.99426775147929,2,0,0.25,0.01,0.75,50.0,30.0,0.45,0.2,0.1,0.002,8.0,,0.022666698761212023,0.037252188500239924,0.005511241735394601,0.17241904679091347,0.23784917578776002
52,280,0.4446129888062917,0.5,0.1036528879678012,0.0,0.125,0.0,extended_moore_r2__markov__plastic__intr0__struct0__alpha_async__lesion__s1__fdbc172856,0.0173763498698238,0.0224420398654727,0.25,True,0.7931813345988098,0.002,0.016,markov,0.68,extended_moore_r2,40,90,0.9,0.2466126458854999,0.3,0,0.42,0.08,180,0.3441534890004606,0.3,20,0.8336467846527412,4.752819194001238e-18,0.2,plastic,ablation,0.007921772821291,False,alpha_async,40,170,230,1,-1,1.0,0.6,0.6,80,0.0168604745552139,0,0,40,0.9953926282051282,2,0,0.25,0.01,0.75,50.0,lesion,30.0,0.45,0.2,0.1,0.002,8.0,,52,280,0.4446129888062919,0.1036528879678013,0.0,0.125,0.0,extended_moore_r2__ql__plastic__intr0__struct0__alpha_async__lesion__s1__ac0242b799,0.0173763498698244,0.0224420398654736,0.25,0.79318133459881,0.002,ql,40,90,0.9,0.2466126458854999,0.3,0.42,0.08,180,0.3441534890004606,20,0.8336467846527412,3.994162982407507e-18,0.2,ablation,0.0079217728212899,False,40,170,230,-1,1.0,80,0.016860474555214,0,40,0.9953926282051282,2,0,0.25,0.01,0.75,50.0,30.0,0.45,0.2,0.1,0.002,8.0,,2.220446049250313e-16,2.220446049250313e-16,1.0998146837692957e-15,0.0,1.5439038936193583e-15
52,280,0.2517531425778431,0.5,0.5610363770944221,0.0,0.125,0.0,extended_moore_r2__markov__fixed__intr0__struct0__alpha_async__order_ab__s1__5dd014c92e,0.2066182004534831,0.1959671302731036,0.25,False,0.4553606199249251,0.002,0.016,markov,0.68,extended_moore_r2,40,90,0.9,0.1555860914630291,0.3,0,0.42,0.08,180,0.1865285465559755,0.0,20,1.2146521735233866,8.197972393083918e-18,0.2,fixed,ablation,,False,alpha_async,40,170,230,1,-1,1.0,0.6,0.6,80,0.0998760164366269,0,0,40,1.0,2,0,0.25,0.01,0.75,50.0,order_ab,30.0,0.45,0.2,0.1,0.002,8.0,-0.0106510701803794,52,280,0.3839903841594896,0.2694854989152489,0.0,0.125,0.2636099773707257,extended_moore_r2__ql__fixed__intr0__struct0__alpha_async__order_ab__s1__46c2f71211,0.0998109604814017,0.0950943923287142,0.25,0.7481021565819718,0.002,ql,40,90,0.9,0.20815001816626,0.3,0.42,0.08,180,0.2925513244530585,20,0.9886923692294496,5.747356025207774e-18,0.2,ablation,,False,40,170,230,-1,1.0,80,0.0534675244424508,0,40,1.0,2,0,0.25,0.01,0.75,50.0,30.0,0.45,0.2,0.1,0.002,8.0,-0.0047165681526874,0.13223724158164651,0.29274153665704666,0.0,0.22595980429393703,0.6509385825326302
52,280,0.2517531425778431,0.5,0.5610363770944221,0.0,0.125,0.0,extended_moore_r2__markov__fixed__intr0__struct0__alpha_async__order_ab__s1__ca0dde8f4d,0.2066182004534831,0.1959671302731036,0.25,True,0.4553606199249251,0.002,0.016,markov,0.68,extended_moore_r2,40,90,0.9,0.1555860914630291,0.3,0,0.42,0.08,180,0.1865285465559755,0.0,20,1.2146521735233866,8.197972393083918e-18,0.2,fixed,ablation,,False,alpha_async,40,170,230,1,-1,1.0,0.6,0.6,80,0.0998760164366269,0,0,40,1.0,2,0,0.25,0.01,0.75,50.0,order_ab,30.0,0.45,0.2,0.1,0.002,8.0,-0.0106510701803794,52,280,0.251753142577843,0.5610363770944221,0.0,0.125,0.0,extended_moore_r2__ql__fixed__intr0__struct0__alpha_async__order_ab__s1__7a03a46a33,0.2066182004534831,0.1959671302731036,0.25,0.4553606199249249,0.002,ql,40,90,0.9,0.1555860914630291,0.3,0.42,0.08,180,0.1865285465559755,20,1.2146521735233866,8.012350079064934e-18,0.2,ablation,,False,40,170,230,-1,1.0,80,0.0998760164366269,0,40,1.0,2,0,0.25,0.01,0.75,50.0,30.0,0.45,0.2,0.1,0.002,8.0,-0.0106510701803794,1.1102230246251565e-16,2.220446049250313e-16,0.0,0.0,3.3306690738754696e-16
52,280,0.2325694123586701,0.5,0.5858695628410631,0.0,0.125,0.0,extended_moore_r2__markov__fixed__intr0__struct0__alpha_async__order_ab__s1__d59267ced2,0.2267453899610834,0.2166824561136309,0.25,False,0.4193209025897751,0.002,0.016,markov,0.68,extended_moore_r2,40,90,0.9,0.1452823184170235,0.3,0,0.42,0.08,180,0.1744378521928701,0.3,20,1.210831974658542,7.17747970660368e-18,0.2,fixed,ablation,,False,alpha_async,40,170,230,1,-1,1.0,0.6,0.6,80,0.1046943281985109,0,0,40,1.0,2,0,0.25,0.01,0.75,50.0,order_ab,30.0,0.45,0.2,0.1,0.002,8.0,-0.0100629338474524,52,280,0.3737994186885562,0.2980580067212494,0.0,0.125,0.2753851626871627,extended_moore_r2__ql__fixed__intr0__struct0__alpha_async__order_ab__s1__172f7100d2,0.1100001478692033,0.1069487163919188,0.25,0.7389597445300119,0.002,ql,40,90,0.9,0.2021715938850479,0.3,0.42,0.08,180,0.2856839822260362,20,1.0060026180321964,6.843457931290746e-18,0.2,ablation,,False,40,170,230,-1,1.0,80,0.0598437601566252,0,40,1.0,2,0,0.25,0.01,0.75,50.0,30.0,0.45,0.2,0.1,0.002,8.0,-0.0030514314772844,0.1412300063298861,0.3196388419402368,0.0,0.20482935662634572,0.6656982048964686
52,280,0.2335859638310775,0.5,0.5755902072500115,0.0,0.125,0.0,extended_moore_r2__markov__fixed__intr0__struct0__alpha_async__order_ab__s2__a73ec44b35,0.2058741891729088,0.2202937904566718,0.25,True,0.4161217338169735,0.002,0.016,markov,0.68,extended_moore_r2,40,90,0.9,0.1489002845674949,0.3,0,0.42,0.08,180,0.1747087504285539,0.3,20,1.2195031640577465,8.618295987299931e-18,0.2,fixed,ablation,,False,alpha_async,40,170,230,2,-1,1.0,0.6,0.6,80,0.0992509149585485,0,0,40,1.0,2,0,0.25,0.01,0.75,50.0,order_ab,30.0,0.45,0.2,0.1,0.002,8.0,0.0144196012837629,52,280,0.2335859638310774,0.5755902072500114,0.0,0.125,0.0,extended_moore_r2__ql__fixed__intr0__struct0__alpha_async__order_ab__s2__b1bf56d5bd,0.2058741891729088,0.2202937904566717,0.25,0.4161217338169735,0.002,ql,40,90,0.9,0.1489002845674949,0.3,0.42,0.08,180,0.1747087504285539,20,1.2195031640577465,1.042065269792144e-17,0.2,ablation,,False,40,170,230,-1,1.0,80,0.0992509149585485,0,40,1.0,2,0,0.25,0.01,0.75,50.0,30.0,0.45,0.2,0.1,0.002,8.0,0.0144196012837629,8.326672684688674e-17,0.0,0.0,0.0,8.326672684688674e-17
52,280,0.2188044464571582,0.5,0.6081728459226782,0.0,0.125,0.0,extended_moore_r2__markov__plastic__intr0__struct0__alpha_async__order_ab__s1__50d16c09c8,0.2280515434635573,0.2131157523978029,0.25,False,0.3968252461242729,0.002,0.016,markov,0.68,extended_moore_r2,40,90,0.9,0.1356068775775588,0.3,0,0.42,0.08,180,0.1632324974848366,0.0,20,1.293975442509436,1.1202195627005073e-17,0.2,plastic,ablation,,False,alpha_async,40,170,230,1,-1,1.0,0.6,0.6,80,0.1062119147231907,0,0,40,0.9907082100591716,2,0,0.25,0.01,0.75,50.0,order_ab,30.0,0.45,0.2,0.1,0.002,8.0,-0.0149357910657544,52,280,0.3655160690310206,0.2974314509266654,0.0,0.125,0.2779715151842858,extended_moore_r2__ql__plastic__intr0__struct0__alpha_async__order_ab__s1__dce7bf4f0a,0.090034281257028,0.0866652156610908,0.25,0.7380081797147042,0.002,ql,40,90,0.9,0.197723383001117,0.3,0.42,0.08,180,0.2815583688410374,20,1.0071874450544034,7.223459086855607e-18,0.2,ablation,,False,40,170,230,-1,1.0,80,0.0549140565450201,0,40,0.990507889546351,2,0,0.25,0.01,0.75,50.0,30.0,0.45,0.2,0.1,0.002,8.0,-0.0033690655959372,0.14671162257386236,0.34118293359043134,0.0,0.2867879974550327,0.7746825536193264
52,280,0.2188044464571582,0.5,0.6081728459226782,0.0,0.125,0.0,extended_moore_r2__markov__plastic__intr0__struct0__alpha_async__order_ab__s1__16c700c905,0.2280515434635573,0.2131157523978029,0.25,True,0.3968252461242729,0.002,0.016,markov,0.68,extended_moore_r2,40,90,0.9,0.1356068775775588,0.3,0,0.42,0.08,180,0.1632324974848366,0.0,20,1.293975442509436,1.1202195627005073e-17,0.2,plastic,ablation,,False,alpha_async,40,170,230,1,-1,1.0,0.6,0.6,80,0.1062119147231907,0,0,40,0.9907082100591716,2,0,0.25,0.01,0.75,50.0,order_ab,30.0,0.45,0.2,0.1,0.002,8.0,-0.0149357910657544,52,280,0.2188044464571582,0.6081728459226782,0.0,0.125,0.0,extended_moore_r2__ql__plastic__intr0__struct0__alpha_async__order_ab__s1__fbc6e61958,0.2280515434635572,0.2131157523978029,0.25,0.3968252461242728,0.002,ql,40,90,0.9,0.1356068775775588,0.3,0.42,0.08,180,0.1632324974848366,20,1.293975442509436,9.266783335383634e-18,0.2,ablation,,False,40,170,230,-1,1.0,80,0.1062119147231907,0,40,0.9907082100591716,2,0,0.25,0.01,0.75,50.0,30.0,0.45,0.2,0.1,0.002,8.0,-0.0149357910657542,0.0,1.1102230246251565e-16,0.0,0.0,1.1102230246251565e-16
52,280,0.1909994325830074,0.5,0.634971671231248,0.0,0.125,0.0,extended_moore_r2__markov__plastic__intr0__struct0__alpha_async__order_ab__s1__f65932ead1,0.2483855453287628,0.256167318770707,0.25,False,0.3464538983141144,0.002,0.016,markov,0.68,extended_moore_r2,40,90,0.9,0.1206231368942299,0.3,0,0.42,0.08,180,0.1474472567566453,0.3,20,1.2471455086658747,9.051696413310584e-18,0.2,plastic,ablation,,False,alpha_async,40,170,230,1,-1,1.0,0.6,0.6,80,0.1104477574582141,0,0,40,0.9910780325443788,2,0,0.25,0.01,0.75,50.0,order_ab,30.0,0.45,0.2,0.1,0.002,8.0,0.0077817734419441,52,280,0.3515265009542691,0.315709337378229,0.0,0.125,0.2903686111938585,extended_moore_r2__ql__plastic__intr0__struct0__alpha_async__order_ab__s1__600a45e780,0.0995048674996916,0.0944280802299948,0.25,0.7269888476634706,0.002,ql,40,90,0.9,0.1923277119305719,0.3,0.42,0.08,180,0.2737818535218613,20,1.0399217193027366,6.379167157667491e-18,0.2,ablation,,False,40,170,230,-1,1.0,80,0.059214807703201,0,40,0.9893521942800788,2,0,0.25,0.01,0.75,50.0,30.0,0.45,0.2,0.1,0.002,8.0,-0.0050767872696968,0.16052706837126174,0.3805349493493562,0.0,0.20722378936313812,0.7482858070837561
52,280,0.1909994325830074,0.5,0.634971671231248,0.0,0.125,0.0,extended_moore_r2__markov__plastic__intr0__struct0__alpha_async__order_ab__s1__75597a14ac,0.2483855453287628,0.256167318770707,0.25,True,0.3464538983141144,0.002,0.016,markov,0.68,extended_moore_r2,40,90,0.9,0.1206231368942299,0.3,0,0.42,0.08,180,0.1474472567566453,0.3,20,1.2471455086658747,9.051696413310584e-18,0.2,plastic,ablation,,False,alpha_async,40,170,230,1,-1,1.0,0.6,0.6,80,0.1104477574582141,0,0,40,0.9910780325443788,2,0,0.25,0.01,0.75,50.0,order_ab,30.0,0.45,0.2,0.1,0.002,8.0,0.0077817734419441,52,280,0.1909994325830074,0.6349716712312485,0.0,0.125,0.0,extended_moore_r2__ql__plastic__intr0__struct0__alpha_async__order_ab__s1__e212b0f4f3,0.2483855453287634,0.2561673187707066,0.25,0.3464538983141147,0.002,ql,40,90,0.9,0.1206231368942297,0.3,0.42,0.08,180,0.1474472567566453,20,1.2471455086658747,1.0059677780760808e-17,0.2,ablation,,False,40,170,230,-1,1.0,80,0.1104477574582141,0,40,0.9910780325443788,2,0,0.25,0.01,0.75,50.0,30.0,0.45,0.2,0.1,0.002,8.0,0.0077817734419431,0.0,3.3306690738754696e-16,0.0,0.0,3.3306690738754696e-16
52,280,0.2269215347702317,0.5,0.3834596631079438,0.0,0.125,0.0,extended_moore_r2__markov__fixed__intr0__struct0__alpha_async__order_ba__s2__23a722a586,0.2382523438575035,0.1815441679890354,0.25,False,0.3386835696982423,0.002,0.016,markov,0.68,extended_moore_r2,40,90,0.9,0.2008096318918097,0.3,0,0.42,0.08,180,0.1737596423409539,0.0,20,1.3458576069435892,6.553849456565843e-18,0.2,fixed,ablation,,False,alpha_async,40,170,230,2,-1,1.0,0.6,0.6,80,0.1030569512694367,0,0,40,1.0,2,0,0.25,0.01,0.75,50.0,order_ba,30.0,0.45,0.2,0.1,0.002,8.0,-0.056708175868468,52,280,0.3616261978267036,0.2883766157774227,0.0,0.125,0.2875736600875611,extended_moore_r2__ql__fixed__intr0__struct0__alpha_async__order_ba__s2__a5504ff233,0.1352057433982165,0.0982455149752919,0.25,0.717620318041619,0.002,ql,40,90,0.9,0.2067453002897186,0.3,0.42,0.08,180,0.2822240765900239,20,1.090121604744661,6.038154163655792e-18,0.2,ablation,,False,40,170,230,-1,1.0,80,0.062307111519678,0,40,1.0,2,0,0.25,0.01,0.75,50.0,30.0,0.45,0.2,0.1,0.002,8.0,-0.0369602284229246,0.13470466305647188,0.37893674834337665,0.0,0.25573600219892834,0.7693774135987769
52,280,0.2262372227064011,0.5,0.3546580409263684,0.0,0.125,0.0,extended_moore_r2__markov__fixed__intr0__struct0__alpha_async__order_ba__s1__5ac81a624b,0.2435095262457933,0.1785860189136336,0.25,True,0.328803969030577,0.002,0.016,markov,0.68,extended_moore_r2,40,90,0.9,0.2073530683114058,0.3,0,0.42,0.08,180,0.1743456757498574,0.0,20,1.3420404467081235,6.6434539499598744e-18,0.2,fixed,ablation,,False,alpha_async,40,170,230,1,-1,1.0,0.6,0.6,80,0.1044158729919185,0,0,40,1.0,2,0,0.25,0.01,0.75,50.0,order_ba,30.0,0.45,0.2,0.1,0.002,8.0,-0.0649235073321596,52,280,0.2262372227064011,0.3546580409263684,0.0,0.125,0.0,extended_moore_r2__ql__fixed__intr0__struct0__alpha_async__order_ba__s1__c4ba8a8b10,0.2435095262457933,0.1785860189136336,0.25,0.328803969030577,0.002,ql,40,90,0.9,0.2073530683114059,0.3,0.42,0.08,180,0.1743456757498574,20,1.3420404467081235,6.3140538245125494e-18,0.2,ablation,,False,40,170,230,-1,1.0,80,0.1044158729919186,0,40,1.0,2,0,0.25,0.01,0.75,50.0,30.0,0.45,0.2,0.1,0.002,8.0,-0.0649235073321597,0.0,0.0,0.0,0.0,0.0
52,280,0.2092414773178689,0.5,0.3880507007622898,0.0,0.125,0.0,extended_moore_r2__markov__fixed__intr0__struct0__alpha_async__order_ba__s2__1a5ad586c4,0.2592359353767752,0.1965973179359624,0.25,False,0.3033569762738328,0.002,0.016,markov,0.68,extended_moore_r2,40,90,0.9,0.1922468666617229,0.3,0,0.42,0.08,180,0.1633738299050945,0.3,20,1.3163947981362727,7.205754085358421e-18,0.2,fixed,ablation,,False,alpha_async,40,170,230,2,-1,1.0,0.6,0.6,80,0.0991961743797949,0,0,40,1.0,2,0,0.25,0.01,0.75,50.0,order_ba,30.0,0.45,0.2,0.1,0.002,8.0,-0.0626386174408128,52,280,0.3514200770882899,0.3010274291571228,0.0,0.125,0.2995599166102375,extended_moore_r2__ql__fixed__intr0__struct0__alpha_async__order_ba__s2__18b4ccedc1,0.1522296755681641,0.1049834424136234,0.25,0.7032126858227842,0.002,ql,40,90,0.9,0.2041468198391188,0.3,0.42,0.08,180,0.275297655562192,20,1.1369598578245208,6.65210505867411e-18,0.2,ablation,,False,40,170,230,-1,1.0,80,0.0630412697171351,0,40,1.0,2,0,0.25,0.01,0.75,50.0,30.0,0.45,0.2,0.1,0.002,8.0,-0.0472462331545407,0.14217859977042097,0.3998557095489514,0.0,0.1794349403117519,0.7214692496311242
52,280,0.2092414773178689,0.5,0.3880507007622898,0.0,0.125,0.0,extended_moore_r2__markov__fixed__intr0__struct0__alpha_async__order_ba__s2__adacfacdd4,0.2592359353767752,0.1965973179359624,0.25,True,0.3033569762738328,0.002,0.016,markov,0.68,extended_moore_r2,40,90,0.9,0.1922468666617229,0.3,0,0.42,0.08,180,0.1633738299050945,0.3,20,1.3163947981362727,7.205754085358421e-18,0.2,fixed,ablation,,False,alpha_async,40,170,230,2,-1,1.0,0.6,0.6,80,0.0991961743797949,0,0,40,1.0,2,0,0.25,0.01,0.75,50.0,order_ba,30.0,0.45,0.2,0.1,0.002,8.0,-0.0626386174408128,52,280,0.2092414773178688,0.3880507007622898,0.0,0.125,0.0,extended_moore_r2__ql__fixed__intr0__struct0__alpha_async__order_ba__s2__c6e2eb4983,0.2592359353767753,0.1965973179359624,0.25,0.3033569762738328,0.002,ql,40,90,0.9,0.1922468666617229,0.3,0.42,0.08,180,0.1633738299050945,20,1.3163947981362727,5.999314105405239e-18,0.2,ablation,,False,40,170,230,-1,1.0,80,0.0991961743797948,0,40,1.0,2,0,0.25,0.01,0.75,50.0,30.0,0.45,0.2,0.1,0.002,8.0,-0.0626386174408129,1.1102230246251565e-16,0.0,0.0,0.0,1.1102230246251565e-16
52,280,0.2263013729862223,0.5,0.5765414049145599,0.0,0.125,0.0,extended_moore_r2__markov__plastic__intr0__struct0__alpha_async__order_ba__s2__3955e255bc,0.2088560854061388,0.1974209595285286,0.25,False,0.4171495134296725,0.002,0.016,markov,0.68,extended_moore_r2,40,90,0.9,0.144467802605593,0.3,0,0.42,0.08,180,0.1715084499393117,0.0,20,1.272183164451395,9.284496826392134e-18,0.2,plastic,ablation,,False,alpha_async,40,170,230,2,-1,1.0,0.6,0.6,80,0.1034640340006154,0,0,40,0.989737426035503,2,0,0.25,0.01,0.75,50.0,order_ba,30.0,0.45,0.2,0.1,0.002,8.0,-0.0114351258776101,52,280,0.360171819454649,0.307142431418191,0.0,0.125,0.2798860196439869,extended_moore_r2__ql__plastic__intr0__struct0__alpha_async__order_ba__s2__d5d47a9836,0.0802889279050259,0.0870749787099071,0.25,0.7405238629146838,0.002,ql,40,90,0.9,0.1943786725682404,0.3,0.42,0.08,180,0.2836210100010867,20,1.1177756525104792,6.78689122779142e-18,0.2,ablation,,False,40,170,230,-1,1.0,80,0.0633688091029085,0,40,0.9911550788954636,2,0,0.25,0.01,0.75,50.0,30.0,0.45,0.2,0.1,0.002,8.0,0.0067860508048811,0.1338704464684267,0.32337434948501126,0.0,0.15440751194091584,0.6116523078943538
52,280,0.2241841106906191,0.5,0.6031388575782792,0.0,0.125,0.0,extended_moore_r2__markov__plastic__intr0__struct0__alpha_async__order_ba__s1__ac117423e5,0.2245909149971838,0.2083346221471921,0.25,True,0.412046342040667,0.002,0.016,markov,0.68,extended_moore_r2,40,90,0.9,0.1380489973871095,0.3,0,0.42,0.08,180,0.1682418376887291,0.0,20,1.2619845077316816,8.887883510941551e-18,0.2,plastic,ablation,,False,alpha_async,40,170,230,1,-1,1.0,0.6,0.6,80,0.1107847013977753,0,0,40,0.9902459319526628,2,0,0.25,0.01,0.75,50.0,order_ba,30.0,0.45,0.2,0.1,0.002,8.0,-0.0162562928499917,52,280,0.2241841106906198,0.6031388575782807,0.0,0.125,0.0,extended_moore_r2__ql__plastic__intr0__struct0__alpha_async__order_ba__s1__e7abe5bd1e,0.2245909149971831,0.2083346221471916,0.25,0.412046342040667,0.002,ql,40,90,0.9,0.1380489973871096,0.3,0.42,0.08,180,0.1682418376887292,20,1.2619845077316816,1.0120414586308398e-17,0.2,ablation,,False,40,170,230,-1,1.0,80,0.1107847013977762,0,40,0.9902459319526628,2,0,0.25,0.01,0.75,50.0,30.0,0.45,0.2,0.1,0.002,8.0,-0.0162562928499915,6.938893903907228e-16,0.0,0.0,0.0,6.938893903907228e-16
52,280,0.2105465279701411,0.5,0.5911779713428974,0.0,0.125,0.0,extended_moore_r2__markov__plastic__intr0__struct0__alpha_async__order_ba__s2__c68e0f2919,0.2027665629119076,0.2059372676182,0.25,False,0.3907809052910121,0.002,0.016,markov,0.68,extended_moore_r2,40,90,0.9,0.1348271926933483,0.3,0,0.42,0.08,180,0.1627033337993273,0.3,20,1.2287915625241854,7.964047515207407e-18,0.2,plastic,ablation,,False,alpha_async,40,170,230,2,-1,1.0,0.6,0.6,80,0.1058750331170837,0,0,40,0.99132458086785,2,0,0.25,0.01,0.75,50.0,order_ba,30.0,0.45,0.2,0.1,0.002,8.0,0.0031707047062924,52,280,0.3474087478291349,0.3141794457099713,0.0,0.125,0.2937650829654918,extended_moore_r2__ql__plastic__intr0__struct0__alpha_async__order_ba__s2__e04a7ab7d2,0.1000008907981018,0.0911426452669177,0.25,0.7215895045927688,0.002,ql,40,90,0.9,0.1951029210794179,0.3,0.42,0.08,180,0.2746756883040244,20,1.1320661081176293,7.184902132025701e-18,0.2,ablation,,False,40,170,230,-1,1.0,80,0.0615048601425043,0,40,0.991000986193294,2,0,0.25,0.01,0.75,50.0,30.0,0.45,0.2,0.1,0.002,8.0,-0.0088582455311841,0.1368622198589938,0.3308085993017567,0.0,0.09672545440655611,0.5643962735673066
52,280,0.1994190179786208,0.5,0.5912621628454707,0.0,0.125,0.0,extended_moore_r2__markov__plastic__intr0__struct0__alpha_async__order_ba__s1__71d463e369,0.2370507881851694,0.2297452873277795,0.25,True,0.3656344329609267,0.002,0.016,markov,0.68,extended_moore_r2,40,90,0.9,0.1328518534916991,0.3,0,0.42,0.08,180,0.1548195956610644,0.3,20,1.2389851490771746,8.410313755948182e-18,0.2,plastic,ablation,,False,alpha_async,40,170,230,1,-1,1.0,0.6,0.6,80,0.1100359580832992,0,0,40,0.9892597386587773,2,0,0.25,0.01,0.75,50.0,order_ba,30.0,0.45,0.2,0.1,0.002,8.0,-0.0073055008573898,52,280,0.1994190179786207,0.5912621628454698,0.0,0.125,0.0,extended_moore_r2__ql__plastic__intr0__struct0__alpha_async__order_ba__s1__04039eddbd,0.2370507881851692,0.2297452873277791,0.25,0.3656344329609264,0.002,ql,40,90,0.9,0.1328518534916993,0.3,0.42,0.08,180,0.1548195956610643,20,1.2389851490771746,1.0222478338390357e-17,0.2,ablation,,False,40,170,230,-1,1.0,80,0.110035958083299,0,40,0.9892597386587773,2,0,0.25,0.01,0.75,50.0,30.0,0.45,0.2,0.1,0.002,8.0,-0.00730550085739,1.1102230246251565e-16,2.7755575615628914e-16,0.0,0.0,3.885780586188048e-16
52,280,0.4208367659257614,0.5,-0.2228185108392173,0.0,0.125,0.0,hex_cells__markov__fixed__intr0__struct0__alpha_async__lesion__s1__8cec66e9d6,0.0492600319415572,0.0272118905476157,0.25,False,0.4826318077567677,0.002,0.016,markov,0.68,hex_cells,40,90,0.9,0.4769250528693689,0.3,0,0.42,0.08,180,0.3391597485785112,0.0,20,1.493471632129161,2.728823363127842e-18,0.2,fixed,ablation,0.0230810898354541,False,alpha_async,40,170,230,1,-1,1.0,0.6,0.6,80,0.0286653687522327,0,0,40,1.0,2,0,0.25,0.01,0.75,50.0,lesion,30.0,0.45,0.2,0.1,0.002,8.0,,52,280,0.4621291414696771,-0.4021826497044351,0.0,0.125,0.2898452603184437,hex_cells__ql__fixed__intr0__struct0__alpha_async__lesion__s1__df5eeaa66d,0.0065954582234925,-0.0183625564618719,0.25,0.5600069343634542,0.002,ql,40,90,0.9,0.5217321490658189,0.3,0.42,0.08,180,0.4061847395647579,20,1.2266141997123523,2.61135830657101e-18,0.2,ablation,0.0061277300257568,False,40,170,230,-1,1.0,80,0.0292246102156016,0,40,1.0,2,0,0.25,0.01,0.75,50.0,30.0,0.45,0.2,0.1,0.002,8.0,,0.04129237554391568,0.0773751266066865,0.0169533598096973,0.2668574324168087,0.4024782943771082
52,280,0.4230103892989545,0.5,-0.2301460218275937,0.0,0.125,0.0,hex_cells__markov__fixed__intr0__struct0__alpha_async__lesion__s2__8591315e81,0.0450064266353979,0.0340518556333016,0.25,True,0.478685682918831,0.002,0.016,markov,0.68,hex_cells,40,90,0.9,0.482449859267658,0.3,0,0.42,0.08,180,0.3410895958879644,0.0,20,1.505148889019979,3.0430206888873187e-18,0.2,fixed,ablation,0.0225508034026783,False,alpha_async,40,170,230,2,-1,1.0,0.6,0.6,80,0.0290290603701471,0,0,40,1.0,2,0,0.25,0.01,0.75,50.0,lesion,30.0,0.45,0.2,0.1,0.002,8.0,,52,280,0.4230103892844561,-0.2301460218283257,0.0,0.125,0.0,hex_cells__ql__fixed__intr0__struct0__alpha_async__lesion__s2__2eaf76260f,0.045006426650274,0.0340518556433548,0.25,0.4786856829206614,0.002,ql,40,90,0.9,0.4824498592679805,0.3,0.42,0.08,180,0.3410895958886255,20,1.505148889019979,2.5841946672258813e-18,0.2,ablation,0.0225508034653926,False,40,170,230,-1,1.0,80,0.0290290603601977,0,40,1.0,2,0,0.25,0.01,0.75,50.0,30.0,0.45,0.2,0.1,0.002,8.0,,1.449840247857992e-11,1.8303691895482643e-12,6.271429903170755e-11,0.0,7.904307069983574e-11
52,280,0.4003482664415501,0.5,-0.1557701060931026,0.0,0.125,0.0,hex_cells__markov__fixed__intr0__struct0__alpha_async__lesion__s1__258ccf0ea8,0.0586942955578497,0.0359418183127869,0.25,False,0.4557597128062948,0.002,0.016,markov,0.68,hex_cells,40,90,0.9,0.4567973350509264,0.3,0,0.42,0.08,180,0.3237262170423872,0.3,20,1.5725625165718962,2.348451508283395e-18,0.2,fixed,ablation,0.0245821367197876,False,alpha_async,40,170,230,1,-1,1.0,0.6,0.6,80,0.0356452527342222,0,0,40,1.0,2,0,0.25,0.01,0.75,50.0,lesion,30.0,0.45,0.2,0.1,0.002,8.0,,52,280,0.4595711792160102,-0.3995302362464308,0.0,0.125,0.2894379915264602,hex_cells__ql__fixed__intr0__struct0__alpha_async__lesion__s1__1401fc782e,0.0177028336272517,-0.0139921885695517,0.25,0.5664529421690591,0.002,ql,40,90,0.9,0.5154909983749101,0.3,0.42,0.08,180,0.4032320728511201,20,1.2602008810867729,2.7673419348164783e-18,0.2,ablation,0.0172537110194642,False,40,170,230,-1,1.0,80,0.027384107251568,0,40,1.0,2,0,0.25,0.01,0.75,50.0,30.0,0.45,0.2,0.1,0.002,8.0,,0.059222912774460124,0.11069322936276427,0.0073284257003233995,0.3123616354851233,0.48960620332267113
52,280,0.4086642842177525,0.5,-0.177197897368439,0.0,0.125,0.0,hex_cells__markov__fixed__intr0__struct0__alpha_async__lesion__s2__6dfb00f229,0.0675476694950509,0.0408881806692843,0.25,True,0.4692221506130967,0.002,0.016,markov,0.68,hex_cells,40,90,0.9,0.462175212479247,0.3,0,0.42,0.08,180,0.3278243311280596,0.3,20,1.555539077149957,1.997141588585739e-18,0.2,fixed,ablation,0.0422435705487908,False,alpha_async,40,170,230,2,-1,1.0,0.6,0.6,80,0.0328842355194051,0,0,40,1.0,2,0,0.25,0.01,0.75,50.0,lesion,30.0,0.45,0.2,0.1,0.002,8.0,,52,280,0.408664289546182,-0.1771978974597615,0.0,0.125,0.0,hex_cells__ql__fixed__intr0__struct0__alpha_async__lesion__s2__71807806ec,0.0675476654224529,0.0408881767681928,0.25,0.4692221500296127,0.002,ql,40,90,0.9,0.4621752164781705,0.3,0.42,0.08,180,0.3278243317881946,20,1.555539077149957,2.2469306410196918e-18,0.2,ablation,0.0422435577611733,False,40,170,230,-1,1.0,80,0.0328842335109161,0,40,1.0,2,0,0.25,0.01,0.75,50.0,30.0,0.45,0.2,0.1,0.002,8.0,,5.328429475426333e-09,5.834839833518402e-10,1.2787617499621096e-08,0.0,1.869953095839927e-08
52,280,0.39011784332016,0.5,-0.1493169544201583,0.0,0.125,0.0,hex_cells__markov__plastic__intr0__struct0__alpha_async__lesion__s1__7f156e6fb8,0.0510726727950291,0.0176072652667032,0.25,False,0.5317445436755818,0.002,0.016,markov,0.68,hex_cells,40,90,0.9,0.4187599293603433,0.3,0,0.42,0.08,180,0.3159399337450441,0.0,20,1.4589792860041917,2.285272504647609e-18,0.2,plastic,ablation,0.0324083818541401,False,alpha_async,40,170,230,1,-1,1.0,0.6,0.6,80,0.0221130382700538,0,0,40,1.0,2,0,0.25,0.01,0.75,50.0,lesion,30.0,0.45,0.2,0.1,0.002,8.0,,52,280,0.4320677791581356,-0.3627033565119712,0.0,0.125,0.276989616907106,hex_cells__ql__plastic__intr0__struct0__alpha_async__lesion__s1__101128298e,-0.0017379241490521,0.0036844957323072,0.25,0.6135258622134021,0.002,ql,40,90,0.9,0.4663564670289793,0.3,0.42,0.08,180,0.3836386750281254,20,1.2742000257060913,2.6995203396904557e-18,0.2,ablation,0.0083004991334934,False,40,170,230,-1,1.0,80,0.0198950274996518,0,40,1.0,2,0,0.25,0.01,0.75,50.0,30.0,0.45,0.2,0.1,0.002,8.0,,0.04194993583797563,0.08178131853782034,0.0241078827206467,0.18477926029810043,0.33261839739454313
52,280,0.3870062288183357,0.5,-0.1489343938005105,0.0,0.125,0.0,hex_cells__markov__plastic__intr0__struct0__alpha_async__lesion__s2__6dea24d6dd,0.0360819501461681,0.0318823778184283,0.25,True,0.5333883147162836,0.002,0.016,markov,0.68,hex_cells,40,90,0.9,0.4163380351797419,0.3,0,0.42,0.08,180,0.3152980349445599,0.0,20,1.4610753671126648,2.9360579555639492e-18,0.2,plastic,ablation,0.0167658042144433,False,alpha_async,40,170,230,2,-1,1.0,0.6,0.6,80,0.0273176012735101,0,0,40,1.0,2,0,0.25,0.01,0.75,50.0,lesion,30.0,0.45,0.2,0.1,0.002,8.0,,52,280,0.3870195963202024,-0.1489449378788818,0.0,0.125,0.0,hex_cells__ql__plastic__intr0__struct0__alpha_async__lesion__s2__eb9399e72b,0.0361255264506462,0.0319594589872731,0.25,0.5333620567585777,0.002,ql,40,90,0.9,0.4163682989851609,0.3,0.42,0.08,180,0.3152998772245642,20,1.4610753671126648,2.4650379047950763e-18,0.2,ablation,0.0168937842156329,False,40,170,230,-1,1.0,80,0.0273168666318617,0,40,1.0,2,0,0.25,0.01,0.75,50.0,30.0,0.45,0.2,0.1,0.002,8.0,,1.3367501866701215e-05,2.6257957705833057e-05,0.00012798000118960026,0.0,0.00016760546076213453
52,280,0.3665990466168725,0.5,-0.0779013584802622,0.0,0.125,0.0,hex_cells__markov__plastic__intr0__struct0__alpha_async__lesion__s1__5b426be708,0.0490779311969696,0.0307354259827406,0.25,False,0.4962692435847803,0.002,0.016,markov,0.68,hex_cells,40,90,0.9,0.3976779432524285,0.3,0,0.42,0.08,180,0.2975995343033978,0.3,20,1.5198503073933178,3.37177310581222e-18,0.2,plastic,ablation,0.0027158636689157,False,alpha_async,40,170,230,1,-1,1.0,0.6,0.6,80,0.0346441912648206,0,0,40,1.0,2,0,0.25,0.01,0.75,50.0,lesion,30.0,0.45,0.2,0.1,0.002,8.0,,52,280,0.430591789127327,-0.3523693207312638,0.0,0.125,0.2773060715108035,hex_cells__ql__plastic__intr0__struct0__alpha_async__lesion__s1__970de7bc18,-0.0035295789094502,0.0016878582912071,0.25,0.6153959828921495,0.002,ql,40,90,0.9,0.4610963456830302,0.3,0.42,0.08,180,0.3790207888048401,20,1.276218087816572,3.404795852474986e-18,0.2,ablation,0.0033949124612255,False,40,170,230,-1,1.0,80,0.0229291446377153,0,40,1.0,2,0,0.25,0.01,0.75,50.0,30.0,0.45,0.2,0.1,0.002,8.0,,0.0639927425104545,0.11912673930736917,0.0006790487923098,0.24363221957674575,0.4274307501868792
52,280,0.3665990466168725,0.5,-0.0779013584802622,0.0,0.125,0.0,hex_cells__markov__plastic__intr0__struct0__alpha_async__lesion__s1__6a2366a128,0.0490779311969696,0.0307354259827406,0.25,True,0.4962692435847803,0.002,0.016,markov,0.68,hex_cells,40,90,0.9,0.3976779432524285,0.3,0,0.42,0.08,180,0.2975995343033978,0.3,20,1.5198503073933178,3.37177310581222e-18,0.2,plastic,ablation,0.0027158636689157,False,alpha_async,40,170,230,1,-1,1.0,0.6,0.6,80,0.0346441912648206,0,0,40,1.0,2,0,0.25,0.01,0.75,50.0,lesion,30.0,0.45,0.2,0.1,0.002,8.0,,52,280,0.3665639317117806,-0.0779418146513666,0.0,0.125,0.0,hex_cells__ql__plastic__intr0__struct0__alpha_async__lesion__s1__3a981da694,0.0490551164958351,0.0306909789260438,0.25,0.4962147798911465,0.002,ql,40,90,0.9,0.397697544906306,0.3,0.42,0.08,180,0.297595728252833,20,1.5198503073933178,3.3960990506646734e-18,0.2,ablation,0.002649487657354,False,40,170,230,-1,1.0,80,0.0346194521592407,0,40,1.0,2,0,0.25,0.01,0.75,50.0,30.0,0.45,0.2,0.1,0.002,8.0,,3.511490509189308e-05,5.446369363382164e-05,6.637601156169988e-05,0.0,0.0001559546102874146
52,280,0.1815214362414373,0.5,0.3550104812112247,0.0,0.125,0.0,hex_cells__markov__fixed__intr0__struct0__alpha_async__order_ab__s1__bfc5b8c1df,0.2534567252968242,0.2464649613585228,0.25,False,0.2400814389085246,0.002,0.016,markov,0.68,hex_cells,40,90,0.9,0.1902308927539201,0.3,0,0.42,0.08,180,0.1461068650031918,0.0,20,1.3120301598671151,3.886036968432474e-18,0.2,fixed,ablation,,False,alpha_async,40,170,230,1,-1,1.0,0.6,0.6,80,0.0843572921992895,0,0,40,1.0,2,0,0.25,0.01,0.75,50.0,order_ab,30.0,0.45,0.2,0.1,0.002,8.0,-0.0069917639383013,52,280,0.3079088276391798,0.0845817614750497,0.0,0.125,0.3971148286055767,hex_cells__ql__fixed__intr0__struct0__alpha_async__order_ab__s1__ee1bc20a84,0.1612213916585195,0.1497292146543265,0.25,0.5469714706395308,0.002,ql,40,90,0.9,0.2793035787562291,0.3,0.42,0.08,180,0.2458474044703852,20,1.4497042756498633,5.3417520454882095e-18,0.2,ablation,,False,40,170,230,-1,1.0,80,0.0579892796785317,0,40,1.0,2,0,0.25,0.01,0.75,50.0,30.0,0.45,0.2,0.1,0.002,8.0,-0.0114921770041929,0.12638739139774252,0.30689003173100615,0.0,0.13767411578274813,0.5709515389114967
52,280,0.1831275539153575,0.5,0.3574316414406466,0.0,0.125,0.0,hex_cells__markov__fixed__intr0__struct0__alpha_async__order_ab__s2__69ada65f59,0.2580461189756215,0.2386520689048246,0.25,True,0.2401081907153453,0.002,0.016,markov,0.68,hex_cells,40,90,0.9,0.1913508051275931,0.3,0,0.42,0.08,180,0.145680837621365,0.0,20,1.3250817562211707,5.708942884010192e-18,0.2,fixed,ablation,,False,alpha_async,40,170,230,2,-1,1.0,0.6,0.6,80,0.0851856513103205,0,0,40,1.0,2,0,0.25,0.01,0.75,50.0,order_ab,30.0,0.45,0.2,0.1,0.002,8.0,-0.0193940500707968,52,280,0.1831275539153569,0.3574316414406446,0.0,0.125,0.0,hex_cells__ql__fixed__intr0__struct0__alpha_async__order_ab__s2__d456063ad6,0.2580461189756304,0.2386520689048262,0.25,0.2401081907153432,0.002,ql,40,90,0.9,0.1913508051275932,0.3,0.42,0.08,180,0.1456808376213649,20,1.3250817562211707,4.397069469534207e-18,0.2,ablation,,False,40,170,230,-1,1.0,80,0.0851856513103208,0,40,1.0,2,0,0.25,0.01,0.75,50.0,30.0,0.45,0.2,0.1,0.002,8.0,-0.0193940500708041,6.106226635438361e-16,2.1094237467877974e-15,0.0,0.0,2.7200464103316335e-15
52,280,0.1706522615096458,0.5,0.3617064154156909,0.0,0.125,0.0,hex_cells__markov__fixed__intr0__struct0__alpha_async__order_ab__s1__a44de56b99,0.2648346992469249,0.2590788474252034,0.25,False,0.2237046774801971,0.002,0.016,markov,0.68,hex_cells,40,90,0.9,0.1811570996542137,0.3,0,0.42,0.08,180,0.1391933337970302,0.3,20,1.2803105925036178,4.972299423157662e-18,0.2,fixed,ablation,,False,alpha_async,40,170,230,1,-1,1.0,0.6,0.6,80,0.0916453872832534,0,0,40,1.0,2,0,0.25,0.01,0.75,50.0,order_ab,30.0,0.45,0.2,0.1,0.002,8.0,-0.0057558518217214,52,280,0.2984587860619321,0.101767521986434,0.0,0.125,0.4002189223074497,hex_cells__ql__fixed__intr0__struct0__alpha_async__order_ab__s1__da7d03d733,0.1624794711998876,0.1593246025611199,0.25,0.5427585229013977,0.002,ql,40,90,0.9,0.2686108766010938,0.3,0.42,0.08,180,0.2415364135070954,20,1.4390355154536305,4.283883536408785e-18,0.2,ablation,,False,40,170,230,-1,1.0,80,0.063305187124433,0,40,1.0,2,0,0.25,0.01,0.75,50.0,30.0,0.45,0.2,0.1,0.002,8.0,-0.0031548686387676,0.1278065245522863,0.31905384542120063,0.0,0.15872492295001273,0.6055852929234997
52,280,0.1731855675228649,0.5,0.3542009046158101,0.0,0.125,0.0,hex_cells__markov__fixed__intr0__struct0__alpha_async__order_ab__s2__19fc08b7d1,0.2704297455405932,0.2472480119295414,0.25,True,0.2301030588785873,0.002,0.016,markov,0.68,hex_cells,40,90,0.9,0.1841221628322606,0.3,0,0.42,0.08,180,0.1415072316092049,0.3,20,1.2823908696252582,3.5774780814548955e-18,0.2,fixed,ablation,,False,alpha_async,40,170,230,2,-1,1.0,0.6,0.6,80,0.0804211174703628,0,0,40,1.0,2,0,0.25,0.01,0.75,50.0,order_ab,30.0,0.45,0.2,0.1,0.002,8.0,-0.0231817336110518,52,280,0.1731855675228684,0.3542009046158211,0.0,0.125,0.0,hex_cells__ql__fixed__intr0__struct0__alpha_async__order_ab__s2__1e92f46971,0.2704297455406045,0.2472480119296132,0.25,0.2301030588785386,0.002,ql,40,90,0.9,0.1841221628322669,0.3,0.42,0.08,180,0.1415072316091934,20,1.2823908696252582,3.5586296197951844e-18,0.2,ablation,,False,40,170,230,-1,1.0,80,0.0804211174703602,0,40,1.0,2,0,0.25,0.01,0.75,50.0,30.0,0.45,0.2,0.1,0.002,8.0,-0.0231817336109912,3.497202527569243e-15,4.8711035205428743e-14,0.0,0.0,5.2208237732997986e-14
52,280,0.1618968049213972,0.5,0.3837696883569529,0.0,0.125,0.0,hex_cells__markov__plastic__intr0__struct0__alpha_async__order_ab__s1__2915a8cb75,0.2771085434662092,0.2770805858190348,0.25,False,0.2263979931083565,0.002,0.016,markov,0.68,hex_cells,40,90,0.9,0.1674548004093279,0.3,0,0.42,0.08,180,0.1337553243954302,0.0,20,1.2368498793691884,5.718675330863718e-18,0.2,plastic,ablation,,False,alpha_async,40,170,230,1,-1,1.0,0.6,0.6,80,0.0882592454191629,0,0,40,1.0,2,0,0.25,0.01,0.75,50.0,order_ab,30.0,0.45,0.2,0.1,0.002,8.0,-2.795764717444804e-05,52,280,0.3023603116694187,0.0924150594201448,0.0,0.125,0.3938541349403726,hex_cells__ql__plastic__intr0__struct0__alpha_async__order_ab__s1__ecd4b9c7ec,0.1392984023926768,0.1407561988121858,0.25,0.5569275375365637,0.002,ql,40,90,0.9,0.2695127064453693,0.3,0.42,0.08,180,0.2418776799039788,20,1.42747880882626,4.128665157248745e-18,0.2,ablation,,False,40,170,230,-1,1.0,80,0.0556102655586228,0,40,1.0,2,0,0.25,0.01,0.75,50.0,30.0,0.45,0.2,0.1,0.002,8.0,0.0014577964195089,0.14046350674802147,0.33052954442820714,0.0,0.19062892945707155,0.6616219806333001
52,280,0.1646284473924651,0.5,0.3711841198197476,0.0,0.125,0.0,hex_cells__markov__plastic__intr0__struct0__alpha_async__order_ab__s2__df0e1aff9d,0.2718760074069184,0.2406086462413685,0.25,True,0.2297089830072861,0.002,0.016,markov,0.68,hex_cells,40,90,0.9,0.1715763265749966,0.3,0,0.42,0.08,180,0.1357679828896892,0.0,20,1.25120512739983,4.709280463940905e-18,0.2,plastic,ablation,,False,alpha_async,40,170,230,2,-1,1.0,0.6,0.6,80,0.0808520466097886,0,0,40,1.0,2,0,0.25,0.01,0.75,50.0,order_ab,30.0,0.45,0.2,0.1,0.002,8.0,-0.0312673611655499,52,280,0.1646284474062506,0.3711841239440676,0.0,0.125,0.0,hex_cells__ql__plastic__intr0__struct0__alpha_async__order_ab__s2__d5dd4e5880,0.2718760058988368,0.2406086514608131,0.25,0.2297089841092633,0.002,ql,40,90,0.9,0.1715763249460275,0.3,0.42,0.08,180,0.1357679827441586,20,1.25120512739983,4.784468829346009e-18,0.2,ablation,,False,40,170,230,-1,1.0,80,0.080852047227319,0,40,1.0,2,0,0.25,0.01,0.75,50.0,30.0,0.45,0.2,0.1,0.002,8.0,-0.0312673544380237,1.378550051889249e-11,1.1019772039322362e-09,0.0,0.0,1.1157627044511287e-09
52,280,0.1466749036224587,0.5,0.3942609102442838,0.0,0.125,0.0,hex_cells__markov__plastic__intr0__struct0__alpha_async__order_ab__s1__7ff15562eb,0.3006634809302729,0.290513996584174,0.25,False,0.1992298497330912,0.002,0.016,markov,0.68,hex_cells,40,90,0.9,0.1532138541707535,0.3,0,0.42,0.08,180,0.124666727692005,0.3,20,1.1811333441499736,4.405087946245474e-18,0.2,plastic,ablation,,False,alpha_async,40,170,230,1,-1,1.0,0.6,0.6,80,0.089520780919548,0,0,40,1.0,2,0,0.25,0.01,0.75,50.0,order_ab,30.0,0.45,0.2,0.1,0.002,8.0,-0.0101494843460988,52,280,0.2910375874801063,0.1191239813487216,0.0,0.125,0.4033500632299868,hex_cells__ql__plastic__intr0__struct0__alpha_async__order_ab__s1__52b8024e4a,0.1540264400020615,0.1503685049531393,0.25,0.5432722079609045,0.002,ql,40,90,0.9,0.2579811381520008,0.3,0.42,0.08,180,0.2355505604151578,20,1.427726365387562,2.8010415389055145e-18,0.2,ablation,,False,40,170,230,-1,1.0,80,0.0607681925975988,0,40,1.0,2,0,0.25,0.01,0.75,50.0,30.0,0.45,0.2,0.1,0.002,8.0,-0.0036579350489221,0.14436268385764758,0.34404235822781326,0.0,0.24659302123758842,0.7349980633230493
52,280,0.1466749036224587,0.5,0.3942609102442838,0.0,0.125,0.0,hex_cells__markov__plastic__intr0__struct0__alpha_async__order_ab__s1__d355e680f7,0.3006634809302729,0.290513996584174,0.25,True,0.1992298497330912,0.002,0.016,markov,0.68,hex_cells,40,90,0.9,0.1532138541707535,0.3,0,0.42,0.08,180,0.124666727692005,0.3,20,1.1811333441499736,4.405087946245474e-18,0.2,plastic,ablation,,False,alpha_async,40,170,230,1,-1,1.0,0.6,0.6,80,0.089520780919548,0,0,40,1.0,2,0,0.25,0.01,0.75,50.0,order_ab,30.0,0.45,0.2,0.1,0.002,8.0,-0.0101494843460988,52,280,0.1466749027757463,0.3942609088310469,0.0,0.125,0.0,hex_cells__ql__plastic__intr0__struct0__alpha_async__order_ab__s1__e0b0ee693e,0.3006634813246722,0.2905139974709691,0.25,0.1992298488947004,0.002,ql,40,90,0.9,0.1532138540718015,0.3,0.42,0.08,180,0.1246667275222352,20,1.1811333441499736,5.4263711967786004e-18,0.2,ablation,,False,40,170,230,-1,1.0,80,0.0895207810974382,0,40,1.0,2,0,0.25,0.01,0.75,50.0,30.0,0.45,0.2,0.1,0.002,8.0,-0.010149483853703,8.467123946420685e-10,8.383908012277175e-10,0.0,0.0,1.685103195869786e-09
52,280,0.1769668361853099,0.5,0.3526559360586244,0.0,0.125,0.0,hex_cells__markov__fixed__intr0__struct0__alpha_async__order_ba__s2__1d0a84017e,0.296527960336041,0.2467132742812853,0.25,False,0.230248846458613,0.002,0.016,markov,0.68,hex_cells,40,90,0.9,0.1881998664354845,0.3,0,0.42,0.08,180,0.1448524623770087,0.0,20,1.305840594116841,4.5411056912419146e-18,0.2,fixed,ablation,,False,alpha_async,40,170,230,2,-1,1.0,0.6,0.6,80,0.1077403131711143,0,0,40,1.0,2,0,0.25,0.01,0.75,50.0,order_ba,30.0,0.45,0.2,0.1,0.002,8.0,-0.0498146860547557,52,280,0.2991960957058147,0.0930266188726348,0.0,0.125,0.3976328486219062,hex_cells__ql__fixed__intr0__struct0__alpha_async__order_ba__s2__158a7eabdd,0.1584877580759557,0.1347806804142866,0.25,0.5395960646709005,0.002,ql,40,90,0.9,0.2713165879042483,0.3,0.42,0.08,180,0.2443995569659992,20,1.4506833193724822,3.5324746756465924e-18,0.2,ablation,,False,40,170,230,-1,1.0,80,0.0663772052550852,0,40,1.0,2,0,0.25,0.01,0.75,50.0,30.0,0.45,0.2,0.1,0.002,8.0,-0.023707077661669,0.12222925952050478,0.3093472182122875,0.0,0.14484272525564124,0.5764192029884335
52,280,0.1769668361853099,0.5,0.3526559360586244,0.0,0.125,0.0,hex_cells__markov__fixed__intr0__struct0__alpha_async__order_ba__s2__c4b1ac0a4d,0.296527960336041,0.2467132742812853,0.25,True,0.230248846458613,0.002,0.016,markov,0.68,hex_cells,40,90,0.9,0.1881998664354845,0.3,0,0.42,0.08,180,0.1448524623770087,0.0,20,1.305840594116841,4.5411056912419146e-18,0.2,fixed,ablation,,False,alpha_async,40,170,230,2,-1,1.0,0.6,0.6,80,0.1077403131711143,0,0,40,1.0,2,0,0.25,0.01,0.75,50.0,order_ba,30.0,0.45,0.2,0.1,0.002,8.0,-0.0498146860547557,52,280,0.1769668361853104,0.3526559360585981,0.0,0.125,0.0,hex_cells__ql__fixed__intr0__struct0__alpha_async__order_ba__s2__ead52a45ca,0.2965279603360364,0.2467132742812901,0.25,0.2302488464585965,0.002,ql,40,90,0.9,0.1881998664354973,0.3,0.42,0.08,180,0.1448524623770082,20,1.305840594116841,4.1605886915163236e-18,0.2,ablation,,False,40,170,230,-1,1.0,80,0.1077403131711127,0,40,1.0,2,0,0.25,0.01,0.75,50.0,30.0,0.45,0.2,0.1,0.002,8.0,-0.0498146860547462,4.996003610813204e-16,1.6486811915683575e-14,0.0,0.0,1.6986412276764895e-14
52,280,0.1656436965397714,0.5,0.3627420866446378,0.0,0.125,0.0,hex_cells__markov__fixed__intr0__struct0__alpha_async__order_ba__s2__6e6b32ebc0,0.3234009499407308,0.2535403914419933,0.25,False,0.2132555161048359,0.002,0.016,markov,0.68,hex_cells,40,90,0.9,0.1770520744113573,0.3,0,0.42,0.08,180,0.1377262193992127,0.3,20,1.2718358960627365,3.5796148215162245e-18,0.2,fixed,ablation,,False,alpha_async,40,170,230,2,-1,1.0,0.6,0.6,80,0.1020315555290768,0,0,40,1.0,2,0,0.25,0.01,0.75,50.0,order_ba,30.0,0.45,0.2,0.1,0.002,8.0,-0.0698605584987375,52,280,0.2902560079698057,0.1154074017388839,0.0,0.125,0.4033779476470563,hex_cells__ql__fixed__intr0__struct0__alpha_async__order_ba__s2__b465b1927c,0.1786686979041981,0.1379231079276027,0.25,0.5369603830827994,0.002,ql,40,90,0.9,0.2592674708211037,0.3,0.42,0.08,180,0.2386432842804244,20,1.4343575044586474,4.0658782779382634e-18,0.2,ablation,,False,40,170,230,-1,1.0,80,0.0706331767613367,0,40,1.0,2,0,0.25,0.01,0.75,50.0,30.0,0.45,0.2,0.1,0.002,8.0,-0.0407455899765953,0.12461231143003432,0.32370486697796347,0.0,0.1625216083959109,0.6108387868039087
52,280,0.1656436965397714,0.5,0.3627420866446378,0.0,0.125,0.0,hex_cells__markov__fixed__intr0__struct0__alpha_async__order_ba__s2__07c8740792,0.3234009499407308,0.2535403914419933,0.25,True,0.2132555161048359,0.002,0.016,markov,0.68,hex_cells,40,90,0.9,0.1770520744113573,0.3,0,0.42,0.08,180,0.1377262193992127,0.3,20,1.2718358960627365,3.5796148215162245e-18,0.2,fixed,ablation,,False,alpha_async,40,170,230,2,-1,1.0,0.6,0.6,80,0.1020315555290768,0,0,40,1.0,2,0,0.25,0.01,0.75,50.0,order_ba,30.0,0.45,0.2,0.1,0.002,8.0,-0.0698605584987375,52,280,0.1656436965397698,0.362742086644646,0.0,0.125,0.0,hex_cells__ql__fixed__intr0__struct0__alpha_async__order_ba__s2__b63eb935c3,0.3234009499407206,0.2535403914419891,0.25,0.2132555161048447,0.002,ql,40,90,0.9,0.1770520744113533,0.3,0.42,0.08,180,0.1377262193992141,20,1.2718358960627365,3.137929766383251e-18,0.2,ablation,,False,40,170,230,-1,1.0,80,0.102031555529065,0,40,1.0,2,0,0.25,0.01,0.75,50.0,30.0,0.45,0.2,0.1,0.002,8.0,-0.0698605584987315,1.609823385706477e-15,8.798517470154366e-15,0.0,0.0,1.0408340855860843e-14
52,280,0.1674851925451226,0.5,0.3662239253994871,0.0,0.125,0.0,hex_cells__markov__plastic__intr0__struct0__alpha_async__order_ba__s2__29ba926bd0,0.2655200103414277,0.2483853856674895,0.25,False,0.2263407296568493,0.002,0.016,markov,0.68,hex_cells,40,90,0.9,0.176248978812026,0.3,0,0.42,0.08,180,0.1381167901920748,0.0,20,1.2708417481567504,4.7635402382617575e-18,0.2,plastic,ablation,,False,alpha_async,40,170,230,2,-1,1.0,0.6,0.6,80,0.1049172065283354,0,0,40,1.0,2,0,0.25,0.01,0.75,50.0,order_ba,30.0,0.45,0.2,0.1,0.002,8.0,-0.0171346246739381,52,280,0.2872907255588264,0.117587444584042,0.0,0.125,0.3999918409969893,hex_cells__ql__plastic__intr0__struct0__alpha_async__order_ba__s2__57fc9db4b0,0.1473991337488416,0.141371851635893,0.25,0.5413075858296594,0.002,ql,40,90,0.9,0.2555881120862719,0.3,0.42,0.08,180,0.235745403440582,20,1.4213297826364757,3.990063650701277e-18,0.2,ablation,,False,40,170,230,-1,1.0,80,0.0652917837680405,0,40,1.0,2,0,0.25,0.01,0.75,50.0,30.0,0.45,0.2,0.1,0.002,8.0,-0.0060272821129485,0.11980553301370381,0.3149668561728102,0.0,0.15048803447972525,0.5852604236662392
52,280,0.172711467159338,0.5,0.3470442932792577,0.0,0.125,0.0,hex_cells__markov__plastic__intr0__struct0__alpha_async__order_ba__s1__ce256ad03c,0.2680764212780091,0.2355929049059039,0.25,True,0.2350928762922845,0.002,0.016,markov,0.68,hex_cells,40,90,0.9,0.1841995843833465,0.3,0,0.42,0.08,180,0.1424633443936954,0.0,20,1.2810563238144814,5.08439753082811e-18,0.2,plastic,ablation,,False,alpha_async,40,170,230,1,-1,1.0,0.6,0.6,80,0.1044103619723259,0,0,40,1.0,2,0,0.25,0.01,0.75,50.0,order_ba,30.0,0.45,0.2,0.1,0.002,8.0,-0.0324835163721052,52,280,0.1727114668143652,0.3470442942510625,0.0,0.125,0.0,hex_cells__ql__plastic__intr0__struct0__alpha_async__order_ba__s1__82f6d6389c,0.2680764220689675,0.2355929036457635,0.25,0.2350928765441373,0.002,ql,40,90,0.9,0.1841995838531031,0.3,0.42,0.08,180,0.1424633443281021,20,1.2810563238144814,3.3396313826840042e-18,0.2,ablation,,False,40,170,230,-1,1.0,80,0.1044103623422125,0,40,1.0,2,0,0.25,0.01,0.75,50.0,30.0,0.45,0.2,0.1,0.002,8.0,-0.0324835184232039,3.4497280032574906e-10,2.5185278862416283e-10,0.0,0.0,5.968255889499119e-10
52,280,0.1526783008286729,0.5,0.3801996983307405,0.0,0.125,0.0,hex_cells__markov__plastic__intr0__struct0__alpha_async__order_ba__s2__1d6cb7810c,0.298167768176078,0.2763322820759469,0.25,False,0.2043099239945466,0.002,0.016,markov,0.68,hex_cells,40,90,0.9,0.161172603046933,0.3,0,0.42,0.08,180,0.129354630339042,0.3,20,1.215815740138715,6.27448021081712e-18,0.2,plastic,ablation,,False,alpha_async,40,170,230,2,-1,1.0,0.6,0.6,80,0.092401626198269,0,0,40,1.0,2,0,0.25,0.01,0.75,50.0,order_ba,30.0,0.45,0.2,0.1,0.002,8.0,-0.021835486100131,52,280,0.2790572358007215,0.1403109308540833,0.0,0.125,0.40382345868889,hex_cells__ql__plastic__intr0__struct0__alpha_async__order_ba__s2__2c1d1fdb93,0.1691936205042772,0.1516920168318634,0.25,0.5400278253137212,0.002,ql,40,90,0.9,0.2442106454590774,0.3,0.42,0.08,180,0.2314923120625987,20,1.412546208230914,3.718191861296646e-18,0.2,ablation,,False,40,170,230,-1,1.0,80,0.0702766636598095,0,40,1.0,2,0,0.25,0.01,0.75,50.0,30.0,0.45,0.2,0.1,0.002,8.0,-0.0175016036724137,0.1263789349720486,0.33571790131917456,0.0,0.19673046809219885,0.6588273043834221
52,280,0.1526783008286729,0.5,0.3801996983307405,0.0,0.125,0.0,hex_cells__markov__plastic__intr0__struct0__alpha_async__order_ba__s2__2ce0bb889d,0.298167768176078,0.2763322820759469,0.25,True,0.2043099239945466,0.002,0.016,markov,0.68,hex_cells,40,90,0.9,0.161172603046933,0.3,0,0.42,0.08,180,0.129354630339042,0.3,20,1.215815740138715,6.27448021081712e-18,0.2,plastic,ablation,,False,alpha_async,40,170,230,2,-1,1.0,0.6,0.6,80,0.092401626198269,0,0,40,1.0,2,0,0.25,0.01,0.75,50.0,order_ba,30.0,0.45,0.2,0.1,0.002,8.0,-0.021835486100131,52,280,0.1526783008501397,0.3801996984543072,0.0,0.125,0.0,hex_cells__ql__plastic__intr0__struct0__alpha_async__order_ba__s2__89e47c7c3f,0.2981677686188155,0.2763322824862918,0.25,0.2043099241730561,0.002,ql,40,90,0.9,0.1611726029869711,0.3,0.42,0.08,180,0.1293546303446681,20,1.215815740138715,5.192444579631214e-18,0.2,ablation,,False,40,170,230,-1,1.0,80,0.0924016262693891,0,40,1.0,2,0,0.25,0.01,0.75,50.0,30.0,0.45,0.2,0.1,0.002,8.0,-0.0218354861325237,2.146680055936656e-11,1.785095127271319e-10,0.0,0.0,1.9997631328649845e-10
52,280,0.1393868523258303,0.5,0.4991946149185439,0.0,0.125,0.0,honeycomb__markov__fixed__intr0__struct0__alpha_async__lesion__s1__ab7bc344e9,0.3073552515972164,0.2703362448800666,0.25,False,0.2495725042371778,0.002,0.016,markov,0.68,honeycomb,40,90,0.9,0.123357213760634,0.3,0,0.42,0.08,180,0.1272591728656312,0.0,20,1.1316448386773963,4.368285605869527e-18,0.2,fixed,ablation,0.2817443210679363,False,alpha_async,40,170,230,1,-1,1.0,0.6,0.6,80,0.1569216620118264,0,0,40,1.0,2,0,0.25,0.01,0.75,50.0,lesion,30.0,0.45,0.2,0.1,0.002,8.0,,52,280,0.3595541408299665,-0.0263584824859257,0.0,0.125,0.3385302992897697,honeycomb__ql__fixed__intr0__struct0__alpha_async__lesion__s1__d76f434aa4,0.0435176381371593,0.0351902273364593,0.25,0.6896523749326303,0.002,ql,40,90,0.9,0.2995920411112938,0.3,0.42,0.08,180,0.3074467319884374,20,1.5360677844885686,2.2226519433731657e-18,0.2,ablation,0.0199044070960669,False,40,170,230,-1,1.0,80,0.0192662354386791,0,40,1.0,2,0,0.25,0.01,0.75,50.0,30.0,0.45,0.2,0.1,0.002,8.0,,0.2201672885041362,0.4400798706954525,0.2618399139718694,0.40442294581117233,1.3265100189826304
52,280,0.14513688405318,0.5,0.4846925707412886,0.0,0.125,0.0,honeycomb__markov__fixed__intr0__struct0__alpha_async__lesion__s2__7d7dbcb979,0.2872315850726957,0.2480549995527677,0.25,True,0.2649292529655248,0.002,0.016,markov,0.68,honeycomb,40,90,0.9,0.1297924306736097,0.3,0,0.42,0.08,180,0.1305009186341586,0.0,20,1.1433026439143137,1.484587575538116e-18,0.2,fixed,ablation,0.2403425202656222,False,alpha_async,40,170,230,2,-1,1.0,0.6,0.6,80,0.1581067842814929,0,0,40,1.0,2,0,0.25,0.01,0.75,50.0,lesion,30.0,0.45,0.2,0.1,0.002,8.0,,52,280,0.1371208595917294,0.4794422074543167,0.0,0.125,0.0,honeycomb__ql__fixed__intr0__struct0__alpha_async__lesion__s2__382bde3813,0.2775557596184727,0.259306767243266,0.25,0.2532846609829438,0.002,ql,40,90,0.9,0.1246910046291123,0.3,0.42,0.08,180,0.1280597118155396,20,1.0973770349074512,3.112047505961608e-18,0.2,ablation,0.2370583809542888,False,40,170,230,-1,1.0,80,0.1502172430316253,0,40,1.0,2,0,0.25,0.01,0.75,50.0,30.0,0.45,0.2,0.1,0.002,8.0,,0.00801602446145061,0.011644591982580998,0.003284139311333395,0.04592560900686249,0.06887036476222749
52,280,0.1136963824907432,0.5,0.5174914395363699,0.0,0.125,0.0,honeycomb__markov__fixed__intr0__struct0__alpha_async__lesion__s2__9547250a2c,0.3312594725690305,0.2812287439635162,0.25,False,0.2076632177181103,0.002,0.016,markov,0.68,honeycomb,40,90,0.9,0.1017822703773491,0.3,0,0.42,0.08,180,0.109947099406764,0.3,20,0.990067100716268,4.542899167095698e-18,0.2,fixed,ablation,0.3026768304913252,False,alpha_async,40,170,230,2,-1,1.0,0.6,0.6,80,0.1372466603222587,0,0,40,1.0,2,0,0.25,0.01,0.75,50.0,lesion,30.0,0.45,0.2,0.1,0.002,8.0,,52,280,0.3236109891173442,0.0941038598104657,0.0,0.125,0.3704216781160164,honeycomb__ql__fixed__intr0__struct0__alpha_async__lesion__s2__124c073018,0.0974183523575559,0.0791870265284569,0.25,0.6523700495962047,0.002,ql,40,90,0.9,0.2629300368139478,0.3,0.42,0.08,180,0.2778339691457113,20,1.5416310357060263,3.8230378022478455e-18,0.2,ablation,0.053024100416996,False,40,170,230,-1,1.0,80,0.0497085879804329,0,40,1.0,2,0,0.25,0.01,0.75,50.0,30.0,0.45,0.2,0.1,0.002,8.0,,0.209914606626601,0.4447068318780944,0.2496527300743292,0.5515639349897583,1.4558381035687828
52,280,0.1136963824907432,0.5,0.5174914395363699,0.0,0.125,0.0,honeycomb__markov__fixed__intr0__struct0__alpha_async__lesion__s2__c5fd3b8409,0.3312594725690305,0.2812287439635162,0.25,True,0.2076632177181103,0.002,0.016,markov,0.68,honeycomb,40,90,0.9,0.1017822703773491,0.3,0,0.42,0.08,180,0.109947099406764,0.3,20,0.990067100716268,4.542899167095698e-18,0.2,fixed,ablation,0.3026768304913252,False,alpha_async,40,170,230,2,-1,1.0,0.6,0.6,80,0.1372466603222587,0,0,40,1.0,2,0,0.25,0.01,0.75,50.0,lesion,30.0,0.45,0.2,0.1,0.002,8.0,,52,280,0.1289850969753009,0.5026697956995654,0.0,0.125,0.0,honeycomb__ql__fixed__intr0__struct0__alpha_async__lesion__s2__20c7158edb,0.3043315650662226,0.2505971645359326,0.25,0.2347226209788002,0.002,ql,40,90,0.9,0.1155292661012075,0.3,0.42,0.08,180,0.1217171112433623,20,1.0767502162406677,5.053227264644955e-18,0.2,ablation,0.2791702967101866,False,40,170,230,-1,1.0,80,0.1495212632556097,0,40,1.0,2,0,0.25,0.01,0.75,50.0,30.0,0.45,0.2,0.1,0.002,8.0,,0.015288714484557694,0.027059403260689896,0.023506533781138594,0.08668311552439967,0.15253776705078587
52,280,0.1513091670299181,0.5,0.4786358469753959,0.0,0.125,0.0,honeycomb__markov__plastic__intr0__struct0__alpha_async__lesion__s1__417cc4f2e5,0.2743555190059528,0.2377897473929568,0.25,False,0.2803325109912946,0.002,0.016,markov,0.68,honeycomb,40,90,0.9,0.1344729901098304,0.3,0,0.42,0.08,180,0.1377235513967679,0.0,20,1.1672376634142925,3.7220426321290154e-18,0.2,plastic,ablation,0.2486127866166287,False,alpha_async,40,170,230,1,-1,1.0,0.6,0.6,80,0.1525939159583383,0,0,40,1.0,2,0,0.25,0.01,0.75,50.0,lesion,30.0,0.45,0.2,0.1,0.002,8.0,,52,280,0.3687423681998652,-0.0885965187393757,0.0,0.125,0.327831582288133,honeycomb__ql__plastic__intr0__struct0__alpha_async__lesion__s1__57dec2a662,0.0066840252920976,0.021040266109273,0.25,0.6936552941764003,0.002,ql,40,90,0.9,0.3181007940280365,0.3,0.42,0.08,180,0.3151829521288537,20,1.5407364984643632,1.981866527884393e-18,0.2,ablation,-0.010823225906746,False,40,170,230,-1,1.0,80,0.0115550037899418,0,40,1.0,2,0,0.25,0.01,0.75,50.0,30.0,0.45,0.2,0.1,0.002,8.0,,0.21743320116994713,0.4133227831851057,0.25943601252337467,0.37349883505007075,1.263690831928498
52,280,0.1569029906636736,0.5,0.4731949470435152,0.0,0.125,0.0,honeycomb__markov__plastic__intr0__struct0__alpha_async__lesion__s2__af404d731f,0.2603064627205603,0.2382890655712754,0.25,True,0.2870566682816893,0.002,0.016,markov,0.68,honeycomb,40,90,0.9,0.1393755778163677,0.3,0,0.42,0.08,180,0.1411668626282538,0.0,20,1.202141300045808,6.492453844073445e-18,0.2,plastic,ablation,0.2119034818562442,False,alpha_async,40,170,230,2,-1,1.0,0.6,0.6,80,0.163193046115737,0,0,40,1.0,2,0,0.25,0.01,0.75,50.0,lesion,30.0,0.45,0.2,0.1,0.002,8.0,,52,280,0.1461248595663208,0.5081198851346804,0.0,0.125,0.0,honeycomb__ql__plastic__intr0__struct0__alpha_async__lesion__s2__22ecd9da7f,0.2827506572876241,0.2762030001067653,0.25,0.2640106692810454,0.002,ql,40,90,0.9,0.1261617403049967,0.3,0.42,0.08,180,0.1319426752952883,20,1.1535905243909628,5.73453505440998e-18,0.2,ablation,0.2742807789033789,False,40,170,230,-1,1.0,80,0.1586334167356514,0,40,1.0,2,0,0.25,0.01,0.75,50.0,30.0,0.45,0.2,0.1,0.002,8.0,,0.010778131097352817,0.023045999000643913,0.06237729704713468,0.048550775654845335,0.14475220279997675
52,280,0.1281336283884363,0.5,0.5043155974096406,0.0,0.125,0.0,honeycomb__markov__plastic__intr0__struct0__alpha_async__lesion__s1__7639b3de9a,0.3174180858146482,0.2868363736505737,0.25,False,0.22982362718065,0.002,0.016,markov,0.68,honeycomb,40,90,0.9,0.1149294976429059,0.3,0,0.42,0.08,180,0.1186801650875861,0.3,20,1.064726100148828,6.1136626770501985e-19,0.2,plastic,ablation,0.294066634383159,False,alpha_async,40,170,230,1,-1,1.0,0.6,0.6,80,0.149732104160026,0,0,40,1.0,2,0,0.25,0.01,0.75,50.0,lesion,30.0,0.45,0.2,0.1,0.002,8.0,,52,280,0.3570656197604365,-0.014657485065871,0.0,0.125,0.3426800725044516,honeycomb__ql__plastic__intr0__struct0__alpha_async__lesion__s1__580ec597cc,0.0363331495696764,0.0419100618924479,0.25,0.6876246965639732,0.002,ql,40,90,0.9,0.2965022723806354,0.3,0.42,0.08,180,0.3029854802646475,20,1.5356465564686994,1.2300548820906909e-18,0.2,ablation,0.0247886882867605,False,40,170,230,-1,1.0,80,0.0149975049684455,0,40,1.0,2,0,0.25,0.01,0.75,50.0,30.0,0.45,0.2,0.1,0.002,8.0,,0.22893199137200018,0.4578010693833232,0.2692779460963985,0.47092045631987145,1.4269314631715933
52,280,0.1281336283884363,0.5,0.5043155974096406,0.0,0.125,0.0,honeycomb__markov__plastic__intr0__struct0__alpha_async__lesion__s1__42d6e7fe2b,0.3174180858146482,0.2868363736505737,0.25,True,0.22982362718065,0.002,0.016,markov,0.68,honeycomb,40,90,0.9,0.1149294976429059,0.3,0,0.42,0.08,180,0.1186801650875861,0.3,20,1.064726100148828,6.1136626770501985e-19,0.2,plastic,ablation,0.294066634383159,False,alpha_async,40,170,230,1,-1,1.0,0.6,0.6,80,0.149732104160026,0,0,40,1.0,2,0,0.25,0.01,0.75,50.0,lesion,30.0,0.45,0.2,0.1,0.002,8.0,,52,280,0.114361481731702,0.518753787409809,0.0,0.125,0.0,honeycomb__ql__plastic__intr0__struct0__alpha_async__lesion__s1__24ce476c49,0.3511500351367756,0.3021781268750461,0.25,0.2086516240985665,0.002,ql,40,90,0.9,0.1029360453886315,0.3,0.42,0.08,180,0.1115904000966673,20,0.9863264651223554,8.375030862163888e-18,0.2,ablation,0.3202984476770806,False,40,170,230,-1,1.0,80,0.1310372341917034,0,40,1.0,2,0,0.25,0.01,0.75,50.0,30.0,0.45,0.2,0.1,0.002,8.0,,0.013772146656734305,0.0211720030820835,0.026231813293921602,0.07839963502647251,0.13957559805921194
52,280,0.073928395259505,0.5,0.5572489393835719,0.0,0.125,0.0,honeycomb__markov__fixed__intr0__struct0__alpha_async__order_ab__s1__6e9932d2ca,0.3702228180259325,0.421606555418745,0.25,False,0.1344280640835473,0.002,0.016,markov,0.68,honeycomb,40,90,0.9,0.06658562083088,0.3,0,0.42,0.08,180,0.0772479586094772,0.0,20,0.7384196308732799,2.8755963938600695e-18,0.2,fixed,ablation,,False,alpha_async,40,170,230,1,-1,1.0,0.6,0.6,80,0.0784950979808048,0,0,40,1.0,2,0,0.25,0.01,0.75,50.0,order_ab,30.0,0.45,0.2,0.1,0.002,8.0,0.0513837373928124,52,280,0.2130026439484259,0.3466799525359501,0.0,0.125,0.4579570237400911,honeycomb__ql__fixed__intr0__struct0__alpha_async__order_ab__s1__86e8973c23,0.243678629005357,0.2176023532028368,0.25,0.5456245512615889,0.002,ql,40,90,0.9,0.1404898266680783,0.3,0.42,0.08,180,0.1856144817916775,20,1.2149373758190336,4.349068093319067e-18,0.2,ablation,,False,40,170,230,-1,1.0,80,0.0729103308206723,0,40,1.0,2,0,0.25,0.01,0.75,50.0,30.0,0.45,0.2,0.1,0.002,8.0,-0.0260762758025202,0.13907424868892093,0.41119648717804164,0.0,0.4765177449457537,1.0267884808127161
52,280,0.073928395259505,0.5,0.5572489393835719,0.0,0.125,0.0,honeycomb__markov__fixed__intr0__struct0__alpha_async__order_ab__s1__9346107073,0.3702228180259325,0.421606555418745,0.25,True,0.1344280640835473,0.002,0.016,markov,0.68,honeycomb,40,90,0.9,0.06658562083088,0.3,0,0.42,0.08,180,0.0772479586094772,0.0,20,0.7384196308732799,2.8755963938600695e-18,0.2,fixed,ablation,,False,alpha_async,40,170,230,1,-1,1.0,0.6,0.6,80,0.0784950979808048,0,0,40,1.0,2,0,0.25,0.01,0.75,50.0,order_ab,30.0,0.45,0.2,0.1,0.002,8.0,0.0513837373928124,52,280,0.0733348279208993,0.5653611656729537,0.0,0.125,0.0,honeycomb__ql__fixed__intr0__struct0__alpha_async__order_ab__s1__80f0744671,0.3775867103534754,0.4329947496802778,0.25,0.1332550944612327,0.002,ql,40,90,0.9,0.0655716373850914,0.3,0.42,0.08,180,0.0769021931694521,20,0.7321411200774645,5.38753264708469e-18,0.2,ablation,,False,40,170,230,-1,1.0,80,0.0769763788577622,0,40,1.0,2,0,0.25,0.01,0.75,50.0,30.0,0.45,0.2,0.1,0.002,8.0,0.0554080393268023,0.0005935673386056883,0.0011729696223145847,0.0,0.0062785107958154285,0.008045047756735701
52,280,0.0708688790833771,0.5,0.5592867876710809,0.0,0.125,0.0,honeycomb__markov__fixed__intr0__struct0__alpha_async__order_ab__s1__b31f574a6a,0.3800171513202351,0.4319919125197504,0.25,False,0.128207111631798,0.002,0.016,markov,0.68,honeycomb,40,90,0.9,0.0639989455664786,0.3,0,0.42,0.08,180,0.0751964984396841,0.3,20,0.7126521792252123,7.966521514727441e-18,0.2,fixed,ablation,,False,alpha_async,40,170,230,1,-1,1.0,0.6,0.6,80,0.0793339175696207,0,0,40,1.0,2,0,0.25,0.01,0.75,50.0,order_ab,30.0,0.45,0.2,0.1,0.002,8.0,0.0519747611995152,52,280,0.197455932438587,0.3654354754354906,0.0,0.125,0.4642410474620486,honeycomb__ql__fixed__intr0__struct0__alpha_async__order_ab__s1__6daa7cfc62,0.241744645370665,0.2184647484250156,0.25,0.5311921574805003,0.002,ql,40,90,0.9,0.1268488162368893,0.3,0.42,0.08,180,0.1778051449585159,20,1.146910413487366,5.48206685582235e-18,0.2,ablation,,False,40,170,230,-1,1.0,80,0.082623302487677,0,40,1.0,2,0,0.25,0.01,0.75,50.0,30.0,0.45,0.2,0.1,0.002,8.0,-0.0232798969456493,0.1265870533552099,0.4029850458487023,0.0,0.4342582342621537,0.963830333466066
52,280,0.0708688790833771,0.5,0.5592867876710809,0.0,0.125,0.0,honeycomb__markov__fixed__intr0__struct0__alpha_async__order_ab__s1__0abc4ae30e,0.3800171513202351,0.4319919125197504,0.25,True,0.128207111631798,0.002,0.016,markov,0.68,honeycomb,40,90,0.9,0.0639989455664786,0.3,0,0.42,0.08,180,0.0751964984396841,0.3,20,0.7126521792252123,7.966521514727441e-18,0.2,fixed,ablation,,False,alpha_async,40,170,230,1,-1,1.0,0.6,0.6,80,0.0793339175696207,0,0,40,1.0,2,0,0.25,0.01,0.75,50.0,order_ab,30.0,0.45,0.2,0.1,0.002,8.0,0.0519747611995152,52,280,0.0562497282521676,0.568681847464858,0.0,0.125,0.0,honeycomb__ql__fixed__intr0__struct0__alpha_async__order_ab__s1__c58da42433,0.3173282763961815,0.4725678651749986,0.25,0.1038803112565072,0.002,ql,40,90,0.9,0.0515527291764973,0.3,0.42,0.08,180,0.0662995811401246,20,0.5945702405393614,4.5887666803581215e-18,0.2,ablation,,False,40,170,230,-1,1.0,80,0.0634492817228427,0,40,1.0,2,0,0.25,0.01,0.75,50.0,30.0,0.45,0.2,0.1,0.002,8.0,0.1552395887788171,0.014619150831209508,0.024326800375290794,0.0,0.11808193868585093,0.15702788989235122
52,280,0.0741036702526079,0.5,0.5413043456968522,0.0,0.125,0.0,honeycomb__markov__plastic__intr0__struct0__alpha_async__order_ab__s2__e4d30b8647,0.3689362377430334,0.4223932252179381,0.25,False,0.1343707658298374,0.002,0.016,markov,0.68,honeycomb,40,90,0.9,0.0687545350151925,0.3,0,0.42,0.08,180,0.0778446929534318,0.0,20,0.7302659076144825,4.732909376622772e-18,0.2,plastic,ablation,,False,alpha_async,40,170,230,2,-1,1.0,0.6,0.6,80,0.0836225792364352,0,0,40,1.0,2,0,0.25,0.01,0.75,50.0,order_ab,30.0,0.45,0.2,0.1,0.002,8.0,0.0534569874749047,52,280,0.2177090094269274,0.3313569097729196,0.0,0.125,0.4551707075741726,honeycomb__ql__plastic__intr0__struct0__alpha_async__order_ab__s2__3b13e2c048,0.2121690930435676,0.212547079681491,0.25,0.5461713879628362,0.002,ql,40,90,0.9,0.1484046998231693,0.3,0.42,0.08,180,0.189668797464939,20,1.2465383982840026,1.96759527364599e-18,0.2,ablation,,False,40,170,230,-1,1.0,80,0.0808846294947259,0,40,1.0,2,0,0.25,0.01,0.75,50.0,30.0,0.45,0.2,0.1,0.002,8.0,0.0003779866379233,0.1436053391743195,0.41180062213299873,0.0,0.5162724906695201,1.0716784519768383
52,280,0.0801655315129765,0.5,0.5235735242560864,0.0,0.125,0.0,honeycomb__markov__plastic__intr0__struct0__alpha_async__order_ab__s1__112e6769e4,0.3796545498256991,0.3982711412183395,0.25,True,0.1473544919401775,0.002,0.016,markov,0.68,honeycomb,40,90,0.9,0.0760642165833902,0.3,0,0.42,0.08,180,0.0821147407904358,0.0,20,0.7671880230043779,5.9895130159984345e-18,0.2,plastic,ablation,,False,alpha_async,40,170,230,1,-1,1.0,0.6,0.6,80,0.0868156109880683,0,0,40,1.0,2,0,0.25,0.01,0.75,50.0,order_ab,30.0,0.45,0.2,0.1,0.002,8.0,0.0186165913926403,52,280,0.082415295527354,0.5585354188160143,0.0,0.125,0.0,honeycomb__ql__plastic__intr0__struct0__alpha_async__order_ab__s1__cf5ba161e1,0.3418451824072601,0.4115120976423824,0.25,0.1507141127172252,0.002,ql,40,90,0.9,0.0729672888028118,0.3,0.42,0.08,180,0.0813838396919034,20,0.7903148319195199,4.03024963120355e-18,0.2,ablation,,False,40,170,230,-1,1.0,80,0.0856660309526986,0,40,1.0,2,0,0.25,0.01,0.75,50.0,30.0,0.45,0.2,0.1,0.002,8.0,0.0696669152351223,0.0022497640143774866,0.0033596207770477116,0.0,0.02312680891514196,0.02873619370656716
52,280,0.0613413343435418,0.5,0.5860287186476048,0.0,0.125,0.0,honeycomb__markov__plastic__intr0__struct0__alpha_async__order_ab__s1__586bd4b7fa,0.3118098458494919,0.4489856516931121,0.25,False,0.1145100911837778,0.002,0.016,markov,0.68,honeycomb,40,90,0.9,0.0535692409814479,0.3,0,0.42,0.08,180,0.0690403908335699,0.3,20,0.630163249780595,2.652597977939656e-18,0.2,plastic,ablation,,False,alpha_async,40,170,230,1,-1,1.0,0.6,0.6,80,0.067890125275462,0,0,40,1.0,2,0,0.25,0.01,0.75,50.0,order_ab,30.0,0.45,0.2,0.1,0.002,8.0,0.1371758058436202,52,280,0.1989094550450833,0.3804307563922552,0.0,0.125,0.4641373229331358,honeycomb__ql__plastic__intr0__struct0__alpha_async__order_ab__s1__61385290af,0.2307621557649128,0.2590472055449895,0.25,0.530677083753415,0.002,ql,40,90,0.9,0.1259937334323108,0.3,0.42,0.08,180,0.1781342612673873,20,1.1436707313701855,6.147218221552949e-18,0.2,ablation,,False,40,170,230,-1,1.0,80,0.0762731477698505,0,40,1.0,2,0,0.25,0.01,0.75,50.0,30.0,0.45,0.2,0.1,0.002,8.0,0.0282850497800767,0.1375681207015415,0.41616699256963724,0.0,0.5135074815895905,1.0672425948607693
52,280,0.0613413343435418,0.5,0.5860287186476048,0.0,0.125,0.0,honeycomb__markov__plastic__intr0__struct0__alpha_async__order_ab__s1__9ba9f5f7c7,0.3118098458494919,0.4489856516931121,0.25,True,0.1145100911837778,0.002,0.016,markov,0.68,honeycomb,40,90,0.9,0.0535692409814479,0.3,0,0.42,0.08,180,0.0690403908335699,0.3,20,0.630163249780595,2.652597977939656e-18,0.2,plastic,ablation,,False,alpha_async,40,170,230,1,-1,1.0,0.6,0.6,80,0.067890125275462,0,0,40,1.0,2,0,0.25,0.01,0.75,50.0,order_ab,30.0,0.45,0.2,0.1,0.002,8.0,0.1371758058436202,52,280,0.0586786385872717,0.5577655564835792,0.0,0.125,0.0,honeycomb__ql__plastic__intr0__struct0__alpha_async__order_ab__s1__e32886d980,0.3063421373146551,0.4757013143897818,0.25,0.1095350561084633,0.002,ql,40,90,0.9,0.0538314379558808,0.3,0.42,0.08,180,0.0683783748891807,20,0.604430090301392,6.8175212885410985e-18,0.2,ablation,,False,40,170,230,-1,1.0,80,0.0613096062953411,0,40,1.0,2,0,0.25,0.01,0.75,50.0,30.0,0.45,0.2,0.1,0.002,8.0,0.1693591770751267,0.002662695756270095,0.004975035075314507,0.0,0.02573315947920296,0.03337089031078756
52,280,0.0907673019346269,0.5,0.5326338690290707,0.0,0.125,0.0,honeycomb__markov__fixed__intr0__struct0__alpha_async__order_ba__s1__b0a6c17337,0.3883495137396777,0.3188732404853793,0.25,False,0.1624904447893512,0.002,0.016,markov,0.68,honeycomb,40,90,0.9,0.0825606155939206,0.3,0,0.42,0.08,180,0.0891643570680996,0.0,20,0.8509109473294503,4.2946048688858734e-18,0.2,fixed,ablation,,False,alpha_async,40,170,230,1,-1,1.0,0.6,0.6,80,0.1005341689431354,0,0,40,1.0,2,0,0.25,0.01,0.75,50.0,order_ba,30.0,0.45,0.2,0.1,0.002,8.0,-0.0694762732542984,52,280,0.2176217024003797,0.3263982385027004,0.0,0.125,0.4532568676948815,honeycomb__ql__fixed__intr0__struct0__alpha_async__order_ba__s1__bb19f449df,0.2210555112963055,0.2066667444235876,0.25,0.5477273786851492,0.002,ql,40,90,0.9,0.14917155833419,0.3,0.42,0.08,180,0.1912346779648149,20,1.2527057161394968,4.438647534038933e-18,0.2,ablation,,False,40,170,230,-1,1.0,80,0.1042207537768142,0,40,1.0,2,0,0.25,0.01,0.75,50.0,30.0,0.45,0.2,0.1,0.002,8.0,-0.0143887668727178,0.1268544004657528,0.385236933895798,0.0,0.4017947688100465,0.9138861031715972
52,280,0.0900668109716095,0.5,0.5492368612585496,0.0,0.125,0.0,honeycomb__markov__fixed__intr0__struct0__alpha_async__order_ba__s2__d5fe202f84,0.3971118919002925,0.3433611143904929,0.25,True,0.1622081685773989,0.002,0.016,markov,0.68,honeycomb,40,90,0.9,0.0799885514895359,0.3,0,0.42,0.08,180,0.0893262581452406,0.0,20,0.8445533531316518,5.6396005845435215e-18,0.2,fixed,ablation,,False,alpha_async,40,170,230,2,-1,1.0,0.6,0.6,80,0.111464694918457,0,0,40,1.0,2,0,0.25,0.01,0.75,50.0,order_ba,30.0,0.45,0.2,0.1,0.002,8.0,-0.0537507775097995,52,280,0.0875067008947741,0.5674145510580128,0.0,0.125,0.0,honeycomb__ql__fixed__intr0__struct0__alpha_async__order_ba__s2__427c89e37a,0.4225111463679206,0.3530115293758636,0.25,0.1600751547920126,0.002,ql,40,90,0.9,0.0759313312901068,0.3,0.42,0.08,180,0.0884651289709316,20,0.8330732823737034,8.714716434854288e-18,0.2,ablation,,False,40,170,230,-1,1.0,80,0.1099377944070602,0,40,1.0,2,0,0.25,0.01,0.75,50.0,30.0,0.45,0.2,0.1,0.002,8.0,-0.0694996169920569,0.0025601100768354035,0.0021330137853863007,0.0,0.011480070757948435,0.01617319462017014
52,280,0.0700728507191597,0.5,0.5526073390593327,0.0,0.125,0.0,honeycomb__markov__fixed__intr0__struct0__alpha_async__order_ba__s2__cd76cde362,0.4535171300352838,0.3275243298909539,0.25,False,0.1284752354384829,0.002,0.016,markov,0.68,honeycomb,40,90,0.9,0.0640632727293243,0.3,0,0.42,0.08,180,0.0774088059880655,0.3,20,0.7077466567760169,4.543131766444849e-18,0.2,fixed,ablation,,False,alpha_async,40,170,230,2,-1,1.0,0.6,0.6,80,0.0877767255293073,0,0,40,1.0,2,0,0.25,0.01,0.75,50.0,order_ba,30.0,0.45,0.2,0.1,0.002,8.0,-0.1259928001443299,52,280,0.1947818686507546,0.3792543980579175,0.0,0.125,0.4674828299410954,honeycomb__ql__fixed__intr0__struct0__alpha_async__order_ba__s2__38f50dfda5,0.280280621827044,0.2674638050860229,0.25,0.5230637807856594,0.002,ql,40,90,0.9,0.1228587286171814,0.3,0.42,0.08,180,0.1771882849005498,20,1.1342260789233405,4.400953244573384e-18,0.2,ablation,,False,40,170,230,-1,1.0,80,0.0994437578064368,0,40,1.0,2,0,0.25,0.01,0.75,50.0,30.0,0.45,0.2,0.1,0.002,8.0,-0.012816816741021,0.12470901793159492,0.39458854534717647,0.0,0.4264794221473236,0.945776985426095
52,280,0.0700728507191597,0.5,0.5526073390593327,0.0,0.125,0.0,honeycomb__markov__fixed__intr0__struct0__alpha_async__order_ba__s2__2cb3bad7e7,0.4535171300352838,0.3275243298909539,0.25,True,0.1284752354384829,0.002,0.016,markov,0.68,honeycomb,40,90,0.9,0.0640632727293243,0.3,0,0.42,0.08,180,0.0774088059880655,0.3,20,0.7077466567760169,4.543131766444849e-18,0.2,fixed,ablation,,False,alpha_async,40,170,230,2,-1,1.0,0.6,0.6,80,0.0877767255293073,0,0,40,1.0,2,0,0.25,0.01,0.75,50.0,order_ba,30.0,0.45,0.2,0.1,0.002,8.0,-0.1259928001443299,52,280,0.0797930823717305,0.537174390854873,0.0,0.125,0.0,honeycomb__ql__fixed__intr0__struct0__alpha_async__order_ba__s2__60559e137d,0.4225115456889545,0.3463484029317227,0.25,0.1444555651127355,0.002,ql,40,90,0.9,0.0734421417859868,0.3,0.42,0.08,180,0.0829463013755827,20,0.7799511310257112,4.6189764270177936e-18,0.2,ablation,,False,40,170,230,-1,1.0,80,0.1014989327298827,0,40,1.0,2,0,0.25,0.01,0.75,50.0,30.0,0.45,0.2,0.1,0.002,8.0,-0.0761631427572318,0.009720231652570799,0.015980329674252586,0.0,0.07220447424969434,0.09790503557651772
52,280,0.0909954293819748,0.5,0.5248019613988676,0.0,0.125,0.0,honeycomb__markov__plastic__intr0__struct0__alpha_async__order_ba__s1__e773ef57d0,0.4145564380635887,0.3308385451336175,0.25,False,0.1641522541060674,0.002,0.016,markov,0.68,honeycomb,40,90,0.9,0.0834027858222698,0.3,0,0.42,0.08,180,0.0889550046741684,0.0,20,0.8552184425339616,3.851149841479353e-18,0.2,plastic,ablation,,False,alpha_async,40,170,230,1,-1,1.0,0.6,0.6,80,0.107069527007883,0,0,40,1.0,2,0,0.25,0.01,0.75,50.0,order_ba,30.0,0.45,0.2,0.1,0.002,8.0,-0.0837178929299712,52,280,0.2167168050480012,0.3328314908752696,0.0,0.125,0.4559236174014094,honeycomb__ql__plastic__intr0__struct0__alpha_async__order_ba__s1__8c384866b0,0.231034981202113,0.1991519835220286,0.25,0.5469170821875458,0.002,ql,40,90,0.9,0.1464298260125791,0.3,0.42,0.08,180,0.1884229731784496,20,1.243578180650171,4.948496905472756e-18,0.2,ablation,,False,40,170,230,-1,1.0,80,0.1024229858173885,0,40,1.0,2,0,0.25,0.01,0.75,50.0,30.0,0.45,0.2,0.1,0.002,8.0,-0.0318829976800844,0.1257213756660264,0.3827648280814784,0.0,0.3883597381162093,0.896845941863714
52,280,0.0909954293819748,0.5,0.5248019613988676,0.0,0.125,0.0,honeycomb__markov__plastic__intr0__struct0__alpha_async__order_ba__s1__5e5ffeaf4c,0.4145564380635887,0.3308385451336175,0.25,True,0.1641522541060674,0.002,0.016,markov,0.68,honeycomb,40,90,0.9,0.0834027858222698,0.3,0,0.42,0.08,180,0.0889550046741684,0.0,20,0.8552184425339616,3.851149841479353e-18,0.2,plastic,ablation,,False,alpha_async,40,170,230,1,-1,1.0,0.6,0.6,80,0.107069527007883,0,0,40,1.0,2,0,0.25,0.01,0.75,50.0,order_ba,30.0,0.45,0.2,0.1,0.002,8.0,-0.0837178929299712,52,280,0.0893852819462053,0.5542927188505323,0.0,0.125,0.0,honeycomb__ql__plastic__intr0__struct0__alpha_async__order_ba__s1__89461f4de7,0.42288089647397,0.3405854706475209,0.25,0.1628929767224258,0.002,ql,40,90,0.9,0.0790232198426889,0.3,0.42,0.08,180,0.0879420696434087,20,0.849177950199019,5.1444381547200274e-18,0.2,ablation,,False,40,170,230,-1,1.0,80,0.103181465450942,0,40,1.0,2,0,0.25,0.01,0.75,50.0,30.0,0.45,0.2,0.1,0.002,8.0,-0.0822954258264491,0.0016101474357694961,0.0012592773836415938,0.0,0.006040492334942638,0.008909917154353728
52,280,0.0721056407247435,0.5,0.560049524732895,0.0,0.125,0.0,honeycomb__markov__plastic__intr0__struct0__alpha_async__order_ba__s2__cf821e4bc3,0.4908901410573866,0.3197223740574618,0.25,False,0.1335348832575551,0.002,0.016,markov,0.68,honeycomb,40,90,0.9,0.0651712014321208,0.3,0,0.42,0.08,180,0.0780402513490141,0.3,20,0.7174316831178476,4.166837074493757e-18,0.2,plastic,ablation,,False,alpha_async,40,170,230,2,-1,1.0,0.6,0.6,80,0.0907849222977782,0,0,40,1.0,2,0,0.25,0.01,0.75,50.0,order_ba,30.0,0.45,0.2,0.1,0.002,8.0,-0.1711677669999248,52,280,0.2055710688029677,0.345104804565162,0.0,0.125,0.4626541770514976,honeycomb__ql__plastic__intr0__struct0__alpha_async__order_ba__s2__5eb3f47c76,0.2443028237052631,0.1961628423597098,0.25,0.5341645904202136,0.002,ql,40,90,0.9,0.1361436475795166,0.3,0.42,0.08,180,0.1821184244646834,20,1.2007004634027585,3.11638350113366e-18,0.2,ablation,,False,40,170,230,-1,1.0,80,0.1007972283739176,0,40,1.0,2,0,0.25,0.01,0.75,50.0,30.0,0.45,0.2,0.1,0.002,8.0,-0.0481399813455533,0.1334654280782242,0.40062970716265844,0.0,0.48326878028491094,1.0173639155257936
52,280,0.0721056407247435,0.5,0.560049524732895,0.0,0.125,0.0,honeycomb__markov__plastic__intr0__struct0__alpha_async__order_ba__s2__b927a323a8,0.4908901410573866,0.3197223740574618,0.25,True,0.1335348832575551,0.002,0.016,markov,0.68,honeycomb,40,90,0.9,0.0651712014321208,0.3,0,0.42,0.08,180,0.0780402513490141,0.3,20,0.7174316831178476,4.166837074493757e-18,0.2,plastic,ablation,,False,alpha_async,40,170,230,2,-1,1.0,0.6,0.6,80,0.0907849222977782,0,0,40,1.0,2,0,0.25,0.01,0.75,50.0,order_ba,30.0,0.45,0.2,0.1,0.002,8.0,-0.1711677669999248,52,280,0.0784979326292342,0.5679489063720202,0.0,0.125,0.0,honeycomb__ql__plastic__intr0__struct0__alpha_async__order_ba__s2__4605607ee6,0.4554729910153287,0.3095556174280054,0.25,0.1447970880947608,0.002,ql,40,90,0.9,0.0686126034294932,0.3,0.42,0.08,180,0.0820194663569874,20,0.7647442829115794,7.845890365481103e-18,0.2,ablation,,False,40,170,230,-1,1.0,80,0.1047054295875003,0,40,1.0,2,0,0.25,0.01,0.75,50.0,30.0,0.45,0.2,0.1,0.002,8.0,-0.1459173735873233,0.006392291904490699,0.011262204837205692,0.0,0.04731259979373181,0.0649670965354282
52,280,0.4554343413191624,0.5,-0.2598647859551332,0.0,0.125,0.0,honeycomb_nnn__markov__fixed__intr0__struct0__alpha_async__lesion__s2__2ebf3e023d,0.0162030495892784,0.0155911662179698,0.25,False,0.2276298682590113,0.002,0.016,markov,0.68,honeycomb_nnn,40,90,0.9,0.5690676409625031,0.3,0,0.42,0.08,180,0.370522870899552,0.0,20,1.174841369092568,3.4895884610164005e-18,0.2,fixed,ablation,0.0014102051146397,False,alpha_async,40,170,230,2,-1,1.0,0.6,0.6,80,0.0424355933321743,0,0,40,1.0,2,0,0.25,0.01,0.75,50.0,lesion,30.0,0.45,0.2,0.1,0.002,8.0,,52,280,0.4790906530957567,-0.3213425352239711,0.0,0.125,0.3006972865733203,honeycomb_nnn__ql__fixed__intr0__struct0__alpha_async__lesion__s2__3c8f83fe67,0.0067396750934584,-0.0002347481850435,0.25,0.2690615039856245,0.002,ql,40,90,0.9,0.5982816498606135,0.3,0.42,0.08,180,0.4239364882800758,20,0.9985276525588316,4.30416130931542e-18,0.2,ablation,0.0058457868004318,False,40,170,230,-1,1.0,80,0.0252391861219916,0,40,1.0,2,0,0.25,0.01,0.75,50.0,30.0,0.45,0.2,0.1,0.002,8.0,,0.02365631177659433,0.04143163572661321,0.0044355816857921,0.1763137165337365,0.24583724572273613
52,280,0.4554343413191624,0.5,-0.2598647859551332,0.0,0.125,0.0,honeycomb_nnn__markov__fixed__intr0__struct0__alpha_async__lesion__s2__2ba455e72d,0.0162030495892784,0.0155911662179698,0.25,True,0.2276298682590113,0.002,0.016,markov,0.68,honeycomb_nnn,40,90,0.9,0.5690676409625031,0.3,0,0.42,0.08,180,0.370522870899552,0.0,20,1.174841369092568,3.4895884610164005e-18,0.2,fixed,ablation,0.0014102051146397,False,alpha_async,40,170,230,2,-1,1.0,0.6,0.6,80,0.0424355933321743,0,0,40,1.0,2,0,0.25,0.01,0.75,50.0,lesion,30.0,0.45,0.2,0.1,0.002,8.0,,52,280,0.4554343413191625,-0.2598647859551332,0.0,0.125,0.0,honeycomb_nnn__ql__fixed__intr0__struct0__alpha_async__lesion__s2__7be85cb0cb,0.0162030495892786,0.0155911662179698,0.25,0.227629868259011,0.002,ql,40,90,0.9,0.5690676409625031,0.3,0.42,0.08,180,0.370522870899552,20,1.174841369092568,4.266017878738547e-18,0.2,ablation,0.00141020511464,False,40,170,230,-1,1.0,80,0.0424355933321738,0,40,1.0,2,0,0.25,0.01,0.75,50.0,30.0,0.45,0.2,0.1,0.002,8.0,,1.1102230246251565e-16,3.0531133177191805e-16,3.0010716134398763e-16,0.0,7.164407955784213e-16
52,280,0.4486752200814751,0.5,-0.2398820066997303,0.0,0.125,0.0,honeycomb_nnn__markov__fixed__intr0__struct0__alpha_async__lesion__s1__34c30ab7ce,0.0203201853143058,0.0095948139299957,0.25,False,0.2180835836624989,0.002,0.016,markov,0.68,honeycomb_nnn,40,90,0.9,0.5598516435742033,0.3,0,0.42,0.08,180,0.3610382095553419,0.3,20,1.220602662714909,4.136626012869551e-18,0.2,fixed,ablation,0.002098282467347,False,alpha_async,40,170,230,1,-1,1.0,0.6,0.6,80,0.039985796173252,0,0,40,1.0,2,0,0.25,0.01,0.75,50.0,lesion,30.0,0.45,0.2,0.1,0.002,8.0,,52,280,0.476634025899212,-0.3182526344745676,0.0,0.125,0.2981151461542117,honeycomb_nnn__ql__fixed__intr0__struct0__alpha_async__lesion__s1__532bf4fb9d,0.0118811361017746,-0.005185540653798,0.25,0.276985245961946,0.002,ql,40,90,0.9,0.5951890767737381,0.3,0.42,0.08,180,0.4205587610422148,20,0.998135055086942,4.462287855610161e-18,0.2,ablation,0.0099956598754846,False,40,170,230,-1,1.0,80,0.0332314621237611,0,40,1.0,2,0,0.25,0.01,0.75,50.0,30.0,0.45,0.2,0.1,0.002,8.0,,0.02795880581773691,0.05890166229944713,0.0078973774081376,0.2224676076279669,0.31722545315328854
52,280,0.4480157063973791,0.5,-0.2371889270798411,0.0,0.125,0.0,honeycomb_nnn__markov__fixed__intr0__struct0__alpha_async__lesion__s2__bf9df99f36,0.0212716909440244,0.0205323825137559,0.25,True,0.2145387961329108,0.002,0.016,markov,0.68,honeycomb_nnn,40,90,0.9,0.560053819936564,0.3,0,0.42,0.08,180,0.3608341666979473,0.3,20,1.226713517341702,4.15408306802009e-18,0.2,fixed,ablation,0.0033187751033693,False,alpha_async,40,170,230,2,-1,1.0,0.6,0.6,80,0.0465663018361063,0,0,40,1.0,2,0,0.25,0.01,0.75,50.0,lesion,30.0,0.45,0.2,0.1,0.002,8.0,,52,280,0.4480157063973791,-0.2371889270798411,0.0,0.125,0.0,honeycomb_nnn__ql__fixed__intr0__struct0__alpha_async__lesion__s2__ce72db5a4b,0.0212716909440242,0.0205323825137559,0.25,0.2145387961329113,0.002,ql,40,90,0.9,0.5600538199365638,0.3,0.42,0.08,180,0.3608341666979473,20,1.226713517341702,3.7166707475349264e-18,0.2,ablation,0.0033187751033692,False,40,170,230,-1,1.0,80,0.0465663018361066,0,40,1.0,2,0,0.25,0.01,0.75,50.0,30.0,0.45,0.2,0.1,0.002,8.0,,0.0,4.996003610813204e-16,1.0018028073766061e-16,0.0,5.997806418189811e-16
52,280,0.4059896748950947,0.5,-0.1874524051035947,0.0,0.125,0.0,honeycomb_nnn__markov__plastic__intr0__struct0__alpha_async__lesion__s1__ea34ec5b81,0.029731034198976,0.0109701944635953,0.25,False,0.5193827215622919,0.002,0.016,markov,0.68,honeycomb_nnn,40,90,0.9,0.4457746096088518,0.3,0,0.42,0.08,180,0.3291833797512932,0.0,20,1.2823904678444966,2.7279866804589884e-18,0.2,plastic,ablation,0.0081759832148271,False,alpha_async,40,170,230,1,-1,1.0,0.6,0.6,80,0.0566458973391627,0,0,40,1.0,2,0,0.25,0.01,0.75,50.0,lesion,30.0,0.45,0.2,0.1,0.002,8.0,,52,280,0.4296967710598525,-0.3034972427715461,0.0,0.125,0.2625696916538869,honeycomb_nnn__ql__plastic__intr0__struct0__alpha_async__lesion__s1__e0d5a4742f,0.0109093126664429,0.0204348572679129,0.25,0.5570663058813358,0.002,ql,40,90,0.9,0.4780313407730783,0.3,0.42,0.08,180,0.3851049497941432,20,1.0860262542532106,3.4393398169978998e-18,0.2,ablation,0.0118057044385651,False,40,170,230,-1,1.0,80,0.063084416281568,0,40,0.9999589086127548,2,0,0.25,0.01,0.75,50.0,30.0,0.45,0.2,0.1,0.002,8.0,,0.0237070961647578,0.03768358431904384,0.0036297212237379993,0.19636421359128597,0.2613846152988256
52,280,0.4032203185237383,0.5,-0.2027007926686602,0.0,0.125,0.0,honeycomb_nnn__markov__plastic__intr0__struct0__alpha_async__lesion__s2__6b74b37b1c,0.0133323381951168,0.0235359666715141,0.25,True,0.5250008590746953,0.002,0.016,markov,0.68,honeycomb_nnn,40,90,0.9,0.4464751774248361,0.3,0,0.42,0.08,180,0.3310563255080337,0.0,20,1.259769672181334,3.823529993977522e-18,0.2,plastic,ablation,-0.005372016448412,False,alpha_async,40,170,230,2,-1,1.0,0.6,0.6,80,0.0562501256247367,0,0,40,1.0,2,0,0.25,0.01,0.75,50.0,lesion,30.0,0.45,0.2,0.1,0.002,8.0,,52,280,0.4032203185237196,-0.2027007926687529,0.0,0.125,0.0,honeycomb_nnn__ql__plastic__intr0__struct0__alpha_async__lesion__s2__12676c1419,0.0133323381949936,0.0235359666714889,0.25,0.525000859074375,0.002,ql,40,90,0.9,0.446475177424887,0.3,0.42,0.08,180,0.3310563255080377,20,1.259769672181334,4.3845784983898334e-18,0.2,ablation,-0.0053720164488507,False,40,170,230,-1,1.0,80,0.0562501256250487,0,40,1.0,2,0,0.25,0.01,0.75,50.0,30.0,0.45,0.2,0.1,0.002,8.0,,1.8707257964933888e-14,3.2029934260435766e-13,4.3870029137194066e-13,0.0,7.777068919412322e-13
52,280,0.3758337492281632,0.5,-0.0912263734138172,0.0,0.125,0.0,honeycomb_nnn__markov__plastic__intr0__struct0__alpha_async__lesion__s2__32a6c68046,0.0424099217378852,0.0328485553201224,0.25,False,0.4899309254753723,0.002,0.016,markov,0.68,honeycomb_nnn,40,90,0.9,0.4107712729700561,0.3,0,0.42,0.08,180,0.3052782758667212,0.3,20,1.3700520999967616,3.81940504152312e-18,0.2,plastic,ablation,0.016387988509229,False,alpha_async,40,170,230,2,-1,1.0,0.6,0.6,80,0.0352006877119021,0,0,40,1.0,2,0,0.25,0.01,0.75,50.0,lesion,30.0,0.45,0.2,0.1,0.002,8.0,,52,280,0.4264679204015596,-0.297477270378703,0.0,0.125,0.2613387428049867,honeycomb_nnn__ql__plastic__intr0__struct0__alpha_async__lesion__s2__75dd1dc5fc,0.0089296690611568,0.0004036338754249,0.25,0.5675955353259643,0.002,ql,40,90,0.9,0.4684832976291157,0.3,0.42,0.08,180,0.3788899886350542,20,1.065318036637627,3.405237853616469e-18,0.2,ablation,0.0165225364341272,False,40,170,230,-1,1.0,80,0.0313272785315127,0,40,1.0,2,0,0.25,0.01,0.75,50.0,30.0,0.45,0.2,0.1,0.002,8.0,,0.050634171173396414,0.07766460985059198,0.00013454792489820191,0.30473406335913467,0.43316739230802126
52,280,0.3758337492281632,0.5,-0.0912263734138172,0.0,0.125,0.0,honeycomb_nnn__markov__plastic__intr0__struct0__alpha_async__lesion__s2__a2faa9dd2c,0.0424099217378852,0.0328485553201224,0.25,True,0.4899309254753723,0.002,0.016,markov,0.68,honeycomb_nnn,40,90,0.9,0.4107712729700561,0.3,0,0.42,0.08,180,0.3052782758667212,0.3,20,1.3700520999967616,3.81940504152312e-18,0.2,plastic,ablation,0.016387988509229,False,alpha_async,40,170,230,2,-1,1.0,0.6,0.6,80,0.0352006877119021,0,0,40,1.0,2,0,0.25,0.01,0.75,50.0,lesion,30.0,0.45,0.2,0.1,0.002,8.0,,52,280,0.3758337492282173,-0.0912263734138967,0.0,0.125,0.0,honeycomb_nnn__ql__plastic__intr0__struct0__alpha_async__lesion__s2__4c74b1e7e5,0.0424099217378522,0.0328485553201207,0.25,0.4899309254754105,0.002,ql,40,90,0.9,0.4107712729700599,0.3,0.42,0.08,180,0.3052782758667468,20,1.3700520999967616,4.279361028515093e-18,0.2,ablation,0.0163879885091952,False,40,170,230,-1,1.0,80,0.0352006877119344,0,40,1.0,2,0,0.25,0.01,0.75,50.0,30.0,0.45,0.2,0.1,0.002,8.0,,5.4067861299245124e-14,3.8191672047105385e-14,3.379935220593211e-14,0.0,1.2605888555228262e-13
52,280,0.1915726384780542,0.5,0.302913678887136,0.0,0.125,0.0,honeycomb_nnn__markov__fixed__intr0__struct0__alpha_async__order_ab__s1__71aec48cfd,0.2538108821820038,0.2221639108975706,0.25,False,0.2033048538199398,0.002,0.016,markov,0.68,honeycomb_nnn,40,90,0.9,0.20928449411367,0.3,0,0.42,0.08,180,0.1535929275427845,0.0,20,1.317613291419118,5.4328063094359504e-18,0.2,fixed,ablation,,False,alpha_async,40,170,230,1,-1,1.0,0.6,0.6,80,0.0710276544541532,0,0,40,1.0,2,0,0.25,0.01,0.75,50.0,order_ab,30.0,0.45,0.2,0.1,0.002,8.0,-0.0316469712844331,52,280,0.3374458384516921,0.018545488742278,0.0,0.125,0.3654306639946347,honeycomb_nnn__ql__fixed__intr0__struct0__alpha_async__order_ab__s1__112502211d,0.1203978500376879,0.1168852047404318,0.25,0.4812466076239464,0.002,ql,40,90,0.9,0.3266399625852509,0.3,0.42,0.08,180,0.2654891500442977,20,1.3702082125554338,4.023315258421944e-18,0.2,ablation,,False,40,170,230,-1,1.0,80,0.0496658464121284,0,40,1.0,2,0,0.25,0.01,0.75,50.0,30.0,0.45,0.2,0.1,0.002,8.0,-0.0035126452972561,0.14587319997363793,0.2779417538040066,0.0,0.0525949211363157,0.47640987491396025
52,280,0.1915726384780542,0.5,0.302913678887136,0.0,0.125,0.0,honeycomb_nnn__markov__fixed__intr0__struct0__alpha_async__order_ab__s1__4b7bacfa9a,0.2538108821820038,0.2221639108975706,0.25,True,0.2033048538199398,0.002,0.016,markov,0.68,honeycomb_nnn,40,90,0.9,0.20928449411367,0.3,0,0.42,0.08,180,0.1535929275427845,0.0,20,1.317613291419118,5.4328063094359504e-18,0.2,fixed,ablation,,False,alpha_async,40,170,230,1,-1,1.0,0.6,0.6,80,0.0710276544541532,0,0,40,1.0,2,0,0.25,0.01,0.75,50.0,order_ab,30.0,0.45,0.2,0.1,0.002,8.0,-0.0316469712844331,52,280,0.1915726384780542,0.3029136788871359,0.0,0.125,0.0,honeycomb_nnn__ql__fixed__intr0__struct0__alpha_async__order_ab__s1__ee6d4bc7d9,0.2538108821820038,0.2221639108975706,0.25,0.2033048538199396,0.002,ql,40,90,0.9,0.2092844941136701,0.3,0.42,0.08,180,0.1535929275427845,20,1.317613291419118,6.551024239433165e-18,0.2,ablation,,False,40,170,230,-1,1.0,80,0.0710276544541532,0,40,1.0,2,0,0.25,0.01,0.75,50.0,30.0,0.45,0.2,0.1,0.002,8.0,-0.0316469712844332,0.0,1.942890293094024e-16,0.0,0.0,1.942890293094024e-16
52,280,0.1767190994993321,0.5,0.3141034170206027,0.0,0.125,0.0,honeycomb_nnn__markov__fixed__intr0__struct0__alpha_async__order_ab__s1__023c958c19,0.2699660407471964,0.2385637330413011,0.25,False,0.1787848726720338,0.002,0.016,markov,0.68,honeycomb_nnn,40,90,0.9,0.1956311706307415,0.3,0,0.42,0.08,180,0.1446170335999219,0.3,20,1.2769886503320382,5.494636260026232e-18,0.2,fixed,ablation,,False,alpha_async,40,170,230,1,-1,1.0,0.6,0.6,80,0.0748116160054802,0,0,40,1.0,2,0,0.25,0.01,0.75,50.0,order_ab,30.0,0.45,0.2,0.1,0.002,8.0,-0.0314023077058952,52,280,0.3308617532393535,0.033154139233404,0.0,0.125,0.3700731314043328,honeycomb_nnn__ql__fixed__intr0__struct0__alpha_async__order_ab__s1__0f7a49458c,0.1338285941626057,0.1293643345346519,0.25,0.4806531537963323,0.002,ql,40,90,0.9,0.3172306533511956,0.3,0.42,0.08,180,0.2609675452676734,20,1.3847636524556517,3.6379498637662315e-18,0.2,ablation,,False,40,170,230,-1,1.0,80,0.0468580610402175,0,40,1.0,2,0,0.25,0.01,0.75,50.0,30.0,0.45,0.2,0.1,0.002,8.0,-0.0044642596279538,0.15414265374002142,0.3018682811242985,0.0,0.10777500212361346,0.5637859369879333
52,280,0.1847312399716758,0.5,0.2961729572028284,0.0,0.125,0.0,honeycomb_nnn__markov__fixed__intr0__struct0__alpha_async__order_ab__s2__9d45b8c69e,0.2583739863280352,0.2346893001845027,0.25,True,0.1724643410434841,0.002,0.016,markov,0.68,honeycomb_nnn,40,90,0.9,0.2045792494875541,0.3,0,0.42,0.08,180,0.1480988685702852,0.3,20,1.3011871153932173,5.211694556159299e-18,0.2,fixed,ablation,,False,alpha_async,40,170,230,2,-1,1.0,0.6,0.6,80,0.0703041949615012,0,0,40,1.0,2,0,0.25,0.01,0.75,50.0,order_ab,30.0,0.45,0.2,0.1,0.002,8.0,-0.0236846861435325,52,280,0.1847312399716758,0.2961729572028285,0.0,0.125,0.0,honeycomb_nnn__ql__fixed__intr0__struct0__alpha_async__order_ab__s2__1316cf1fc6,0.2583739863280352,0.2346893001845027,0.25,0.1724643410434842,0.002,ql,40,90,0.9,0.204579249487554,0.3,0.42,0.08,180,0.1480988685702852,20,1.3011871153932173,5.895483995437913e-18,0.2,ablation,,False,40,170,230,-1,1.0,80,0.0703041949615012,0,40,1.0,2,0,0.25,0.01,0.75,50.0,30.0,0.45,0.2,0.1,0.002,8.0,-0.0236846861435324,0.0,1.1102230246251565e-16,0.0,0.0,1.1102230246251565e-16
52,280,0.1541228285684545,0.5,0.3907919415229616,0.0,0.125,0.0,honeycomb_nnn__markov__plastic__intr0__struct0__alpha_async__order_ab__s1__608ccc9947,0.2719081298441475,0.2593891993903967,0.25,False,0.2216979507778677,0.002,0.016,markov,0.68,honeycomb_nnn,40,90,0.9,0.1595388381348469,0.3,0,0.42,0.08,180,0.1295516225666441,0.0,20,1.1905837650313102,6.68948145338299e-18,0.2,plastic,ablation,,False,alpha_async,40,170,230,1,-1,1.0,0.6,0.6,80,0.0738934853451144,0,0,40,0.9999178172255097,2,0,0.25,0.01,0.75,50.0,order_ab,30.0,0.45,0.2,0.1,0.002,8.0,-0.0125189304537508,52,280,0.3064472384322378,0.0987362344400726,0.0,0.125,0.3718319718197669,honeycomb_nnn__ql__plastic__intr0__struct0__alpha_async__order_ab__s1__0e8952f82f,0.1255111490777051,0.1224552951253006,0.25,0.5530621991349564,0.002,ql,40,90,0.9,0.2741051627237537,0.3,0.42,0.08,180,0.2459265212899416,20,1.373691785824296,4.306073792285529e-18,0.2,ablation,,False,40,170,230,-1,1.0,80,0.0529867815462435,0,40,0.9999178172255097,2,0,0.25,0.01,0.75,50.0,30.0,0.45,0.2,0.1,0.002,8.0,-0.0030558539524044,0.15232440986378332,0.33136424835708866,0.0,0.18310802079298583,0.6667966790138578
52,280,0.1541228285684545,0.5,0.3907919415229616,0.0,0.125,0.0,honeycomb_nnn__markov__plastic__intr0__struct0__alpha_async__order_ab__s1__5b0883fb60,0.2719081298441475,0.2593891993903967,0.25,True,0.2216979507778677,0.002,0.016,markov,0.68,honeycomb_nnn,40,90,0.9,0.1595388381348469,0.3,0,0.42,0.08,180,0.1295516225666441,0.0,20,1.1905837650313102,6.68948145338299e-18,0.2,plastic,ablation,,False,alpha_async,40,170,230,1,-1,1.0,0.6,0.6,80,0.0738934853451144,0,0,40,0.9999178172255097,2,0,0.25,0.01,0.75,50.0,order_ab,30.0,0.45,0.2,0.1,0.002,8.0,-0.0125189304537508,52,280,0.1541228285684551,0.3907919415229577,0.0,0.125,0.0,honeycomb_nnn__ql__plastic__intr0__struct0__alpha_async__order_ab__s1__eb9137f94b,0.271908129844143,0.2593891993903917,0.25,0.2216979507778651,0.002,ql,40,90,0.9,0.1595388381348493,0.3,0.42,0.08,180,0.1295516225666441,20,1.1905837650313102,6.064698134547833e-18,0.2,ablation,,False,40,170,230,-1,1.0,80,0.0738934853451145,0,40,0.9999178172255097,2,0,0.25,0.01,0.75,50.0,30.0,0.45,0.2,0.1,0.002,8.0,-0.0125189304537512,6.106226635438361e-16,2.581268532253489e-15,0.0,0.0,3.191891195797325e-15
52,280,0.1566927745469693,0.5,0.3899274273491162,0.0,0.125,0.0,honeycomb_nnn__markov__plastic__intr0__struct0__alpha_async__order_ab__s1__11c884b5b8,0.2828038334327764,0.2570874429422069,0.25,False,0.224373951470771,0.002,0.016,markov,0.68,honeycomb_nnn,40,90,0.9,0.1611538142962003,0.3,0,0.42,0.08,180,0.1302829332536567,0.3,20,1.203617190582939,4.703064615782265e-18,0.2,plastic,ablation,,False,alpha_async,40,170,230,1,-1,1.0,0.6,0.6,80,0.0871280702518594,0,0,40,1.0,2,0,0.25,0.01,0.75,50.0,order_ab,30.0,0.45,0.2,0.1,0.002,8.0,-0.0257163904905695,52,280,0.3033604030516286,0.1049695323070728,0.0,0.125,0.3752799143696135,honeycomb_nnn__ql__plastic__intr0__struct0__alpha_async__order_ab__s1__ef2f853277,0.1251797887679886,0.1239639634270062,0.25,0.5467491707441827,0.002,ql,40,90,0.9,0.2710308833712207,0.3,0.42,0.08,180,0.2429956692504357,20,1.38405168846658,5.2544794211472e-18,0.2,ablation,,False,40,170,230,-1,1.0,80,0.0595856147197502,0,40,0.9998767258382644,2,0,0.25,0.01,0.75,50.0,30.0,0.45,0.2,0.1,0.002,8.0,-0.0012158253409824,0.14666762850465928,0.32237521927341173,0.0,0.1804344978836412,0.6494773456617122
52,280,0.1581281573943522,0.5,0.3738966053505109,0.0,0.125,0.0,honeycomb_nnn__markov__plastic__intr0__struct0__alpha_async__order_ab__s2__dbe4f11aa3,0.2823723282315051,0.2540461427298899,0.25,True,0.2149009352707983,0.002,0.016,markov,0.68,honeycomb_nnn,40,90,0.9,0.1663471374423609,0.3,0,0.42,0.08,180,0.1309426014548336,0.3,20,1.2103524400390773,5.9760614247692695e-18,0.2,plastic,ablation,,False,alpha_async,40,170,230,2,-1,1.0,0.6,0.6,80,0.0831614099193528,0,0,40,0.9999589086127548,2,0,0.25,0.01,0.75,50.0,order_ab,30.0,0.45,0.2,0.1,0.002,8.0,-0.0283261855016151,52,280,0.1581281573943511,0.3738966053505168,0.0,0.125,0.0,honeycomb_nnn__ql__plastic__intr0__struct0__alpha_async__order_ab__s2__3ad60147eb,0.2823723282315103,0.2540461427298909,0.25,0.2149009352707925,0.002,ql,40,90,0.9,0.1663471374423589,0.3,0.42,0.08,180,0.1309426014548319,20,1.2103524400390773,4.732128808148718e-18,0.2,ablation,,False,40,170,230,-1,1.0,80,0.0831614099193513,0,40,0.9999589086127548,2,0,0.25,0.01,0.75,50.0,30.0,0.45,0.2,0.1,0.002,8.0,-0.0283261855016194,1.1102230246251565e-15,5.800915303666443e-15,0.0,0.0,6.9111383282915995e-15
52,280,0.1976663197905476,0.5,0.2879150379738739,0.0,0.125,0.0,honeycomb_nnn__markov__fixed__intr0__struct0__alpha_async__order_ba__s2__14c0e5cfb0,0.2467954905186467,0.2300493564542365,0.25,False,0.1971128844184018,0.002,0.016,markov,0.68,honeycomb_nnn,40,90,0.9,0.2178609730601834,0.3,0,0.42,0.08,180,0.1578852780882602,0.0,20,1.342449232628434,8.085541810112316e-18,0.2,fixed,ablation,,False,alpha_async,40,170,230,2,-1,1.0,0.6,0.6,80,0.0872315075211243,0,0,40,1.0,2,0,0.25,0.01,0.75,50.0,order_ba,30.0,0.45,0.2,0.1,0.002,8.0,-0.0167461340644101,52,280,0.3181082132672386,0.0532710151099282,0.0,0.125,0.3767858912681809,honeycomb_nnn__ql__fixed__intr0__struct0__alpha_async__order_ba__s2__15b9724113,0.1377686826996689,0.1215145391583157,0.25,0.4724130651903657,0.002,ql,40,90,0.9,0.3053931837952126,0.3,0.42,0.08,180,0.2585255009409017,20,1.4138320777597269,4.284770996604242e-18,0.2,ablation,,False,40,170,230,-1,1.0,80,0.0517354510266437,0,40,1.0,2,0,0.25,0.01,0.75,50.0,30.0,0.45,0.2,0.1,0.002,8.0,-0.0162541435413531,0.12044189347669099,0.2753001807719639,0.0,0.07138284513129278,0.46712491937994766
52,280,0.1976663197905476,0.5,0.2879150379738739,0.0,0.125,0.0,honeycomb_nnn__markov__fixed__intr0__struct0__alpha_async__order_ba__s2__a4e1977a7a,0.2467954905186467,0.2300493564542365,0.25,True,0.1971128844184018,0.002,0.016,markov,0.68,honeycomb_nnn,40,90,0.9,0.2178609730601834,0.3,0,0.42,0.08,180,0.1578852780882602,0.0,20,1.342449232628434,8.085541810112316e-18,0.2,fixed,ablation,,False,alpha_async,40,170,230,2,-1,1.0,0.6,0.6,80,0.0872315075211243,0,0,40,1.0,2,0,0.25,0.01,0.75,50.0,order_ba,30.0,0.45,0.2,0.1,0.002,8.0,-0.0167461340644101,52,280,0.1976663197905476,0.2879150379738739,0.0,0.125,0.0,honeycomb_nnn__ql__fixed__intr0__struct0__alpha_async__order_ba__s2__2319523546,0.2467954905186466,0.2300493564542365,0.25,0.1971128844184016,0.002,ql,40,90,0.9,0.2178609730601834,0.3,0.42,0.08,180,0.1578852780882602,20,1.342449232628434,7.026496193054426e-18,0.2,ablation,,False,40,170,230,-1,1.0,80,0.0872315075211243,0,40,1.0,2,0,0.25,0.01,0.75,50.0,30.0,0.45,0.2,0.1,0.002,8.0,-0.01674613406441,0.0,1.942890293094024e-16,0.0,0.0,1.942890293094024e-16
52,280,0.188235937175213,0.5,0.2978937770410934,0.0,0.125,0.0,honeycomb_nnn__markov__fixed__intr0__struct0__alpha_async__order_ba__s1__fe470e32a0,0.2575670118730425,0.2349914006569424,0.25,False,0.1881326824746641,0.002,0.016,markov,0.68,honeycomb_nnn,40,90,0.9,0.2078098215562005,0.3,0,0.42,0.08,180,0.153877206622347,0.3,20,1.3250063899241509,3.878615313632374e-18,0.2,fixed,ablation,,False,alpha_async,40,170,230,1,-1,1.0,0.6,0.6,80,0.0794117793186975,0,0,40,1.0,2,0,0.25,0.01,0.75,50.0,order_ba,30.0,0.45,0.2,0.1,0.002,8.0,-0.0225756112161,52,280,0.313248387848544,0.0657473541952932,0.0,0.125,0.3850120033764843,honeycomb_nnn__ql__fixed__intr0__struct0__alpha_async__order_ba__s1__8140e381b4,0.1598234347988041,0.1356796980466,0.25,0.4659364116162336,0.002,ql,40,90,0.9,0.2986011164535574,0.3,0.42,0.08,180,0.2527532672905032,20,1.426819218236396,6.7573430414367564e-18,0.2,ablation,,False,40,170,230,-1,1.0,80,0.054201638562269,0,40,1.0,2,0,0.25,0.01,0.75,50.0,30.0,0.45,0.2,0.1,0.002,8.0,-0.0241437367522041,0.12501245067333097,0.2778037291415695,0.0,0.10181282831224503,0.5046290081271455
52,280,0.1889244582569534,0.5,0.3029040442812163,0.0,0.125,0.0,honeycomb_nnn__markov__fixed__intr0__struct0__alpha_async__order_ba__s2__073ca84659,0.2599062107316386,0.2492410782793713,0.25,True,0.1914758749154875,0.002,0.016,markov,0.68,honeycomb_nnn,40,90,0.9,0.2069585748330795,0.3,0,0.42,0.08,180,0.1524383430766628,0.3,20,1.320395390560084,4.428350004691988e-18,0.2,fixed,ablation,,False,alpha_async,40,170,230,2,-1,1.0,0.6,0.6,80,0.0869947592539393,0,0,40,1.0,2,0,0.25,0.01,0.75,50.0,order_ba,30.0,0.45,0.2,0.1,0.002,8.0,-0.0106651324522673,52,280,0.1889244582569534,0.302904044281216,0.0,0.125,0.0,honeycomb_nnn__ql__fixed__intr0__struct0__alpha_async__order_ba__s2__e81d6c7068,0.2599062107316386,0.2492410782793712,0.25,0.1914758749154872,0.002,ql,40,90,0.9,0.2069585748330796,0.3,0.42,0.08,180,0.1524383430766628,20,1.320395390560084,4.048457211346415e-18,0.2,ablation,,False,40,170,230,-1,1.0,80,0.0869947592539392,0,40,1.0,2,0,0.25,0.01,0.75,50.0,30.0,0.45,0.2,0.1,0.002,8.0,-0.0106651324522673,0.0,3.0531133177191805e-16,0.0,0.0,3.0531133177191805e-16
52,280,0.1835025522799002,0.5,0.3503519722721611,0.0,0.125,0.0,honeycomb_nnn__markov__plastic__intr0__struct0__alpha_async__order_ba__s1__ba9d9705e5,0.2347893319056186,0.2100054254074408,0.25,False,0.2576704294064487,0.002,0.016,markov,0.68,honeycomb_nnn,40,90,0.9,0.1906157397474143,0.3,0,0.42,0.08,180,0.1495840839662006,0.0,20,1.3002924998193326,5.975734180201863e-18,0.2,plastic,ablation,,False,alpha_async,40,170,230,1,-1,1.0,0.6,0.6,80,0.082956135671238,0,0,40,1.0,2,0,0.25,0.01,0.75,50.0,order_ba,30.0,0.45,0.2,0.1,0.002,8.0,-0.0247839064981777,52,280,0.3064290284509534,0.0869832083261312,0.0,0.125,0.3705261421554725,honeycomb_nnn__ql__plastic__intr0__struct0__alpha_async__order_ba__s1__e2442bcde8,0.1231134787756174,0.1077899570696209,0.25,0.5426237423350088,0.002,ql,40,90,0.9,0.2764868729845011,0.3,0.42,0.08,180,0.2480785481205369,20,1.4003050467869882,5.492622294616619e-18,0.2,ablation,,False,40,170,230,-1,1.0,80,0.0578896223061602,0,40,0.9999178172255097,2,0,0.25,0.01,0.75,50.0,30.0,0.45,0.2,0.1,0.002,8.0,-0.0153235217059965,0.12292647617105318,0.2849533129285601,0.0,0.1000125469676556,0.5078923360672689
52,280,0.1872503054508487,0.5,0.348149884605382,0.0,0.125,0.0,honeycomb_nnn__markov__plastic__intr0__struct0__alpha_async__order_ba__s2__15bf543628,0.240828811293892,0.2155562187042239,0.25,True,0.2615792758685508,0.002,0.016,markov,0.68,honeycomb_nnn,40,90,0.9,0.1923050652469724,0.3,0,0.42,0.08,180,0.149813293881425,0.0,20,1.3111352342473348,6.0700087254932795e-18,0.2,plastic,ablation,,False,alpha_async,40,170,230,2,-1,1.0,0.6,0.6,80,0.0870376171994663,0,0,40,1.0,2,0,0.25,0.01,0.75,50.0,order_ba,30.0,0.45,0.2,0.1,0.002,8.0,-0.0252725925896681,52,280,0.1872503054508487,0.3481498846053992,0.0,0.125,0.0,honeycomb_nnn__ql__plastic__intr0__struct0__alpha_async__order_ba__s2__37a15a8c2a,0.2408288112938915,0.2155562187042273,0.25,0.2615792758685577,0.002,ql,40,90,0.9,0.1923050652469675,0.3,0.42,0.08,180,0.1498132938814244,20,1.3111352342473348,5.805528910473617e-18,0.2,ablation,,False,40,170,230,-1,1.0,80,0.087037617199468,0,40,1.0,2,0,0.25,0.01,0.75,50.0,30.0,0.45,0.2,0.1,0.002,8.0,-0.0252725925896641,0.0,6.938893903907228e-15,0.0,0.0,6.938893903907228e-15
52,280,0.1739477610370309,0.5,0.3534634898815695,0.0,0.125,0.0,honeycomb_nnn__markov__plastic__intr0__struct0__alpha_async__order_ba__s1__75e9265ee8,0.2433687868555535,0.2287278683983584,0.25,False,0.2358925486814151,0.002,0.016,markov,0.68,honeycomb_nnn,40,90,0.9,0.1838408003325096,0.3,0,0.42,0.08,180,0.1423233931598154,0.3,20,1.2670932657056315,5.521351780867797e-18,0.2,plastic,ablation,,False,alpha_async,40,170,230,1,-1,1.0,0.6,0.6,80,0.0899534854579595,0,0,40,1.0,2,0,0.25,0.01,0.75,50.0,order_ba,30.0,0.45,0.2,0.1,0.002,8.0,-0.014640918457195,52,280,0.2972714489661273,0.1036175309710612,0.0,0.125,0.3786036187780158,honeycomb_nnn__ql__plastic__intr0__struct0__alpha_async__order_ba__s1__58415ba5ed,0.1342155682781591,0.1229688936623678,0.25,0.5398330628238125,0.002,ql,40,90,0.9,0.2658909993138441,0.3,0.42,0.08,180,0.2418214675594335,20,1.3935085665668894,4.356585624872349e-18,0.2,ablation,,False,40,170,230,-1,1.0,80,0.0604653429755708,0,40,0.9998767258382644,2,0,0.25,0.01,0.75,50.0,30.0,0.45,0.2,0.1,0.002,8.0,-0.0112466746157912,0.12332368792909637,0.3039405141423974,0.0,0.12641530086125785,0.5536795029327517
52,280,0.1739477610370309,0.5,0.3534634898815695,0.0,0.125,0.0,honeycomb_nnn__markov__plastic__intr0__struct0__alpha_async__order_ba__s1__47e6a967ad,0.2433687868555535,0.2287278683983584,0.25,True,0.2358925486814151,0.002,0.016,markov,0.68,honeycomb_nnn,40,90,0.9,0.1838408003325096,0.3,0,0.42,0.08,180,0.1423233931598154,0.3,20,1.2670932657056315,5.521351780867797e-18,0.2,plastic,ablation,,False,alpha_async,40,170,230,1,-1,1.0,0.6,0.6,80,0.0899534854579595,0,0,40,1.0,2,0,0.25,0.01,0.75,50.0,order_ba,30.0,0.45,0.2,0.1,0.002,8.0,-0.014640918457195,52,280,0.1739477610370311,0.3534634898815649,0.0,0.125,0.0,honeycomb_nnn__ql__plastic__intr0__struct0__alpha_async__order_ba__s1__31c5af0d49,0.243368786855552,0.2287278683983599,0.25,0.235892548681413,0.002,ql,40,90,0.9,0.1838408003325115,0.3,0.42,0.08,180,0.1423233931598155,20,1.2670932657056315,6.4336068171962654e-18,0.2,ablation,,False,40,170,230,-1,1.0,80,0.0899534854579589,0,40,1.0,2,0,0.25,0.01,0.75,50.0,30.0,0.45,0.2,0.1,0.002,8.0,-0.0146409184571921,1.942890293094024e-16,2.1094237467877974e-15,0.0,0.0,2.3037127760972e-15
52,280,0.3552804181890011,0.5,-0.0603632099747418,0.0,0.125,0.0,square_moore__markov__fixed__intr0__struct0__alpha_async__lesion__s2__df09ba2259,0.0411115297826056,0.0487097612490393,0.25,False,0.5381037402387757,0.002,0.016,markov,0.68,square_moore,40,90,0.9,0.3697977344413903,0.3,0,0.42,0.08,180,0.2867967866777789,0.0,20,1.509754852449225,5.504528927380836e-18,0.2,fixed,ablation,0.0185977868542837,False,alpha_async,40,170,230,2,-1,1.0,0.6,0.6,80,0.0402950026185302,0,0,40,1.0,2,0,0.25,0.01,0.75,50.0,lesion,30.0,0.45,0.2,0.1,0.002,8.0,,52,280,0.4194892883816052,-0.32482819790207,0.0,0.125,0.3065784805954637,square_moore__ql__fixed__intr0__struct0__alpha_async__lesion__s2__d64e8abc93,-0.0029014779850146,0.0061808464207763,0.25,0.6424123920264613,0.002,ql,40,90,0.9,0.4318820736878156,0.3,0.42,0.08,180,0.3678406960965683,20,1.35525627544754,4.831723118810782e-18,0.2,ablation,0.0007310502468439,False,40,170,230,-1,1.0,80,0.104337116059035,0,40,1.0,2,0,0.25,0.01,0.75,50.0,30.0,0.45,0.2,0.1,0.002,8.0,,0.06420887019260413,0.10430865178768556,0.0178667366074398,0.15449857700168512,0.3408828355894146
52,280,0.3565446927584006,0.5,-0.0407424425271189,0.0,0.125,0.0,square_moore__markov__fixed__intr0__struct0__alpha_async__lesion__s1__526c553329,0.0477709954521416,0.045313840213152,0.25,True,0.5387281663485289,0.002,0.016,markov,0.68,square_moore,40,90,0.9,0.36455589842999,0.3,0,0.42,0.08,180,0.2858569113606717,0.0,20,1.5187411272849802,4.868664753909334e-18,0.2,fixed,ablation,0.0196091877806586,False,alpha_async,40,170,230,1,-1,1.0,0.6,0.6,80,0.0879436721932647,0,0,40,1.0,2,0,0.25,0.01,0.75,50.0,lesion,30.0,0.45,0.2,0.1,0.002,8.0,,52,280,0.356544692757002,-0.0407424425353646,0.0,0.125,0.0,square_moore__ql__fixed__intr0__struct0__alpha_async__lesion__s1__792d0be6df,0.0477709954626401,0.0453138402125411,0.25,0.5387281663454265,0.002,ql,40,90,0.9,0.3645558984329679,0.3,0.42,0.08,180,0.2858569113602562,20,1.5187411272849802,5.334601076658832e-18,0.2,ablation,0.019609187814401,False,40,170,230,-1,1.0,80,0.0879436722018733,0,40,1.0,2,0,0.25,0.01,0.75,50.0,30.0,0.45,0.2,0.1,0.002,8.0,,1.398603455271541e-12,3.1024072200125374e-12,3.374240123421579e-11,0.0,3.824341190949987e-11
52,280,0.3340230695813515,0.5,0.0321623461099219,0.0,0.125,0.0,square_moore__markov__fixed__intr0__struct0__alpha_async__lesion__s2__19ea60b1cd,0.0662489621628373,0.0643298891728857,0.25,False,0.4943723413129834,0.002,0.016,markov,0.68,square_moore,40,90,0.9,0.3464692484698559,0.3,0,0.42,0.08,180,0.2652805194614865,0.3,20,1.5364981611363924,4.124571794252264e-18,0.2,fixed,ablation,0.0432768224970846,False,alpha_async,40,170,230,2,-1,1.0,0.6,0.6,80,0.0452497634138897,0,0,40,1.0,2,0,0.25,0.01,0.75,50.0,lesion,30.0,0.45,0.2,0.1,0.002,8.0,,52,280,0.4132417248616751,-0.3095389327416523,0.0,0.125,0.3119161981852291,square_moore__ql__fixed__intr0__struct0__alpha_async__lesion__s2__195bc0f7e7,0.0159006335112603,0.0097857028013368,0.25,0.6483115031326866,0.002,ql,40,90,0.9,0.4208590688332193,0.3,0.42,0.08,180,0.3625114680785908,20,1.357709642185147,3.7912994546242395e-18,0.2,ablation,0.0068987885435036,False,40,170,230,-1,1.0,80,0.065171479178067,0,40,1.0,2,0,0.25,0.01,0.75,50.0,30.0,0.45,0.2,0.1,0.002,8.0,,0.07921865528032362,0.15393916181970319,0.036378033953581,0.17878851895124548,0.4483243700048533
52,280,0.3341980726745858,0.5,0.0069258928147417,0.0,0.125,0.0,square_moore__markov__fixed__intr0__struct0__alpha_async__lesion__s1__648e469828,0.069979679043441,0.0651243529626886,0.25,True,0.4976483282873318,0.002,0.016,markov,0.68,square_moore,40,90,0.9,0.3523838121694944,0.3,0,0.42,0.08,180,0.2693484201084669,0.3,20,1.5429847606512448,4.8714990368306834e-18,0.2,fixed,ablation,0.0553579080502316,False,alpha_async,40,170,230,1,-1,1.0,0.6,0.6,80,0.0444083718379472,0,0,40,1.0,2,0,0.25,0.01,0.75,50.0,lesion,30.0,0.45,0.2,0.1,0.002,8.0,,52,280,0.3341980724566947,0.0069258907989337,0.0,0.125,0.0,square_moore__ql__fixed__intr0__struct0__alpha_async__lesion__s1__0f4a533280,0.0699796777164064,0.0651243519327864,0.25,0.4976483273359931,0.002,ql,40,90,0.9,0.3523838132939421,0.3,0.42,0.08,180,0.2693484201775933,20,1.5429847606512448,3.2776862349613838e-18,0.2,ablation,0.0553579046023225,False,40,170,230,-1,1.0,80,0.0444083740218154,0,40,1.0,2,0,0.25,0.01,0.75,50.0,30.0,0.45,0.2,0.1,0.002,8.0,,2.178910940564549e-10,9.51338674504143e-10,3.4479091040595655e-09,0.0,4.6171388726201634e-09
52,280,0.3586375842720598,0.5,-0.1460645013588218,0.0,0.125,0.0,square_moore__markov__plastic__intr0__struct0__alpha_async__lesion__s2__fa9ab8d8d4,0.0338139124628726,0.0256491148029607,0.25,False,0.4729970448714115,0.002,0.016,markov,0.68,square_moore,40,90,0.9,0.4197535436430015,0.3,0,0.42,0.08,180,0.2880953458931197,0.0,20,1.5698045860812038,4.676636321228756e-18,0.2,plastic,ablation,0.0096901754298252,False,alpha_async,40,170,230,2,-1,1.0,0.6,0.6,80,0.0604714862572247,0,0,40,1.0,2,0,0.25,0.01,0.75,50.0,lesion,30.0,0.45,0.2,0.1,0.002,8.0,,52,280,0.4163817752619079,-0.377105718985047,0.0,0.125,0.2959028254592671,square_moore__ql__plastic__intr0__struct0__alpha_async__lesion__s2__3c877115aa,0.0059318504696562,-0.0119602773452741,0.25,0.5494564065296849,0.002,ql,40,90,0.9,0.4933456066353586,0.3,0.42,0.08,180,0.3666358971644975,20,1.5017599421059618,3.5580949420784894e-18,0.2,ablation,0.0112080322030475,False,40,170,230,-1,1.0,80,0.0451735106580082,0,40,1.0,2,0,0.25,0.01,0.75,50.0,30.0,0.45,0.2,0.1,0.002,8.0,,0.05774419098984812,0.07645936165827338,0.0015178567732223001,0.06804464397524201,0.20376605339658582
52,280,0.3586375842720598,0.5,-0.1460645013588218,0.0,0.125,0.0,square_moore__markov__plastic__intr0__struct0__alpha_async__lesion__s2__70297182a0,0.0338139124628726,0.0256491148029607,0.25,True,0.4729970448714115,0.002,0.016,markov,0.68,square_moore,40,90,0.9,0.4197535436430015,0.3,0,0.42,0.08,180,0.2880953458931197,0.0,20,1.5698045860812038,4.676636321228756e-18,0.2,plastic,ablation,0.0096901754298252,False,alpha_async,40,170,230,2,-1,1.0,0.6,0.6,80,0.0604714862572247,0,0,40,1.0,2,0,0.25,0.01,0.75,50.0,lesion,30.0,0.45,0.2,0.1,0.002,8.0,,52,280,0.3586375839860354,-0.1460645008685077,0.0,0.125,0.0,square_moore__ql__plastic__intr0__struct0__alpha_async__lesion__s2__42e549a45a,0.0338139126563689,0.0256491147243977,0.25,0.4729970440502158,0.002,ql,40,90,0.9,0.4197535437675965,0.3,0.42,0.08,180,0.2880953458687281,20,1.5698045860812038,3.4274203333332266e-18,0.2,ablation,0.0096901761075982,False,40,170,230,-1,1.0,80,0.0604714874107504,0,40,1.0,2,0,0.25,0.01,0.75,50.0,30.0,0.45,0.2,0.1,0.002,8.0,,2.8602437085467614e-10,8.21195667022323e-10,6.77772999183035e-10,0.0,1.7849930370600342e-09
52,280,0.3345724651836679,0.5,-0.0687212261849081,0.0,0.125,0.0,square_moore__markov__plastic__intr0__struct0__alpha_async__lesion__s1__f0ab392a97,0.0547392747917422,0.0452856256255925,0.25,False,0.4429131969558944,0.002,0.016,markov,0.68,square_moore,40,90,0.9,0.3878200409507124,0.3,0,0.42,0.08,180,0.2669004758238708,0.3,20,1.558639117501537,4.913975224005387e-18,0.2,plastic,ablation,0.0268627457495202,False,alpha_async,40,170,230,1,-1,1.0,0.6,0.6,80,0.081274553550159,0,0,40,1.0,2,0,0.25,0.01,0.75,50.0,lesion,30.0,0.45,0.2,0.1,0.002,8.0,,52,280,0.4104903287588723,-0.3653327343255219,0.0,0.125,0.2975422129451368,square_moore__ql__plastic__intr0__struct0__alpha_async__lesion__s1__09e0a24492,-0.0010212192252477,-0.0040138456190957,0.25,0.5695071517864251,0.002,ql,40,90,0.9,0.4755955643698539,0.3,0.42,0.08,180,0.3580718951324105,20,1.5073580023586752,5.019879742512962e-18,0.2,ablation,-0.0014340936054753,False,40,170,230,-1,1.0,80,0.0597282650450913,0,40,1.0,2,0,0.25,0.01,0.75,50.0,30.0,0.45,0.2,0.1,0.002,8.0,,0.07591786357520441,0.1265939548305307,0.0282968393549955,0.05128111514286182,0.28208977290359244
52,280,0.3345724651836679,0.5,-0.0687212261849081,0.0,0.125,0.0,square_moore__markov__plastic__intr0__struct0__alpha_async__lesion__s1__7a463c7cd3,0.0547392747917422,0.0452856256255925,0.25,True,0.4429131969558944,0.002,0.016,markov,0.68,square_moore,40,90,0.9,0.3878200409507124,0.3,0,0.42,0.08,180,0.2669004758238708,0.3,20,1.558639117501537,4.913975224005387e-18,0.2,plastic,ablation,0.0268627457495202,False,alpha_async,40,170,230,1,-1,1.0,0.6,0.6,80,0.081274553550159,0,0,40,1.0,2,0,0.25,0.01,0.75,50.0,lesion,30.0,0.45,0.2,0.1,0.002,8.0,,52,280,0.3345724633495099,-0.068721224860498,0.0,0.125,0.0,square_moore__ql__plastic__intr0__struct0__alpha_async__lesion__s1__d94d0b95cc,0.0547392764059535,0.0452856152086212,0.25,0.4429131990112793,0.002,ql,40,90,0.9,0.3878200373134328,0.3,0.42,0.08,180,0.2669004757164684,20,1.558639117501537,3.3338442312899553e-18,0.2,ablation,0.0268627506872141,False,40,170,230,-1,1.0,80,0.0812745563526862,0,40,1.0,2,0,0.25,0.01,0.75,50.0,30.0,0.45,0.2,0.1,0.002,8.0,,1.8341579921532514e-09,2.0553849178206463e-09,4.937693899587092e-09,0.0,8.82723680956099e-09
52,280,0.164669375850766,0.5,0.380932311249628,0.0,0.125,0.0,square_moore__markov__fixed__intr0__struct0__alpha_async__order_ab__s1__ee3d667e98,0.2338231486206702,0.2317282572156569,0.25,False,0.2488760773710594,0.002,0.016,markov,0.68,square_moore,40,90,0.9,0.1664136493169357,0.3,0,0.42,0.08,180,0.1320627718009982,0.0,20,1.2271932993127077,8.057770441010522e-18,0.2,fixed,ablation,,False,alpha_async,40,170,230,1,-1,1.0,0.6,0.6,80,0.0772336852045565,0,0,40,1.0,2,0,0.25,0.01,0.75,50.0,order_ab,30.0,0.45,0.2,0.1,0.002,8.0,-0.0020948914050132,52,280,0.3001599045161837,0.0979068634356723,0.0,0.125,0.3982509341251226,square_moore__ql__fixed__intr0__struct0__alpha_async__order_ab__s1__dfb9ad9677,0.1257617473128868,0.1100955175417982,0.25,0.5855496019680562,0.002,ql,40,90,0.9,0.2596850852201633,0.3,0.42,0.08,180,0.2395861025505561,20,1.426670025865694,5.866316499994906e-18,0.2,ablation,,False,40,170,230,-1,1.0,80,0.0801437509411881,0,40,1.0,2,0,0.25,0.01,0.75,50.0,30.0,0.45,0.2,0.1,0.002,8.0,-0.0156662297710886,0.1354905286654177,0.33667352459699673,0.0,0.1994767265529862,0.6716407798154006
52,280,0.164669375850766,0.5,0.380932311249628,0.0,0.125,0.0,square_moore__markov__fixed__intr0__struct0__alpha_async__order_ab__s1__397141c1b2,0.2338231486206702,0.2317282572156569,0.25,True,0.2488760773710594,0.002,0.016,markov,0.68,square_moore,40,90,0.9,0.1664136493169357,0.3,0,0.42,0.08,180,0.1320627718009982,0.0,20,1.2271932993127077,8.057770441010522e-18,0.2,fixed,ablation,,False,alpha_async,40,170,230,1,-1,1.0,0.6,0.6,80,0.0772336852045565,0,0,40,1.0,2,0,0.25,0.01,0.75,50.0,order_ab,30.0,0.45,0.2,0.1,0.002,8.0,-0.0020948914050132,52,280,0.1646693758507659,0.3809323112496165,0.0,0.125,0.0,square_moore__ql__fixed__intr0__struct0__alpha_async__order_ab__s1__19eef87ac9,0.2338231486206699,0.2317282572156502,0.25,0.2488760773710551,0.002,ql,40,90,0.9,0.1664136493169394,0.3,0.42,0.08,180,0.1320627718009983,20,1.2271932993127077,7.068750927966038e-18,0.2,ablation,,False,40,170,230,-1,1.0,80,0.0772336852045547,0,40,1.0,2,0,0.25,0.01,0.75,50.0,30.0,0.45,0.2,0.1,0.002,8.0,-0.0020948914050196,8.326672684688674e-17,4.3021142204224816e-15,0.0,0.0,4.385380947269368e-15
52,280,0.1460076330842174,0.5,0.4060278570675774,0.0,0.125,0.0,square_moore__markov__fixed__intr0__struct0__alpha_async__order_ab__s1__d3f74a8b17,0.2507323408723563,0.2616442736380184,0.25,False,0.2285531215760129,0.002,0.016,markov,0.68,square_moore,40,90,0.9,0.1476170306685932,0.3,0,0.42,0.08,180,0.1224167032507845,0.3,20,1.1506693368940617,6.907878038373329e-18,0.2,fixed,ablation,,False,alpha_async,40,170,230,1,-1,1.0,0.6,0.6,80,0.0772397252122439,0,0,40,1.0,2,0,0.25,0.01,0.75,50.0,order_ab,30.0,0.45,0.2,0.1,0.002,8.0,0.010911932765662,52,280,0.2854484499214114,0.1406960096490009,0.0,0.125,0.4086105331725141,square_moore__ql__fixed__intr0__struct0__alpha_async__order_ab__s1__795312a686,0.1325910024498894,0.1328726463391691,0.25,0.5754592632758745,0.002,ql,40,90,0.9,0.2395327501000984,0.3,0.42,0.08,180,0.2304133855538621,20,1.4001300868917597,4.2167860662226355e-18,0.2,ablation,,False,40,170,230,-1,1.0,80,0.0514034606944086,0,40,1.0,2,0,0.25,0.01,0.75,50.0,30.0,0.45,0.2,0.1,0.002,8.0,0.0002816438892797,0.13944081683719398,0.34690614169986156,0.0,0.24946074999769796,0.7358077085347535
52,280,0.1460076330842174,0.5,0.4060278570675774,0.0,0.125,0.0,square_moore__markov__fixed__intr0__struct0__alpha_async__order_ab__s1__43448a771d,0.2507323408723563,0.2616442736380184,0.25,True,0.2285531215760129,0.002,0.016,markov,0.68,square_moore,40,90,0.9,0.1476170306685932,0.3,0,0.42,0.08,180,0.1224167032507845,0.3,20,1.1506693368940617,6.907878038373329e-18,0.2,fixed,ablation,,False,alpha_async,40,170,230,1,-1,1.0,0.6,0.6,80,0.0772397252122439,0,0,40,1.0,2,0,0.25,0.01,0.75,50.0,order_ab,30.0,0.45,0.2,0.1,0.002,8.0,0.010911932765662,52,280,0.1460076330842308,0.4060278570675915,0.0,0.125,0.0,square_moore__ql__fixed__intr0__struct0__alpha_async__order_ab__s1__a9f5eba827,0.2507323408723531,0.2616442736379576,0.25,0.2285531215760026,0.002,ql,40,90,0.9,0.147617030668608,0.3,0.42,0.08,180,0.1224167032507859,20,1.1506693368940617,6.914345723997205e-18,0.2,ablation,,False,40,170,230,-1,1.0,80,0.0772397252122486,0,40,1.0,2,0,0.25,0.01,0.75,50.0,30.0,0.45,0.2,0.1,0.002,8.0,0.0109119327656045,1.3378187446733136e-14,1.0297318553398327e-14,0.0,0.0,2.3675506000131463e-14
52,280,0.1475901620138879,0.5,0.3387682300677503,0.0,0.125,0.0,square_moore__markov__plastic__intr0__struct0__alpha_async__order_ab__s2__650e1dc5ba,0.2592451526673184,0.2453674694130412,0.25,False,0.2066427665986446,0.002,0.016,markov,0.68,square_moore,40,90,0.9,0.1625172677227144,0.3,0,0.42,0.08,180,0.1218020700694618,0.0,20,1.136512998032379,7.675891177392491e-18,0.2,plastic,ablation,,False,alpha_async,40,170,230,2,-1,1.0,0.6,0.6,80,0.0858202977416796,0,0,40,1.0,2,0,0.25,0.01,0.75,50.0,order_ab,30.0,0.45,0.2,0.1,0.002,8.0,-0.0138776832542772,52,280,0.2879608781066614,0.0704130379668394,0.0,0.125,0.402263455567779,square_moore__ql__plastic__intr0__struct0__alpha_async__order_ab__s2__d7f69e97c5,0.1246558845583391,0.1082452063317943,0.25,0.545397699758492,0.002,ql,40,90,0.9,0.2653152823189859,0.3,0.42,0.08,180,0.2329071724402523,20,1.4260188552645197,4.90602944869903e-18,0.2,ablation,,False,40,170,230,-1,1.0,80,0.0581169122850699,0,40,1.0,2,0,0.25,0.01,0.75,50.0,30.0,0.45,0.2,0.1,0.002,8.0,-0.0164106782265447,0.1403707160927735,0.33875493315984734,0.0,0.28950585723214073,0.7686315064847615
52,280,0.1475901620138879,0.5,0.3387682300677503,0.0,0.125,0.0,square_moore__markov__plastic__intr0__struct0__alpha_async__order_ab__s2__739578fa9d,0.2592451526673184,0.2453674694130412,0.25,True,0.2066427665986446,0.002,0.016,markov,0.68,square_moore,40,90,0.9,0.1625172677227144,0.3,0,0.42,0.08,180,0.1218020700694618,0.0,20,1.136512998032379,7.675891177392491e-18,0.2,plastic,ablation,,False,alpha_async,40,170,230,2,-1,1.0,0.6,0.6,80,0.0858202977416796,0,0,40,1.0,2,0,0.25,0.01,0.75,50.0,order_ab,30.0,0.45,0.2,0.1,0.002,8.0,-0.0138776832542772,52,280,0.1475901620140271,0.3387682300638244,0.0,0.125,0.0,square_moore__ql__plastic__intr0__struct0__alpha_async__order_ab__s2__c61cf60948,0.2592451526688169,0.2453674694107711,0.25,0.2066427665980435,0.002,ql,40,90,0.9,0.16251726772367,0.3,0.42,0.08,180,0.121802070069335,20,1.136512998032379,7.187707895735437e-18,0.2,ablation,,False,40,170,230,-1,1.0,80,0.0858202977425309,0,40,1.0,2,0,0.25,0.01,0.75,50.0,30.0,0.45,0.2,0.1,0.002,8.0,-0.0138776832580458,1.3922196728799463e-13,6.011025011076754e-13,0.0,0.0,7.4032446839567e-13
52,280,0.1418936613471937,0.5,0.3615030646208054,0.0,0.125,0.0,square_moore__markov__plastic__intr0__struct0__alpha_async__order_ab__s2__3ca74fa8b7,0.2502214906930211,0.23767850696484,0.25,False,0.2023772667139596,0.002,0.016,markov,0.68,square_moore,40,90,0.9,0.1541980016269719,0.3,0,0.42,0.08,180,0.1189798187283457,0.3,20,1.1189534274978954,4.152579156880308e-18,0.2,plastic,ablation,,False,alpha_async,40,170,230,2,-1,1.0,0.6,0.6,80,0.0778033759584086,0,0,40,1.0,2,0,0.25,0.01,0.75,50.0,order_ab,30.0,0.45,0.2,0.1,0.002,8.0,-0.0125429837281811,52,280,0.2810771067843074,0.0913347090194078,0.0,0.125,0.4089561383458877,square_moore__ql__plastic__intr0__struct0__alpha_async__order_ab__s2__be407c2cd2,0.1407765123274229,0.1233804596917162,0.25,0.544880767556767,0.002,ql,40,90,0.9,0.2520010779614962,0.3,0.42,0.08,180,0.2260305268485306,20,1.40925271262512,5.656180267646752e-18,0.2,ablation,,False,40,170,230,-1,1.0,80,0.0641772074342106,0,40,1.0,2,0,0.25,0.01,0.75,50.0,30.0,0.45,0.2,0.1,0.002,8.0,-0.0173960526357066,0.13918344543711372,0.34250350084280734,0.0,0.2902992851272246,0.7719862314071456
52,280,0.1491289507208304,0.5,0.3491614048020652,0.0,0.125,0.0,square_moore__markov__plastic__intr0__struct0__alpha_async__order_ab__s1__aa5f23aa2c,0.2475953655525888,0.2404141616000329,0.25,True,0.2104268569976891,0.002,0.016,markov,0.68,square_moore,40,90,0.9,0.1615245067839257,0.3,0,0.42,0.08,180,0.1230667372897974,0.3,20,1.1454616335852632,4.405792770077952e-18,0.2,plastic,ablation,,False,alpha_async,40,170,230,1,-1,1.0,0.6,0.6,80,0.0787009428999015,0,0,40,1.0,2,0,0.25,0.01,0.75,50.0,order_ab,30.0,0.45,0.2,0.1,0.002,8.0,-0.0071812039525558,52,280,0.1491289507211995,0.349161404799262,0.0,0.125,0.0,square_moore__ql__plastic__intr0__struct0__alpha_async__order_ab__s1__8985400841,0.2475953655503628,0.240414161598861,0.25,0.2104268569965111,0.002,ql,40,90,0.9,0.1615245067852266,0.3,0.42,0.08,180,0.1230667372898382,20,1.1454616335852632,5.6771253374429395e-18,0.2,ablation,,False,40,170,230,-1,1.0,80,0.0787009428999025,0,40,1.0,2,0,0.25,0.01,0.75,50.0,30.0,0.45,0.2,0.1,0.002,8.0,-0.0071812039515018,3.690936445366333e-13,1.1780021402785223e-12,0.0,0.0,1.5470957848151556e-12
52,280,0.148895486146522,0.5,0.4031166147083247,0.0,0.125,0.0,square_moore__markov__fixed__intr0__struct0__alpha_async__order_ba__s2__93efb56ff9,0.2593282516527578,0.2651958480226553,0.25,False,0.2275036564681479,0.002,0.016,markov,0.68,square_moore,40,90,0.9,0.1511153532716717,0.3,0,0.42,0.08,180,0.124627920809531,0.0,20,1.17134783462559,6.304673301868036e-18,0.2,fixed,ablation,,False,alpha_async,40,170,230,2,-1,1.0,0.6,0.6,80,0.089743818599419,0,0,40,1.0,2,0,0.25,0.01,0.75,50.0,order_ba,30.0,0.45,0.2,0.1,0.002,8.0,0.0058675963698974,52,280,0.2704270008340466,0.1632446979443005,0.0,0.125,0.4153090314626984,square_moore__ql__fixed__intr0__struct0__alpha_async__order_ba__s2__68bf5c62b5,0.1497388002076588,0.1403231892079594,0.25,0.5558055253385986,0.002,ql,40,90,0.9,0.2259172308732536,0.3,0.42,0.08,180,0.2241271488782925,20,1.3904140522961013,5.302958389955356e-18,0.2,ablation,,False,40,170,230,-1,1.0,80,0.0551770275555988,0,40,1.0,2,0,0.25,0.01,0.75,50.0,30.0,0.45,0.2,0.1,0.002,8.0,-0.0094156109996993,0.12153151468752457,0.3283018688704507,0.0,0.21906621767051138,0.6688996012284867
52,280,0.1521338495622678,0.5,0.3914545493309082,0.0,0.125,0.0,square_moore__markov__fixed__intr0__struct0__alpha_async__order_ba__s1__13641dceda,0.2579466448503171,0.241197137474901,0.25,True,0.2273056617215164,0.002,0.016,markov,0.68,square_moore,40,90,0.9,0.1566933571397163,0.3,0,0.42,0.08,180,0.1259687723902038,0.0,20,1.1815579286062174,5.847626358859674e-18,0.2,fixed,ablation,,False,alpha_async,40,170,230,1,-1,1.0,0.6,0.6,80,0.0870552693905633,0,0,40,1.0,2,0,0.25,0.01,0.75,50.0,order_ba,30.0,0.45,0.2,0.1,0.002,8.0,-0.016749507375416,52,280,0.1521338495622668,0.3914545493309108,0.0,0.125,0.0,square_moore__ql__fixed__intr0__struct0__alpha_async__order_ba__s1__c01ffe592e,0.257946644850318,0.2411971374748978,0.25,0.2273056617215187,0.002,ql,40,90,0.9,0.1566933571397149,0.3,0.42,0.08,180,0.1259687723902035,20,1.1815579286062174,7.337852094416382e-18,0.2,ablation,,False,40,170,230,-1,1.0,80,0.087055269390563,0,40,1.0,2,0,0.25,0.01,0.75,50.0,30.0,0.45,0.2,0.1,0.002,8.0,-0.0167495073754201,9.992007221626409e-16,2.3037127760972e-15,0.0,0.0,3.3029134982598407e-15
52,280,0.1401778031515919,0.5,0.4128534238613215,0.0,0.125,0.0,square_moore__markov__fixed__intr0__struct0__alpha_async__order_ba__s2__130277acf2,0.2587778059101011,0.2630484359674266,0.25,False,0.2127531748920204,0.002,0.016,markov,0.68,square_moore,40,90,0.9,0.1425176438806504,0.3,0,0.42,0.08,180,0.1189928514145706,0.3,20,1.1370873713992913,7.180526133321144e-18,0.2,fixed,ablation,,False,alpha_async,40,170,230,2,-1,1.0,0.6,0.6,80,0.0837993399288744,0,0,40,1.0,2,0,0.25,0.01,0.75,50.0,order_ba,30.0,0.45,0.2,0.1,0.002,8.0,0.0042706300573255,52,280,0.2634616254887317,0.1826363774807874,0.0,0.125,0.4197080240811136,square_moore__ql__fixed__intr0__struct0__alpha_async__order_ba__s2__50f312d808,0.1691975710017997,0.1408802285824107,0.25,0.5513465439074898,0.002,ql,40,90,0.9,0.2169981638529081,0.3,0.42,0.08,180,0.2187564993005378,20,1.3726917011832769,5.2334521024930384e-18,0.2,ablation,,False,40,170,230,-1,1.0,80,0.0580849211913743,0,40,1.0,2,0,0.25,0.01,0.75,50.0,30.0,0.45,0.2,0.1,0.002,8.0,-0.0283173424193889,0.1232838223371398,0.33859336901546944,0.0,0.2356043297839856,0.6974815211365948
52,280,0.1462565639238578,0.5,0.4256125024831843,0.0,0.125,0.0,square_moore__markov__fixed__intr0__struct0__alpha_async__order_ba__s1__2efd42871c,0.2666275914691744,0.2630087233439307,0.25,True,0.2234996938890823,0.002,0.016,markov,0.68,square_moore,40,90,0.9,0.1446917277085681,0.3,0,0.42,0.08,180,0.1211682699142947,0.3,20,1.17038218868873,7.176262496217125e-18,0.2,fixed,ablation,,False,alpha_async,40,170,230,1,-1,1.0,0.6,0.6,80,0.0878865599344043,0,0,40,1.0,2,0,0.25,0.01,0.75,50.0,order_ba,30.0,0.45,0.2,0.1,0.002,8.0,-0.0036188681252437,52,280,0.1462565639238673,0.4256125024831205,0.0,0.125,0.0,square_moore__ql__fixed__intr0__struct0__alpha_async__order_ba__s1__0ffcd5fcfb,0.2666275914689531,0.2630087233442268,0.25,0.2234996938890114,0.002,ql,40,90,0.9,0.144691727708601,0.3,0.42,0.08,180,0.121168269914297,20,1.17038218868873,5.029561167119177e-18,0.2,ablation,,False,40,170,230,-1,1.0,80,0.0878865599344032,0,40,1.0,2,0,0.25,0.01,0.75,50.0,30.0,0.45,0.2,0.1,0.002,8.0,-0.0036188681247262,9.492406860545088e-15,7.091549569793187e-14,0.0,0.0,8.040790255847696e-14
52,280,0.1512612871601252,0.5,0.360838573332499,0.0,0.125,0.0,square_moore__markov__plastic__intr0__struct0__alpha_async__order_ba__s1__ab8e5e8b26,0.2370308760496988,0.2380263305257954,0.25,False,0.2157535494111279,0.002,0.016,markov,0.68,square_moore,40,90,0.9,0.1620089003225913,0.3,0,0.42,0.08,180,0.1243703930202695,0.0,20,1.168907382240641,4.460686294059552e-18,0.2,plastic,ablation,,False,alpha_async,40,170,230,1,-1,1.0,0.6,0.6,80,0.082401064872042,0,0,40,1.0,2,0,0.25,0.01,0.75,50.0,order_ba,30.0,0.45,0.2,0.1,0.002,8.0,0.0009954544760965,52,280,0.2696644624757995,0.1056386284193659,0.0,0.125,0.4145661630545083,square_moore__ql__plastic__intr0__struct0__alpha_async__order_ba__s1__f765b6e004,0.1511995480516715,0.1436777353276085,0.25,0.5309765855303166,0.002,ql,40,90,0.9,0.2408928675938988,0.3,0.42,0.08,180,0.2225230543148549,20,1.3863102389335846,5.6666672175385435e-18,0.2,ablation,,False,40,170,230,-1,1.0,80,0.0578668797233162,0,40,1.0,2,0,0.25,0.01,0.75,50.0,30.0,0.45,0.2,0.1,0.002,8.0,-0.0075218127240629,0.11840317531567429,0.31522303611918867,0.0,0.21740285669294357,0.6510290681278066
52,280,0.1512612871601252,0.5,0.360838573332499,0.0,0.125,0.0,square_moore__markov__plastic__intr0__struct0__alpha_async__order_ba__s1__8111b01474,0.2370308760496988,0.2380263305257954,0.25,True,0.2157535494111279,0.002,0.016,markov,0.68,square_moore,40,90,0.9,0.1620089003225913,0.3,0,0.42,0.08,180,0.1243703930202695,0.0,20,1.168907382240641,4.460686294059552e-18,0.2,plastic,ablation,,False,alpha_async,40,170,230,1,-1,1.0,0.6,0.6,80,0.082401064872042,0,0,40,1.0,2,0,0.25,0.01,0.75,50.0,order_ba,30.0,0.45,0.2,0.1,0.002,8.0,0.0009954544760965,52,280,0.1512612871605203,0.3608385733316188,0.0,0.125,0.0,square_moore__ql__plastic__intr0__struct0__alpha_async__order_ba__s1__469262f069,0.23703087604914,0.238026330524651,0.25,0.215753549410623,0.002,ql,40,90,0.9,0.1620089003234934,0.3,0.42,0.08,180,0.1243703930203339,20,1.168907382240641,5.955158004860048e-18,0.2,ablation,,False,40,170,230,-1,1.0,80,0.0824010648715089,0,40,1.0,2,0,0.25,0.01,0.75,50.0,30.0,0.45,0.2,0.1,0.002,8.0,0.0009954544755109,3.951006188884776e-13,5.049016760239056e-13,0.0,0.0,9.000022949123831e-13
52,280,0.1450079642527147,0.5,0.3366140813755438,0.0,0.125,0.0,square_moore__markov__plastic__intr0__struct0__alpha_async__order_ba__s1__ca8dc0147b,0.243904311154177,0.2400164858873199,0.25,False,0.1933954896171769,0.002,0.016,markov,0.68,square_moore,40,90,0.9,0.1624180451276642,0.3,0,0.42,0.08,180,0.1208134721712481,0.3,20,1.121070279979949,6.2347840084025545e-18,0.2,plastic,ablation,,False,alpha_async,40,170,230,1,-1,1.0,0.6,0.6,80,0.0867028831241225,0,0,40,1.0,2,0,0.25,0.01,0.75,50.0,order_ba,30.0,0.45,0.2,0.1,0.002,8.0,-0.003887825266857,52,280,0.2607307600167887,0.1243484003841942,0.0,0.125,0.4178765446099498,square_moore__ql__plastic__intr0__struct0__alpha_async__order_ba__s1__25692ad54f,0.1693226669450528,0.1389880167676237,0.25,0.5214162926848334,0.002,ql,40,90,0.9,0.232395905917907,0.3,0.42,0.08,180,0.2162502081384291,20,1.3659426446583331,4.768125660379366e-18,0.2,ablation,,False,40,170,230,-1,1.0,80,0.055235567353716,0,40,1.0,2,0,0.25,0.01,0.75,50.0,30.0,0.45,0.2,0.1,0.002,8.0,-0.0303346501774291,0.11572279576407399,0.32802080306765646,0.0,0.24487236467838414,0.6886159635101146
52,280,0.1450079642527147,0.5,0.3366140813755438,0.0,0.125,0.0,square_moore__markov__plastic__intr0__struct0__alpha_async__order_ba__s1__3b6c315204,0.243904311154177,0.2400164858873199,0.25,True,0.1933954896171769,0.002,0.016,markov,0.68,square_moore,40,90,0.9,0.1624180451276642,0.3,0,0.42,0.08,180,0.1208134721712481,0.3,20,1.121070279979949,6.2347840084025545e-18,0.2,plastic,ablation,,False,alpha_async,40,170,230,1,-1,1.0,0.6,0.6,80,0.0867028831241225,0,0,40,1.0,2,0,0.25,0.01,0.75,50.0,order_ba,30.0,0.45,0.2,0.1,0.002,8.0,-0.003887825266857,52,280,0.1450079642531804,0.3366140813740978,0.0,0.125,0.0,square_moore__ql__plastic__intr0__struct0__alpha_async__order_ba__s1__e25ff8d3d0,0.2439043111530694,0.2400164858861016,0.25,0.1933954896173267,0.002,ql,40,90,0.9,0.1624180451282225,0.3,0.42,0.08,180,0.1208134721713755,20,1.121070279979949,6.606298458244965e-18,0.2,ablation,,False,40,170,230,-1,1.0,80,0.0867028831235814,0,40,1.0,2,0,0.25,0.01,0.75,50.0,30.0,0.45,0.2,0.1,0.002,8.0,-0.0038878252669678,4.657108032546375e-13,1.4979684159754925e-13,0.0,0.0,6.155076448521868e-13
52,280,0.1117426152081862,0.5,0.5403940018059902,0.0,0.125,0.0,square_vn__markov__fixed__intr0__struct0__alpha_async__lesion__s1__023126d495,0.3213532533468714,0.318459572808682,0.25,False,0.2018556220839399,0.002,0.016,markov,0.68,square_vn,40,90,0.9,0.0967692057974444,0.3,0,0.42,0.08,180,0.1055426584383435,0.0,20,0.972435835798807,6.0484435133730894e-18,0.2,fixed,ablation,0.3012918516923819,False,alpha_async,40,170,230,1,-1,1.0,0.6,0.6,80,0.0988790511216802,0,0,40,1.0,2,0,0.25,0.01,0.75,50.0,lesion,30.0,0.45,0.2,0.1,0.002,8.0,,52,280,0.3785998929983254,-0.1116079522230509,0.0,0.125,0.3155428999388112,square_vn__ql__fixed__intr0__struct0__alpha_async__lesion__s1__ba17942a93,0.017021799655942,0.0215466373935235,0.25,0.7081352938935747,0.002,ql,40,90,0.9,0.3222145725413563,0.3,0.42,0.08,180,0.318860627466956,20,1.4667709271876956,5.032687029497983e-18,0.2,ablation,-0.0300479566274916,False,40,170,230,-1,1.0,80,0.008618281692828,0,40,1.0,2,0,0.25,0.01,0.75,50.0,30.0,0.45,0.2,0.1,0.002,8.0,,0.26685727779013924,0.5062796718096347,0.3313398083198735,0.49433509138888865,1.5988118493085361
52,280,0.1117426152081862,0.5,0.5403940018059902,0.0,0.125,0.0,square_vn__markov__fixed__intr0__struct0__alpha_async__lesion__s1__2fbd279de8,0.3213532533468714,0.318459572808682,0.25,True,0.2018556220839399,0.002,0.016,markov,0.68,square_vn,40,90,0.9,0.0967692057974444,0.3,0,0.42,0.08,180,0.1055426584383435,0.0,20,0.972435835798807,6.0484435133730894e-18,0.2,fixed,ablation,0.3012918516923819,False,alpha_async,40,170,230,1,-1,1.0,0.6,0.6,80,0.0988790511216802,0,0,40,1.0,2,0,0.25,0.01,0.75,50.0,lesion,30.0,0.45,0.2,0.1,0.002,8.0,,52,280,0.1082816685922973,0.5303370559470412,0.0,0.125,0.0,square_vn__ql__fixed__intr0__struct0__alpha_async__lesion__s1__ccd3988559,0.3134823963343863,0.3097913657132028,0.25,0.1941332051530701,0.002,ql,40,90,0.9,0.0961167647295678,0.3,0.42,0.08,180,0.1038396879909652,20,0.9567826880719292,4.337059107541642e-18,0.2,ablation,0.3099484311622787,False,40,170,230,-1,1.0,80,0.0914101446980681,0,40,1.0,2,0,0.25,0.01,0.75,50.0,30.0,0.45,0.2,0.1,0.002,8.0,,0.003460946615888888,0.007722416930869808,0.008656579469896841,0.01565314772687776,0.035493090743533295
52,280,0.0906447298058427,0.5,0.5459704337362363,0.0,0.125,0.0,square_vn__markov__fixed__intr0__struct0__alpha_async__lesion__s1__dae53dca4b,0.3721914268175423,0.3603557423110774,0.25,False,0.1614309343996557,0.002,0.016,markov,0.68,square_vn,40,90,0.9,0.0806789232283066,0.3,0,0.42,0.08,180,0.0915003163781322,0.3,20,0.8475760687800226,6.732627508249908e-18,0.2,fixed,ablation,0.3503638605824268,False,alpha_async,40,170,230,1,-1,1.0,0.6,0.6,80,0.0857663866943347,0,0,40,1.0,2,0,0.25,0.01,0.75,50.0,lesion,30.0,0.45,0.2,0.1,0.002,8.0,,52,280,0.3597490456289374,-0.0233985194945754,0.0,0.125,0.3383528080750971,square_vn__ql__fixed__intr0__struct0__alpha_async__lesion__s1__b7acc72611,0.04809732990656,0.0319734264140675,0.25,0.6954499467766957,0.002,ql,40,90,0.9,0.2943984633157711,0.3,0.42,0.08,180,0.2982293920690375,20,1.4953861778230586,3.4262429240782613e-18,0.2,ablation,0.0219665059932531,False,40,170,230,-1,1.0,80,0.0150011602367139,0,40,1.0,2,0,0.25,0.01,0.75,50.0,30.0,0.45,0.2,0.1,0.002,8.0,,0.2691043158230947,0.53401901237704,0.3283973545891737,0.647810109043036,1.7793307918323444
52,280,0.0907316079316706,0.5,0.5291566051536485,0.0,0.125,0.0,square_vn__markov__fixed__intr0__struct0__alpha_async__lesion__s2__91f937e9c0,0.3497812014297155,0.3489715566426214,0.25,True,0.1615923398277345,0.002,0.016,markov,0.68,square_vn,40,90,0.9,0.0826798036819499,0.3,0,0.42,0.08,180,0.0916002932215167,0.3,20,0.8434711874432868,6.83648245052663e-18,0.2,fixed,ablation,0.3198208879567094,False,alpha_async,40,170,230,2,-1,1.0,0.6,0.6,80,0.0835468919303342,0,0,40,1.0,2,0,0.25,0.01,0.75,50.0,lesion,30.0,0.45,0.2,0.1,0.002,8.0,,52,280,0.0930501741991428,0.531911559294103,0.0,0.125,0.0,square_vn__ql__fixed__intr0__struct0__alpha_async__lesion__s2__cfe52b5ca0,0.3608953819115387,0.3434779653680422,0.25,0.1676035929019202,0.002,ql,40,90,0.9,0.0838244281524515,0.3,0.42,0.08,180,0.0936554426898555,20,0.8655839547838972,6.199326073336068e-18,0.2,ablation,0.3343102755518115,False,40,170,230,-1,1.0,80,0.0868380306452494,0,40,1.0,2,0,0.25,0.01,0.75,50.0,30.0,0.45,0.2,0.1,0.002,8.0,,0.002318566267472205,0.006011253074185707,0.014489387595102099,0.022112767340610406,0.04493197427737042
52,280,0.1139152432887591,0.5,0.5237337456901133,0.0,0.125,0.0,square_vn__markov__plastic__intr0__struct0__alpha_async__lesion__s1__6cfcfd8c95,0.3055895858152208,0.300959175412046,0.25,False,0.205415645161429,0.002,0.016,markov,0.68,square_vn,40,90,0.9,0.1012892299512686,0.3,0,0.42,0.08,180,0.107242361553154,0.0,20,0.9814980850803044,7.799001431480577e-18,0.2,plastic,ablation,0.2945835258420521,False,alpha_async,40,170,230,1,-1,1.0,0.6,0.6,80,0.0891104469536078,0,0,40,1.0,2,0,0.25,0.01,0.75,50.0,lesion,30.0,0.45,0.2,0.1,0.002,8.0,,52,280,0.3712459461544739,-0.0717300032634717,0.0,0.125,0.3289756965082112,square_vn__ql__plastic__intr0__struct0__alpha_async__lesion__s1__055d60c68a,0.0366357751214082,0.022483179685431,0.25,0.7063154929841445,0.002,ql,40,90,0.9,0.3093383861524246,0.3,0.42,0.08,180,0.3099294793034619,20,1.4818547396888342,2.378165886898581e-18,0.2,ablation,0.0109963534830238,False,40,170,230,-1,1.0,80,0.0125432421643602,0,40,1.0,2,0,0.25,0.01,0.75,50.0,30.0,0.45,0.2,0.1,0.002,8.0,,0.2573307028657148,0.5008998478227156,0.2835871723590283,0.5003566546085297,1.5421743776559884
52,280,0.1139152432887591,0.5,0.5237337456901133,0.0,0.125,0.0,square_vn__markov__plastic__intr0__struct0__alpha_async__lesion__s1__df0f756dbf,0.3055895858152208,0.300959175412046,0.25,True,0.205415645161429,0.002,0.016,markov,0.68,square_vn,40,90,0.9,0.1012892299512686,0.3,0,0.42,0.08,180,0.107242361553154,0.0,20,0.9814980850803044,7.799001431480577e-18,0.2,plastic,ablation,0.2945835258420521,False,alpha_async,40,170,230,1,-1,1.0,0.6,0.6,80,0.0891104469536078,0,0,40,1.0,2,0,0.25,0.01,0.75,50.0,lesion,30.0,0.45,0.2,0.1,0.002,8.0,,52,280,0.1107568842897558,0.5098402060773611,0.0,0.125,0.0,square_vn__ql__plastic__intr0__struct0__alpha_async__lesion__s1__bafd5a6526,0.2871728463672489,0.3015477021550364,0.25,0.2010194086325314,0.002,ql,40,90,0.9,0.101168312839307,0.3,0.42,0.08,180,0.105969756750457,20,0.9615707875026892,3.2810610206939535e-18,0.2,ablation,0.2677967352298312,False,40,170,230,-1,1.0,80,0.0911204806943974,0,40,1.0,2,0,0.25,0.01,0.75,50.0,30.0,0.45,0.2,0.1,0.002,8.0,,0.0031583589990032968,0.00439623652889759,0.02678679061222089,0.019927297577615244,0.05426868371773702
52,280,0.0898178185713051,0.5,0.5471282967057162,0.0,0.125,0.0,square_vn__markov__plastic__intr0__struct0__alpha_async__lesion__s1__fcb79972b4,0.3693540892532181,0.3666942133030484,0.25,False,0.1614925139041781,0.002,0.016,markov,0.68,square_vn,40,90,0.9,0.0798880921743193,0.3,0,0.42,0.08,180,0.0900494022854728,0.3,20,0.8383402922119828,4.738610320613693e-18,0.2,plastic,ablation,0.3414675038409052,False,alpha_async,40,170,230,1,-1,1.0,0.6,0.6,80,0.088620492522497,0,0,40,1.0,2,0,0.25,0.01,0.75,50.0,lesion,30.0,0.45,0.2,0.1,0.002,8.0,,52,280,0.354903815428923,-0.020850367932069,0.0,0.125,0.3391835995611159,square_vn__ql__plastic__intr0__struct0__alpha_async__lesion__s1__554ad8b87e,0.0405489711761117,0.035183392793007,0.25,0.6885595883658414,0.002,ql,40,90,0.9,0.294349822170791,0.3,0.42,0.08,180,0.2969746681199315,20,1.5047994838230334,3.4666007477651545e-18,0.2,ablation,0.0122283686487018,False,40,170,230,-1,1.0,80,0.0224656781338682,0,40,1.0,2,0,0.25,0.01,0.75,50.0,30.0,0.45,0.2,0.1,0.002,8.0,,0.2650859968576179,0.5270670744616633,0.3292391351922034,0.6664591916110506,1.7878513981225352
52,280,0.0898178185713051,0.5,0.5471282967057162,0.0,0.125,0.0,square_vn__markov__plastic__intr0__struct0__alpha_async__lesion__s1__e056d73fa6,0.3693540892532181,0.3666942133030484,0.25,True,0.1614925139041781,0.002,0.016,markov,0.68,square_vn,40,90,0.9,0.0798880921743193,0.3,0,0.42,0.08,180,0.0900494022854728,0.3,20,0.8383402922119828,4.738610320613693e-18,0.2,plastic,ablation,0.3414675038409052,False,alpha_async,40,170,230,1,-1,1.0,0.6,0.6,80,0.088620492522497,0,0,40,1.0,2,0,0.25,0.01,0.75,50.0,lesion,30.0,0.45,0.2,0.1,0.002,8.0,,52,280,0.0817457772083632,0.572944997804673,0.0,0.125,0.0,square_vn__ql__plastic__intr0__struct0__alpha_async__lesion__s1__58f2b0c8f2,0.399077521112817,0.3947646776973791,0.25,0.1483494062749511,0.002,ql,40,90,0.9,0.0707761664112582,0.3,0.42,0.08,180,0.084279083802933,20,0.7864762978583842,7.172419814209652e-18,0.2,ablation,0.3872709412598526,False,40,170,230,-1,1.0,80,0.0822654862634946,0,40,1.0,2,0,0.25,0.01,0.75,50.0,30.0,0.45,0.2,0.1,0.002,8.0,,0.0080720413629419,0.013143107629226991,0.045803437418947435,0.051863994353598564,0.11888258076471489
52,280,0.0661342006847396,0.5,0.5685076095929963,0.0,0.125,0.0,square_vn__markov__fixed__intr0__struct0__alpha_async__order_ab__s2__9dd0ba6b84,0.3951364073099216,0.4537664126921654,0.25,False,0.118843709532047,0.002,0.016,markov,0.68,square_vn,40,90,0.9,0.0589806265455812,0.3,0,0.42,0.08,180,0.0707369736016667,0.0,20,0.6787861043162925,7.757286024689439e-18,0.2,fixed,ablation,,False,alpha_async,40,170,230,2,-1,1.0,0.6,0.6,80,0.0711604274829356,0,0,40,1.0,2,0,0.25,0.01,0.75,50.0,order_ab,30.0,0.45,0.2,0.1,0.002,8.0,0.0586300053822437,52,280,0.2030699142554888,0.3715528252229232,0.0,0.125,0.4619072852032932,square_vn__ql__fixed__intr0__struct0__alpha_async__order_ab__s2__d4aadf0e14,0.2258446350367139,0.2335975416307476,0.25,0.5320821682643585,0.002,ql,40,90,0.9,0.1292781059958444,0.3,0.42,0.08,180,0.1784483922979544,20,1.1609787269477352,4.3935708378324876e-18,0.2,ablation,,False,40,170,230,-1,1.0,80,0.0699964699122055,0,40,1.0,2,0,0.25,0.01,0.75,50.0,30.0,0.45,0.2,0.1,0.002,8.0,0.0077529065940337,0.13693571357074918,0.4132384587323115,0.0,0.4821926226314427,1.0323667949345032
52,280,0.0712356781321347,0.5,0.5495806901040498,0.0,0.125,0.0,square_vn__markov__fixed__intr0__struct0__alpha_async__order_ab__s1__6699b1f395,0.3706638201419712,0.4174559280483279,0.25,True,0.1282329685183497,0.002,0.016,markov,0.68,square_vn,40,90,0.9,0.0650116890094075,0.3,0,0.42,0.08,180,0.0744456120658072,0.0,20,0.7069637656604372,1.0180016608538719e-17,0.2,fixed,ablation,,False,alpha_async,40,170,230,1,-1,1.0,0.6,0.6,80,0.0724345144815598,0,0,40,1.0,2,0,0.25,0.01,0.75,50.0,order_ab,30.0,0.45,0.2,0.1,0.002,8.0,0.0467921079063567,52,280,0.070432447023013,0.5556464537362028,0.0,0.125,0.0,square_vn__ql__fixed__intr0__struct0__alpha_async__order_ab__s1__04d2efe519,0.3725540019057616,0.4141771146407328,0.25,0.128106827854501,0.002,ql,40,90,0.9,0.0637015942996025,0.3,0.42,0.08,180,0.0741882359222555,20,0.7044987060772147,5.878753597764841e-18,0.2,ablation,,False,40,170,230,-1,1.0,80,0.0724687023206309,0,40,1.0,2,0,0.25,0.01,0.75,50.0,30.0,0.45,0.2,0.1,0.002,8.0,0.0416231127349712,0.0008032311091216993,0.00012614066384869504,0.0,0.0024650595832225175,0.003394431356192912
52,280,0.0624937979857959,0.5,0.5488061430763684,0.0,0.125,0.0,square_vn__markov__fixed__intr0__struct0__alpha_async__order_ab__s1__3bcf7c3db6,0.4239663136908572,0.477794039876967,0.25,False,0.1072478547843479,0.002,0.016,markov,0.68,square_vn,40,90,0.9,0.0581338718109257,0.3,0,0.42,0.08,180,0.0677639372269344,0.3,20,0.6477082050459211,6.175163177503786e-18,0.2,fixed,ablation,,False,alpha_async,40,170,230,1,-1,1.0,0.6,0.6,80,0.0670786204309002,0,0,40,1.0,2,0,0.25,0.01,0.75,50.0,order_ab,30.0,0.45,0.2,0.1,0.002,8.0,0.0538277261861098,52,280,0.189931502794529,0.3844266676264444,0.0,0.125,0.468070029545915,square_vn__ql__fixed__intr0__struct0__alpha_async__order_ab__s1__eb7f7871dd,0.2454936899727585,0.2424106100527729,0.25,0.519077521675369,0.002,ql,40,90,0.9,0.1170896384653467,0.3,0.42,0.08,180,0.171120956691217,20,1.097336231032686,4.499298980599818e-18,0.2,ablation,,False,40,170,230,-1,1.0,80,0.0729397912317959,0,40,1.0,2,0,0.25,0.01,0.75,50.0,30.0,0.45,0.2,0.1,0.002,8.0,-0.0030830799199856,0.1274377048087331,0.41182966689102113,0.0,0.4496280259867649,0.9888953976865191
52,280,0.0626575220693439,0.5,0.5559222034490242,0.0,0.125,0.0,square_vn__markov__fixed__intr0__struct0__alpha_async__order_ab__s2__9e3aa48cbf,0.3998533400876182,0.4529287808319437,0.25,True,0.1127042203210479,0.002,0.016,markov,0.68,square_vn,40,90,0.9,0.0569824493535066,0.3,0,0.42,0.08,180,0.0687100968978833,0.3,20,0.6515427604318961,6.5422236056729894e-18,0.2,fixed,ablation,,False,alpha_async,40,170,230,2,-1,1.0,0.6,0.6,80,0.0677594008562524,0,0,40,1.0,2,0,0.25,0.01,0.75,50.0,order_ab,30.0,0.45,0.2,0.1,0.002,8.0,0.0530754407443254,52,280,0.0634009264464158,0.5493581373265665,0.0,0.125,0.0,square_vn__ql__fixed__intr0__struct0__alpha_async__order_ab__s2__bb864101b2,0.4031313181876263,0.4582287316533202,0.25,0.1131997513817578,0.002,ql,40,90,0.9,0.0583671345827519,0.3,0.42,0.08,180,0.0691772095291026,20,0.6456888327990479,7.112602506859957e-18,0.2,ablation,,False,40,170,230,-1,1.0,80,0.0671047083108091,0,40,1.0,2,0,0.25,0.01,0.75,50.0,30.0,0.45,0.2,0.1,0.002,8.0,0.0550974134656939,0.0007434043770719045,0.000495531060709889,0.0,0.005853927632848199,0.007092863070629993
52,280,0.0732021525951266,0.5,0.5651502920237244,0.0,0.125,0.0,square_vn__markov__plastic__intr0__struct0__alpha_async__order_ab__s1__9a8663fbc5,0.4105369967704295,0.4199952363247818,0.25,False,0.1299602908258186,0.002,0.016,markov,0.68,square_vn,40,90,0.9,0.0647807664924343,0.3,0,0.42,0.08,180,0.074563369993221,0.0,20,0.7229312071677368,1.5091141403170133e-17,0.2,plastic,ablation,,False,alpha_async,40,170,230,1,-1,1.0,0.6,0.6,80,0.0757396667826448,0,0,40,1.0,2,0,0.25,0.01,0.75,50.0,order_ab,30.0,0.45,0.2,0.1,0.002,8.0,0.0094582395543523,52,280,0.1986487823952013,0.3862971040032777,0.0,0.125,0.4651449258776923,square_vn__ql__plastic__intr0__struct0__alpha_async__order_ab__s1__7b0d696ff7,0.2356054415044429,0.2236796783364086,0.25,0.5310624747066851,0.002,ql,40,90,0.9,0.1225790272912754,0.3,0.42,0.08,180,0.1759086302601503,20,1.1335704306008962,7.632160650573608e-18,0.2,ablation,,False,40,170,230,-1,1.0,80,0.0694219889446995,0,40,1.0,2,0,0.25,0.01,0.75,50.0,30.0,0.45,0.2,0.1,0.002,8.0,-0.0119257631680342,0.1254466298000747,0.4011021838808665,0.0,0.4106392234331594,0.9371880371141006
52,280,0.0732021525951266,0.5,0.5651502920237244,0.0,0.125,0.0,square_vn__markov__plastic__intr0__struct0__alpha_async__order_ab__s1__bf05ed78cc,0.4105369967704295,0.4199952363247818,0.25,True,0.1299602908258186,0.002,0.016,markov,0.68,square_vn,40,90,0.9,0.0647807664924343,0.3,0,0.42,0.08,180,0.074563369993221,0.0,20,0.7229312071677368,1.5091141403170133e-17,0.2,plastic,ablation,,False,alpha_async,40,170,230,1,-1,1.0,0.6,0.6,80,0.0757396667826448,0,0,40,1.0,2,0,0.25,0.01,0.75,50.0,order_ab,30.0,0.45,0.2,0.1,0.002,8.0,0.0094582395543523,52,280,0.0729666402988728,0.5547076416436044,0.0,0.125,0.0,square_vn__ql__plastic__intr0__struct0__alpha_async__order_ab__s1__d058e2bbf1,0.3992724893527122,0.3934421267638039,0.25,0.1324287184570821,0.002,ql,40,90,0.9,0.0655889565411588,0.3,0.42,0.08,180,0.0753335793093333,20,0.7301224078633486,8.076790251133484e-18,0.2,ablation,,False,40,170,230,-1,1.0,80,0.0737837408375188,0,40,1.0,2,0,0.25,0.01,0.75,50.0,30.0,0.45,0.2,0.1,0.002,8.0,-0.0058303625889083,0.00023551229625379255,0.002468427631263509,0.0,0.007191200695611744,0.009895140623129045
52,280,0.0676355570040471,0.5,0.5429846162246679,0.0,0.125,0.0,square_vn__markov__plastic__intr0__struct0__alpha_async__order_ab__s2__8148f0b6a1,0.400413640312691,0.436317639804868,0.25,False,0.1218262259407241,0.002,0.016,markov,0.68,square_vn,40,90,0.9,0.0623637655638384,0.3,0,0.42,0.08,180,0.070968597857487,0.3,20,0.6812722570868015,4.2833346621638455e-18,0.2,plastic,ablation,,False,alpha_async,40,170,230,2,-1,1.0,0.6,0.6,80,0.0705020964459167,0,0,40,1.0,2,0,0.25,0.01,0.75,50.0,order_ab,30.0,0.45,0.2,0.1,0.002,8.0,0.035903999492177,52,280,0.1838421986495681,0.3752756238471194,0.0,0.125,0.4745571996122465,square_vn__ql__plastic__intr0__struct0__alpha_async__order_ab__s2__c0606e8e10,0.2525780723565539,0.2519756354014899,0.25,0.5117343427078811,0.002,ql,40,90,0.9,0.113307014868388,0.3,0.42,0.08,180,0.1675272503983716,20,1.059627437997571,3.604844660119624e-18,0.2,ablation,,False,40,170,230,-1,1.0,80,0.0664791473398532,0,40,1.0,2,0,0.25,0.01,0.75,50.0,30.0,0.45,0.2,0.1,0.002,8.0,-0.000602436955064,0.11620664164552101,0.389908116767157,0.0,0.3783551809107695,0.8844699393234474
52,280,0.0676355570040471,0.5,0.5429846162246679,0.0,0.125,0.0,square_vn__markov__plastic__intr0__struct0__alpha_async__order_ab__s2__e6745433c0,0.400413640312691,0.436317639804868,0.25,True,0.1218262259407241,0.002,0.016,markov,0.68,square_vn,40,90,0.9,0.0623637655638384,0.3,0,0.42,0.08,180,0.070968597857487,0.3,20,0.6812722570868015,4.2833346621638455e-18,0.2,plastic,ablation,,False,alpha_async,40,170,230,2,-1,1.0,0.6,0.6,80,0.0705020964459167,0,0,40,1.0,2,0,0.25,0.01,0.75,50.0,order_ab,30.0,0.45,0.2,0.1,0.002,8.0,0.035903999492177,52,280,0.0639149292303137,0.5587457063662562,0.0,0.125,0.0,square_vn__ql__plastic__intr0__struct0__alpha_async__order_ab__s2__94a24c7360,0.3943669411475014,0.4636190170696753,0.25,0.1160689320623832,0.002,ql,40,90,0.9,0.0579680620131106,0.3,0.42,0.08,180,0.0693303843441846,20,0.6557512552041,7.239164406470428e-18,0.2,ablation,,False,40,170,230,-1,1.0,80,0.069493065377233,0,40,1.0,2,0,0.25,0.01,0.75,50.0,30.0,0.45,0.2,0.1,0.002,8.0,0.0692520759221738,0.003720627773733401,0.0057572938783409106,0.0,0.025521001882701455,0.03499892353477577
52,280,0.0744703056837512,0.5,0.5602624618729919,0.0,0.125,0.0,square_vn__markov__fixed__intr0__struct0__alpha_async__order_ba__s2__5121076844,0.4235908432630267,0.3645231490021069,0.25,False,0.1349551591200345,0.002,0.016,markov,0.68,square_vn,40,90,0.9,0.0662991772600494,0.3,0,0.42,0.08,180,0.0767404272465848,0.0,20,0.7337371687479676,1.0000665630708337e-17,0.2,fixed,ablation,,False,alpha_async,40,170,230,2,-1,1.0,0.6,0.6,80,0.0791348618426334,0,0,40,1.0,2,0,0.25,0.01,0.75,50.0,order_ba,30.0,0.45,0.2,0.1,0.002,8.0,-0.0590676942609197,52,280,0.1908134960184764,0.3978409217758614,0.0,0.125,0.4704117736606324,square_vn__ql__fixed__intr0__struct0__alpha_async__order_ba__s2__96d7b436c2,0.2517370704048476,0.2594115953450696,0.25,0.5216623675111917,0.002,ql,40,90,0.9,0.115059562023853,0.3,0.42,0.08,180,0.1710596826682724,20,1.1059342052037235,6.050616776758163e-18,0.2,ablation,,False,40,170,230,-1,1.0,80,0.0766977860446095,0,40,1.0,2,0,0.25,0.01,0.75,50.0,30.0,0.45,0.2,0.1,0.002,8.0,0.0076745249402219,0.11634319033472519,0.38670720839115713,0.0,0.37219703645575597,0.8752474351816383
52,280,0.0782853753406147,0.5,0.5714284758910417,0.0,0.125,0.0,square_vn__markov__fixed__intr0__struct0__alpha_async__order_ba__s1__50ef98a637,0.4071065106105379,0.4007724158925636,0.25,True,0.1423534079247632,0.002,0.016,markov,0.68,square_vn,40,90,0.9,0.0679624477416133,0.3,0,0.42,0.08,180,0.0784055363105479,0.0,20,0.7648224069264254,8.191592886321414e-18,0.2,fixed,ablation,,False,alpha_async,40,170,230,1,-1,1.0,0.6,0.6,80,0.082275431791694,0,0,40,1.0,2,0,0.25,0.01,0.75,50.0,order_ba,30.0,0.45,0.2,0.1,0.002,8.0,-0.0063340947179742,52,280,0.0780038384158741,0.5600849864673049,0.0,0.125,0.0,square_vn__ql__fixed__intr0__struct0__alpha_async__order_ba__s1__2360ff85ef,0.3979750924461123,0.4001978582295462,0.25,0.1411171441449577,0.002,ql,40,90,0.9,0.0691380801909229,0.3,0.42,0.08,180,0.0784478449417516,20,0.7613093837783403,6.792878785005536e-18,0.2,ablation,,False,40,170,230,-1,1.0,80,0.0815588372353802,0,40,1.0,2,0,0.25,0.01,0.75,50.0,30.0,0.45,0.2,0.1,0.002,8.0,0.0022227657834338,0.00028153692474058856,0.0012362637798054854,0.0,0.0035130231480851037,0.005030823852631178
52,280,0.0677636973584324,0.5,0.569596838908979,0.0,0.125,0.0,square_vn__markov__fixed__intr0__struct0__alpha_async__order_ba__s1__0b5fab2a0c,0.4359582477553395,0.409063426400166,0.25,False,0.1186897504724764,0.002,0.016,markov,0.68,square_vn,40,90,0.9,0.0600981011788513,0.3,0,0.42,0.08,180,0.0712871354776347,0.3,20,0.6872816257370918,6.5596021290348895e-18,0.2,fixed,ablation,,False,alpha_async,40,170,230,1,-1,1.0,0.6,0.6,80,0.0746016283472325,0,0,40,1.0,2,0,0.25,0.01,0.75,50.0,order_ba,30.0,0.45,0.2,0.1,0.002,8.0,-0.0268948213551734,52,280,0.1942614868372733,0.3808057780026714,0.0,0.125,0.4643996603837757,square_vn__ql__fixed__intr0__struct0__alpha_async__order_ba__s1__c937a8495d,0.2596641677530412,0.2329260947393076,0.25,0.5238553782733267,0.002,ql,40,90,0.9,0.1203210703848095,0.3,0.42,0.08,180,0.1738008745718074,20,1.1239604966311554,5.277048381232179e-18,0.2,ablation,,False,40,170,230,-1,1.0,80,0.0770733288588537,0,40,1.0,2,0,0.25,0.01,0.75,50.0,30.0,0.45,0.2,0.1,0.002,8.0,-0.0267380730137335,0.12649778947884088,0.4051656278008503,0.0,0.43667887089406354,0.9683422881737548
52,280,0.0677636973584324,0.5,0.569596838908979,0.0,0.125,0.0,square_vn__markov__fixed__intr0__struct0__alpha_async__order_ba__s1__467a1ffdd5,0.4359582477553395,0.409063426400166,0.25,True,0.1186897504724764,0.002,0.016,markov,0.68,square_vn,40,90,0.9,0.0600981011788513,0.3,0,0.42,0.08,180,0.0712871354776347,0.3,20,0.6872816257370918,6.5596021290348895e-18,0.2,fixed,ablation,,False,alpha_async,40,170,230,1,-1,1.0,0.6,0.6,80,0.0746016283472325,0,0,40,1.0,2,0,0.25,0.01,0.75,50.0,order_ba,30.0,0.45,0.2,0.1,0.002,8.0,-0.0268948213551734,52,280,0.0634155670332509,0.5551301665991083,0.0,0.125,0.0,square_vn__ql__fixed__intr0__struct0__alpha_async__order_ba__s1__16a83282d4,0.4437868398010376,0.3985715228600799,0.25,0.114823043895567,0.002,ql,40,90,0.9,0.057895203677582,0.3,0.42,0.08,180,0.0702843744040332,20,0.6529266748326711,6.577273161884839e-18,0.2,ablation,,False,40,170,230,-1,1.0,80,0.071451924833229,0,40,1.0,2,0,0.25,0.01,0.75,50.0,30.0,0.45,0.2,0.1,0.002,8.0,-0.0452153169409576,0.004348130325181512,0.0038667065769094067,0.0,0.034354950904420756,0.042569787806511675
52,280,0.0751117621018509,0.5,0.5406739047777034,0.0,0.125,0.0,square_vn__markov__plastic__intr0__struct0__alpha_async__order_ba__s1__8025202bb6,0.3969794856200072,0.3840184156831067,0.25,False,0.1362076743878863,0.002,0.016,markov,0.68,square_vn,40,90,0.9,0.0689068473011032,0.3,0,0.42,0.08,180,0.0775788841720688,0.0,20,0.7386401735897369,7.668392294594963e-18,0.2,plastic,ablation,,False,alpha_async,40,170,230,1,-1,1.0,0.6,0.6,80,0.0793969189173927,0,0,40,1.0,2,0,0.25,0.01,0.75,50.0,order_ba,30.0,0.45,0.2,0.1,0.002,8.0,-0.0129610699369004,52,280,0.1951053917121522,0.3771800795754006,0.0,0.125,0.46514440527797,square_vn__ql__plastic__intr0__struct0__alpha_async__order_ba__s1__b88a3c3942,0.2288297259309789,0.2312144739093279,0.25,0.5252409685538275,0.002,ql,40,90,0.9,0.1222354263039447,0.3,0.42,0.08,180,0.175172064302665,20,1.1309353368038246,4.271463858133436e-18,0.2,ablation,,False,40,170,230,-1,1.0,80,0.0773484664191734,0,40,1.0,2,0,0.25,0.01,0.75,50.0,30.0,0.45,0.2,0.1,0.002,8.0,0.0023847479783489,0.11999362961030129,0.38903329416594123,0.0,0.39229516321408775,0.9013220869903302
52,280,0.0751117621018509,0.5,0.5406739047777034,0.0,0.125,0.0,square_vn__markov__plastic__intr0__struct0__alpha_async__order_ba__s1__248a4a172d,0.3969794856200072,0.3840184156831067,0.25,True,0.1362076743878863,0.002,0.016,markov,0.68,square_vn,40,90,0.9,0.0689068473011032,0.3,0,0.42,0.08,180,0.0775788841720688,0.0,20,0.7386401735897369,7.668392294594963e-18,0.2,plastic,ablation,,False,alpha_async,40,170,230,1,-1,1.0,0.6,0.6,80,0.0793969189173927,0,0,40,1.0,2,0,0.25,0.01,0.75,50.0,order_ba,30.0,0.45,0.2,0.1,0.002,8.0,-0.0129610699369004,52,280,0.0771892164160112,0.5626810002712216,0.0,0.125,0.0,square_vn__ql__plastic__intr0__struct0__alpha_async__order_ba__s1__1de7a2a9bf,0.4122225965607988,0.3839068009694351,0.25,0.1423828150734428,0.002,ql,40,90,0.9,0.067960181523273,0.3,0.42,0.08,180,0.0786472052864734,20,0.7594309558721747,7.99078250516926e-18,0.2,ablation,,False,40,170,230,-1,1.0,80,0.0838883813242547,0,40,1.0,2,0,0.25,0.01,0.75,50.0,30.0,0.45,0.2,0.1,0.002,8.0,-0.0283157955913637,0.0020774543141603014,0.006175140685556496,0.0,0.020790782282437803,0.0290433772821546
52,280,0.0695075486841005,0.5,0.5713378178886624,0.0,0.125,0.0,square_vn__markov__plastic__intr0__struct0__alpha_async__order_ba__s1__850de5fa5a,0.445585144020536,0.4188155590021052,0.25,False,0.1252759514216476,0.002,0.016,markov,0.68,square_vn,40,90,0.9,0.0615374672791546,0.3,0,0.42,0.08,180,0.0725179819309169,0.3,20,0.7002181893830843,5.2863511965634245e-18,0.2,plastic,ablation,,False,alpha_async,40,170,230,1,-1,1.0,0.6,0.6,80,0.0779642196388002,0,0,40,1.0,2,0,0.25,0.01,0.75,50.0,order_ba,30.0,0.45,0.2,0.1,0.002,8.0,-0.0267695850184307,52,280,0.1860085310064378,0.3891106206466782,0.0,0.125,0.4695086876613201,square_vn__ql__plastic__intr0__struct0__alpha_async__order_ba__s1__2c7d5ea5ba,0.2522390317704551,0.2611950676740113,0.25,0.5148543097552049,0.002,ql,40,90,0.9,0.1139208768362087,0.3,0.42,0.08,180,0.1695836910706561,20,1.0757330906293452,5.992307059037816e-18,0.2,ablation,,False,40,170,230,-1,1.0,80,0.0754810372800581,0,40,1.0,2,0,0.25,0.01,0.75,50.0,30.0,0.45,0.2,0.1,0.002,8.0,0.0089560359035562,0.1165009823223373,0.38957835833355725,0.0,0.37551490124626086,0.8815942419021554
52,280,0.0695075486841005,0.5,0.5713378178886624,0.0,0.125,0.0,square_vn__markov__plastic__intr0__struct0__alpha_async__order_ba__s1__da1c2bdbb5,0.445585144020536,0.4188155590021052,0.25,True,0.1252759514216476,0.002,0.016,markov,0.68,square_vn,40,90,0.9,0.0615374672791546,0.3,0,0.42,0.08,180,0.0725179819309169,0.3,20,0.7002181893830843,5.2863511965634245e-18,0.2,plastic,ablation,,False,alpha_async,40,170,230,1,-1,1.0,0.6,0.6,80,0.0779642196388002,0,0,40,1.0,2,0,0.25,0.01,0.75,50.0,order_ba,30.0,0.45,0.2,0.1,0.002,8.0,-0.0267695850184307,52,280,0.0661919641700498,0.5499381783785052,0.0,0.125,0.0,square_vn__ql__plastic__intr0__struct0__alpha_async__order_ba__s1__3e93e9fa33,0.4499138081681004,0.4228846967795102,0.25,0.1196116370400278,0.002,ql,40,90,0.9,0.0609904002462037,0.3,0.42,0.08,180,0.0710459801488998,20,0.6770068221403652,9.769405953488884e-18,0.2,ablation,,False,40,170,230,-1,1.0,80,0.0731416918350864,0,40,1.0,2,0,0.25,0.01,0.75,50.0,30.0,0.45,0.2,0.1,0.002,8.0,-0.0270291113885902,0.003315584514050701,0.005664314381619809,0.0,0.023211367242719105,0.032191266138389615
