geometry,formalism,schedule,task,plasticity,intrinsic_enabled,structural_enabled,gamma,memory_strength,eta_weight,alpha_async,sigma_birth,sigma_survive,diagonal_ablation,activity_late__mean,activity_late__std,activity_late__median,activity_late__count,entropy_late__mean,entropy_late__std,entropy_late__median,entropy_late__count,repair_reference_corr__mean,repair_reference_corr__std,repair_reference_corr__median,repair_reference_corr__count,corr_A_late__mean,corr_A_late__std,corr_A_late__median,corr_A_late__count,corr_B_late__mean,corr_B_late__std,corr_B_late__median,corr_B_late__count,neighbor_pattern_entropy_late__mean,neighbor_pattern_entropy_late__std,neighbor_pattern_entropy_late__median,neighbor_pattern_entropy_late__count,spectral_peak_fraction_late__mean,spectral_peak_fraction_late__std,spectral_peak_fraction_late__median,spectral_peak_fraction_late__count,coherence_late__mean,coherence_late__std,coherence_late__median,coherence_late__count,structural_link_fraction_late__mean,structural_link_fraction_late__std,structural_link_fraction_late__median,structural_link_fraction_late__count,structural_additions_total__mean,structural_additions_total__std,structural_additions_total__median,structural_additions_total__count,structural_removals_total__mean,structural_removals_total__std,structural_removals_total__median,structural_removals_total__count
extended_hex_r2,markov,alpha_async,lesion,fixed,0,0,0.68,0.0,0.016,0.5,0.6,0.6,False,0.4511103569321711,0.02262914592796967,0.4511103569321711,2,0.8406290983138129,0.006386400062892983,0.8406290983138129,2,-0.0208834513554013,0.019472732172936002,-0.0208834513554013,2,-0.010354768694919799,0.009975479357236992,-0.010354768694919799,2,0.0010896882987153494,0.03127358305941227,0.0010896882987153494,2,0.5769987797260554,0.18021427672072818,0.5769987797260554,2,0.0046102438537908,0.00025672275159472545,0.0046102438537908,2,0.0,0.0,0.0,2,1.0,0.0,1.0,2,0.0,0.0,0.0,2,0.0,0.0,0.0,2
extended_hex_r2,markov,alpha_async,lesion,fixed,0,0,0.68,0.0,0.016,0.5,0.6,0.6,True,0.4511103569321711,0.02262914592796967,0.4511103569321711,2,0.8406290983138129,0.006386400062892983,0.8406290983138129,2,-0.0208834513554013,0.019472732172936002,-0.0208834513554013,2,-0.010354768694919799,0.009975479357236992,-0.010354768694919799,2,0.0010896882987153494,0.03127358305941227,0.0010896882987153494,2,0.5769987797260554,0.18021427672072818,0.5769987797260554,2,0.0046102438537908,0.00025672275159472545,0.0046102438537908,2,0.0,0.0,0.0,2,1.0,0.0,1.0,2,0.0,0.0,0.0,2,0.0,0.0,0.0,2
extended_hex_r2,markov,alpha_async,lesion,fixed,0,0,0.68,0.3,0.016,0.5,0.6,0.6,False,0.447465173756214,0.024994446593770935,0.447465173756214,2,0.8335713097980872,0.010051551360947911,0.8335713097980872,2,-0.0163538423869678,0.01580509635122506,-0.0163538423869678,2,-0.0043096270513531,0.010457808402659514,-0.0043096270513531,2,0.010539560890943399,0.02819952437230304,0.010539560890943399,2,0.553527425529405,0.21615654743053667,0.553527425529405,2,0.0045710708799778,0.0010104323669761367,0.0045710708799778,2,0.0,0.0,0.0,2,1.0,0.0,1.0,2,0.0,0.0,0.0,2,0.0,0.0,0.0,2
extended_hex_r2,markov,alpha_async,lesion,fixed,0,0,0.68,0.3,0.016,0.5,0.6,0.6,True,0.447465173756214,0.024994446593770935,0.447465173756214,2,0.8335713097980872,0.010051551360947911,0.8335713097980872,2,-0.0163538423869678,0.01580509635122506,-0.0163538423869678,2,-0.0043096270513531,0.010457808402659514,-0.0043096270513531,2,0.010539560890943399,0.02819952437230304,0.010539560890943399,2,0.553527425529405,0.21615654743053667,0.553527425529405,2,0.0045710708799778,0.0010104323669761367,0.0045710708799778,2,0.0,0.0,0.0,2,1.0,0.0,1.0,2,0.0,0.0,0.0,2,0.0,0.0,0.0,2
extended_hex_r2,markov,alpha_async,lesion,plastic,0,0,0.68,0.0,0.016,0.5,0.6,0.6,False,0.43385128857645594,0.007690911188697207,0.43385128857645594,2,0.8387553682499448,0.006791781140336314,0.8387553682499448,2,-0.0251952579342791,0.027478870378128344,-0.0251952579342791,2,0.00685594657332695,0.03280301915840477,0.00685594657332695,2,-0.00020739563579759944,0.020347651059851164,-0.00020739563579759944,2,0.5053509067974589,0.14353986118935752,0.5053509067974589,2,0.0051652390266585,0.0016110864468712475,0.0051652390266585,2,0.0,0.0,0.0,2,0.999465811965812,2.9055998569542327e-05,0.999465811965812,2,0.0,0.0,0.0,2,0.0,0.0,0.0,2
extended_hex_r2,markov,alpha_async,lesion,plastic,0,0,0.68,0.0,0.016,0.5,0.6,0.6,True,0.43385128857645594,0.007690911188697207,0.43385128857645594,2,0.8387553682499448,0.006791781140336314,0.8387553682499448,2,-0.0251952579342791,0.027478870378128344,-0.0251952579342791,2,0.00685594657332695,0.03280301915840477,0.00685594657332695,2,-0.00020739563579759944,0.020347651059851164,-0.00020739563579759944,2,0.5053509067974589,0.14353986118935752,0.5053509067974589,2,0.0051652390266585,0.0016110864468712475,0.0051652390266585,2,0.0,0.0,0.0,2,0.999465811965812,2.9055998569542327e-05,0.999465811965812,2,0.0,0.0,0.0,2,0.0,0.0,0.0,2
extended_hex_r2,markov,alpha_async,lesion,plastic,0,0,0.68,0.3,0.016,0.5,0.6,0.6,False,0.4255341194506371,0.0006824126841416221,0.4255341194506371,2,0.8254765454080129,0.001473068162386154,0.8254765454080129,2,-0.0153227241246628,0.05000139902604139,-0.0153227241246628,2,0.0071942596182673,0.023702499635763864,0.0071942596182673,2,-0.011283467164311299,0.004644756993287315,-0.011283467164311299,2,0.442668123610977,0.02055210048620599,0.442668123610977,2,0.0037108566852566,0.00012442610232624643,0.0037108566852566,2,0.0,0.0,0.0,2,0.9993322649572649,4.35839978540976e-05,0.9993322649572649,2,0.0,0.0,0.0,2,0.0,0.0,0.0,2
extended_hex_r2,markov,alpha_async,lesion,plastic,0,0,0.68,0.3,0.016,0.5,0.6,0.6,True,0.4255341194506371,0.0006824126841416221,0.4255341194506371,2,0.8254765454080129,0.001473068162386154,0.8254765454080129,2,-0.0153227241246628,0.05000139902604139,-0.0153227241246628,2,0.0071942596182673,0.023702499635763864,0.0071942596182673,2,-0.011283467164311299,0.004644756993287315,-0.011283467164311299,2,0.442668123610977,0.02055210048620599,0.442668123610977,2,0.0037108566852566,0.00012442610232624643,0.0037108566852566,2,0.0,0.0,0.0,2,0.9993322649572649,4.35839978540976e-05,0.9993322649572649,2,0.0,0.0,0.0,2,0.0,0.0,0.0,2
extended_hex_r2,markov,alpha_async,order_ab,fixed,0,0,0.68,0.0,0.016,0.5,0.6,0.6,False,0.25627860576170886,0.005006838104022301,0.25627860576170886,2,0.4767404321826014,0.0013403465624442744,0.4767404321826014,2,,,,0,0.20356571267614035,0.00020276766982895353,0.20356571267614035,2,0.19831036336453844,0.011538930584837362,0.19831036336453844,2,1.2376998393372745,0.02453274773921521,1.2376998393372745,2,0.10938508005958306,0.0012763110231178189,0.10938508005958306,2,0.0,0.0,0.0,2,1.0,0.0,1.0,2,0.0,0.0,0.0,2,0.0,0.0,0.0,2
extended_hex_r2,markov,alpha_async,order_ab,fixed,0,0,0.68,0.0,0.016,0.5,0.6,0.6,True,0.25627860576170886,0.005006838104022301,0.25627860576170886,2,0.4767404321826014,0.0013403465624442744,0.4767404321826014,2,,,,0,0.20356571267614035,0.00020276766982895353,0.20356571267614035,2,0.19831036336453844,0.011538930584837362,0.19831036336453844,2,1.2376998393372745,0.02453274773921521,1.2376998393372745,2,0.10938508005958306,0.0012763110231178189,0.10938508005958306,2,0.0,0.0,0.0,2,1.0,0.0,1.0,2,0.0,0.0,0.0,2,0.0,0.0,0.0,2
extended_hex_r2,markov,alpha_async,order_ab,fixed,0,0,0.68,0.3,0.016,0.5,0.6,0.6,False,0.24419817630447885,0.00012864242625803323,0.24419817630447885,2,0.44762158457866796,0.0052856335170363075,0.44762158457866796,2,,,,0,0.2133272781618252,0.008852139628934273,0.2133272781618252,2,0.21136246533734465,0.012843726410690693,0.21136246533734465,2,1.270846470207385,0.06600155638355358,1.270846470207385,2,0.11718409495157486,0.00260105237788341,0.11718409495157486,2,0.0,0.0,0.0,2,1.0,0.0,1.0,2,0.0,0.0,0.0,2,0.0,0.0,0.0,2
extended_hex_r2,markov,alpha_async,order_ab,fixed,0,0,0.68,0.3,0.016,0.5,0.6,0.6,True,0.24419817630447885,0.00012864242625803323,0.24419817630447885,2,0.44762158457866796,0.0052856335170363075,0.44762158457866796,2,,,,0,0.2133272781618252,0.008852139628934273,0.2133272781618252,2,0.21136246533734465,0.012843726410690693,0.21136246533734465,2,1.270846470207385,0.06600155638355358,1.270846470207385,2,0.11718409495157486,0.00260105237788341,0.11718409495157486,2,0.0,0.0,0.0,2,1.0,0.0,1.0,2,0.0,0.0,0.0,2,0.0,0.0,0.0,2
extended_hex_r2,markov,alpha_async,order_ab,plastic,0,0,0.68,0.0,0.016,0.5,0.6,0.6,False,0.22881754334985754,0.00114885804072925,0.22881754334985754,2,0.433024973980322,0.0017518444612253576,0.433024973980322,2,,,,0,0.22043737825259355,0.00931265656007731,0.22043737825259355,2,0.2252503297877631,0.004547665507886192,0.2252503297877631,2,1.2075657442603378,0.0015719903899102,1.2075657442603378,2,0.11621143567319385,0.0027545970112639647,0.11621143567319385,2,0.0,0.0,0.0,2,0.9972571499013807,4.35839978540976e-05,0.9972571499013807,2,0.0,0.0,0.0,2,0.0,0.0,0.0,2
extended_hex_r2,markov,alpha_async,order_ab,plastic,0,0,0.68,0.0,0.016,0.5,0.6,0.6,True,0.22881754334985754,0.00114885804072925,0.22881754334985754,2,0.433024973980322,0.0017518444612253576,0.433024973980322,2,,,,0,0.22043737825259355,0.00931265656007731,0.22043737825259355,2,0.2252503297877631,0.004547665507886192,0.2252503297877631,2,1.2075657442603378,0.0015719903899102,1.2075657442603378,2,0.11621143567319385,0.0027545970112639647,0.11621143567319385,2,0.0,0.0,0.0,2,0.9972571499013807,4.35839978540976e-05,0.9972571499013807,2,0.0,0.0,0.0,2,0.0,0.0,0.0,2
extended_hex_r2,markov,alpha_async,order_ab,plastic,0,0,0.68,0.3,0.016,0.5,0.6,0.6,False,0.20926746459672996,0.008154055190209722,0.20926746459672996,2,0.3922756949918962,0.010784955227941106,0.3922756949918962,2,,,,0,0.2497205612227048,0.0024182059731712342,0.2497205612227048,2,0.25434497678257756,0.002844673271832006,0.25434497678257756,2,1.2261213886703195,0.030548164486407407,1.2261213886703195,2,0.1256730530235369,0.0006481729870825278,0.1256730530235369,2,0.0,0.0,0.0,2,0.9971852399737016,0.00011622399427789454,0.9971852399737016,2,0.0,0.0,0.0,2,0.0,0.0,0.0,2
extended_hex_r2,markov,alpha_async,order_ab,plastic,0,0,0.68,0.3,0.016,0.5,0.6,0.6,True,0.20926746459672996,0.008154055190209722,0.20926746459672996,2,0.3922756949918962,0.010784955227941106,0.3922756949918962,2,,,,0,0.2497205612227048,0.0024182059731712342,0.2497205612227048,2,0.25434497678257756,0.002844673271832006,0.25434497678257756,2,1.2261213886703195,0.030548164486407407,1.2261213886703195,2,0.1256730530235369,0.0006481729870825278,0.1256730530235369,2,0.0,0.0,0.0,2,0.9971852399737016,0.00011622399427789454,0.9971852399737016,2,0.0,0.0,0.0,2,0.0,0.0,0.0,2
extended_hex_r2,markov,alpha_async,order_ba,fixed,0,0,0.68,0.0,0.016,0.5,0.6,0.6,False,0.2573354773140395,0.0028194971254476755,0.2573354773140395,2,0.47524072168680664,0.007743354858892603,0.47524072168680664,2,,,,0,0.20094269623167732,0.0064831312262513836,0.20094269623167732,2,0.18856724420286136,0.0028222638226969026,0.18856724420286136,2,1.3150767755107513,0.039975470954610584,1.3150767755107513,2,0.12829537576705138,0.01489651849565404,0.12829537576705138,2,0.0,0.0,0.0,2,1.0,0.0,1.0,2,0.0,0.0,0.0,2,0.0,0.0,0.0,2
extended_hex_r2,markov,alpha_async,order_ba,fixed,0,0,0.68,0.0,0.016,0.5,0.6,0.6,True,0.2573354773140395,0.0028194971254476755,0.2573354773140395,2,0.47524072168680664,0.007743354858892603,0.47524072168680664,2,,,,0,0.20094269623167732,0.0064831312262513836,0.20094269623167732,2,0.18856724420286136,0.0028222638226969026,0.18856724420286136,2,1.3150767755107513,0.039975470954610584,1.3150767755107513,2,0.12829537576705138,0.01489651849565404,0.12829537576705138,2,0.0,0.0,0.0,2,1.0,0.0,1.0,2,0.0,0.0,0.0,2,0.0,0.0,0.0,2
extended_hex_r2,markov,alpha_async,order_ba,fixed,0,0,0.68,0.3,0.016,0.5,0.6,0.6,False,0.23884910113265861,0.00941541814837563,0.23884910113265861,2,0.44031136714298974,0.001969627392301195,0.44031136714298974,2,,,,0,0.21943789141950193,0.003611805055913719,0.21943789141950193,2,0.19623550254992014,0.01110538786745175,0.19623550254992014,2,1.2582937962510239,0.0564487147030531,1.2582937962510239,2,0.13111816535866871,0.005289647000647722,0.13111816535866871,2,0.0,0.0,0.0,2,1.0,0.0,1.0,2,0.0,0.0,0.0,2,0.0,0.0,0.0,2
extended_hex_r2,markov,alpha_async,order_ba,fixed,0,0,0.68,0.3,0.016,0.5,0.6,0.6,True,0.23884910113265861,0.00941541814837563,0.23884910113265861,2,0.44031136714298974,0.001969627392301195,0.44031136714298974,2,,,,0,0.21943789141950193,0.003611805055913719,0.21943789141950193,2,0.19623550254992014,0.01110538786745175,0.19623550254992014,2,1.2582937962510239,0.0564487147030531,1.2582937962510239,2,0.13111816535866871,0.005289647000647722,0.13111816535866871,2,0.0,0.0,0.0,2,1.0,0.0,1.0,2,0.0,0.0,0.0,2,0.0,0.0,0.0,2
extended_hex_r2,markov,alpha_async,order_ba,plastic,0,0,0.68,0.0,0.016,0.5,0.6,0.6,False,0.24941992025971715,0.004110381016758288,0.24941992025971715,2,0.46821381985664523,0.0018580144523395667,0.46821381985664523,2,,,,0,0.2102445539384462,0.0046805979774534765,0.2102445539384462,2,0.1930669857779625,0.014552562905068454,0.1930669857779625,2,1.2729044236220797,0.0487979897132446,1.2729044236220797,2,0.1169505108064311,0.007138803824477506,0.1169505108064311,2,0.0,0.0,0.0,2,0.9972468770545693,0.00020339198998624674,0.9972468770545693,2,0.0,0.0,0.0,2,0.0,0.0,0.0,2
extended_hex_r2,markov,alpha_async,order_ba,plastic,0,0,0.68,0.0,0.016,0.5,0.6,0.6,True,0.24941992025971715,0.004110381016758288,0.24941992025971715,2,0.46821381985664523,0.0018580144523395667,0.46821381985664523,2,,,,0,0.2102445539384462,0.0046805979774534765,0.2102445539384462,2,0.1930669857779625,0.014552562905068454,0.1930669857779625,2,1.2729044236220797,0.0487979897132446,1.2729044236220797,2,0.1169505108064311,0.007138803824477506,0.1169505108064311,2,0.0,0.0,0.0,2,0.9972468770545693,0.00020339198998624674,0.9972468770545693,2,0.0,0.0,0.0,2,0.0,0.0,0.0,2
extended_hex_r2,markov,alpha_async,order_ba,plastic,0,0,0.68,0.3,0.016,0.5,0.6,0.6,False,0.22919241488705644,0.0011765520579375824,0.22919241488705644,2,0.42808637920954506,0.002395732038751548,0.42808637920954506,2,,,,0,0.2303824524286193,0.005055050159493657,0.2303824524286193,2,0.2136591975775632,0.017823016459907002,0.2136591975775632,2,1.2584390987703922,0.0018908935170466332,1.2584390987703922,2,0.1235099268446441,0.004173754570232865,0.1235099268446441,2,0.0,0.0,0.0,2,0.9971236028928336,0.00014527999284751536,0.9971236028928336,2,0.0,0.0,0.0,2,0.0,0.0,0.0,2
extended_hex_r2,markov,alpha_async,order_ba,plastic,0,0,0.68,0.3,0.016,0.5,0.6,0.6,True,0.22919241488705644,0.0011765520579375824,0.22919241488705644,2,0.42808637920954506,0.002395732038751548,0.42808637920954506,2,,,,0,0.2303824524286193,0.005055050159493657,0.2303824524286193,2,0.2136591975775632,0.017823016459907002,0.2136591975775632,2,1.2584390987703922,0.0018908935170466332,1.2584390987703922,2,0.1235099268446441,0.004173754570232865,0.1235099268446441,2,0.0,0.0,0.0,2,0.9971236028928336,0.00014527999284751536,0.9971236028928336,2,0.0,0.0,0.0,2,0.0,0.0,0.0,2
extended_hex_r2,ql,alpha_async,lesion,fixed,0,0,0.68,0.0,0.016,0.5,0.6,0.6,False,0.4505995345564278,0.028304081161243794,0.4505995345564278,2,0.8369629306378619,0.006351972329402277,0.8369629306378619,2,-0.014844094995019048,0.01602656283459716,-0.014844094995019048,2,-0.00867365994945775,0.004274863625767414,-0.00867365994945775,2,0.00485547569617855,0.02297359067209636,0.00485547569617855,2,0.5265753598199626,0.21361843229695143,0.5265753598199626,2,0.0040584824661719,0.00015132053402549934,0.0040584824661719,2,0.1505468982284078,0.005625479619919352,0.1505468982284078,2,1.0,0.0,1.0,2,0.0,0.0,0.0,2,0.0,0.0,0.0,2
extended_hex_r2,ql,alpha_async,lesion,fixed,0,0,0.68,0.0,0.016,0.5,0.6,0.6,True,0.4511103569321711,0.02262914592796967,0.4511103569321711,2,0.8406290983138127,0.006386400062892904,0.8406290983138127,2,-0.0208834513554013,0.019472732172936002,-0.0208834513554013,2,-0.010354768694919851,0.009975479357237063,-0.010354768694919851,2,0.0010896882987153998,0.0312735830594122,0.0010896882987153998,2,0.5769987797260554,0.18021427672072818,0.5769987797260554,2,0.0046102438537908,0.00025672275159472545,0.0046102438537908,2,0.0,0.0,0.0,2,1.0,0.0,1.0,2,0.0,0.0,0.0,2,0.0,0.0,0.0,2
extended_hex_r2,ql,alpha_async,lesion,fixed,0,0,0.68,0.3,0.016,0.5,0.6,0.6,False,0.45525420701575514,0.02112988610904105,0.45525420701575514,2,0.843359277345098,0.0036325690176209477,0.843359277345098,2,0.02134796718966535,0.06552127178336098,0.02134796718966535,2,0.0057243727128788,0.012190316813348487,0.0057243727128788,2,0.01709630026816695,0.005580116520714562,0.01709630026816695,2,0.7273672550084446,0.0682701105161452,0.7273672550084446,2,0.014427368863330101,0.014485888199689169,0.014427368863330101,2,0.15186442641798234,0.0033377664226315754,0.15186442641798234,2,1.0,0.0,1.0,2,0.0,0.0,0.0,2,0.0,0.0,0.0,2
extended_hex_r2,ql,alpha_async,lesion,fixed,0,0,0.68,0.3,0.016,0.5,0.6,0.6,True,0.44746517375621386,0.02499444659377078,0.44746517375621386,2,0.8335713097980872,0.010051551360947873,0.8335713097980872,2,-0.01635384238696775,0.015805096351224988,-0.01635384238696775,2,-0.00430962705135315,0.010457808402659585,-0.00430962705135315,2,0.01053956089094335,0.028199524372303112,0.01053956089094335,2,0.553527425529405,0.21615654743053667,0.553527425529405,2,0.00457107087997785,0.001010432366976207,0.00457107087997785,2,0.0,0.0,0.0,2,1.0,0.0,1.0,2,0.0,0.0,0.0,2,0.0,0.0,0.0,2
extended_hex_r2,ql,alpha_async,lesion,plastic,0,0,0.68,0.0,0.016,0.5,0.6,0.6,False,0.4401953873279788,0.0007870846746244686,0.4401953873279788,2,0.848768279213007,0.00221870802779938,0.848768279213007,2,0.0005107083692119999,0.020928382044892967,0.0005107083692119999,2,0.0216265685729806,0.018408473913280356,0.0216265685729806,2,0.02148281381054155,0.00877918285146613,0.02148281381054155,2,0.7153461627965754,0.04568480680403863,0.7153461627965754,2,0.0147358649384162,0.008639857196172407,0.0147358649384162,2,0.15355471139407206,0.0018608454720259774,0.15355471139407206,2,0.999332264957265,7.263999642375768e-05,0.999332264957265,2,0.0,0.0,0.0,2,0.0,0.0,0.0,2
extended_hex_r2,ql,alpha_async,lesion,plastic,0,0,0.68,0.0,0.016,0.5,0.6,0.6,True,0.43385128857645583,0.007690911188697325,0.43385128857645583,2,0.8387553682499449,0.006791781140336589,0.8387553682499449,2,-0.0251952579342792,0.027478870378128482,-0.0251952579342792,2,0.0068559465733268495,0.03280301915840477,0.0068559465733268495,2,-0.00020739563579780067,0.020347651059851164,-0.00020739563579780067,2,0.5053509067974589,0.14353986118935752,0.5053509067974589,2,0.0051652390266585,0.0016110864468712475,0.0051652390266585,2,0.0,0.0,0.0,2,0.999465811965812,2.9055998569542327e-05,0.999465811965812,2,0.0,0.0,0.0,2,0.0,0.0,0.0,2
extended_hex_r2,ql,alpha_async,lesion,plastic,0,0,0.68,0.3,0.016,0.5,0.6,0.6,False,0.43833990149707885,0.008308320417664012,0.43833990149707885,2,0.8484214296780055,0.009163627285927328,0.8484214296780055,2,-0.0349083378199026,0.02389237778664201,-0.0349083378199026,2,-0.0191427850258575,0.007646939790322816,-0.0191427850258575,2,-0.0148209759242235,0.015673992445588716,-0.0148209759242235,2,0.6042816966675119,0.20644224001575792,0.6042816966675119,2,0.01076208079698435,0.008835258633940685,0.01076208079698435,2,0.15550278010509216,0.002750299707681333,0.15550278010509216,2,0.9993219921104537,2.905599856946382e-05,0.9993219921104537,2,0.0,0.0,0.0,2,0.0,0.0,0.0,2
extended_hex_r2,ql,alpha_async,lesion,plastic,0,0,0.68,0.3,0.016,0.5,0.6,0.6,True,0.4255341194506371,0.0006824126841415633,0.4255341194506371,2,0.8254765454080129,0.0014730681623860362,0.8254765454080129,2,-0.015322724124662799,0.05000139902604125,-0.015322724124662799,2,0.00719425961826735,0.02370249963576379,0.00719425961826735,2,-0.011283467164311299,0.004644756993287315,-0.011283467164311299,2,0.442668123610977,0.02055210048620599,0.442668123610977,2,0.0037108566852566,0.00012442610232624643,0.0037108566852566,2,0.0,0.0,0.0,2,0.9993322649572649,4.35839978540976e-05,0.9993322649572649,2,0.0,0.0,0.0,2,0.0,0.0,0.0,2
extended_hex_r2,ql,alpha_async,order_ab,fixed,0,0,0.68,0.0,0.016,0.5,0.6,0.6,False,0.37997104725702585,0.001164226915823,0.37997104725702585,2,0.7623449029051167,0.009726330786284782,0.7623449029051167,2,,,,0,0.08028379898364545,0.010344482206166702,0.08028379898364545,2,0.0939150125169079,0.02528196887031849,0.0939150125169079,2,1.0631596794899023,0.08840471657785456,1.0631596794899023,2,0.052441526421910856,0.0014374002630656503,0.052441526421910856,2,0.26070185657703415,0.001809445867300112,0.26070185657703415,2,1.0,0.0,1.0,2,0.0,0.0,0.0,2,0.0,0.0,0.0,2
extended_hex_r2,ql,alpha_async,order_ab,fixed,0,0,0.68,0.0,0.016,0.5,0.6,0.6,True,0.2562786057617089,0.005006838104022222,0.2562786057617089,2,0.4767404321826014,0.0013403465624442744,0.4767404321826014,2,,,,0,0.2035657126761404,0.000202767669828875,0.2035657126761404,2,0.1983103633645384,0.011538930584837284,0.1983103633645384,2,1.2376998393372745,0.02453274773921521,1.2376998393372745,2,0.10938508005958311,0.0012763110231178926,0.10938508005958311,2,0.0,0.0,0.0,2,1.0,0.0,1.0,2,0.0,0.0,0.0,2,0.0,0.0,0.0,2
extended_hex_r2,ql,alpha_async,order_ab,fixed,0,0,0.68,0.3,0.016,0.5,0.6,0.6,False,0.3719954552439749,0.001822309571380214,0.3719954552439749,2,0.7574299754595907,0.011349283080509896,0.7574299754595907,2,,,,0,0.09320326105845439,0.004888510881493811,0.09320326105845439,2,0.10871867813466325,0.01866874216832131,0.10871867813466325,2,1.0930579103554328,0.0506340042571918,1.0930579103554328,2,0.062013698723561494,0.006524127252311473,0.062013698723561494,2,0.27160404899089574,0.0024325806891419017,0.27160404899089574,2,1.0,0.0,1.0,2,0.0,0.0,0.0,2,0.0,0.0,0.0,2
extended_hex_r2,ql,alpha_async,order_ab,fixed,0,0,0.68,0.3,0.016,0.5,0.6,0.6,True,0.24419817630447882,0.00012864242625798417,0.24419817630447882,2,0.44762158457866785,0.0052856335170361896,0.44762158457866785,2,,,,0,0.2133272781618252,0.008852139628934273,0.2133272781618252,2,0.2113624653373447,0.012843726410690625,0.2113624653373447,2,1.270846470207385,0.06600155638355358,1.270846470207385,2,0.1171840949515749,0.0026010523778834736,0.1171840949515749,2,0.0,0.0,0.0,2,1.0,0.0,1.0,2,0.0,0.0,0.0,2,0.0,0.0,0.0,2
extended_hex_r2,ql,alpha_async,order_ab,plastic,0,0,0.68,0.0,0.016,0.5,0.6,0.6,False,0.36648170354848963,0.004420912742292826,0.36648170354848963,2,0.7572293281715362,0.0034045372987267526,0.7572293281715362,2,,,,0,0.08544944727172285,0.0036298046495798117,0.08544944727172285,2,0.10537418664257785,0.002312581177663663,0.10537418664257785,2,1.0423086863811986,0.06279411032926702,1.0423086863811986,2,0.0549062965713323,0.0004738673908625719,0.0549062965713323,2,0.27014271936802803,0.001560509474235492,0.27014271936802803,2,0.9972776955950031,0.0001016959949932215,0.9972776955950031,2,0.0,0.0,0.0,2,0.0,0.0,0.0,2
extended_hex_r2,ql,alpha_async,order_ab,plastic,0,0,0.68,0.0,0.016,0.5,0.6,0.6,True,0.2288175433498575,0.0011488580407293285,0.2288175433498575,2,0.4330249739803219,0.0017518444612253576,0.4330249739803219,2,,,,0,0.22043737825259374,0.009312656560077162,0.22043737825259374,2,0.22525032978776321,0.004547665507886192,0.22525032978776321,2,1.2075657442603378,0.0015719903899102,1.2075657442603378,2,0.11621143567319395,0.0027545970112639647,0.11621143567319395,2,0.0,0.0,0.0,2,0.9972571499013807,4.35839978540976e-05,0.9972571499013807,2,0.0,0.0,0.0,2,0.0,0.0,0.0,2
extended_hex_r2,ql,alpha_async,order_ab,plastic,0,0,0.68,0.3,0.016,0.5,0.6,0.6,False,0.3592841855932899,0.002823394820432564,0.3592841855932899,2,0.7488332703014096,0.004766256668449711,0.7488332703014096,2,,,,0,0.1016507023148691,0.005536797357432109,0.1016507023148691,2,0.1154941343060925,0.003582802026151745,0.1154941343060925,2,1.0473801476614333,0.08233050248649249,1.0473801476614333,2,0.061787841549660896,0.002937970236592496,0.061787841549660896,2,0.2811684222677558,0.0033104739320024227,0.2811684222677558,2,0.9972263313609466,0.00017433599141682216,0.9972263313609466,2,0.0,0.0,0.0,2,0.0,0.0,0.0,2
extended_hex_r2,ql,alpha_async,order_ab,plastic,0,0,0.68,0.3,0.016,0.5,0.6,0.6,True,0.2092674645967299,0.008154055190209772,0.2092674645967299,2,0.3922756949918961,0.010784955227941262,0.3922756949918961,2,,,,0,0.24972056122270464,0.0024182059731714597,0.24972056122270464,2,0.2543449767825775,0.002844673271831908,0.2543449767825775,2,1.2261213886703195,0.030548164486407407,1.2261213886703195,2,0.12567305302353693,0.0006481729870824788,0.12567305302353693,2,0.0,0.0,0.0,2,0.9971852399737016,0.00011622399427789454,0.9971852399737016,2,0.0,0.0,0.0,2,0.0,0.0,0.0,2
extended_hex_r2,ql,alpha_async,order_ba,fixed,0,0,0.68,0.0,0.016,0.5,0.6,0.6,False,0.370328902424464,0.003126757517868594,0.370328902424464,2,0.7564923959552347,0.002221741381553023,0.7564923959552347,2,,,,0,0.09149811884858694,0.000539532077384359,0.09149811884858694,2,0.0845764089802831,0.0032708455885078406,0.0845764089802831,2,1.1607558082873213,0.018270579004082826,1.1607558082873213,2,0.06077459884723545,0.0017068356632134213,0.06077459884723545,2,0.2724020903001242,0.0001599030349356934,0.2724020903001242,2,1.0,0.0,1.0,2,0.0,0.0,0.0,2,0.0,0.0,0.0,2
extended_hex_r2,ql,alpha_async,order_ba,fixed,0,0,0.68,0.0,0.016,0.5,0.6,0.6,True,0.2573354773140395,0.002819497125447656,0.2573354773140395,2,0.4752407216868067,0.007743354858892681,0.4752407216868067,2,,,,0,0.20094269623167735,0.006483131226251158,0.20094269623167735,2,0.18856724420286144,0.002822263822696912,0.18856724420286144,2,1.3150767755107513,0.039975470954610584,1.3150767755107513,2,0.12829537576705138,0.01489651849565404,0.12829537576705138,2,0.0,0.0,0.0,2,1.0,0.0,1.0,2,0.0,0.0,0.0,2,0.0,0.0,0.0,2
extended_hex_r2,ql,alpha_async,order_ba,fixed,0,0,0.68,0.3,0.016,0.5,0.6,0.6,False,0.36115399056578656,0.0005346243997084397,0.36115399056578656,2,0.7470781277900864,0.001225979232551972,0.7470781277900864,2,,,,0,0.11109696653811355,0.0065805045219625375,0.11109696653811355,2,0.09887594430720875,0.00879779399368119,0.09887594430720875,2,1.1572558477802413,0.03278500746628148,1.1572558477802413,2,0.06583602758326734,0.0028731565631097663,0.06583602758326734,2,0.2814152572854922,0.0011407827312288107,0.2814152572854922,2,1.0,0.0,1.0,2,0.0,0.0,0.0,2,0.0,0.0,0.0,2
extended_hex_r2,ql,alpha_async,order_ba,fixed,0,0,0.68,0.3,0.016,0.5,0.6,0.6,True,0.2388491011326587,0.009415418148375501,0.2388491011326587,2,0.44031136714298946,0.001969627392300979,0.44031136714298946,2,,,,0,0.21943789141950246,0.0036118050559145725,0.21943789141950246,2,0.1962355025499202,0.01110538786745183,0.1962355025499202,2,1.2582937962510239,0.0564487147030531,1.2582937962510239,2,0.13111816535866866,0.0052896470006479485,0.13111816535866866,2,0.0,0.0,0.0,2,1.0,0.0,1.0,2,0.0,0.0,0.0,2,0.0,0.0,0.0,2
extended_hex_r2,ql,alpha_async,order_ba,plastic,0,0,0.68,0.0,0.016,0.5,0.6,0.6,False,0.3714239063920316,0.0015110253358728825,0.3714239063920316,2,0.7591464512484516,0.0033779743638013625,0.7591464512484516,2,,,,0,0.09165367470729541,0.011839200185785983,0.09165367470729541,2,0.0904064918463779,0.02957766753516278,0.0904064918463779,2,1.1031907861170382,0.03294828795282581,1.1031907861170382,2,0.060640131167546296,0.007357423238148369,0.060640131167546296,2,0.27110641355866627,0.0016217375364325996,0.27110641355866627,2,0.9974112426035502,8.716799570835221e-05,0.9974112426035502,2,0.0,0.0,0.0,2,0.0,0.0,0.0,2
extended_hex_r2,ql,alpha_async,order_ba,plastic,0,0,0.68,0.0,0.016,0.5,0.6,0.6,True,0.24941992025971726,0.004110381016758288,0.24941992025971726,2,0.46821381985664523,0.0018580144523395667,0.46821381985664523,2,,,,0,0.2102445539384467,0.0046805979774537515,0.2102445539384467,2,0.19306698577796255,0.01455256290506865,0.19306698577796255,2,1.2729044236220797,0.0487979897132446,1.2729044236220797,2,0.11695051080643135,0.007138803824477722,0.11695051080643135,2,0.0,0.0,0.0,2,0.9972468770545693,0.00020339198998624674,0.9972468770545693,2,0.0,0.0,0.0,2,0.0,0.0,0.0,2
extended_hex_r2,ql,alpha_async,order_ba,plastic,0,0,0.68,0.3,0.016,0.5,0.6,0.6,False,0.36413089300842205,0.00027814286291044475,0.36413089300842205,2,0.751773223706176,0.002793004300901245,0.751773223706176,2,,,,0,0.09667258821608579,0.00779389047524857,0.09667258821608579,2,0.0934057276426198,0.02657159612593113,0.0934057276426198,2,1.1224083014023722,0.015440709723180858,1.1224083014023722,2,0.0581202575168983,0.005774854638875139,0.0581202575168983,2,0.28092411488785707,0.000984926792504562,0.28092411488785707,2,0.9973290598290598,0.0002905599856947167,0.9973290598290598,2,0.0,0.0,0.0,2,0.0,0.0,0.0,2
extended_hex_r2,ql,alpha_async,order_ba,plastic,0,0,0.68,0.3,0.016,0.5,0.6,0.6,True,0.22919241488705677,0.0011765520579370037,0.22919241488705677,2,0.42808637920954506,0.0023957320387517638,0.42808637920954506,2,,,,0,0.23038245242862154,0.005055050159490477,0.23038245242862154,2,0.2136591975775635,0.017823016459907148,0.2136591975775635,2,1.2584390987703922,0.0018908935170466332,1.2584390987703922,2,0.12350992684464455,0.0041737545702322226,0.12350992684464455,2,0.0,0.0,0.0,2,0.9971236028928336,0.00014527999284751536,0.9971236028928336,2,0.0,0.0,0.0,2,0.0,0.0,0.0,2
extended_moore_r2,markov,alpha_async,lesion,fixed,0,0,0.68,0.0,0.016,0.5,0.6,0.6,False,0.4641404854148722,0.007369330483399461,0.4641404854148722,2,0.7144295265527552,0.15314585242811646,0.7144295265527552,2,0.0301075892218912,0.044193539320025704,0.0301075892218912,2,0.03624833207725615,0.019156399579088285,0.03624833207725615,2,0.00255211520481255,0.012858791897580563,0.00255211520481255,2,0.8339264980440906,0.21997399655648484,0.8339264980440906,2,0.12577996355757406,0.16918572284088346,0.12577996355757406,2,0.0,0.0,0.0,2,1.0,0.0,1.0,2,0.0,0.0,0.0,2,0.0,0.0,0.0,2
extended_moore_r2,markov,alpha_async,lesion,fixed,0,0,0.68,0.0,0.016,0.5,0.6,0.6,True,0.4641404854148722,0.007369330483399461,0.4641404854148722,2,0.7144295265527552,0.15314585242811646,0.7144295265527552,2,0.0301075892218912,0.044193539320025704,0.0301075892218912,2,0.03624833207725615,0.019156399579088285,0.03624833207725615,2,0.00255211520481255,0.012858791897580563,0.00255211520481255,2,0.8339264980440906,0.21997399655648484,0.8339264980440906,2,0.12577996355757406,0.16918572284088346,0.12577996355757406,2,0.0,0.0,0.0,2,1.0,0.0,1.0,2,0.0,0.0,0.0,2,0.0,0.0,0.0,2
extended_moore_r2,markov,alpha_async,lesion,fixed,0,0,0.68,0.3,0.016,0.5,0.6,0.6,False,0.4566543953460525,0.00841228839647292,0.4566543953460525,2,0.6744992715786946,0.19498963018941307,0.6744992715786946,2,0.0273144907350025,0.03815538370576665,0.0273144907350025,2,0.041601238977930596,0.01792789896861489,0.041601238977930596,2,0.004562530687827349,0.017945888396267533,0.004562530687827349,2,0.8835326094866871,0.22238391999941784,0.8835326094866871,2,0.13357979579337553,0.17366509677917608,0.13357979579337553,2,0.0,0.0,0.0,2,1.0,0.0,1.0,2,0.0,0.0,0.0,2,0.0,0.0,0.0,2
extended_moore_r2,markov,alpha_async,lesion,fixed,0,0,0.68,0.3,0.016,0.5,0.6,0.6,True,0.4566543953460525,0.00841228839647292,0.4566543953460525,2,0.6744992715786946,0.19498963018941307,0.6744992715786946,2,0.0273144907350025,0.03815538370576665,0.0273144907350025,2,0.041601238977930596,0.01792789896861489,0.041601238977930596,2,0.004562530687827349,0.017945888396267533,0.004562530687827349,2,0.8835326094866871,0.22238391999941784,0.8835326094866871,2,0.13357979579337553,0.17366509677917608,0.13357979579337553,2,0.0,0.0,0.0,2,1.0,0.0,1.0,2,0.0,0.0,0.0,2,0.0,0.0,0.0,2
extended_moore_r2,markov,alpha_async,lesion,plastic,0,0,0.68,0.0,0.016,0.5,0.6,0.6,False,0.4559228095558133,0.009496292941119387,0.4559228095558133,2,0.8211356776119367,0.003622719709342354,0.8211356776119367,2,-0.0006700749875534987,0.03607208575391733,-0.0006700749875534987,2,0.011751866235177651,0.005898825120163343,0.011751866235177651,2,0.02122809563205165,0.00016589397058618254,0.02122809563205165,2,0.8305641803727358,0.11128489499492987,0.8305641803727358,2,0.01224908534950915,0.005340821520096457,0.01224908534950915,2,0.0,0.0,0.0,2,0.9941984097633136,0.0005339039737140694,0.9941984097633136,2,0.0,0.0,0.0,2,0.0,0.0,0.0,2
extended_moore_r2,markov,alpha_async,lesion,plastic,0,0,0.68,0.0,0.016,0.5,0.6,0.6,True,0.4559228095558133,0.009496292941119387,0.4559228095558133,2,0.8211356776119367,0.003622719709342354,0.8211356776119367,2,-0.0006700749875534987,0.03607208575391733,-0.0006700749875534987,2,0.011751866235177651,0.005898825120163343,0.011751866235177651,2,0.02122809563205165,0.00016589397058618254,0.02122809563205165,2,0.8305641803727358,0.11128489499492987,0.8305641803727358,2,0.01224908534950915,0.005340821520096457,0.01224908534950915,2,0.0,0.0,0.0,2,0.9941984097633136,0.0005339039737140694,0.9941984097633136,2,0.0,0.0,0.0,2,0.0,0.0,0.0,2
extended_moore_r2,markov,alpha_async,lesion,plastic,0,0,0.68,0.3,0.016,0.5,0.6,0.6,False,0.4474075869970658,0.003952158662776047,0.4474075869970658,2,0.7954734144068515,0.0032414903505740803,0.7954734144068515,2,-0.00038554014322310023,0.011748314661293682,-0.00038554014322310023,2,0.0089448207006118,0.011923982902643964,0.0089448207006118,2,0.0194894235197231,0.004175630080643573,0.0194894235197231,2,0.8203739502073318,0.018770622483830733,0.8203739502073318,2,0.01522296643728595,0.0023157861888697478,0.01522296643728595,2,0.0,0.0,0.0,2,0.9952693540433926,0.00017433599141682216,0.9952693540433926,2,0.0,0.0,0.0,2,0.0,0.0,0.0,2
extended_moore_r2,markov,alpha_async,lesion,plastic,0,0,0.68,0.3,0.016,0.5,0.6,0.6,True,0.4474075869970658,0.003952158662776047,0.4474075869970658,2,0.7954734144068515,0.0032414903505740803,0.7954734144068515,2,-0.00038554014322310023,0.011748314661293682,-0.00038554014322310023,2,0.0089448207006118,0.011923982902643964,0.0089448207006118,2,0.0194894235197231,0.004175630080643573,0.0194894235197231,2,0.8203739502073318,0.018770622483830733,0.8203739502073318,2,0.01522296643728595,0.0023157861888697478,0.01522296643728595,2,0.0,0.0,0.0,2,0.9952693540433926,0.00017433599141682216,0.9952693540433926,2,0.0,0.0,0.0,2,0.0,0.0,0.0,2
extended_moore_r2,markov,alpha_async,order_ab,fixed,0,0,0.68,0.0,0.016,0.5,0.6,0.6,False,0.25089496429526875,0.001213647366150682,0.25089496429526875,2,0.45140925559757417,0.005588073021616996,0.45140925559757417,2,,,,0,0.19786550899493655,0.012378174967943665,0.19786550899493655,2,0.1998010558308118,0.005421989520839741,0.1998010558308118,2,1.2140593172630603,0.0008384253638913135,1.2140593172630603,2,0.09772311067612065,0.0030446685250191037,0.09772311067612065,2,0.0,0.0,0.0,2,1.0,0.0,1.0,2,0.0,0.0,0.0,2,0.0,0.0,0.0,2
extended_moore_r2,markov,alpha_async,order_ab,fixed,0,0,0.68,0.0,0.016,0.5,0.6,0.6,True,0.25089496429526875,0.001213647366150682,0.25089496429526875,2,0.45140925559757417,0.005588073021616996,0.45140925559757417,2,,,,0,0.19786550899493655,0.012378174967943665,0.19786550899493655,2,0.1998010558308118,0.005421989520839741,0.1998010558308118,2,1.2140593172630603,0.0008384253638913135,1.2140593172630603,2,0.09772311067612065,0.0030446685250191037,0.09772311067612065,2,0.0,0.0,0.0,2,1.0,0.0,1.0,2,0.0,0.0,0.0,2,0.0,0.0,0.0,2
extended_moore_r2,markov,alpha_async,order_ab,fixed,0,0,0.68,0.3,0.016,0.5,0.6,0.6,False,0.23307768809487378,0.0007188104395644487,0.23307768809487378,2,0.4177213182033743,0.002262153933408298,0.4177213182033743,2,,,,0,0.2163097895669961,0.014758167608824257,0.2163097895669961,2,0.21848812328515135,0.0025535990030960826,0.21848812328515135,2,1.2151675693581443,0.006131456825130346,1.2151675693581443,2,0.10197262157852971,0.003849074414778057,0.10197262157852971,2,0.0,0.0,0.0,2,1.0,0.0,1.0,2,0.0,0.0,0.0,2,0.0,0.0,0.0,2
extended_moore_r2,markov,alpha_async,order_ab,fixed,0,0,0.68,0.3,0.016,0.5,0.6,0.6,True,0.23307768809487378,0.0007188104395644487,0.23307768809487378,2,0.4177213182033743,0.002262153933408298,0.4177213182033743,2,,,,0,0.2163097895669961,0.014758167608824257,0.2163097895669961,2,0.21848812328515135,0.0025535990030960826,0.21848812328515135,2,1.2151675693581443,0.006131456825130346,1.2151675693581443,2,0.10197262157852971,0.003849074414778057,0.10197262157852971,2,0.0,0.0,0.0,2,1.0,0.0,1.0,2,0.0,0.0,0.0,2,0.0,0.0,0.0,2
extended_moore_r2,markov,alpha_async,order_ab,plastic,0,0,0.68,0.0,0.016,0.5,0.6,0.6,False,0.21509017559609486,0.005252772226042985,0.21509017559609486,2,0.39245400167436756,0.006181873185504239,0.39245400167436756,2,,,,0,0.21567421930237607,0.017504179694630716,0.21567421930237607,2,0.22299981350257245,0.0139781732656895,0.22299981350257245,2,1.2583677006015197,0.0503569515316564,1.2583677006015197,2,0.10456131670186136,0.0023342981077901686,0.10456131670186136,2,0.0,0.0,0.0,2,0.9899839743589745,0.0010242239495736488,0.9899839743589745,2,0.0,0.0,0.0,2,0.0,0.0,0.0,2
extended_moore_r2,markov,alpha_async,order_ab,plastic,0,0,0.68,0.0,0.016,0.5,0.6,0.6,True,0.21509017559609486,0.005252772226042985,0.21509017559609486,2,0.39245400167436756,0.006181873185504239,0.39245400167436756,2,,,,0,0.21567421930237607,0.017504179694630716,0.21567421930237607,2,0.22299981350257245,0.0139781732656895,0.22299981350257245,2,1.2583677006015197,0.0503569515316564,1.2583677006015197,2,0.10456131670186136,0.0023342981077901686,0.10456131670186136,2,0.0,0.0,0.0,2,0.9899839743589745,0.0010242239495736488,0.9899839743589745,2,0.0,0.0,0.0,2,0.0,0.0,0.0,2
extended_moore_r2,markov,alpha_async,order_ab,plastic,0,0,0.68,0.3,0.016,0.5,0.6,0.6,False,0.19270320734710827,0.0024095013786205217,0.19270320734710827,2,0.3498821670867178,0.004848304193675887,0.3498821670867178,2,,,,0,0.23944342675756852,0.01264606535973131,0.23944342675756852,2,0.25123330301055036,0.006977752004976027,0.25123330301055036,2,1.229362630827279,0.025148787017365865,1.229362630827279,2,0.10725284845909945,0.004518283637095786,0.10725284845909945,2,0.0,0.0,0.0,2,0.991209011341223,0.00018523199088038583,0.991209011341223,2,0.0,0.0,0.0,2,0.0,0.0,0.0,2
extended_moore_r2,markov,alpha_async,order_ab,plastic,0,0,0.68,0.3,0.016,0.5,0.6,0.6,True,0.19270320734710827,0.0024095013786205217,0.19270320734710827,2,0.3498821670867178,0.004848304193675887,0.3498821670867178,2,,,,0,0.23944342675756852,0.01264606535973131,0.23944342675756852,2,0.25123330301055036,0.006977752004976027,0.25123330301055036,2,1.229362630827279,0.025148787017365865,1.229362630827279,2,0.10725284845909945,0.004518283637095786,0.10725284845909945,2,0.0,0.0,0.0,2,0.991209011341223,0.00018523199088038583,0.991209011341223,2,0.0,0.0,0.0,2,0.0,0.0,0.0,2
extended_moore_r2,markov,alpha_async,order_ba,fixed,0,0,0.68,0.0,0.016,0.5,0.6,0.6,False,0.2265793787383164,0.00048388170078236895,0.2265793787383164,2,0.33374376936440964,0.0069859326275212965,0.33374376936440964,2,,,,0,0.2408809350516484,0.0037173893166942184,0.2408809350516484,2,0.18006509345133448,0.0020917272709773307,0.18006509345133448,2,1.3439490268258565,0.0026991398873733876,1.3439490268258565,2,0.10373641213067761,0.0009609027650685862,0.10373641213067761,2,0.0,0.0,0.0,2,1.0,0.0,1.0,2,0.0,0.0,0.0,2,0.0,0.0,0.0,2
extended_moore_r2,markov,alpha_async,order_ba,fixed,0,0,0.68,0.0,0.016,0.5,0.6,0.6,True,0.2265793787383164,0.00048388170078236895,0.2265793787383164,2,0.33374376936440964,0.0069859326275212965,0.33374376936440964,2,,,,0,0.2408809350516484,0.0037173893166942184,0.2408809350516484,2,0.18006509345133448,0.0020917272709773307,0.18006509345133448,2,1.3439490268258565,0.0026991398873733876,1.3439490268258565,2,0.10373641213067761,0.0009609027650685862,0.10373641213067761,2,0.0,0.0,0.0,2,1.0,0.0,1.0,2,0.0,0.0,0.0,2,0.0,0.0,0.0,2
extended_moore_r2,markov,alpha_async,order_ba,fixed,0,0,0.68,0.3,0.016,0.5,0.6,0.6,False,0.21089717454507056,0.0023415094738921025,0.21089717454507056,2,0.3009506885766125,0.0034030046963804557,0.3009506885766125,2,,,,0,0.25891309007086494,0.0004565722101667771,0.25891309007086494,2,0.19295742671722776,0.005147583527097282,0.19295742671722776,2,1.323714441209943,0.010351538506515032,1.323714441209943,2,0.0986272681022001,0.0008045549734937622,0.0986272681022001,2,0.0,0.0,0.0,2,1.0,0.0,1.0,2,0.0,0.0,0.0,2,0.0,0.0,0.0,2
extended_moore_r2,markov,alpha_async,order_ba,fixed,0,0,0.68,0.3,0.016,0.5,0.6,0.6,True,0.21089717454507056,0.0023415094738921025,0.21089717454507056,2,0.3009506885766125,0.0034030046963804557,0.3009506885766125,2,,,,0,0.25891309007086494,0.0004565722101667771,0.25891309007086494,2,0.19295742671722776,0.005147583527097282,0.19295742671722776,2,1.323714441209943,0.010351538506515032,1.323714441209943,2,0.0986272681022001,0.0008045549734937622,0.0986272681022001,2,0.0,0.0,0.0,2,1.0,0.0,1.0,2,0.0,0.0,0.0,2,0.0,0.0,0.0,2
extended_moore_r2,markov,alpha_async,order_ba,plastic,0,0,0.68,0.0,0.016,0.5,0.6,0.6,False,0.2252427418384207,0.0014971305267716217,0.2252427418384207,2,0.41459792773516974,0.0036084870947229704,0.41459792773516974,2,,,,0,0.2167235002016613,0.011126204704642697,0.2167235002016613,2,0.20287779083786034,0.0077171248452390945,0.20287779083786034,2,1.2670838360915382,0.007211539325503194,1.2670838360915382,2,0.10712436769919535,0.005176493559343032,0.10712436769919535,2,0.0,0.0,0.0,2,0.9899916789940828,0.00035956798229712947,0.9899916789940828,2,0.0,0.0,0.0,2,0.0,0.0,0.0,2
extended_moore_r2,markov,alpha_async,order_ba,plastic,0,0,0.68,0.0,0.016,0.5,0.6,0.6,True,0.2252427418384207,0.0014971305267716217,0.2252427418384207,2,0.41459792773516974,0.0036084870947229704,0.41459792773516974,2,,,,0,0.2167235002016613,0.011126204704642697,0.2167235002016613,2,0.20287779083786034,0.0077171248452390945,0.20287779083786034,2,1.2670838360915382,0.007211539325503194,1.2670838360915382,2,0.10712436769919535,0.005176493559343032,0.10712436769919535,2,0.0,0.0,0.0,2,0.9899916789940828,0.00035956798229712947,0.9899916789940828,2,0.0,0.0,0.0,2,0.0,0.0,0.0,2
extended_moore_r2,markov,alpha_async,order_ba,plastic,0,0,0.68,0.3,0.016,0.5,0.6,0.6,False,0.20498277297438094,0.007868337772725059,0.20498277297438094,2,0.37820766912596937,0.017781241107523313,0.37820766912596937,2,,,,0,0.2199086755485385,0.024242608178450635,0.2199086755485385,2,0.21784127747298976,0.016834812183266646,0.21784127747298976,2,1.23388835580068,0.0072079541762305795,1.23388835580068,2,0.10795549560019145,0.002942218259619391,0.10795549560019145,2,0.0,0.0,0.0,2,0.9902921597633136,0.0014600639281155668,0.9902921597633136,2,0.0,0.0,0.0,2,0.0,0.0,0.0,2
extended_moore_r2,markov,alpha_async,order_ba,plastic,0,0,0.68,0.3,0.016,0.5,0.6,0.6,True,0.20498277297438094,0.007868337772725059,0.20498277297438094,2,0.37820766912596937,0.017781241107523313,0.37820766912596937,2,,,,0,0.2199086755485385,0.024242608178450635,0.2199086755485385,2,0.21784127747298976,0.016834812183266646,0.21784127747298976,2,1.23388835580068,0.0072079541762305795,1.23388835580068,2,0.10795549560019145,0.002942218259619391,0.10795549560019145,2,0.0,0.0,0.0,2,0.9902921597633136,0.0014600639281155668,0.9902921597633136,2,0.0,0.0,0.0,2,0.0,0.0,0.0,2
extended_moore_r2,ql,alpha_async,lesion,fixed,0,0,0.68,0.0,0.016,0.5,0.6,0.6,False,0.4594248469425021,0.012627033588727011,0.4594248469425021,2,0.6366909945925746,0.14910372481571402,0.6366909945925746,2,0.041077764417317156,0.007391219869262623,0.041077764417317156,2,0.0414865854094556,0.009827116448703346,0.0414865854094556,2,-0.0017788405838490501,0.0002882773795903856,-0.0017788405838490501,2,0.9152737498590102,0.05814435322750488,0.9152737498590102,2,0.22701029013998164,0.15455789979586557,0.22701029013998164,2,0.2209626447403922,0.05028466651583973,0.2209626447403922,2,1.0,0.0,1.0,2,0.0,0.0,0.0,2,0.0,0.0,0.0,2
extended_moore_r2,ql,alpha_async,lesion,fixed,0,0,0.68,0.0,0.016,0.5,0.6,0.6,True,0.4641404854148722,0.007369330483399461,0.4641404854148722,2,0.7144295265527552,0.15314585242811657,0.7144295265527552,2,0.0301075892218912,0.04419353932002556,0.0301075892218912,2,0.036248332077256196,0.019156399579088212,0.036248332077256196,2,0.00255211520481255,0.012858791897580563,0.00255211520481255,2,0.8339264980440906,0.21997399655648484,0.8339264980440906,2,0.12577996355757406,0.16918572284088346,0.12577996355757406,2,0.0,0.0,0.0,2,1.0,0.0,1.0,2,0.0,0.0,0.0,2,0.0,0.0,0.0,2
extended_moore_r2,ql,alpha_async,lesion,fixed,0,0,0.68,0.3,0.016,0.5,0.6,0.6,False,0.4570617522050444,0.008264572348147113,0.4570617522050444,2,0.592599199270095,0.11470414490014468,0.592599199270095,2,0.056985442794651356,0.0137935121472416,0.056985442794651356,2,0.0458438808794643,0.00254762176158278,0.0458438808794643,2,-0.0064644816313328,0.002121835301453539,-0.0064644816313328,2,0.9449845016942124,0.030017365980005265,0.9449845016942124,2,0.2967145841409176,0.12291296522955149,0.2967145841409176,2,0.23377933293924436,0.038855471667771445,0.23377933293924436,2,1.0,0.0,1.0,2,0.0,0.0,0.0,2,0.0,0.0,0.0,2
extended_moore_r2,ql,alpha_async,lesion,fixed,0,0,0.68,0.3,0.016,0.5,0.6,0.6,True,0.4566543953460525,0.00841228839647292,0.4566543953460525,2,0.6744992715786946,0.19498963018941307,0.6744992715786946,2,0.027314490735002552,0.038155383705766724,0.027314490735002552,2,0.04160123897793065,0.017927898968614818,0.04160123897793065,2,0.004562530687827349,0.017945888396267533,0.004562530687827349,2,0.8835326094866871,0.22238391999941784,0.8835326094866871,2,0.13357979579337623,0.17366509677917705,0.13357979579337623,2,0.0,0.0,0.0,2,1.0,0.0,1.0,2,0.0,0.0,0.0,2,0.0,0.0,0.0,2
extended_moore_r2,ql,alpha_async,lesion,plastic,0,0,0.68,0.0,0.016,0.5,0.6,0.6,False,0.46782323345054294,0.0003647544088636218,0.46782323345054294,2,0.8305514165617103,0.0018808089220814493,0.8305514165617103,2,0.00269789571425195,0.0012478066588871744,0.00269789571425195,2,-0.01499748285057025,0.01061721033963884,-0.01499748285057025,2,0.00080591989675985,0.001879093555927743,0.00080591989675985,2,0.6639786256615708,0.0051048853993178895,0.6639786256615708,2,0.00539702495012045,0.0008504726076964275,0.00539702495012045,2,0.1509845348577274,0.00031872108548233573,0.1509845348577274,2,0.9942446375739644,0.0010351199490372125,0.9942446375739644,2,0.0,0.0,0.0,2,0.0,0.0,0.0,2
extended_moore_r2,ql,alpha_async,lesion,plastic,0,0,0.68,0.0,0.016,0.5,0.6,0.6,True,0.4559228095558123,0.009496292941120782,0.4559228095558123,2,0.8211356776119361,0.003622719709341451,0.8211356776119361,2,-0.0006700749875509504,0.036072085753912735,-0.0006700749875509504,2,0.011751866235179351,0.005898825120165606,0.011751866235179351,2,0.02122809563205175,0.00016589397058575689,0.02122809563205175,2,0.8305641803727358,0.11128489499492987,0.8305641803727358,2,0.012249085349509501,0.005340821520096953,0.012249085349509501,2,0.0,0.0,0.0,2,0.9941984097633136,0.0005339039737140694,0.9941984097633136,2,0.0,0.0,0.0,2,0.0,0.0,0.0,2
extended_moore_r2,ql,alpha_async,lesion,plastic,0,0,0.68,0.3,0.016,0.5,0.6,0.6,False,0.4684908347040455,0.0017128207065267543,0.4684908347040455,2,0.8312488020831349,0.001152978596411016,0.8312488020831349,2,0.011424160776245851,0.0028409482611223584,0.011424160776245851,2,-0.00730218502005905,0.0034166005018369237,-0.00730218502005905,2,0.0045455049521189,0.0016322130618280902,0.0045455049521189,2,0.6611786591019253,6.940784787850396e-05,0.6611786591019253,2,0.0047960414389950495,0.0008879906182847045,0.0047960414389950495,2,0.1535935034094278,0.0025142815517496123,0.1535935034094278,2,0.994475776627219,0.0002941919855159046,0.994475776627219,2,0.0,0.0,0.0,2,0.0,0.0,0.0,2
extended_moore_r2,ql,alpha_async,lesion,plastic,0,0,0.68,0.3,0.016,0.5,0.6,0.6,True,0.44740758699706573,0.003952158662775595,0.44740758699706573,2,0.7954734144068513,0.0032414903505734527,0.7954734144068513,2,-0.0003855401432235001,0.011748314661292692,-0.0003855401432235001,2,0.0089448207006108,0.011923982902646226,0.0089448207006108,2,0.01948942351972325,0.004175630080644633,0.01948942351972325,2,0.8203739502073318,0.018770622483830733,0.8203739502073318,2,0.01522296643728585,0.002315786188870032,0.01522296643728585,2,0.0,0.0,0.0,2,0.9952693540433926,0.00017433599141682216,0.9952693540433926,2,0.0,0.0,0.0,2,0.0,0.0,0.0,2
extended_moore_r2,ql,alpha_async,order_ab,fixed,0,0,0.68,0.0,0.016,0.5,0.6,0.6,False,0.3805398342640578,0.0048798144597647294,0.3805398342640578,2,0.7457669443886514,0.003302488754812522,0.7457669443886514,2,,,,0,0.09275771425639795,0.00997479647015714,0.09275771425639795,2,0.10055306535738989,0.007719729429713405,0.10055306535738989,2,0.9921489332578064,0.004888319728113183,0.9921489332578064,2,0.053511593028360546,6.232239186817348e-05,0.053511593028360546,2,0.2649883829858683,0.0019493599153858584,0.2649883829858683,2,1.0,0.0,1.0,2,0.0,0.0,0.0,2,0.0,0.0,0.0,2
extended_moore_r2,ql,alpha_async,order_ab,fixed,0,0,0.68,0.0,0.016,0.5,0.6,0.6,True,0.2508949642952687,0.0012136473661506035,0.2508949642952687,2,0.45140925559757406,0.005588073021616839,0.45140925559757406,2,,,,0,0.19786550899493655,0.012378174967943665,0.19786550899493655,2,0.1998010558308118,0.005421989520839741,0.1998010558308118,2,1.2140593172630603,0.0008384253638913135,1.2140593172630603,2,0.09772311067612065,0.0030446685250191037,0.09772311067612065,2,0.0,0.0,0.0,2,1.0,0.0,1.0,2,0.0,0.0,0.0,2,0.0,0.0,0.0,2
extended_moore_r2,ql,alpha_async,order_ab,fixed,0,0,0.68,0.3,0.016,0.5,0.6,0.6,False,0.3714195433097786,0.0033656520374250832,0.3714195433097786,2,0.7353112893627944,0.005159694779189126,0.7353112893627944,2,,,,0,0.1015929770700627,0.011889534965331692,0.1015929770700627,2,0.110518879006841,0.005048972389900366,0.110518879006841,2,1.0163247209372628,0.01459765792055564,1.0163247209372628,2,0.05977692564251045,9.451827629569903e-05,0.05977692564251045,2,0.2769262151410594,0.0021793772806291685,0.2769262151410594,2,1.0,0.0,1.0,2,0.0,0.0,0.0,2,0.0,0.0,0.0,2
extended_moore_r2,ql,alpha_async,order_ab,fixed,0,0,0.68,0.3,0.016,0.5,0.6,0.6,True,0.23307768809487375,0.00071881043956438,0.23307768809487375,2,0.4177213182033743,0.002262153933408298,0.4177213182033743,2,,,,0,0.2163097895669961,0.014758167608824257,0.2163097895669961,2,0.21848812328515124,0.0025535990030960826,0.21848812328515124,2,1.2151675693581443,0.006131456825130346,1.2151675693581443,2,0.10197262157852971,0.003849074414778057,0.10197262157852971,2,0.0,0.0,0.0,2,1.0,0.0,1.0,2,0.0,0.0,0.0,2,0.0,0.0,0.0,2
extended_moore_r2,ql,alpha_async,order_ab,plastic,0,0,0.68,0.0,0.016,0.5,0.6,0.6,False,0.3676004654058665,0.0029477816226684142,0.3676004654058665,2,0.7424325484803593,0.006257002313329362,0.7424325484803593,2,,,,0,0.08371490250006294,0.008936951143872406,0.08371490250006294,2,0.09173840702353314,0.007174576029280019,0.09173840702353314,2,1.0224333730277457,0.021560998110864097,1.0224333730277457,2,0.05626476309392605,0.0019101875202489507,0.05626476309392605,2,0.27637975159795103,0.0022510936518862273,0.27637975159795103,2,0.9901534763313609,0.0005012159753232607,0.9901534763313609,2,0.0,0.0,0.0,2,0.0,0.0,0.0,2
extended_moore_r2,ql,alpha_async,order_ab,plastic,0,0,0.68,0.0,0.016,0.5,0.6,0.6,True,0.2150901755960948,0.005252772226043064,0.2150901755960948,2,0.3924540016743675,0.006181873185504161,0.3924540016743675,2,,,,0,0.21567421930237562,0.01750417969463113,0.21567421930237562,2,0.2229998135025725,0.013978173265689578,0.2229998135025725,2,1.2583677006015197,0.0503569515316564,1.2583677006015197,2,0.1045613167018614,0.002334298107790095,0.1045613167018614,2,0.0,0.0,0.0,2,0.9899839743589745,0.0010242239495736488,0.9899839743589745,2,0.0,0.0,0.0,2,0.0,0.0,0.0,2
extended_moore_r2,ql,alpha_async,order_ab,plastic,0,0,0.68,0.3,0.016,0.5,0.6,0.6,False,0.35515979913325835,0.005138259560871964,0.35515979913325835,2,0.7280903884297081,0.001557813891120005,0.7280903884297081,2,,,,0,0.09374049710556155,0.008152050789920665,0.09374049710556155,2,0.10057053329800031,0.008686740435013605,0.10057053329800031,2,1.041747790464827,0.002582454603286537,1.041747790464827,2,0.058773441246019145,0.0006241864297231338,0.058773441246019145,2,0.2885606733632353,0.0025568101999947274,0.2885606733632353,2,0.9902151134122288,0.0012203519399177159,0.9902151134122288,2,0.0,0.0,0.0,2,0.0,0.0,0.0,2
extended_moore_r2,ql,alpha_async,order_ab,plastic,0,0,0.68,0.3,0.016,0.5,0.6,0.6,True,0.19270320734710827,0.0024095013786205217,0.19270320734710827,2,0.3498821670867181,0.004848304193675867,0.3498821670867181,2,,,,0,0.23944342675756886,0.012646065359731664,0.23944342675756886,2,0.2512333030105499,0.006977752004976105,0.2512333030105499,2,1.229362630827279,0.025148787017365865,1.229362630827279,2,0.10725284845909935,0.004518283637095939,0.10725284845909935,2,0.0,0.0,0.0,2,0.991209011341223,0.00018523199088038583,0.991209011341223,2,0.0,0.0,0.0,2,0.0,0.0,0.0,2
extended_moore_r2,ql,alpha_async,order_ba,fixed,0,0,0.68,0.0,0.016,0.5,0.6,0.6,False,0.360907295784792,0.0010166810176890266,0.360907295784792,2,0.695362257657204,0.031477650867758875,0.695362257657204,2,,,,0,0.14317567716916355,0.01127118843008865,0.14317567716916355,2,0.08421139929180199,0.019847236735504377,0.08421139929180199,2,1.154793050601143,0.09145923582851422,1.154793050601143,2,0.0718981716311617,0.013563807287195858,0.0718981716311617,2,0.2969938894696988,0.013322216152884675,0.2969938894696988,2,1.0,0.0,1.0,2,0.0,0.0,0.0,2,0.0,0.0,0.0,2
extended_moore_r2,ql,alpha_async,order_ba,fixed,0,0,0.68,0.0,0.016,0.5,0.6,0.6,True,0.2265793787383164,0.00048388170078236895,0.2265793787383164,2,0.33374376936440964,0.0069859326275212965,0.33374376936440964,2,,,,0,0.2408809350516484,0.0037173893166942184,0.2408809350516484,2,0.18006509345133448,0.0020917272709773307,0.18006509345133448,2,1.3439490268258565,0.0026991398873733876,1.3439490268258565,2,0.10373641213067761,0.0009609027650687237,0.10373641213067761,2,0.0,0.0,0.0,2,1.0,0.0,1.0,2,0.0,0.0,0.0,2,0.0,0.0,0.0,2
extended_moore_r2,ql,alpha_async,order_ba,fixed,0,0,0.68,0.3,0.016,0.5,0.6,0.6,False,0.35064604035864383,0.001094653240840352,0.35064604035864383,2,0.6823149983352781,0.029553793067065678,0.6823149983352781,2,,,,0,0.15724245126631325,0.007089135377456784,0.15724245126631325,2,0.0920928461196847,0.01823005610596446,0.0920928461196847,2,1.1941168575804983,0.08083220423945904,1.1941168575804983,2,0.0693175177511623,0.00887595509053874,0.0693175177511623,2,0.3078061544041837,0.011661941326752294,0.3078061544041837,2,1.0,0.0,1.0,2,0.0,0.0,0.0,2,0.0,0.0,0.0,2
extended_moore_r2,ql,alpha_async,order_ba,fixed,0,0,0.68,0.3,0.016,0.5,0.6,0.6,True,0.2108971745450705,0.002341509473892181,0.2108971745450705,2,0.3009506885766125,0.0034030046963804557,0.3009506885766125,2,,,,0,0.258913090070865,0.0004565722101668556,0.258913090070865,2,0.19295742671722776,0.005147583527097282,0.19295742671722776,2,1.323714441209943,0.010351538506515032,1.323714441209943,2,0.09862726810220004,0.0008045549734936985,0.09862726810220004,2,0.0,0.0,0.0,2,1.0,0.0,1.0,2,0.0,0.0,0.0,2,0.0,0.0,0.0,2
extended_moore_r2,ql,alpha_async,order_ba,plastic,0,0,0.68,0.0,0.016,0.5,0.6,0.6,False,0.35752223976914665,0.0037470715258256216,0.35752223976914665,2,0.7354912262577842,0.007117223014683403,0.7354912262577842,2,,,,0,0.08016879776856535,0.00016988966823223658,0.08016879776856535,2,0.09010924954767871,0.004291106970689776,0.09010924954767871,2,1.145975708791621,0.039880902052475325,1.145975708791621,2,0.057828920546722604,0.0078345855301936,0.057828920546722604,2,0.2844527329437432,0.006458307883984934,0.2844527329437432,2,0.9904693663708088,0.000969743952255909,0.9904693663708088,2,0.0,0.0,0.0,2,0.0,0.0,0.0,2
extended_moore_r2,ql,alpha_async,order_ba,plastic,0,0,0.68,0.0,0.016,0.5,0.6,0.6,True,0.22524274183842097,0.001497130526770974,0.22524274183842097,2,0.41459792773516974,0.0036084870947229704,0.41459792773516974,2,,,,0,0.21672350020166098,0.011126204704642088,0.21672350020166098,2,0.2028777908378601,0.0077171248452387415,0.2028777908378601,2,1.2670838360915382,0.007211539325503194,1.2670838360915382,2,0.10712436769919595,0.005176493559343463,0.10712436769919595,2,0.0,0.0,0.0,2,0.9899916789940828,0.00035956798229712947,0.9899916789940828,2,0.0,0.0,0.0,2,0.0,0.0,0.0,2
extended_moore_r2,ql,alpha_async,order_ba,plastic,0,0,0.68,0.3,0.016,0.5,0.6,0.6,False,0.34699539114333056,0.0005845746311620632,0.34699539114333056,2,0.7204508238197966,0.0016103377923507099,0.7204508238197966,2,,,,0,0.0978298734771926,0.0030702821393766917,0.0978298734771926,2,0.09700089083306015,0.008284810331350704,0.09700089083306015,2,1.1704361506238532,0.05426343450113397,1.1704361506238532,2,0.058630595984932005,0.004064823353481624,0.058630595984932005,2,0.29691775451700997,0.00445855086586483,0.29691775451700997,2,0.9900379068047338,0.0013619999329438472,0.9900379068047338,2,0.0,0.0,0.0,2,0.0,0.0,0.0,2
extended_moore_r2,ql,alpha_async,order_ba,plastic,0,0,0.68,0.3,0.016,0.5,0.6,0.6,True,0.2049827729743809,0.007868337772725139,0.2049827729743809,2,0.37820766912596937,0.017781241107523587,0.37820766912596937,2,,,,0,0.21990867554853855,0.02424260817845028,0.21990867554853855,2,0.21784127747298965,0.016834812183266223,0.21784127747298965,2,1.23388835580068,0.0072079541762305795,1.23388835580068,2,0.1079554956001914,0.002942218259619175,0.1079554956001914,2,0.0,0.0,0.0,2,0.9902921597633136,0.0014600639281155668,0.9902921597633136,2,0.0,0.0,0.0,2,0.0,0.0,0.0,2
hex_cells,markov,alpha_async,lesion,fixed,0,0,0.68,0.0,0.016,0.5,0.6,0.6,False,0.421923577612358,0.0015369838269303998,0.421923577612358,2,0.48065874533779934,0.002790331632313678,0.48065874533779934,2,0.0228159466190662,0.00037496913258699185,0.0228159466190662,2,0.04713322928847755,0.0030077531564763216,0.04713322928847755,2,0.030631873090458648,0.004836585695167724,0.030631873090458648,2,1.4993102605745698,0.008257067533154748,1.4993102605745698,2,0.0288472145611899,0.00025716880928797876,0.0288472145611899,2,0.0,0.0,0.0,2,1.0,0.0,1.0,2,0.0,0.0,0.0,2,0.0,0.0,0.0,2
hex_cells,markov,alpha_async,lesion,fixed,0,0,0.68,0.0,0.016,0.5,0.6,0.6,True,0.421923577612358,0.0015369838269303998,0.421923577612358,2,0.48065874533779934,0.002790331632313678,0.48065874533779934,2,0.0228159466190662,0.00037496913258699185,0.0228159466190662,2,0.04713322928847755,0.0030077531564763216,0.04713322928847755,2,0.030631873090458648,0.004836585695167724,0.030631873090458648,2,1.4993102605745698,0.008257067533154748,1.4993102605745698,2,0.0288472145611899,0.00025716880928797876,0.0288472145611899,2,0.0,0.0,0.0,2,1.0,0.0,1.0,2,0.0,0.0,0.0,2,0.0,0.0,0.0,2
hex_cells,markov,alpha_async,lesion,fixed,0,0,0.68,0.3,0.016,0.5,0.6,0.6,False,0.40450627532965133,0.0058803125620206015,0.40450627532965133,2,0.46249093170969574,0.009519381064491773,0.46249093170969574,2,0.0334128536342892,0.012488519625965654,0.0334128536342892,2,0.06312098252645029,0.006260280747375211,0.06312098252645029,2,0.0384149994910356,0.00349760636448518,0.0384149994910356,2,1.5640507968609265,0.012037389454371437,1.5640507968609265,2,0.03426474412681365,0.0019523339955699653,0.03426474412681365,2,0.0,0.0,0.0,2,1.0,0.0,1.0,2,0.0,0.0,0.0,2,0.0,0.0,0.0,2
hex_cells,markov,alpha_async,lesion,fixed,0,0,0.68,0.3,0.016,0.5,0.6,0.6,True,0.40450627532965133,0.0058803125620206015,0.40450627532965133,2,0.46249093170969574,0.009519381064491773,0.46249093170969574,2,0.0334128536342892,0.012488519625965654,0.0334128536342892,2,0.06312098252645029,0.006260280747375211,0.06312098252645029,2,0.0384149994910356,0.00349760636448518,0.0384149994910356,2,1.5640507968609265,0.012037389454371437,1.5640507968609265,2,0.03426474412681365,0.0019523339955699653,0.03426474412681365,2,0.0,0.0,0.0,2,1.0,0.0,1.0,2,0.0,0.0,0.0,2,0.0,0.0,0.0,2
hex_cells,markov,alpha_async,lesion,plastic,0,0,0.68,0.0,0.016,0.5,0.6,0.6,False,0.38856203606924783,0.0022002437146783557,0.38856203606924783,2,0.5325664291959327,0.001162321649598305,0.5325664291959327,2,0.0245870930342917,0.011060972724266666,0.0245870930342917,2,0.043577311470598595,0.010600041639896373,0.043577311470598595,2,0.02474482154256575,0.01009402888752602,0.02474482154256575,2,1.4600273265584283,0.0014821531657183773,1.4600273265584283,2,0.02471531977178195,0.0036801817928565745,0.02471531977178195,2,0.0,0.0,0.0,2,1.0,0.0,1.0,2,0.0,0.0,0.0,2,0.0,0.0,0.0,2
hex_cells,markov,alpha_async,lesion,plastic,0,0,0.68,0.0,0.016,0.5,0.6,0.6,True,0.38856203606924783,0.0022002437146783557,0.38856203606924783,2,0.5325664291959327,0.001162321649598305,0.5325664291959327,2,0.0245870930342917,0.011060972724266666,0.0245870930342917,2,0.043577311470598595,0.010600041639896373,0.043577311470598595,2,0.02474482154256575,0.01009402888752602,0.02474482154256575,2,1.4600273265584283,0.0014821531657183773,1.4600273265584283,2,0.02471531977178195,0.0036801817928565745,0.02471531977178195,2,0.0,0.0,0.0,2,1.0,0.0,1.0,2,0.0,0.0,0.0,2,0.0,0.0,0.0,2
hex_cells,markov,alpha_async,lesion,plastic,0,0,0.68,0.3,0.016,0.5,0.6,0.6,False,0.37071468238797134,0.005820387925275856,0.37071468238797134,2,0.502669535940679,0.009051380252864635,0.502669535940679,2,0.00077649875440625,0.0027426761644898023,0.00077649875440625,2,0.04545362303688795,0.0051255457542069465,0.04545362303688795,2,0.03353207744119615,0.003955062421778333,0.03353207744119615,2,1.5167279954625346,0.004415615878472793,1.5167279954625346,2,0.034397471309428954,0.0003489147070229598,0.034397471309428954,2,0.0,0.0,0.0,2,1.0,0.0,1.0,2,0.0,0.0,0.0,2,0.0,0.0,0.0,2
hex_cells,markov,alpha_async,lesion,plastic,0,0,0.68,0.3,0.016,0.5,0.6,0.6,True,0.37071468238797134,0.005820387925275856,0.37071468238797134,2,0.502669535940679,0.009051380252864635,0.502669535940679,2,0.00077649875440625,0.0027426761644898023,0.00077649875440625,2,0.04545362303688795,0.0051255457542069465,0.04545362303688795,2,0.03353207744119615,0.003955062421778333,0.03353207744119615,2,1.5167279954625346,0.004415615878472793,1.5167279954625346,2,0.034397471309428954,0.0003489147070229598,0.034397471309428954,2,0.0,0.0,0.0,2,1.0,0.0,1.0,2,0.0,0.0,0.0,2,0.0,0.0,0.0,2
hex_cells,markov,alpha_async,order_ab,fixed,0,0,0.68,0.0,0.016,0.5,0.6,0.6,False,0.1823244950783974,0.0011356966986125485,0.1823244950783974,2,0.24009481481193495,1.8916384011918608e-05,0.24009481481193495,2,,,,0,0.2557514221362229,0.003245191391812242,0.2557514221362229,2,0.2425585151316737,0.005524549234691206,0.2425585151316737,2,1.318555958044143,0.009228872287262267,1.318555958044143,2,0.08477147175480501,0.0005857383446676787,0.08477147175480501,2,0.0,0.0,0.0,2,1.0,0.0,1.0,2,0.0,0.0,0.0,2,0.0,0.0,0.0,2
hex_cells,markov,alpha_async,order_ab,fixed,0,0,0.68,0.0,0.016,0.5,0.6,0.6,True,0.1823244950783974,0.0011356966986125485,0.1823244950783974,2,0.24009481481193495,1.8916384011918608e-05,0.24009481481193495,2,,,,0,0.2557514221362229,0.003245191391812242,0.2557514221362229,2,0.2425585151316737,0.005524549234691206,0.2425585151316737,2,1.318555958044143,0.009228872287262267,1.318555958044143,2,0.08477147175480501,0.0005857383446676787,0.08477147175480501,2,0.0,0.0,0.0,2,1.0,0.0,1.0,2,0.0,0.0,0.0,2,0.0,0.0,0.0,2
hex_cells,markov,alpha_async,order_ab,fixed,0,0,0.68,0.3,0.016,0.5,0.6,0.6,False,0.17191891451625535,0.001791317860767887,0.17191891451625535,2,0.2269038681793922,0.004524338875419588,0.2269038681793922,2,,,,0,0.26763222239375906,0.003956295175305498,0.26763222239375906,2,0.2531634296773724,0.008365664006085077,0.2531634296773724,2,1.281350731064438,0.0014709780594590691,1.281350731064438,2,0.0860332523768081,0.007936757298562403,0.0860332523768081,2,0.0,0.0,0.0,2,1.0,0.0,1.0,2,0.0,0.0,0.0,2,0.0,0.0,0.0,2
hex_cells,markov,alpha_async,order_ab,fixed,0,0,0.68,0.3,0.016,0.5,0.6,0.6,True,0.17191891451625535,0.001791317860767887,0.17191891451625535,2,0.2269038681793922,0.004524338875419588,0.2269038681793922,2,,,,0,0.26763222239375906,0.003956295175305498,0.26763222239375906,2,0.2531634296773724,0.008365664006085077,0.2531634296773724,2,1.281350731064438,0.0014709780594590691,1.281350731064438,2,0.0860332523768081,0.007936757298562403,0.0860332523768081,2,0.0,0.0,0.0,2,1.0,0.0,1.0,2,0.0,0.0,0.0,2,0.0,0.0,0.0,2
hex_cells,markov,alpha_async,order_ab,plastic,0,0,0.68,0.0,0.016,0.5,0.6,0.6,False,0.16326262615693116,0.0019315629150692792,0.16326262615693116,2,0.2280534880578213,0.0023412234099732705,0.2280534880578213,2,,,,0,0.27449227543656385,0.003699961730327682,0.27449227543656385,2,0.25884461603020165,0.025789555798393867,0.25884461603020165,2,1.2440275033845092,0.010150693228081419,1.2440275033845092,2,0.08455564601447575,0.005237680507705484,0.08455564601447575,2,0.0,0.0,0.0,2,1.0,0.0,1.0,2,0.0,0.0,0.0,2,0.0,0.0,0.0,2
hex_cells,markov,alpha_async,order_ab,plastic,0,0,0.68,0.0,0.016,0.5,0.6,0.6,True,0.16326262615693116,0.0019315629150692792,0.16326262615693116,2,0.2280534880578213,0.0023412234099732705,0.2280534880578213,2,,,,0,0.27449227543656385,0.003699961730327682,0.27449227543656385,2,0.25884461603020165,0.025789555798393867,0.25884461603020165,2,1.2440275033845092,0.010150693228081419,1.2440275033845092,2,0.08455564601447575,0.005237680507705484,0.08455564601447575,2,0.0,0.0,0.0,2,1.0,0.0,1.0,2,0.0,0.0,0.0,2,0.0,0.0,0.0,2
hex_cells,markov,alpha_async,order_ab,plastic,0,0,0.68,0.3,0.016,0.5,0.6,0.6,False,0.15057088766363258,0.0055097534698172815,0.15057088766363258,2,0.20726810117072605,0.011367804200868222,0.20726810117072605,2,,,,0,0.2996751466797199,0.0013977157012899047,0.2996751466797199,2,0.27395162423002095,0.023422731608316365,0.27395162423002095,2,1.1939121489348792,0.018071959037731646,1.1939121489348792,2,0.08718700057135535,0.003300463820013848,0.08718700057135535,2,0.0,0.0,0.0,2,1.0,0.0,1.0,2,0.0,0.0,0.0,2,0.0,0.0,0.0,2
hex_cells,markov,alpha_async,order_ab,plastic,0,0,0.68,0.3,0.016,0.5,0.6,0.6,True,0.15057088766363258,0.0055097534698172815,0.15057088766363258,2,0.20726810117072605,0.011367804200868222,0.20726810117072605,2,,,,0,0.2996751466797199,0.0013977157012899047,0.2996751466797199,2,0.27395162423002095,0.023422731608316365,0.27395162423002095,2,1.1939121489348792,0.018071959037731646,1.1939121489348792,2,0.08718700057135535,0.003300463820013848,0.08718700057135535,2,0.0,0.0,0.0,2,1.0,0.0,1.0,2,0.0,0.0,0.0,2,0.0,0.0,0.0,2
hex_cells,markov,alpha_async,order_ba,fixed,0,0,0.68,0.0,0.016,0.5,0.6,0.6,False,0.17840316249071675,0.0020312721410996135,0.17840316249071675,2,0.23390341588901198,0.0051683416531043795,0.23390341588901198,2,,,,0,0.2870356562485885,0.013424145178644887,0.2870356562485885,2,0.240572934968198,0.008683751134140754,0.240572934968198,2,1.3121905876640447,0.008980246995437225,1.3121905876640447,2,0.1064670113167109,0.0018007207514921,0.1064670113167109,2,0.0,0.0,0.0,2,1.0,0.0,1.0,2,0.0,0.0,0.0,2,0.0,0.0,0.0,2
hex_cells,markov,alpha_async,order_ba,fixed,0,0,0.68,0.0,0.016,0.5,0.6,0.6,True,0.17840316249071675,0.0020312721410996135,0.17840316249071675,2,0.23390341588901198,0.0051683416531043795,0.23390341588901198,2,,,,0,0.2870356562485885,0.013424145178644887,0.2870356562485885,2,0.240572934968198,0.008683751134140754,0.240572934968198,2,1.3121905876640447,0.008980246995437225,1.3121905876640447,2,0.1064670113167109,0.0018007207514921,0.1064670113167109,2,0.0,0.0,0.0,2,1.0,0.0,1.0,2,0.0,0.0,0.0,2,0.0,0.0,0.0,2
hex_cells,markov,alpha_async,order_ba,fixed,0,0,0.68,0.3,0.016,0.5,0.6,0.6,False,0.1714296503328733,0.00818257432546876,0.1714296503328733,2,0.22021421026398555,0.00984107965627588,0.22021421026398555,2,,,,0,0.3028230470370064,0.029101549371643755,0.3028230470370064,2,0.25363922078996526,0.0001397658042624238,0.25363922078996526,2,1.2934328571330747,0.030542715251715966,1.2934328571330747,2,0.1046349576545327,0.003681766594130676,0.1046349576545327,2,0.0,0.0,0.0,2,1.0,0.0,1.0,2,0.0,0.0,0.0,2,0.0,0.0,0.0,2
hex_cells,markov,alpha_async,order_ba,fixed,0,0,0.68,0.3,0.016,0.5,0.6,0.6,True,0.1714296503328733,0.00818257432546876,0.1714296503328733,2,0.22021421026398555,0.00984107965627588,0.22021421026398555,2,,,,0,0.3028230470370064,0.029101549371643755,0.3028230470370064,2,0.25363922078996526,0.0001397658042624238,0.25363922078996526,2,1.2934328571330747,0.030542715251715966,1.2934328571330747,2,0.1046349576545327,0.003681766594130676,0.1046349576545327,2,0.0,0.0,0.0,2,1.0,0.0,1.0,2,0.0,0.0,0.0,2,0.0,0.0,0.0,2
hex_cells,markov,alpha_async,order_ba,plastic,0,0,0.68,0.0,0.016,0.5,0.6,0.6,False,0.17009832985223028,0.0036955342200548098,0.17009832985223028,2,0.2307168029745669,0.006188702235855271,0.2307168029745669,2,,,,0,0.2667982158097184,0.001807655508756184,0.2667982158097184,2,0.24198914528669668,0.009045649894715634,0.24198914528669668,2,1.275949035985616,0.007222795714524696,1.275949035985616,2,0.10466378425033065,0.00035839322256180355,0.10466378425033065,2,0.0,0.0,0.0,2,1.0,0.0,1.0,2,0.0,0.0,0.0,2,0.0,0.0,0.0,2
hex_cells,markov,alpha_async,order_ba,plastic,0,0,0.68,0.0,0.016,0.5,0.6,0.6,True,0.17009832985223028,0.0036955342200548098,0.17009832985223028,2,0.2307168029745669,0.006188702235855271,0.2307168029745669,2,,,,0,0.2667982158097184,0.001807655508756184,0.2667982158097184,2,0.24198914528669668,0.009045649894715634,0.24198914528669668,2,1.275949035985616,0.007222795714524696,1.275949035985616,2,0.10466378425033065,0.00035839322256180355,0.10466378425033065,2,0.0,0.0,0.0,2,1.0,0.0,1.0,2,0.0,0.0,0.0,2,0.0,0.0,0.0,2
hex_cells,markov,alpha_async,order_ba,plastic,0,0,0.68,0.3,0.016,0.5,0.6,0.6,False,0.15886189094790285,0.008744917010771257,0.15886189094790285,2,0.21240967883570633,0.011454783148265249,0.21240967883570633,2,,,,0,0.29136079077076416,0.00962651976536204,0.29136079077076416,2,0.2588413359998959,0.0247359331594878,0.2588413359998959,2,1.2390168358284877,0.032811304186392415,1.2390168358284877,2,0.09475473257560879,0.0033277949525405606,0.09475473257560879,2,0.0,0.0,0.0,2,1.0,0.0,1.0,2,0.0,0.0,0.0,2,0.0,0.0,0.0,2
hex_cells,markov,alpha_async,order_ba,plastic,0,0,0.68,0.3,0.016,0.5,0.6,0.6,True,0.15886189094790285,0.008744917010771257,0.15886189094790285,2,0.21240967883570633,0.011454783148265249,0.21240967883570633,2,,,,0,0.29136079077076416,0.00962651976536204,0.29136079077076416,2,0.2588413359998959,0.0247359331594878,0.2588413359998959,2,1.2390168358284877,0.032811304186392415,1.2390168358284877,2,0.09475473257560879,0.0033277949525405606,0.09475473257560879,2,0.0,0.0,0.0,2,1.0,0.0,1.0,2,0.0,0.0,0.0,2,0.0,0.0,0.0,2
hex_cells,ql,alpha_async,lesion,fixed,0,0,0.68,0.0,0.016,0.5,0.6,0.6,False,0.46088060970560063,0.0017656905538106023,0.46088060970560063,2,0.5634241677945948,0.004832697864113725,0.5634241677945948,2,0.00975925971980385,0.0051357585454819546,0.00975925971980385,2,0.01425319681566725,0.010829677774161384,0.01425319681566725,2,-0.0101767504816586,0.011576477836172437,-0.0101767504816586,2,1.2391609743228948,0.017743818818267674,1.2391609743228948,2,0.0284748725813217,0.0010602891306201536,0.0284748725813217,2,0.29056624519532837,0.0010196265911562358,0.29056624519532837,2,1.0,0.0,1.0,2,0.0,0.0,0.0,2,0.0,0.0,0.0,2
hex_cells,ql,alpha_async,lesion,fixed,0,0,0.68,0.0,0.016,0.5,0.6,0.6,True,0.4219235776065683,0.0015369838146144375,0.4219235776065683,2,0.48065874534157493,0.0027903316350646372,0.48065874534157493,2,0.02281594662664135,0.00037496905460845785,0.02281594662664135,2,0.0471332292891223,0.00300775313635015,0.0471332292891223,2,0.0306318731031932,0.0048365856913757214,0.0306318731031932,2,1.4993102605745698,0.008257067533154748,1.4993102605745698,2,0.0288472145540692,0.00025716880528759415,0.0288472145540692,2,0.0,0.0,0.0,2,1.0,0.0,1.0,2,0.0,0.0,0.0,2,0.0,0.0,0.0,2
hex_cells,ql,alpha_async,lesion,fixed,0,0,0.68,0.3,0.016,0.5,0.6,0.6,False,0.4605122571271229,0.0013308851451453191,0.4605122571271229,2,0.5631549272113833,0.004664097482054428,0.5631549272113833,2,0.023693278665453947,0.009106923900777691,0.023693278665453947,2,0.021943954457255797,0.005997850597454836,0.021943954457255797,2,-0.0079072817687966,0.008605357723404143,-0.0079072817687966,2,1.2500377740489474,0.014372803808742151,1.2500377740489474,2,0.02530391359360155,0.0029418380834586523,0.02530391359360155,2,0.2902661065183919,0.0011711314527942883,0.2902661065183919,2,1.0,0.0,1.0,2,0.0,0.0,0.0,2,0.0,0.0,0.0,2
hex_cells,ql,alpha_async,lesion,fixed,0,0,0.68,0.3,0.016,0.5,0.6,0.6,True,0.40450627809218814,0.005880316190740789,0.40450627809218814,2,0.46249093196427193,0.009519379879295724,0.46249093196427193,2,0.0334128488560723,0.012488508298962699,0.0334128488560723,2,0.0631209810685447,0.006260277049641753,0.0631209810685447,2,0.038414998149667,0.0034976027444903407,0.038414998149667,2,1.5640507968609265,0.012037389454371437,1.5640507968609265,2,0.03426474315365985,0.0019523354597550462,0.03426474315365985,2,0.0,0.0,0.0,2,1.0,0.0,1.0,2,0.0,0.0,0.0,2,0.0,0.0,0.0,2
hex_cells,ql,alpha_async,lesion,plastic,0,0,0.68,0.0,0.016,0.5,0.6,0.6,False,0.43025363446491705,0.0025655880292568592,0.43025363446491705,2,0.6167517154135507,0.004562045345874751,0.6167517154135507,2,0.0018471208616832498,0.00912645507511776,0.0018471208616832498,2,0.00012872379779810012,0.0026398388426114453,0.00012872379779810012,2,0.0002802589020851,0.00481431789483009,0.0002802589020851,2,1.2808910087895473,0.009462479022232744,1.2808910087895473,2,0.017926314977184353,0.0027841799496872164,0.017926314977184353,2,0.2766890476682734,0.00042506909398921114,0.2766890476682734,2,1.0,0.0,1.0,2,0.0,0.0,0.0,2,0.0,0.0,0.0,2
hex_cells,ql,alpha_async,lesion,plastic,0,0,0.68,0.0,0.016,0.5,0.6,0.6,True,0.38856635522525707,0.0021874474212497056,0.38856635522525707,2,0.5325943133475817,0.001085753144253167,0.5325943133475817,2,0.02466223405335695,0.010986247119124421,0.02466223405335695,2,0.0436012972351917,0.010572336432696798,0.0436012972351917,2,0.02467075373642595,0.01030778581788803,0.02467075373642595,2,1.4600273265584283,0.0014821531657183773,1.4600273265584283,2,0.02470623076032915,0.0036919966559390387,0.02470623076032915,2,0.0,0.0,0.0,2,1.0,0.0,1.0,2,0.0,0.0,0.0,2,0.0,0.0,0.0,2
hex_cells,ql,alpha_async,lesion,plastic,0,0,0.68,0.3,0.016,0.5,0.6,0.6,False,0.43050783086767086,0.000118734909478875,0.43050783086767086,2,0.6152364841381699,0.00022556530105953331,0.6152364841381699,2,-0.007518285122773949,0.015433592032149316,-0.007518285122773949,2,-0.00475378008407335,0.0017312819042251328,-0.00475378008407335,2,-0.0031721019009403493,0.006873021616328276,-0.0031721019009403493,2,1.278894144187529,0.003784515213482194,1.278894144187529,2,0.01847874940773325,0.0062938092921611425,0.01847874940773325,2,0.27820915437845783,0.001277152039383491,0.27820915437845783,2,1.0,0.0,1.0,2,0.0,0.0,0.0,2,0.0,0.0,0.0,2
hex_cells,ql,alpha_async,lesion,plastic,0,0,0.68,0.3,0.016,0.5,0.6,0.6,True,0.37069715593804475,0.005845261757111825,0.37069715593804475,2,0.5026424122080229,0.00909004479647405,0.5026424122080229,2,0.0007345255994922,0.0027081653136580494,0.0007345255994922,2,0.04543905802911285,0.0051138789259726645,0.04543905802911285,2,0.0335106820779181,0.003987662439246796,0.0335106820779181,2,1.5167279954625346,0.004415615878472793,1.5167279954625346,2,0.03438459603355635,0.00033213671814920847,0.03438459603355635,2,0.0,0.0,0.0,2,1.0,0.0,1.0,2,0.0,0.0,0.0,2,0.0,0.0,0.0,2
hex_cells,ql,alpha_async,order_ab,fixed,0,0,0.68,0.0,0.016,0.5,0.6,0.6,False,0.30407447488921613,0.005422593661921279,0.30407447488921613,2,0.5447762952059414,0.003104446869970459,0.5447762952059414,2,,,,0,0.15971800634779842,0.0021261078958942758,0.15971800634779842,2,0.14720318609400776,0.003572343848944559,0.14720318609400776,2,1.4431756407146294,0.00923288406919045,1.4431756407146294,2,0.057825553323419,0.0002315440319182926,0.057825553323419,2,0.39767654584074724,0.0007943881321969329,0.39767654584074724,2,1.0,0.0,1.0,2,0.0,0.0,0.0,2,0.0,0.0,0.0,2
hex_cells,ql,alpha_async,order_ab,fixed,0,0,0.68,0.0,0.016,0.5,0.6,0.6,True,0.18232449507839715,0.001135696698612038,0.18232449507839715,2,0.2400948148119328,1.8916384011987302e-05,0.2400948148119328,2,,,,0,0.2557514221362272,0.0032451913918186796,0.2557514221362272,2,0.2425585151316732,0.005524549234688222,0.2425585151316732,2,1.318555958044143,0.009228872287262267,1.318555958044143,2,0.08477147175480625,0.0005857383446663392,0.08477147175480625,2,0.0,0.0,0.0,2,1.0,0.0,1.0,2,0.0,0.0,0.0,2,0.0,0.0,0.0,2
hex_cells,ql,alpha_async,order_ab,fixed,0,0,0.68,0.3,0.016,0.5,0.6,0.6,False,0.2936009190057508,0.006870061475057053,0.2936009190057508,2,0.5390346371140596,0.005266369785181904,0.5390346371140596,2,,,,0,0.1631956291434048,0.0010128002765232547,0.1631956291434048,2,0.1556262549538156,0.0052302533446198386,0.1556262549538156,2,1.4291488632780767,0.013981837593133949,1.4291488632780767,2,0.0604223745553692,0.004076912632949653,0.0604223745553692,2,0.40394790062506186,0.005273571710562313,0.40394790062506186,2,1.0,0.0,1.0,2,0.0,0.0,0.0,2,0.0,0.0,0.0,2
hex_cells,ql,alpha_async,order_ab,fixed,0,0,0.68,0.3,0.016,0.5,0.6,0.6,True,0.1719189145162553,0.0017913178607729112,0.1719189145162553,2,0.2269038681793621,0.004524338875393279,0.2269038681793621,2,,,,0,0.26763222239381657,0.003956295175240142,0.26763222239381657,2,0.2531634296773837,0.008365664005999536,0.2531634296773837,2,1.281350731064438,0.0014709780594590691,1.281350731064438,2,0.0860332523768102,0.007936757298569056,0.0860332523768102,2,0.0,0.0,0.0,2,1.0,0.0,1.0,2,0.0,0.0,0.0,2,0.0,0.0,0.0,2
hex_cells,ql,alpha_async,order_ab,plastic,0,0,0.68,0.0,0.016,0.5,0.6,0.6,False,0.3032192441730057,0.0012147139957359278,0.3032192441730057,2,0.5565298753346071,0.0005623792792502668,0.5565298753346071,2,,,,0,0.12728911046939329,0.016983703512405184,0.12728911046939329,2,0.13152124468629484,0.013060197372728344,0.13152124468629484,2,1.4269988028659557,0.0006788309390822429,1.4269988028659557,2,0.0531134705220355,0.003531001403207586,0.0531134705220355,2,0.393863383156266,1.3078952344304116e-05,0.393863383156266,2,1.0,0.0,1.0,2,0.0,0.0,0.0,2,0.0,0.0,0.0,2
hex_cells,ql,alpha_async,order_ab,plastic,0,0,0.68,0.0,0.016,0.5,0.6,0.6,True,0.16326262615421921,0.0019315629384001956,0.16326262615421921,2,0.2280534885768149,0.0023412242344365924,0.2280534885768149,2,,,,0,0.2744922748651283,0.003699963054945213,0.2744922748651283,2,0.2588446186290203,0.025789552092269123,0.2588446186290203,2,1.2440275033845092,0.010150693228081419,1.2440275033845092,2,0.08455564632624324,0.005237680075291447,0.08455564632624324,2,0.0,0.0,0.0,2,1.0,0.0,1.0,2,0.0,0.0,0.0,2,0.0,0.0,0.0,2
hex_cells,ql,alpha_async,order_ab,plastic,0,0,0.68,0.3,0.016,0.5,0.6,0.6,False,0.28831934513825025,0.003844175185669594,0.28831934513825025,2,0.5455925021788763,0.003281391551751801,0.5455925021788763,2,,,,0,0.14901762141973884,0.007083539170587056,0.14901762141973884,2,0.14813914479814516,0.003152791366606931,0.14813914479814516,2,1.422960471459381,0.006739991830064838,1.422960471459381,2,0.06006492944881575,0.0009945642829261984,0.06006492944881575,2,0.40376809922711077,0.0005911921766929484,0.40376809922711077,2,1.0,0.0,1.0,2,0.0,0.0,0.0,2,0.0,0.0,0.0,2
hex_cells,ql,alpha_async,order_ab,plastic,0,0,0.68,0.3,0.016,0.5,0.6,0.6,True,0.1505708872145525,0.005509754032154267,0.1505708872145525,2,0.20726810083649994,0.011367804913864783,0.20726810083649994,2,,,,0,0.29967514683951446,0.0013977160330711468,0.29967514683951446,2,0.27395162461793915,0.02342273231383496,0.27395162461793915,2,1.1939121489348792,0.018071959037731646,1.1939121489348792,2,0.0871870006149809,0.003300464009892744,0.0871870006149809,2,0.0,0.0,0.0,2,1.0,0.0,1.0,2,0.0,0.0,0.0,2,0.0,0.0,0.0,2
hex_cells,ql,alpha_async,order_ba,fixed,0,0,0.68,0.0,0.016,0.5,0.6,0.6,False,0.2988452117354542,0.0004962248697031138,0.2988452117354542,2,0.5387747704936986,0.0011614853640969681,0.5387747704936986,2,,,,0,0.1662303071805579,0.0109496179510681,0.1662303071805579,2,0.13928405218818363,0.006368729439053381,0.13928405218818363,2,1.4517561917365487,0.0015172706479581314,1.4517561917365487,2,0.06940990116494014,0.004288879686270279,0.06940990116494014,2,0.398439673109094,0.001141022132235726,0.398439673109094,2,1.0,0.0,1.0,2,0.0,0.0,0.0,2,0.0,0.0,0.0,2
hex_cells,ql,alpha_async,order_ba,fixed,0,0,0.68,0.0,0.016,0.5,0.6,0.6,True,0.17840316249071603,0.002031272141097896,0.17840316249071603,2,0.2339034158890039,0.005168341653116262,0.2339034158890039,2,,,,0,0.28703565624858124,0.013424145178648653,0.28703565624858124,2,0.24057293496819937,0.008683751134145632,0.24057293496819937,2,1.3121905876640447,0.008980246995437225,1.3121905876640447,2,0.10646701131670874,0.00180072075149288,0.10646701131670874,2,0.0,0.0,0.0,2,1.0,0.0,1.0,2,0.0,0.0,0.0,2,0.0,0.0,0.0,2
hex_cells,ql,alpha_async,order_ba,fixed,0,0,0.68,0.3,0.016,0.5,0.6,0.6,False,0.291332214171263,0.0015219854060108742,0.291332214171263,2,0.5351624898110237,0.002542605048644543,0.5351624898110237,2,,,,0,0.18135031659291315,0.003792381518693984,0.18135031659291315,2,0.13908225455089096,0.001639280875433216,0.13908225455089096,2,1.4436171750443147,0.01309515172535798,1.4436171750443147,2,0.07200525203716049,0.0019404074636668205,0.07200525203716049,2,0.4035764692376988,0.000280751925910484,0.4035764692376988,2,1.0,0.0,1.0,2,0.0,0.0,0.0,2,0.0,0.0,0.0,2
hex_cells,ql,alpha_async,order_ba,fixed,0,0,0.68,0.3,0.016,0.5,0.6,0.6,True,0.17142965033287125,0.008182574325468131,0.17142965033287125,2,0.2202142102639916,0.009841079656271994,0.2202142102639916,2,,,,0,0.3028230470370382,0.02910154937158431,0.3028230470370382,2,0.2536392207899645,0.00013976580426729109,0.2536392207899645,2,1.2934328571330747,0.030542715251715966,1.2934328571330747,2,0.1046349576545268,0.003681766594139022,0.1046349576545268,2,0.0,0.0,0.0,2,1.0,0.0,1.0,2,0.0,0.0,0.0,2,0.0,0.0,0.0,2
hex_cells,ql,alpha_async,order_ba,plastic,0,0,0.68,0.0,0.016,0.5,0.6,0.6,False,0.28875905808181634,0.0020765357680858857,0.28875905808181634,2,0.5433104566122102,0.0028324870243641048,0.5433104566122102,2,,,,0,0.15373474165917556,0.008959902632672552,0.15373474165917556,2,0.1376145661488054,0.0053136040935468825,0.1376145661488054,2,1.42442019924298,0.0043705090783012265,1.42442019924298,2,0.0660307239492086,0.0010450192259903615,0.0660307239492086,2,0.3994494362539005,0.000767076143971688,0.3994494362539005,2,1.0,0.0,1.0,2,0.0,0.0,0.0,2,0.0,0.0,0.0,2
hex_cells,ql,alpha_async,order_ba,plastic,0,0,0.68,0.0,0.016,0.5,0.6,0.6,True,0.17009832966176164,0.003695534001552932,0.17009832966176164,2,0.2307168030618594,0.006188702468578653,0.2307168030618594,2,,,,0,0.2667982164991653,0.001807655652315076,0.2667982164991653,2,0.241989144744964,0.00904565091069755,0.241989144744964,2,1.275949035985616,0.007222795714524696,1.275949035985616,2,0.10466378443111235,0.0003583929551270866,0.10466378443111235,2,0.0,0.0,0.0,2,1.0,0.0,1.0,2,0.0,0.0,0.0,2,0.0,0.0,0.0,2
hex_cells,ql,alpha_async,order_ba,plastic,0,0,0.68,0.3,0.016,0.5,0.6,0.6,False,0.2824585188316828,0.00481014059185495,0.2824585188316828,2,0.5390171451997501,0.0014293175243986708,0.5390171451997501,2,,,,0,0.16663143187603696,0.00362348190741546,0.16663143187603696,2,0.15050518443705163,0.0016784344690065284,0.15050518443705163,2,1.4251576784565758,0.017835312234595526,1.4251576784565758,2,0.0692178050218348,0.0014974522464597242,0.0692178050218348,2,0.40382917592057366,8.085386586222835e-06,0.40382917592057366,2,1.0,0.0,1.0,2,0.0,0.0,0.0,2,0.0,0.0,0.0,2
hex_cells,ql,alpha_async,order_ba,plastic,0,0,0.68,0.3,0.016,0.5,0.6,0.6,True,0.15886189094417041,0.00874491697513415,0.15886189094417041,2,0.2124096789012508,0.011454782988508537,0.2124096789012508,2,,,,0,0.2913607915256393,0.009626519323932723,0.2913607915256393,2,0.25884133609567017,0.02473593360435789,0.25884133609567017,2,1.2390168358284877,0.032811304186392415,1.2390168358284877,2,0.09475473264213699,0.0033277949460466384,0.09475473264213699,2,0.0,0.0,0.0,2,1.0,0.0,1.0,2,0.0,0.0,0.0,2,0.0,0.0,0.0,2
honeycomb,markov,alpha_async,lesion,fixed,0,0,0.68,0.0,0.016,0.5,0.6,0.6,False,0.14226186818950515,0.0040658864264467775,0.14226186818950515,2,0.2572508786013513,0.010858861162792013,0.2572508786013513,2,0.2610434206667792,0.02927549410065092,0.2610434206667792,2,0.29729341833495604,0.014229581061825302,0.29729341833495604,2,0.2591956222164171,0.015755219664214108,0.2591956222164171,2,1.1374737412958549,0.008243313136776415,1.1374737412958549,2,0.15751422314665964,0.0008380079934163998,0.15751422314665964,2,0.0,0.0,0.0,2,1.0,0.0,1.0,2,0.0,0.0,0.0,2,0.0,0.0,0.0,2
honeycomb,markov,alpha_async,lesion,fixed,0,0,0.68,0.0,0.016,0.5,0.6,0.6,True,0.14226186818950515,0.0040658864264467775,0.14226186818950515,2,0.2572508786013513,0.010858861162792013,0.2572508786013513,2,0.2610434206667792,0.02927549410065092,0.2610434206667792,2,0.29729341833495604,0.014229581061825302,0.29729341833495604,2,0.2591956222164171,0.015755219664214108,0.2591956222164171,2,1.1374737412958549,0.008243313136776415,1.1374737412958549,2,0.15751422314665964,0.0008380079934163998,0.15751422314665964,2,0.0,0.0,0.0,2,1.0,0.0,1.0,2,0.0,0.0,0.0,2,0.0,0.0,0.0,2
honeycomb,markov,alpha_async,lesion,fixed,0,0,0.68,0.3,0.016,0.5,0.6,0.6,False,0.11810522570632054,0.006235045869846091,0.11810522570632054,2,0.21365425468035176,0.008472605724680369,0.21365425468035176,2,0.3045482658315467,0.0026466092392455447,0.3045482658315467,2,0.3255600197357146,0.008060243494981143,0.3255600197357146,2,0.2976976881664827,0.023290604249800954,0.2976976881664827,2,1.0172046151148573,0.03837824091158014,1.0172046151148573,2,0.14083774186112166,0.0050785562158476285,0.14083774186112166,2,0.0,0.0,0.0,2,1.0,0.0,1.0,2,0.0,0.0,0.0,2,0.0,0.0,0.0,2
honeycomb,markov,alpha_async,lesion,fixed,0,0,0.68,0.3,0.016,0.5,0.6,0.6,True,0.11810522570632054,0.006235045869846091,0.11810522570632054,2,0.21365425468035176,0.008472605724680369,0.21365425468035176,2,0.3045482658315467,0.0026466092392455447,0.3045482658315467,2,0.3255600197357146,0.008060243494981143,0.3255600197357146,2,0.2976976881664827,0.023290604249800954,0.2976976881664827,2,1.0172046151148573,0.03837824091158014,1.0172046151148573,2,0.14083774186112166,0.0050785562158476285,0.14083774186112166,2,0.0,0.0,0.0,2,1.0,0.0,1.0,2,0.0,0.0,0.0,2,0.0,0.0,0.0,2
honeycomb,markov,alpha_async,lesion,plastic,0,0,0.68,0.0,0.016,0.5,0.6,0.6,False,0.15410607884679584,0.003955430624190111,0.15410607884679584,2,0.28369458963649197,0.004754697217803046,0.28369458963649197,2,0.23025813423643643,0.025957398328711485,0.23025813423643643,2,0.2673309908632565,0.0099341829686725,0.2673309908632565,2,0.2380394064821161,0.0003530712698588018,0.2380394064821161,2,1.1846894817300502,0.02468059815021597,1.1846894817300502,2,0.15789348103703765,0.007494716808975472,0.15789348103703765,2,0.0,0.0,0.0,2,1.0,0.0,1.0,2,0.0,0.0,0.0,2,0.0,0.0,0.0,2
honeycomb,markov,alpha_async,lesion,plastic,0,0,0.68,0.0,0.016,0.5,0.6,0.6,True,0.15410607884679584,0.003955430624190111,0.15410607884679584,2,0.28369458963649197,0.004754697217803046,0.28369458963649197,2,0.23025813423643643,0.025957398328711485,0.23025813423643643,2,0.2673309908632565,0.0099341829686725,0.2673309908632565,2,0.2380394064821161,0.0003530712698588018,0.2380394064821161,2,1.1846894817300502,0.02468059815021597,1.1846894817300502,2,0.15789348103703765,0.007494716808975472,0.15789348103703765,2,0.0,0.0,0.0,2,1.0,0.0,1.0,2,0.0,0.0,0.0,2,0.0,0.0,0.0,2
honeycomb,markov,alpha_async,lesion,plastic,0,0,0.68,0.3,0.016,0.5,0.6,0.6,False,0.12943710194905594,0.0018433899876230638,0.12943710194905594,2,0.2325466937516965,0.0038509976760187467,0.2325466937516965,2,0.2963231380731527,0.0031911781219340165,0.2963231380731527,2,0.3185000028604519,0.0015300617595381412,0.3185000028604519,2,0.2799135454191277,0.009790357574890291,0.2799135454191277,2,1.0759943429452252,0.01593570178677794,1.0759943429452252,2,0.14902074707686574,0.0010060108346953943,0.14902074707686574,2,0.0,0.0,0.0,2,1.0,0.0,1.0,2,0.0,0.0,0.0,2,0.0,0.0,0.0,2
honeycomb,markov,alpha_async,lesion,plastic,0,0,0.68,0.3,0.016,0.5,0.6,0.6,True,0.12943710194905594,0.0018433899876230638,0.12943710194905594,2,0.2325466937516965,0.0038509976760187467,0.2325466937516965,2,0.2963231380731527,0.0031911781219340165,0.2963231380731527,2,0.3185000028604519,0.0015300617595381412,0.3185000028604519,2,0.2799135454191277,0.009790357574890291,0.2799135454191277,2,1.0759943429452252,0.01593570178677794,1.0759943429452252,2,0.14902074707686574,0.0010060108346953943,0.14902074707686574,2,0.0,0.0,0.0,2,1.0,0.0,1.0,2,0.0,0.0,0.0,2,0.0,0.0,0.0,2
honeycomb,markov,alpha_async,order_ab,fixed,0,0,0.68,0.0,0.016,0.5,0.6,0.6,False,0.07949234421717075,0.00786861207628255,0.07949234421717075,2,0.1443365273137096,0.014012683082370638,0.1443365273137096,2,,,,0,0.3615580668493022,0.012253808628578791,0.3615580668493022,2,0.4106711799202216,0.015464956339654121,0.4106711799202216,2,0.780390173912066,0.05935531118561513,0.780390173912066,2,0.08456256256959065,0.00858069071067944,0.08456256256959065,2,0.0,0.0,0.0,2,1.0,0.0,1.0,2,0.0,0.0,0.0,2,0.0,0.0,0.0,2
honeycomb,markov,alpha_async,order_ab,fixed,0,0,0.68,0.0,0.016,0.5,0.6,0.6,True,0.07949234421717075,0.00786861207628255,0.07949234421717075,2,0.1443365273137096,0.014012683082370638,0.1443365273137096,2,,,,0,0.3615580668493022,0.012253808628578791,0.3615580668493022,2,0.4106711799202216,0.015464956339654121,0.4106711799202216,2,0.780390173912066,0.05935531118561513,0.780390173912066,2,0.08456256256959065,0.00858069071067944,0.08456256256959065,2,0.0,0.0,0.0,2,1.0,0.0,1.0,2,0.0,0.0,0.0,2,0.0,0.0,0.0,2
honeycomb,markov,alpha_async,order_ab,fixed,0,0,0.68,0.3,0.016,0.5,0.6,0.6,False,0.07369394338859366,0.003995244255013368,0.07369394338859366,2,0.13296607394501514,0.006730189046174133,0.13296607394501514,2,,,,0,0.3690278252275469,0.015541254001620201,0.3690278252275469,2,0.4203399119971753,0.016478417167804082,0.4203399119971753,2,0.7310889097021755,0.026073474286338705,0.7310889097021755,2,0.0772483057837111,0.0029495004734785314,0.0772483057837111,2,0.0,0.0,0.0,2,1.0,0.0,1.0,2,0.0,0.0,0.0,2,0.0,0.0,0.0,2
honeycomb,markov,alpha_async,order_ab,fixed,0,0,0.68,0.3,0.016,0.5,0.6,0.6,True,0.07369394338859366,0.003995244255013368,0.07369394338859366,2,0.13296607394501514,0.006730189046174133,0.13296607394501514,2,,,,0,0.3690278252275469,0.015541254001620201,0.3690278252275469,2,0.4203399119971753,0.016478417167804082,0.4203399119971753,2,0.7310889097021755,0.026073474286338705,0.7310889097021755,2,0.0772483057837111,0.0029495004734785314,0.0772483057837111,2,0.0,0.0,0.0,2,1.0,0.0,1.0,2,0.0,0.0,0.0,2,0.0,0.0,0.0,2
honeycomb,markov,alpha_async,order_ab,plastic,0,0,0.68,0.0,0.016,0.5,0.6,0.6,False,0.0771346008827922,0.004286383203818666,0.0771346008827922,2,0.14086262888500745,0.00918088077769032,0.14086262888500745,2,,,,0,0.37429539378436627,0.007578991156526615,0.37429539378436627,2,0.4103321832181388,0.017056889172467678,0.4103321832181388,2,0.7487269653094302,0.026107878167947206,0.7487269653094302,2,0.08521909511225174,0.002257814404123726,0.08521909511225174,2,0.0,0.0,0.0,2,1.0,0.0,1.0,2,0.0,0.0,0.0,2,0.0,0.0,0.0,2
honeycomb,markov,alpha_async,order_ab,plastic,0,0,0.68,0.0,0.016,0.5,0.6,0.6,True,0.0771346008827922,0.004286383203818666,0.0771346008827922,2,0.14086262888500745,0.00918088077769032,0.14086262888500745,2,,,,0,0.37429539378436627,0.007578991156526615,0.37429539378436627,2,0.4103321832181388,0.017056889172467678,0.4103321832181388,2,0.7487269653094302,0.026107878167947206,0.7487269653094302,2,0.08521909511225174,0.002257814404123726,0.08521909511225174,2,0.0,0.0,0.0,2,1.0,0.0,1.0,2,0.0,0.0,0.0,2,0.0,0.0,0.0,2
honeycomb,markov,alpha_async,order_ab,plastic,0,0,0.68,0.3,0.016,0.5,0.6,0.6,False,0.06560805186071625,0.006034049779602963,0.06560805186071625,2,0.12035571663101051,0.008266962788029778,0.12035571663101051,2,,,,0,0.29927672268078304,0.01772451276408053,0.29927672268078304,2,0.44640217484004935,0.0036535880036783195,0.44640217484004935,2,0.6667784202161453,0.05178167061855761,0.6667784202161453,2,0.07135672103083344,0.004902506732511307,0.07135672103083344,2,0.0,0.0,0.0,2,1.0,0.0,1.0,2,0.0,0.0,0.0,2,0.0,0.0,0.0,2
honeycomb,markov,alpha_async,order_ab,plastic,0,0,0.68,0.3,0.016,0.5,0.6,0.6,True,0.06560805186071625,0.006034049779602963,0.06560805186071625,2,0.12035571663101051,0.008266962788029778,0.12035571663101051,2,,,,0,0.29927672268078304,0.01772451276408053,0.29927672268078304,2,0.44640217484004935,0.0036535880036783195,0.44640217484004935,2,0.6667784202161453,0.05178167061855761,0.6667784202161453,2,0.07135672103083344,0.004902506732511307,0.07135672103083344,2,0.0,0.0,0.0,2,1.0,0.0,1.0,2,0.0,0.0,0.0,2,0.0,0.0,0.0,2
honeycomb,markov,alpha_async,order_ba,fixed,0,0,0.68,0.0,0.016,0.5,0.6,0.6,False,0.0904170564531182,0.0004953219101095036,0.0904170564531182,2,0.16234930668337505,0.00019959942363913295,0.16234930668337505,2,,,,0,0.3927307028199851,0.006195937016691622,0.3927307028199851,2,0.3311171774379361,0.017315541695146902,0.3311171774379361,2,0.847732150230551,0.004495497969295544,0.847732150230551,2,0.1059994319307962,0.007729049039085603,0.1059994319307962,2,0.0,0.0,0.0,2,1.0,0.0,1.0,2,0.0,0.0,0.0,2,0.0,0.0,0.0,2
honeycomb,markov,alpha_async,order_ba,fixed,0,0,0.68,0.0,0.016,0.5,0.6,0.6,True,0.0904170564531182,0.0004953219101095036,0.0904170564531182,2,0.16234930668337505,0.00019959942363913295,0.16234930668337505,2,,,,0,0.3927307028199851,0.006195937016691622,0.3927307028199851,2,0.3311171774379361,0.017315541695146902,0.3311171774379361,2,0.847732150230551,0.004495497969295544,0.847732150230551,2,0.1059994319307962,0.007729049039085603,0.1059994319307962,2,0.0,0.0,0.0,2,1.0,0.0,1.0,2,0.0,0.0,0.0,2,0.0,0.0,0.0,2
honeycomb,markov,alpha_async,order_ba,fixed,0,0,0.68,0.3,0.016,0.5,0.6,0.6,False,0.07440321842994245,0.006124064746651503,0.07440321842994245,2,0.1349863477218461,0.00920810329726627,0.1349863477218461,2,,,,0,0.4439380701892266,0.01354683634907768,0.4439380701892266,2,0.3505214364980135,0.03252282005904352,0.3505214364980135,2,0.7465439883771239,0.05486771253417177,0.7465439883771239,2,0.09069046443114215,0.004120649072188926,0.09069046443114215,2,0.0,0.0,0.0,2,1.0,0.0,1.0,2,0.0,0.0,0.0,2,0.0,0.0,0.0,2
honeycomb,markov,alpha_async,order_ba,fixed,0,0,0.68,0.3,0.016,0.5,0.6,0.6,True,0.07440321842994245,0.006124064746651503,0.07440321842994245,2,0.1349863477218461,0.00920810329726627,0.1349863477218461,2,,,,0,0.4439380701892266,0.01354683634907768,0.4439380701892266,2,0.3505214364980135,0.03252282005904352,0.3505214364980135,2,0.7465439883771239,0.05486771253417177,0.7465439883771239,2,0.09069046443114215,0.004120649072188926,0.09069046443114215,2,0.0,0.0,0.0,2,1.0,0.0,1.0,2,0.0,0.0,0.0,2,0.0,0.0,0.0,2
honeycomb,markov,alpha_async,order_ba,plastic,0,0,0.68,0.0,0.016,0.5,0.6,0.6,False,0.0887881282700375,0.003121595168742945,0.0887881282700375,2,0.1598067587097802,0.006145458524659209,0.1598067587097802,2,,,,0,0.4161151750144746,0.002204386936114948,0.4161151750144746,2,0.3088016970203778,0.031164809473699522,0.3088016970203778,2,0.8370908157788561,0.025636335610707675,0.8370908157788561,2,0.10353514317775075,0.004998373547205197,0.10353514317775075,2,0.0,0.0,0.0,2,1.0,0.0,1.0,2,0.0,0.0,0.0,2,0.0,0.0,0.0,2
honeycomb,markov,alpha_async,order_ba,plastic,0,0,0.68,0.0,0.016,0.5,0.6,0.6,True,0.0887881282700375,0.003121595168742945,0.0887881282700375,2,0.1598067587097802,0.006145458524659209,0.1598067587097802,2,,,,0,0.4161151750144746,0.002204386936114948,0.4161151750144746,2,0.3088016970203778,0.031164809473699522,0.3088016970203778,2,0.8370908157788561,0.025636335610707675,0.8370908157788561,2,0.10353514317775075,0.004998373547205197,0.10353514317775075,2,0.0,0.0,0.0,2,1.0,0.0,1.0,2,0.0,0.0,0.0,2,0.0,0.0,0.0,2
honeycomb,markov,alpha_async,order_ba,plastic,0,0,0.68,0.3,0.016,0.5,0.6,0.6,False,0.0743167023328958,0.003126913313491453,0.0743167023328958,2,0.1361480206779567,0.0036955343802765727,0.1361480206779567,2,,,,0,0.4735433092256385,0.024532124840663496,0.4735433092256385,2,0.3556311097931199,0.05078262108503912,0.3556311097931199,2,0.7391566092530291,0.0307236851819274,0.7391566092530291,2,0.09333920005068085,0.003612294240222802,0.09333920005068085,2,0.0,0.0,0.0,2,1.0,0.0,1.0,2,0.0,0.0,0.0,2,0.0,0.0,0.0,2
honeycomb,markov,alpha_async,order_ba,plastic,0,0,0.68,0.3,0.016,0.5,0.6,0.6,True,0.0743167023328958,0.003126913313491453,0.0743167023328958,2,0.1361480206779567,0.0036955343802765727,0.1361480206779567,2,,,,0,0.4735433092256385,0.024532124840663496,0.4735433092256385,2,0.3556311097931199,0.05078262108503912,0.3556311097931199,2,0.7391566092530291,0.0307236851819274,0.7391566092530291,2,0.09333920005068085,0.003612294240222802,0.09333920005068085,2,0.0,0.0,0.0,2,1.0,0.0,1.0,2,0.0,0.0,0.0,2,0.0,0.0,0.0,2
honeycomb,ql,alpha_async,lesion,fixed,0,0,0.68,0.0,0.016,0.5,0.6,0.6,False,0.36351602908737457,0.005602956106233133,0.36351602908737457,2,0.6898458220353314,0.000273575516241535,0.6898458220353314,2,0.014950859957524251,0.007005373545181453,0.014950859957524251,2,0.039477430963721055,0.0057137157794734435,0.039477430963721055,2,0.03638969148079115,0.001696298460494341,0.03638969148079115,2,1.5458215532565849,0.013793912075979705,1.5458215532565849,2,0.018288153169469502,0.0013832172102328688,0.018288153169469502,2,0.3343769578568614,0.005873711783585018,0.3343769578568614,2,1.0,0.0,1.0,2,0.0,0.0,0.0,2,0.0,0.0,0.0,2
honeycomb,ql,alpha_async,lesion,fixed,0,0,0.68,0.0,0.016,0.5,0.6,0.6,True,0.14116793534270344,0.005723429414978772,0.14116793534270344,2,0.2569739113661711,0.005217387926950209,0.2569739113661711,2,0.25509363129103163,0.02550569562701565,0.25509363129103163,2,0.2767572567105452,0.0011292536419854108,0.2767572567105452,2,0.2576787303099885,0.0023023919110853565,0.2576787303099885,2,1.1259898480697208,0.04046462843172908,1.1259898480697208,2,0.15358688690738032,0.0047653960694601545,0.15358688690738032,2,0.0,0.0,0.0,2,1.0,0.0,1.0,2,0.0,0.0,0.0,2,0.0,0.0,0.0,2
honeycomb,ql,alpha_async,lesion,fixed,0,0,0.68,0.3,0.016,0.5,0.6,0.6,False,0.3294229190049034,0.00821931007054772,0.3294229190049034,2,0.6593868577088264,0.009923265197439251,0.6593868577088264,2,0.0426422086737972,0.014682212106320994,0.0426422086737972,2,0.0812188646480866,0.02290953522222775,0.0812188646480866,2,0.0592874589286832,0.028142238384960182,0.0592874589286832,2,1.5408401459210883,0.0011184870602016887,1.5408401459210883,2,0.04098227820977035,0.012340865627139829,0.04098227820977035,2,0.36239360133818577,0.01135341505898059,0.36239360133818577,2,1.0,0.0,1.0,2,0.0,0.0,0.0,2,0.0,0.0,0.0,2
honeycomb,ql,alpha_async,lesion,fixed,0,0,0.68,0.3,0.016,0.5,0.6,0.6,True,0.1220002820856963,0.009878019947544349,0.1220002820856963,2,0.2203195117723297,0.020369072380131373,0.2203195117723297,2,0.29858292922121465,0.027453608178460723,0.29858292922121465,2,0.3176695915765063,0.0188628179861351,0.3176695915765063,2,0.26954133227079147,0.026791098938508184,0.26954133227079147,2,1.0403344884149859,0.051499616174766435,1.0403344884149859,2,0.14694113490148294,0.0036488525110694114,0.14694113490148294,2,0.0,0.0,0.0,2,1.0,0.0,1.0,2,0.0,0.0,0.0,2,0.0,0.0,0.0,2
honeycomb,ql,alpha_async,lesion,plastic,0,0,0.68,0.0,0.016,0.5,0.6,0.6,False,0.3640273142752386,0.006668093207527458,0.3640273142752386,2,0.6911557421384258,0.003534900391960809,0.6911557421384258,2,-0.0044613915259845,0.008996992462844354,-0.0044613915259845,2,0.020072751538701,0.018934518240847156,0.020072751538701,2,0.02922571570450745,0.01157597383170192,0.02922571570450745,2,1.5398057507198875,0.001316276083385564,1.5398057507198875,2,0.0162230261607336,0.00660158054623477,0.0162230261607336,2,0.33418314098349927,0.008982460449195704,0.33418314098349927,2,1.0,0.0,1.0,2,0.0,0.0,0.0,2,0.0,0.0,0.0,2
honeycomb,ql,alpha_async,lesion,plastic,0,0,0.68,0.0,0.016,0.5,0.6,0.6,True,0.14245326557574328,0.005192418017002258,0.14245326557574328,2,0.2568502632742803,0.010126343286864976,0.2568502632742803,2,0.2588573121640023,0.021812075841636656,0.2588573121640023,2,0.28470255442461606,0.002760399403491236,0.28470255442461606,2,0.2719511838006995,0.006012976284757334,0.2719511838006995,2,1.134761201472264,0.02662868384192658,1.134761201472264,2,0.1538109208337243,0.0068200391089939735,0.1538109208337243,2,0.0,0.0,0.0,2,1.0,0.0,1.0,2,0.0,0.0,0.0,2,0.0,0.0,0.0,2
honeycomb,ql,alpha_async,lesion,plastic,0,0,0.68,0.3,0.016,0.5,0.6,0.6,False,0.3517069641774761,0.00757828340150889,0.3517069641774761,2,0.6814218616853667,0.008772133210486081,0.6814218616853667,2,0.023630037367487852,0.001638579844091437,0.023630037367487852,2,0.040243046451363396,0.005529429197562032,0.040243046451363396,2,0.03819507757489845,0.005253781205881789,0.03819507757489845,2,1.53868854466777,0.004302020967704376,1.53868854466777,2,0.02249573195848495,0.01060409430306578,0.02249573195848495,2,0.3460614144834072,0.0047819396856605785,0.3460614144834072,2,1.0,0.0,1.0,2,0.0,0.0,0.0,2,0.0,0.0,0.0,2
honeycomb,ql,alpha_async,lesion,plastic,0,0,0.68,0.3,0.016,0.5,0.6,0.6,True,0.12003195404437875,0.008019258849648592,0.12003195404437875,2,0.22034430989622178,0.0165359548356114,0.22034430989622178,2,0.30801727209704444,0.017368205067172404,0.30801727209704444,2,0.33466905120606666,0.023307630996061653,0.33466905120606666,2,0.2879751132488565,0.020086094496727186,0.2879751132488565,2,1.0125879580329036,0.03713935944226194,1.0125879580329036,2,0.1404131286481062,0.013259517099623558,0.1404131286481062,2,0.0,0.0,0.0,2,1.0,0.0,1.0,2,0.0,0.0,0.0,2,0.0,0.0,0.0,2
honeycomb,ql,alpha_async,order_ab,fixed,0,0,0.68,0.0,0.016,0.5,0.6,0.6,False,0.213096921913588,0.0001333291769651699,0.213096921913588,2,0.544951181365517,0.000952288839518668,0.544951181365517,2,,,,0,0.231791242568971,0.016811303119507043,0.231791242568971,2,0.218061163448619,0.0006488556721409262,0.218061163448619,2,1.2197598106731293,0.006819952774323128,1.2197598106731293,2,0.080019613866156,0.010054044501672157,0.080019613866156,2,0.457841494476268,0.0001633830517497131,0.457841494476268,2,1.0,0.0,1.0,2,0.0,0.0,0.0,2,0.0,0.0,0.0,2
honeycomb,ql,alpha_async,order_ab,fixed,0,0,0.68,0.0,0.016,0.5,0.6,0.6,True,0.07952435840171626,0.008753317950692986,0.07952435840171626,2,0.1442351969059204,0.015528209793523314,0.1442351969059204,2,,,,0,0.36534023204346566,0.017319135717323724,0.36534023204346566,2,0.4239662523681022,0.012768223346727751,0.4239662523681022,2,0.776017895526339,0.062051130912997396,0.776017895526339,2,0.08410535928497034,0.010081900806050103,0.08410535928497034,2,0.0,0.0,0.0,2,1.0,0.0,1.0,2,0.0,0.0,0.0,2,0.0,0.0,0.0,2
honeycomb,ql,alpha_async,order_ab,fixed,0,0,0.68,0.3,0.016,0.5,0.6,0.6,False,0.19944113133098196,0.0028074951976329652,0.19944113133098196,2,0.532034167491678,0.0011907819774615057,0.532034167491678,2,,,,0,0.2511335352934758,0.013277895464467102,0.2511335352934758,2,0.22094016389990057,0.0035007661370905353,0.22094016389990057,2,1.159238588613331,0.01743467246245028,1.159238588613331,2,0.0935790031743522,0.015493700496396296,0.0935790031743522,2,0.4637642185687897,0.0006743378877780836,0.4637642185687897,2,1.0,0.0,1.0,2,0.0,0.0,0.0,2,0.0,0.0,0.0,2
honeycomb,ql,alpha_async,order_ab,fixed,0,0,0.68,0.3,0.016,0.5,0.6,0.6,True,0.0681754958893869,0.01686558233426567,0.0681754958893869,2,0.12462364436210899,0.029335503006764886,0.12462364436210899,2,,,,0,0.3415873273737839,0.034307478902825594,0.3415873273737839,2,0.43706281871886926,0.05021171823094491,0.43706281871886926,2,0.6834414917485074,0.1256829287650407,0.6834414917485074,2,0.07181640473946141,0.011832898848146249,0.07181640473946141,2,0.0,0.0,0.0,2,1.0,0.0,1.0,2,0.0,0.0,0.0,2,0.0,0.0,0.0,2
honeycomb,ql,alpha_async,order_ab,plastic,0,0,0.68,0.0,0.016,0.5,0.6,0.6,False,0.21167404002330084,0.008534735579115335,0.21167404002330084,2,0.5418452475212648,0.006118086485200882,0.5418452475212648,2,,,,0,0.2269934775083925,0.020964845563988387,0.2269934775083925,2,0.2195934862726589,0.009965123767224809,0.2195934862726589,2,1.2171112397247037,0.041616286736664,1.2171112397247037,2,0.08311089053188289,0.003148408552130217,0.08311089053188289,2,0.4586471219763619,0.004916392396005273,0.4586471219763619,2,1.0,0.0,1.0,2,0.0,0.0,0.0,2,0.0,0.0,0.0,2
honeycomb,ql,alpha_async,order_ab,plastic,0,0,0.68,0.0,0.016,0.5,0.6,0.6,True,0.07861215893214195,0.0053784473525063095,0.07861215893214195,2,0.14448501530718985,0.00880927403861512,0.14448501530718985,2,,,,0,0.3492787647071421,0.010512672905509711,0.3492787647071421,2,0.39690586926853966,0.02065632626140705,0.39690586926853966,2,0.760786956528626,0.04175872184586484,0.760786956528626,2,0.0850535667717204,0.0008661551512071118,0.0850535667717204,2,0.0,0.0,0.0,2,1.0,0.0,1.0,2,0.0,0.0,0.0,2,0.0,0.0,0.0,2
honeycomb,ql,alpha_async,order_ab,plastic,0,0,0.68,0.3,0.016,0.5,0.6,0.6,False,0.2043521155860582,0.007697084352439578,0.2043521155860582,2,0.5361819183904936,0.00778501180237761,0.5361819183904936,2,,,,0,0.23507535235270804,0.006099781111641396,0.23507535235270804,2,0.23338145421210948,0.03629685362345423,0.23338145421210948,2,1.1769805630078145,0.04710721566229936,1.1769805630078145,2,0.0793396663279617,0.0043367121341496475,0.0793396663279617,2,0.46106342727663463,0.004347144926743658,0.46106342727663463,2,1.0,0.0,1.0,2,0.0,0.0,0.0,2,0.0,0.0,0.0,2
honeycomb,ql,alpha_async,order_ab,plastic,0,0,0.68,0.3,0.016,0.5,0.6,0.6,True,0.0649701104948843,0.00889748489903507,0.0649701104948843,2,0.12129543143423471,0.016631682284303825,0.12129543143423471,2,,,,0,0.31057365534828196,0.00598427019258139,0.31057365534828196,2,0.4588615677566804,0.023814998075458595,0.4588615677566804,2,0.6531086708663052,0.06884190883197153,0.6531086708663052,2,0.06768283962388069,0.009013113009388927,0.06768283962388069,2,0.0,0.0,0.0,2,1.0,0.0,1.0,2,0.0,0.0,0.0,2,0.0,0.0,0.0,2
honeycomb,ql,alpha_async,order_ba,fixed,0,0,0.68,0.0,0.016,0.5,0.6,0.6,False,0.21380294834182684,0.005400533780972732,0.21380294834182684,2,0.5432889955833253,0.006276821577606769,0.5432889955833253,2,,,,0,0.229396393887946,0.011795789283259658,0.229396393887946,2,0.20483266564751806,0.002593779079578207,0.20483266564751806,2,1.2266051079063587,0.03691183414949099,1.2266051079063587,2,0.10443438690256679,0.00030212286381148956,0.10443438690256679,2,0.454954209861283,0.002400404311712665,0.454954209861283,2,1.0,0.0,1.0,2,0.0,0.0,0.0,2,0.0,0.0,0.0,2
honeycomb,ql,alpha_async,order_ba,fixed,0,0,0.68,0.0,0.016,0.5,0.6,0.6,True,0.08943007732863464,0.002720065038314387,0.08943007732863464,2,0.16129277074580994,0.001721968995622067,0.16129277074580994,2,,,,0,0.4137633437138377,0.012371261154367331,0.4137633437138377,2,0.34261319712922766,0.014705462489254048,0.34261319712922766,2,0.848148853820447,0.021320077600509454,0.848148853820447,2,0.10525488185202406,0.006622638446739357,0.10525488185202406,2,0.0,0.0,0.0,2,1.0,0.0,1.0,2,0.0,0.0,0.0,2,0.0,0.0,0.0,2
honeycomb,ql,alpha_async,order_ba,fixed,0,0,0.68,0.3,0.016,0.5,0.6,0.6,False,0.1954147794587668,0.0008950710484633662,0.1954147794587668,2,0.5229264078396656,0.00019427468332755044,0.5229264078396656,2,,,,0,0.27712889999551826,0.0044572077589710435,0.27712889999551826,2,0.24912191822457397,0.025939345158973986,0.24912191822457397,2,1.1399837423134729,0.008142565653904364,1.1399837423134729,2,0.10539538390405509,0.008416870345425449,0.10539538390405509,2,0.4675724018416757,0.00012667379660817713,0.4675724018416757,2,1.0,0.0,1.0,2,0.0,0.0,0.0,2,0.0,0.0,0.0,2
honeycomb,ql,alpha_async,order_ba,fixed,0,0,0.68,0.3,0.016,0.5,0.6,0.6,True,0.07774407521219709,0.00289773371441171,0.07774407521219709,2,0.14115151846331644,0.004672627582321805,0.14115151846331644,2,,,,0,0.44342935847308235,0.029582254534494923,0.44342935847308235,2,0.34848840877791726,0.0030264252912460573,0.34848840877791726,2,0.7653029210876139,0.020715697158945622,0.7653029210876139,2,0.09580060884666255,0.008058646918444448,0.09580060884666255,2,0.0,0.0,0.0,2,1.0,0.0,1.0,2,0.0,0.0,0.0,2,0.0,0.0,0.0,2
honeycomb,ql,alpha_async,order_ba,plastic,0,0,0.68,0.0,0.016,0.5,0.6,0.6,False,0.20950745292607245,0.010195563546754886,0.20950745292607245,2,0.54045788297444,0.009134687129243937,0.54045788297444,2,,,,0,0.23781730562096454,0.009591655177554101,0.23781730562096454,2,0.2168442772674311,0.02502068176423689,0.2168442772674311,2,1.2034245823077077,0.05678576335399334,1.2034245823077077,2,0.10523029577326826,0.003970135813390154,0.10523029577326826,2,0.45810493039761685,0.0030848424230172544,0.45810493039761685,2,1.0,0.0,1.0,2,0.0,0.0,0.0,2,0.0,0.0,0.0,2
honeycomb,ql,alpha_async,order_ba,plastic,0,0,0.68,0.0,0.016,0.5,0.6,0.6,True,0.08731295290002145,0.0029307158428129,0.08731295290002145,2,0.15949706177773654,0.004802548971445017,0.15949706177773654,2,,,,0,0.4167304590099465,0.008698032076149612,0.4167304590099465,2,0.31218099057707177,0.040170000947785486,0.31218099057707177,2,0.8314344275494936,0.025093130375233,0.8314344275494936,2,0.1053796441230269,0.0031086940905817413,0.1053796441230269,2,0.0,0.0,0.0,2,1.0,0.0,1.0,2,0.0,0.0,0.0,2,0.0,0.0,0.0,2
honeycomb,ql,alpha_async,order_ba,plastic,0,0,0.68,0.3,0.016,0.5,0.6,0.6,False,0.20703824146549804,0.0020748954776934688,0.20703824146549804,2,0.5362083692952689,0.002890339803594914,0.5362083692952689,2,,,,0,0.25253455095456045,0.011641420317712481,0.25253455095456045,2,0.2099552207384379,0.019505368560578717,0.2099552207384379,2,1.2037556436381347,0.0043206773243632595,1.2037556436381347,2,0.0958178749801497,0.0070418691013150615,0.0958178749801497,2,0.46108369664351284,0.002220994692413254,0.46108369664351284,2,1.0,0.0,1.0,2,0.0,0.0,0.0,2,0.0,0.0,0.0,2
honeycomb,ql,alpha_async,order_ba,plastic,0,0,0.68,0.3,0.016,0.5,0.6,0.6,True,0.0774401266239789,0.0014959635989917521,0.0774401266239789,2,0.14224744154321806,0.003605744732449542,0.14224744154321806,2,,,,0,0.44492559824466443,0.01491626590394931,0.44492559824466443,2,0.32215788507481624,0.017822297822775522,0.32215788507481624,2,0.756695327750607,0.011382941551580084,0.756695327750607,2,0.09803902882915895,0.009427714364660625,0.09803902882915895,2,0.0,0.0,0.0,2,1.0,0.0,1.0,2,0.0,0.0,0.0,2,0.0,0.0,0.0,2
honeycomb_nnn,markov,alpha_async,lesion,fixed,0,0,0.68,0.0,0.016,0.5,0.6,0.6,False,0.4550417295420627,0.0005552368999218251,0.4550417295420627,2,0.234135633172803,0.00920054097469526,0.234135633172803,2,0.00084340221034955,0.0008015803544395895,0.00084340221034955,2,0.01508021584536805,0.0015879267089281758,0.01508021584536805,2,0.0131850401768181,0.0034027760801758175,0.0131850401768181,2,1.1725269046733633,0.0032731469712693937,1.1725269046733633,2,0.03286530701986215,0.013534428698665439,0.03286530701986215,2,0.0,0.0,0.0,2,1.0,0.0,1.0,2,0.0,0.0,0.0,2,0.0,0.0,0.0,2
honeycomb_nnn,markov,alpha_async,lesion,fixed,0,0,0.68,0.0,0.016,0.5,0.6,0.6,True,0.4550417295420627,0.0005552368999218251,0.4550417295420627,2,0.234135633172803,0.00920054097469526,0.234135633172803,2,0.00084340221034955,0.0008015803544395895,0.00084340221034955,2,0.01508021584536805,0.0015879267089281758,0.01508021584536805,2,0.0131850401768181,0.0034027760801758175,0.0131850401768181,2,1.1725269046733633,0.0032731469712693937,1.1725269046733633,2,0.03286530701986215,0.013534428698665439,0.03286530701986215,2,0.0,0.0,0.0,2,1.0,0.0,1.0,2,0.0,0.0,0.0,2,0.0,0.0,0.0,2
honeycomb_nnn,markov,alpha_async,lesion,fixed,0,0,0.68,0.3,0.016,0.5,0.6,0.6,False,0.4483454632394271,0.0004663465983096059,0.4483454632394271,2,0.21631118989770484,0.002506543300037247,0.21631118989770484,2,0.00270852878535815,0.0008630186193196131,0.00270852878535815,2,0.020795938129165102,0.0006728160831111959,0.020795938129165102,2,0.0150635982218758,0.007734028915269781,0.0150635982218758,2,1.2236580900283056,0.004321026745450563,1.2236580900283056,2,0.04327604900467915,0.004653120177840752,0.04327604900467915,2,0.0,0.0,0.0,2,1.0,0.0,1.0,2,0.0,0.0,0.0,2,0.0,0.0,0.0,2
honeycomb_nnn,markov,alpha_async,lesion,fixed,0,0,0.68,0.3,0.016,0.5,0.6,0.6,True,0.4483454632394271,0.0004663465983096059,0.4483454632394271,2,0.21631118989770484,0.002506543300037247,0.21631118989770484,2,0.00270852878535815,0.0008630186193196131,0.00270852878535815,2,0.020795938129165102,0.0006728160831111959,0.020795938129165102,2,0.0150635982218758,0.007734028915269781,0.0150635982218758,2,1.2236580900283056,0.004321026745450563,1.2236580900283056,2,0.04327604900467915,0.004653120177840752,0.04327604900467915,2,0.0,0.0,0.0,2,1.0,0.0,1.0,2,0.0,0.0,0.0,2,0.0,0.0,0.0,2
honeycomb_nnn,markov,alpha_async,lesion,plastic,0,0,0.68,0.0,0.016,0.5,0.6,0.6,False,0.4046049967094165,0.001958230669708294,0.4046049967094165,2,0.5221917903184936,0.003972623132658941,0.5221917903184936,2,0.0014019833832075502,0.00957988243338943,0.0014019833832075502,2,0.0215316861970464,0.011595629146945579,0.0215316861970464,2,0.0172530805675547,0.008885342739064838,0.0172530805675547,2,1.2710800700129155,0.015995318009257565,1.2710800700129155,2,0.056448011481949695,0.00027985286307244834,0.056448011481949695,2,0.0,0.0,0.0,2,1.0,0.0,1.0,2,0.0,0.0,0.0,2,0.0,0.0,0.0,2
honeycomb_nnn,markov,alpha_async,lesion,plastic,0,0,0.68,0.0,0.016,0.5,0.6,0.6,True,0.4046049967094165,0.001958230669708294,0.4046049967094165,2,0.5221917903184936,0.003972623132658941,0.5221917903184936,2,0.0014019833832075502,0.00957988243338943,0.0014019833832075502,2,0.0215316861970464,0.011595629146945579,0.0215316861970464,2,0.0172530805675547,0.008885342739064838,0.0172530805675547,2,1.2710800700129155,0.015995318009257565,1.2710800700129155,2,0.056448011481949695,0.00027985286307244834,0.056448011481949695,2,0.0,0.0,0.0,2,1.0,0.0,1.0,2,0.0,0.0,0.0,2,0.0,0.0,0.0,2
honeycomb_nnn,markov,alpha_async,lesion,plastic,0,0,0.68,0.3,0.016,0.5,0.6,0.6,False,0.38451179950668213,0.012272616398837095,0.38451179950668213,2,0.48592348831584364,0.005667371981363359,0.48592348831584364,2,0.02286873437856105,0.0091651587027028,0.02286873437856105,2,0.0457489642318578,0.004722119180316134,0.0457489642318578,2,0.03368050305056805,0.0011765517635817513,0.03368050305056805,2,1.349594413924906,0.02893153709758921,1.349594413924906,2,0.0422237727533252,0.009932142115280157,0.0422237727533252,2,0.0,0.0,0.0,2,1.0,0.0,1.0,2,0.0,0.0,0.0,2,0.0,0.0,0.0,2
honeycomb_nnn,markov,alpha_async,lesion,plastic,0,0,0.68,0.3,0.016,0.5,0.6,0.6,True,0.38451179950668213,0.012272616398837095,0.38451179950668213,2,0.48592348831584364,0.005667371981363359,0.48592348831584364,2,0.02286873437856105,0.0091651587027028,0.02286873437856105,2,0.0457489642318578,0.004722119180316134,0.0457489642318578,2,0.03368050305056805,0.0011765517635817513,0.03368050305056805,2,1.349594413924906,0.02893153709758921,1.349594413924906,2,0.0422237727533252,0.009932142115280157,0.0422237727533252,2,0.0,0.0,0.0,2,1.0,0.0,1.0,2,0.0,0.0,0.0,2,0.0,0.0,0.0,2
honeycomb_nnn,markov,alpha_async,order_ab,fixed,0,0,0.68,0.0,0.016,0.5,0.6,0.6,False,0.19606662301351113,0.00635545387913818,0.19606662301351113,2,0.20268442217531984,0.000877422846346971,0.20268442217531984,2,,,,0,0.24685102289453886,0.009842727396541283,0.24685102289453886,2,0.2180430796103675,0.005827735494614013,0.2180430796103675,2,1.3295709503934,0.016910683495661914,1.3295709503934,2,0.06812828804559615,0.004100323297270352,0.06812828804559615,2,0.0,0.0,0.0,2,1.0,0.0,1.0,2,0.0,0.0,0.0,2,0.0,0.0,0.0,2
honeycomb_nnn,markov,alpha_async,order_ab,fixed,0,0,0.68,0.0,0.016,0.5,0.6,0.6,True,0.19606662301351113,0.00635545387913818,0.19606662301351113,2,0.20268442217531984,0.000877422846346971,0.20268442217531984,2,,,,0,0.24685102289453886,0.009842727396541283,0.24685102289453886,2,0.2180430796103675,0.005827735494614013,0.2180430796103675,2,1.3295709503934,0.016910683495661914,1.3295709503934,2,0.06812828804559615,0.004100323297270352,0.06812828804559615,2,0.0,0.0,0.0,2,1.0,0.0,1.0,2,0.0,0.0,0.0,2,0.0,0.0,0.0,2
honeycomb_nnn,markov,alpha_async,order_ab,fixed,0,0,0.68,0.3,0.016,0.5,0.6,0.6,False,0.18072516973550395,0.005665438859813403,0.18072516973550395,2,0.17562460685775894,0.004469290775251537,0.17562460685775894,2,,,,0,0.2641700135376158,0.008196820287672367,0.2641700135376158,2,0.2366265166129019,0.0027396377462941116,0.2366265166129019,2,1.2890878828626278,0.01711089873906546,1.2890878828626278,2,0.0725579054834907,0.0031872279858604973,0.0725579054834907,2,0.0,0.0,0.0,2,1.0,0.0,1.0,2,0.0,0.0,0.0,2,0.0,0.0,0.0,2
honeycomb_nnn,markov,alpha_async,order_ab,fixed,0,0,0.68,0.3,0.016,0.5,0.6,0.6,True,0.18072516973550395,0.005665438859813403,0.18072516973550395,2,0.17562460685775894,0.004469290775251537,0.17562460685775894,2,,,,0,0.2641700135376158,0.008196820287672367,0.2641700135376158,2,0.2366265166129019,0.0027396377462941116,0.2366265166129019,2,1.2890878828626278,0.01711089873906546,1.2890878828626278,2,0.0725579054834907,0.0031872279858604973,0.0725579054834907,2,0.0,0.0,0.0,2,1.0,0.0,1.0,2,0.0,0.0,0.0,2,0.0,0.0,0.0,2
honeycomb_nnn,markov,alpha_async,order_ab,plastic,0,0,0.68,0.0,0.016,0.5,0.6,0.6,False,0.16443011539589605,0.014576704822637404,0.16443011539589605,2,0.22689664826718586,0.007352068496068687,0.22689664826718586,2,,,,0,0.26772117336692325,0.005921250635156316,0.26772117336692325,2,0.2504566784029807,0.012632492326585991,0.2504566784029807,2,1.2326695335944677,0.05951826468491233,1.2326695335944677,2,0.0747309527931546,0.0011843578230644313,0.0747309527931546,2,0.0,0.0,0.0,2,0.9999589086127548,5.811199713884914e-05,0.9999589086127548,2,0.0,0.0,0.0,2,0.0,0.0,0.0,2
honeycomb_nnn,markov,alpha_async,order_ab,plastic,0,0,0.68,0.0,0.016,0.5,0.6,0.6,True,0.16443011539589605,0.014576704822637404,0.16443011539589605,2,0.22689664826718586,0.007352068496068687,0.22689664826718586,2,,,,0,0.26772117336692325,0.005921250635156316,0.26772117336692325,2,0.2504566784029807,0.012632492326585991,0.2504566784029807,2,1.2326695335944677,0.05951826468491233,1.2326695335944677,2,0.0747309527931546,0.0011843578230644313,0.0747309527931546,2,0.0,0.0,0.0,2,0.9999589086127548,5.811199713884914e-05,0.9999589086127548,2,0.0,0.0,0.0,2,0.0,0.0,0.0,2
honeycomb_nnn,markov,alpha_async,order_ab,plastic,0,0,0.68,0.3,0.016,0.5,0.6,0.6,False,0.15741046597066077,0.0010149689449832932,0.15741046597066077,2,0.21963744337078464,0.00669843399329072,0.21963744337078464,2,,,,0,0.2825880808321407,0.00030512025393616575,0.2825880808321407,2,0.25556679283604844,0.0021505240037534724,0.25556679283604844,2,1.206984815311008,0.004762540563418432,1.206984815311008,2,0.0851447400856061,0.0028048524197791086,0.0851447400856061,2,0.0,0.0,0.0,2,0.9999794543063774,2.9055998569385317e-05,0.9999794543063774,2,0.0,0.0,0.0,2,0.0,0.0,0.0,2
honeycomb_nnn,markov,alpha_async,order_ab,plastic,0,0,0.68,0.3,0.016,0.5,0.6,0.6,True,0.15741046597066077,0.0010149689449832932,0.15741046597066077,2,0.21963744337078464,0.00669843399329072,0.21963744337078464,2,,,,0,0.2825880808321407,0.00030512025393616575,0.2825880808321407,2,0.25556679283604844,0.0021505240037534724,0.25556679283604844,2,1.206984815311008,0.004762540563418432,1.206984815311008,2,0.0851447400856061,0.0028048524197791086,0.0851447400856061,2,0.0,0.0,0.0,2,0.9999794543063774,2.9055998569385317e-05,0.9999794543063774,2,0.0,0.0,0.0,2,0.0,0.0,0.0,2
honeycomb_nnn,markov,alpha_async,order_ba,fixed,0,0,0.68,0.0,0.016,0.5,0.6,0.6,False,0.1995352685450105,0.002643092675941723,0.1995352685450105,2,0.201433304051177,0.006109996039813664,0.201433304051177,2,,,,0,0.2430279183969577,0.0053281515917113454,0.2430279183969577,2,0.2257704020745801,0.0060513553164858215,0.2257704020745801,2,1.3483048670537803,0.008281117620623382,1.3483048670537803,2,0.08326431584718265,0.005610456269821899,0.08326431584718265,2,0.0,0.0,0.0,2,1.0,0.0,1.0,2,0.0,0.0,0.0,2,0.0,0.0,0.0,2
honeycomb_nnn,markov,alpha_async,order_ba,fixed,0,0,0.68,0.0,0.016,0.5,0.6,0.6,True,0.1995352685450105,0.002643092675941723,0.1995352685450105,2,0.201433304051177,0.006109996039813664,0.201433304051177,2,,,,0,0.2430279183969577,0.0053281515917113454,0.2430279183969577,2,0.2257704020745801,0.0060513553164858215,0.2257704020745801,2,1.3483048670537803,0.008281117620623382,1.3483048670537803,2,0.08326431584718265,0.005610456269821899,0.08326431584718265,2,0.0,0.0,0.0,2,1.0,0.0,1.0,2,0.0,0.0,0.0,2,0.0,0.0,0.0,2
honeycomb_nnn,markov,alpha_async,order_ba,fixed,0,0,0.68,0.3,0.016,0.5,0.6,0.6,False,0.1885801977160832,0.00048685792588852675,0.1885801977160832,2,0.18980427869507582,0.0023639940457178222,0.18980427869507582,2,,,,0,0.25873661130234055,0.0016540633754571522,0.25873661130234055,2,0.24211623946815686,0.010076043676541677,0.24211623946815686,2,1.3227008902421176,0.003260468918378597,1.3227008902421176,2,0.08320326928631841,0.0053619765338110015,0.08320326928631841,2,0.0,0.0,0.0,2,1.0,0.0,1.0,2,0.0,0.0,0.0,2,0.0,0.0,0.0,2
honeycomb_nnn,markov,alpha_async,order_ba,fixed,0,0,0.68,0.3,0.016,0.5,0.6,0.6,True,0.1885801977160832,0.00048685792588852675,0.1885801977160832,2,0.18980427869507582,0.0023639940457178222,0.18980427869507582,2,,,,0,0.25873661130234055,0.0016540633754571522,0.25873661130234055,2,0.24211623946815686,0.010076043676541677,0.24211623946815686,2,1.3227008902421176,0.003260468918378597,1.3227008902421176,2,0.08320326928631841,0.0053619765338110015,0.08320326928631841,2,0.0,0.0,0.0,2,1.0,0.0,1.0,2,0.0,0.0,0.0,2,0.0,0.0,0.0,2
honeycomb_nnn,markov,alpha_async,order_ba,plastic,0,0,0.68,0.0,0.016,0.5,0.6,0.6,False,0.18537642886537445,0.002650061681391069,0.18537642886537445,2,0.25962485263749974,0.0027639718399694404,0.25962485263749974,2,,,,0,0.23780907159975528,0.004270556830284513,0.23780907159975528,2,0.21278082205583235,0.00392500358112016,0.21278082205583235,2,1.3057138670333337,0.007666971040645204,1.3057138670333337,2,0.08499687643535214,0.0028860432658978736,0.08499687643535214,2,0.0,0.0,0.0,2,1.0,0.0,1.0,2,0.0,0.0,0.0,2,0.0,0.0,0.0,2
honeycomb_nnn,markov,alpha_async,order_ba,plastic,0,0,0.68,0.0,0.016,0.5,0.6,0.6,True,0.18537642886537445,0.002650061681391069,0.18537642886537445,2,0.25962485263749974,0.0027639718399694404,0.25962485263749974,2,,,,0,0.23780907159975528,0.004270556830284513,0.23780907159975528,2,0.21278082205583235,0.00392500358112016,0.21278082205583235,2,1.3057138670333337,0.007666971040645204,1.3057138670333337,2,0.08499687643535214,0.0028860432658978736,0.08499687643535214,2,0.0,0.0,0.0,2,1.0,0.0,1.0,2,0.0,0.0,0.0,2,0.0,0.0,0.0,2
honeycomb_nnn,markov,alpha_async,order_ba,plastic,0,0,0.68,0.3,0.016,0.5,0.6,0.6,False,0.17717048053753587,0.004557613625338326,0.17717048053753587,2,0.24012523959629956,0.005985928897162983,0.24012523959629956,2,,,,0,0.24202925782244883,0.0018943801258091049,0.24202925782244883,2,0.2217942937010812,0.009805555372616351,0.2217942937010812,2,1.2808452683689735,0.019448268676289383,1.2808452683689735,2,0.09106751012631714,0.001575468794809576,0.09106751012631714,2,0.0,0.0,0.0,2,0.9999383629191322,8.716799570835221e-05,0.9999383629191322,2,0.0,0.0,0.0,2,0.0,0.0,0.0,2
honeycomb_nnn,markov,alpha_async,order_ba,plastic,0,0,0.68,0.3,0.016,0.5,0.6,0.6,True,0.17717048053753587,0.004557613625338326,0.17717048053753587,2,0.24012523959629956,0.005985928897162983,0.24012523959629956,2,,,,0,0.24202925782244883,0.0018943801258091049,0.24202925782244883,2,0.2217942937010812,0.009805555372616351,0.2217942937010812,2,1.2808452683689735,0.019448268676289383,1.2808452683689735,2,0.09106751012631714,0.001575468794809576,0.09106751012631714,2,0.0,0.0,0.0,2,0.9999383629191322,8.716799570835221e-05,0.9999383629191322,2,0.0,0.0,0.0,2,0.0,0.0,0.0,2
honeycomb_nnn,ql,alpha_async,lesion,fixed,0,0,0.68,0.0,0.016,0.5,0.6,0.6,False,0.4782714085712872,0.0011585867174046924,0.4782714085712872,2,0.2736997948840135,0.006559533894733419,0.2736997948840135,2,0.00549469418946195,0.0004965199320825429,0.00549469418946195,2,0.006501392982068701,0.0003369817935982103,0.006501392982068701,2,-0.00314027812679845,0.004109039849510959,-0.00314027812679845,2,0.9983658943801862,0.00022876061006507783,0.9983658943801862,2,0.031045235548826152,0.008210993843237957,0.031045235548826152,2,0.30095593261928244,0.0003657807460538503,0.30095593261928244,2,1.0,0.0,1.0,2,0.0,0.0,0.0,2,0.0,0.0,0.0,2
honeycomb_nnn,ql,alpha_async,lesion,fixed,0,0,0.68,0.0,0.016,0.5,0.6,0.6,True,0.45504172954206273,0.0005552368999218839,0.45504172954206273,2,0.23413563317280273,0.009200540974695309,0.23413563317280273,2,0.0008434022103496501,0.0008015803544398723,0.0008434022103496501,2,0.0150802158453681,0.0015879267089283868,0.0150802158453681,2,0.01318504017681805,0.0034027760801758886,0.01318504017681805,2,1.1725269046733633,0.0032731469712693937,1.1725269046733633,2,0.032865307019862,0.013534428698664948,0.032865307019862,2,0.0,0.0,0.0,2,1.0,0.0,1.0,2,0.0,0.0,0.0,2,0.0,0.0,0.0,2
honeycomb_nnn,ql,alpha_async,lesion,fixed,0,0,0.68,0.3,0.016,0.5,0.6,0.6,False,0.47844052953882665,0.0025547819476194017,0.47844052953882665,2,0.26837219571701854,0.012180692469777288,0.26837219571701854,2,0.00535430448825695,0.006563867736410772,0.00535430448825695,2,0.0070377165191539,0.0068496296620056294,0.0070377165191539,2,-0.0010224537815899,0.005887493916014083,-0.0010224537815899,2,0.9983289812769685,0.0002742530480346298,0.9983289812769685,2,0.03945665909307345,0.00880375798244541,0.03945665909307345,2,0.2994076934686112,0.0018279379420326118,0.2994076934686112,2,1.0,0.0,1.0,2,0.0,0.0,0.0,2,0.0,0.0,0.0,2
honeycomb_nnn,ql,alpha_async,lesion,fixed,0,0,0.68,0.3,0.016,0.5,0.6,0.6,True,0.44834546323942714,0.0004663465983096844,0.44834546323942714,2,0.21631118989770515,0.0025065433000369727,0.21631118989770515,2,0.00270852878535805,0.0008630186193196131,0.00270852878535805,2,0.02079593812916495,0.000672816083111126,0.02079593812916495,2,0.015063598221875751,0.007734028915269851,0.015063598221875751,2,1.2236580900283056,0.004321026745450563,1.2236580900283056,2,0.0432760490046792,0.004653120177841105,0.0432760490046792,2,0.0,0.0,0.0,2,1.0,0.0,1.0,2,0.0,0.0,0.0,2,0.0,0.0,0.0,2
honeycomb_nnn,ql,alpha_async,lesion,plastic,0,0,0.68,0.0,0.016,0.5,0.6,0.6,False,0.42691330722934206,0.003936412299482867,0.42691330722934206,2,0.5576739328904481,0.0008593143571507275,0.5576739328904481,2,0.00390915209667465,0.0111674114178905,0.00390915209667465,2,0.00244028031323045,0.011977020414089577,0.00244028031323045,2,0.00297871421625935,0.024686714250373318,0.00297871421625935,2,1.0995447554288402,0.019118047705531986,1.0995447554288402,2,0.0546814668594331,0.011883565036718332,0.0546814668594331,2,0.26369191734432823,0.0015870667914656643,0.26369191734432823,2,0.9999794543063774,2.905599856946382e-05,0.9999794543063774,2,0.0,0.0,0.0,2,0.0,0.0,0.0,2
honeycomb_nnn,ql,alpha_async,lesion,plastic,0,0,0.68,0.0,0.016,0.5,0.6,0.6,True,0.40460499670941397,0.0019582306697311785,0.40460499670941397,2,0.5221917903183412,0.003972623132421543,0.5221917903183412,2,0.0014019833829584999,0.009579882433657635,0.0014019833829584999,2,0.0215316861969599,0.01159562914699748,0.0215316861969599,2,0.01725308056754855,0.0088853427390379,0.01725308056754855,2,1.2710800700129155,0.015995318009257565,1.2710800700129155,2,0.05644801148214715,0.0002798528629104516,0.05644801148214715,2,0.0,0.0,0.0,2,1.0,0.0,1.0,2,0.0,0.0,0.0,2,0.0,0.0,0.0,2
honeycomb_nnn,ql,alpha_async,lesion,plastic,0,0,0.68,0.3,0.016,0.5,0.6,0.6,False,0.4258253075358295,0.0009087918300710259,0.4258253075358295,2,0.5642753996037779,0.0046953809672353915,0.5642753996037779,2,0.00934297294065705,0.010153436064384245,0.00934297294065705,2,0.0102168627210333,0.0018203667311980072,0.0102168627210333,2,0.00933153975707315,0.012625965581417481,0.00933153975707315,2,1.083445963629134,0.02563676020909858,1.083445963629134,2,0.040789872757326553,0.013382129089379285,0.040789872757326553,2,0.2633659451265695,0.0028668970168566313,0.2633659451265695,2,1.0,0.0,1.0,2,0.0,0.0,0.0,2,0.0,0.0,0.0,2
honeycomb_nnn,ql,alpha_async,lesion,plastic,0,0,0.68,0.3,0.016,0.5,0.6,0.6,True,0.3845117995067071,0.012272616398795918,0.3845117995067071,2,0.48592348831584486,0.005667371981415642,0.48592348831584486,2,0.0228687343785502,0.009165158702735257,0.0228687343785502,2,0.0457489642318457,0.00472211918034569,0.0457489642318457,2,0.0336805030505712,0.0011765517635886106,0.0336805030505712,2,1.349594413924906,0.02893153709758921,1.349594413924906,2,0.042223772753319996,0.00993214211522712,0.042223772753319996,2,0.0,0.0,0.0,2,1.0,0.0,1.0,2,0.0,0.0,0.0,2,0.0,0.0,0.0,2
honeycomb_nnn,ql,alpha_async,order_ab,fixed,0,0,0.68,0.0,0.016,0.5,0.6,0.6,False,0.3355715260343698,0.002650678040701484,0.3355715260343698,2,0.4809829799596632,0.00037282581824594487,0.4809829799596632,2,,,,0,0.12711694802640405,0.00950223950255616,0.12711694802640405,2,0.1195965647234133,0.003834442060408119,0.1195965647234133,2,1.3743991909563809,0.005926938494232046,1.3743991909563809,2,0.0505807195839119,0.0012938260473875172,0.0505807195839119,2,0.3669648568646266,0.0021696763640386496,0.3669648568646266,2,1.0,0.0,1.0,2,0.0,0.0,0.0,2,0.0,0.0,0.0,2
honeycomb_nnn,ql,alpha_async,order_ab,fixed,0,0,0.68,0.0,0.016,0.5,0.6,0.6,True,0.19606662301351113,0.00635545387913818,0.19606662301351113,2,0.20268442217531968,0.0008774228463469024,0.20268442217531968,2,,,,0,0.24685102289453892,0.009842727396541233,0.24685102289453892,2,0.2180430796103675,0.005827735494614013,0.2180430796103675,2,1.3295709503934,0.016910683495661914,1.3295709503934,2,0.06812828804559615,0.004100323297270352,0.06812828804559615,2,0.0,0.0,0.0,2,1.0,0.0,1.0,2,0.0,0.0,0.0,2,0.0,0.0,0.0,2
honeycomb_nnn,ql,alpha_async,order_ab,fixed,0,0,0.68,0.3,0.016,0.5,0.6,0.6,False,0.3242462820841372,0.009355689029194873,0.3242462820841372,2,0.4785239160757971,0.003011196861897244,0.4785239160757971,2,,,,0,0.14267808648511135,0.012515072062604066,0.14267808648511135,2,0.13609365468848889,0.009516695827106892,0.13609365468848889,2,1.389351069629332,0.006487587583281818,1.389351069629332,2,0.0493109062563471,0.003468846971052447,0.0493109062563471,2,0.3751198472109179,0.007137133939115338,0.3751198472109179,2,1.0,0.0,1.0,2,0.0,0.0,0.0,2,0.0,0.0,0.0,2
honeycomb_nnn,ql,alpha_async,order_ab,fixed,0,0,0.68,0.3,0.016,0.5,0.6,0.6,True,0.18072516973550395,0.005665438859813403,0.18072516973550395,2,0.175624606857759,0.004469290775251459,0.175624606857759,2,,,,0,0.2641700135376158,0.008196820287672407,0.2641700135376158,2,0.2366265166129019,0.0027396377462941116,0.2366265166129019,2,1.2890878828626278,0.01711089873906546,1.2890878828626278,2,0.07255790548349064,0.0031872279858604236,0.07255790548349064,2,0.0,0.0,0.0,2,1.0,0.0,1.0,2,0.0,0.0,0.0,2,0.0,0.0,0.0,2
honeycomb_nnn,ql,alpha_async,order_ab,plastic,0,0,0.68,0.0,0.016,0.5,0.6,0.6,False,0.30583687429373674,0.0008631852426544477,0.30583687429373674,2,0.5479099288661499,0.0072864104911578124,0.5479099288661499,2,,,,0,0.12541913712776154,0.0001301245475105633,0.12541913712776154,2,0.12169590959426349,0.0010739333170625533,0.12169590959426349,2,1.3798124263806903,0.00865589288526359,1.3798124263806903,2,0.05609322319626995,0.0043931719121880625,0.05609322319626995,2,0.37423845803494127,0.0034032854431635426,0.37423845803494127,2,0.9999178172255097,0.0,0.9999178172255097,2,0.0,0.0,0.0,2,0.0,0.0,0.0,2
honeycomb_nnn,ql,alpha_async,order_ab,plastic,0,0,0.68,0.0,0.016,0.5,0.6,0.6,True,0.16443011539589625,0.014576704822636816,0.16443011539589625,2,0.2268966482671835,0.00735206849606903,0.2268966482671835,2,,,,0,0.2677211733669217,0.005921250635152213,0.2677211733669217,2,0.2504566784029801,0.012632492326579762,0.2504566784029801,2,1.2326695335944677,0.05951826468491233,1.2326695335944677,2,0.07473095279315435,0.0011843578230639408,0.07473095279315435,2,0.0,0.0,0.0,2,0.9999589086127548,5.811199713884914e-05,0.9999589086127548,2,0.0,0.0,0.0,2,0.0,0.0,0.0,2
honeycomb_nnn,ql,alpha_async,order_ab,plastic,0,0,0.68,0.3,0.016,0.5,0.6,0.6,False,0.2984695167707166,0.006916757710490256,0.2984695167707166,2,0.5416128470492583,0.007263858630100327,0.5416128470492583,2,,,,0,0.13039308792231286,0.0073727183687535445,0.13039308792231286,2,0.12333463641108855,0.0008900028010785365,0.12333463641108855,2,1.382677320248284,0.0019436501740088383,1.382677320248284,2,0.0570520196233516,0.0035830445468888724,0.0570520196233516,2,0.38053372169534805,0.007430005574148921,0.38053372169534805,2,0.9998767258382644,0.0,0.9998767258382644,2,0.0,0.0,0.0,2,0.0,0.0,0.0,2
honeycomb_nnn,ql,alpha_async,order_ab,plastic,0,0,0.68,0.3,0.016,0.5,0.6,0.6,True,0.15741046597066016,0.0010149689449825867,0.15741046597066016,2,0.21963744337078178,0.00669843399329489,0.21963744337078178,2,,,,0,0.2825880808321421,0.00030512025393072934,0.2825880808321421,2,0.2555667928360489,0.0021505240037526874,0.2555667928360489,2,1.206984815311008,0.004762540563418432,1.206984815311008,2,0.0851447400856051,0.0028048524197798155,0.0851447400856051,2,0.0,0.0,0.0,2,0.9999794543063774,2.9055998569385317e-05,0.9999794543063774,2,0.0,0.0,0.0,2,0.0,0.0,0.0,2
honeycomb_nnn,ql,alpha_async,order_ba,fixed,0,0,0.68,0.0,0.016,0.5,0.6,0.6,False,0.3201700649076378,0.002915898553453717,0.3201700649076378,2,0.47371421705639144,0.0018401066156406782,0.47371421705639144,2,,,,0,0.1400140415612581,0.0031754169544540483,0.1400140415612581,2,0.12321135662411375,0.0023996622730031512,0.12321135662411375,2,1.4188179858915801,0.007051138900813146,1.4188179858915801,2,0.053643684649352305,0.0026986498694108467,0.053643684649352305,2,0.37652427187567805,0.0003699856930573465,0.37652427187567805,2,1.0,0.0,1.0,2,0.0,0.0,0.0,2,0.0,0.0,0.0,2
honeycomb_nnn,ql,alpha_async,order_ba,fixed,0,0,0.68,0.0,0.016,0.5,0.6,0.6,True,0.1995352685450105,0.002643092675941723,0.1995352685450105,2,0.20143330405117685,0.0061099960398137325,0.20143330405117685,2,,,,0,0.2430279183969576,0.005328151591711375,0.2430279183969576,2,0.22577040207458005,0.0060513553164859004,0.22577040207458005,2,1.3483048670537803,0.008281117620623382,1.3483048670537803,2,0.08326431584718265,0.005610456269821899,0.08326431584718265,2,0.0,0.0,0.0,2,1.0,0.0,1.0,2,0.0,0.0,0.0,2,0.0,0.0,0.0,2
honeycomb_nnn,ql,alpha_async,order_ba,fixed,0,0,0.68,0.3,0.016,0.5,0.6,0.6,False,0.312996216051948,0.0003566247747940231,0.312996216051948,2,0.4671099940598171,0.0016596962082786981,0.4671099940598171,2,,,,0,0.15764291145881304,0.0030837256804864266,0.15764291145881304,2,0.1325894833590163,0.004370223521825395,0.1325894833590163,2,1.4223080043547816,0.006379819854145025,1.4223080043547816,2,0.05532969132208575,0.0015953075120052529,0.05532969132208575,2,0.38351452227996286,0.0021177580760978736,0.38351452227996286,2,1.0,0.0,1.0,2,0.0,0.0,0.0,2,0.0,0.0,0.0,2
honeycomb_nnn,ql,alpha_async,order_ba,fixed,0,0,0.68,0.3,0.016,0.5,0.6,0.6,True,0.18858019771608325,0.00048685792588844826,0.18858019771608325,2,0.1898042786950756,0.0023639940457176947,0.1898042786950756,2,,,,0,0.25873661130234055,0.0016540633754571522,0.25873661130234055,2,0.2421162394681568,0.010076043676541599,0.2421162394681568,2,1.3227008902421176,0.003260468918378597,1.3227008902421176,2,0.0832032692863183,0.005361976533810997,0.0832032692863183,2,0.0,0.0,0.0,2,1.0,0.0,1.0,2,0.0,0.0,0.0,2,0.0,0.0,0.0,2
honeycomb_nnn,ql,alpha_async,order_ba,plastic,0,0,0.68,0.0,0.016,0.5,0.6,0.6,False,0.30313155552212756,0.004663330937503544,0.30313155552212756,2,0.5411552078134619,0.002076821437184607,0.5411552078134619,2,,,,0,0.127722769866465,0.006518521973602146,0.127722769866465,2,0.1112986956058376,0.004962105624738773,0.1112986956058376,2,1.395535623729998,0.006744982771890153,1.395535623729998,2,0.05970203817629395,0.00256314310420338,0.05970203817629395,2,0.3745096370131953,0.005633512453434949,0.3745096370131953,2,0.9999178172255097,0.0,0.9999178172255097,2,0.0,0.0,0.0,2,0.0,0.0,0.0,2
honeycomb_nnn,ql,alpha_async,order_ba,plastic,0,0,0.68,0.0,0.016,0.5,0.6,0.6,True,0.18537642886537445,0.002650061681391069,0.18537642886537445,2,0.259624852637503,0.0027639718399746216,0.259624852637503,2,,,,0,0.2378090715997549,0.004270556830284366,0.2378090715997549,2,0.21278082205583415,0.0039250035811224365,0.21278082205583415,2,1.3057138670333337,0.007666971040645204,1.3057138670333337,2,0.08499687643535304,0.002886043265898997,0.08499687643535304,2,0.0,0.0,0.0,2,1.0,0.0,1.0,2,0.0,0.0,0.0,2,0.0,0.0,0.0,2
honeycomb_nnn,ql,alpha_async,order_ba,plastic,0,0,0.68,0.3,0.016,0.5,0.6,0.6,False,0.2926983880804691,0.006467284726055769,0.2926983880804691,2,0.5354609708908002,0.006183071707607801,0.5354609708908002,2,,,,0,0.13955631047448844,0.0075529500471872395,0.13955631047448844,2,0.12306694463323675,0.00013866501280671348,0.12306694463323675,2,1.3863204106555038,0.010165587578333548,1.3863204106555038,2,0.0646505954887854,0.005918840866144166,0.0646505954887854,2,0.3814035581666742,0.00395971225726336,0.3814035581666742,2,0.999897271531887,2.9055998569503072e-05,0.999897271531887,2,0.0,0.0,0.0,2,0.0,0.0,0.0,2
honeycomb_nnn,ql,alpha_async,order_ba,plastic,0,0,0.68,0.3,0.016,0.5,0.6,0.6,True,0.1771704805375361,0.004557613625338424,0.1771704805375361,2,0.2401252395962982,0.0059859288971640424,0.2401252395962982,2,,,,0,0.24202925782244755,0.0018943801258088204,0.24202925782244755,2,0.2217942937010817,0.009805555372617765,0.2217942937010817,2,1.2808452683689735,0.019448268676289383,1.2808452683689735,2,0.0910675101263169,0.0015754687948100717,0.0910675101263169,2,0.0,0.0,0.0,2,0.9999383629191322,8.716799570835221e-05,0.9999383629191322,2,0.0,0.0,0.0,2,0.0,0.0,0.0,2
square_moore,markov,alpha_async,lesion,fixed,0,0,0.68,0.0,0.016,0.5,0.6,0.6,False,0.3559125554737008,0.0008939771213040956,0.3559125554737008,2,0.5384159532936523,0.00044153593655643566,0.5384159532936523,2,0.01910348731747115,0.0007151684535380463,0.01910348731747115,2,0.0444412626173736,0.004708953334007917,0.0444412626173736,2,0.04701180073109565,0.0024012787928499573,0.04701180073109565,2,1.5142479898671026,0.006354255873968533,1.5142479898671026,2,0.06411933740589745,0.03369269737081189,0.06411933740589745,2,0.0,0.0,0.0,2,1.0,0.0,1.0,2,0.0,0.0,0.0,2,0.0,0.0,0.0,2
square_moore,markov,alpha_async,lesion,fixed,0,0,0.68,0.0,0.016,0.5,0.6,0.6,True,0.3559125554737008,0.0008939771213040956,0.3559125554737008,2,0.5384159532936523,0.00044153593655643566,0.5384159532936523,2,0.01910348731747115,0.0007151684535380463,0.01910348731747115,2,0.0444412626173736,0.004708953334007917,0.0444412626173736,2,0.04701180073109565,0.0024012787928499573,0.04701180073109565,2,1.5142479898671026,0.006354255873968533,1.5142479898671026,2,0.06411933740589745,0.03369269737081189,0.06411933740589745,2,0.0,0.0,0.0,2,1.0,0.0,1.0,2,0.0,0.0,0.0,2,0.0,0.0,0.0,2
square_moore,markov,alpha_async,lesion,fixed,0,0,0.68,0.3,0.016,0.5,0.6,0.6,False,0.3341105711279686,0.00012374587395458687,0.3341105711279686,2,0.4960103348001576,0.0023164726046405455,0.4960103348001576,2,0.0493173652736581,0.008542617518725074,0.0493173652736581,2,0.06811432060313916,0.0026380152049620114,0.06811432060313916,2,0.06472712106778715,0.0005617707331768035,0.06472712106778715,2,1.5397414608938185,0.004586718503793438,1.5397414608938185,2,0.04482906762591845,0.0005949536889821769,0.04482906762591845,2,0.0,0.0,0.0,2,1.0,0.0,1.0,2,0.0,0.0,0.0,2,0.0,0.0,0.0,2
square_moore,markov,alpha_async,lesion,fixed,0,0,0.68,0.3,0.016,0.5,0.6,0.6,True,0.3341105711279686,0.00012374587395458687,0.3341105711279686,2,0.4960103348001576,0.0023164726046405455,0.4960103348001576,2,0.0493173652736581,0.008542617518725074,0.0493173652736581,2,0.06811432060313916,0.0026380152049620114,0.06811432060313916,2,0.06472712106778715,0.0005617707331768035,0.06472712106778715,2,1.5397414608938185,0.004586718503793438,1.5397414608938185,2,0.04482906762591845,0.0005949536889821769,0.04482906762591845,2,0.0,0.0,0.0,2,1.0,0.0,1.0,2,0.0,0.0,0.0,2,0.0,0.0,0.0,2
square_moore,markov,alpha_async,lesion,plastic,0,0,0.68,0.0,0.016,0.5,0.6,0.6,False,0.3618389413640173,0.004527402617445607,0.3618389413640173,2,0.4781985313604522,0.007356012737301794,0.4781985313604522,2,0.013432732180727651,0.00529277451507723,0.013432732180727651,2,0.03387773330864205,9.025630564927553e-05,0.03387773330864205,2,0.02593580258547515,0.0004054377501986044,0.02593580258547515,2,1.5656925555674195,0.005815289321485737,1.5656925555674195,2,0.04732126406848495,0.01859722256753536,0.04732126406848495,2,0.0,0.0,0.0,2,1.0,0.0,1.0,2,0.0,0.0,0.0,2,0.0,0.0,0.0,2
square_moore,markov,alpha_async,lesion,plastic,0,0,0.68,0.0,0.016,0.5,0.6,0.6,True,0.3618389413640173,0.004527402617445607,0.3618389413640173,2,0.4781985313604522,0.007356012737301794,0.4781985313604522,2,0.013432732180727651,0.00529277451507723,0.013432732180727651,2,0.03387773330864205,9.025630564927553e-05,0.03387773330864205,2,0.02593580258547515,0.0004054377501986044,0.02593580258547515,2,1.5656925555674195,0.005815289321485737,1.5656925555674195,2,0.04732126406848495,0.01859722256753536,0.04732126406848495,2,0.0,0.0,0.0,2,1.0,0.0,1.0,2,0.0,0.0,0.0,2,0.0,0.0,0.0,2
square_moore,markov,alpha_async,lesion,plastic,0,0,0.68,0.3,0.016,0.5,0.6,0.6,False,0.3351380818745471,0.0007999027953459832,0.3351380818745471,2,0.4404938502857485,0.003421472873002538,0.4404938502857485,2,0.0190711802176303,0.011018937647317434,0.0190711802176303,2,0.05136375125473585,0.004773711166143977,0.05136375125473585,2,0.04049384340215205,0.0067766034083277865,0.04049384340215205,2,1.5621662675082302,0.00498814337598977,1.5621662675082302,2,0.06451792205059956,0.023697455526365194,0.06451792205059956,2,0.0,0.0,0.0,2,1.0,0.0,1.0,2,0.0,0.0,0.0,2,0.0,0.0,0.0,2
square_moore,markov,alpha_async,lesion,plastic,0,0,0.68,0.3,0.016,0.5,0.6,0.6,True,0.3351380818745471,0.0007999027953459832,0.3351380818745471,2,0.4404938502857485,0.003421472873002538,0.4404938502857485,2,0.0190711802176303,0.011018937647317434,0.0190711802176303,2,0.05136375125473585,0.004773711166143977,0.05136375125473585,2,0.04049384340215205,0.0067766034083277865,0.04049384340215205,2,1.5621662675082302,0.00498814337598977,1.5621662675082302,2,0.06451792205059956,0.023697455526365194,0.06451792205059956,2,0.0,0.0,0.0,2,1.0,0.0,1.0,2,0.0,0.0,0.0,2,0.0,0.0,0.0,2
square_moore,markov,alpha_async,order_ab,fixed,0,0,0.68,0.0,0.016,0.5,0.6,0.6,False,0.16389845412763104,0.0010902479563854805,0.16389845412763104,2,0.249148001416653,0.0003845586732138165,0.249148001416653,2,,,,0,0.23868741636259333,0.0068791134116416835,0.23868741636259333,2,0.23116794774142055,0.0007923972575911893,0.23116794774142055,2,1.223480267610216,0.005251019791184646,1.223480267610216,2,0.0792468368539777,0.0028470263657252304,0.0792468368539777,2,0.0,0.0,0.0,2,1.0,0.0,1.0,2,0.0,0.0,0.0,2,0.0,0.0,0.0,2
square_moore,markov,alpha_async,order_ab,fixed,0,0,0.68,0.0,0.016,0.5,0.6,0.6,True,0.16389845412763104,0.0010902479563854805,0.16389845412763104,2,0.249148001416653,0.0003845586732138165,0.249148001416653,2,,,,0,0.23868741636259333,0.0068791134116416835,0.23868741636259333,2,0.23116794774142055,0.0007923972575911893,0.23116794774142055,2,1.223480267610216,0.005251019791184646,1.223480267610216,2,0.0792468368539777,0.0028470263657252304,0.0792468368539777,2,0.0,0.0,0.0,2,1.0,0.0,1.0,2,0.0,0.0,0.0,2,0.0,0.0,0.0,2
square_moore,markov,alpha_async,order_ab,fixed,0,0,0.68,0.3,0.016,0.5,0.6,0.6,False,0.14987106625083085,0.005463719581546767,0.14987106625083085,2,0.23428996327028875,0.008113119329232355,0.23428996327028875,2,,,,0,0.25565502385988154,0.0069617250442215,0.25565502385988154,2,0.2517138855471391,0.014043689517749766,0.2517138855471391,2,1.1664005301692106,0.022247266882028053,1.1664005301692106,2,0.0813709044111111,0.005842369651631611,0.0813709044111111,2,0.0,0.0,0.0,2,1.0,0.0,1.0,2,0.0,0.0,0.0,2,0.0,0.0,0.0,2
square_moore,markov,alpha_async,order_ab,fixed,0,0,0.68,0.3,0.016,0.5,0.6,0.6,True,0.14987106625083085,0.005463719581546767,0.14987106625083085,2,0.23428996327028875,0.008113119329232355,0.23428996327028875,2,,,,0,0.25565502385988154,0.0069617250442215,0.25565502385988154,2,0.2517138855471391,0.014043689517749766,0.2517138855471391,2,1.1664005301692106,0.022247266882028053,1.1664005301692106,2,0.0813709044111111,0.005842369651631611,0.0813709044111111,2,0.0,0.0,0.0,2,1.0,0.0,1.0,2,0.0,0.0,0.0,2,0.0,0.0,0.0,2
square_moore,markov,alpha_async,order_ab,plastic,0,0,0.68,0.0,0.016,0.5,0.6,0.6,False,0.14939436915984644,0.0025515342151450396,0.14939436915984644,2,0.21333681780014102,0.009466817996376125,0.21333681780014102,2,,,,0,0.2570426433900735,0.003114818491132319,0.2570426433900735,2,0.24528145415754435,0.0001216439408946191,0.24528145415754435,2,1.1531827678483717,0.023574614555414635,1.1531827678483717,2,0.0811676457055251,0.006579843610532489,0.0811676457055251,2,0.0,0.0,0.0,2,1.0,0.0,1.0,2,0.0,0.0,0.0,2,0.0,0.0,0.0,2
square_moore,markov,alpha_async,order_ab,plastic,0,0,0.68,0.0,0.016,0.5,0.6,0.6,True,0.14939436915984644,0.0025515342151450396,0.14939436915984644,2,0.21333681780014102,0.009466817996376125,0.21333681780014102,2,,,,0,0.2570426433900735,0.003114818491132319,0.2570426433900735,2,0.24528145415754435,0.0001216439408946191,0.24528145415754435,2,1.1531827678483717,0.023574614555414635,1.1531827678483717,2,0.0811676457055251,0.006579843610532489,0.0811676457055251,2,0.0,0.0,0.0,2,1.0,0.0,1.0,2,0.0,0.0,0.0,2,0.0,0.0,0.0,2
square_moore,markov,alpha_async,order_ab,plastic,0,0,0.68,0.3,0.016,0.5,0.6,0.6,False,0.14551130603401205,0.005116122179945486,0.14551130603401205,2,0.20640206185582435,0.00569191987539846,0.20640206185582435,2,,,,0,0.24890842812280495,0.0018569508950441326,0.24890842812280495,2,0.23904633428243643,0.0019343999435293023,0.23904633428243643,2,1.1322075305415793,0.0187441322814683,1.1322075305415793,2,0.07825215942915505,0.0006346756708984987,0.07825215942915505,2,0.0,0.0,0.0,2,1.0,0.0,1.0,2,0.0,0.0,0.0,2,0.0,0.0,0.0,2
square_moore,markov,alpha_async,order_ab,plastic,0,0,0.68,0.3,0.016,0.5,0.6,0.6,True,0.14551130603401205,0.005116122179945486,0.14551130603401205,2,0.20640206185582435,0.00569191987539846,0.20640206185582435,2,,,,0,0.24890842812280495,0.0018569508950441326,0.24890842812280495,2,0.23904633428243643,0.0019343999435293023,0.23904633428243643,2,1.1322075305415793,0.0187441322814683,1.1322075305415793,2,0.07825215942915505,0.0006346756708984987,0.07825215942915505,2,0.0,0.0,0.0,2,1.0,0.0,1.0,2,0.0,0.0,0.0,2,0.0,0.0,0.0,2
square_moore,markov,alpha_async,order_ba,fixed,0,0,0.68,0.0,0.016,0.5,0.6,0.6,False,0.1505146678543949,0.002289868731220281,0.1505146678543949,2,0.22740465909483215,0.00014000342798245553,0.22740465909483215,2,,,,0,0.25863744825153745,0.000976943538939285,0.25863744825153745,2,0.25319649274877815,0.016969650968050164,0.25319649274877815,2,1.1764528816159037,0.007219626690253694,1.1764528816159037,2,0.08839954399499114,0.0019010913771356041,0.08839954399499114,2,0.0,0.0,0.0,2,1.0,0.0,1.0,2,0.0,0.0,0.0,2,0.0,0.0,0.0,2
square_moore,markov,alpha_async,order_ba,fixed,0,0,0.68,0.0,0.016,0.5,0.6,0.6,True,0.1505146678543949,0.002289868731220281,0.1505146678543949,2,0.22740465909483215,0.00014000342798245553,0.22740465909483215,2,,,,0,0.25863744825153745,0.000976943538939285,0.25863744825153745,2,0.25319649274877815,0.016969650968050164,0.25319649274877815,2,1.1764528816159037,0.007219626690253694,1.1764528816159037,2,0.08839954399499114,0.0019010913771356041,0.08839954399499114,2,0.0,0.0,0.0,2,1.0,0.0,1.0,2,0.0,0.0,0.0,2,0.0,0.0,0.0,2
square_moore,markov,alpha_async,order_ba,fixed,0,0,0.68,0.3,0.016,0.5,0.6,0.6,False,0.14321718353772483,0.004298332963279987,0.14321718353772483,2,0.21812643439055135,0.007598936456972537,0.21812643439055135,2,,,,0,0.26270269868963775,0.0055506365996809935,0.26270269868963775,2,0.26302857965567866,2.808106537265282e-05,0.26302857965567866,2,1.1537347800440108,0.023542991083729307,1.1537347800440108,2,0.08584294993163935,0.0028901009821115193,0.08584294993163935,2,0.0,0.0,0.0,2,1.0,0.0,1.0,2,0.0,0.0,0.0,2,0.0,0.0,0.0,2
square_moore,markov,alpha_async,order_ba,fixed,0,0,0.68,0.3,0.016,0.5,0.6,0.6,True,0.14321718353772483,0.004298332963279987,0.14321718353772483,2,0.21812643439055135,0.007598936456972537,0.21812643439055135,2,,,,0,0.26270269868963775,0.0055506365996809935,0.26270269868963775,2,0.26302857965567866,2.808106537265282e-05,0.26302857965567866,2,1.1537347800440108,0.023542991083729307,1.1537347800440108,2,0.08584294993163935,0.0028901009821115193,0.08584294993163935,2,0.0,0.0,0.0,2,1.0,0.0,1.0,2,0.0,0.0,0.0,2,0.0,0.0,0.0,2
square_moore,markov,alpha_async,order_ba,plastic,0,0,0.68,0.0,0.016,0.5,0.6,0.6,False,0.15307155955993265,0.00256011177939737,0.15307155955993265,2,0.21889069966933883,0.004436600442364184,0.21889069966933883,2,,,,0,0.24203272295541114,0.007073679730972294,0.24203272295541114,2,0.2364357978577577,0.002249352870536389,0.2364357978577577,2,1.1798913953513823,0.015533740310493949,1.1798913953513823,2,0.08457764017434416,0.0030781423120420127,0.08457764017434416,2,0.0,0.0,0.0,2,1.0,0.0,1.0,2,0.0,0.0,0.0,2,0.0,0.0,0.0,2
square_moore,markov,alpha_async,order_ba,plastic,0,0,0.68,0.0,0.016,0.5,0.6,0.6,True,0.15307155955993265,0.00256011177939737,0.15307155955993265,2,0.21889069966933883,0.004436600442364184,0.21889069966933883,2,,,,0,0.24203272295541114,0.007073679730972294,0.24203272295541114,2,0.2364357978577577,0.002249352870536389,0.2364357978577577,2,1.1798913953513823,0.015533740310493949,1.1798913953513823,2,0.08457764017434416,0.0030781423120420127,0.08457764017434416,2,0.0,0.0,0.0,2,1.0,0.0,1.0,2,0.0,0.0,0.0,2,0.0,0.0,0.0,2
square_moore,markov,alpha_async,order_ba,plastic,0,0,0.68,0.3,0.016,0.5,0.6,0.6,False,0.14643526781365054,0.0020185120534988842,0.14643526781365054,2,0.20078609704223294,0.010451897254689578,0.20078609704223294,2,,,,0,0.2509321414937844,0.009938852980329914,0.2509321414937844,2,0.24974348610344832,0.01375605562685479,0.24974348610344832,2,1.137665272049302,0.023468862851953043,1.137665272049302,2,0.08530627586134179,0.0019751009323332276,0.08530627586134179,2,0.0,0.0,0.0,2,1.0,0.0,1.0,2,0.0,0.0,0.0,2,0.0,0.0,0.0,2
square_moore,markov,alpha_async,order_ba,plastic,0,0,0.68,0.3,0.016,0.5,0.6,0.6,True,0.14643526781365054,0.0020185120534988842,0.14643526781365054,2,0.20078609704223294,0.010451897254689578,0.20078609704223294,2,,,,0,0.2509321414937844,0.009938852980329914,0.2509321414937844,2,0.24974348610344832,0.01375605562685479,0.24974348610344832,2,1.137665272049302,0.023468862851953043,1.137665272049302,2,0.08530627586134179,0.0019751009323332276,0.08530627586134179,2,0.0,0.0,0.0,2,1.0,0.0,1.0,2,0.0,0.0,0.0,2,0.0,0.0,0.0,2
square_moore,ql,alpha_async,lesion,fixed,0,0,0.68,0.0,0.016,0.5,0.6,0.6,False,0.4170638132882126,0.003430139772273958,0.4170638132882126,2,0.6413268944021333,0.0015351254622483887,0.6413268944021333,2,0.0101866585130829,0.013372249450602341,0.0101866585130829,2,4.359603006235009e-05,0.004164963614314407,4.359603006235009e-05,2,-0.00241097885189785,0.012150675826155699,-0.00241097885189785,2,1.3711595439566224,0.022490618011605457,1.3711595439566224,2,0.08617712907529029,0.025682099884930646,0.08617712907529029,2,0.30928337310981235,0.0038252956785532993,0.30928337310981235,2,1.0,0.0,1.0,2,0.0,0.0,0.0,2,0.0,0.0,0.0,2
square_moore,ql,alpha_async,lesion,fixed,0,0,0.68,0.0,0.016,0.5,0.6,0.6,True,0.355912555472413,0.0008939771211474592,0.355912555472413,2,0.5384159532893462,0.0004415359382588477,0.5384159532893462,2,0.019103487338929602,0.0007151684709101797,0.019103487338929602,2,0.04444126262463905,0.004708953338580144,0.04444126262463905,2,0.04701180073013635,0.00240127879235725,0.04701180073013635,2,1.5142479898671026,0.006354255873968533,1.5142479898671026,2,0.06411933740820455,0.03369269737972356,0.06411933740820455,2,0.0,0.0,0.0,2,1.0,0.0,1.0,2,0.0,0.0,0.0,2,0.0,0.0,0.0,2
square_moore,ql,alpha_async,lesion,fixed,0,0,0.68,0.3,0.016,0.5,0.6,0.6,False,0.4130512378466059,0.00026938932016680965,0.4130512378466059,2,0.6463859079996608,0.0027232027527647313,0.6463859079996608,2,0.0055061574825036996,0.001969477733848092,0.0055061574825036996,2,0.01321305119203715,0.0038008153658395144,0.01321305119203715,2,0.00474530010597885,0.007128205851597116,0.00474530010597885,2,1.3651034190188356,0.010456379475362626,1.3651034190188356,2,0.0644812164569887,0.0009761789017494814,0.0644812164569887,2,0.31339540966441337,0.0020919209354803617,0.31339540966441337,2,1.0,0.0,1.0,2,0.0,0.0,0.0,2,0.0,0.0,0.0,2
square_moore,ql,alpha_async,lesion,fixed,0,0,0.68,0.3,0.016,0.5,0.6,0.6,True,0.33411057098791014,0.0001237457638826859,0.33411057098791014,2,0.496010334315147,0.00231647194515304,0.496010334315147,2,0.04931736339424039,0.008542615300543264,0.04931736339424039,2,0.0681143198623608,0.0026380143758704547,0.0681143198623608,2,0.06472712031891431,0.0005617703357412768,0.06472712031891431,2,1.5397414608938185,0.004586718503793438,1.5397414608938185,2,0.044829068717754744,0.0005949521446158574,0.044829068717754744,2,0.0,0.0,0.0,2,1.0,0.0,1.0,2,0.0,0.0,0.0,2,0.0,0.0,0.0,2
square_moore,ql,alpha_async,lesion,plastic,0,0,0.68,0.0,0.016,0.5,0.6,0.6,False,0.41521985333173994,0.0016432057520622432,0.41521985333173994,2,0.5533166018827848,0.0054591406217634674,0.5533166018827848,2,0.0061959135195353504,0.0070882062184464655,0.0061959135195353504,2,-0.00280252201127415,0.01235226802135004,-0.00280252201127415,2,-0.007119654985384949,0.006845673791681692,-0.007119654985384949,2,1.506567347399325,0.006798697765698616,1.506567347399325,2,0.05625987615028355,0.015678488436600878,0.05625987615028355,2,0.29605002100396527,0.00020816593563301948,0.29605002100396527,2,1.0,0.0,1.0,2,0.0,0.0,0.0,2,0.0,0.0,0.0,2
square_moore,ql,alpha_async,lesion,plastic,0,0,0.68,0.0,0.016,0.5,0.6,0.6,True,0.361838941181608,0.004527402763979451,0.361838941181608,2,0.47819853085533437,0.007356013184303348,0.47819853085533437,2,0.013432732506252999,0.005292774016923825,0.013432732506252999,2,0.03387773340720565,9.025617139416775e-05,0.03387773340720565,2,0.02593580244709915,0.0004054376656102486,0.02593580244709915,2,1.5656925555674195,0.005815289321485737,1.5656925555674195,2,0.047321264753039854,0.018597223230760226,0.047321264753039854,2,0.0,0.0,0.0,2,1.0,0.0,1.0,2,0.0,0.0,0.0,2,0.0,0.0,0.0,2
square_moore,ql,alpha_async,lesion,plastic,0,0,0.68,0.3,0.016,0.5,0.6,0.6,False,0.4099675839744312,0.0007392727638164444,0.4099675839744312,2,0.5563194413478747,0.018650238958847067,0.5563194413478747,2,-0.0047242410823471,0.004652971183999718,-0.0047242410823471,2,-0.00421600186281775,0.004518104934885653,-0.00421600186281775,2,-0.00819398292097395,0.005911606864897898,-0.00819398292097395,2,1.5219516897530636,0.02063859063817732,1.5219516897530636,2,0.0764700300249473,0.02367643109257528,0.0764700300249473,2,0.29526127486326914,0.003225733570310481,0.29526127486326914,2,1.0,0.0,1.0,2,0.0,0.0,0.0,2,0.0,0.0,0.0,2
square_moore,ql,alpha_async,lesion,plastic,0,0,0.68,0.3,0.016,0.5,0.6,0.6,True,0.3351380810987282,0.0007999042920634287,0.3351380810987282,2,0.44049385167024313,0.003421473821784682,0.44049385167024313,2,0.01907118189851835,0.011018942253136437,0.01907118189851835,2,0.05136375180288255,0.004773712673786999,0.05136375180288255,2,0.040493837925548545,0.0067765964215926395,0.040493837925548545,2,1.5621662675082302,0.00498814337598977,1.5621662675082302,2,0.06451792341444004,0.02369745756097542,0.06451792341444004,2,0.0,0.0,0.0,2,1.0,0.0,1.0,2,0.0,0.0,0.0,2,0.0,0.0,0.0,2
square_moore,ql,alpha_async,order_ab,fixed,0,0,0.68,0.0,0.016,0.5,0.6,0.6,False,0.2985907749420461,0.002219084324866134,0.2985907749420461,2,0.5829024213942315,0.0037436786695532603,0.5829024213942315,2,,,,0,0.1216294229723404,0.00584398912652518,0.1216294229723404,2,0.1176399910821787,0.010669496801771063,0.1176399910821787,2,1.413489646984539,0.018639870570945363,1.413489646984539,2,0.0633242700430426,0.02378633799823257,0.0633242700430426,2,0.3991318576498036,0.0012458139960173785,0.3991318576498036,2,1.0,0.0,1.0,2,0.0,0.0,0.0,2,0.0,0.0,0.0,2
square_moore,ql,alpha_async,order_ab,fixed,0,0,0.68,0.0,0.016,0.5,0.6,0.6,True,0.16389845412763082,0.0010902479563857062,0.16389845412763082,2,0.24914800141664983,0.0003845586732154553,0.24914800141664983,2,,,,0,0.23868741636259272,0.0068791134116411535,0.23868741636259272,2,0.23116794774141686,0.0007923972575869501,0.23116794774141686,2,1.223480267610216,0.005251019791184646,1.223480267610216,2,0.0792468368539764,0.002847026365725937,0.0792468368539764,2,0.0,0.0,0.0,2,1.0,0.0,1.0,2,0.0,0.0,0.0,2,0.0,0.0,0.0,2
square_moore,ql,alpha_async,order_ab,fixed,0,0,0.68,0.3,0.016,0.5,0.6,0.6,False,0.2846251729261313,0.0011642894923148967,0.2846251729261313,2,0.5718253419151303,0.005139140872961657,0.5718253419151303,2,,,,0,0.1285992907601281,0.005645132808743648,0.1285992907601281,2,0.14065520530878556,0.011006200444799956,0.14065520530878556,2,1.403089937730459,0.004185861198689878,1.403089937730459,2,0.06042444908947475,0.012757604134312855,0.06042444908947475,2,0.4093738196066622,0.0010794500271476138,0.4093738196066622,2,1.0,0.0,1.0,2,0.0,0.0,0.0,2,0.0,0.0,0.0,2
square_moore,ql,alpha_async,order_ab,fixed,0,0,0.68,0.3,0.016,0.5,0.6,0.6,True,0.14987106625083463,0.005463719581533215,0.14987106625083463,2,0.23428996327027912,0.008113119329233266,0.23428996327027912,2,,,,0,0.2556550238598767,0.006961725044219164,0.2556550238598767,2,0.25171388554710744,0.014043689517708551,0.25171388554710744,2,1.1664005301692106,0.022247266882028053,1.1664005301692106,2,0.08137090441111175,0.00584236965162588,0.08137090441111175,2,0.0,0.0,0.0,2,1.0,0.0,1.0,2,0.0,0.0,0.0,2,0.0,0.0,0.0,2
square_moore,ql,alpha_async,order_ab,plastic,0,0,0.68,0.0,0.016,0.5,0.6,0.6,False,0.29104885834477723,0.004367063533083536,0.29104885834477723,2,0.5469571047878561,0.0022053317417596147,0.5469571047878561,2,,,,0,0.1240701697560211,0.0008283258171207987,0.1240701697560211,2,0.1122600136254938,0.005677794925064261,0.1122600136254938,2,1.4271148289873787,0.0015499409028717618,1.4271148289873787,2,0.0558843634380827,0.0031573008580697117,0.0558843634380827,2,0.40001989243824154,0.003172877405832073,0.40001989243824154,2,1.0,0.0,1.0,2,0.0,0.0,0.0,2,0.0,0.0,0.0,2
square_moore,ql,alpha_async,order_ab,plastic,0,0,0.68,0.0,0.016,0.5,0.6,0.6,True,0.14939436915988752,0.0025515342150062336,0.14939436915988752,2,0.21333681779985575,0.009466817996822786,0.21333681779985575,2,,,,0,0.2570426433908649,0.003114818492132311,0.2570426433908649,2,0.24528145415636735,0.00012164393934874531,0.24528145415636735,2,1.1531827678483717,0.023574614555414635,1.1531827678483717,2,0.08116764570596105,0.006579843611119886,0.08116764570596105,2,0.0,0.0,0.0,2,1.0,0.0,1.0,2,0.0,0.0,0.0,2,0.0,0.0,0.0,2
square_moore,ql,alpha_async,order_ab,plastic,0,0,0.68,0.3,0.016,0.5,0.6,0.6,False,0.28165896272341573,0.0008228685604342878,0.28165896272341573,2,0.5427981112811442,0.002945320750747189,0.5427981112811442,2,,,,0,0.13389118373975079,0.009737325070081064,0.13389118373975079,2,0.12649052352992746,0.004398294459844483,0.12649052352992746,2,1.4051779010927112,0.0057626537332467346,1.4051779010927112,2,0.0555828114581564,0.012154311349740604,0.0555828114581564,2,0.405580599975659,0.00477373214348819,0.405580599975659,2,0.9999768860946746,3.26879983905732e-05,0.9999768860946746,2,0.0,0.0,0.0,2,0.0,0.0,0.0,2
square_moore,ql,alpha_async,order_ab,plastic,0,0,0.68,0.3,0.016,0.5,0.6,0.6,True,0.1455113060342002,0.005116122180201372,0.1455113060342002,2,0.2064020618549094,0.005691919875026466,0.2064020618549094,2,,,,0,0.24890842812213432,0.0018569508972437535,0.24890842812213432,2,0.23904633428214767,0.001934399942280431,0.23904633428214767,2,1.1322075305415793,0.0187441322814683,1.1322075305415793,2,0.07825215942908754,0.0006346756709953734,0.07825215942908754,2,0.0,0.0,0.0,2,1.0,0.0,1.0,2,0.0,0.0,0.0,2,0.0,0.0,0.0,2
square_moore,ql,alpha_async,order_ba,fixed,0,0,0.68,0.0,0.016,0.5,0.6,0.6,False,0.26911525298045685,0.0018550916049603911,0.26911525298045685,2,0.5549335148122749,0.001233209112859096,0.5549335148122749,2,,,,0,0.149129687585986,0.0008614153305823234,0.149129687585986,2,0.13380216470553458,0.009222121291896422,0.13380216470553458,2,1.3860956600609968,0.006107128866531362,1.3860956600609968,2,0.06599147762114245,0.01529394195229844,0.06599147762114245,2,0.4166126708149591,0.001843624452410401,0.4166126708149591,2,1.0,0.0,1.0,2,0.0,0.0,0.0,2,0.0,0.0,0.0,2
square_moore,ql,alpha_async,order_ba,fixed,0,0,0.68,0.0,0.016,0.5,0.6,0.6,True,0.15051466785439405,0.002289868731220085,0.15051466785439405,2,0.22740465909483354,0.00014000342798118964,0.22740465909483354,2,,,,0,0.2586374482515328,0.0009769435389314345,0.2586374482515328,2,0.2531964927487763,0.01696965096805207,0.2531964927487763,2,1.1764528816159037,0.007219626690253694,1.1764528816159037,2,0.08839954399499089,0.0019010913771356631,0.08839954399499089,2,0.0,0.0,0.0,2,1.0,0.0,1.0,2,0.0,0.0,0.0,2,0.0,0.0,0.0,2
square_moore,ql,alpha_async,order_ba,fixed,0,0,0.68,0.3,0.016,0.5,0.6,0.6,False,0.2627401207616099,0.001020361770411936,0.2627401207616099,2,0.5493390281517663,0.002839056008421924,0.5493390281517663,2,,,,0,0.1662527480979231,0.004164608489449206,0.1662527480979231,2,0.1456223196904601,0.006706329559012329,0.1456223196904601,2,1.3728751769755276,0.00025947395376808553,1.3728751769755276,2,0.06546566050091475,0.010437941631892333,0.06546566050091475,2,0.4201413764779429,0.0006128528368829278,0.4201413764779429,2,1.0,0.0,1.0,2,0.0,0.0,0.0,2,0.0,0.0,0.0,2
square_moore,ql,alpha_async,order_ba,fixed,0,0,0.68,0.3,0.016,0.5,0.6,0.6,True,0.14321718353773089,0.004298332963284854,0.14321718353773089,2,0.2181264343905165,0.0075989364569215186,0.2181264343905165,2,,,,0,0.2627026986895308,0.005550636599519333,0.2627026986895308,2,0.2630285796558296,2.808106516730435e-05,0.2630285796558296,2,1.1537347800440108,0.023542991083729307,1.1537347800440108,2,0.0858429499316393,0.002890100982110028,0.0858429499316393,2,0.0,0.0,0.0,2,1.0,0.0,1.0,2,0.0,0.0,0.0,2,0.0,0.0,0.0,2
square_moore,ql,alpha_async,order_ba,plastic,0,0,0.68,0.0,0.016,0.5,0.6,0.6,False,0.27199158652245875,0.0032910503881100647,0.27199158652245875,2,0.5315317624814524,0.0007851387738132321,0.5315317624814524,2,,,,0,0.14714533862865795,0.005733517950726554,0.14714533862865795,2,0.13638039937287155,0.010319991476381804,0.13638039937287155,2,1.3901795574715772,0.005472042753570465,1.3901795574715772,2,0.054308193015860554,0.00503274300592064,0.054308193015860554,2,0.41228109568292726,0.003231573267826175,0.41228109568292726,2,1.0,0.0,1.0,2,0.0,0.0,0.0,2,0.0,0.0,0.0,2
square_moore,ql,alpha_async,order_ba,plastic,0,0,0.68,0.0,0.016,0.5,0.6,0.6,True,0.15307155956012006,0.0025601117791036448,0.15307155956012006,2,0.21889069966933689,0.0044366004430754745,0.21889069966933689,2,,,,0,0.2420327229552845,0.007073679731583453,0.2420327229552845,2,0.2364357978571897,0.0022493528697212365,0.2364357978571897,2,1.1798913953513823,0.015533740310493949,1.1798913953513823,2,0.08457764017411755,0.0030781423124754716,0.08457764017411755,2,0.0,0.0,0.0,2,1.0,0.0,1.0,2,0.0,0.0,0.0,2,0.0,0.0,0.0,2
square_moore,ql,alpha_async,order_ba,plastic,0,0,0.68,0.3,0.016,0.5,0.6,0.6,False,0.26260003524571984,0.0026435543805625123,0.26260003524571984,2,0.5241325639519372,0.0038413876650224723,0.5241325639519372,2,,,,0,0.1608703786813298,0.011953340695644021,0.1608703786813298,2,0.1403215029165601,0.0018858341970625352,0.1403215029165601,2,1.3749552508964045,0.012745749974208583,1.3749552508964045,2,0.05415441333068305,0.0015289826823874334,0.05415441333068305,2,0.4152513906881882,0.0037125282794720988,0.4152513906881882,2,1.0,0.0,1.0,2,0.0,0.0,0.0,2,0.0,0.0,0.0,2
square_moore,ql,alpha_async,order_ba,plastic,0,0,0.68,0.3,0.016,0.5,0.6,0.6,True,0.1464352678138561,0.0020185120531309724,0.1464352678138561,2,0.20078609704244615,0.010451897254779212,0.20078609704244615,2,,,,0,0.2509321414933193,0.009938852981238595,0.2509321414933193,2,0.24974348610287772,0.013756055627770781,0.24974348610287772,2,1.137665272049302,0.023468862851953043,1.137665272049302,2,0.08530627586107156,0.0019751009319501937,0.08530627586107156,2,0.0,0.0,0.0,2,1.0,0.0,1.0,2,0.0,0.0,0.0,2,0.0,0.0,0.0,2
square_vn,markov,alpha_async,lesion,fixed,0,0,0.68,0.0,0.016,0.5,0.6,0.6,False,0.11423430979450849,0.0035237882772686285,0.11423430979450849,2,0.20747956355149716,0.007953454297411901,0.20747956355149716,2,0.28743368276493925,0.01959841044684677,0.28743368276493925,2,0.30518114536246055,0.02287081444371614,0.30518114536246055,2,0.30546532353300193,0.01837664355852349,0.30546532353300193,2,0.982687075733552,0.014497442546856903,0.982687075733552,2,0.09438574452958651,0.006354495122439352,0.09438574452958651,2,0.0,0.0,0.0,2,1.0,0.0,1.0,2,0.0,0.0,0.0,2,0.0,0.0,0.0,2
square_vn,markov,alpha_async,lesion,fixed,0,0,0.68,0.0,0.016,0.5,0.6,0.6,True,0.11423430979450849,0.0035237882772686285,0.11423430979450849,2,0.20747956355149716,0.007953454297411901,0.20747956355149716,2,0.28743368276493925,0.01959841044684677,0.28743368276493925,2,0.30518114536246055,0.02287081444371614,0.30518114536246055,2,0.30546532353300193,0.01837664355852349,0.30546532353300193,2,0.982687075733552,0.014497442546856903,0.982687075733552,2,0.09438574452958651,0.006354495122439352,0.09438574452958651,2,0.0,0.0,0.0,2,1.0,0.0,1.0,2,0.0,0.0,0.0,2,0.0,0.0,0.0,2
square_vn,markov,alpha_async,lesion,fixed,0,0,0.68,0.3,0.016,0.5,0.6,0.6,False,0.09068816886875665,6.143211190967798e-05,0.09068816886875665,2,0.1615116371136951,0.00011413087271483564,0.1615116371136951,2,0.33509237426956806,0.021597143061239863,0.33509237426956806,2,0.3609863141236289,0.01584642233965124,0.3609863141236289,2,0.3546636494768494,0.00804983488445195,0.3546636494768494,2,0.8455236281116547,0.0029025894291720305,0.8455236281116547,2,0.08465663931233444,0.0015694197984327876,0.08465663931233444,2,0.0,0.0,0.0,2,1.0,0.0,1.0,2,0.0,0.0,0.0,2,0.0,0.0,0.0,2
square_vn,markov,alpha_async,lesion,fixed,0,0,0.68,0.3,0.016,0.5,0.6,0.6,True,0.09068816886875665,6.143211190967798e-05,0.09068816886875665,2,0.1615116371136951,0.00011413087271483564,0.1615116371136951,2,0.33509237426956806,0.021597143061239863,0.33509237426956806,2,0.3609863141236289,0.01584642233965124,0.3609863141236289,2,0.3546636494768494,0.00804983488445195,0.3546636494768494,2,0.8455236281116547,0.0029025894291720305,0.8455236281116547,2,0.08465663931233444,0.0015694197984327876,0.08465663931233444,2,0.0,0.0,0.0,2,1.0,0.0,1.0,2,0.0,0.0,0.0,2,0.0,0.0,0.0,2
square_vn,markov,alpha_async,lesion,plastic,0,0,0.68,0.0,0.016,0.5,0.6,0.6,False,0.12070319113359015,0.0095996079028413,0.12070319113359015,2,0.2175326213674562,0.01713599208551576,0.2175326213674562,2,0.26602706557410993,0.040384933404292306,0.26602706557410993,2,0.2800528180435171,0.03611444332191554,0.2800528180435171,2,0.2920636933741886,0.012580111341784184,0.2920636933741886,2,1.0229663942101788,0.05864504518014818,1.0229663942101788,2,0.08998769276961954,0.0012406129305388746,0.08998769276961954,2,0.0,0.0,0.0,2,1.0,0.0,1.0,2,0.0,0.0,0.0,2,0.0,0.0,0.0,2
square_vn,markov,alpha_async,lesion,plastic,0,0,0.68,0.0,0.016,0.5,0.6,0.6,True,0.12070319113359015,0.0095996079028413,0.12070319113359015,2,0.2175326213674562,0.01713599208551576,0.2175326213674562,2,0.26602706557410993,0.040384933404292306,0.26602706557410993,2,0.2800528180435171,0.03611444332191554,0.2800528180435171,2,0.2920636933741886,0.012580111341784184,0.2920636933741886,2,1.0229663942101788,0.05864504518014818,1.0229663942101788,2,0.08998769276961954,0.0012406129305388746,0.08998769276961954,2,0.0,0.0,0.0,2,1.0,0.0,1.0,2,0.0,0.0,0.0,2,0.0,0.0,0.0,2
square_vn,markov,alpha_async,lesion,plastic,0,0,0.68,0.3,0.016,0.5,0.6,0.6,False,0.09080020379316835,0.0013893025042339133,0.09080020379316835,2,0.16268811613519318,0.0016908368903050944,0.16268811613519318,2,0.34735436053822966,0.008325272581103212,0.34735436053822966,2,0.3638851028128606,0.0077343147963882435,0.3638851028128606,2,0.36269933574443414,0.005649610023412284,0.36269933574443414,2,0.8448538221331054,0.009211522353374711,0.8448538221331054,2,0.08706994957247895,0.0021927988689575176,0.08706994957247895,2,0.0,0.0,0.0,2,1.0,0.0,1.0,2,0.0,0.0,0.0,2,0.0,0.0,0.0,2
square_vn,markov,alpha_async,lesion,plastic,0,0,0.68,0.3,0.016,0.5,0.6,0.6,True,0.09080020379316835,0.0013893025042339133,0.09080020379316835,2,0.16268811613519318,0.0016908368903050944,0.16268811613519318,2,0.34735436053822966,0.008325272581103212,0.34735436053822966,2,0.3638851028128606,0.0077343147963882435,0.3638851028128606,2,0.36269933574443414,0.005649610023412284,0.36269933574443414,2,0.8448538221331054,0.009211522353374711,0.8448538221331054,2,0.08706994957247895,0.0021927988689575176,0.08706994957247895,2,0.0,0.0,0.0,2,1.0,0.0,1.0,2,0.0,0.0,0.0,2,0.0,0.0,0.0,2
square_vn,markov,alpha_async,order_ab,fixed,0,0,0.68,0.0,0.016,0.5,0.6,0.6,False,0.06868493940843715,0.003607289297123309,0.06868493940843715,2,0.12353833902519834,0.006639208699531366,0.12353833902519834,2,,,,0,0.3829001137259464,0.01730473233963663,0.3829001137259464,2,0.43561117037024666,0.02567538991982749,0.43561117037024666,2,0.6928749349883648,0.01992461541442275,0.6928749349883648,2,0.0717974709822477,0.0009009155565487809,0.0717974709822477,2,0.0,0.0,0.0,2,1.0,0.0,1.0,2,0.0,0.0,0.0,2,0.0,0.0,0.0,2
square_vn,markov,alpha_async,order_ab,fixed,0,0,0.68,0.0,0.016,0.5,0.6,0.6,True,0.06868493940843715,0.003607289297123309,0.06868493940843715,2,0.12353833902519834,0.006639208699531366,0.12353833902519834,2,,,,0,0.3829001137259464,0.01730473233963663,0.3829001137259464,2,0.43561117037024666,0.02567538991982749,0.43561117037024666,2,0.6928749349883648,0.01992461541442275,0.6928749349883648,2,0.0717974709822477,0.0009009155565487809,0.0717974709822477,2,0.0,0.0,0.0,2,1.0,0.0,1.0,2,0.0,0.0,0.0,2,0.0,0.0,0.0,2
square_vn,markov,alpha_async,order_ab,fixed,0,0,0.68,0.3,0.016,0.5,0.6,0.6,False,0.0625756600275699,0.00011577040972034534,0.0625756600275699,2,0.1099760375526979,0.003858233071633152,0.1099760375526979,2,,,,0,0.4119098268892377,0.017050447149422533,0.4119098268892377,2,0.46536141035445533,0.017582393286696085,0.46536141035445533,2,0.6496254827389085,0.002711440116258355,0.6496254827389085,2,0.0674190106435763,0.00048138445526560057,0.0674190106435763,2,0.0,0.0,0.0,2,1.0,0.0,1.0,2,0.0,0.0,0.0,2,0.0,0.0,0.0,2
square_vn,markov,alpha_async,order_ab,fixed,0,0,0.68,0.3,0.016,0.5,0.6,0.6,True,0.0625756600275699,0.00011577040972034534,0.0625756600275699,2,0.1099760375526979,0.003858233071633152,0.1099760375526979,2,,,,0,0.4119098268892377,0.017050447149422533,0.4119098268892377,2,0.46536141035445533,0.017582393286696085,0.46536141035445533,2,0.6496254827389085,0.002711440116258355,0.6496254827389085,2,0.0674190106435763,0.00048138445526560057,0.0674190106435763,2,0.0,0.0,0.0,2,1.0,0.0,1.0,2,0.0,0.0,0.0,2,0.0,0.0,0.0,2
square_vn,markov,alpha_async,order_ab,plastic,0,0,0.68,0.0,0.016,0.5,0.6,0.6,False,0.0714042054219481,0.0025426812767393933,0.0714042054219481,2,0.12923451426887395,0.0010264030500835596,0.12923451426887395,2,,,,0,0.39639712710902325,0.01999679544534856,0.39639712710902325,2,0.41424801100689324,0.008127803990572098,0.41424801100689324,2,0.7082449470510597,0.020769508237543817,0.7082449470510597,2,0.0757492174725824,1.3506715239779976e-05,0.0757492174725824,2,0.0,0.0,0.0,2,1.0,0.0,1.0,2,0.0,0.0,0.0,2,0.0,0.0,0.0,2
square_vn,markov,alpha_async,order_ab,plastic,0,0,0.68,0.0,0.016,0.5,0.6,0.6,True,0.0714042054219481,0.0025426812767393933,0.0714042054219481,2,0.12923451426887395,0.0010264030500835596,0.12923451426887395,2,,,,0,0.39639712710902325,0.01999679544534856,0.39639712710902325,2,0.41424801100689324,0.008127803990572098,0.41424801100689324,2,0.7082449470510597,0.020769508237543817,0.7082449470510597,2,0.0757492174725824,1.3506715239779976e-05,0.0757492174725824,2,0.0,0.0,0.0,2,1.0,0.0,1.0,2,0.0,0.0,0.0,2,0.0,0.0,0.0,2
square_vn,markov,alpha_async,order_ab,plastic,0,0,0.68,0.3,0.016,0.5,0.6,0.6,False,0.0660663980510869,0.0022191258727954776,0.0660663980510869,2,0.11903773625072875,0.003943519938128978,0.11903773625072875,2,,,,0,0.3948381227588484,0.007884972541893485,0.3948381227588484,2,0.44638007163969273,0.014230427571263946,0.44638007163969273,2,0.6731936559111427,0.01142486734761996,0.6731936559111427,2,0.06909812543212421,0.0019855148488840606,0.06909812543212421,2,0.0,0.0,0.0,2,1.0,0.0,1.0,2,0.0,0.0,0.0,2,0.0,0.0,0.0,2
square_vn,markov,alpha_async,order_ab,plastic,0,0,0.68,0.3,0.016,0.5,0.6,0.6,True,0.0660663980510869,0.0022191258727954776,0.0660663980510869,2,0.11903773625072875,0.003943519938128978,0.11903773625072875,2,,,,0,0.3948381227588484,0.007884972541893485,0.3948381227588484,2,0.44638007163969273,0.014230427571263946,0.44638007163969273,2,0.6731936559111427,0.01142486734761996,0.6731936559111427,2,0.06909812543212421,0.0019855148488840606,0.06909812543212421,2,0.0,0.0,0.0,2,1.0,0.0,1.0,2,0.0,0.0,0.0,2,0.0,0.0,0.0,2
square_vn,markov,alpha_async,order_ba,fixed,0,0,0.68,0.0,0.016,0.5,0.6,0.6,False,0.07637784051218294,0.00269766162506721,0.07637784051218294,2,0.13865428352239884,0.0052313518987289215,0.13865428352239884,2,,,,0,0.4153486769367823,0.01165618340190968,0.4153486769367823,2,0.38264778244733527,0.025632102431282937,0.38264778244733527,2,0.7492797878371965,0.021980582710786525,0.7492797878371965,2,0.0807051468171637,0.002220718307771448,0.0807051468171637,2,0.0,0.0,0.0,2,1.0,0.0,1.0,2,0.0,0.0,0.0,2,0.0,0.0,0.0,2
square_vn,markov,alpha_async,order_ba,fixed,0,0,0.68,0.0,0.016,0.5,0.6,0.6,True,0.07637784051218294,0.00269766162506721,0.07637784051218294,2,0.13865428352239884,0.0052313518987289215,0.13865428352239884,2,,,,0,0.4153486769367823,0.01165618340190968,0.4153486769367823,2,0.38264778244733527,0.025632102431282937,0.38264778244733527,2,0.7492797878371965,0.021980582710786525,0.7492797878371965,2,0.0807051468171637,0.002220718307771448,0.0807051468171637,2,0.0,0.0,0.0,2,1.0,0.0,1.0,2,0.0,0.0,0.0,2,0.0,0.0,0.0,2
square_vn,markov,alpha_async,order_ba,fixed,0,0,0.68,0.3,0.016,0.5,0.6,0.6,False,0.06920177853503595,0.0020337539037461917,0.06920177853503595,2,0.12357425871704306,0.006907737804989361,0.12357425871704306,2,,,,0,0.4226432597351222,0.018830236641026593,0.4226432597351222,2,0.40452235117885404,0.006422050165735857,0.40452235117885404,2,0.6982056699490874,0.015448931480567422,0.6982056699490874,2,0.0748329164746801,0.00032709080665227876,0.0748329164746801,2,0.0,0.0,0.0,2,1.0,0.0,1.0,2,0.0,0.0,0.0,2,0.0,0.0,0.0,2
square_vn,markov,alpha_async,order_ba,fixed,0,0,0.68,0.3,0.016,0.5,0.6,0.6,True,0.06920177853503595,0.0020337539037461917,0.06920177853503595,2,0.12357425871704306,0.006907737804989361,0.12357425871704306,2,,,,0,0.4226432597351222,0.018830236641026593,0.4226432597351222,2,0.40452235117885404,0.006422050165735857,0.40452235117885404,2,0.6982056699490874,0.015448931480567422,0.6982056699490874,2,0.0748329164746801,0.00032709080665227876,0.0748329164746801,2,0.0,0.0,0.0,2,1.0,0.0,1.0,2,0.0,0.0,0.0,2,0.0,0.0,0.0,2
square_vn,markov,alpha_async,order_ba,plastic,0,0,0.68,0.0,0.016,0.5,0.6,0.6,False,0.07528225007361966,0.0002411064018968465,0.07528225007361966,2,0.13685167016431604,0.0009107475611379514,0.13685167016431604,2,,,,0,0.4058032173271034,0.012478641050916972,0.4058032173271034,2,0.3841434490417664,0.00017682387156562086,0.3841434490417664,2,0.7402057504485979,0.002214060026738767,0.7402057504485979,2,0.08088352432886756,0.0021023775348049624,0.08088352432886756,2,0.0,0.0,0.0,2,1.0,0.0,1.0,2,0.0,0.0,0.0,2,0.0,0.0,0.0,2
square_vn,markov,alpha_async,order_ba,plastic,0,0,0.68,0.0,0.016,0.5,0.6,0.6,True,0.07528225007361966,0.0002411064018968465,0.07528225007361966,2,0.13685167016431604,0.0009107475611379514,0.13685167016431604,2,,,,0,0.4058032173271034,0.012478641050916972,0.4058032173271034,2,0.3841434490417664,0.00017682387156562086,0.3841434490417664,2,0.7402057504485979,0.002214060026738767,0.7402057504485979,2,0.08088352432886756,0.0021023775348049624,0.08088352432886756,2,0.0,0.0,0.0,2,1.0,0.0,1.0,2,0.0,0.0,0.0,2,0.0,0.0,0.0,2
square_vn,markov,alpha_async,order_ba,plastic,0,0,0.68,0.3,0.016,0.5,0.6,0.6,False,0.06792409723029075,0.0022393385213371475,0.06792409723029075,2,0.12133503387046535,0.005573299049076096,0.12133503387046535,2,,,,0,0.4537468327261224,0.011542370859307493,0.4537468327261224,2,0.4089579913285859,0.013940705895901602,0.4089579913285859,2,0.6899180137161776,0.0145666481229649,0.6899180137161776,2,0.07636905638043225,0.0022559015141832106,0.07636905638043225,2,0.0,0.0,0.0,2,1.0,0.0,1.0,2,0.0,0.0,0.0,2,0.0,0.0,0.0,2
square_vn,markov,alpha_async,order_ba,plastic,0,0,0.68,0.3,0.016,0.5,0.6,0.6,True,0.06792409723029075,0.0022393385213371475,0.06792409723029075,2,0.12133503387046535,0.005573299049076096,0.12133503387046535,2,,,,0,0.4537468327261224,0.011542370859307493,0.4537468327261224,2,0.4089579913285859,0.013940705895901602,0.4089579913285859,2,0.6899180137161776,0.0145666481229649,0.6899180137161776,2,0.07636905638043225,0.0022559015141832106,0.07636905638043225,2,0.0,0.0,0.0,2,1.0,0.0,1.0,2,0.0,0.0,0.0,2,0.0,0.0,0.0,2
square_vn,ql,alpha_async,lesion,fixed,0,0,0.68,0.0,0.016,0.5,0.6,0.6,False,0.3697355553435222,0.012536066532877217,0.3697355553435222,2,0.6992476610876467,0.01256901085153538,0.6992476610876467,2,-0.01580593949607005,0.02014125378280632,-0.01580593949607005,2,0.0180284077848069,0.0014235588678357465,0.0180284077848069,2,0.029861191991138198,0.01175855587703828,0.029861191991138198,2,1.4898090976013216,0.03258089305121245,1.4898090976013216,2,0.01039468377238445,0.002512211913136501,0.01039468377238445,2,0.32301456261076966,0.010566526684160537,0.32301456261076966,2,1.0,0.0,1.0,2,0.0,0.0,0.0,2,0.0,0.0,0.0,2
square_vn,ql,alpha_async,lesion,fixed,0,0,0.68,0.0,0.016,0.5,0.6,0.6,True,0.11233122848864954,0.005726942527063533,0.11233122848864954,2,0.2015108986433353,0.010433634192964752,0.2015108986433353,2,0.29566774858521766,0.020195934980424907,0.29566774858521766,2,0.31041497236342197,0.004337992581286139,0.31041497236342197,2,0.31567734711433565,0.008324034725357846,0.31567734711433565,2,0.9778971407662345,0.029860345362371477,0.9778971407662345,2,0.091614642276739,0.0002892032492288469,0.091614642276739,2,0.0,0.0,0.0,2,1.0,0.0,1.0,2,0.0,0.0,0.0,2,0.0,0.0,0.0,2
square_vn,ql,alpha_async,lesion,fixed,0,0,0.68,0.3,0.016,0.5,0.6,0.6,False,0.3538349580538893,0.008363782857695259,0.3538349580538893,2,0.6906178094686952,0.006833674116223286,0.6906178094686952,2,0.0287981286282252,0.009661373383392562,0.0287981286282252,2,0.046512412302997255,0.002241411970202308,0.046512412302997255,2,0.036651195642896955,0.00661536468506214,0.036651195642896955,2,1.4889841397599597,0.009053849055663265,1.4889841397599597,2,0.01635598632083585,0.0019160134228220925,0.01635598632083585,2,0.33971213541420087,0.0019223791586651365,0.33971213541420087,2,1.0,0.0,1.0,2,0.0,0.0,0.0,2,0.0,0.0,0.0,2
square_vn,ql,alpha_async,lesion,fixed,0,0,0.68,0.3,0.016,0.5,0.6,0.6,True,0.0911540362218346,0.0026815440436399425,0.0911540362218346,2,0.1640456285971979,0.005031721374177636,0.1640456285971979,2,0.32538965880239,0.012615657191764445,0.32538965880239,2,0.359266682650142,0.0023033285844942463,0.359266682650142,2,0.3472180268466162,0.005289245667108466,0.3472180268466162,2,0.85553050871151,0.014217719784156386,0.85553050871151,2,0.08526441973719355,0.002225421888070833,0.08526441973719355,2,0.0,0.0,0.0,2,1.0,0.0,1.0,2,0.0,0.0,0.0,2,0.0,0.0,0.0,2
square_vn,ql,alpha_async,lesion,plastic,0,0,0.68,0.0,0.016,0.5,0.6,0.6,False,0.37092679051108,0.00045135423939557737,0.37092679051108,2,0.7050730792246738,0.0017570383887226134,0.7050730792246738,2,0.011708674392606401,0.0010073738910936516,0.011708674392606401,2,0.03423802099536695,0.0033909364042835816,0.03423802099536695,2,0.026749898637252252,0.006034051808499929,0.026749898637252252,2,1.4768917535235022,0.007018722344882516,1.4768917535235022,2,0.01150627251208585,0.0014664965460156995,0.01150627251208585,2,0.3260536848371226,0.004132348534665876,0.3260536848371226,2,1.0,0.0,1.0,2,0.0,0.0,0.0,2,0.0,0.0,0.0,2
square_vn,ql,alpha_async,lesion,plastic,0,0,0.68,0.0,0.016,0.5,0.6,0.6,True,0.11881082910381505,0.011389997986647039,0.11881082910381505,2,0.21481769258240063,0.0195137202993801,0.21481769258240063,2,0.259365371936394,0.011923748318873576,0.259365371936394,2,0.2853132103377086,0.002629922494053544,0.2853132103377086,2,0.29472206083172064,0.009652914531327383,0.29472206083172064,2,1.0084524183574317,0.06630063818094568,1.0084524183574317,2,0.0937552223733049,0.003726087415660639,0.0937552223733049,2,0.0,0.0,0.0,2,1.0,0.0,1.0,2,0.0,0.0,0.0,2,0.0,0.0,0.0,2
square_vn,ql,alpha_async,lesion,plastic,0,0,0.68,0.3,0.016,0.5,0.6,0.6,False,0.34557735847584947,0.013189601911925404,0.34557735847584947,2,0.6805819963173102,0.011282018870112603,0.6805819963173102,2,0.032690921091088954,0.028938419184794607,0.032690921091088954,2,0.056158710678418246,0.022075505309272967,0.056158710678418246,2,0.04918499145774035,0.01980125072657092,0.04918499145774035,2,1.4980332985702223,0.009568830950054345,1.4980332985702223,2,0.0246533598707543,0.0030938491824602492,0.0246533598707543,2,0.3481124199119394,0.012627258836127607,0.3481124199119394,2,1.0,0.0,1.0,2,0.0,0.0,0.0,2,0.0,0.0,0.0,2
square_vn,ql,alpha_async,lesion,plastic,0,0,0.68,0.3,0.016,0.5,0.6,0.6,True,0.08760734038649329,0.008289502143218335,0.08760734038649329,2,0.15822363594502775,0.013964269517409204,0.15822363594502775,2,0.36286910981825177,0.034509400971454135,0.36286910981825177,2,0.3802205033751547,0.026667850230512116,0.3802205033751547,2,0.36877047703463955,0.036761351120293974,0.36877047703463955,2,0.8254565495104378,0.05512640055105048,0.8254565495104378,2,0.08534926777923675,0.00436112564295801,0.08534926777923675,2,0.0,0.0,0.0,2,1.0,0.0,1.0,2,0.0,0.0,0.0,2,0.0,0.0,0.0,2
square_vn,ql,alpha_async,order_ab,fixed,0,0,0.68,0.0,0.016,0.5,0.6,0.6,False,0.20152840120560994,0.0021800286617137763,0.20152840120560994,2,0.5313501561098267,0.0010352215167607937,0.5313501561098267,2,,,,0,0.23635309163269755,0.014861201837649086,0.23635309163269755,2,0.2334461016045294,0.00021416853896394068,0.2334461016045294,2,1.1550935674682452,0.00832287235262331,1.1550935674682452,2,0.06732069502317535,0.003784117137923797,0.06732069502317535,2,0.461682482197864,0.00031791945914021885,0.461682482197864,2,1.0,0.0,1.0,2,0.0,0.0,0.0,2,0.0,0.0,0.0,2
square_vn,ql,alpha_async,order_ab,fixed,0,0,0.68,0.0,0.016,0.5,0.6,0.6,True,0.0682785617102809,0.003046053821061949,0.0682785617102809,2,0.12344417847630085,0.006593981987241125,0.12344417847630085,2,,,,0,0.38229314843178064,0.013773233103034936,0.38229314843178064,2,0.43332412579314694,0.027077962850653024,0.43332412579314694,2,0.6923505399232879,0.017180101332845046,0.6923505399232879,2,0.07178801627116455,0.0009626354428734769,0.07178801627116455,2,0.0,0.0,0.0,2,1.0,0.0,1.0,2,0.0,0.0,0.0,2,0.0,0.0,0.0,2
square_vn,ql,alpha_async,order_ab,fixed,0,0,0.68,0.3,0.016,0.5,0.6,0.6,False,0.19032836476038975,0.0005612475745103221,0.19032836476038975,2,0.5203957647346736,0.0018642772129727847,0.5203957647346736,2,,,,0,0.2555390315349138,0.01420625827587017,0.2555390315349138,2,0.2543108202962341,0.016829438721394075,0.2543108202962341,2,1.0988090757785938,0.002082917014932778,1.0988090757785938,2,0.0741567283412965,0.0017210089648108618,0.0741567283412965,2,0.46814239142460085,0.00010233515023634981,0.46814239142460085,2,1.0,0.0,1.0,2,0.0,0.0,0.0,2,0.0,0.0,0.0,2
square_vn,ql,alpha_async,order_ab,fixed,0,0,0.68,0.3,0.016,0.5,0.6,0.6,True,0.06320498925175205,0.00027709703806681334,0.06320498925175205,2,0.1114895736286009,0.002418556572583228,0.1114895736286009,2,,,,0,0.4169820128529284,0.01958784024395889,0.4169820128529284,2,0.46412543210114815,0.008339193746569823,0.46412543210114815,2,0.644913018022918,0.0010971677782923065,0.644913018022918,2,0.06711096264477259,8.844963914787314e-06,0.06711096264477259,2,0.0,0.0,0.0,2,1.0,0.0,1.0,2,0.0,0.0,0.0,2,0.0,0.0,0.0,2
square_vn,ql,alpha_async,order_ab,plastic,0,0,0.68,0.0,0.016,0.5,0.6,0.6,False,0.1917179042774616,0.009801741833262404,0.1917179042774616,2,0.5224727903011104,0.012147648182868339,0.5224727903011104,2,,,,0,0.2455461010586933,0.014058215560554583,0.2455461010586933,2,0.24298244438129912,0.027298233531999092,0.24298244438129912,2,1.0997393077680688,0.047844432740494845,1.0997393077680688,2,0.0715351542362932,0.0029884670149079124,0.0715351542362932,2,0.4687511795515976,0.005100012854994652,0.4687511795515976,2,1.0,0.0,1.0,2,0.0,0.0,0.0,2,0.0,0.0,0.0,2
square_vn,ql,alpha_async,order_ab,plastic,0,0,0.68,0.0,0.016,0.5,0.6,0.6,True,0.07118783247032545,0.0025156141559870963,0.07118783247032545,2,0.12969592082014544,0.003864759481376958,0.12969592082014544,2,,,,0,0.3903209936555887,0.01265932661839646,0.3903209936555887,2,0.41403209525119367,0.029118612683701292,0.41403209525119367,2,0.7147505950066557,0.021739026220196283,0.7147505950066557,2,0.0751368177039832,0.0019135396554872367,0.0751368177039832,2,0.0,0.0,0.0,2,1.0,0.0,1.0,2,0.0,0.0,0.0,2,0.0,0.0,0.0,2
square_vn,ql,alpha_async,order_ab,plastic,0,0,0.68,0.3,0.016,0.5,0.6,0.6,False,0.18163062504751132,0.0031276373822150373,0.18163062504751132,2,0.5092694677945389,0.003485859532001765,0.5092694677945389,2,,,,0,0.26658288245383177,0.019805792378030034,0.26658288245383177,2,0.2625389303907604,0.014938755037174177,0.2625389303907604,2,1.0495188616067646,0.014295685828162836,1.0495188616067646,2,0.0686729641231339,0.003102525448277276,0.0686729641231339,2,0.4745086980956213,6.859150260705193e-05,0.4745086980956213,2,1.0,0.0,1.0,2,0.0,0.0,0.0,2,0.0,0.0,0.0,2
square_vn,ql,alpha_async,order_ab,plastic,0,0,0.68,0.3,0.016,0.5,0.6,0.6,True,0.0632901260496565,0.000883605131899251,0.0632901260496565,2,0.1143846176832253,0.002381980238305115,0.1143846176832253,2,,,,0,0.39719691440729765,0.004002186565157021,0.39719691440729765,2,0.46493362576290054,0.00185913744317272,0.46493362576290054,2,0.6540291968060061,0.0024353583417829044,0.6540291968060061,2,0.0683493937755682,0.0016173958899753204,0.0683493937755682,2,0.0,0.0,0.0,2,1.0,0.0,1.0,2,0.0,0.0,0.0,2,0.0,0.0,0.0,2
square_vn,ql,alpha_async,order_ba,fixed,0,0,0.68,0.0,0.016,0.5,0.6,0.6,False,0.19318420830641259,0.0033526934700839335,0.19318420830641259,2,0.5217403976402932,0.00011035126684912384,0.5217403976402932,2,,,,0,0.2477175327156259,0.005684484714567135,0.2477175327156259,2,0.2534094011153357,0.008488384483687146,0.2534094011153357,2,1.1206000902979674,0.020740693604484956,1.1206000902979674,2,0.0755886895696811,0.0015684992768239382,0.0755886895696811,2,0.46836402166707924,0.0028959586416594366,0.46836402166707924,2,1.0,0.0,1.0,2,0.0,0.0,0.0,2,0.0,0.0,0.0,2
square_vn,ql,alpha_async,order_ba,fixed,0,0,0.68,0.0,0.016,0.5,0.6,0.6,True,0.07638303894685095,0.002292156590979649,0.07638303894685095,2,0.13792550412837146,0.0045136605976689725,0.13792550412837146,2,,,,0,0.4121749279309028,0.020081599926057448,0.4121749279309028,2,0.380964058647864,0.02720070022438093,0.380964058647864,2,0.7489104777940478,0.01753470100157538,0.7489104777940478,2,0.08033585190885939,0.0017295624353489975,0.08033585190885939,2,0.0,0.0,0.0,2,1.0,0.0,1.0,2,0.0,0.0,0.0,2,0.0,0.0,0.0,2
square_vn,ql,alpha_async,order_ba,fixed,0,0,0.68,0.3,0.016,0.5,0.6,0.6,False,0.18556259089890584,0.012302096613711481,0.18556259089890584,2,0.515798239150908,0.011394515420851625,0.515798239150908,2,,,,0,0.26097111258935046,0.001848299112782004,0.26097111258935046,2,0.25033016914818224,0.024613078069581035,0.25033016914818224,2,1.0687579874896946,0.07806813710487878,1.0687579874896946,2,0.07717179743987986,0.0001392556027548128,0.07717179743987986,2,0.4688195468592724,0.006250663397796825,0.4688195468592724,2,1.0,0.0,1.0,2,0.0,0.0,0.0,2,0.0,0.0,0.0,2
square_vn,ql,alpha_async,order_ba,fixed,0,0,0.68,0.3,0.016,0.5,0.6,0.6,True,0.06705312651076209,0.005144285947035137,0.06705312651076209,2,0.1214488644415968,0.009370325278045662,0.1214488644415968,2,,,,0,0.4324501165519621,0.016032547771713052,0.4324501165519621,2,0.3999178437282255,0.001903985231037322,0.3999178437282255,2,0.6816464162490545,0.04061584781889787,0.6816464162490545,2,0.07377272536309576,0.003282107584900222,0.07377272536309576,2,0.0,0.0,0.0,2,1.0,0.0,1.0,2,0.0,0.0,0.0,2,0.0,0.0,0.0,2
square_vn,ql,alpha_async,order_ba,plastic,0,0,0.68,0.0,0.016,0.5,0.6,0.6,False,0.19426456805271908,0.0011891042227344507,0.19426456805271908,2,0.5231745452167709,0.0029223639088698937,0.5231745452167709,2,,,,0,0.22912640985863114,0.00041957443422393375,0.22912640985863114,2,0.2302189820917096,0.0014078380297072345,0.2302189820917096,2,1.1217245960256366,0.013025954528016475,1.1217245960256366,2,0.07358669744804835,0.00531994469747933,0.07358669744804835,2,0.46501979760828493,0.0001762218564444114,0.46501979760828493,2,1.0,0.0,1.0,2,0.0,0.0,0.0,2,0.0,0.0,0.0,2
square_vn,ql,alpha_async,order_ba,plastic,0,0,0.68,0.0,0.016,0.5,0.6,0.6,True,0.07708411132277304,0.00014864104833188185,0.07708411132277304,2,0.14066940687208307,0.0024231251162442563,0.14066940687208307,2,,,,0,0.4049978222312389,0.010217373841948492,0.4049978222312389,2,0.3892912590982257,0.007614773711765701,0.3892912590982257,2,0.75876212665564,0.0009458673489346891,0.75876212665564,2,0.08249702559484445,0.0019676741426174877,0.08249702559484445,2,0.0,0.0,0.0,2,1.0,0.0,1.0,2,0.0,0.0,0.0,2,0.0,0.0,0.0,2
square_vn,ql,alpha_async,order_ba,plastic,0,0,0.68,0.3,0.016,0.5,0.6,0.6,False,0.18292455252735274,0.004361404191188819,0.18292455252735274,2,0.5125700060763865,0.0032304932431637045,0.5125700060763865,2,,,,0,0.2673491407966731,0.02136892111381363,0.2673491407966731,2,0.25835412934762964,0.004017693511034465,0.25835412934762964,2,1.0576531626009835,0.02556887942443876,1.0576531626009835,2,0.0761171167676796,0.0008995522381416495,0.0761171167676796,2,0.47209890754438166,0.0036631240881541877,0.47209890754438166,2,1.0,0.0,1.0,2,0.0,0.0,0.0,2,0.0,0.0,0.0,2
square_vn,ql,alpha_async,order_ba,plastic,0,0,0.68,0.3,0.016,0.5,0.6,0.6,True,0.06519361586209815,0.0014118777170774497,0.06519361586209815,2,0.1173749407784615,0.0031631661880162656,0.1173749407784615,2,,,,0,0.4522499452138232,0.003303796693623383,0.4522499452138232,2,0.40560547140289427,0.024436514874911636,0.40560547140289427,2,0.6712348816203637,0.00816275656459696,0.6712348816203637,2,0.07318334359655396,5.890448596413678e-05,0.07318334359655396,2,0.0,0.0,0.0,2,1.0,0.0,1.0,2,0.0,0.0,0.0,2,0.0,0.0,0.0,2
